Time_s,h1_ref,h2_ref,h1_real_pid,h2_real_pid,h1_measured_pid,h2_measured_pid,v1_pump,v2_pump
0.0,12,16,12.262967519550699,12.783158403008974,12.135954765064552,12.989326306643738,3.0,3.0
0.2,12,16,12.262137306348226,12.783785376050828,12.391341959543455,12.63208396482728,2.9,3.1
0.4,12,16,12.259655773562836,12.785661701111035,12.290768185003948,12.89274885915809,2.7999999999999994,3.2000000000000006
0.6000000000000001,12,16,12.255536488350808,12.78878051691803,12.18224508057361,12.753403750164038,2.6999999999999997,3.3000000000000003
0.8,12,16,12.250205771071014,12.79313517131063,12.095206828672962,13.016709673516425,2.6995614180646297,3.4
1.0,12,16,12.245188230738185,12.798722381381872,12.240291475270938,12.784792242658778,2.6460766494706904,3.5
1.2000000000000002,12,16,12.238655251222328,12.805537721438897,12.199338733475571,12.862521486847223,2.546076649470691,3.5999999999999996
1.4000000000000001,12,16,12.23081584727973,12.813574545521384,12.293235842971576,12.928105961765015,2.5280336472905653,3.6999999999999993
1.6,12,16,12.222617420476295,12.82282851235486,12.345921888026936,12.77874831352455,2.437238247546365,3.799999999999999
1.8,12,16,12.213493122583724,12.833294531057179,12.14352923528265,12.741296027571709,2.461042757541055,3.899999999999999
2.0,12,16,12.205890694217082,12.844970810947277,12.14838441920589,12.92547702827217,2.561042757541055,3.9999999999999987
2.2,12,16,12.200017539770558,12.85785890517793,12.202953834471753,12.958618641882932,2.63137444087636,4.099999999999998
2.4000000000000004,12,16,12.193792494036199,12.871958337544251,12.269784926165492,12.77076837500077,2.5313744408763603,4.1999999999999975
2.6,12,16,12.187588151557245,12.887264515056643,12.10700762002829,12.763743744693265,2.62563016562644,4.299999999999997
2.8000000000000003,12,16,12.1823837495737,12.903777121026069,12.13223139091403,12.853373922517918,2.588553559198349,4.399999999999998
3.0,12,16,12.175876890924354,12.921492481233491,12.2264526741835,13.017552178944232,2.529773274263366,4.4999999999999964
3.2,12,16,12.16878407052486,12.94040534430748,12.198311406966784,12.90399820330257,2.450546501013827,4.599999999999994
3.4000000000000004,12,16,12.161281573333028,12.960510950079742,12.224279223437007,13.024128181610802,2.5124056831432133,4.699999999999995
3.6,12,16,12.155532435855589,12.981808704970849,12.143602578381902,12.95281038073036,2.612405683143213,4.7999999999999945
3.8000000000000003,12,16,12.151574753040215,13.004300326133796,12.113039785495236,12.905162400373873,2.702864395727172,4.899999999999993
4.0,12,16,12.149295690878192,13.027987280360987,12.091565562528276,13.020898822263435,2.8027689687412947,4.999999999999993
4.2,12,16,12.148597536693398,13.052871044536131,12.14729591818338,13.095597989413921,2.827591373289942,5.0999999999999925
4.4,12,16,12.14703871833553,13.078949870633556,12.169254482542351,12.866052556013354,2.727591373289942,5.199999999999992
4.6000000000000005,12,16,12.144895974209339,13.10621795546738,12.020802040313901,13.004258259032834,2.775917527983783,5.299999999999992
4.800000000000001,12,16,12.144076782230272,13.134674149818673,12.245958656443907,13.064854471003262,2.778029387010917,5.399999999999991
5.0,12,16,12.14232161517278,13.164316047798813,12.043593402039514,12.958636089117551,2.7318588573559315,5.4999999999999885
5.2,12,16,12.140030898394869,13.195138766908956,12.183217529213364,13.170826856224041,2.6425546477717243,5.599999999999987
5.4,12,16,12.137092060448163,13.227137249614236,12.105151091293465,13.158181812580937,2.6830815648064728,5.699999999999987
5.6000000000000005,12,16,12.135811418184137,13.26031035962616,12.122989546646943,13.318728076065586,2.7483865535645444,5.799999999999985
5.800000000000001,12,16,12.135783085446139,13.29465894197949,12.080668812397107,13.250766985305024,2.843505347226737,5.899999999999984
6.0,12,16,12.136668035392551,13.330183083702678,12.14474576213884,13.281702753415052,2.7929602641884714,5.998154664232023
6.2,12,16,12.136556352338266,13.36625097016351,12.137164872612654,13.432957397262502,2.786922984499416,6.000001743040966
6.4,12,16,12.137837361610698,13.402236088563297,12.011019232982648,13.207808128434825,2.886922984499416,5.999996596361371
6.6000000000000005,12,16,12.139593486441797,13.43814053920681,12.183601386350738,13.496779269170712,2.8049140275752507,6.000005034710583
6.800000000000001,12,16,12.139887020705572,13.473962227144126,12.2666540778328,13.329640422234492,2.7049140275752506,6.00000585769915
7.0,12,16,12.138706603640507,13.509697240534349,12.146037729740373,13.543931522743192,2.604914027575251,6.000008024554529
7.2,12,16,12.136181698660257,13.545341744088061,12.210259644069994,13.668417278866736,2.5518831694458823,5.999999997210905
7.4,12,16,12.133997609415456,13.580894107705767,12.167214379927415,13.507201176708968,2.590408808250996,5.999999999990811
7.6000000000000005,12,16,12.132698354152572,13.616356135864885,12.16030227588221,13.686643488942297,2.636300693718851,5.9999999999998925
7.800000000000001,12,16,12.131211955613967,13.651729161385129,12.282513976690723,13.63874322061747,2.541170862874391,5.999999999999979
8.0,12,16,12.129650936699045,13.687011547399761,12.024599921000574,13.86692846729884,2.624864538296892,6.0
8.200000000000001,12,16,12.129921026298664,13.722206135021871,11.938388920455191,13.730653853541988,2.7248645382968926,6.0
8.4,12,16,12.131419806583247,13.757317218042223,12.34513080987196,13.923163913817023,2.7042063735546527,6.0
8.6,12,16,12.132031594653878,13.792344599698612,12.126237028660073,13.602988261333,2.6956652623050488,6.0
8.8,12,16,12.132961178410202,13.82728774711459,12.36482838707301,13.781245403360074,2.6389039174181437,6.0
9.0,12,16,12.132469681203881,13.862145018664114,12.245986875206532,13.923274582947961,2.538903917418144,6.0
9.200000000000001,12,16,12.130929834714895,13.896912719030711,12.077367965707351,13.8859329318796,2.5426481582528884,6.0
9.4,12,16,12.130835288727498,13.931591349225869,12.241306971331952,13.855406933700252,2.642648158252888,6.0
9.600000000000001,12,16,12.131689924405471,13.96618472632653,12.1107852155312,13.985901914445842,2.623259305799578,6.0
9.8,12,16,12.13159292354359,14.00069257051408,12.243003777039222,14.168033936411597,2.5234723123365446,6.0
10.0,12,16,12.131001292642592,14.035112097022509,12.095209624186348,14.027357728782688,2.5793241872555006,6.0
10.200000000000001,12,16,12.132148068246421,14.069445406914786,11.918917550333186,14.307450130342653,2.679324187255501,6.0
10.4,12,16,12.13509641132084,14.103697113248073,12.115722415538418,14.316404719806423,2.763477616477823,6.0
10.600000000000001,12,16,12.139405591392695,14.137871208047676,11.895959611787084,14.117568932658527,2.851642428810203,6.0
10.8,12,16,12.144758398172813,14.171971244362112,12.106458859668354,14.258916128669478,2.8174556888566045,6.0
11.0,12,16,12.148906769119794,14.205996429346857,12.02093590457877,14.201377661945862,2.7768708108204097,6.0
11.200000000000001,12,16,12.15400517295079,14.239945801554127,12.193345025768663,14.360223981723854,2.8577376552074645,6.0
11.4,12,16,12.158943342255562,14.273821529841564,12.102430229342444,14.246520401202483,2.758037419847901,6.0
11.600000000000001,12,16,12.162346910396177,14.307620671529172,12.211452985895074,14.035117998724239,2.6580374198479007,6.0
11.8,12,16,12.164219255640694,14.341339225292257,12.227381299432697,14.378493640325875,2.558037419847901,6.0
12.0,12,16,12.16501780299435,14.374973423675238,12.012336314801484,14.306065895309699,2.5625016933011877,6.0
12.200000000000001,12,16,12.167102698094746,14.408523727074284,12.171541325623094,14.613052653605969,2.6058786949135824,6.0
12.4,12,16,12.169294670886899,14.441992149671977,12.175537615620748,14.445915758949466,2.643097292400883,6.0
12.600000000000001,12,16,12.171571341539837,14.47537944654118,12.227875778547434,14.540743668643723,2.5506135729242367,6.0
12.8,12,16,12.172632960586373,14.508683312849316,12.13330586470075,14.574222858893291,2.537789820217295,6.0
13.0,12,16,12.174918565113117,14.541903671509235,12.215928800589042,14.539234505615866,2.619587100175615,6.0
13.200000000000001,12,16,12.17707856055122,14.575043013925034,12.297276392282125,14.630078942453997,2.520420860736387,6.0
13.4,12,16,12.177764282420457,14.608098516528823,12.157892659473644,14.729699316370482,2.459688715369751,6.0
13.600000000000001,12,16,12.178892799599584,14.641068526323824,12.285469502216257,14.718764728387802,2.492672074655041,6.0
13.8,12,16,12.179347825990153,14.673953659159354,12.260860967338395,14.54641310804375,2.3953742818984263,6.0
14.0,12,16,12.178703394458141,14.706750949219236,12.181081847504531,14.631380569626899,2.3512090124940404,6.0
14.200000000000001,12,16,12.178674812905877,14.739459510936689,12.003889060252579,14.681516885877496,2.4509105607524098,6.0
14.4,12,16,12.180432976629366,14.772083039535772,12.184389786708511,14.648052130851598,2.5509105607524094,6.0
14.600000000000001,12,16,12.183876662904192,14.804626202897749,12.196386459195288,14.704189719938503,2.609015496874973,6.0
14.8,12,16,12.186965325862936,14.837091226464802,12.21792645120949,14.854352604385966,2.5247051605967585,6.0
15.0,12,16,12.188627003392076,14.869475281741098,12.313917030694064,14.673374979824258,2.424756663663135,6.0
15.200000000000001,12,16,12.189906511750443,14.901775311838895,11.981158260488671,15.031922232688874,2.4921917641409568,6.0
15.4,12,16,12.192918676471528,14.933993760091571,12.114269656796505,14.928234980920337,2.5921917641409564,6.0
15.600000000000001,12,16,12.197700843330775,14.966135305972644,12.143537107898663,15.005419836388747,2.692191764140957,6.0
15.8,12,16,12.203313667720797,14.998203991162415,12.223776525975255,15.217371939026531,2.642469781610209,6.0
16.0,12,16,12.207466448854603,15.030198497784601,12.286015177727473,14.970926148213096,2.5424697816102095,6.0
16.2,12,16,12.210057676751457,15.06211476783666,12.399172674046243,14.958697241853626,2.44246978161021,6.0
16.400000000000002,12,16,12.21134692673591,15.093948836032352,12.130236599221002,15.133206829145324,2.4208403175537545,6.0
16.6,12,16,12.213204987643715,15.125700036689992,12.332184966800938,15.08844585316408,2.4020524085358956,6.0
16.8,12,16,12.213779670095155,15.157367768417087,12.364666463680798,15.092019357894943,2.302052408535896,6.0
17.0,12,16,12.21414612893429,15.188949165538839,12.146494916773259,15.13061245631235,2.3819521831726562,6.0
17.2,12,16,12.216265872713679,15.220447042407523,12.111108013756787,15.176120567764592,2.481952183172656,6.0
17.400000000000002,12,16,12.219886010541835,15.251866043949407,12.158567405918985,15.328030456982603,2.502452837084027,6.0
17.6,12,16,12.22254232873688,15.283207155057232,12.365847547942487,15.32746553726614,2.4024528370840272,6.0
17.8,12,16,12.22363389324501,15.314418582960641,12.185414632291534,15.465807939047119,2.3024528370840276,5.972333503017809
18.0,12,16,12.223163329944452,15.345138239597746,12.335102667267993,15.339439560033796,2.202452837084028,5.998236892453913
18.2,12,16,12.221231054736768,15.376222153269856,12.341437856738926,15.320612287756212,2.150259300353328,5.999999994829102
18.400000000000002,12,16,12.218617492272204,15.407214909991037,12.327409647499385,15.362507142726843,2.0609314708330375,5.999998666907699
18.6,12,16,12.215419697256275,15.437769393233447,12.086971686731172,15.561604889296913,2.1130701722126237,5.926012113018263
18.8,12,16,12.213896614569462,15.46701958328189,12.277914709867373,15.548541872365487,2.2130701722126234,5.826012113018264
19.0,12,16,12.21413168027406,15.495340820886527,12.016824102643467,15.448723450480799,2.313070172212623,5.840364843573329
19.200000000000003,12,16,12.216119081224733,15.5245269579793,12.309535151664424,15.565270436592455,2.412735643026552,5.889307421126121
19.400000000000002,12,16,12.218934454805641,15.55307806598845,12.175454596096984,15.635561516895349,2.40246558158808,5.7893074211261215
19.6,12,16,12.22132679183523,15.581294988864634,12.187000503342707,15.41726695944846,2.351021800168998,5.867369496567179
19.8,12,16,12.223754998659855,15.610206127178659,12.16101869955239,15.547786122791926,2.4032667622797037,5.8448668456519535
20.0,12,16,12.22695894166031,15.638172507998302,12.232049923655461,15.557690453093318,2.428309355677441,5.8240929644987505
20.200000000000003,12,16,12.22964579247572,15.665923767017171,12.23667079137034,15.799223933826413,2.3311212140190816,5.750990035882081
20.400000000000002,12,16,12.231612183909842,15.692454635228033,12.227636575603894,15.558891617333853,2.3755059394187374,5.703458186369948
20.6,12,16,12.233697386451274,15.718632529915777,12.332889965325661,15.747483014673673,2.2865556003385143,5.6385523716816355
20.8,12,16,12.234192257395591,15.7435234375481,12.488269114488666,15.70794506846883,2.1865556003385147,5.547682179284315
21.0,12,16,12.233829710698455,15.76799794970581,12.117344517055686,15.624970333119697,2.219740411276159,5.571527390193597
21.200000000000003,12,16,12.235014278149539,15.792985948642402,12.204053621185592,15.766096827771074,2.3197404112761606,5.647191130604992
21.400000000000002,12,16,12.237928776916771,15.818281853373973,12.303981582370124,15.719372284809912,2.4197404112761602,5.625082957471627
21.6,12,16,12.242566042658833,15.842727867684955,12.166012676807197,15.891081142786481,2.51974041127616,5.5258410886803935
21.8,12,16,12.248193194241068,15.865859618638972,12.18382230639369,15.988402082387111,2.4882189565603086,5.425841088680394
22.0,12,16,12.252395042665274,15.887678701615917,12.24730279301593,15.97129252150876,2.388218956560309,5.325841088680394
22.200000000000003,12,16,12.254974065784179,15.90899439240053,12.29178403107318,15.78656541105787,2.2882189565603075,5.386573517549748
22.400000000000002,12,16,12.255936847088813,15.930795510541019,12.292194852959204,16.032672123996445,2.188218956560308,5.341756477643106
22.6,12,16,12.255286288462917,15.951368991795988,12.347677965730268,16.109993391428592,2.088218956560308,5.241756477643106
22.8,12,16,12.253021560432295,15.970617398389585,12.350208223989537,16.030472538393557,1.9882189565603086,5.141756477643106
23.0,12,16,12.249882653513968,15.988539441572282,12.326487693983927,15.913861582381255,2.021640497439075,5.041756477643107
23.200000000000003,12,16,12.247965387424253,16.005142691501835,12.371917633447687,15.974643732049243,2.0455747404764644,4.952349518581228
23.400000000000002,12,16,12.246740498925394,16.020604697120874,12.280261312519453,16.127578874470494,2.143085494319924,4.856149834148626
23.6,12,16,12.247124514034006,16.03475549251982,12.254285278596182,16.19818888940782,2.1998820013649834,4.756149834148626
23.8,12,16,12.247640009733288,16.04759982934398,12.190786910328862,16.171266610049518,2.1958233472208697,4.656149834148627
24.0,12,16,12.248359055083174,16.059417399567735,12.398142186401206,15.934845914742143,2.2184230552205824,4.649965653033563
24.200000000000003,12,16,12.249477996143966,16.072090249572057,12.280164478489363,15.94434799182652,2.242365653708827,4.7499656530335645
24.400000000000002,12,16,12.250754543360129,16.08585632950777,12.26448126153497,16.01975900057137,2.234245591803034,4.789320561127965
24.6,12,16,12.251294639454478,16.099591039689304,12.326991633919839,16.00416033759891,2.150156325931117,4.834715592270102
24.8,12,16,12.250296994725717,16.114435086066667,12.303465886674733,15.990827416983693,2.050164019398227,4.934715592270102
25.0,12,16,12.249059993451112,16.130400039508253,12.219891006303241,15.985566901998912,2.133170563703966,4.989972833328573
25.200000000000003,12,16,12.249503596828895,16.145826091481055,12.27655359311095,16.069021158268097,2.2278023691360764,4.890243105446308
25.400000000000002,12,16,12.251534697140325,16.16056930270735,12.065198928538718,16.000644736034857,2.3271197410114017,4.928330496869119
25.6,12,16,12.254867828560652,16.175142916119263,12.333552463391253,16.219546163437524,2.3317966429753576,4.830030294331605
25.8,12,16,12.257730559861749,16.188417290046633,12.100486355657678,16.196479994954146,2.3640305819250296,4.7300302943316055
26.0,12,16,12.261839815978266,16.200506456771308,12.320871670888618,16.15841015212291,2.389562098368646,4.65736069927256
26.200000000000003,12,16,12.264938372606379,16.211881119123138,12.299167986031614,16.11017288754808,2.2895620983686444,4.613122164772658
26.400000000000002,12,16,12.266372047485056,16.22232788088541,12.272296085938185,16.160592343336308,2.189562098368645,4.514108087784703
26.6,12,16,12.267111914764962,16.231477791731468,12.172104984963454,16.312424173169134,2.242293822288393,4.414108087784704
26.8,12,16,12.269415013214633,16.239335165291124,12.30714599832649,16.414803498470295,2.3422938222883927,4.314108087784704
27.0,12,16,12.272440048418156,16.247061779133553,12.362049985105694,16.08548539361752,2.2931094215987855,4.405945117858985
27.200000000000003,12,16,12.273905924970144,16.256009083387415,12.283989227331103,16.16370557160556,2.2078135902406397,4.505945117858986
27.400000000000002,12,16,12.27417011968076,16.266172981302812,12.223573159735261,16.24019971701144,2.1222309133995814,4.605945117858986
27.6,12,16,12.27354582658077,16.276753087910496,12.237248813065895,16.110442266260105,2.1191262812168983,4.546823796909145
27.8,12,16,12.272146491489412,16.286388192433023,12.256213619267477,16.143178656982084,2.020785053295832,4.545191064240712
28.0,12,16,12.269970491957793,16.29645463015405,12.159455735004936,16.295214240991672,2.065951597238189,4.52515667956235
28.200000000000003,12,16,12.269341607841543,16.3057103042266,12.1937830380836,16.26827694638699,2.1659515972381906,4.521286440193
28.400000000000002,12,16,12.270379491929571,16.315336683261236,12.200842382523652,16.31354105321579,2.2659515972381903,4.494414021268131
28.6,12,16,12.272747288494193,16.323839711346587,12.311198755812681,16.387706697784584,2.3120280043411663,4.3944140212681315
28.8,12,16,12.274614574232263,16.331055265707462,12.349082663502891,16.37051040132218,2.2169192367068886,4.294414021268132
29.0,12,16,12.274914234027884,16.336982438489063,12.286294032656725,16.67970250495725,2.1366075306225767,4.194414021268132
29.200000000000003,12,16,12.273757383611937,16.341622604196594,12.335629367540694,16.350984216138617,2.0368110581927206,4.1037188881142965
29.400000000000002,12,16,12.272224210288783,16.346096063321742,12.15822126258604,16.261117548189226,2.113724530314982,4.150775953553062
29.6,12,16,12.272173163957117,16.35016157398283,12.241871638539031,16.444821794550762,2.154920016496373,4.054350278269768
29.8,12,16,12.27189627002695,16.353292129430578,12.157079516476728,16.397076036074022,2.1781090199397872,4.035426926956686
30.0,12,16,12.273014216199613,16.357062987370696,12.233290612117582,16.267615907219284,2.278109019939787,4.135255935011833
30.200000000000003,12,16,12.275578006347292,16.36206594885962,12.29320782427649,16.245027584857702,2.317124378038583,4.235255935011835
30.400000000000002,12,16,12.277302894714195,16.3682999682005,12.294951955810765,16.3403554844145,2.2172549959932923,4.335255935011834
30.6,12,16,12.277493400878582,16.375730731737473,12.229031666795741,16.331285118289877,2.1740073927379346,4.410849920407969
30.8,12,16,12.277139020232767,16.38406627574628,12.33377177517124,16.24791040337853,2.104500303121017,4.507895315158374
31.0,12,16,12.275316063623446,16.392692547122923,12.345863479061961,16.361566092432152,2.0045862625391115,4.43633203998086
31.200000000000003,12,16,12.272469669065648,16.40004471695227,12.304567225198364,16.48135704628366,2.0280250468956242,4.336332039980858
31.400000000000002,12,16,12.271044048861913,16.406192129165223,12.18514862573239,16.32999257883497,2.128025046895624,4.290129438790937
31.6,12,16,12.271040264455525,16.411814527996906,12.346328455618401,16.355190403485885,2.1529871983088467,4.205034315990406
31.8,12,16,12.271523393985587,16.41615866878354,11.985293604010101,16.383890520868185,2.2438262490316254,4.105034315990406
32.0,12,16,12.273456232718623,16.4192233306304,12.29691574435159,16.527294812805582,2.276658113648406,4.0050343159904065
32.2,12,16,12.274427925354246,16.421055082009737,12.337066976494045,16.36019803597882,2.1766581136484047,3.9416112400395003
32.4,12,16,12.273706476616209,16.423280941103883,12.251068612596136,16.334729337680816,2.076658113648407,4.041611240039498
32.6,12,16,12.27139920876721,16.426385862934193,12.314233243012808,16.426344714886515,2.008843097602737,4.045946244864876
32.800000000000004,12,16,12.267994847785701,16.428606206145183,12.38192107505756,16.467650600673586,1.9228184246035565,3.9460816809659516
33.0,12,16,12.264597750645871,16.429666414169628,12.1977509568284,16.386719290704058,2.018815636222915,3.909521542643429
33.2,12,16,12.262842488437597,16.43056326956703,12.185935068308023,16.513904180452563,2.1188156362229162,3.8496330066827813
33.4,12,16,12.26272241364381,16.43065724843893,12.181142472987743,16.491997126018052,2.218815636222914,3.8363597811883112
33.6,12,16,12.264231698880211,16.431163785091385,12.216167074402644,16.453781449471343,2.3188156362229155,3.9007385942228496
33.800000000000004,12,16,12.267366943038647,16.43146326163893,12.183113953264165,16.53270844214852,2.4188221364427274,3.8020081332587363
34.0,12,16,12.270538751575938,16.43049975555257,12.276960707080864,16.56750489645545,2.3238859479470046,3.7020081332587385
34.2,12,16,12.272639917445542,16.428817302928596,12.191533936314636,16.38216033071241,2.348001194054024,3.7336986874018394
34.4,12,16,12.275313338886356,16.428236546220678,12.258727675985561,16.52253446231215,2.3088596092484797,3.829895730101048
34.6,12,16,12.276435440702842,16.427597772778377,12.27213161856729,16.460491166648612,2.212004894137159,3.7298724507136916
34.800000000000004,12,16,12.275999283783413,16.42620548369798,12.312923449113514,16.4328358839646,2.1181912857681504,3.758499953840157
35.0,12,16,12.275468952229014,16.425895764434994,12.100645036591407,16.33581066916766,2.2140450450500513,3.858499953840155
35.2,12,16,12.2758969056693,16.426825752905387,12.1908811891909,16.48026873570108,2.1868198653442636,3.9584999538401564
35.4,12,16,12.274856073871327,16.428821788054382,12.344275733109246,16.532634265203633,2.086819865344266,3.9849262566414927
35.6,12,16,12.272132848805615,16.43064318003193,12.357906890704118,16.455478109073884,1.9868198653442644,4.0236076072012965
35.800000000000004,12,16,12.2691540152492,16.43303098887791,12.263141880979722,16.343652477790286,2.0715625922806447,3.9979520537837248
36.0,12,16,12.2668056928991,16.43513380452755,12.436874309631076,16.31831367114319,2.0157665502720805,4.027050148782528
36.2,12,16,12.263462401616037,16.436853565562775,12.228999420437846,16.45256665624273,2.0359057408160766,3.931828958962181
36.4,12,16,12.260580232136308,16.438117471333527,12.447327458377245,16.47060087686592,1.9870272316849231,3.9938908504356103
36.6,12,16,12.256603978948087,16.43998575257813,12.088076240205835,16.498329724581076,1.993710053159306,3.958346985391711
36.800000000000004,12,16,12.253916877623531,16.440701150642198,12.176628924273105,16.345568859257135,2.0937100531593074,3.8583469853917096
37.0,12,16,12.252348209214025,16.441110562250802,12.302813445029884,16.303836018158,2.0814956823662154,3.9341845536282825
37.2,12,16,12.249513190241666,16.442734924230326,12.316660640277284,16.46747344403743,2.029547515360686,4.034184553628283
37.4,12,16,12.246148153420032,16.44468160250152,12.362296932098742,16.67054759656228,1.9585534652659489,3.9642712993328466
37.6,12,16,12.242775338349059,16.445444775550897,12.049206717142454,16.42648324951572,2.0563336004040575,3.912046908778304
37.800000000000004,12,16,12.241049757514153,16.446498032687618,12.130828198866134,16.43301887919636,2.156333600404059,3.9294003256222014
38.0,12,16,12.24096646070333,16.446710789205152,12.097845856693734,16.551354212696083,2.256333600404057,3.8294003256222036
38.2,12,16,12.241934004728828,16.446538580833213,12.273154359842366,16.31362324710586,2.238047047971882,3.89700981790183
38.400000000000006,12,16,12.241485868603844,16.44692431389842,12.37267712369547,16.553783324440747,2.1380470479718805,3.8528498624350775
38.6,12,16,12.239347643890499,16.446135192096982,12.354213397826433,16.59494087988593,2.0380470479718826,3.7528498624350797
38.800000000000004,12,16,12.236511783462944,16.44412879146782,12.185515470507188,16.482137332675016,2.092524347265919,3.695355588668294
39.0,12,16,12.234563430305464,16.441466098289215,12.441335228172951,16.550438851657646,2.066643313413066,3.606699970430364
39.2,12,16,12.23119793547823,16.43843379454818,12.394021726042988,16.372643701034946,2.002057832063116,3.6756257054665555
39.400000000000006,12,16,12.227208533623028,16.436608825343495,12.226614249640997,16.379069191425202,1.944573669076149,3.775625705466557
39.6,12,16,12.222677475294208,16.436017310897654,12.335770351887211,16.39587514742784,1.96503874336595,3.875625705466555
39.800000000000004,12,16,12.219161932301523,16.43663689585888,12.25477659033704,16.361204400093037,2.064314943359174,3.955811125559509
40.0,12,16,12.217296646675418,16.43703547012086,12.213896636434674,16.404717254111908,2.1643149433591717,3.858086553009397
40.2,12,16,12.215556583226203,16.436163184290482,12.426729239900217,16.616545003606845,2.073415535534641,3.7580865530093956
40.400000000000006,12,16,12.212616901806992,16.434019006314465,12.178356331108771,16.550216500046538,2.081549588053507,3.6580865530093942
40.6,12,16,12.210340471804916,16.43150568370438,12.33911858450551,16.417860005783474,2.0594168029762416,3.7274183376672547
40.800000000000004,12,16,12.206626328481795,16.430203218420456,12.317227444942237,16.40926755554382,1.9594168029762402,3.827418337667256
41.0,12,16,12.202793033559022,16.42984231416939,12.196289365504818,16.32905280644715,2.0530957573752913,3.830791568917741
41.2,12,16,12.200604150974376,16.42854300981254,12.153649201637299,16.64306060543348,2.1530957573752927,3.7307915689177396
41.400000000000006,12,16,12.19929487351333,16.4259766145225,12.316147947675228,16.382490904808932,2.1182891460549107,3.630791568917738
41.6,12,16,12.196871560745993,16.42311700998673,12.14656381635325,16.335028365638948,2.1170497039687497,3.706797165501677
41.800000000000004,12,16,12.195658036048568,16.421484394569624,12.033143086322584,16.454178397877858,2.217049703968751,3.8067971655016786
42.0,12,16,12.196041876810055,16.42047167223971,12.170148502002792,16.460133831645393,2.2864234352034005,3.7672020752116984
42.2,12,16,12.197098023768941,16.418329624193678,12.177557982079732,16.72131635433613,2.348263391960145,3.667204935518424
42.400000000000006,12,16,12.1981879630274,16.41494110990282,12.200400347079091,16.444894329580233,2.2673934487528498,3.584232477626954
42.6,12,16,12.197671986113614,16.411756179049995,12.1572710212561,16.18961516804804,2.1675638469164595,3.684232477626952
42.800000000000004,12,16,12.195697878559617,16.409819866225426,12.205668955637673,16.16921953282652,2.1076670691442647,3.7842324776269534
43.0,12,16,12.192598134518596,16.40884741939369,12.216844946576508,16.555420297617246,2.021754329347485,3.7899965898835077
43.2,12,16,12.189529875902078,16.406954079930664,12.202990688764794,16.5633556125573,2.1184829294044847,3.6899965898835063
43.400000000000006,12,16,12.187392240416912,16.403793972405694,12.213067576109882,16.49005129243877,2.088176236437098,3.589996589883505
43.6,12,16,12.184734343843468,16.400458745191656,12.064974790936015,16.355483929905745,2.141045160315774,3.6762908521360913
43.800000000000004,12,16,12.1832557946514,16.397872923209192,12.237296065415295,16.59512721888317,2.1475079069716387,3.651056283611774
44.0,12,16,12.180703137279984,16.3948224485856,12.158735593061234,16.3456484485161,2.1071380078583,3.6919731504210556
44.2,12,16,12.177977405307233,16.392908046083402,12.214108489042808,16.419186293102793,2.0646515266982464,3.791973150421057
44.400000000000006,12,16,12.17547355928352,16.392236592109477,12.139424397746298,16.342631654127853,2.1619339975520275,3.8919731504210584
44.6,12,16,12.173827296458153,16.392726438215117,12.388567317191187,16.484412296229475,2.1240524153117213,3.9409061323808086
44.800000000000004,12,16,12.17112239623257,16.39264271203876,12.027355115307175,16.4063692425299,2.1288892610938075,3.840906132380807
45.0,12,16,12.169688283610206,16.39129074526596,12.004819268543914,16.483005439546602,2.2288892610938054,3.7409061323808093
45.2,12,16,12.169469030151863,16.38871356999099,12.288593782334685,16.406045144480043,2.2281645074145886,3.674586194723318
45.400000000000006,12,16,12.168032488052939,16.3865203810142,12.259473899012454,16.165902840408748,2.1684892497486374,3.7745861947233195
45.6,12,16,12.166686257912975,16.385475527264507,12.118072450478218,16.425726126367714,2.160109217967051,3.8180702893946337
45.800000000000004,12,16,12.16558287654842,16.383815933095068,12.00000301051594,16.345218804117003,2.2548198409796743,3.725147035904811
46.0,12,16,12.166114334657692,16.38138993957193,12.116091893742801,16.381394575646336,2.354819840979672,3.6870130291648007
46.2,12,16,12.167141028398909,16.379309254812167,12.101447896337973,16.34093854119515,2.28967426941998,3.7847703426967123
46.400000000000006,12,16,12.16652581337801,16.378029278087208,12.13782171759642,16.396457745475836,2.1896742694199784,3.765235912273093
46.6,12,16,12.165581570585157,16.37621165806757,12.11966480939609,16.24074815280814,2.2703807670450926,3.7933214921941305
46.800000000000004,12,16,12.165494525819597,16.37441084306704,12.155369028328762,16.319917326127662,2.2347843032562147,3.7084710917162247
47.0,12,16,12.164324039355312,16.372210275558782,12.196431995650888,16.263065216135175,2.2239893065301226,3.773184328130346
47.2,12,16,12.164073116996601,16.370832837398154,12.168680014773328,16.623171765764702,2.312534102817844,3.76179371668217
47.400000000000006,12,16,12.16374649808334,16.36875277327404,12.186851149702559,16.238343674434436,2.214709662435299,3.760908679229648
47.6,12,16,12.16173227579559,16.367604327037157,12.154775458612233,16.36134894760837,2.1147096624353012,3.860908679229646
47.800000000000004,12,16,12.158934133120445,16.367700322632075,12.027369842674313,16.267617658947803,2.161209220401188,3.9609086792296475
48.0,12,16,12.157672366831253,16.36802994843801,12.067485973867557,16.499615362090264,2.2612092204011858,3.881501611564501
48.2,12,16,12.157972659320711,16.36711150666888,12.133442973112759,16.41142966465088,2.3220202842757804,3.7815016115644995
48.400000000000006,12,16,12.159275834793863,16.365794781420224,12.068986496966598,16.395689073216275,2.417848399548307,3.846651004813049
48.6,12,16,12.160897588625382,16.364954063060914,12.254387842451237,16.262764761049574,2.3399572669187125,3.7930489337680964
48.800000000000004,12,16,12.161058493579727,16.36395240011111,12.12425590571961,16.311081828035586,2.31082197826244,3.8734610122789177
49.0,12,16,12.160811491155735,16.363427611860967,12.328514696785547,16.508779032823888,2.2301848666538,3.817543680622247
49.2,12,16,12.159212517661613,16.36170275018347,11.999757680732564,16.422017014077746,2.2174067636399726,3.7175436806222457
49.400000000000006,12,16,12.158340372368864,16.35871853674967,12.23455170608331,16.350694619103432,2.2213339196273583,3.6175436806222443
49.6,12,16,12.156265132629272,16.35484025911645,12.167733912444977,16.386113586756306,2.1527685085873984,3.625016040290215
49.800000000000004,12,16,12.15464385272906,16.35118018736787,12.109224286726898,16.445093214299582,2.2527685085874,3.5689123205039914
50.0,12,16,12.153987334206933,16.346327116934656,12.021060521561427,16.56693782378505,2.2262734732407137,3.4689123205039936
50.2,12,16,12.152352368246637,16.340374950317912,12.04040059750435,16.355927659269216,2.235843202335843,3.4387922566968174
50.400000000000006,12,16,12.152001642800707,16.335152073855152,12.119733371487479,16.249329906671036,2.3358432023358446,3.538792256696819
50.6,12,16,12.152843168551216,16.33119294345403,12.15148224779034,16.203667252108946,2.333830089359545,3.6387922566968167
50.800000000000004,12,16,12.152386504138892,16.328097918161657,12.355885604713844,16.52976896178961,2.2338300893595435,3.6263289928794973
51.0,12,16,12.150238774729788,16.324323320354704,12.151673368187225,16.258834797448646,2.1404781727296527,3.6297269102364393
51.2,12,16,12.146617221439527,16.321244635509206,12.268454289039395,16.404936611341945,2.046895324771364,3.6383202109018833
51.400000000000006,12,16,12.141702610943096,16.31772592019423,12.138925107486932,16.220821496094473,2.0433119152035992,3.658731369100235
51.6,12,16,12.137990673499683,16.314990592946014,12.147952201146486,16.396304921568856,2.143311915203597,3.667129601805019
51.800000000000004,12,16,12.1350705014477,16.311896965460125,12.296424783067117,16.361592783583514,2.1000643951861426,3.6975231109814026
52.0,12,16,12.130970782909063,16.309899049960862,12.131468829113622,16.23167382377974,2.0939284489891934,3.7975231109814005
52.2,12,16,12.12805799840029,16.309146967779487,12.021673404108821,16.102239940544624,2.193928448989195,3.897523110981402
52.400000000000006,12,16,12.12680220795351,16.309642151239228,12.011505609256883,16.17191540238779,2.2939284489891962,3.9913808559171264
52.6,12,16,12.126245830000762,16.31005679758284,12.250285322075786,16.470718483003363,2.242307716347765,3.8913852060950886
52.800000000000004,12,16,12.124278363914094,16.309222980188817,12.073213781634987,16.30247136862179,2.2056718353739293,3.8113433886824897
53.0,12,16,12.123184219973309,16.307455795965122,12.045420713045218,16.476872948323127,2.305671835373927,3.7185566928157336
53.2,12,16,12.122668016108873,16.30443582580295,12.19147973242126,16.267649156665076,2.261601841373455,3.6185566928157322
53.400000000000006,12,16,12.121238866301839,16.301007634673244,12.174390597750328,16.274982088584302,2.2166325442209147,3.6826093218321225
53.6,12,16,12.12008254527744,16.29879499856516,12.025483491483646,16.195915232645024,2.3017966698894368,3.7826093218321204
53.800000000000004,12,16,12.120493805668799,16.297819752758542,11.990720817739144,16.307165610685157,2.401626215424234,3.857404507447308
54.0,12,16,12.122548510924974,16.296553062146348,12.043166173965052,16.404718683927147,2.5016262154242317,3.75740450744731
54.2,12,16,12.125299369930245,16.294869683185343,12.244371476353683,16.187835792827904,2.451413784654108,3.8198165607806835
54.400000000000006,12,16,12.12646313581668,16.29385620811026,12.040722975949723,16.467678272719436,2.3514137846541066,3.7874670724808355
54.6,12,16,12.125940658446579,16.29173372304009,12.186382256956449,16.258263048464244,2.2514137846541087,3.6874670724808376
54.800000000000004,12,16,12.12381045635115,16.28944179286387,12.051141615401953,16.155115998454857,2.1944994465856964,3.77349044571855
55.0,12,16,12.121968929693649,16.288366192547397,12.054852017974406,16.224249975144875,2.2220470678640143,3.842631767084138
55.2,12,16,12.120881392600142,16.28692968183388,12.05988112873616,16.380346902022794,2.3202513662885207,3.7426317670841365
55.400000000000006,12,16,12.1205093767057,16.284580539077997,12.141563501442027,16.34115364309787,2.2708850484712757,3.7468752685543003
55.6,12,16,12.11859335339856,16.282877159247118,12.025509181630913,16.26706964617306,2.198692518296938,3.7458187246608596
55.800000000000004,12,16,12.115611379900036,16.28022327290491,12.225112735021183,16.40807670340843,2.1100146049933595,3.645818724660858
56.0,12,16,12.112095890299209,16.276702428179185,11.854211684213285,16.247366821164405,2.175673598414705,3.657820636542609
56.2,12,16,12.110136673630718,16.273907495159623,12.09626164666772,16.385590415716074,2.244149253985941,3.66270863556066
56.400000000000006,12,16,12.108015711035238,16.27075905172105,12.073640976828829,16.319362649737975,2.234688841523689,3.6957540236267956
56.6,12,16,12.105703639759273,16.26872464749945,12.191698542842415,16.112910591409648,2.1553449488482435,3.7957540236267935
56.800000000000004,12,16,12.101736503925306,16.267713943391456,12.31617914137936,16.379641672189635,2.055344948848242,3.810931962349808
57.0,12,16,12.096660823191078,16.266135836475698,11.980231603719169,16.25083049434701,2.0711810132098227,3.8060155507504834
57.2,12,16,12.092952825720847,16.265457087683416,12.098599978414745,16.198968127487227,2.171181013209824,3.906015550750485
57.400000000000006,12,16,12.090568720722626,16.26602629322889,12.295588241491389,16.248172398263034,2.18086709797344,4.006015550750486
57.6,12,16,12.087208015066789,16.266700215206747,12.1756036043334,16.342756890799386,2.147517796393909,3.915336882671447
57.800000000000004,12,16,12.084015490040919,16.26611127761561,12.146602207582925,16.21825592705542,2.112829687987561,3.8153368826714456
58.0,12,16,12.080915429035553,16.265175996546027,11.907218407918833,16.167295936895854,2.2078186494946626,3.88625983032421
58.2,12,16,12.079474328230152,16.265084532513082,11.850810427995055,16.164223659893953,2.307818649494664,3.876186659601425
58.400000000000006,12,16,12.079687513359927,16.26399125634108,12.054645911632242,16.279419960138597,2.4078186494946654,3.7761866596014237
58.6,12,16,12.079987869448706,16.261832942121327,12.171270837583032,16.301344077853937,2.3143820648198625,3.7216438067836735
58.800000000000004,12,16,12.078655076359524,16.259744940503506,12.180905596394608,16.290596106167104,2.2483263697243645,3.7746072364648007
59.0,12,16,12.077824580736896,16.258642850707115,12.00031088843146,16.320752543054684,2.3483263697243624,3.8746162061419196
59.2,12,16,12.078152622646455,16.258438096086426,12.126812329271301,16.3762692707299,2.3393773938816036,3.867382539046676
59.400000000000006,12,16,12.078234082918506,16.25734337278938,11.991590200858592,16.312755060158455,2.400900783116561,3.8149873653319375
59.6,12,16,12.07938769597991,16.255558543298818,12.15545779003869,16.338096206180808,2.3899923281960618,3.7193987189060187
59.800000000000004,12,16,12.079184636278477,16.25346064171066,12.085769853548506,16.250542789091146,2.2899923281960604,3.7918630624325846
60.0,12,16,12.078066533707215,16.252540065280755,12.106753837350505,16.264299078856833,2.325462362898631,3.8493467416508125
60.2,12,16,12.078248024504203,16.251918180541754,12.048025862168046,16.2070965153302,2.3597986726507356,3.9062431335334526
60.400000000000006,12,16,12.077506088175484,16.25184981355041,12.244922298903317,16.33156037316946,2.259798672650734,3.885832348652671
60.6,12,16,12.075094283414684,16.251841108616176,12.20790918322214,16.23733558851275,2.1597986726507363,3.93816718550207
60.800000000000004,12,16,12.072055780755809,16.251596988669682,12.061731178103177,16.203086074391546,2.217691908696618,3.8418057218997093
61.0,12,16,12.07060360814319,16.25099453031655,11.932363152137444,16.229563394126718,2.3176919086966157,3.911203072635219
61.2,12,16,12.070571511639168,16.25148133574415,12.07182917337066,16.155242214165167,2.342098134509943,3.9450823257108603
61.400000000000006,12,16,12.070001808404264,16.251275460677483,12.00164411328722,16.283781629443258,2.350557414010392,3.845082325710859
61.6,12,16,12.069863244111549,16.250278425240367,12.13964791050914,16.263852034216008,2.3057318364588446,3.828553730948974
61.800000000000004,12,16,12.06817487342163,16.248876127784527,12.155691043339191,16.212172859656206,2.205731836458843,3.7682408848371374
62.0,12,16,12.065163642355326,16.247636667352428,11.959601510189021,16.23606524067893,2.1974659293902703,3.862553730997252
62.2,12,16,12.063066405862362,16.246560256200958,12.189168118210388,16.404533756253223,2.2187218768257657,3.776575395472823
62.400000000000006,12,16,12.060456858731486,16.244909383042003,12.049020135411054,16.120326121079664,2.233580277120927,3.8234355878135506
62.6,12,16,12.059202811719116,16.244064714329518,12.011683240221123,16.456183843635717,2.333580277120925,3.81647320246728
62.800000000000004,12,16,12.058860833382559,16.242525655023286,12.11432179564852,16.217247582224825,2.300279344660338,3.8120810132428926
63.0,12,16,12.057028063255576,16.24115400436936,12.065952352390548,16.37080617220985,2.20027934466034,3.7577291325176936
63.2,12,16,12.054548742025077,16.23862661536672,12.009588391947057,16.19605763133538,2.257459759363504,3.691354142793548
63.400000000000006,12,16,12.053252477132917,16.23615127813617,12.02477024625898,16.302828699467405,2.260657161645156,3.72152985813462
63.6,12,16,12.051291011396176,16.233825698941843,12.051322124831733,16.177769755344702,2.277631086109182,3.7314664844361647
63.800000000000004,12,16,12.049289278502275,16.230982202021156,12.096907847399091,16.301969998149797,2.1940939271845363,3.6351239221147065
64.0,12,16,12.046799572210023,16.227983531917726,12.127445601981757,16.139229563377754,2.2624644717448215,3.7221798299046416
64.2,12,16,12.04591901897882,16.226052980598404,11.872114613158281,16.2278826332983,2.362464471744823,3.7455731876831857
64.4,12,16,12.046686873652032,16.224374571269717,11.979889481465152,16.238721059387952,2.4624644717448243,3.8260540726762957
64.60000000000001,12,16,12.049062540516696,16.223259039312342,12.040359749780494,16.241923858398117,2.5415926136266145,3.7776825946862678
64.8,12,16,12.052277596300167,16.221375403438987,11.985587593485809,16.239106679754144,2.5842651774619756,3.7888535262593885
65.0,12,16,12.055021220173069,16.220353338628957,12.18335205293987,16.149307461107796,2.485238046693807,3.8506537952785234
65.2,12,16,12.0560856915769,16.219056555019147,12.053493980701395,16.211820461211907,2.3951999541365496,3.75324669762443
65.4,12,16,12.057291863843506,16.216622251069342,12.032802976714924,16.34131397316289,2.4951809339345616,3.7057932677061647
65.60000000000001,12,16,12.05865303087547,16.214208306763833,12.075064420535602,16.306077207132205,2.406285057489551,3.71681035356118
65.8,12,16,12.058332580510784,16.211241521987283,12.198704627373575,16.405700917881852,2.3062850574895566,3.617757355681218
66.0,12,16,12.056326296547201,16.207468368100727,12.028629060412394,16.1262039925747,2.206285057489555,3.636625490903014
66.2,12,16,12.052640659640904,16.204745085291613,12.061734759652259,16.1173761699901,2.1062850574895537,3.736625490903015
66.4,12,16,12.048742093622236,16.203272176458988,11.843725535464008,16.16841493333108,2.193324052207427,3.8366254909030166
66.60000000000001,12,16,12.04649857352071,16.203050472345367,12.103307867110214,16.053805135081628,2.2864448171231855,3.936625490903018
66.8,12,16,12.045580042148146,16.20408237867506,12.093498464965563,16.13816974803349,2.372192107617431,4.036625490903012
67.0,12,16,12.04584467464543,16.20636921673839,12.01139332818212,16.116718391965005,2.365496718406984,4.134010383573751
67.2,12,16,12.044923455414988,16.208668379271625,12.038867407837687,16.122808147211448,2.289904860001795,4.037832427606149
67.4,12,16,12.044281928707235,16.209708967109655,11.931084618986988,16.19793938629789,2.3885331213789467,3.937832427606147
67.60000000000001,12,16,12.04524304051541,16.2094962452939,12.127123474538427,16.209475714880472,2.4517738533505766,3.8378324276061457
67.8,12,16,12.04658698853015,16.208843041862853,12.015261267404796,16.21971076928565,2.478872347591067,3.896308133786467
68.0,12,16,12.047490255415278,16.209380112149255,11.976515454453201,16.099881660824263,2.3832255383148473,3.9962622900313916
68.2,12,16,12.048202305191955,16.211040052703538,11.950290529981734,16.059119701343267,2.471440212770361,4.030666840741013
68.4,12,16,12.049727381777334,16.21201632192471,12.217966191382159,16.23485738722462,2.4291655815602256,3.9306668407410115
68.60000000000001,12,16,12.049718697401953,16.21175758262571,12.109093118192579,16.21047686234626,2.329165581560224,3.852987120475664
68.8,12,16,12.0480395286883,16.21176382035784,12.218297990359707,16.17624079711308,2.22916558156023,3.9529854959672432
69.0,12,16,12.044698955447762,16.212167174718836,12.14298124856139,16.358907704772953,2.1291655815602284,3.8881573077107987
69.2,12,16,12.040305112658777,16.21149462552462,12.003566130863538,16.143783276300756,2.149813220250411,3.857511312654595
69.4,12,16,12.03731757276138,16.21137907671964,12.139841191748813,16.23595958475497,2.2498132202504126,3.8873993817405186
69.60000000000001,12,16,12.03599408634203,16.21053469662312,12.023402637615277,16.26149351224892,2.349813220250414,3.787399381740517
69.8,12,16,12.036134206087674,16.20843849997782,12.152493691709157,16.275759204072745,2.3823548142977864,3.687399381740523
70.0,12,16,12.036574621163771,16.205414090331384,11.81476582294368,16.242020515762057,2.455937332550152,3.6777031368252935
70.2,12,16,12.038156716178664,16.203214420947628,12.15068977812389,16.11935900270118,2.449587624992498,3.7774496097150374
70.4,12,16,12.038422130919454,16.201691368271966,12.03265575654404,16.29969522404672,2.354666162053765,3.740437763824653
70.60000000000001,12,16,12.037906097683221,16.19926336964812,12.139501907987468,16.164463008228914,2.343503690023185,3.7241545331425514
70.8,12,16,12.036945827398798,16.1976720490539,11.983730552424285,16.23822925002281,2.3120411177838336,3.8241545331425457
71.0,12,16,12.036532646841744,16.19631041448876,11.99179630810972,16.281066369984078,2.4112369789798174,3.7430969745549922
71.2,12,16,12.037531747461808,16.193712327857366,12.070625932567044,16.215085170893165,2.435986663656168,3.643096974554991
71.4,12,16,12.037489856291392,16.19014097344146,12.223226538337563,16.25313354566047,2.3359866636561666,3.635110888273532
71.60000000000001,12,16,12.035763926308745,16.187461270381363,12.029204264441574,16.148950157572703,2.235986663656165,3.7351108882735335
71.8,12,16,12.033296074362722,16.18603783412054,12.02868029777592,16.153339427605477,2.285540763926137,3.835110888273528
72.0,12,16,12.03238290670214,16.185542738693197,11.956393236967457,16.173230151587653,2.3855407639261386,3.833002203690583
72.2,12,16,12.03312552649807,16.18438476539318,11.887933696621637,16.167957653358215,2.48554076392614,3.828647195863331
72.4,12,16,12.03551868991755,16.184151078212977,11.902300114816121,16.202553747681463,2.5855407639261414,3.9286471958633324
72.60000000000001,12,16,12.038461084054106,16.185185728948678,12.061088649254613,15.972523140174612,2.5227610396723072,4.028647195863334
72.8,12,16,12.039791478839087,16.186839574529934,12.273625050355019,16.344530154063907,2.422761039672313,3.985404609189432
73.0,12,16,12.03945550025423,16.18734112987169,12.098523944018684,16.218128351040168,2.3227610396723115,3.8854046091894308
73.2,12,16,12.037452272697063,16.18658626966583,12.076773969680954,16.332119412267016,2.22276103967231,3.7854046091894293
73.4,12,16,12.033781226482983,16.18492305196864,12.19636041781781,16.12818534084358,2.1227610396723087,3.791126020666315
73.60000000000001,12,16,12.029541526206474,16.184229366933227,11.953053010016381,16.05983321895948,2.1849002985939485,3.8911260206663165
73.8,12,16,12.026911763545748,16.184069957807253,12.048357982860637,16.039186362465877,2.284900298593943,3.859192367864654
74.0,12,16,12.02570757443084,16.183992460043612,12.13229773436572,16.26773234548228,2.309163042638922,3.9277279785959527
74.2,12,16,12.023481572082993,16.183796055219368,12.169346005809443,16.267962471089714,2.2091630426389206,3.8315956849491797
74.4,12,16,12.021016894613991,16.18234098686056,11.856597518001498,16.26500799361167,2.29431542313729,3.7315956849491783
74.60000000000001,12,16,12.020018394673116,16.18061397464965,12.136978888908692,16.0133974837301,2.3283654637124505,3.8084618077225674
74.8,12,16,12.018096440175443,16.179972971144814,12.232556915646748,16.159277177194213,2.228365463712456,3.8381887663726966
75.0,12,16,12.014652512139174,16.179131548619388,12.113999531947771,16.08309583449903,2.186408065717904,3.868192008758907
75.2,12,16,12.012035608346356,16.178716535951274,11.964426282348098,16.33003420427436,2.2864080657179056,3.8221121069534814
75.4,12,16,12.011080029618487,16.17714135641505,12.035020048754557,16.213815200823202,2.386408065717907,3.733918876710255
75.60000000000001,12,16,12.01024560248745,16.17483282474955,12.122967429671077,16.170702671797752,2.294622307611083,3.684961985145727
75.8,12,16,12.007918651353124,16.172073439456465,12.004953374744963,16.273782886495912,2.2606057173898404,3.6724043859613205
76.0,12,16,12.00529454833557,16.169876441307977,12.075655554790098,16.002378505026577,2.190581237857519,3.7721556295237835
76.2,12,16,12.00252978165546,16.168933246006976,11.954487667016432,16.120039816929282,2.2796541292075574,3.872155629523785
76.4,12,16,12.001401695269324,16.16906192541718,12.115876897293044,16.09279415270021,2.35605621669119,3.9099747152707307
76.60000000000001,12,16,12.001410032199132,16.1686082918791,12.051569555606275,16.17783758660807,2.4464105652878496,3.8110857371776308
76.80000000000001,12,16,12.002699712168122,16.167447255652103,12.027585890700598,16.21612514315646,2.4523717067452435,3.836901936590183
77.0,12,16,12.003936223102874,16.167332868365378,11.840959614122536,16.09848466755734,2.5189970286215897,3.9366877054055145
77.2,12,16,12.00678321242124,16.168484148301424,11.98988452364282,16.045435713084657,2.618997028621591,4.036687705405516
77.4,12,16,12.010063602135322,16.170254476910813,11.920958633402995,16.128661983488122,2.5474907146138666,3.992995050572765
77.60000000000001,12,16,12.011707257977314,16.170877474805913,12.176991946182651,16.43828446243495,2.447490714613865,3.8929950505727637
77.80000000000001,12,16,12.012161212137471,16.170250780695433,11.8407881696062,16.247901502596502,2.4551553122890506,3.7929950505727623
78.0,12,16,12.01391140318415,16.168377097847543,12.02172195385604,16.3126503724843,2.554496160188123,3.692995050572768
78.2,12,16,12.015641719119838,16.165262176473046,12.100039550621261,16.338638407450865,2.4553738675604944,3.5929950505727666
78.4,12,16,12.015681070265535,16.160904822482138,12.04844621214867,16.325650862696897,2.355373867560493,3.492995050572765
78.60000000000001,12,16,12.014693494578854,16.15591899766512,11.888779237930734,16.20170173571565,2.3816878659781238,3.5331245577585033
78.80000000000001,12,16,12.015119030733358,16.15208816816639,11.817298084810936,16.08406688854791,2.481687865978125,3.6331245577585047
79.0,12,16,12.016672543431158,16.149527353710326,12.06427340100226,16.192683688064697,2.4706577392073212,3.733124557758499
79.2,12,16,12.01687369287917,16.1482335514728,12.046384247044317,16.153844902881048,2.37065773920732,3.8331245577585005
79.4,12,16,12.016168107820075,16.14810876365139,11.944733434665054,16.12597337578088,2.395344212248815,3.879484533470281
79.60000000000001,12,16,12.016074030060361,16.14740416476276,11.942637438455815,16.209185151922856,2.408950183201117,3.7794845334702796
79.80000000000001,12,16,12.015512878677399,16.14575766843836,12.065200709037036,16.09833027761495,2.339453168479222,3.7786208523097224
80.0,12,16,12.015129896366345,16.14505188378678,11.955966046400652,16.18005415681502,2.4371863776170524,3.8786208523097168
80.2,12,16,12.015625719104944,16.14530374610241,12.090416419630904,16.06926591175545,2.4002419507299995,3.8803335440168096
80.4,12,16,12.01461855326885,16.144752507103696,12.098396841483702,16.25671057065513,2.300241950729998,3.836877177040103
80.60000000000001,12,16,12.01281722776221,16.143549375328142,12.116798965126405,16.163136617136633,2.3450457593121166,3.738370156198152
80.80000000000001,12,16,12.011789837927697,16.14109343207948,12.146738071055745,16.356218033761984,2.3219540744323646,3.6383701561981505
81.0,12,16,12.009755877671171,16.13830511316439,12.097686561936628,16.15794456177909,2.2586757903455035,3.70945387298528
81.2,12,16,12.006820442073872,16.136746900384107,12.091360529486414,16.03482768616184,2.2153761862306784,3.8094538729852814
81.4,12,16,12.004367533860837,16.13644146072305,11.724609350120023,16.106858154590448,2.3151865252092847,3.909453872985283
81.60000000000001,12,16,12.003582611391149,16.13683884093915,12.097145622203907,16.08170662011575,2.415186525209286,3.8769256615898113
81.80000000000001,12,16,12.004070131500939,16.136944606206434,11.967757823021122,15.894185653791531,2.4341671019838924,3.938286284607206
82.0,12,16,12.003604245896389,16.13787557435005,12.180612270091888,16.1615276408438,2.3345420201091254,3.9272417027206865
82.2,12,16,12.001675994866808,16.137797671429762,12.084109776573966,16.270867175013557,2.303710769225343,3.827241702720685
82.4,12,16,12.000698716496439,16.13648980871445,12.036554264623124,16.10633543748728,2.4037107692253445,3.75614787251836
82.60000000000001,12,16,12.000144831801505,16.13552371765829,12.093205247238894,16.120433731242613,2.3315910376962052,3.8561478725183616
82.80000000000001,12,16,11.99822192170048,16.13581423137902,12.073861431723182,16.149357498161528,2.311255121989335,3.956147872518363
83.0,12,16,11.997366665360666,16.136507652544957,11.975033398775023,16.121157510066,2.4112551219893295,3.8915689731920957
83.2,12,16,11.998173862988953,16.13600908526307,11.924388452296625,16.096396840110852,2.511255121989331,3.817008655066803
83.4,12,16,12.000447668246522,16.134629517877435,11.840866681375399,16.194866014845967,2.556019305474918,3.7223402670459467
83.60000000000001,12,16,12.00196919296357,16.132324499165936,11.95672908174149,16.203898250389607,2.456140665252719,3.7225240388536953
83.80000000000001,12,16,12.001810427292884,16.130894527454792,12.216694949465197,16.16497259380892,2.3561406652527177,3.7728343225474212
84.0,12,16,12.000413647906758,16.130012564064028,11.85739641607571,16.016505766038122,2.3582092627901075,3.8591240216427187
84.2,12,16,12.000281022055812,16.129796677664864,11.930861808493814,16.2139075773128,2.458209262790109,3.8226812280621427
84.4,12,16,12.00063158519407,16.12853947145772,11.983524715010155,16.16473563363079,2.3903699990079286,3.762806876797994
84.60000000000001,12,16,11.999351687895775,16.126496750133153,12.201389518447684,16.209536644471584,2.290369999007927,3.6662578865951403
84.80000000000001,12,16,11.996687424672102,16.12425543265466,11.859582819883467,15.88273110100044,2.2736690090438705,3.7495277004800487
85.0,12,16,11.99511751398219,16.123254860047943,11.934080227224491,16.065166343943858,2.373669009043865,3.8353835725747514
85.2,12,16,11.994920961709084,16.122086127977457,12.006565604824969,16.26901815686005,2.401680758172391,3.73538357257475
85.4,12,16,11.994837237717753,16.120452405481977,12.006328812929748,16.14836241934371,2.4297241118871336,3.793422996174988
85.60000000000001,12,16,11.99420800571514,16.119830123685535,11.958140427189685,16.124005080523855,2.331557810064018,3.8150579738645245
85.80000000000001,12,16,11.992450199653494,16.118623928133616,12.043632504793026,16.110088349519085,2.3452920755227855,3.7683621641278724
86.0,12,16,11.992041248015568,16.116952991962087,11.997257916413131,16.151892211087542,2.44529207552278,3.718115067497116
86.2,12,16,11.99328266593729,16.11436246086469,11.892456031781302,16.1793755127617,2.5452920755227812,3.620322368326556
86.4,12,16,11.995489846434792,16.111666747079123,12.00199399838226,16.22675696910838,2.517878558068927,3.709923374115777
86.60000000000001,12,16,11.996231197894117,16.10902458908456,12.093867384712716,16.267028515577188,2.4178785580689257,3.6137778213924774
86.80000000000001,12,16,11.995290049067773,16.10609050963732,11.998237325069237,15.946170433328568,2.3178785580689243,3.6880765090381047
87.0,12,16,11.993303520937541,16.104395190871717,11.983592966760819,16.067021602532172,2.340760361492015,3.788076509038099
87.2,12,16,11.992730983966101,16.103957844709964,11.746052317074227,16.03098054136963,2.4407603614920164,3.8880765090381004
87.4,12,16,11.993602911759844,16.10456381683771,12.16463556870267,16.111239095541098,2.468348604139823,3.904887161537925
87.60000000000001,12,16,11.993976841421654,16.104347451944825,11.840759953943909,16.208956283508172,2.4770851745737485,3.8048871615379234
87.80000000000001,12,16,11.995371122503087,16.103104605322788,11.98798438361394,16.14032904358771,2.4938322126565566,3.788848839300225
88.0,12,16,11.995775926419805,16.10270401095637,11.981104855525816,15.925563881328461,2.4442769915569285,3.8888488393002194
88.2,12,16,11.995268454439396,16.102720598052482,12.174466966946511,16.187183341779466,2.3463252946467983,3.8250338084793247
88.4,12,16,11.993095280164262,16.10152286116831,12.066415272928417,16.263972476337912,2.246325294646797,3.7250338084793233
88.60000000000001,12,16,11.990666236524035,16.100177268393104,11.812621585030296,16.1734125690698,2.3304164795926545,3.813003052034497
88.80000000000001,12,16,11.989612175367176,16.099838833638664,12.097363656281273,16.109173562843328,2.3485991936136563,3.8247852745523874
89.0,12,16,11.987474136398786,16.0991444173352,11.985432496359358,16.12694855275076,2.248599193613662,3.851682417353165
89.2,12,16,11.983778549347237,16.098312010148934,12.089488398563413,16.243460420501638,2.1893415260721065,3.754543181336406
89.4,12,16,11.979058519035195,16.096355458612667,12.179918787801832,16.28612920040066,2.0931096494133823,3.720875834493338
89.60000000000001,12,16,11.974049998028265,16.09508516474901,11.913345450489011,16.156228546949393,2.1744974466165914,3.8208758344933393
89.80000000000001,12,16,11.970699640527819,16.0944477540951,12.020055067724428,16.065580987562228,2.274497446616593,3.780905327349971
90.0,12,16,11.969016031831378,16.093600433881857,11.893206991949278,16.115381736957964,2.374497446616587,3.8534008539919697
90.2,12,16,11.968997028793384,16.09378190373162,12.001857219470795,16.1355489178282,2.4744974466165885,3.872716993705293
90.4,12,16,11.970639247763904,16.093952338911112,12.02677513870234,15.983963942895869,2.574502414086548,3.931347723131378
90.60000000000001,12,16,11.972329135327167,16.09498775572914,11.976480471821924,16.068678721587816,2.477668032085181,3.9404852892660056
90.80000000000001,12,16,11.972355738096608,16.09643800791076,12.075109799877838,16.03855421048645,2.3776680320851797,4.036383822109117
91.0,12,16,11.97137060231779,16.098267392823736,11.998816288350065,16.085060930587527,2.401974054444949,3.9696664144285716
91.2,12,16,11.971541250060064,16.09942144733349,11.764261315277814,15.985085894613066,2.437867067896966,4.001343293251665
91.4,12,16,11.972535519448405,16.100663709582218,11.866051651927322,16.163025952304547,2.534562619160016,3.920778725785028
91.60000000000001,12,16,11.973975184122239,16.100960753877033,11.988333218660802,15.862973305958782,2.4637740026221513,3.9172025755847475
91.80000000000001,12,16,11.973785268601025,16.101830463249104,12.193798425007989,16.186326477654916,2.36377400262215,3.911442921299683
92.0,12,16,11.97193409027587,16.101859352241043,12.027984734289042,16.038224767465795,2.2637740026221556,3.877463472170381
92.2,12,16,11.969772676201774,16.101714882480234,11.90838554224852,16.182333301592497,2.3438198181776624,3.811767405708311
92.4,12,16,11.969257970408933,16.10035205605076,11.907665063597047,16.155893526135294,2.443819818177664,3.7117674057083097
92.60000000000001,12,16,11.970395002925518,16.097741612032433,11.894299691103909,16.120153558831557,2.5438198181776652,3.6117674057083082
92.80000000000001,12,16,11.97214515740006,16.093890381775196,11.97870346946202,16.189795537613712,2.4866942506646392,3.511793214723121
93.0,12,16,11.972738976324484,16.089982079252163,11.830552747232836,16.10208882343051,2.4916269700399236,3.6059239915309047
93.2,12,16,11.974598510933173,16.08734248705064,11.841675579033101,16.05858317554114,2.5893970321144657,3.705923991530906
93.4,12,16,11.977766705505509,16.085709953265543,11.877630021893204,16.16909994001284,2.6553050028046643,3.7140723808659803
93.60000000000001,12,16,11.982307173995897,16.083521270940995,11.858032379113142,16.107563827151875,2.7552865240261672,3.713918408310959
93.80000000000001,12,16,11.98721421156796,16.08166359848488,12.179043066209028,16.146061899025316,2.6805948560950283,3.671994508127871
94.0,12,16,11.990457159683826,16.079739664249658,12.080747434917326,15.984283571230963,2.580594856095034,3.755939454302333
94.2,12,16,11.992018714327441,16.079077385727373,12.039275373712968,15.95539146554677,2.4805948560950326,3.855939454302334
94.4,12,16,11.992029118087704,16.079546669051076,11.932505474324849,16.308149438579022,2.433922344123568,3.8914712596361785
94.60000000000001,12,16,11.992268011654946,16.079339685938887,12.057910104753137,16.185654578133768,2.4200257358693276,3.791471259636177
94.80000000000001,12,16,11.991318537731896,16.078163616915777,12.11163210865307,16.054050009887693,2.3798942938057905,3.7863983009050797
95.0,12,16,11.989784358820533,16.077380802989676,12.015114654505856,16.139780947015268,2.3044048044016967,3.7580608126303363
95.2,12,16,11.988296601238098,16.075503686497406,12.102033787414792,16.207888891979444,2.3982372748657133,3.658060812630335
95.4,12,16,11.987372474543928,16.072780138611034,11.99348621536594,16.04033157103695,2.3397731266982107,3.671559648256195
95.60000000000001,12,16,11.984890948995044,16.071080550921653,12.087787349879884,15.98877235699449,2.2398806176781902,3.7715596482561966
95.80000000000001,12,16,11.981543567703161,16.069731190071195,11.95703528609254,16.217336501342665,2.278280881288016,3.7020965242009933
96.0,12,16,11.979700741806678,16.067759882024657,11.837663824697215,16.094444873794536,2.3782808812880103,3.740954316100248
96.2,12,16,11.97951721096309,16.066930408154086,12.036248109853531,15.83631006962058,2.4782808812880117,3.8409543161002495
96.4,12,16,11.98099406766055,16.067363232458025,11.88141057054034,15.918300051099596,2.578280881288013,3.940954316100251
96.60000000000001,12,16,11.984132420611731,16.069061043969324,11.827222437725371,16.02115966339979,2.6782808812880146,4.040954316100252
96.80000000000001,12,16,11.988351096097288,16.07087461352232,12.024239422280209,16.11640429047108,2.660169336762137,3.9494169770854484
97.0,12,16,11.991176603958861,16.071446606914357,12.04685497539888,16.114006765559935,2.5601693367621428,3.849416977085454
97.2,12,16,11.992328712935352,16.070956103303473,12.17146810415469,16.102888715638173,2.4601693367621413,3.825835339466588
97.4,12,16,11.991811727755714,16.071246105110056,11.986823367517603,15.940557437369906,2.36016933676214,3.9258353394665892
97.60000000000001,12,16,11.989636621595345,16.0723742327188,12.105591634636726,16.172131441881454,2.2601693367621385,3.9108326777984264
97.80000000000001,12,16,11.986353036541324,16.07246601250757,11.968607299385772,16.22296645261566,2.232295234152648,3.810832677798425
98.0,12,16,11.983702019211252,16.071336856199164,12.03476654689999,16.081411356749157,2.330574140960692,3.7468678335945405
98.2,12,16,11.982670176003033,16.07061923102565,11.936952037286755,16.023396271856548,2.4020594458393223,3.846867833594542
98.4,12,16,11.981210021291584,16.07095695877575,12.052450749255348,16.205329673461122,2.3021524611020845,3.8668288494977623
98.60000000000001,12,16,11.978269870329441,16.0707919422722,12.02886828582731,16.111751144434326,2.267610269714633,3.8653093760802952
98.80000000000001,12,16,11.976248153483589,16.07098364762751,11.901157208490055,16.04757066756959,2.3676102697146346,3.8598152911211048
99.0,12,16,11.974796006666105,16.070591255825335,12.007249714978164,16.095348791612548,2.305213813296839,3.7849482862006494
99.2,12,16,11.973181157207074,16.069085654262146,11.792271330096463,16.246419116126056,2.3914224178223518,3.6849920283861803
99.4,12,16,11.973213383208495,16.066351558169224,11.966917184519474,16.12919107301964,2.491422417822353,3.611722452178514
99.60000000000001,12,16,11.974576921965914,16.062790952844434,11.887966151421914,16.331319577328504,2.504662285443546,3.5202400526138113
99.80000000000001,12,16,11.97478425627307,16.058819591844813,12.028446845718372,15.998342038803642,2.4046622854435444,3.5826981292067503
100.0,12,16,11.974732112425512,16.056069637061757,11.931708471402244,16.013676731664784,2.489595380714862,3.6826981292067447
100.2,12,16,11.97632064498046,16.054585928687985,11.98820078810469,15.924702261274025,2.5895521768685463,3.782698129206746
100.4,12,16,11.977949342349001,16.054369470070036,12.160458121713372,16.000863874835353,2.492741445637684,3.8826981292067475
100.60000000000001,12,16,11.9779113728984,16.055006134941433,12.134698606879173,15.986827910118771,2.3927414456376828,3.8686814767101794
100.80000000000001,12,16,11.976211301786586,16.05472006002069,12.050469481717574,16.045229245182625,2.2948284424134364,3.8244529713023017
101.0,12,16,11.974549197522355,16.055030984286176,12.012924861493621,15.967664249387493,2.3947805116923035,3.924452971302296
101.2,12,16,11.974558206199816,16.05636761754233,12.084000898598743,15.947890175371823,2.494780511692305,3.9390910899801623
101.4,12,16,11.976088743024398,16.057835402053534,11.958905497224574,15.997867543234282,2.561686621211266,4.014790276062811
101.60000000000001,12,16,11.977232933696506,16.059459779440967,12.097560030690733,16.043598745451444,2.4626331292164,3.928999634225203
101.80000000000001,12,16,11.976715101843423,16.06001686558428,12.030493963370539,15.951981582953799,2.3626331292163987,3.8907069154137197
102.0,12,16,11.975384156011943,16.06116504810272,11.86679714632491,15.935197930935573,2.405190014479341,3.990542366736603
102.2,12,16,11.975325241342937,16.0631005813519,12.07486283014044,16.09097096748463,2.425418607077797,3.9686543252889255
102.4,12,16,11.97472847114762,16.06472152815734,11.959803055231461,15.883614253843236,2.4368816283848607,4.023282891977416
102.60000000000001,12,16,11.975479558706965,16.06697361668,11.889058466427985,16.12014887190946,2.536881628384862,3.9898621634311784
102.80000000000001,12,16,11.977898052609588,16.068290895093877,11.848400666763414,15.977873127367445,2.6368816283848635,3.9650835080431435
103.0,12,16,11.981976556351304,16.06972069882018,11.856016650145758,16.09426341913586,2.736881628384858,3.9195838395905747
103.2,12,16,11.986553457786355,16.070188167875784,12.012348202977218,16.045786918051817,2.6703341770195235,3.8963558515550587
103.4,12,16,11.989501594734174,16.071447852054877,12.078354408944335,16.057594401670688,2.570334177019522,3.99635585155506
103.60000000000001,12,16,11.990785690964746,16.073969235050416,12.023812056655634,16.029321855339038,2.4703341770195206,4.096355851555061
103.80000000000001,12,16,11.990478239406192,16.07664211046596,11.956675657782975,16.17644270050956,2.4088622681113474,4.008942126786153
104.0,12,16,11.99075922288003,16.07820142231262,11.957185448866412,15.973745291568253,2.5088622681113417,3.975720347796925
104.2,12,16,11.99270828158602,16.08018370637753,11.787569111754758,16.06304845764746,2.608862268111343,3.9816334965126625
104.4,12,16,11.995650903517065,16.08126965306052,11.876157620997006,16.06472372322385,2.5821450111874533,3.881633496512661
104.60000000000001,12,16,11.997146665200392,16.081954497180238,12.162415411889256,15.908339656810222,2.482145011187452,3.945861774600543
104.80000000000001,12,16,11.996979518124279,16.08380609303361,12.032014588826037,15.9817542268413,2.3821450111874505,4.005766211406952
105.0,12,16,11.995232331152527,16.086102579938103,12.019805803474368,15.988997686895981,2.3162299941949205,4.075183209778226
105.2,12,16,11.993926352810943,16.088470975678142,11.858483866616554,16.148832754647845,2.4103949666063267,3.9842103507831705
105.4,12,16,11.994264753406178,16.089582916563227,12.062966486492195,16.105539917684442,2.5103427743286004,3.884210350783169
105.60000000000001,12,16,11.994785011208352,16.0894419205578,12.15498013072226,16.270901347080695,2.4217281626834843,3.7842103507831677
105.80000000000001,12,16,11.993653885930383,16.08827554979754,11.9586106810059,16.038038950956448,2.3392120220111337,3.7694442298089874
106.0,12,16,11.992797592751154,16.087951451652433,11.935150792386965,15.851017965217306,2.439209265073863,3.8694442298089817
106.2,12,16,11.993605017969003,16.088389527848996,11.931207508046883,16.27264974759876,2.5392092650738642,3.8437974289909644
106.4,12,16,11.99519380826444,16.087916395021345,12.056745792760116,16.016793731036017,2.4940970506466726,3.816274293843356
106.60000000000001,12,16,11.995236278565729,16.087898707026497,12.181864346221557,16.187098590724553,2.394097050646671,3.8193344995752243
106.80000000000001,12,16,11.993651812508755,16.08787806927078,12.016736205547204,15.9642456295108,2.324458644709756,3.890458212025276
107.0,12,16,11.992540210395754,16.089003114275407,11.901641826009422,16.143582982194484,2.4244586447097505,3.939946870362394
107.2,12,16,11.992743308633536,16.089572821269126,11.894990720347579,16.11299164067657,2.432206018619085,3.8399468703623927
107.4,12,16,11.991762764148383,16.088903612667394,12.199258938623181,16.03731261653248,2.3322060186190834,3.7525392106751814
107.60000000000001,12,16,11.989114898534865,16.087377320550793,12.008869306140442,16.175463199130196,2.232206018619082,3.6924064172794235
107.80000000000001,12,16,11.986215287101258,16.08606747846763,11.85148526893979,15.98200448282079,2.3165025745862318,3.790659368129868
108.0,12,16,11.98488424738998,16.085981080524537,12.052361206077258,16.08723459601734,2.370760184472059,3.8600425488358194
108.2,12,16,11.983109303761035,16.086698387810888,11.977004785048274,15.960062550492172,2.3359876440216114,3.952347012568374
108.4,12,16,11.982198335152503,16.08839032994562,11.969202789414247,16.194138789311687,2.4356867561853375,3.958863623104925
108.60000000000001,12,16,11.982391381526595,16.089792573461313,12.020483692298743,15.946976340969739,2.4193671030435886,3.998405822328635
108.80000000000001,12,16,11.9812234198714,16.091889271275736,12.05678483245,16.07522747661875,2.319367103043587,3.979471348385484
109.0,12,16,11.979490091288387,16.092929650424065,11.865253675257044,16.081852829522106,2.381022082510679,3.87947134838549
109.2,12,16,11.978922438245007,16.092711826735854,12.07408796714103,16.10774364199827,2.378064697748616,3.7794713483854885
109.4,12,16,11.977078821961172,16.09137323047954,12.101355879798096,16.085933548542933,2.2780646977486145,3.74487291244836
109.60000000000001,12,16,11.974681902623168,16.09015091529281,11.882603949728287,16.129342850500453,2.341574567534736,3.7430469376440922
109.80000000000001,12,16,11.973891961466078,16.089413535322432,11.930992795479742,16.13953662816482,2.4415745675347376,3.838185233395987
110.0,12,16,11.974764277399142,16.089932762005585,11.96628026386199,16.017522072400116,2.541574567534732,3.9381852333959815
110.2,12,16,11.976621010176423,16.09151052422804,11.960858823870748,16.064683920945424,2.5139053511211724,3.9656874073846455
110.4,12,16,11.977815303185185,16.092385920430033,11.994900210071597,16.189388341666575,2.5360105386315714,3.865847057584476
110.60000000000001,12,16,11.979730588946385,16.09201139417821,11.952935054696505,16.280712615062452,2.5720619170831713,3.7658470575844745
110.80000000000001,12,16,11.982424212455001,16.090391632688196,11.90229368397007,16.16833115164592,2.633482133469973,3.665847057584473
111.0,12,16,11.986437870877065,16.08753334333007,11.88252963761632,16.15731292312182,2.733008826712932,3.569729413306661
111.2,12,16,11.990934749027323,16.084730345890968,12.011058010345815,16.108565248754168,2.666861991476622,3.668577979369624
111.4,12,16,11.994037704647768,16.083201216281534,12.030441152994113,16.130909968193123,2.644115055664565,3.7685779793696255
111.60000000000001,12,16,11.997579397839823,16.082618871243476,11.90089310798903,16.07443787240878,2.640903993878926,3.767126621681001
111.80000000000001,12,16,11.999967628635376,16.081826620623772,12.180755505516986,16.108769163343943,2.540913291152154,3.819365222768301
112.0,12,16,12.000842392280004,16.08130711864601,11.864278721591388,16.115537851434887,2.503173819624474,3.7483061532658355
112.2,12,16,12.0022398111225,16.080260363886886,12.02724501689459,15.953739331328443,2.5125440494919147,3.79714377242208
112.4,12,16,12.002462451963746,16.080392584503173,11.985695045670226,16.04416618304921,2.4125440494919133,3.892705293756138
112.60000000000001,12,16,12.00168834637249,16.081227906878883,12.039367380248063,16.051436165706473,2.4390335616197936,3.9194225034606345
112.80000000000001,12,16,12.002183826009446,16.082886625714423,12.094040305826729,15.929255896128932,2.4745671866632133,4.01874117182933
113.0,12,16,12.002745244132054,16.08580030107514,11.868224374546015,15.914628840612062,2.5211272376130296,4.118741171829324
113.2,12,16,12.003212827280299,16.0892893797221,12.016047568876486,16.083034749904577,2.4256966527146586,4.0718014960882245
113.4,12,16,12.002858778497707,16.09160592911655,12.068860767232833,16.11527494317285,2.4667429119079314,3.971801496088223
113.60000000000001,12,16,12.00270637401807,16.092664297311735,12.129457064704269,16.007697499250806,2.388368035294036,3.8718014960882217
113.80000000000001,12,16,12.000911443769015,16.09246408926815,12.255193474038988,16.255138894223336,2.2883680352940345,3.7718014960882202
114.0,12,16,11.997877286903279,16.09119294727685,11.968916540577986,15.925029329648225,2.289303744794366,3.749603104237681
114.2,12,16,11.995947871518515,16.089992376018472,11.940092616279948,16.25111730659321,2.3289917392109043,3.6989637479094046
114.4,12,16,11.993161555372948,16.087915265072088,12.059497884606914,16.02250328573737,2.2289921686578804,3.6974714810682
114.60000000000001,12,16,11.990315657969642,16.086766378524374,11.784201489559347,15.980607506244109,2.325443319245727,3.7974714810682015
114.80000000000001,12,16,11.989135099795742,16.086213481152697,11.879378752420994,16.19792254478276,2.4254433192457285,3.7528295401119194
115.0,12,16,11.9894203530148,16.084677331451083,11.918441110871608,16.07194140662168,2.4573956988424173,3.7272373685682605
115.2,12,16,11.988755820820115,16.08326991582985,12.05060289402655,16.130070606404455,2.357395698842416,3.6848812782441613
115.4,12,16,11.987837317225315,16.081269870687603,11.942667060488697,16.12515668640388,2.4420164486729194,3.7180122528312767
115.60000000000001,12,16,11.988431934652267,16.079599469889203,12.096839180251727,16.228534843826818,2.4859526821930227,3.6593756789109912
115.80000000000001,12,16,11.989753769491488,16.077131057699706,11.835275073968383,16.139508450257765,2.5786246798025534,3.6715142321829384
116.0,12,16,11.992718914084321,16.07568873768773,11.90026222725814,16.05755848684183,2.6786246798025477,3.7715142321829327
116.2,12,16,11.996798982326949,16.074806648798614,11.957485273436989,16.156253352868628,2.6904750479788473,3.7210633896782936
116.4,12,16,12.001000665197163,16.07345775808967,11.944837915581376,15.986310523877073,2.7225403345574217,3.769827102362867
116.60000000000001,12,16,12.00464277921406,16.073298466748096,12.161990322577221,15.895857475726487,2.6228778236382477,3.8698271023628683
116.80000000000001,12,16,12.006610938768134,16.074004433013997,12.099869143932597,15.974068532063967,2.5228778236382463,3.8569169167420054
117.0,12,16,12.006910432308272,16.074180026447277,12.107543295256065,16.02863936625209,2.422877823638252,3.8807418559446347
117.2,12,16,12.005738285470576,16.074479664564464,12.002133918674604,16.170993510358162,2.3905477887211624,3.807045783663672
117.4,12,16,12.004267792580242,16.07354316826607,11.978391346825724,16.23189350570749,2.3184754113838832,3.7070457836636708
117.60000000000001,12,16,12.002401966157858,16.071349223913842,12.104829708151831,16.18031474602574,2.390946308730503,3.6070457836636693
117.80000000000001,12,16,12.00063978965147,16.06818642952937,12.119819806717313,16.212136491132824,2.300052313503675,3.602314677905585
118.0,12,16,11.997834914941384,16.065218695528248,11.955215035546562,16.32757221477313,2.322879855538041,3.551248941785456
118.2,12,16,11.995819982424653,16.061269617846843,12.138723066223198,16.039119195747784,2.301359712775928,3.530661397996404
118.4,12,16,11.992733729983549,16.058121269193673,12.011252163339377,16.02594910470446,2.292972190108707,3.6306613979964055
118.60000000000001,12,16,11.990817407854959,16.056227924573946,11.892085249566227,15.75923246852462,2.392972190108708,3.730661397996407
118.80000000000001,12,16,11.990561730218007,16.055568410708144,11.99028296855076,16.05748513249836,2.4929721901087096,3.803248573518007
119.0,12,16,11.990613916978061,16.055222612062735,12.143475607970855,16.057784650509195,2.412698237634279,3.8449738744794844
119.2,12,16,11.989019629788658,16.05602558126915,12.047980027889565,16.048919768311194,2.3126982376342777,3.9449738744794858
119.4,12,16,11.986231275379271,16.057535339530762,12.047387358939895,16.043556770258817,2.3175373739266623,3.9136895761634323
119.60000000000001,12,16,11.983765508484373,16.05792982007528,12.107926255062713,15.970262847200875,2.2643303310880256,3.813689576163431
119.80000000000001,12,16,11.981067159743873,16.057679964989603,11.86570071287642,15.975171144218406,2.3433117010224764,3.853896780032202
120.0,12,16,11.979793576166081,16.057597339363475,12.135234600415112,16.0222016667342,2.3694993110573854,3.778070216740796
120.2,12,16,11.978340271595046,16.05726801038374,11.988904601679803,16.03836450881228,2.409953956589602,3.8556277365441254
120.4,12,16,11.978054720864549,16.05699607826334,12.115252287788675,16.131463828845913,2.4181810949669416,3.7616800911500174
120.60000000000001,12,16,11.97707938978507,16.055785975787586,12.10559858768211,15.91732000072377,2.4267998344033477,3.761819274071246
120.80000000000001,12,16,11.977417424176592,16.055521313280924,11.90369345230547,16.001497621125814,2.526799834403349,3.8618192740712476
121.0,12,16,11.979131469754327,16.055932533205073,12.070506219681471,16.21596044153873,2.5440104230812444,3.8252801631462168
121.2,12,16,11.97974662241674,16.055337225765314,12.091708660833904,16.079958087979584,2.444010423081243,3.7862368456749955
121.4,12,16,11.979463245666233,16.055106629943875,11.868641169157222,15.996549962028093,2.4800116774754724,3.802038439642411
121.60000000000001,12,16,11.980670835384055,16.054987702200435,11.888524247021326,16.10269968900323,2.5800116774754738,3.8464366873762894
121.80000000000001,12,16,11.983537229102053,16.055805122640102,11.847478234446044,15.955078887568758,2.680011677475475,3.945896889836048
122.0,12,16,11.988063005849604,16.057889346543345,11.848933663798968,15.923683182665622,2.7800116774754695,4.045896889836042
122.2,12,16,11.992911799878511,16.060812867322113,12.275388926443336,15.9742076795734,2.700702496373504,4.029048702077931
122.4,12,16,11.996111855812586,16.062706635089118,12.088757360689769,16.118419866922526,2.6007024963735024,3.92904870207793
122.60000000000001,12,16,11.997644293648694,16.06335056748028,11.931641822151736,16.10689186854188,2.500702496373501,3.8290487020779285
122.80000000000001,12,16,11.997616137656086,16.062741972528478,11.906429719903393,16.137203978076293,2.4515145045248743,3.729048702077927
123.0,12,16,11.997208486576879,16.060981151801844,12.069435590274116,16.048335588274377,2.4008611733309086,3.6852801246361624
123.2,12,16,11.996186054607946,16.059828340713278,11.963066744192881,16.030047878198925,2.3995471361366714,3.785280124636164
123.4,12,16,11.996008317948355,16.059932167134047,11.888636003226836,16.045454602913022,2.499206470997346,3.8852801246361652
123.60000000000001,12,16,11.996888871117848,16.06077136868072,12.130173634716417,16.24604439057118,2.4784816291930176,3.856242747105492
123.80000000000001,12,16,11.996924678524906,16.060514525390015,11.854976820269894,16.25383718220971,2.494417704897435,3.7562427471054907
124.0,12,16,11.998323189076803,16.05900663467885,11.907846437059197,16.04260463743577,2.5944177048974293,3.6562427471054963
124.2,12,16,12.000837397643688,16.05625479282846,12.082452290315087,16.149373911879824,2.5816068488915165,3.556242747105495
124.4,12,16,12.002154251840198,16.053166539850597,11.983887441917155,15.9017796728804,2.5463707607443222,3.6260965288899043
124.60000000000001,12,16,12.002858171698849,16.05111246577118,12.13289602131633,16.07665635435866,2.456669920368397,3.6456334906884793
124.80000000000001,12,16,12.002366499105127,16.048721596227946,11.892517208422934,16.03982428719159,2.4637882894623373,3.6672799717896427
125.0,12,16,12.003169148758957,16.047396993640053,11.863840820013523,16.08634044105725,2.5637882894623316,3.758590090637554
125.2,12,16,12.005387887507657,16.045974763992753,11.986544087148081,16.143394293085997,2.5885218065540125,3.6585961138549443
125.4,12,16,12.006572576523995,16.043984089000674,12.067521667928288,16.081791306674948,2.488521806554011,3.705368100381161
125.60000000000001,12,16,12.006081771523272,16.042636625166597,12.14612899799241,16.111808292045954,2.3885218065540097,3.6755167927950754
125.80000000000001,12,16,12.003920577157519,16.04099255244064,12.086956844951324,15.923106721484368,2.2885218065540083,3.7355365841438823
126.0,12,16,12.000218298421018,16.040549175292632,12.129137389750735,15.894738745986427,2.2415847069421733,3.8355365841438767
126.2,12,16,11.997289860337224,16.04119910538256,11.91540134649074,16.150214103152415,2.3415848268019928,3.8656347916888203
126.4,12,16,11.996034608569188,16.04133135315659,11.789412425482087,16.125511063860742,2.441584826801994,3.847865533153066
126.60000000000001,12,16,11.99644685244247,16.04227488262322,11.910260191934977,15.906597691646095,2.5415792441952982,3.93825797768454
126.80000000000001,12,16,11.99692598544146,16.04436091245957,12.181082066234755,15.752432584269107,2.4453735417731166,4.03802710598266
127.0,12,16,11.995754934456174,16.047529163946777,12.234094852929472,15.986920381893555,2.3453735417731223,4.0646183132189195
127.2,12,16,11.992939542888767,16.049990699745955,12.071046685833378,15.996225992204192,2.245373541773121,4.006793179524177
127.4,12,16,11.989801189562625,16.052912387428965,12.029850533614367,15.748005422496355,2.3234221679002194,4.106793179524178
127.60000000000001,12,16,11.988331634815195,16.056370781138455,11.962397745392797,16.02297574806103,2.423422167900221,4.0567354549682095
127.80000000000001,12,16,11.987753141526836,16.058644895941082,12.111951305885265,16.003035166914916,2.3856393439102415,3.956735454968208
128.0,12,16,11.985682355375301,16.059657203746813,12.09881735191628,16.090711571812438,2.285639343910247,3.856735454968214
128.20000000000002,12,16,11.98195711191852,16.059849905999666,12.134713984012734,15.910045029030774,2.1856393439102386,3.8757015093598524
128.4,12,16,11.977243226109753,16.060925683201514,11.940124104671284,16.084831916069355,2.2115633578090983,3.908386665795801
128.6,12,16,11.973982474216418,16.061296935310498,11.880319079910945,16.276379017967358,2.3115633578090926,3.8084195081953336
128.8,12,16,11.972392153479012,16.06055031862566,11.976194990642226,16.014807492964625,2.411563357809101,3.776060042801066
129.0,12,16,11.972465041075973,16.060198925584988,11.829367913231046,15.952770107907442,2.5115633578090955,3.776481831314615
129.20000000000002,12,16,11.974132127367977,16.05949697710796,11.990785863042536,16.07552830715352,2.5726999219878603,3.8127716971385595
129.4,12,16,11.97565029565383,16.059930382417885,11.960567971545222,16.02697849875189,2.5344816543521094,3.9086940159444796
129.6,12,16,11.976881781469462,16.060322441365724,11.923214526123685,16.08744029560662,2.530883020390493,3.8090583188477396
129.8,12,16,11.978904879832227,16.05957056881476,11.728073623029639,15.980684329908991,2.6301444048353115,3.753850974995105
130.0,12,16,11.982040077290605,16.059271323996395,12.010769458578213,16.000898852036602,2.6163419234551744,3.8525788454176166
130.20000000000002,12,16,11.983875484930277,16.060236928269234,11.909571998310394,16.020701854408696,2.5554272148000803,3.952578845417625
130.4,12,16,11.985667416644691,16.06155542809496,11.905508718819537,16.033209728969716,2.546792026035885,3.8826252982287266
130.6,12,16,11.987853757607697,16.061652005049588,11.889430110291089,16.225092659108256,2.6413021764054285,3.7826252982287323
130.8,12,16,11.990189088316972,16.060953280609574,11.97980272876489,15.925848109575643,2.551378805037079,3.802448753963217
131.0,12,16,11.991119824901604,16.061212947605338,11.879644167448223,15.976524251523902,2.5309670821277925,3.845315215283523
131.20000000000002,12,16,11.992291142288334,16.061260063202962,11.979577023144532,16.116660013011717,2.4909430433297945,3.857891496111614
131.4,12,16,11.992973756012978,16.061491520031385,11.880925880000273,16.028232560988386,2.5480805005443496,3.7949122502172563
131.6,12,16,11.994358277844206,16.0613792508961,12.079470970893981,15.94988374281725,2.5028312610134433,3.860746641623178
131.8,12,16,11.99436413942561,16.06209650787358,12.032652240961175,16.224611944802454,2.4302849226373437,3.8489651570508454
132.0,12,16,11.993867215369114,16.061801575679976,12.012751401157095,16.14622764125612,2.437466458590293,3.748965157050851
132.20000000000002,12,16,11.99425606273176,16.060543834585452,11.947642052186147,16.07726882763779,2.535756426965867,3.727199499934204
132.4,12,16,11.99560914301266,16.058753025917017,11.946268256559703,16.08061819569644,2.5107059091837387,3.6291392983897377
132.6,12,16,11.997176648850537,16.05571614030191,11.903460280011023,16.14805045865565,2.60838528659943,3.5291392983897434
132.8,12,16,11.999734834490623,16.052370091900425,11.968837127475942,16.003785997560165,2.583658884034173,3.601420481892727
133.0,12,16,12.000842033220767,16.05019349104781,12.148421429501862,16.195577030224012,2.483658884034179,3.652616934808318
133.20000000000002,12,16,12.000832703698624,16.048643542650925,11.920083725574868,15.80893071047128,2.499695000488137,3.744672439151122
133.4,12,16,12.001129447682098,16.048351830400815,12.006337791965233,16.071039105740788,2.440297709991356,3.8446724391511164
133.6,12,16,12.00088416130212,16.04925682904309,11.991534081035592,15.963856727304545,2.499318047263759,3.921977670830817
133.8,12,16,12.001056694696928,16.049962512406054,12.214150827537283,16.034008807449897,2.4309210888033634,3.8240928271715524
134.0,12,16,11.999704154135522,16.050183524116367,11.907451878593902,15.923760625680913,2.3789433446364883,3.880918827078894
134.20000000000002,12,16,11.998551264985545,16.051575129938293,12.089084149504039,16.021602882937156,2.3682723015343066,3.954168559405365
134.4,12,16,11.996781692848055,16.052647248568725,12.013792454699193,15.968410719076314,2.368998410250442,3.8541685594053705
134.6,12,16,11.99506109434333,16.053414516041578,12.055573847238513,15.998713734818628,2.355199431933449,3.9287052834365097
134.8,12,16,11.994035070293478,16.054972018575288,11.950121563675568,16.138106310605025,2.4540890550412944,3.9103960909897486
135.0,12,16,11.994155853823353,16.055481075100293,12.089693444461094,16.216178617080242,2.441946546905373,3.8103960909897543
135.20000000000002,12,16,11.992932964804554,16.055167908311624,12.082241161567056,15.915309370365271,2.3419465469053646,3.8279578254774242
135.4,12,16,11.99133640575876,16.055383651060303,11.921772959453408,16.183669301938362,2.4177617704348155,3.8005335055765097
135.6,12,16,11.990138668952776,16.05457408953566,12.131706171264346,16.047304479658013,2.3449881955840968,3.7466199449374105
135.8,12,16,11.9873071926515,16.053506152065566,12.127468313946082,16.164336112729,2.2449881955840882,3.6938541592850687
136.0,12,16,11.984144243008107,16.051282176530368,11.857395803924495,16.127622265241758,2.3239031018774097,3.5939688736122886
136.20000000000002,12,16,11.982570569631678,16.048934874257885,12.00187358904418,16.06000694534216,2.3890701128212055,3.6839552710695087
136.4,12,16,11.98171547642635,16.047237223586528,12.095463364760644,16.250062437024727,2.462583201066331,3.6452043565128434
136.6,12,16,11.981724375958652,16.044748281805145,12.005053778961427,16.02201129421017,2.4275811849199447,3.6495612742343706
136.8,12,16,11.980291201894774,16.04323186331014,12.043556655297921,15.99999640454951,2.3524637462251596,3.749561274234379
137.0,12,16,11.977559146960362,16.04293728431245,12.168372144111054,16.024791698446215,2.2528778825288676,3.8179742241271244
137.20000000000002,12,16,11.973919031164444,16.043173194162957,11.901645074719791,15.991936159661345,2.28681850363342,3.8876394239791563
137.4,12,16,11.971774474720378,16.043841692824444,12.000818017609511,16.05643047533853,2.3868185036334144,3.8295874163341237
137.6,12,16,11.970866678140332,16.044400253245044,11.953047131381362,15.892883846875424,2.3846870174951698,3.9161690642202944
137.8,12,16,11.970002013492346,16.04585108453818,11.810621266323805,16.069631262961703,2.461459946467391,3.910005503941037
138.0,12,16,11.970784875083922,16.04632207853171,11.893330491863079,16.14387480354918,2.5614599464673855,3.8100055039410425
138.20000000000002,12,16,11.973221565227373,16.0456715759114,11.877010933516498,16.03081812724786,2.6514681517385665,3.7738193866144973
138.4,12,16,11.976981081816641,16.045706806955565,11.85498664038206,16.072283621894265,2.7410956446497705,3.8738193866144917
138.6,12,16,11.980842357144857,16.04627970804882,12.072233986097235,16.064927402779478,2.6483709406786513,3.8212017071088864
138.8,12,16,11.983030263731095,16.04567766299464,12.030190194322431,16.179100149063103,2.548370940678643,3.721201707108878
139.0,12,16,11.98355302139984,16.044427196467,11.975700585179794,16.00525339013268,2.462616899330052,3.759394695576504
139.20000000000002,12,16,11.982984996950703,16.044315247820286,12.089855370809167,15.96650046638296,2.398354429019338,3.8593946955765124
139.4,12,16,11.982615271142619,16.04545775865366,11.877263768185571,15.873374046692064,2.495403604172481,3.9593946955765067
139.6,12,16,11.983080624791098,16.046943610991338,12.05723122720108,16.26486187572109,2.453737843644048,3.888979765533949
139.8,12,16,11.982420996694911,16.047199799437276,11.986438919418074,16.258246713329502,2.451012269072585,3.7889797655339406
140.0,12,16,11.981937784054919,16.04623998683705,12.06874177577951,16.01546967019748,2.3923580617357905,3.7244773922699594
140.20000000000002,12,16,11.980184939730561,16.045686002192234,11.97931726100889,15.985576388939748,2.380851832030533,3.824477392269968
140.4,12,16,11.978978345422892,16.045365342304155,12.056976600031525,16.356950860875244,2.360461720796857,3.744241549486783
140.6,12,16,11.977593117461076,16.043900184445064,11.88088252884021,15.90525936746502,2.431855818223734,3.700856695403206
140.8,12,16,11.977014413588334,16.042607557549264,12.013391579427385,16.109952199322663,2.3916383519244175,3.6825589169360633
141.0,12,16,11.97552906842137,16.040809621643263,11.916367568318673,16.077725151309604,2.413179156827697,3.713559136240082
141.20000000000002,12,16,11.975447768229282,16.040118802077224,12.026334618571385,16.046537310541808,2.5131791568277055,3.8135591362400905
141.4,12,16,11.976750406770575,16.04068800039417,11.90083757436441,15.936612282415686,2.536816485993053,3.913559136240085
141.6,12,16,11.978686263881096,16.042517185548014,11.851759585276131,15.988943233787209,2.634463433478837,4.0135591362400795
141.8,12,16,11.98163957873431,16.04560382840644,11.929693113957692,15.929381289706884,2.609433891240317,4.108727499223218
142.0,12,16,11.983170652637083,16.048663051641558,12.009230715534157,16.123351013978105,2.509433891240323,4.010976079757939
142.20000000000002,12,16,11.983095820213995,16.050485780893144,11.966041337891676,16.091693957821438,2.4438954892438396,3.933028351756139
142.4,12,16,11.983223166150552,16.051327025477125,11.994647225011343,16.097220873483188,2.488735611318048,3.83467640655743
142.6,12,16,11.984412881671858,16.051055844829822,11.890487876597069,16.03289254538901,2.588075226888709,3.8016828342618543
142.8,12,16,11.986716700210378,16.05108845141846,12.0092482444827,16.144268441352434,2.5739147387753367,3.7942996308891206
143.0,12,16,11.988331456584046,16.05062274138281,11.990789787630318,16.133552787446565,2.6013496944122276,3.766885139383597
143.20000000000002,12,16,11.989837677270582,16.050588073740638,12.095603681182677,16.006196701932012,2.5087410379301938,3.862926110340798
143.4,12,16,11.989820532056571,16.05081775817446,12.008900300099597,16.005198906318967,2.4669336921669895,3.7851286727784874
143.6,12,16,11.989845550160089,16.050605849159304,12.023838020476182,16.083660975541026,2.42979867750559,3.844452733452052
143.8,12,16,11.989013591615585,16.05088663667194,11.974394333025138,16.1047033654472,2.4360539798647465,3.794055653573794
144.0,12,16,11.988325624777824,16.049987994938757,12.097573573734401,16.0283766607615,2.414601399350694,3.6945457421811105
144.20000000000002,12,16,11.98737987338035,16.049066519771422,12.156335923088351,15.953066225006744,2.409776185030748,3.7921610325995454
144.4,12,16,11.986140225731369,16.04898403292816,11.952562720279305,16.05859611012011,2.3774023456723286,3.777168150560255
144.6,12,16,11.984012072245743,16.047869566449194,11.97385284262393,16.12800468163411,2.3021301428672576,3.6771681505602607
144.8,12,16,11.980566749889958,16.046125487719525,12.043475979515435,15.959098999977442,2.220920822049886,3.7188869389131827
145.0,12,16,11.976688995088704,16.04543208535201,12.01547679620051,16.00293372916335,2.254759631513266,3.765337626007058
145.20000000000002,12,16,11.973698392475217,16.045113385764388,12.016307520039135,15.903583150328922,2.322716976103276,3.8406138213010075
145.4,12,16,11.972126221678836,16.045740356844853,11.953215104269784,16.00626258130878,2.4227740751062887,3.845456094016308
145.6,12,16,11.972223839538353,16.04645784819215,11.966954550782363,15.983748721849548,2.522774075106283,3.9241365588131254
145.8,12,16,11.973877171229343,16.048124041692656,12.019037246924604,15.90577798335206,2.5708817205214394,3.9468116388743932
146.0,12,16,11.975966612705133,16.04997457473892,11.959271184714556,15.911755167534462,2.639634639572915,3.986548918917041
146.20000000000002,12,16,11.978757574874246,16.05148484751544,12.069449547355292,16.19740929155804,2.5907552479539486,3.8875692593496263
146.4,12,16,11.980485384488016,16.051746613832314,11.952707072563316,16.08437400329444,2.5999423482281796,3.7947447409065376
146.6,12,16,11.983094513382875,16.05093284906891,12.027342066312332,16.199551688033882,2.5982292128482807,3.7015736890605386
146.8,12,16,11.984425863479432,16.049260380567567,12.078484666814846,15.972196939673728,2.498229212848272,3.7123622311662863
147.0,12,16,11.984253241188563,16.048599054603077,11.984687658239775,16.057539074449863,2.453522791041686,3.8123622311662806
147.20000000000002,12,16,11.984817525992248,16.048362438676772,11.907901681968829,16.126069481315838,2.5528422135034,3.749510482111553
147.4,12,16,11.98703705829568,16.047201044701545,11.949756991115818,16.079911803210383,2.652842213503394,3.7441187811790573
147.6,12,16,11.990515616158902,16.046958613595518,11.997425841694476,16.001104185460477,2.655954801681905,3.8441187811790516
147.8,12,16,11.992762058639007,16.047130485854115,12.040150495005525,16.018381120946,2.5559548016818963,3.7794495308230935
148.0,12,16,11.994153418865494,16.046444308151646,12.04629140560179,16.005945747534476,2.5960606571491502,3.785345060483863
148.20000000000002,12,16,11.996221982654882,16.046743187490133,11.923703516421469,15.989325767318439,2.569906554478541,3.8853450604838717
148.4,12,16,11.99701938652144,16.04800816723024,12.111622268972924,16.078800875162187,2.47001300267656,3.8886180532864176
148.6,12,16,11.99615546894468,16.048350788274288,12.076633334371396,16.127373727081903,2.370013002676566,3.7886180532864233
148.8,12,16,11.994006347533297,16.04775954420167,11.959151156441083,16.106778258724745,2.365080848057658,3.7904543956247685
149.0,12,16,11.993065476289697,16.04736695386769,12.012508460278958,16.025987290333536,2.4650808480576525,3.735999640796245
149.20000000000002,12,16,11.992775642383705,16.045786719151387,12.126005280700213,16.26190185992604,2.409463163250682,3.6359996407962365
149.4,12,16,11.991564047825646,16.042952795878563,11.922926601981791,16.1694050663857,2.4154199355070545,3.535999640796242
149.6,12,16,11.989813678670286,16.03970172573968,12.09552364451355,15.882545516043939,2.3182023354910752,3.599131889761022
149.8,12,16,11.987362939268898,16.037617452092565,11.953679987359553,16.17827550688757,2.3709331315616864,3.6609729718099846
150.0,12,16,11.986477723297748,16.035099755795517,12.050221927085738,16.140635286428864,2.4709331315616807,3.5609729718099903
150.20000000000002,12,16,11.986924762740802,16.0323210221705,11.994613448918948,16.004837769445068,2.501848544971136,3.638375357841303
150.4,12,16,11.988132955545058,16.03078972363738,11.797596724404254,16.049051526070397,2.5983665817895862,3.7383753578412975
150.6,12,16,11.98979735192077,16.030028003130102,12.027960060976508,16.10660414552526,2.5288734775271835,3.7129224765170834
150.8,12,16,11.990097408048273,16.028995203555397,12.091931469142157,16.024526614458438,2.496408107776413,3.7643337083208124
151.0,12,16,11.98959594040812,16.027902017389316,12.134691979420056,16.09182711715668,2.397283332937378,3.6721931632926816
151.20000000000002,12,16,11.987726097293661,16.02555698738447,11.816134734443134,16.152799688713888,2.3824390249870144,3.572193163292673
151.4,12,16,11.986960925528134,16.02195825902303,11.877620214378009,16.10102435914037,2.4824390249870087,3.472193163292679
151.6,12,16,11.987577785040065,16.017112954406084,12.037742633357595,16.219145853539857,2.5033648805518705,3.3721931632926845
151.8,12,16,11.987110292286307,16.01210745232814,12.008354302733691,15.898325300713116,2.403364880551862,3.4579587315084646
152.0,12,16,11.984958862787067,16.008357877339343,12.133770372100257,16.113778608737537,2.3033648805518676,3.557958731508459
152.20000000000002,12,16,11.982088777184327,16.00586383044443,12.024463659619734,15.835724166352618,2.3547165735104936,3.6579587315084674
152.4,12,16,11.98074834257313,16.004624778937032,11.977347761294435,15.965099477851862,2.4336993721417026,3.7579587315084617
152.6,12,16,11.980698619407034,16.004642611530485,11.93983659873119,15.862936232194269,2.530175621135563,3.857958731508456
152.8,12,16,11.980884715150106,16.005375660890365,12.030782721458833,16.22953831299944,2.444859087743755,3.8265092113106327
153.0,12,16,11.97941893832666,16.005482473164005,12.104538798733449,15.834898996202263,2.3448590877437607,3.8505879500661586
153.20000000000002,12,16,11.976431899546089,16.006601497144114,12.014002940659765,15.917624747725199,2.291844804065618,3.9081926917105423
153.4,12,16,11.972481260253408,16.00723347495925,12.191559676164935,16.009247699665547,2.1939953902041416,3.808192691710548
153.60000000000002,12,16,11.96724091471252,16.006596413881123,12.08678988479922,16.10235298283906,2.1868471995826426,3.7081926917105394
153.8,12,16,11.96319698690965,16.005254797126412,12.199949354706357,16.028395957141814,2.286847199582637,3.7420053036176064
154.0,12,16,11.960824195387339,16.004748921457086,11.964815837401517,16.054172937215935,2.3868471995826313,3.748165904454143
154.20000000000002,12,16,11.959936967934667,16.003339429796796,12.071303984754334,16.185599333611304,2.421166760871875,3.6481659044541344
154.4,12,16,11.958131059714765,16.00142728984625,12.09889436038843,15.887116423503219,2.321166760871881,3.702865738318699
154.60000000000002,12,16,11.955122064900364,16.00070359364999,11.987708020725682,16.161550243854943,2.3263002666909482,3.8028657383187077
154.8,12,16,11.95290523129607,16.000494588209648,12.089440489129746,16.001065224905975,2.316117327901866,3.749807009864069
155.0,12,16,11.950487625068659,15.999319437465847,11.899310993797378,16.045062122849153,2.3803937768082877,3.7280260261828175
155.20000000000002,12,16,11.949680722626736,15.997712198887626,11.879850260817967,16.076869012823856,2.480393776808296,3.6334664467868434
155.4,12,16,11.950529341550475,15.995901588887971,11.935973843244717,15.965319004588336,2.5803937768082905,3.715901470019686
155.60000000000002,12,16,11.95179000307103,15.995122252587821,11.974925517337152,16.086788332360662,2.5076114916241314,3.7315311652094216
155.8,12,16,11.951416300679083,15.994440559880017,11.955263300002933,15.848997082206182,2.4153390199522335,3.8035328177768384
156.0,12,16,11.950259814121734,15.99488620656877,11.90211477487857,16.093468659206906,2.404196564060429,3.846061621122788
156.20000000000002,12,16,11.948184663607776,15.994710374752618,12.136517031302681,15.946947996095316,2.305080479861218,3.7460616211227795
156.4,12,16,11.945270692026583,15.994458874551077,11.919253961171751,15.84220097803955,2.345321552012581,3.8403964603523852
156.60000000000002,12,16,11.943590371322998,15.995271731290941,11.992229271829506,16.11731391253228,2.3615144162013784,3.863594877671016
156.8,12,16,11.941766622605549,15.99530340413385,11.812673719051705,16.0063930508388,2.4125522696185,3.772747196339249
157.0,12,16,11.941445309087502,15.99544615014082,12.023948755657155,15.86297976984442,2.4777923974432126,3.8727704200927917
157.20000000000002,12,16,11.941200473213234,15.996464268280658,12.0362387525959,16.07245482253729,2.4494372962291715,3.8626256346333587
157.4,12,16,11.941553930921668,15.996642192894656,11.840053718820515,15.981412286021136,2.548539347472662,3.834453363522433
157.60000000000002,12,16,11.943096138915132,15.99728207128862,12.054097996186583,16.1256337379464,2.541701211336935,3.839937737167097
157.8,12,16,11.943335755974116,15.998252724753144,11.940312389364927,15.874366668751652,2.4417012113369405,3.9379703453293153
158.0,12,16,11.943190671844265,16.000346399260525,11.907453936715957,16.050421104700554,2.5163812650815456,3.973379572212348
158.20000000000002,12,16,11.944488186161236,16.00175968043286,11.99237034524774,16.044208863881156,2.546529682473363,3.8733795722123396
158.4,12,16,11.945539245864994,16.00192057101313,11.93377642732629,15.993021721510114,2.5540516892672493,3.7733795722123453
158.60000000000002,12,16,11.94601433497518,16.00083065480341,12.172026889146577,16.0722623546177,2.4550167558933027,3.673379572212337
158.8,12,16,11.944818323607036,15.998488445356472,11.979038637849214,16.160589557749542,2.3604605594156163,3.5733795722123425
159.0,12,16,11.943701343301507,15.995067294360675,11.894754853896343,16.106483932659806,2.4604619232781797,3.529828779154282
159.20000000000002,12,16,11.944227263859052,15.992182427339483,11.999968903948716,15.997230801629932,2.551449292197204,3.6293439555874194
159.4,12,16,11.944608168106468,15.990562251566724,12.032178556899074,15.791937729386689,2.4522056444553884,3.7293439555874137
159.60000000000002,12,16,11.943686263422979,15.990200869858278,11.936652499500026,15.987381029487903,2.445809706711709,3.8294531929751248
159.8,12,16,11.943959046656516,15.989889032920857,11.804905867557931,16.131488771480058,2.545809706711703,3.733285954475655
160.0,12,16,11.945889550859821,15.988844909758814,11.837884494835958,15.87472422956344,2.6458097067116975,3.76153782577918
160.20000000000002,12,16,11.949069353436263,15.988905629679548,11.967246176158806,15.990219020811649,2.647241226431717,3.8575486681969555
160.4,12,16,11.95148711472734,15.990158121174098,11.871167669115192,15.91918472423749,2.645733006878262,3.9556159071523997
160.60000000000002,12,16,11.9534557207059,15.992671678715121,12.006215586388961,15.718674828546357,2.54893480033603,4.055615907152408
160.8,12,16,11.953773235891717,15.996241655257284,11.939354653501642,15.872384496720029,2.4489348003360356,4.076083844953253
161.0,12,16,11.953701412223985,15.999005721222124,11.898202377185253,16.060541612421524,2.5227318582837817,3.9760838449532585
161.20000000000002,12,16,11.955274930237099,16.00051297727017,11.801081644177131,16.10313092933705,2.62273185828379,3.87608384495325
161.4,12,16,11.958368223118564,16.001210084742137,11.954039516796403,15.870539465303391,2.6641994867725516,3.894365003527977
161.60000000000002,12,16,11.961212561374666,16.002559038421577,11.819013257675044,16.034633709312608,2.682826224828018,3.8810917370518028
161.8,12,16,11.963892532173018,16.002896326425542,12.126701267098811,16.13505806286921,2.590003568198155,3.7810917370518085
162.0,12,16,11.964902790205695,16.002467879998857,12.015378341667443,15.825958602447155,2.4900035681981607,3.805151296087536
162.20000000000002,12,16,11.964858937099162,16.002944776008928,11.903558031294265,16.123943427810435,2.5108768852730443,3.8311980672587356
162.4,12,16,11.96621527801641,16.002881801327636,11.895732461370747,15.998697430753486,2.6108768852730386,3.8139284918128165
162.60000000000002,12,16,11.968909763933759,16.0036501438076,11.959325125130364,15.945976540334776,2.6235684157351855,3.913928491812825
162.8,12,16,11.970471232331077,16.00567996112272,11.970447957973224,15.950734407867364,2.523568415735191,4.013928491812819
163.0,12,16,11.971355236539111,16.008964728431092,11.866910963212876,15.900245457611573,2.576770608577742,4.113928631964189
163.20000000000002,12,16,11.973553635282462,16.01232391187831,11.913607599095931,16.072977175079114,2.595874907077061,4.020052500588475
163.4,12,16,11.97526304967973,16.014443493169278,11.80881032573948,15.957274819665933,2.6137128719879095,3.9407869173990946
163.60000000000002,12,16,11.978356913965147,16.01559685345138,11.930797147816541,16.21101351597523,2.7124030695083987,3.843926280377431
163.8,12,16,11.981438655890065,16.015504144494884,12.062682084054515,16.014983943641024,2.613509270429962,3.7439262803774365
164.0,12,16,11.982844940580433,16.014994552565405,12.03110357956286,16.01122171907887,2.5135092704299677,3.806520818208903
164.20000000000002,12,16,11.983306114889302,16.014654563012513,11.733571857675177,16.10624487462349,2.5454113046775464,3.724088600427332
164.4,12,16,11.985230373331126,16.01357857622843,11.922871433043454,15.940556164998865,2.6454113046775407,3.750871731751308
164.60000000000002,12,16,11.987904893632342,16.013309197483373,12.1322937892573,16.06339546515159,2.5981797786031597,3.7546711670260375
164.8,12,16,11.989612788906374,16.01266738805038,11.855186288505902,15.992738351660503,2.6174690581885485,3.7854672462158874
165.0,12,16,11.99164595171635,16.0131380250284,12.15101427350502,15.9792034872541,2.557858917089416,3.8854672462158817
165.20000000000002,12,16,11.992082918993212,16.014867049175916,11.914008550715447,15.895883037098843,2.4578589170894074,3.98546724621589
165.4,12,16,11.992396001836198,16.01784724487416,11.959676609006324,15.946557530034367,2.5495475141124104,4.080038966799558
165.60000000000002,12,16,11.993910338037008,16.020762278229704,11.820339197009579,15.979062601935738,2.543213551792657,3.9803970399868343
165.8,12,16,11.9954677892821,16.02242118417115,11.925458488229918,16.170263850755113,2.6154822415053407,3.88039703998684
166.0,12,16,11.997064142634324,16.02301334623867,12.021402169804107,15.893634268575044,2.528258181743882,3.85730737398454
166.20000000000002,12,16,11.997038635207705,16.023974564946844,12.002084408128074,15.956027227110457,2.4283520770305764,3.842716994533236
166.4,12,16,11.99535251629757,16.023905320810027,12.161019541068418,16.12925132652649,2.328352077030582,3.7427169945332417
166.60000000000002,12,16,11.992004767117777,16.022579049800346,12.133854566698115,16.01565160839288,2.2283520770305736,3.653063028963674
166.8,12,16,11.987668894120256,16.020171613859816,12.056977217071593,16.06834378878153,2.2556478986602997,3.5578403149310605
167.0,12,16,11.984772991501153,16.016504680352543,11.88766389693793,16.156635854968624,2.355647898660294,3.457840314931066
167.20000000000002,12,16,11.98328768967657,16.012529197022996,12.068563774918298,15.927050976146143,2.3798357676402278,3.531353981552524
167.4,12,16,11.980766924806014,16.00978963375237,12.09529255478797,15.998204907010281,2.2798357676402334,3.631353981552518
167.60000000000002,12,16,11.976580398097132,16.008301016058937,12.196793059818484,16.128008625269413,2.179835767640225,3.7313539815525267
167.8,12,16,11.971345678937391,16.008056293478795,12.02930790564619,15.955593290812875,2.2004797107666523,3.831353981552521
168.0,12,16,11.967530466655404,16.009053886665647,11.887393423826978,15.95172270959083,2.3004797107666466,3.930964619222241
168.20000000000002,12,16,11.96539603066984,16.010062471202374,11.975459472099516,15.968533332329566,2.400479710766655,3.833094276010299
168.4,12,16,11.964933639655264,16.01060192452682,11.854811235378326,15.927372158779097,2.5004797107666494,3.89178653058576
168.60000000000002,12,16,11.965106349346776,16.012204636195502,11.887840223274685,15.9342759980866,2.442799250472313,3.925517852613883
168.8,12,16,11.964398983995192,16.014037702722735,11.88159629428862,15.855568574835905,2.472490317833686,3.997248484901052
169.0,12,16,11.965161351997141,16.015926513603453,11.913419244008521,16.074386203751335,2.5724903178336804,3.9042435608175032
169.20000000000002,12,16,11.96685394113932,16.01660971327533,11.98348038397703,15.979234872611524,2.5395261352188383,3.8421734165353185
169.4,12,16,11.967068997147134,16.017725446037108,12.022156635074989,16.015434159153486,2.439526135218844,3.942173416535313
169.60000000000002,12,16,11.966871652201958,16.01909341198734,11.838871615789136,15.95470689605152,2.512445114101174,3.8637447745643763
169.8,12,16,11.968311752645372,16.020209602674974,11.769847109443619,16.015863899481307,2.612445114101168,3.9409490230641038
170.0,12,16,11.9712922645623,16.021718862614573,11.995054522028925,15.895315113862356,2.6578000615258555,3.896102017799523
170.20000000000002,12,16,11.973485326548058,16.02350072167815,12.026582510100106,15.81644569558039,2.557800061525847,3.9945209617029778
170.4,12,16,11.974020862342629,16.02645185960913,12.097252899451346,15.950998124718437,2.4578000615258526,4.0420031568310115
170.60000000000002,12,16,11.97361230884223,16.028824449140952,11.890541189608316,16.165621343275465,2.4879933304424933,3.942003156831003
170.8,12,16,11.974672603333714,16.030191514767164,11.970359464035782,15.962177081076678,2.5870428342293788,3.9317521087244836
171.0,12,16,11.976314660570486,16.03168731850859,12.045134434396802,16.128178415645884,2.555001874578888,3.877453731023353
171.20000000000002,12,16,11.976941874630308,16.031994715885542,12.031987014436021,16.2003645699229,2.4667072626645816,3.7774537310233445
171.4,12,16,11.975983495854955,16.031046361978543,12.008998693746216,16.078680704799194,2.3667597277902312,3.67745373102335
171.60000000000002,12,16,11.973356684379626,16.028839791369204,12.08510072751754,16.08986763365567,2.266843132154396,3.5774537310233416
171.8,12,16,11.970197311484782,16.026268546963003,12.101076778138086,16.08432812267503,2.3090119220742746,3.646271268707551
172.0,12,16,11.968266655950728,16.024645411575126,11.80135171237925,16.191391541368986,2.4090107089404906,3.6667340480561403
172.20000000000002,12,16,11.9679941173047,16.02230120753908,11.921781235540339,16.229501417635817,2.509010708940499,3.567009472671914
172.4,12,16,11.968961701429349,16.01937376948513,12.119710344591624,15.947288885782152,2.5100342021826854,3.612563896820239
172.60000000000002,12,16,11.968674601659085,16.017616245349828,11.978957865733815,15.937707140060924,2.410034202182677,3.7125638968202477
172.8,12,16,11.966719695588973,16.017082418924247,12.054403164397272,16.045072039663758,2.3100342021826825,3.7840867066989525
173.0,12,16,11.964502092838208,16.017451028616907,11.821098465008049,15.973375802069004,2.393138591169739,3.882335949219165
173.20000000000002,12,16,11.963878750632514,16.01875980341992,12.021036068246277,16.098756040333516,2.4527684648990116,3.882906800868373
173.4,12,16,11.963541162151788,16.019539077504177,11.922082608329584,15.9655689092096,2.4984529490269036,3.8973930661290117
173.60000000000002,12,16,11.96474941430925,16.02064923916618,11.806291425521742,16.15198751056511,2.598452949026912,3.84859140036061
173.8,12,16,11.967447625899547,16.02059118313815,11.905936528337232,16.21454057802368,2.6343722580311684,3.7486085677724104
174.0,12,16,11.969365410238614,16.01991855040924,11.918794757685305,16.045467218274826,2.58218158614234,3.7549507646689917
174.20000000000002,12,16,11.971932651836193,16.018720366007646,11.929606773968041,16.181714708993766,2.6816694626891744,3.656466429127984
174.4,12,16,11.975138475191887,16.016571439189686,12.024196841818572,15.979534659670565,2.626246152263563,3.6527727023799184
174.60000000000002,12,16,11.976744492112179,16.015069669699898,12.07756139847024,16.074127660280425,2.5262461522635546,3.6872700165506904
174.8,12,16,11.977863171416988,16.01427815181524,11.85071713597803,15.90691503195733,2.5951934911134873,3.786312942969266
175.0,12,16,11.980183126893094,16.014372089298405,12.013394171424226,16.025220892186184,2.5952881512895094,3.7767285220292335
175.20000000000002,12,16,11.981259771427435,16.014058627270916,11.965220578081016,16.069596977474774,2.5051881487239314,3.813260684803
175.4,12,16,11.980840561022852,16.01429386090438,12.112274337761137,16.066872625673685,2.4062464405143125,3.777105818394424
175.60000000000002,12,16,11.978758512085378,16.01339816874345,12.123509491796476,16.053595169872903,2.3062686213167076,3.6771058183944154
175.8,12,16,11.976631934195954,16.012161758832367,11.877364598718126,15.928602670131598,2.4035192146335764,3.7482230571488255
176.0,12,16,11.975754543272664,16.012152993850933,12.131968074470876,15.850051304610101,2.403542737053936,3.84822305714882
176.20000000000002,12,16,11.973726007770304,16.01339074264836,12.029282112211027,15.933875415783596,2.3500583880522035,3.9357860780471756
176.4,12,16,11.97219012008593,16.0151304310321,11.977944310583068,15.98007263374185,2.3973305599616572,3.952852428897967
176.60000000000002,12,16,11.97164484064797,16.01664114563488,11.926023030765581,16.002161866459293,2.4964549320220097,3.8840809910234
176.8,12,16,11.972230884328068,16.018197853531632,12.079514469753057,15.936861813808576,2.482596372552266,3.972254485595656
177.0,12,16,11.971469549163476,16.019774352502385,12.134535528577663,16.012761755721915,2.3825963725522716,3.8763654157680083
177.20000000000002,12,16,11.970257554192502,16.020090263197716,11.886481386747528,16.02315861330513,2.4527836231295455,3.776365415768
177.4,12,16,11.970509193889907,16.019178672391543,11.990168247720927,16.09961561977249,2.490179378922867,3.6916483884715756
177.60000000000002,12,16,11.971117241176257,16.018076464983434,11.90908670425406,16.009373683536268,2.5629996590437933,3.7391904335049846
177.8,12,16,11.973350757859077,16.017925180558592,11.80058997744458,16.104646286488332,2.6629996590437877,3.8383758011445472
178.0,12,16,11.976675047421006,16.017929404866436,11.968680054161837,16.108586319520924,2.6465252601851272,3.7503999317100036
178.20000000000002,12,16,11.978612108988896,16.01669277668119,12.046963574833123,16.040683420842477,2.5465252601851187,3.655303674767335
178.4,12,16,11.980034633543923,16.01439215152066,11.89837911724043,16.00485592759097,2.613805820784152,3.56543691201846
178.60000000000002,12,16,11.982387428766359,16.01183148780085,12.010601816955688,16.00993061072429,2.5870719799656583,3.6420803146785086
178.8,12,16,11.983282516825913,16.01043242824078,12.08912842616183,15.990290693130119,2.487071979965664,3.7010709119821623
179.0,12,16,11.982516699203034,16.00915150585332,12.022113012068399,16.03689577775298,2.4035579843521293,3.6881811791162225
179.20000000000002,12,16,11.98069132861622,16.008386976821296,11.998677184345798,16.019752606853256,2.32581752202398,3.7854888570112974
179.4,12,16,11.97880832612901,16.008212583077988,12.053203150499996,16.090377423838664,2.4203759093016948,3.740742078791521
179.60000000000002,12,16,11.978588086599732,16.00725493657079,11.853783949795917,16.00878083898744,2.5203759093017033,3.705608139407503
179.8,12,16,11.979792416952808,16.006718979768934,12.032020367429093,15.918623890734741,2.5455039281877294,3.8039273400249036
180.0,12,16,11.97998091229897,16.007442151070027,12.103779044010757,15.94607005630181,2.445503928187735,3.9039819891113083
180.20000000000002,12,16,11.978511799692841,16.008565494951718,12.058809079238678,15.83914627299422,2.3455039281877266,3.8621389496549052
180.4,12,16,11.975917909636273,16.00998519929304,12.039183305297602,15.892666926406545,2.348740224810784,3.9602962704984788
180.60000000000002,12,16,11.974528762844328,16.011995072233987,11.945321144824918,16.1564235273003,2.4485616023226733,3.9157360987933374
180.8,12,16,11.974002498347572,16.01294234850967,12.045591372658087,15.931512287592573,2.4089186223783052,3.872631579960158
181.0,12,16,11.972102626762915,16.01422844905577,12.080503934531809,16.00296639182864,2.3617967628391834,3.880634325352902
181.20000000000002,12,16,11.970964198250535,16.015732005342283,11.902104807902415,15.986110445785405,2.4617663595667003,3.9687320440394727
181.4,12,16,11.97107248825588,16.018482315319968,12.110293143731388,15.824519086587735,2.4601036205919655,4.068732044039467
181.60000000000002,12,16,11.970233615088041,16.021909353276055,11.998752872205467,16.022531932839748,2.4446454238735957,4.033711227214906
181.8,12,16,11.969654117018624,16.024205487504425,12.123401874779809,16.095438321956046,2.40028418808395,3.9337112272149115
182.0,12,16,11.968105042959088,16.0253621425456,12.003752920275021,16.035857106989845,2.4156831619418417,3.8897438134926996
182.20000000000002,12,16,11.96793214756625,16.027091084446692,11.874040635632678,15.97308827697883,2.5156831619418503,3.9894787151843936
182.4,12,16,11.969432057309472,16.028995580880586,11.88708062685046,16.286090401926014,2.6156831619418446,3.904116469683069
182.60000000000002,12,16,11.97131710829446,16.02965429229803,11.922222988788983,16.205581315693884,2.540364431531288,3.8041164696830605
182.8,12,16,11.97192560264752,16.02906041435533,11.986205313608943,15.97630975397622,2.5342932888809124,3.704116469683066
183.0,12,16,11.973314815304164,16.02721596196141,11.977909523943818,16.1364727735271,2.535653672977644,3.604116469683072
183.20000000000002,12,16,11.973451105043784,16.024676277875265,12.141893485951735,15.988021690350688,2.4356536729776357,3.636846448830844
183.4,12,16,11.971913099700762,16.02304967345115,12.013630417299138,16.08094360527978,2.3356536729776414,3.6563951196762017
183.60000000000002,12,16,11.96871634361318,16.020630594583707,12.033774201618607,16.03159828515968,2.2484226785503685,3.576586830033952
183.8,12,16,11.964133262784332,16.018440253093015,12.045382745310814,15.89846665185145,2.1531057019250786,3.676540605294831
184.0,12,16,11.959263569683387,16.017494678066495,11.932976151696602,15.985062927577065,2.234465606489843,3.776540605294825
184.20000000000002,12,16,11.956054900680458,16.01728123958119,11.935262532517964,16.12788015984382,2.3344656064898515,3.748701776059179
184.4,12,16,11.954511043457112,16.01652108536485,11.979855433379093,15.925016777260721,2.4240603210462215,3.781182358021401
184.60000000000002,12,16,11.954375831338742,16.016872623927213,11.856723226910622,15.920649390372004,2.5186535597269484,3.8811823580214093
184.8,12,16,11.955596159870984,16.017769103769822,11.909225333621837,16.111308022632965,2.5323181917467243,3.8305947890154624
185.0,12,16,11.956354648420819,16.018007715117307,11.909512619648819,15.940564558123501,2.55884038935286,3.859113691154676
185.20000000000002,12,16,11.958293380291249,16.019345462938528,11.977047648365565,15.92651121048214,2.579963551642901,3.9591136911546845
185.4,12,16,11.959832534023093,16.02092068238632,11.909077101421076,15.957611500832028,2.6050154733941717,3.878799589343846
185.60000000000002,12,16,11.962799657419653,16.021257306909572,11.915396826833689,16.062572453163277,2.7050403931128493,3.7787995893438375
185.8,12,16,11.965858474022875,16.021438038861675,12.032682489370043,15.809824566516202,2.6113078437489126,3.8650880377747847
186.0,12,16,11.96843753728547,16.022627829235223,11.923989409069929,16.12561663630654,2.6802147990632537,3.8762527397168522
186.20000000000002,12,16,11.97203275519294,16.023374226338856,12.043241261230815,15.906582016928516,2.65993076731745,3.891376696839705
186.4,12,16,11.974513381573345,16.024367309452362,11.829827819279638,16.129213640282284,2.6435479393482395,3.832702259576782
186.60000000000002,12,16,11.977516761780295,16.024451384894814,11.869898635739109,15.960381883718295,2.6265787485360854,3.828115058237287
186.8,12,16,11.979540153707545,16.0251343151509,11.968946755542676,15.94421280298715,2.583642185484825,3.8270320172887153
187.0,12,16,11.981132668055508,16.025510150703887,11.939037362693563,15.938219928759754,2.567601211049374,3.8694521035463953
187.20000000000002,12,16,11.981818032196447,16.026671376514575,11.87286172153534,16.08904886968332,2.4708137481823718,3.8610749912018916
187.4,12,16,11.982112708939244,16.027339849163045,11.947801340660112,16.044026532489,2.536098572094718,3.887300934576041
187.60000000000002,12,16,11.982927431166722,16.02833525011686,11.955316052566577,16.045682610913392,2.515785202031303,3.831894341145966
187.8,12,16,11.984314167263454,16.028421519030804,11.81596399452172,16.004030443581456,2.612583447522262,3.8267432574754
188.0,12,16,11.987346603805973,16.028937731751196,11.884158273299885,15.993061035901167,2.703830025781096,3.8025706519400475
188.20000000000002,12,16,11.990258427914089,16.028680876436106,12.08824847826255,15.994059766251183,2.605287949008437,3.766439559376211
188.4,12,16,11.991495364284317,16.028016897337338,12.027183338381874,16.00270634145312,2.5052879490084425,3.7177584261770167
188.60000000000002,12,16,11.991060730452315,16.026993624726966,11.94645435299646,15.98677193362537,2.406590298807741,3.7124079873220137
188.8,12,16,11.988986978186306,16.025341601310565,12.081958781629947,16.092741129165052,2.3070791763450784,3.614100369812287
189.0,12,16,11.98594759013766,16.022430979973805,11.989029060003805,16.06568653790397,2.3368554566408206,3.5173627493887727
189.20000000000002,12,16,11.984356320640424,16.019551500620874,11.882527562270493,15.878662150112767,2.436855456640829,3.616740302292035
189.4,12,16,11.983766071958668,16.017930192922506,12.112741454792532,15.98260248377856,2.41148204519084,3.7167403022920293
189.60000000000002,12,16,11.982044844106808,16.01756380892861,11.957402311273153,15.93997269198594,2.3967769391365676,3.816740302292038
189.8,12,16,11.981385810683944,16.017791495132283,11.926205008137652,15.996216270077806,2.472098602253969,3.7719773151492535
190.0,12,16,11.981236166676071,16.01711913692428,11.9079961910579,16.011680450497305,2.4755566954703943,3.762998488239583
190.20000000000002,12,16,11.980327636494405,16.016418626424375,12.09309747544119,16.22639283538191,2.3785815911828765,3.6926276319283624
190.4,12,16,11.977753536768608,16.014616636489887,12.06589141884213,15.949948836064259,2.278581591182882,3.656841573680892
190.60000000000002,12,16,11.974456136810879,16.01332196646256,11.939281857237775,16.030644010425377,2.328889625845363,3.6847920533723473
190.8,12,16,11.972666287663136,16.011616683813877,12.014956196787764,16.004848321372357,2.3927877261577115,3.6481022873272884
191.0,12,16,11.971046127531242,16.010358754110744,12.002792601062529,16.071585278047102,2.389648136474131,3.7471591115912326
191.20000000000002,12,16,11.970297526561607,16.01035483272446,11.93616401584306,15.944140816698052,2.4882809875905347,3.847159111591241
191.4,12,16,11.969917547930065,16.011605598975155,12.344841006675075,15.791286726994421,2.411546276583054,3.9471591115912354
191.60000000000002,12,16,11.967932584058603,16.01410484815643,12.038901033017932,15.987004806930434,2.335479288152735,4.043839492428182
191.8,12,16,11.966342963368517,16.016626311731393,12.017860388670734,16.008850148533885,2.435479288152729,3.950020246838852
192.0,12,16,11.966430511266239,16.017928320784083,11.959192810923636,16.00082324386738,2.5354792881527235,3.8663245976295006
192.20000000000002,12,16,11.966795666889352,16.019119530316924,12.0862647467814,15.90305571403903,2.4526782090649575,3.927668637168918
192.4,12,16,11.965745296815179,16.02012069562469,12.011919319083605,16.173668095423537,2.426812821354821,3.829431053993241
192.60000000000002,12,16,11.965289568885291,16.02016853693151,11.970393400155809,15.8633417091244,2.4538104243544674,3.8280798022682783
192.8,12,16,11.965117484845027,16.02114865339741,11.98650883323894,15.994839675334088,2.4853323835902144,3.9280549221209826
193.0,12,16,11.96605538343892,16.02218366131039,12.018016477001428,16.02339489636525,2.5851095112677878,3.832589640610431
193.20000000000002,12,16,11.968654257981903,16.021968081608,11.912215884973765,16.154583810404915,2.6851095112677963,3.7325896406104224
193.4,12,16,11.971932366973466,16.02050789657583,12.102046468509313,16.03036950730489,2.6324160178616216,3.632589640610428
193.60000000000002,12,16,11.97361988041718,16.018464359249375,12.07006784283286,15.859460987175703,2.532416017861613,3.677673065862791
193.8,12,16,11.973739614408608,16.017588212047354,12.097786787220588,15.917574836161323,2.4829323741843417,3.7776730658627855
194.0,12,16,11.974589305602159,16.01770346562731,11.876717384460402,16.066519383205247,2.582932374184336,3.7855500848202843
194.20000000000002,12,16,11.976665664229264,16.017388930490462,11.93714048343788,15.964031867516411,2.5810694486124803,3.805914958493679
194.4,12,16,11.977471767461246,16.01718587986917,11.977920369491944,16.131969620901284,2.481069448612486,3.7319892914110593
194.60000000000002,12,16,11.977503227705753,16.01608418545742,11.925818832059557,16.027140969606037,2.527673216344281,3.731582435096829
194.8,12,16,11.978451675075593,16.014701639819442,11.863644387911844,16.128159612524083,2.521792715578237,3.6359069967972024
195.0,12,16,11.978251709514744,16.012810618777714,11.95031416687473,16.019285307569582,2.4221526114024194,3.6895131058642483
195.20000000000002,12,16,11.976769958155995,16.011539925803124,11.947105795067404,16.13676059531225,2.4184499799717005,3.6550108546267657
195.4,12,16,11.97649717413552,16.009274277469434,11.78485292331494,16.00563618781927,2.518449979971695,3.6181903552654457
195.60000000000002,12,16,11.977527069555064,16.006680128175812,12.148492816515091,16.208094421509152,2.5270431299578715,3.53966632369216
195.8,12,16,11.977364932743404,16.00365171347718,12.01975176324337,16.089227738651623,2.427043129957877,3.5989597425153366
196.0,12,16,11.97628563778636,16.001830348282642,12.017153773735581,15.94831455065562,2.425848234317955,3.698959742515331
196.20000000000002,12,16,11.976074158737484,16.001265797055837,11.940863836164121,15.767282343993658,2.5249398323346455,3.7989597425153394
196.4,12,16,11.977525223151954,16.001704119273633,11.99922675580667,16.06164621402547,2.622991741442603,3.8087188118761386
196.60000000000002,12,16,11.978957723613517,16.001367909425745,12.103440567044277,16.048732912488166,2.52410384744596,3.764542840737219
196.8,12,16,11.978740100907592,16.001637823972455,11.857080900303554,15.969155461788025,2.4440942045905185,3.8645428407372133
197.0,12,16,11.977224716075094,16.003160138141087,12.184754685414614,16.00033520285866,2.346810902396553,3.9645428407372076
197.20000000000002,12,16,11.974187849888713,16.00576471063507,12.038293007345395,16.050070955366245,2.3014444661718687,3.9924729987173793
197.4,12,16,11.971957903949958,16.007614371059393,11.994044349198536,16.073670660402044,2.401444466171863,3.892472998717385
197.60000000000002,12,16,11.971404193275406,16.008624619339894,11.948050439213166,15.725925925213685,2.5014444661718716,3.9085393597778166
197.8,12,16,11.97233510261886,16.01066680890627,12.014440217251062,15.949382719801987,2.5361668291066555,4.001917365899489
198.0,12,16,11.97237674900989,16.013041221172838,12.068801698255875,15.90464122661997,2.4362118633449046,3.975206328457218
198.20000000000002,12,16,11.971890609466081,16.01507953428827,11.949911437050117,15.988856529069148,2.4852932657846596,3.9411634489458636
198.4,12,16,11.972144657433962,16.017501586774866,11.92066144709474,15.899164551239672,2.507817428771658,4.039548967041959
198.60000000000002,12,16,11.973414560905974,16.02117602933533,11.753979467814299,15.894709871438009,2.607740075239087,4.139668963426228
198.8,12,16,11.975995132975424,16.024896673141516,12.109240012305392,16.01935285734817,2.6137471465642146,4.043367597474267
199.0,12,16,11.977387203447801,16.027362090158974,12.165463262791798,16.00699378554279,2.5137471465642203,3.943367597474273
199.20000000000002,12,16,11.977865398604955,16.028569938725695,11.889874167679084,16.08725866961522,2.547485643413135,3.8433675974742645
199.4,12,16,11.979615613514307,16.02866804422367,11.944719902006694,15.998591287573712,2.5766591791526556,3.8111135567140635
199.60000000000002,12,16,11.980390272358507,16.028627609827833,12.173205434782089,16.199327408529857,2.476659179152647,3.746634614329545
199.8,12,16,11.97962999785918,16.027776512743166,11.954735617417603,15.891185321550353,2.4332996952046915,3.7601769301940133
200.0,15,14,11.979678008154256,16.02794603076385,11.916228379012189,15.86008257892284,2.533299695204686,3.8601075445395208
200.20000000000002,15,14,11.981389385510623,16.028117158525163,11.860140058508062,15.949996012710155,2.6332996952046943,3.760148235594621
200.4,15,14,11.984754332146295,16.02704062234143,11.880126970054656,16.085960968980277,2.7332996952046886,3.660148235594627
200.60000000000002,15,14,11.989760921631923,16.02472380544206,11.982817281383202,16.147665925281533,2.833299695204697,3.5601482355946183
200.8,15,14,11.996397309043546,16.02117402400628,11.867040548622311,16.01332868149045,2.9332996952046915,3.460148235594624
201.0,15,14,12.004651728015865,16.0163985251851,12.02591145044667,16.069449923525298,3.033299695204686,3.3601482355946297
201.20000000000002,15,14,12.014512487859601,16.010404483772437,12.101661030028493,15.975822991270945,3.1332996952046943,3.260148235594621
201.4,15,14,12.025967970729884,16.00319899911532,12.12327305905561,16.176457446063313,3.2332996952046886,3.160148235594627
201.60000000000002,15,14,12.039006628838523,15.99478909227117,11.885088153091703,16.005953671748003,3.333299695204697,3.0601482355946183
201.8,15,14,12.05361698168818,15.985181703418437,12.014104025561547,16.070664158835452,3.4332996952046915,2.960148235594624
202.0,15,14,12.069787613338343,15.974383689529937,11.973802366965836,16.11442346685642,3.533299695204686,2.8601482355946297
202.20000000000002,15,14,12.087507169674906,15.962401822306918,12.15179877782381,16.04909432209042,3.6332996952046943,2.760148235594621
202.4,15,14,12.106764355684904,15.949242786376512,12.055053195110025,16.01913163402962,3.7332996952046886,2.660148235594627
202.60000000000002,15,14,12.127547932720669,15.934913177749308,12.18260476017358,16.046967385289456,3.833299695204697,2.5601482355946183
202.8,15,14,12.149846715754084,15.919419502540407,12.064419552602356,16.09144631943251,3.9332996952046915,2.460148235594624
203.0,15,14,12.173649570598743,15.90276817593762,12.208127942962742,15.766019061792191,4.033299695204685,2.3601482355946297
203.20000000000002,15,14,12.198945411102262,15.884965521421961,12.188780041818854,15.893204630895626,4.133299695204694,2.260148235594621
203.4,15,14,12.225723196294933,15.866017770225941,12.421199975031877,15.773561647490691,4.233299695204688,2.160148235594627
203.60000000000002,15,14,12.253971927485916,15.845931061023107,12.303310823460592,15.90383748877463,4.333299695204697,2.0601482355946183
203.8,15,14,12.283680645299157,15.824711439838497,12.333176894749029,15.884774664263045,4.433299695204691,1.960148235594624
204.0,15,14,12.314838426637289,15.802364860169838,12.358364289573252,15.816988418320465,4.533299695204685,1.8601482355946297
204.20000000000002,15,14,12.347434381567748,15.778897183307386,12.496770225296496,15.650052194614021,4.633299695204694,1.7601482355946212
204.4,15,14,12.38145765011632,15.754314178841396,12.185893486347037,15.641256671381749,4.733299695204688,1.6601482355946269
204.60000000000002,15,14,12.41689739896165,15.728621525344524,12.518094077289922,15.781112335687265,4.833299695204697,1.5601482355946183
204.8,15,14,12.453742818016876,15.701824811217346,12.431943559797473,15.67426783644929,4.933299695204691,1.460148235594624
205.0,15,14,12.491983116890266,15.673929535683381,12.48588450088864,15.721467274083944,5.033299695204685,1.3601482355946297
205.20000000000002,15,14,12.531607521207093,15.644941109923508,12.578890757359106,15.63352016449058,5.133299695204694,1.2601482355946212
205.4,15,14,12.572605268783764,15.614864858335766,12.60095283946729,15.784487000576684,5.233299695204688,1.1601482355946269
205.60000000000002,15,14,12.614965605642377,15.583706019907918,12.423300785510602,15.572466600677544,5.333299695204697,1.0601482355946183
205.8,15,14,12.658677781843505,15.551469749693771,12.712442360083202,15.570880557075279,5.433299695204691,0.960148235594624
206.0,15,14,12.703731047126182,15.518161120379986,12.578225128103988,15.57167116182869,5.533299695204685,0.8601482355946297
206.20000000000002,15,14,12.750114646337767,15.483785123932542,12.612902796415604,15.557770318989311,5.633299695204694,0.7601482355946212
206.4,15,14,12.797817814628752,15.448346673314544,12.803737211072493,15.559919237658619,5.733299695204688,0.6601482355946269
206.60000000000002,15,14,12.84682977239912,15.411850604262812,12.701269156901672,15.405194313254487,5.833299695204697,0.5601482355946183
206.8,15,14,12.897139761004809,15.374383825882248,13.118279188893219,15.379297147323944,5.933299695204691,0.511261895291178
207.0,15,14,12.948647345099864,15.337683410516279,13.153454008305065,15.238681875088934,5.999997346766596,0.6112618952911723
207.20000000000002,15,14,13.000158940357547,15.302152575564905,13.12140784287909,15.317541496867358,5.9999936128787,0.6149462247393576
207.4,15,14,13.05130378462822,15.2659060313604,13.158860412536777,15.27987211829101,5.999988595011298,0.5149462247393632
207.60000000000002,15,14,13.102077742233638,15.229405025393353,13.130210721528634,15.147592433498712,6.000001128621467,0.5744584111872432
207.8,15,14,13.15248568600916,15.194139577478559,13.038596610361425,15.358369176744644,5.9999906909637675,0.6011798073392998
208.0,15,14,13.202530809156166,15.158397837997857,13.168385313152665,15.337647467160725,5.999999999415193,0.5473651923423949
208.20000000000002,15,14,13.252212570934617,15.123352417542701,13.292107293111162,15.14627916908454,5.999993889779571,0.6472756838723808
208.4,15,14,13.301539107786773,15.089754975624306,13.319956723041972,15.126100317485182,5.999993597369306,0.7472756838723751
208.60000000000002,15,14,13.350519850779794,15.057601084895836,13.248264532844516,15.059956559961737,5.999991652921677,0.8472756838723836
208.8,15,14,13.399164272085834,15.026886353945402,13.459233723361137,14.97947165293352,5.999990592556197,0.9472756838723779
209.0,15,14,13.447480828293244,14.996922478016964,13.32822007441768,14.97762433244035,6.000000949297351,0.8996815135201371
209.20000000000002,15,14,13.495469007992638,14.966390940099734,13.449975480270856,14.93414597446658,5.9999910311111995,0.9159130058568593
209.4,15,14,13.54313139692669,14.93693431987364,13.580896514524392,15.031199765578368,5.999999268689865,0.9499544458686738
209.60000000000002,15,14,13.59047270782895,14.90770507522796,13.610473718718014,14.968728602617315,6.0000043021370715,1.0040432777355524
209.8,15,14,13.637498569890951,14.879835808904364,13.64831993047613,14.765520153595688,6.000004946377528,1.1040432777355467
210.0,15,14,13.684218661209773,14.853388893155108,13.892058036273294,14.914211953749136,6.0000033572197875,1.204043277735541
210.20000000000002,15,14,13.730642725171425,14.828360175092495,13.81508890611775,14.716942739148516,6.000001175966429,1.3040432777355495
210.4,15,14,13.77678052668519,14.8047455318952,13.742196306527255,14.913951142680768,6.0000051457674575,1.4040432777355438
210.60000000000002,15,14,13.822641869584869,14.782540870114708,13.927121036758074,14.650046404221184,5.999998216288668,1.5040432777355524
210.8,15,14,13.86818568357973,14.761742111457885,13.804513350544799,14.705764690122955,5.981664802082733,1.6040432777355467
211.0,15,14,13.912386094627877,14.742344150119095,14.155112499643273,14.680992421443051,5.881596324670368,1.704043277735541
211.20000000000002,15,14,13.954678584085462,14.723427563202769,14.053561357551384,14.961988890671094,5.781596324670359,1.633580311927513
211.4,15,14,13.995065531027143,14.703416029568668,14.119927301391217,14.827117887872294,5.681596324670365,1.5335803119275186
211.60000000000002,15,14,14.033586771392049,14.682756550495403,14.035036759959048,14.592608571660517,5.612783415973237,1.556813421022247
211.8,15,14,14.07234976091342,14.663296116967556,13.927339838816078,14.650895691021024,5.712783415973231,1.6568134210222414
212.0,15,14,14.111710224123934,14.644760769251068,14.11391245638627,14.701527520590114,5.671004131174136,1.6361063278501884
212.20000000000002,15,14,14.149319637858262,14.626293292090605,14.084464610345508,14.52771147960268,5.571004131174128,1.714651971199135
212.4,15,14,14.185047839566083,14.60898313123087,14.106177397470645,14.634525726597575,5.4710041311741335,1.7345604012281088
212.60000000000002,15,14,14.21976071015637,14.59098303031675,14.060229157076696,14.543821425177608,5.494816563715893,1.6345604012281003
212.8,15,14,14.253801920479281,14.572021568888417,14.338611090619617,14.566019741899558,5.395174456610647,1.606170672314873
213.0,15,14,14.285963730131131,14.552740318644712,14.198818538174736,14.723170453692708,5.295174456610653,1.5150379803585634
213.20000000000002,15,14,14.316912340931129,14.533537484115419,14.244026361296777,14.54041367848839,5.299015606643598,1.6120150824146615
213.4,15,14,14.348697504180299,14.515179190720616,14.163797704427495,14.719168615211052,5.397637588360945,1.5835686030809804
213.60000000000002,15,14,14.380431946470488,14.4963251417503,14.421590610703216,14.412169313965887,5.307395100161078,1.6085936917195243
213.8,15,14,14.410302609416759,14.47865595210733,14.394490375510236,14.398253489071026,5.207395100161084,1.7085936917195186
214.0,15,14,14.438320303060244,14.462341252543105,14.749558876688738,14.442843459822473,5.1073951001610896,1.808593691719513
214.20000000000002,15,14,14.464499908201702,14.447374141273666,14.511533232469095,14.432737276593341,5.007395100161081,1.9085936917195214
214.4,15,14,14.488856226934422,14.433691246891193,14.493177668778689,14.446540638895808,4.907395100161087,1.9662471123523668
214.60000000000002,15,14,14.511398867272705,14.419612180653246,14.533815177605787,14.500294180389494,4.807395100161078,1.8662471123523583
214.8,15,14,14.532127255913277,14.404937317761792,14.555341430600857,14.483513832801766,4.707395100161084,1.9024698127645705
215.0,15,14,14.551312997297503,14.391462753652066,14.576149639447085,14.367709173744267,4.6869051236565324,2.002469812764565
215.20000000000002,15,14,14.571428640757379,14.379313246077778,14.44186936790842,14.400473048963555,4.786905123656541,2.102469812764573
215.4,15,14,14.592085953579698,14.368183326730982,14.633344480628912,14.380919435847606,4.732017782705436,2.103961200702732
215.60000000000002,15,14,14.611042065719282,14.356788671518682,14.585084272882993,14.40562794895081,4.632017782705428,2.1251242331085534
215.8,15,14,14.6282199347486,14.346374786643494,14.67480587433743,14.152171224583093,4.5320177827054335,2.2249669944188004
216.0,15,14,14.64363280248627,14.336800398399514,14.833387582341377,14.575160143544796,4.432017782705439,2.202314925598356
216.20000000000002,15,14,14.657569564377585,14.32621005115976,14.598533114679764,14.53009860251898,4.414753166573262,2.1023149255983475
216.4,15,14,14.672003208747876,14.314474767627596,14.713812312780068,14.44255824551068,4.405992281068517,2.0450082222413584
216.60000000000002,15,14,14.685397957828382,14.303272898237974,14.665980993326697,14.180892964313479,4.402203755975649,2.145008222241367
216.8,15,14,14.69959614637315,14.293315268038876,14.671020157285037,14.307208883698676,4.415138081646313,2.1999306265369163
217.0,15,14,14.71372551591705,14.28359304205161,14.727926398131066,14.19853955286095,4.481920180568125,2.2478125184797557
217.20000000000002,15,14,14.728478004514287,14.274932204052007,14.846976271221038,14.289181344522595,4.43438520267116,2.2764121256366234
217.4,15,14,14.741647274936973,14.266663284006562,14.783456055980233,14.15786341035769,4.369104385881366,2.3618999778759533
217.60000000000002,15,14,14.754043920520223,14.259687586554218,14.772125367246987,14.175528437163306,4.297431429626988,2.461899977875962
217.8,15,14,14.765424441986525,14.254006746450056,14.75733539190179,14.074533185771053,4.3224380995769325,2.561899977875956
218.0,15,14,14.776563388510386,14.249320759121938,14.708110497223691,14.17527885267723,4.226614929711027,2.565078423324284
218.20000000000002,15,14,14.785993494015981,14.244603949429635,14.879463903476612,14.07408002045367,4.126614929711018,2.6301809377395866
218.4,15,14,14.794989485087264,14.240396946855533,14.676833983749848,14.16243249411835,4.201196879560529,2.577074082490317
218.60000000000002,15,14,14.805579864559219,14.23503398254702,14.606320950078564,14.269841127614333,4.301196879560537,2.4770740824903084
218.8,15,14,14.817608070284866,14.228451686823796,14.826430135125209,14.244041237771832,4.337344744372351,2.377074082490314
219.0,15,14,14.829228182871093,14.220864538131487,14.71135838987543,14.264791323248437,4.352453534954119,2.3589041559021884
219.20000000000002,15,14,14.840611592034456,14.212993882190615,14.896631485047301,14.331044158633134,4.260738757819856,2.268267456635636
219.4,15,14,14.850259728514004,14.203910145616337,14.938785369495873,14.370909785863214,4.160738757819861,2.1682674566356415
219.60000000000002,15,14,14.85882535713202,14.194431054904513,14.730040206177925,14.281960650507719,4.186484129742509,2.229999225619384
219.8,15,14,14.868470132177874,14.185976658133615,14.997249420840827,14.31231210221826,4.2038938060249995,2.255241397513518
220.0,15,14,14.87695435489182,14.17727572453587,14.975676916991102,14.158435407382306,4.103893806025005,2.225515999153069
220.20000000000002,15,14,14.884046362400955,14.1687555692538,14.703629089219545,14.231831005585066,4.094135120973923,2.2804325882408323
220.4,15,14,14.892127476578064,14.161264226235009,14.75994427851144,14.172512939610147,4.141915748218462,2.3804091568606913
220.60000000000002,15,14,14.899399867572184,14.155060804636474,14.96169072059361,14.045653921218962,4.041915748218454,2.4804091568607
220.8,15,14,14.904968177743573,14.15013953202013,15.06793929119169,14.149908052215,3.9419157482184595,2.580409156860694
221.0,15,14,14.909905851637884,14.145907582423895,14.904869761948644,14.102465481309832,4.001552109463289,2.5436745963490246
221.20000000000002,15,14,14.916005881003347,14.140567916468184,14.8980935283146,14.173440377265953,4.003047362477023,2.443674596349016
221.4,15,14,14.92151991642442,14.13497705145808,14.805409203686297,14.053478557682682,4.031607674667865,2.52033873277028
221.60000000000002,15,14,14.92766019544195,14.130648874963056,14.97388469466575,14.14482080843808,3.9936038095072606,2.6203387327702887
221.8,15,14,14.932271176254552,14.126669715679773,15.157756366619974,14.19495092409846,3.8936038095072663,2.54849755747695
222.0,15,14,14.935207963095298,14.122342579780707,14.987951703562532,14.054894271271314,3.811355308635646,2.614475217297548
222.20000000000002,15,14,14.936956369241502,14.119031277730478,15.088338461620744,14.156946940368707,3.724289011528472,2.6312395484201048
222.4,15,14,14.93761646012907,14.115173940445699,15.012411837977519,14.118469647098031,3.7421401165999404,2.6240597535651635
222.60000000000002,15,14,14.9396492409388,14.11121035015683,14.877393461739162,14.088310969901443,3.842140116599949,2.5446273921364964
222.8,15,14,14.943157907267798,14.107156502263267,14.929160043078197,14.000272163070417,3.8786525610338263,2.6347650226632795
223.0,15,14,14.945765514988645,14.104370349522096,14.978732138774102,14.01325095440724,3.778652561033832,2.734765022663274
223.20000000000002,15,14,14.947959466791447,14.102604696095117,14.827329767351083,14.037964969605806,3.852160150890593,2.7647449816511704
223.4,15,14,14.951213125455455,14.100244909694396,15.101297393952732,14.137065538255033,3.8347601695972764,2.6671075550420382
223.60000000000002,15,14,14.953076273216485,14.096642267153676,15.0506341774502,14.088973672457618,3.734760169597268,2.5671075550420297
223.8,15,14,14.95326035405767,14.091847479343118,15.020775833839918,14.132483053902336,3.6347601695972735,2.4957833341804228
224.0,15,14,14.951769489365029,14.0873501679677,15.075855088614901,14.048341869312566,3.541606752157333,2.5941519292395308
224.20000000000002,15,14,14.950379309010259,14.083965648844186,14.878592523570779,14.154683586895862,3.641243489562689,2.636089315866274
224.4,15,14,14.950653070354342,14.081239859745072,14.938783500485393,14.046583891415107,3.741243489562683,2.7342233829834215
224.60000000000002,15,14,14.95259350083058,14.079777749650235,14.891024959505055,14.00856642522394,3.8412434895626917,2.83422338298343
224.8,15,14,14.956205059876304,14.079580234152026,14.846895252653567,13.964617351608624,3.941243489562686,2.9342233829834243
225.0,15,14,14.960619635091778,14.079448379943345,15.039591337762996,14.133815910684126,3.8966656839998373,2.838756573581672
225.20000000000002,15,14,14.963969101844313,14.078071124786183,14.927874298213041,14.146915407055934,3.9027334839990138,2.7387565735816635
225.4,15,14,14.968609412005293,14.075450490069006,14.90985044476897,14.115635387146725,4.002733483999008,2.638756573581669
225.60000000000002,15,14,14.9734736244321,14.072431626126496,15.111719512424894,13.952822345710027,3.917807542397612,2.702363722669584
225.8,15,14,14.97667206886189,14.070633911750818,15.122114120446104,13.982705647493962,3.8178075423976177,2.786954758401218
226.0,15,14,14.97820611911717,14.069027191948187,15.116955569453172,14.112143899137136,3.7178075423976233,2.7652758879154478
226.20000000000002,15,14,14.97869145481729,14.06679796365144,14.808241254058942,14.044776791801839,3.7391684930825004,2.666228329672433
226.4,15,14,14.980578988271846,14.063321418423453,14.904585125202722,14.072479983111053,3.8391684930824947,2.566228329672439
226.60000000000002,15,14,14.984007768108158,14.058603390100226,15.0182323468046,14.226130423607374,3.8891023636183837,2.4662283296724303
226.8,15,14,14.986741311261106,14.053151042578788,14.925052716931365,13.995360431802782,3.8198958674637473,2.492851535561471
227.0,15,14,14.988952539975497,14.048801803205462,14.957227337878011,14.031533723068765,3.8041241483152817,2.5928515355614654
227.20000000000002,15,14,14.99036842351712,14.045719447098445,15.000721225664819,14.10072185807131,3.7256404771872234,2.6892000249552592
227.4,15,14,14.991853061079734,14.042645608384742,15.068355525561104,14.041912188246048,3.820467737415901,2.592724312825924
227.60000000000002,15,14,14.993697296907134,14.038328684888635,15.09300961864297,14.100809619394118,3.744466224194267,2.4927243128259153
227.8,15,14,14.994620544457584,14.033273574582658,14.803387978278176,13.917114261713467,3.777826603385085,2.5194972677875342
228.0,15,14,14.99631510991386,14.029319516601943,15.125899664128537,14.00373144359794,3.749104795246248,2.6194972677875286
228.20000000000002,15,14,14.9966599085958,14.025549369190855,14.967264736081363,14.141872530986213,3.701606253170381,2.5338193716722817
228.4,15,14,14.996815496946743,14.02135261531474,15.158103328416093,13.88832527661223,3.651672946697061,2.594714993277183
228.60000000000002,15,14,14.996541237748392,14.018367920775333,14.886670270289383,14.048797088535009,3.7169806739119724,2.6835046652054
228.8,15,14,14.997843141672755,14.015254108861336,15.056569725889359,14.1401885143057,3.7878622891451474,2.5834530980657027
229.0,15,14,14.998685374379749,14.011878563209608,15.073747237270899,13.97868729553653,3.687862289145153,2.6479758722062345
229.20000000000002,15,14,14.998965831398527,14.008400353641717,14.793595244880933,14.05600453346942,3.7510947670917076,2.5531066480573945
229.4,15,14,15.000842832275746,14.004703912896648,14.976579995344292,13.935857622813822,3.851094767091702,2.633818280252574
229.60000000000002,15,14,15.003914329023624,14.002264523998273,15.014946738879303,13.993353957307349,3.867953914702149,2.7338182802525823
229.8,15,14,15.007702257126075,14.001092660474637,14.965151006788393,13.899181754036833,3.9667660674864598,2.8338182802525766
230.0,15,14,15.012754329949342,14.001188156168471,14.996617476347128,14.026273875877893,3.968442153245788,2.933818280252571
230.20000000000002,15,14,15.016581390562704,14.001795279982156,15.006982697787066,14.01071564400765,3.8684421532457796,2.8789289919386447
230.4,15,14,15.018753607033384,14.00127387215815,15.104132859593001,13.927107463347228,3.7684421532457852,2.821595806824839
230.60000000000002,15,14,15.019900316343987,14.000617493915291,14.90326334568997,13.973425839365964,3.791464430141438,2.781330301539765
230.8,15,14,15.022472066473458,13.999926878754566,15.051810252457352,13.911406051398336,3.8914644301414323,2.8687708793816835
231.0,15,14,15.026087828267267,14.000484929390067,14.95537101242872,13.973218179985796,3.8685515684536735,2.9512330114032443
231.20000000000002,15,14,15.028299924615808,14.000837554139059,15.043967679968127,13.90850354680448,3.768551568453665,2.851233011403236
231.4,15,14,15.028861200883158,14.00110909739103,15.126985569189621,13.826882411245913,3.6685515684536707,2.944423586718011
231.60000000000002,15,14,15.028454742264959,14.002245282176077,15.087706050954393,13.96974754143403,3.6957026057451325,2.9332416781423363
231.8,15,14,15.028323345199587,14.00237160878251,15.150886851677477,14.022382101857831,3.626582035854162,2.833241678142342
232.0,15,14,15.027638857851295,14.001241631135759,14.997780994102365,14.004946254453294,3.685819205737702,2.7332416781423476
232.20000000000002,15,14,15.028444353230876,13.998859425660827,14.984484460911387,14.135570624689112,3.740333505954266,2.633286088629191
232.4,15,14,15.030177627199016,13.996459580010743,15.049859108543176,13.918607687194571,3.835322808991189,2.731174400181345
232.60000000000002,15,14,15.032915984521159,13.99490678074883,14.978482165888082,14.222370613352727,3.8272360282104363,2.715817729064522
232.8,15,14,15.034514047525805,13.99233171436044,15.202263958326153,14.141524773663708,3.7278623241461193,2.6158177290645277
233.0,15,14,15.034926905811638,13.988509002266632,14.923405420339376,14.097132527315818,3.736319248812991,2.5158177290645334
233.20000000000002,15,14,15.036625002249552,13.984359830034098,14.979704242651648,13.918931582148428,3.8185061540406546,2.5868645202339575
233.4,15,14,15.039514663535146,13.981452820360584,14.942512781756331,14.007057122264476,3.907740458795532,2.686864520233952
233.60000000000002,15,14,15.043244556262122,13.979814175529235,14.980209976344073,13.853032712624913,3.8684446758093407,2.7868645202339604
233.8,15,14,15.045463945509402,13.97940008001616,15.13550353346645,14.021902668441532,3.7684446758093464,2.851162607466355
234.0,15,14,15.046027357524672,13.978581425235081,15.233822869021806,14.050999556598665,3.668444675809352,2.7511626074663607
234.20000000000002,15,14,15.044933671410341,13.977384917420478,15.090318519154136,13.751650385204739,3.5684446758093435,2.818190705163052
234.4,15,14,15.042766887874988,13.977385397233773,15.137015983897337,14.034544740450311,3.585935356796721,2.891377965077302
234.60000000000002,15,14,15.040998137635547,13.977067926879169,15.15007446836576,14.149834949799807,3.530666420094735,2.7913779650772934
234.8,15,14,15.039118348687756,13.97608964377982,14.986921056681595,13.818605430298302,3.617555745867225,2.829352392447246
235.0,15,14,15.038911310699309,13.97600461208503,15.006328144513013,14.055593201312686,3.7175557458672195,2.841739589825441
235.20000000000002,15,14,15.039829877398752,13.975340904162001,15.138555343141485,13.974196530933682,3.7025377206827694,2.8359976490933163
235.4,15,14,15.040029614029981,13.975583844842262,14.91475274716085,13.88211680144072,3.7259266383732204,2.9359976490933106
235.60000000000002,15,14,15.041569216748778,13.976444858397759,14.985394360458972,14.044357268153577,3.7773018156756315,2.893437831947776
235.8,15,14,15.042954640093384,13.976203394104125,14.986975057531236,14.032877448830897,3.7727490881927466,2.832392047181724
236.0,15,14,15.043765606883973,13.976406248092513,15.209843014434528,13.960231259966045,3.6748853617172506,2.932392047181718
236.20000000000002,15,14,15.04391499669308,13.977502799306237,15.024892586140721,14.105803148226629,3.728587292330106,2.925205722791434
236.4,15,14,15.045657080023629,13.977614184723622,14.944244654833323,14.074251622632227,3.8285872923301003,2.8252057227914396
236.60000000000002,15,14,15.047713127282316,13.976998847952268,15.176031571825522,13.933464868416335,3.748100346353442,2.8544401487450504
236.8,15,14,15.04812944027733,13.977237520641713,15.240936837896868,13.98379762004651,3.6481003463534476,2.8656792141950005
237.0,15,14,15.047212701335278,13.977036151386098,14.8864461068315,13.859922381949145,3.635344432974623,2.8824173207877624
237.20000000000002,15,14,15.046897627331964,13.977811330211221,15.098563403920295,14.010958762833896,3.620252834246068,2.948306861150978
237.4,15,14,15.045242626077163,13.979444702779537,15.067304696374888,13.743425503905572,3.5202528342460737,3.0463637909140693
237.60000000000002,15,14,15.04195913856745,13.981837806918236,15.159368610555306,13.952683549718929,3.420252834246065,3.021993624738138
237.8,15,14,15.037344700613387,13.983142014561205,15.070141742433547,14.056261772225609,3.3910399469817882,2.9219936247381435
238.0,15,14,15.033639834648652,13.983477877078299,14.904111755274528,13.875967582789624,3.4907373043291416,2.9195104431814403
238.20000000000002,15,14,15.031625311965671,13.984151151049959,15.021512267599377,14.089430402552708,3.59073730432915,2.883449298108694
238.4,15,14,15.03129361871428,13.984019261298577,15.097649176582895,13.848415686913178,3.6907373043291445,2.88533768056048
238.60000000000002,15,14,15.031707801386595,13.984840772694852,15.215158190923836,13.921251478807294,3.6410371002482136,2.9853376805604883
238.8,15,14,15.030583840383981,13.985790613544424,15.244951543359054,14.100604630765115,3.5410371002482193,2.8961302379707283
239.0,15,14,15.029334817043297,13.985483649743328,15.020471133383586,14.035713727442777,3.632187950988997,2.7961348837598945
239.20000000000002,15,14,15.029757127561009,13.985136268897438,14.937530437989151,13.866689243271352,3.7321879509890055,2.8929062603043376
239.4,15,14,15.031854323924051,13.985560576618846,15.007642082740421,14.136135183534805,3.832187950989,2.8685530005345514
239.60000000000002,15,14,15.035619750139329,13.984913734983062,14.941624508867726,14.143363984144036,3.9321879509890083,2.768553000534543
239.8,15,14,15.04095958547996,13.983402480030275,14.998742286793421,13.86440019900113,3.988286453366257,2.7786526474555444
240.0,15,14,15.04563739991726,13.9828029359634,15.030058229687844,14.089996783522494,3.8882864533662627,2.8214261325938144
240.20000000000002,15,14,15.048646500886935,13.98224410232165,15.03270190759682,13.944853669716222,3.788286453366254,2.865102351412525
240.4,15,14,15.049995510935839,13.982655648707285,15.133803327171222,14.118763556081825,3.68828645336626,2.887379909506037
240.60000000000002,15,14,15.050219276152978,13.982280783571733,14.974600145725145,14.078290630519538,3.701016516195924,2.7873799095060283
240.8,15,14,15.051377566388629,13.980717607404612,15.18757143826462,13.924430061720402,3.701130528856674,2.73290946414943
241.0,15,14,15.051286497675914,13.979664828448984,15.065921053232138,14.052173974565447,3.601073269373357,2.832909464149424
241.20000000000002,15,14,15.051088272814981,13.979867486495422,14.920347164240741,13.889870374658758,3.6939244217565745,2.9329094641494327
241.4,15,14,15.052005352082787,13.980306116146332,14.983942015659334,14.00225572203295,3.7057571825878552,2.8527738761037593
241.60000000000002,15,14,15.052859498637675,13.979506842383618,15.07174183602742,13.923457276011371,3.707139939968398,2.7641876912788885
241.8,15,14,15.05421496048864,13.97835130379726,15.056391166280127,13.90789930228566,3.76798904571656,2.7795668203969046
242.0,15,14,15.055284061748948,13.976689417939685,15.162604739281921,14.065239986534412,3.669187373019264,2.6839596244554214
242.20000000000002,15,14,15.054685269198025,13.974707623663152,15.190608779442359,13.989602664317134,3.5749266109092126,2.745497542935342
242.4,15,14,15.054182223759167,13.97335962184028,15.083152014882772,13.974328652720159,3.674939994478428,2.768798765877598
242.60000000000002,15,14,15.055346325885246,13.97276479601108,14.940621091190838,13.84619170648773,3.7749399944784363,2.8682231292717764
242.8,15,14,15.058179006753997,13.973382764021517,15.004597245126886,13.954380097301446,3.8707101137514184,2.9298458477830818
243.0,15,14,15.062550757539405,13.974630734883629,15.046493927273305,13.950267158724106,3.966762004004129,3.0136325585177772
243.20000000000002,15,14,15.067070174791436,13.976865485122378,15.068038636214242,13.929158471824993,3.875333304435299,3.030525336678195
243.4,15,14,15.070591567719294,13.978890525349811,14.803683230921411,13.909138404127196,3.9002099750813435,3.0235040750667217
243.60000000000002,15,14,15.075181304886533,13.980270910467818,14.981501481985182,14.10066824212078,3.9055814725816935,2.9240456677207907
243.8,15,14,15.07857149037441,13.980612378437653,15.06785961937221,13.99695135950289,3.8057298560678756,2.9061422673355475
244.0,15,14,15.080337000881386,13.981776117378287,15.094369110424617,13.791169789193596,3.707701292474078,3.006142267335542
244.20000000000002,15,14,15.080456222508865,13.983165292263223,15.105473515691006,14.150234766729152,3.6077012924740695,2.925195176736036
244.4,15,14,15.08035308475712,13.983306192992766,14.9979760298972,14.122155877695077,3.692855452179412,2.8251951767360417
244.60000000000002,15,14,15.081909441855737,13.982597174063953,14.980797354362641,13.834992734216382,3.7928554521794204,2.8387971798018534
244.8,15,14,15.085130146921063,13.982482518448172,14.921592877428338,14.088227888182876,3.8928554521794148,2.8215499928180345
245.0,15,14,15.088852756995433,13.981481506100506,15.051976214776177,14.012397941673187,3.826153793150496,2.790053792938873
245.20000000000002,15,14,15.090950966676955,13.980824393918617,15.05180005513818,14.016320060894152,3.7261537931504876,2.7808901048384373
245.4,15,14,15.09138391525182,13.98026547518511,15.089514426872068,13.936676334515298,3.6261537931504932,2.867165107729598
245.60000000000002,15,14,15.090534136626191,13.98095320149418,15.2041393405481,13.90852077869396,3.620664402724806,2.9671651077296066
245.8,15,14,15.090706805251457,13.982063204137031,15.072490273695394,13.90178739072287,3.653652961660011,2.9047098446183486
246.0,15,14,15.091457748728338,13.983021378544978,15.102880376535994,13.91681007762665,3.740096189942995,2.9885905053540096
246.20000000000002,15,14,15.092654536327695,13.985219071992928,15.065879217655716,13.936185162291261,3.6906914454043744,3.075088895019886
246.4,15,14,15.094162928006165,13.98724919286158,14.945855675260713,13.981880970911137,3.7859052479666255,2.9750888950198915
246.60000000000002,15,14,15.09734615368061,13.988434496911692,14.920191349236639,13.81657133389404,3.885905247966634,2.989500775760294
246.8,15,14,15.100735629864964,13.990206002104303,15.100769861267626,14.018051754676309,3.798166652087189,2.979287208859384
247.0,15,14,15.10247634553502,13.991035887173993,15.216583759595064,13.98750148772368,3.6981666520871945,2.8792926351760784
247.20000000000002,15,14,15.102876954277974,13.990609353434541,14.967575763402161,14.036360304132355,3.6856870224646365,2.77929263517607
247.4,15,14,15.104413256515452,13.989024059663286,14.856068136839243,13.969182466746462,3.785687022464631,2.734337561886336
247.60000000000002,15,14,15.107604479278752,13.988041165576025,14.997740679859334,13.862973724610205,3.8856870224646394,2.8343375618863447
247.8,15,14,15.11116264311435,13.988271208508252,15.092668658580545,14.120071148453748,3.8095072933682386,2.8945727276153335
248.0,15,14,15.113081030149633,13.9885656872471,15.162914266105561,14.013385869870508,3.7095072933682443,2.9077493052755794
248.20000000000002,15,14,15.113904145787817,13.989767887068487,15.01373187176627,13.803669741193499,3.725635845022687,3.0075595325557813
248.4,15,14,15.115501893902003,13.992057442325443,15.216344381858272,13.96914683113337,3.7042151852834357,3.0348924287871366
248.60000000000002,15,14,15.11581236921171,13.993595990028993,15.020728108621398,14.1626458926223,3.6537338781477766,2.934892428787128
248.8,15,14,15.11588223243922,13.993874968443913,15.277957302812952,14.012586351548586,3.6006563386218713,2.8348924287871338
249.0,15,14,15.11438547707784,13.99338796811795,15.290081112978568,13.96121778404829,3.500656338621877,2.860159830652427
249.20000000000002,15,14,15.11123565193155,13.993328108270834,15.182192669341577,14.10298746704911,3.4006563386218684,2.8165817217823523
249.4,15,14,15.106434993132257,13.99251197358403,15.249532510771783,13.90698186264991,3.300656338621874,2.830650044621945
249.60000000000002,15,14,15.10153632292375,13.992644041929468,14.96505246051106,13.970806783541727,3.39353209177687,2.8853034141837264
249.8,15,14,15.09831915997622,13.992261161488777,15.007967492595808,14.160984275000423,3.4935320917768644,2.785303414183732
250.0,15,14,15.096753115639446,13.990617626379466,15.116120106625093,14.075917644982905,3.5716879549369898,2.6853034141837377
250.20000000000002,15,14,15.095174818982548,13.988589873152055,15.034716402251147,14.03547904324119,3.5254250692402915,2.751950337488943
250.4,15,14,15.09414254234161,13.987781695235189,14.940422227659097,13.94388088238001,3.624581602197025,2.8519503374889372
250.60000000000002,15,14,15.09468320754822,13.988141883678262,14.975418124542342,13.912860819534492,3.6761073872580368,2.8996036540670627
250.8,15,14,15.095078088631327,13.988690047488804,15.03323943021954,13.935816754835674,3.677470889770877,2.954927787848792
251.0,15,14,15.095035653378254,13.990425175724818,15.175201568079622,13.860553523940341,3.582512874290404,3.0549198294899695
251.20000000000002,15,14,15.094476709510985,13.993408752064152,14.925139813887144,13.813068300209666,3.6466227446728094,3.154919829489978
251.4,15,14,15.094942635707019,13.997373307814957,15.201530045022489,13.841979449888631,3.624803643523802,3.162847830639081
251.60000000000002,15,14,15.094421088012517,14.000437846194034,15.045105863510628,14.140575184641852,3.6216896139931007,3.0628478306390723
251.8,15,14,15.093942726893061,14.002238378269634,15.240312599438914,13.983887696961697,3.551671684170784,2.962847830639078
252.0,15,14,15.09186715416755,14.003416682978598,15.152419464040387,13.953768029379424,3.468160395807742,3.005580010392645
252.20000000000002,15,14,15.08994468884213,14.004676310874453,15.092383858525762,14.02923789567516,3.5421514864906554,2.9219499864549987
252.4,15,14,15.087792741682131,14.004683364189315,15.142281919462507,14.014986241881893,3.4456132052519384,2.8219499864550044
252.60000000000002,15,14,15.084835074777052,14.00342796169719,15.070798236493244,14.30620920566551,3.488408952089209,2.721949986454996
252.8,15,14,15.082143566344469,14.001157599589513,15.206320707846013,13.873985706142063,3.41430843987308,2.7101829384380074
253.0,15,14,15.078303349959,13.999247819061644,15.115089805876963,14.093497087579326,3.422508614639642,2.684147954245706
253.20000000000002,15,14,15.075775740563214,13.996573239091525,15.141247248656393,13.992738152898857,3.5225086146396505,2.6855822769048383
253.4,15,14,15.07490743359137,13.994849449367377,15.004273400000846,13.967743077706812,3.622508614639645,2.7855822769048326
253.60000000000002,15,14,15.074959825455407,13.99438212019365,15.106501504993034,13.771196490415159,3.588912953330302,2.885582276904841
253.8,15,14,15.073539509065741,13.99502093979739,15.266050196821013,14.016873121203021,3.4889129533303076,2.917214866819009
254.0,15,14,15.070679435716036,13.994940645319865,15.0351865055803,14.102262997324816,3.459902696610145,2.8172148668190147
254.20000000000002,15,14,15.068592117556058,13.99402731617406,15.161997444635215,13.998614435072936,3.489239688244145,2.8340017542492664
254.4,15,14,15.066803075884575,13.994147544362992,15.081668522080472,14.012907714870503,3.563089264546177,2.934000974440935
254.60000000000002,15,14,15.066661401612782,13.994286662859151,14.824377131670415,14.157973209240135,3.6630892645461857,2.8358632569658635
254.8,15,14,15.068179197942605,13.993170457341641,15.103058681627274,14.053152003784813,3.7512958692306917,2.735854545521547
255.0,15,14,15.069497709728216,13.991998604970899,15.23484494948761,13.90951523887591,3.6512958692306974,2.8309860031981913
255.20000000000002,15,14,15.069150496104832,13.99138753183398,14.978538530277376,14.019892780830705,3.55128978357311,2.782239440431992
255.4,15,14,15.06817693848063,13.989614013258619,15.173393597803614,14.098186240869659,3.586487500726712,2.69828298564223
255.60000000000002,15,14,15.068402623348302,13.988027634825876,14.945890575694705,13.786842067068646,3.6860832017857335,2.7979552965940613
255.8,15,14,15.070120958537725,13.9877000333368,15.155821626911774,13.94758496593081,3.7225037676061334,2.8979552965940556
256.0,15,14,15.071934549898923,13.98862998886586,14.889076009411191,13.938750236253775,3.77612754380198,2.99795529659405
256.2,15,14,15.074404556367204,13.990256238037375,15.038796083733997,13.946251011175507,3.726814543254182,2.964430584232211
256.40000000000003,15,14,15.075325140132792,13.990764675898323,15.164631573398903,14.194218958124184,3.6268145432541594,2.8644305842321884
256.6,15,14,15.074585087040871,13.990015630397645,15.115948561551916,14.00965910347078,3.526814543254165,2.764430584232194
256.8,15,14,15.072318578566044,13.98800840675866,15.087036818131818,14.257229530891763,3.4843986058246257,2.6644305842322
257.0,15,14,15.070865254022406,13.984772008958554,15.023208690956467,14.076056108152892,3.58439860582462,2.593945936845498
257.2,15,14,15.070761236270048,13.981882954338507,15.100143960373796,13.832038266169857,3.59954913222063,2.693945936845492
257.40000000000003,15,14,15.070142078816023,13.98025262184018,15.06994890784151,13.918737568878889,3.6202081816531293,2.793945936845515
257.6,15,14,15.07092265026725,13.97917763806752,14.865289476150712,14.193288260572919,3.7202081816531236,2.744459288710933
257.8,15,14,15.072883736941554,13.977495670519431,15.208677500461016,13.730491569316404,3.7133624311478033,2.7785084392251838
258.0,15,14,15.074264211382003,13.97693693561266,14.932879091417988,13.95974454104203,3.7458076220816086,2.874152473224663
258.2,15,14,15.077116961554522,13.976327507554313,14.952783766218271,14.137773725911485,3.845807622081603,2.774144977016205
258.40000000000003,15,14,15.080181171992628,13.97446951990194,15.102303404972306,14.168587948806072,3.7597743994043142,2.6741449770161823
258.6,15,14,15.082202407826138,13.97189187460759,15.05025504973622,14.021046618347517,3.7768407035302776,2.7038295447256426
258.8,15,14,15.08552591776585,13.97042329281557,14.871664953379211,13.797201719160913,3.876893556047915,2.803829544725637
259.0,15,14,15.089541735515077,13.970219209237484,15.158083773411985,13.952793251890196,3.824925933362696,2.9038295447256313
259.2,15,14,15.091986110342035,13.970345912062735,15.010821587374382,13.924858424441274,3.7249259333627016,2.831753790279788
259.40000000000003,15,14,15.09276320423806,13.969353144960012,15.051199733155014,13.86132118621843,3.624925933362679,2.790607248740964
259.6,15,14,15.09247427493736,13.968990943760687,14.95267533969705,13.91578700451284,3.6449219485119126,2.890607248740958
259.8,15,14,15.093553733678476,13.968931048175794,14.960223096287558,14.247479062182508,3.719232103271351,2.816402495851761
260.0,15,14,15.09424038560132,13.967638044476578,15.125702851141076,14.021644738799374,3.6193915550727165,2.7164024958517667
260.2,15,14,15.093254382315367,13.965091045816179,15.170369724768863,14.041652581862373,3.519391555072722,2.6164024958517724
260.40000000000003,15,14,15.091427001991379,13.961858466328422,14.90629735487092,13.95494125046003,3.5610220324573487,2.6509965614935096
260.6,15,14,15.091112416743185,13.959709062300679,14.99928726059899,14.003849304768597,3.661022032457343,2.71522614289248
260.8,15,14,15.091808457666758,13.957990634462762,15.063208862946405,14.0304264399723,3.636507116715567,2.761823418511316
261.0,15,14,15.091073668429098,13.957273927906368,15.101606045912929,13.934809156707587,3.5365071167155726,2.8614092261698127
261.2,15,14,15.089961276828452,13.957809817092105,15.054532047185457,13.82588772827315,3.611740845505984,2.961409226169807
261.40000000000003,15,14,15.089536235713433,13.958998012727793,15.094434461731193,14.061570407956916,3.5593881564864023,2.9232715994985417
261.6,15,14,15.088432835796556,13.95912817684248,15.197847783151323,13.846591699256354,3.6059568836476874,2.874597400278169
261.8,15,14,15.087490485964912,13.959816865930533,15.240783511966628,13.955771434832059,3.5222066216844654,2.974597400278163
262.0,15,14,15.08522161483845,13.961576467487552,14.969619525550169,13.81910302627658,3.5074182956932223,2.9994748291404476
262.2,15,14,15.08409240106867,13.963190763376277,15.05176741386785,13.916057108469412,3.6074182956932166,3.0198130167773267
262.40000000000003,15,14,15.083956576560643,13.964938185559328,15.182460456586854,13.924727493547373,3.5786174547493763,2.9985382497301933
262.6,15,14,15.082780761636512,13.967128687788428,15.099606393137696,13.914042020344981,3.5756368078779928,3.096439223689546
262.8,15,14,15.082243055463525,13.969780545422061,15.031579999473047,13.942980792377337,3.5910268820975895,3.038268078328712
263.0,15,14,15.080940227111547,13.97123486995688,15.233575959476669,13.843745909425317,3.4916932042287354,2.9568434458738286
263.2,15,14,15.078139179682768,13.972745031939873,15.085878401590254,13.99560171745849,3.450903440139386,3.02558354555534
263.40000000000003,15,14,15.076202513727873,13.97454436768134,14.970508400256696,13.853677489939566,3.550903440139409,3.0073259980904887
263.6,15,14,15.075949502594927,13.97558365171597,14.939033206443758,14.039884956560773,3.650903440139403,2.9082056372407266
263.8,15,14,15.077051682055526,13.975365438631398,15.021229899960735,13.990902828323081,3.663801558319077,2.8082056372407322
264.0,15,14,15.077985779732467,13.974298000855162,15.004208097158322,14.087756890436538,3.7164277416385336,2.821759494132563
264.2,15,14,15.080127128628158,13.973724586400778,15.001793387345806,14.115435202315672,3.7237187051089258,2.7917922770317913
264.40000000000003,15,14,15.081502933052482,13.97205352197565,15.085984991874206,14.0994309430382,3.715295786024719,2.6917922770317686
264.6,15,14,15.082326079156854,13.969808555282386,15.133106885066988,13.99309418889524,3.617045482383721,2.738594875836912
264.8,15,14,15.081498674994688,13.968732916704601,15.031179277445736,14.015982721470861,3.539732175000774,2.838594875836906
265.0,15,14,15.07990030807838,13.968910421746237,15.13146483943524,13.893771105797414,3.4817346081241456,2.9385948758369005
265.2,15,14,15.07844263403113,13.97027488657184,14.947956534019463,13.927578584043255,3.579213031189686,2.995161596782602
265.40000000000003,15,14,15.078638362786386,13.971836205987772,14.98422439331598,13.874691702773955,3.653300946600198,3.009634057999085
265.6,15,14,15.078445162431795,13.972899687645079,15.076137781853722,14.09770939961683,3.5533009466002037,2.91046595231687
265.8,15,14,15.077864223527888,13.972703154141874,15.100858803467698,14.139426131420555,3.627799073569722,2.810465952316876
266.0,15,14,15.077880833173813,13.971250451382351,15.03487795723967,14.113212216352778,3.569829211332795,2.7104659523168815
266.2,15,14,15.07702171155112,13.969045724572647,14.99135622596604,13.935143653653114,3.6016568320558906,2.736964041926107
266.40000000000003,15,14,15.077055585814634,13.967539363941077,15.120491508850593,13.978910511692527,3.584519632223759,2.730456432976759
266.6,15,14,15.075706017264435,13.966315316883538,15.182816693641323,13.949305298599745,3.4845196322237646,2.828365949858669
266.8,15,14,15.073740846568816,13.966304234624609,15.004197634643269,13.978740086628953,3.5428423357957946,2.8932147523140106
267.0,15,14,15.073376300547165,13.965886695793582,15.040101794032324,13.968240706645304,3.642842335795789,2.7932147523140163
267.2,15,14,15.074045717160908,13.96458459360491,15.065020365685829,13.925491222363929,3.620051514353821,2.801785419589606
267.40000000000003,15,14,15.073296664419773,13.964276590891043,15.264673693694668,13.86456022747109,3.5200515143537983,2.9017854195896287
267.6,15,14,15.071441129358414,13.964176547101312,14.944712854090595,13.996278547178386,3.5349497202024502,2.8194783578370406
267.8,15,14,15.070953115513188,13.963311353943126,15.0253295928139,13.847388136411773,3.6349497202024446,2.843611168266278
268.0,15,14,15.072131012579556,13.963505022124151,15.032750116662925,13.992272099555283,3.734949720202439,2.92061013496441
268.2,15,14,15.073689149807977,13.964479121518737,15.132316043011171,13.916857286442909,3.6589899960836445,3.0036109465577314
268.40000000000003,15,14,15.073789341045163,13.966519380403563,14.95606022189564,13.98166338717888,3.6227891438245443,3.0285453140096523
268.6,15,14,15.073975237127941,13.967795107074457,15.272617307200152,13.952144636305746,3.5821286355684685,2.932758831885094
268.8,15,14,15.07272820743413,13.969061011371785,15.02464017031131,13.875398195617137,3.5233312988884813,3.028531276382481
269.0,15,14,15.072114215192276,13.970569775746702,15.018619899636416,14.117363674619016,3.6233312988884756,2.949633883160037
269.2,15,14,15.073175081416963,13.970897599111069,15.00952994391007,13.919467182934076,3.72333129888847,2.894833383546427
269.40000000000003,15,14,15.075142752164878,13.971730173267732,15.062652404931997,13.895739976960094,3.6882695149995848,2.9948333835464496
269.6,15,14,15.076193071294634,13.972868614753454,15.049329632610531,14.211413578853,3.680671714350015,2.920981256403696
269.8,15,14,15.07821383008509,13.972781598985682,14.997463496369486,14.114965087127464,3.780154398339993,2.8380143786793273
270.0,15,14,15.081021323381524,13.972903632675841,15.183611083392362,13.79194508599071,3.7353294645407695,2.9380143786793216
270.2,15,14,15.082641158950867,13.974283109587176,14.842182343058353,13.93342144083734,3.7267203137935057,3.038014378679316
270.40000000000003,15,14,15.085444320424333,13.97579185780229,14.982987463496354,14.116969724784024,3.8267203137935284,2.948661943031252
270.6,15,14,15.089909395749574,13.976061124387625,14.899517609449846,13.957285678846375,3.919947122359317,2.8657826460675127
270.8,15,14,15.09425249331195,13.975516823502703,15.002291314743513,13.952363016031141,3.8199205522035786,2.7849405449302833
271.0,15,14,15.096918048796882,13.974835064002699,15.187920702852278,13.816636380327141,3.7199205522035843,2.872060485575943
271.2,15,14,15.098007326629022,13.975406499412532,15.02215298971229,13.9256167814896,3.6661648546321506,2.972060485575937
271.40000000000003,15,14,15.099265422952692,13.97723211653135,15.065222793259357,13.828940162464699,3.6808033566883185,3.07206048557596
271.6,15,14,15.099656141953991,13.979198789168583,15.14881386639254,13.921438218771037,3.5820177142959517,2.983990592878948
271.8,15,14,15.098785803019755,13.979908473538556,15.004923820587699,14.000293367069302,3.5744928304219887,2.8839905928789538
272.0,15,14,15.097432866087805,13.980292355147027,15.178838078259393,13.882483308240205,3.4759782631361924,2.95649124003501
272.2,15,14,15.0948469244602,13.981900150852681,14.90991217446434,13.799195007989557,3.4759294428048335,3.056491240035004
272.40000000000003,15,14,15.093499991589256,13.98427602998579,15.12873385113009,14.034399421157582,3.5476962434107153,3.033176977626202
272.6,15,14,15.092649477840192,13.985572426910075,15.029613323198543,14.023537850108847,3.5855984067775797,2.9331769776262075
272.8,15,14,15.093188169294837,13.98560891243937,14.971707981521622,14.149861327967969,3.6855540798323405,2.8331769776262132
273.0,15,14,15.09430306013674,13.984627263646965,15.134565554319238,14.003261452012296,3.6242189202276776,2.819886249607001
273.2,15,14,15.094812041586396,13.984499257165403,14.941109677341467,13.857646944920027,3.667740625476017,2.9198862496069955
273.40000000000003,15,14,15.09509062772365,13.984841342408515,15.231151178392881,14.107849780865529,3.5702597316742963,2.8617900685532516
273.6,15,14,15.093726866186437,13.983984689471331,15.064961015144911,14.065701808870228,3.4907956903273867,2.7740123091212356
273.8,15,14,15.091129028708778,13.982245854164532,15.148494573665536,14.132089083943878,3.397542703865671,2.6931913214225784
274.0,15,14,15.088030292139795,13.97957488615863,15.153212582717218,13.934011629908424,3.464736602707574,2.6616747417986266
274.2,15,14,15.086538872749264,13.97620636833675,14.983317891990698,14.083335117638962,3.564736602707568,2.562748790941332
274.40000000000003,15,14,15.08669077469586,13.972355359352612,15.037207604667548,13.953293766637996,3.664736602707591,2.6191834579088478
274.6,15,14,15.087668723326907,13.969707884315183,15.26764989468588,13.934907608556118,3.624647074868372,2.719183457908842
274.8,15,14,15.087242617927728,13.968319976329985,15.082906968975644,13.83297920655657,3.579018963062446,2.8191834579088364
275.0,15,14,15.087597495195952,13.968154100218138,14.95013807280815,13.91080343362247,3.67901896306244,2.8863603464057563
275.2,15,14,15.08901628211095,13.968377498659965,15.141201368940497,13.942473021178303,3.658788460855847,2.9425268158400932
275.40000000000003,15,14,15.089793335442613,13.969227190643274,14.905593252445355,14.016882061109921,3.693288895889168,2.9081329985204634
275.6,15,14,15.091360647700801,13.96974423810147,15.323855542166607,13.90936066288566,3.663643395273638,2.9665539698460788
275.8,15,14,15.091759157589744,13.971422406797952,14.829057700778803,13.939937960531635,3.6459457919801235,3.0318487262852614
276.0,15,14,15.093200186217269,13.973905055077488,15.069066870233756,13.871736911651649,3.7076048669642723,3.1277918431198697
276.2,15,14,15.094084141528292,13.977068204839638,15.129010877961854,13.960678988329963,3.607604866964278,3.0930628037719075
276.40000000000003,15,14,15.094044755402777,13.979102158407235,14.95959794549446,14.105785922398663,3.639163460682557,2.9930628037718847
276.6,15,14,15.094618649683733,13.9798760793435,15.051998077837464,14.062372706394566,3.595081247791473,2.8930628037718904
276.8,15,14,15.093665865787536,13.979755958482869,15.234611477599637,13.777435270396298,3.4950812477914788,2.9008099140934243
277.0,15,14,15.091086891653507,13.980618887072234,15.076061630767054,13.883843926652363,3.421379748286778,3.0008099140934186
277.2,15,14,15.088935306548917,13.98172156696603,14.948616197604695,14.198875518984506,3.521379748286772,2.9217550246291477
277.40000000000003,15,14,15.088236709177583,13.981576368395212,15.140762881948175,14.187772622737038,3.5483798167029073,2.821755024629125
277.6,15,14,15.086984950880261,13.980255937834336,15.008936207428466,13.926971553986265,3.551243631317665,2.7731467145067987
277.8,15,14,15.086114389588419,13.979497105371248,15.126617176746683,13.977989349892503,3.5052164565426454,2.873146714506793
278.0,15,14,15.083706712363789,13.979989926028662,15.187404841268977,13.988793534762417,3.405216456542651,2.9731467145067874
278.2,15,14,15.08060009231363,13.980997992286106,15.030351790881605,13.951134842565493,3.456136919033912,2.920564781487769
278.40000000000003,15,14,15.078985800635856,13.9808131607419,15.135341797464992,14.158397150338258,3.51096235992779,2.820564781487746
278.6,15,14,15.076706267399747,13.979447860490806,15.149270974584468,13.998759932929007,3.4109623599277956,2.7707598922703185
278.8,15,14,15.073368737050906,13.978088234507618,15.154201823089426,13.95982594888469,3.4315257840801277,2.739533132374978
279.0,15,14,15.070955784002152,13.976250484408727,15.07827604934131,13.920003462146802,3.4247078276015275,2.781502619371532
279.2,15,14,15.068324127700935,13.975559014205372,15.018874077548196,14.03056920882259,3.468441399725479,2.8815026193715263
279.40000000000003,15,14,15.067004994419309,13.976118295101397,14.99035140890132,13.92637910791052,3.5680095394142826,2.981502619371549
279.6,15,14,15.06687720834131,13.977041214186118,15.105551278663464,14.126768120135871,3.5600944205321956,2.913356412697661
279.8,15,14,15.065444865026814,13.976953889139322,15.180860728692556,13.938479399718517,3.4600944205322013,2.896509367821777
280.0,15,14,15.06308360820884,13.977687374123073,15.10527510351805,13.875626803772873,3.492110324206865,2.9965093678217714
280.2,15,14,15.062211889208736,13.979479931363672,14.974449937575308,14.036912009831157,3.5921103242068595,3.037451227859704
280.40000000000003,15,14,15.062053605873098,13.98194998408233,15.244648788409364,13.903649600358456,3.539478491828231,3.135852227118489
280.6,15,14,15.060985905898391,13.985611833862079,14.91516324520116,13.976852752416752,3.5630346501625256,3.1963828796976737
280.8,15,14,15.06104896003453,13.988822053013282,15.112424121929743,14.067927724298187,3.5753129604097817,3.0963579702714537
281.0,15,14,15.060357553717239,13.990768428543484,15.056231523903808,14.100382945443707,3.568878793477071,2.9963579702714593
281.2,15,14,15.059469545686618,13.99145280016086,15.133743172134736,14.178838435034898,3.4852766151347057,2.896357970271465
281.40000000000003,15,14,15.056935428133114,13.990916346825454,15.147655953740427,13.993783736686474,3.385276615134683,2.8323311368765065
281.6,15,14,15.05384590727111,13.990180840400145,15.081898240819886,14.114874106369728,3.448061986167521,2.7936807274848654
281.8,15,14,15.052363979313059,13.988440406960713,15.002912282074437,14.006395042216404,3.5480619861675153,2.7596073038741085
282.0,15,14,15.052540516318382,13.98739186344976,14.887542622082124,13.972058232505635,3.6480619861675097,2.859607303874103
282.2,15,14,15.053794822051284,13.987600792106269,15.11328460513409,13.868659376958632,3.6296100061962737,2.959607303874097
282.40000000000003,15,14,15.054598805367949,13.988677837496374,15.033070627249392,13.991555971879007,3.6792685659962645,2.948627926763615
282.6,15,14,15.056964650105876,13.988771023095017,14.932962242032989,14.065235364450736,3.779268565996259,2.874526428813647
282.8,15,14,15.060343381199319,13.987974053515147,15.137350866436332,13.99091853159978,3.7549741831148657,2.7792619211132767
283.0,15,14,15.06228207221026,13.98686469544495,14.97268453377319,13.851226693303685,3.6549741831148714,2.851912079772872
283.2,15,14,15.06373837276646,13.986985551038027,15.061190073748211,13.920168459361062,3.7239016136207703,2.9397126188781586
283.40000000000003,15,14,15.065581352386246,13.98744867274318,15.24228675542065,13.998611547844343,3.6514753618411557,2.9259234494219015
283.6,15,14,15.065791879547536,13.987257208299813,15.056435145010608,14.01718022031071,3.5514753618411614,2.8265314749419277
283.8,15,14,15.064971316293732,13.985881096485592,14.972179331916045,13.91432251747206,3.5750747224312285,2.774506287446289
284.0,15,14,15.06478824760843,13.985035698450806,15.197162787790267,13.915071873305147,3.538285785865013,2.8745062874462834
284.2,15,14,15.063903801077174,13.985444110696946,14.911666630943817,13.965354638662811,3.5764441468957067,2.9745062874462778
284.40000000000003,15,14,15.064409322222058,13.986176302324692,15.138866590161795,13.96267817587725,3.621880359298443,2.9027321676911924
284.6,15,14,15.065225989020536,13.985679067204888,14.974151700707647,14.05949544011719,3.683990909686771,2.802732167691198
284.8,15,14,15.066764440306198,13.984754193630577,15.100786138278243,13.787527584002563,3.6390066787528355,2.864837752839398
285.0,15,14,15.066909024214537,13.984484541425799,14.947687600670323,13.95942117614648,3.5987781246645816,2.8316601928397276
285.2,15,14,15.067896611359586,13.98344594778074,14.843627438531438,13.936653587851925,3.698778124664576,2.836664664953882
285.40000000000003,15,14,15.069193943672156,13.983149556080004,15.16365825716589,14.055885055903568,3.618778012428371,2.8504498472129027
285.6,15,14,15.06884142726205,13.982026671371592,15.0571725458008,14.074768235111975,3.5250780835193454,2.772528766518921
285.8,15,14,15.068587697086851,13.981155807503768,14.81456528429314,13.908251821020798,3.6250780835193397,2.872295119816929
286.0,15,14,15.069997812025123,13.981378063946035,15.010013491693854,14.00547026258084,3.725078083519334,2.9003071866392207
286.2,15,14,15.071537349126533,13.981339578112637,15.331463562891734,13.974280447669576,3.6331368305081444,2.9196938945364734
286.40000000000003,15,14,15.071620745945319,13.982319601938995,14.997468053319569,14.013286961318721,3.602994463215006,3.019507401916143
286.6,15,14,15.072433574660389,13.984551692633474,15.138371672254568,13.816881340302915,3.626600770506971,3.1195074019161373
286.8,15,14,15.072237367919374,13.987518477866416,15.192554124560035,13.906319804955038,3.5266007705069766,3.0914194591658055
287.0,15,14,15.07078571606105,13.98938274106317,14.961995427588654,13.87767462314668,3.523082564806738,2.991419459165811
287.2,15,14,15.070541980556012,13.989984598343456,15.008854834203971,14.038597578767321,3.5990811706260493,2.891419459165817
287.40000000000003,15,14,15.069925058754142,13.989328390332712,15.043066411110892,14.164693415323072,3.4990811706260265,2.791419459165794
287.6,15,14,15.067640405586861,13.987614580942594,15.195797509002487,13.939348995095393,3.399081170626032,2.771298511807053
287.8,15,14,15.064117443448836,13.98669905448551,15.034380377706853,13.944013370603132,3.400242351295771,2.8712985118070473
288.0,15,14,15.061861545720758,13.987032707977942,15.008173371442037,13.933891389618891,3.5002423512957654,2.9712985118070416
288.2,15,14,15.061283516344805,13.988616231038039,15.029123586758955,13.917628309468073,3.6002423512957598,3.071298511807036
288.40000000000003,15,14,15.062387135811367,13.991423721678608,15.059770001121013,13.8177074859724,3.7002423512957825,3.1539672261437173
288.6,15,14,15.064357050527915,13.99405921691564,14.971090158715437,13.990348774420443,3.6697558191479445,3.0558226471321026
288.8,15,14,15.064981537046894,13.995435757884435,15.09563476081241,14.118356396024721,3.5697273112759103,2.9558226471321083
289.0,15,14,15.063948360633923,13.995552501210874,15.141441312897276,13.940115930939541,3.469727311275916,2.855822647132114
289.2,15,14,15.062439129251185,13.994409379257851,15.116752259146782,14.09579596077081,3.5385301747473275,2.7558226471321197
289.40000000000003,15,14,15.061775620047065,13.992880451791176,15.196651393420247,13.994155279083598,3.502398624551173,2.822296459575551
289.6,15,14,15.060832602775386,13.99257069942408,15.07480057058118,13.892194988895488,3.573381732242088,2.9222964595755454
289.8,15,14,15.060887940600246,13.992676008618547,15.076038587509965,14.094458335459928,3.549914543216766,2.8588634321127397
290.0,15,14,15.05983133445658,13.991565636918718,15.093945575127378,14.229184668421851,3.5360411572276473,2.7588634321127454
290.2,15,14,15.05894330811786,13.989461983208587,15.11070955328221,13.938940351915315,3.49289609645034,2.7503234858336523
290.40000000000003,15,14,15.058234007319568,13.988244814420064,14.890518230770729,13.97296030808209,3.590217490675,2.850323485833675
290.6,15,14,15.05883516019919,13.98822487794762,14.98723055517041,13.904198345563673,3.598325942315965,2.9273266265954345
290.8,15,14,15.058259900695075,13.987987450084924,14.979409196967655,14.056470632326354,3.4983259423159705,2.828412302046392
291.0,15,14,15.057561835355898,13.986866764654355,14.898877415044623,13.927958782914422,3.5908569279877587,2.8376008123325116
291.2,15,14,15.0577836069326,13.986084985831937,15.010749241597379,14.195300065321842,3.5576789652455396,2.792775141704238
291.40000000000003,15,14,15.056540094676638,13.984272228337684,15.014857080467484,13.983349359309528,3.4776142739409264,2.7568965540082524
291.6,15,14,15.054018299297558,13.983127587542425,15.073521826349936,14.085636024815846,3.3823822501821525,2.8435197164500363
291.8,15,14,15.050451245513601,13.98181560635901,14.957869347671314,13.984489076992658,3.4036012626233147,2.743514664842863
292.0,15,14,15.047540117749785,13.979534818188332,15.028561410440023,14.05465862010182,3.4038242190247137,2.7396674605740414
292.2,15,14,15.043738298126213,13.977054648902001,15.138866518485829,14.161200849576842,3.3055157423728736,2.6514328941232783
292.40000000000003,15,14,15.039478966148854,13.974066870889855,15.098095252837751,13.99258652320703,3.3761587378296074,2.705745065004562
292.6,15,14,15.036844327357418,13.972266623476404,14.963702987553315,13.867829724805105,3.4761587378296017,2.8057450650045563
292.8,15,14,15.035723188806404,13.971720326293694,15.136329658651697,13.836543627711324,3.5158673817364177,2.9057450650045507
293.0,15,14,15.035131078604334,13.972427222345583,14.908109845138165,13.933407049751578,3.5976287303613463,3.005745065004545
293.2,15,14,15.036084570157781,13.974387004006179,15.05203873717188,13.696556603438244,3.6445977282265365,3.1057450650045393
293.40000000000003,15,14,15.036290846357742,13.977583097416684,15.107114912898554,13.931088099200245,3.544995713775056,3.1839934751185717
293.6,15,14,15.03536259540151,13.980512145524782,15.169574359770715,13.961134237463062,3.5059835576510747,3.0839934751185774
293.8,15,14,15.033493191371036,13.98217620376861,15.132410977337868,14.108153854641541,3.426424980747868,2.983993475118583
294.0,15,14,15.0301351508121,13.982613212036869,15.14587878087355,13.967662795472624,3.326544102422375,2.918702194765305
294.2,15,14,15.026232144778866,13.983356636286278,14.996664849754131,13.873514291952553,3.3893209848351216,2.977834671101041
294.40000000000003,15,14,15.02395244315776,13.98369093741481,14.962477494418579,13.971016652259836,3.4893209848351443,2.8804407402189343
294.6,15,14,15.02334229016333,13.982766560888521,15.032867146898,14.051987429002256,3.5893209848351386,2.78044074021894
294.8,15,14,15.02414530929268,13.981792252055214,15.045518072086978,13.780394272181974,3.612577048659708,2.8762816127413426
295.0,15,14,15.024892675793252,13.982066352641965,14.919134502170952,13.929241310463658,3.6661268989630105,2.959968972376263
295.2,15,14,15.027218614616002,13.982145159179762,14.989867463522867,14.13992520580268,3.7646238298681736,2.8599689723762687
295.40000000000003,15,14,15.029606812824266,13.981222857052748,14.892177541357443,14.057013970990578,3.672200699389631,2.8490856224375256
295.6,15,14,15.030356293803216,13.981173814425727,15.102464309719922,13.929045961111457,3.5723421250420815,2.94908562243752
295.8,15,14,15.029445821308768,13.981529088913902,15.108570864211769,14.05191989012617,3.472342125042087,2.8845889140275656
296.0,15,14,15.02786682663232,13.98119157898327,15.024494215157851,13.897691743006586,3.5266058538093703,2.914211965769988
296.2,15,14,15.027290507049718,13.98195142854684,15.061750947947159,14.051830971483703,3.508446648978985,3.014211965769982
296.40000000000003,15,14,15.026413078377109,13.983644222537201,14.8549705661813,13.861111259854063,3.568836097963547,3.0179548966658545
296.6,15,14,15.027146852351216,13.984533501641065,15.034990802900928,13.91302112198349,3.665202709097877,2.932875906596537
296.8,15,14,15.029392828595439,13.985483292213397,14.929026234812321,13.914118182477168,3.7593377950029128,3.030057075029138
297.0,15,14,15.032950249905028,13.987183119710775,14.865179477430008,13.97223556434714,3.7707614085154675,3.0029157630053818
297.2,15,14,15.035389945753902,13.98799608525257,15.230163025408672,13.812130461885976,3.6707738281755136,2.982633709502569
297.40000000000003,15,14,15.036235300539758,13.988658994160483,14.949517961456387,14.06096133816833,3.6111666017195483,2.9085195896549285
297.6,15,14,15.03752941066026,13.988814297214335,14.98645515997186,13.858203695102326,3.650324452651798,2.960711324856782
297.8,15,14,15.037970882631067,13.990153570776414,15.125471594660723,13.888351990754435,3.550324452651804,3.060711324856776
298.0,15,14,15.036906185275129,13.991819446495342,15.036970787284123,14.012803296290258,3.5091489736522306,2.989188196475327
298.2,15,14,15.036688163596233,13.992257084813602,14.92320066532453,13.924299877479573,3.609148973652225,2.9044277842309376
298.40000000000003,15,14,15.03691121268479,13.991702606862551,14.99362541304511,14.121238653092517,3.537651300486549,2.8110175392057313
298.6,15,14,15.03638260733923,13.990594757240912,14.874078449436588,14.04708056338573,3.5833602451326563,2.860404874392002
298.8,15,14,15.03733467710856,13.990662897012989,15.141116412614867,13.869569842331718,3.645759146981678,2.960404874391996
299.0,15,14,15.038486234429646,13.991633331361284,15.003500218929316,14.04132986073714,3.681180029125809,2.9543019531850705
299.2,15,14,15.0400908496391,13.991779070992528,14.999209119255429,14.003138528524536,3.6232042419194235,2.924269685381699
299.40000000000003,15,14,15.041266143214557,13.992457388602594,14.926267983284813,14.015971576207292,3.690231736469699,2.955631671513342
299.6,15,14,15.043429374826092,13.99246966216636,15.160672881199858,14.084690813594989,3.66709968201617,2.855767182045133
299.8,15,14,15.044353405593343,13.991228936018127,14.997993601940335,14.174870127115181,3.6339854144162156,2.7557671820451386
300.0,15,14,15.044638616630836,13.989028546039773,15.318155226711628,13.837328409728416,3.540881227384386,2.75228513345132
300.2,15,14,15.043431556540996,13.987749632190917,15.067082565735806,13.74335472993907,3.5066941108956353,2.852285133451314
300.40000000000003,15,14,15.042363209998346,13.98767420749761,15.12880455996473,14.036179149594458,3.470084973944839,2.912168774462077
300.6,15,14,15.03980328569513,13.987140851297424,15.122745252058726,14.097080236960744,3.3700849739448446,2.8121687744620827
300.8,15,14,15.036260040047116,13.986138563516533,14.911515370993735,13.819755552654948,3.3976346284495538,2.8710734572988343
301.0,15,14,15.033856089435073,13.98632939923662,15.190384317363838,13.929518273490016,3.410715240629645,2.9634226559286727
301.2,15,14,15.030665560336539,13.987506456481483,15.115603608728003,13.984493135772402,3.3999045325646273,3.04065805016953
301.40000000000003,15,14,15.028650329006055,13.989753193601356,15.058013632639128,13.990125811790982,3.49990453256465,3.1315022155854493
301.6,15,14,15.028324906598838,13.993191137479123,14.965065696646386,13.852292074844788,3.5999045325646444,3.231517068829461
301.8,15,14,15.029677391329194,13.99683088744654,15.025156090696365,14.17894585230481,3.6880659072840127,3.148978455769437
302.0,15,14,15.030892821414588,13.999219597396326,15.046499313682148,14.154039615924427,3.5898423863629216,3.0489784557694426
302.2,15,14,15.03045600947433,14.00034789054099,15.073562070999671,14.010576161367164,3.4898423863629273,2.9489784557694483
302.40000000000003,15,14,15.028362482027756,14.000214981866451,15.120450606179883,14.09715573560377,3.3898423863629046,2.8489784557694255
302.6,15,14,15.025452112654508,13.998984723398971,14.999724114306687,13.9395552904751,3.4322508022333804,2.8212694173785993
302.8,15,14,15.024067964271458,13.997745741624538,15.029362013077629,13.970483060591569,3.5322508022333747,2.7668235511700856
303.0,15,14,15.023976664893624,13.996067095006689,14.987220382470857,13.946632725357428,3.538750363748089,2.821376049388546
303.2,15,14,15.022841926124883,13.994989700479463,15.069567125466293,14.148634661287227,3.4921607192234867,2.7842684554901487
303.40000000000003,15,14,15.022428029911358,13.992780485570595,15.036271707931148,14.134221791634053,3.5917480670272495,2.684268455490126
303.6,15,14,15.023661614101833,13.990224901397717,14.94665975614844,13.819569645909999,3.691748067027244,2.7539874794883366
303.8,15,14,15.025555271444613,13.988903508715484,15.19601364564023,13.939689086883197,3.637693592936556,2.853987479488331
304.0,15,14,15.0259960280682,13.98884115229525,15.03914474968334,13.895942507479084,3.593711687255963,2.953987479488325
304.2,15,14,15.027242710939198,13.990034076652071,14.944980140636474,13.972123563653177,3.6937116872559574,3.0539874794883195
304.40000000000003,15,14,15.029749064124669,13.99133531431142,14.96283108067208,13.993028153259436,3.6943395796399243,2.9628038936825845
304.6,15,14,15.031012512303132,13.99138444744092,15.074387359297889,14.26941872484399,3.59433957963993,2.86280389368259
304.8,15,14,15.030607225072634,13.990178328882742,15.206145502230502,14.059795950744318,3.4943395796399357,2.762803893682596
305.0,15,14,15.028530766370476,13.9884846628519,15.089769381573598,13.924091258731062,3.3943395796399414,2.8192527955136075
305.2,15,14,15.025131504556626,13.98714546160556,15.145643826898846,14.040968919612926,3.3847707419524005,2.7559289106158356
305.40000000000003,15,14,15.022893501632918,13.984801741294131,14.904256145934072,14.035191649783048,3.484770741952423,2.7381907530614114
305.6,15,14,15.021898557342528,13.982852163027776,15.215587213268766,14.067673179871017,3.4851406567820877,2.7215795810858645
305.8,15,14,15.019648180612062,13.980243525577439,15.262015179004413,13.978810212116604,3.3851406567820934,2.7275632885602787
306.0,15,14,15.016358381580194,13.977425996594327,14.91579355158903,13.961624219441623,3.408443419927955,2.6354345531453416
306.2,15,14,15.014468758179632,13.974439010257258,15.089678740637806,14.061235790582536,3.494465333015723,2.7210218178218626
306.40000000000003,15,14,15.013033968534726,13.972701458573622,14.977118991529101,13.881092413438953,3.4899801851489194,2.8210218178218853
306.6,15,14,15.010874559190562,13.972110635503808,15.058808810652684,14.089592072744699,3.3923755736900314,2.8624660678080702
306.8,15,14,15.00830664202697,13.970887298678567,14.937550495547454,13.969582218940614,3.465713595194542,2.7624605829325923
307.0,15,14,15.007371653239684,13.969601558051966,15.022656521218746,13.912278654198735,3.5657135951945365,2.8575365770883234
307.20000000000005,15,14,15.008100137000714,13.96957176400002,14.929968504261998,13.862964674234536,3.665713595194559,2.957536577088346
307.40000000000003,15,14,15.010218200295853,13.97079945239138,14.965123111963399,13.906968384935224,3.684081167621186,3.0575365770883405
307.6,15,14,15.01127963440493,13.973186820091183,14.93005821039846,14.055490040872359,3.592278839030998,3.1024038053181067
307.8,15,14,15.012411682058387,13.97561095697081,15.004551933663775,13.863972281898246,3.688069361251754,3.1355247221294467
308.0,15,14,15.015221499140543,13.977950448858659,14.841336685207587,13.992759125414477,3.788069361251748,3.04725698524698
308.20000000000005,15,14,15.0191004077333,13.979044755630621,15.095239403909755,14.054822143461653,3.768030053564116,2.9472569852469572
308.40000000000003,15,14,15.021584653931995,13.978887765297445,15.021221908845892,14.069422218679653,3.6820363616371434,2.847256985246963
308.6,15,14,15.023325525512904,13.977689891346749,14.987532344118964,14.05659799986066,3.6522042493149955,2.8290559093765455
308.8,15,14,15.02445525776962,13.977169864893815,14.879605840863336,13.939841967764558,3.6255109029395083,2.8850274773088858
309.0,15,14,15.026189543676013,13.977471592190504,14.8514580054622,13.887449700969235,3.7247200583223288,2.982850652671992
309.20000000000005,15,14,15.0293925861095,13.979031497144511,15.01152610694532,13.914538205682746,3.7558914002439328,3.0828506526720147
309.40000000000003,15,14,15.031667673827787,13.980649587335128,14.966435038011767,14.113378826948189,3.672314057051937,2.9874280376477556
309.6,15,14,15.03257376435388,13.981012394239615,15.122173806517738,14.025582105954665,3.574347607018586,2.8874280376477612
309.8,15,14,15.031926314783227,13.980118718330099,15.076339735560639,13.95260374680316,3.525872368763314,2.787428037647767
310.0,15,14,15.03137855144635,13.978909863643038,15.169365635164274,13.913509341108746,3.5211221922228293,2.860487702150748
310.20000000000005,15,14,15.029730586440268,13.978288755960207,15.079732482471647,14.208754808611031,3.42130268455594,2.817274518434706
310.40000000000003,15,14,15.027234123333201,13.976824280633615,15.001634244623403,13.823452725908052,3.4612882083356604,2.8174066879887576
310.6,15,14,15.026252113362435,13.976241074754935,14.924194631806296,13.874614550038684,3.5612882083356547,2.8740444037802826
310.8,15,14,15.026927914935024,13.975982655075958,15.015352925879796,14.016407617403837,3.6506786633691535,2.9346018854701086
311.0,15,14,15.027433734367952,13.976016046428256,15.149338580311214,13.94951309586015,3.550690639856672,2.8639485362798514
311.20000000000005,15,14,15.026610824162962,13.975878034337565,15.063318744970129,13.939361306378224,3.540422083053786,2.947315186443819
311.40000000000003,15,14,15.026952195356312,13.97642183658464,14.860186978248679,13.993055595931908,3.6404220830537803,2.913777953817126
311.6,15,14,15.028209084912346,13.975850811137851,15.159962345025003,13.988729547298457,3.6063057876226883,2.8137779538171315
311.8,15,14,15.027974059321199,13.974437395508739,15.044004831503107,13.860923585861942,3.506305787622694,2.8281930702802236
312.0,15,14,15.026730992368156,13.974036801191382,14.915986549033743,14.03245138917442,3.532099553344514,2.906202910736647
312.20000000000005,15,14,15.026902888310335,13.974373777300647,14.916584513650006,13.868193202680455,3.6171894043566435,2.9850691657876953
312.40000000000003,15,14,15.026874954663677,13.975544852578716,15.192488364614304,13.947597978100843,3.5182519024457335,2.971134454442579
312.6,15,14,15.025776266502906,13.97625133444648,14.932534208708494,13.877035421203487,3.5366934749356282,3.0050388753356683
312.8,15,14,15.026076697583987,13.97767697504707,14.997951152863665,14.032273441748178,3.6366702193037836,2.9928211239143514
313.0,15,14,15.02645222077622,13.978086730504454,15.027571331077006,13.926873845978394,3.540842393138724,2.892821123914357
313.20000000000005,15,14,15.025868047916477,13.977239192845447,15.024846865685735,14.038230067443266,3.5707927696114092,2.7928211239143343
313.40000000000003,15,14,15.025798289435686,13.975137304086811,15.167994874897866,14.175881492533817,3.5206900939374854,2.69282112391434
313.6,15,14,15.02415462928674,13.972804780507992,14.990650079879245,13.869418274825414,3.420690093937491,2.77329260386264
313.8,15,14,15.022033202089224,13.971714776923312,14.726785524432286,13.98740376105214,3.4898427179987834,2.8732926038626343
314.0,15,14,15.021533893088199,13.971878480279667,15.015161038232712,13.909786399978104,3.5779379469210277,2.9732926038626286
314.20000000000005,15,14,15.0222572839618,13.973296241560284,14.955602310720693,13.786408334047394,3.6618338379776136,3.0732926038626514
314.40000000000003,15,14,15.023830157528408,13.975244893080976,15.164645796234183,13.899100010074406,3.6218654906418277,3.0215215177048296
314.6,15,14,15.02389703494744,13.976118033747449,15.064572358498054,13.95869489106179,3.5218654906418334,2.980539734034962
314.8,15,14,15.023020221020955,13.97757306449103,15.093162487411325,13.981841729219449,3.536422886805991,3.0599338880872584
315.0,15,14,15.023343335003878,13.978843446045898,15.103100448850821,14.003724953512062,3.6358033700454615,2.962626292633792
315.20000000000005,15,14,15.02533459586227,13.979275487718718,14.919299941430308,13.907855880126501,3.7358033700454842,2.9778442406925407
315.40000000000003,15,14,15.028426283513825,13.980740470763394,15.035212670589145,13.839530891365083,3.71937539521858,3.077844240692535
315.6,15,14,15.03015102114832,13.982713132428142,15.002765467000607,14.032788148580499,3.6193753952185856,3.024068845247698
315.8,15,14,15.031587351153872,13.983541910594855,15.014764006236266,13.945346392683742,3.7005527240695066,2.9526180857272055
316.0,15,14,15.033187658156317,13.984682932529687,15.01767852809358,13.85709670265574,3.6117817060274064,3.052039080342084
316.20000000000005,15,14,15.033140940983966,13.98706889602672,15.00260442153659,14.012084890593398,3.5117817060273837,3.1390975587946923
316.40000000000003,15,14,15.032371629028605,13.989298061094958,15.005802937673096,13.949826172007642,3.5331078542466052,3.039510256191333
316.6,15,14,15.031071365128913,13.9908390645929,15.144688560275803,13.953261903853743,3.4343695785687474,3.0747505325402664
316.8,15,14,15.028405011778293,13.99302011245314,15.187846943848756,13.97241765530049,3.4163126246160784,3.0518005119813774
317.0,15,14,15.026844988340816,13.994779326985492,14.937916113694873,13.90001213165588,3.5163126246160727,3.096498396849733
317.20000000000005,15,14,15.026968648347925,13.997691246521402,14.930903719168686,13.861978699042902,3.6163126246160955,3.196498396849756
317.40000000000003,15,14,15.028209484157308,14.000681299984699,15.033452804909118,14.016336179878744,3.599525627539068,3.103319771933936
317.6,15,14,15.028099329193116,14.002411902708422,15.063092267893953,14.008313820472653,3.5154092768397325,3.0033197719339415
317.8,15,14,15.02825229812027,14.003620083329933,14.913515903418906,13.90478764815034,3.6153843029501336,3.056630790063815
318.0,15,14,15.02906688333377,14.005804009952678,15.176480457912694,13.791882452163016,3.559345670011556,3.0751461005713323
318.20000000000005,15,14,15.028647025127047,14.007655985540406,15.01777101466742,13.809459842361573,3.5492290356292324,3.0998057898723648
318.40000000000003,15,14,15.028720018571395,14.009587534141387,15.214681136973981,14.014512493481359,3.521240615939724,3.022055128325484
318.6,15,14,15.02735462024569,14.010273227053295,15.13212882148249,14.12801495794597,3.4212406159397295,2.9220551283254896
318.8,15,14,15.024330994743314,14.009696724642579,15.13296910748069,14.08239137704456,3.321240615939735,2.8220551283254953
319.0,15,14,15.020243913881945,14.008092222190639,15.050543896556254,13.949448880596195,3.3411528763766882,2.8085117291756703
319.20000000000005,15,14,15.017308808602422,14.007333287638065,15.126647446220119,14.050180974466258,3.3643754062729037,2.908511729175693
319.40000000000003,15,14,15.014834400397897,14.007823912141083,15.110886568759579,13.911517056285462,3.4531106302901797,3.0085117291756873
319.6,15,14,15.013602376561462,14.009266349221475,15.025318133609517,13.909268956861089,3.488016609636912,3.0112561139022374
319.8,15,14,15.01338088816495,14.009779246740337,14.898914999235705,14.179882711580733,3.587444941897145,2.911256113902243
320.0,15,14,15.01482206093246,14.009041483321909,14.998327354224799,14.055532687379829,3.687444941897139,2.818534015119802
320.20000000000005,15,14,15.017382338937045,14.007421399054916,15.075051733842834,14.021784222847167,3.674449481543905,2.762425494718834
320.40000000000003,15,14,15.018575934283929,14.006055995519876,15.051253586900119,13.918089750194513,3.5744494815439105,2.86070284085713
320.6,15,14,15.01809878675484,14.005876306469721,15.16925633804021,13.973326584331703,3.474449481543916,2.913041657089958
320.8,15,14,15.017406619334372,14.005532325346037,14.9351898714193,14.010359521310443,3.560959262773443,2.893474276228184
321.0,15,14,15.0174458211999,14.005824298067285,15.092332404441295,13.968811882358535,3.511870438649375,2.9928245201876855
321.20000000000005,15,14,15.016191787224638,14.007368090853337,15.00916992964457,13.882965932506877,3.4900731573343062,3.0928245201877083
321.40000000000003,15,14,15.015969627255297,14.009144651905785,15.016319444199901,14.069173216736194,3.5743796063076525,3.0129154106076976
321.6,15,14,15.0171826450272,14.009675136641556,14.938116274356139,14.048831913009103,3.673985036205163,2.9129154106077033
321.8,15,14,15.019207636015286,14.008952305833999,15.205236422015552,14.173727842869505,3.631314251386419,2.812915410607709
322.0,15,14,15.019693201699265,14.007799918785564,15.207344622908138,13.773526470834955,3.5313142513864246,2.8747645986184702
322.20000000000005,15,14,15.019024048528049,14.007857644040069,14.909105460602694,13.868102231933161,3.542331107459392,2.974764598618493
322.40000000000003,15,14,15.019102970437983,14.008916281131123,15.1906795590021,14.074152727816449,3.523012097381857,2.985135295327277
322.6,15,14,15.017794888394992,14.009153527235076,15.320758954502226,13.99843798798212,3.4230120973818625,2.927207612986766
322.8,15,14,15.015032079344463,14.008929297193289,15.0415185667652,13.981678425115623,3.389086767648075,2.855445452091077
323.0,15,14,15.01159391213464,14.008130426237685,15.126789533544189,14.03919380759477,3.2945186400934596,2.8690802807557523
323.20000000000005,15,14,15.00745699204599,14.007646753287952,15.164531931854443,14.04288828134247,3.345955065186212,2.8986567861870842
323.40000000000003,15,14,15.004891701423189,14.006806134547283,14.80569681761053,14.089198255048819,3.4459550651862063,2.8062599575839555
323.6,15,14,15.003986971853141,14.004712254334342,14.970740404272437,14.179593957643995,3.5459550651862006,2.706259957583961
323.8,15,14,15.00417527907068,14.001612929078654,14.935159543618092,14.080370054549952,3.537233136748921,2.6948285624817636
324.0,15,14,15.004710746824184,13.999385188495124,14.999837900285305,13.90069550916338,3.634577414357097,2.794828562481758
324.20000000000005,15,14,15.00689541437888,13.998385117656476,14.972974925274109,13.962921666928029,3.7309162927658366,2.862135504954849
324.40000000000003,15,14,15.009029979873121,13.998211031242002,14.90869410329495,13.906091569905366,3.632133414771615,2.9573679780241147
324.6,15,14,15.010551907154454,13.999013230008456,14.941294876242731,13.989455405749093,3.6911360490640304,2.9628559325393193
324.8,15,14,15.012927746271103,13.998911419072135,15.091355496985257,14.14637614165657,3.658294549435152,2.862855932539325
325.0,15,14,15.0154498467681,13.99755871578993,14.762336856957676,14.016644703926351,3.756187595229177,2.7628559325393307
325.20000000000005,15,14,15.019597533591558,13.995963812862216,15.025632656631139,13.927681604980348,3.835020674755502,2.8416812555148447
325.40000000000003,15,14,15.023575721478721,13.995621143670698,14.911936152133547,13.92709732364148,3.769369126208015,2.941681255514839
325.6,15,14,15.026272021477993,13.995636701322233,15.068659977862358,14.193635537567076,3.6695061571374237,2.8720096995926165
325.8,15,14,15.027527722533682,13.994549128856638,15.015565165988466,13.99227884011057,3.6442977537016668,2.833802553475049
326.0,15,14,15.029785697866894,13.99412221218981,15.03787762128327,13.821457935006736,3.744297753701661,2.933802553475043
326.20000000000005,15,14,15.03292290422093,13.993991491727646,15.05306786921226,14.112986845331507,3.707623978984666,2.858499838096642
326.40000000000003,15,14,15.035418408546171,13.992630156151073,14.779931782792337,13.92951160897039,3.7520476065966495,2.7584998380966477
326.6,15,14,15.038903560370604,13.99002235104268,15.151590845680197,14.089416056198834,3.739753932434408,2.6584998380966534
326.8,15,14,15.041110665303119,13.987352089313735,14.98385750984622,13.7758244245637,3.687237798403914,2.752543825872732
327.0,15,14,15.042913528848946,13.985944624958638,14.94362354769846,13.967919276811351,3.6260294927853627,2.8525438258727265
327.20000000000005,15,14,15.043106869378787,13.985750080527543,15.033044764038602,14.04731807845542,3.52602949278534,2.9343369671896142
327.40000000000003,15,14,15.041637524648545,13.985389623000211,15.150966317610354,14.04627054312135,3.4260294927853456,2.835819045285151
327.6,15,14,15.038915559031354,13.983769705653867,14.976063915010007,14.13359628022277,3.425458461593251,2.7358190452851567
327.8,15,14,15.036771227070272,13.980962118691695,15.06781502304253,14.047327639108566,3.399715231076589,2.680132672580402
328.0,15,14,15.034552066068821,13.978641920677337,15.037479968627467,13.897236856239093,3.481172893398178,2.7801425495537337
328.20000000000005,15,14,15.033977160334729,13.977577967863722,14.944173305759533,13.963575824989821,3.5811728933982008,2.8801425495537565
328.40000000000003,15,14,15.034989827201477,13.977626292934978,14.90866139620887,14.021313177510198,3.64532262614011,2.9156524928725798
328.6,15,14,15.037118802457613,13.977012871120921,14.889038758486423,13.975809847802513,3.743928758667227,2.8157128624643484
328.8,15,14,15.040480287806218,13.97564767304856,15.138192824702196,13.836629344250634,3.7437715994299827,2.841462264693187
329.0,15,14,15.043076216970857,13.975142532625677,14.9069299300921,14.082204577886019,3.7531162002891185,2.855992920951819
329.20000000000005,15,14,15.045855763835144,13.973801029020331,15.129502932415058,14.058538986532705,3.6885808544338605,2.755992920951796
329.40000000000003,15,14,15.047005910737287,13.97173650747546,15.095915872838344,13.964389049920277,3.588580854433866,2.7519601855359497
329.6,15,14,15.04745687270775,13.970336859171232,14.934539426047868,13.931620462009729,3.6418116763278157,2.8504033079281683
329.8,15,14,15.048522544560685,13.969728827616324,15.102621263192797,14.0005123005816,3.590679558158387,2.8284953161044206
330.0,15,14,15.048018449123958,13.969166877439148,15.168236402036474,13.859079799113017,3.4906795581583925,2.916309898051303
330.20000000000005,15,14,15.046727392013999,13.969501235590378,14.889568212844937,14.026678192745822,3.5354938791569124,2.9104953000686904
330.40000000000003,15,14,15.046471200756123,13.968961301677199,15.08036080041277,14.055796794695247,3.5252014084301426,2.8581313173003355
330.6,15,14,15.045081662282227,13.967710243171448,15.024158758379325,14.055659720086297,3.494223878634729,2.7623923605421887
330.8,15,14,15.044631826349,13.965909388396915,14.976233174270634,13.993769275009743,3.58975650179178,2.8026801848241267
331.0,15,14,15.044159936431415,13.965165914022673,15.129225358639127,13.869200374871335,3.493110376149994,2.9024903570325042
331.20000000000005,15,14,15.042028586648048,13.96549514595385,15.289104319900998,14.12775924789381,3.3931103761499712,2.9266660671091667
331.40000000000003,15,14,15.038664757015987,13.965513738397243,15.030959680552161,13.904480570808019,3.3936862400353593,2.948741075198339
331.6,15,14,15.036537555970952,13.966169026685852,15.02391503937215,13.978869049671275,3.4672529025430014,2.9329683656351473
331.8,15,14,15.034011326371916,13.966727458382943,15.072241502762136,13.93452251285737,3.367252902543007,3.0061433199206
332.0,15,14,15.031145882120574,13.968482245411204,14.803016081475958,13.911537444754595,3.4444715577196447,3.081686702073775
332.20000000000005,15,14,15.029944119118944,13.96995029217396,15.006942342470229,14.045266408547187,3.5443142746461853,2.9817693199093602
332.40000000000003,15,14,15.02884542391455,13.970349910981113,15.076340696397638,13.939403650445339,3.4502153716267028,2.9599240984805704
332.6,15,14,15.026096356464233,13.971452411753324,15.215651975531406,13.950231833506619,3.3502153716267085,3.0095402327306022
332.8,15,14,15.021701267161786,13.971992943963839,15.138962886202389,14.004783356950082,3.250215371626714,2.909540232730608
333.0,15,14,15.016251267506249,13.97126635129664,15.202823330794303,14.010885072954173,3.2395706593234372,2.8095402327306136
333.20000000000005,15,14,15.011677160633981,13.970086150930474,15.038634004619286,14.051130425050955,3.337965875608525,2.8702617929115832
333.40000000000003,15,14,15.008776198208611,13.969957942736096,14.950085122875551,13.963754242786928,3.437965875608519,2.9026111152586807
333.6,15,14,15.00754856373137,13.970305631714066,14.952806356748598,13.862369872812144,3.5379658756085135,2.9965509056810165
333.8,15,14,15.007064313129465,13.97098015954898,15.046768950645966,13.942352629056444,3.4884833947808227,2.9250104976863147
334.0,15,14,15.00557323636584,13.970421253149349,15.03720325171952,13.934170560536916,3.5028583430549904,2.8250104976863204
334.20000000000005,15,14,15.003867026584631,13.968605216941606,15.18927240408271,14.078947647949727,3.408576999542593,2.7250104976862977
334.40000000000003,15,14,15.00133220303112,13.966366393864396,14.84697309546513,13.92383773281684,3.450759220277415,2.7879588104308577
334.6,15,14,15.000312937880683,13.965339901808463,15.061812513113404,13.865954517960285,3.5385464991700433,2.887958810430852
334.8,15,14,15.00061993566854,13.96531061417066,14.950658313860469,14.073628704252378,3.629827387050171,2.8971675358380757
335.0,15,14,15.002326289648336,13.964402424185883,14.999924542600201,13.847605191194273,3.6509774364849013,2.7971675358380814
335.20000000000005,15,14,15.00296640170247,13.96224376109076,15.023195435920243,14.212797149419599,3.5509774364848785,2.6971675358380587
335.40000000000003,15,14,15.002334635852728,13.959612878468995,14.83188919931156,13.845199675665851,3.5500169706466975,2.7546724443633797
335.6,15,14,15.002932103443149,13.958162246806893,14.927860201686736,14.140016537199777,3.650016970646692,2.827607062024739
335.8,15,14,15.004808525576152,13.957389982606514,14.961883559767815,13.946849780402005,3.6752157821795386,2.905182633162008
336.0,15,14,15.006595646848984,13.957862124885146,14.901228666087897,13.913404107797769,3.6703326223777872,3.0051826331620024
336.20000000000005,15,14,15.007546931666463,13.958631013345935,15.069242317460038,13.956009006063283,3.5718582557014464,2.930295008565557
336.40000000000003,15,14,15.006837342179244,13.958687701077425,14.946397751464518,13.865645952320289,3.471858255701452,2.9595483125650497
336.6,15,14,15.004576096756788,13.959838775581396,14.996192262012078,13.708843401056743,3.4009627314791144,3.059548312565044
336.8,15,14,15.001650844843118,13.962112753130862,15.053836816181748,14.106781103263554,3.3728535094262226,3.096778276805037
337.0,15,14,14.9993329240862,13.964362492384213,14.971799354987605,13.979538997749959,3.471736331882143,3.1407824655104903
337.20000000000005,15,14,14.998704086568893,13.967077488862081,14.947791258848834,13.907920042450757,3.5704609207459135,3.0932705524926507
337.40000000000003,15,14,14.99813220739272,13.968617195135751,15.123665610984213,14.118463479007755,3.4741659200445163,2.9932705524926564
337.6,15,14,14.996538292440796,13.96930647692163,14.976004227533915,13.688920981696956,3.49706322654292,3.0076571206376945
337.8,15,14,14.995324483547817,13.970959537338222,15.200749090952494,13.946103772260805,3.438273482329409,3.0651208866596797
338.0,15,14,14.993267134080615,13.972292772820321,14.980693382376646,13.926370299273403,3.470840708242166,3.019046333867646
338.20000000000005,15,14,14.992700086234466,13.973828694042894,14.96205030149252,13.8748964072483,3.570840708242189,3.072491871843377
338.40000000000003,15,14,14.993526595886179,13.97511118736035,14.984225693426135,13.945610826442266,3.5884037221272913,2.9750082343247897
338.6,15,14,14.994250483085098,13.975137428230624,14.91437182247053,14.096692007145236,3.642049860133355,2.8750082343247954
338.8,15,14,14.99614602200089,13.973911178450281,15.121524881301744,14.095560630580529,3.6443880907620287,2.775008234324801
339.0,15,14,14.997259948404757,13.97177279127622,15.020818425810798,13.954143825955812,3.649773043458784,2.7786726879778105
339.20000000000005,15,14,14.998489547964626,13.970605047702628,15.02835620778283,14.039475487795887,3.582691332968491,2.8786726879778333
339.40000000000003,15,14,14.998545249808366,13.97053323593567,15.008220135479066,13.998245037564235,3.586581332509571,2.906927210001131
339.6,15,14,14.99987907171017,13.969723662088889,14.919127574424405,14.187397957846597,3.686581332509565,2.806927210001137
339.8,15,14,15.001714910349996,13.9682751916026,15.12365949396841,13.760627487654375,3.620355644756729,2.8464269546707848
340.0,15,14,15.002426533340206,13.967971923001313,15.073818023409753,13.838290857077963,3.630037316206874,2.946426954670779
340.20000000000005,15,14,15.003891047532887,13.96892619954005,15.02386333389783,13.91854234943274,3.614084685217173,3.046426954670802
340.40000000000003,15,14,15.004980731193333,13.970795608079124,15.003458367150433,13.949428467213837,3.6366656285850034,3.058171646032192
340.6,15,14,15.00552874852064,13.973118276977145,15.055583855165514,13.901122884930166,3.5393780945883595,3.1556154498322653
340.8,15,14,15.005473036719456,13.976686594362159,14.88555080425441,13.849563208589696,3.597337092784139,3.2484745866576166
341.0,15,14,15.007033667440037,13.980316438730178,15.051062597145165,13.887968001168494,3.6973370927841334,3.1698928628575094
341.20000000000005,15,14,15.00867625034695,13.983964337952035,15.11110453758209,13.850792992392321,3.6011408517363486,3.262275174555821
341.40000000000003,15,14,15.008679817888224,13.98772395750011,15.066576311989623,13.91756328011945,3.5011408517363543,3.17233209104103
341.6,15,14,15.007987782108689,13.990222773078036,14.828274888441134,14.064257926644661,3.551861003256253,3.072332091041036
341.8,15,14,15.008792212068418,13.991818546850926,15.09930089818017,13.825993736180694,3.6077480267608317,3.0790386972850534
342.0,15,14,15.008953342847764,13.993471659545039,14.979758773531334,14.105704735911676,3.5077480267608374,3.007671247299932
342.20000000000005,15,14,15.007459081433081,13.99408933442284,15.079581371251301,13.944095516332077,3.4077480267608147,2.987361971526887
342.40000000000003,15,14,15.005077314936118,13.99509075219745,15.129939536140462,14.040490813195944,3.4433094676823206,2.9729892851496857
342.6,15,14,15.003331953671578,13.995361173476333,15.079610135013759,13.957232931517815,3.4027320261694336,2.9708568401498336
342.8,15,14,15.001751537646312,13.995846192358602,14.908391672949952,14.056242085019704,3.500705028769745,2.920724700519276
343.0,15,14,15.001725917097929,13.995151153570543,14.902013916917012,14.082096909830819,3.548883795757249,2.82068854837423
343.20000000000005,15,14,15.001270805050863,13.99385671957679,14.978664499192721,14.0205257031615,3.520830865654911,2.8320893549176103
343.40000000000003,15,14,15.00006492408105,13.992069476019402,15.014347096356031,14.105932882081817,3.4240086542103154,2.733631377650224
343.6,15,14,14.997184794203088,13.989026279726202,15.157146128997908,14.190402974647425,3.324008654210321,2.6336313776502296
343.8,15,14,14.993854386783804,13.985683556228494,14.953127222871037,13.985523260399983,3.3957397736544133,2.7082142170802315
344.0,15,14,14.991864869825239,13.983576558980904,15.118332021456363,14.064918475356814,3.413673197614495,2.808214217080226
344.20000000000005,15,14,14.989320319589302,13.981813407695805,15.081392060744786,14.032040118056084,3.42708879608212,2.737960022064223
344.40000000000003,15,14,14.988120047420603,13.979356309431127,14.949569013763174,13.924124476389679,3.5270887960821145,2.768344736353477
344.6,15,14,14.988573573716524,13.978006105947827,14.93438003110394,14.084630852954982,3.6270887960821088,2.8683447363534715
344.8,15,14,14.990180754739514,13.976812219640928,15.084689264582828,14.224007776631657,3.6172992863959013,2.7808487846679735
345.0,15,14,14.991029905168595,13.974993567227939,15.040141721735194,13.986018947375394,3.6355016069758608,2.82144317646013
345.20000000000005,15,14,14.993253711127252,13.974236646935585,14.94312328604845,13.971605870975766,3.7355016069758835,2.868285140739211
345.40000000000003,15,14,14.995818027758316,13.973919361992438,14.914677778963618,14.073045844684634,3.657852309262358,2.9477712809804886
345.6,15,14,14.996737074915737,13.974847426643052,15.193385505604272,13.931935524630662,3.5578523092623637,3.047771280980483
345.8,15,14,14.99603664553977,13.976308568613579,15.008624829615846,13.996414565896018,3.4807578498795304,2.9964220702714774
346.0,15,14,14.994616151067094,13.976583697641528,15.098097023096031,14.000756721460627,3.4483454696906786,2.896422070271483
346.20000000000005,15,14,14.993217082061781,13.97603517575407,14.973077384962629,13.883061783074137,3.4894520605275203,2.9141613203219134
346.40000000000003,15,14,14.993018164001944,13.975631509159708,15.009848108804619,13.984916181916917,3.5891243114865765,2.8451524768477134
346.6,15,14,14.99349137444707,13.974457947798316,15.110770717226334,13.828649059943263,3.5351637127117264,2.865370416958486
346.8,15,14,14.992785813544973,13.974150943882144,14.978790439034627,14.002467299343147,3.5333072368134015,2.8874983075286034
347.0,15,14,14.99256763085403,13.97346840748296,15.105511952903857,14.014154347813854,3.49955469753306,2.9019833469551597
347.20000000000005,15,14,14.991209642751901,13.972671056291642,15.006515540054929,14.156591182071406,3.4902948313778364,2.811490907522535
347.40000000000003,15,14,14.991013908934063,13.97066066747251,14.947267781109229,13.952454299695543,3.5902948313778307,2.746842133095537
347.6,15,14,14.992155453220416,13.969059820121416,14.92175985594233,13.90354579237377,3.6035481925745763,2.846842133095531
347.8,15,14,14.992159079562763,13.968718491580287,14.951372824613752,13.961302890049947,3.503548192574582,2.9468421330955255
348.0,15,14,14.991534476742613,13.969631315784046,14.991494308410665,13.863172910364879,3.560966361781839,3.0468421330955198
348.20000000000005,15,14,14.992147078612806,13.971468394365449,15.10075575390048,14.013248735232107,3.5675095375627057,3.0445919161991895
348.40000000000003,15,14,14.99228293214671,13.973053083647523,15.015852833404843,13.963715561002239,3.59749034035304,3.0943050422964142
348.6,15,14,14.993516799256183,13.975808596356279,15.042734951748225,13.831954948338927,3.6229445684345625,3.1943050422964085
348.8,15,14,14.993923412337637,13.979119648210453,15.019590883169068,13.985734334690433,3.5239939226697565,3.1454954120736622
349.0,15,14,14.993718508101725,13.981635291736835,14.862491469563198,13.873692863660967,3.581468067961285,3.156168319656017
349.20000000000005,15,14,14.99441195799014,13.984866083633161,14.95917840319554,13.951875229457087,3.5508547455664528,3.1611877273868076
349.40000000000003,15,14,14.99447713405761,13.987181777744079,15.034717715938152,13.947098417759925,3.588294170103949,3.0611877273868133
349.6,15,14,14.994489772772116,13.98847330527767,15.165067431276821,13.930899759627458,3.4962857327168613,3.047827464429197
349.8,15,14,14.994034927428487,13.990223729216988,14.93810670410141,14.038180726073431,3.564681932955335,3.0365933060749
350.0,15,14,14.99490539880919,13.99133929270168,15.1665497113279,13.855937669184188,3.5787818114999106,3.046056311962033
350.20000000000005,15,14,14.995386443811578,13.99333196592333,14.951188989525106,13.927727815172252,3.610710095863947,3.102336025769312
350.40000000000003,15,14,14.996632895459433,13.994894404230614,14.934705732521673,14.233369599516696,3.5794965373147676,3.0025565901155526
350.6,15,14,14.996416769616138,13.995278057894042,15.018775082767709,14.04846914054731,3.4794965373147733,2.952664966619462
350.8,15,14,14.995513847028057,13.996208884182076,14.945660973487888,13.825974048044548,3.532337642446453,3.0526649666194565
351.0,15,14,14.996194069144394,13.998002396716117,14.992124241499388,14.02829226698813,3.6323939289633698,3.041318370105134
351.20000000000005,15,14,14.997043661533697,13.998785057256185,15.033684654430264,14.09901780253452,3.542439474414184,2.9413183701051113
351.40000000000003,15,14,14.996235223266188,13.998729995474195,15.102603401331852,14.050801666043304,3.4424394744141895,2.935554139860304
351.6,15,14,14.99401303224035,13.999427134533576,14.957677511493888,13.876327174990665,3.4190562032258853,3.0349708740705554
351.8,15,14,14.992833179120618,14.001297515868641,14.976800547439995,13.900037984653682,3.5163655402975267,3.0863617691772722
352.0,15,14,14.993285469921348,14.002627460044975,14.961375165684183,14.098457296824533,3.6161198140301143,2.986361769177278
352.20000000000005,15,14,14.994771254405153,14.002810490288192,14.952375623895035,14.040951585836206,3.5932132262753163,2.9453092837763752
352.40000000000003,15,14,14.994843188122621,14.003625208573629,15.08874009572476,13.802312064323777,3.493213226275322,3.0453092837763696
352.6,15,14,14.994439304981741,14.005416868530306,14.81063507236728,14.075898702751436,3.5614716955143244,3.051790723339539
352.8,15,14,14.995281087304468,14.006636807832423,15.104538494130233,13.894410979037396,3.5651260032236625,3.0545552460933476
353.0,15,14,14.995193576946797,14.008235031403744,15.081126694266217,13.983873526969541,3.5470819173305976,3.0189169858102325
353.20000000000005,15,14,14.996185226237909,14.0088796144594,14.889217574687926,13.963513832439865,3.6385289668155516,2.9935260271234836
353.40000000000003,15,14,14.99807297153267,14.009555635602224,14.969667135289694,14.088984119797558,3.6604834719659007,2.9409166575968033
353.6,15,14,14.999322192275155,14.00904885668527,14.984132534412117,14.165982482641631,3.562140589573251,2.840916657596809
353.8,15,14,14.999445972956616,14.008084072575391,15.04406749061517,13.950307069975606,3.5768007635775665,2.9001067025465375
354.0,15,14,15.000926297187462,14.008280295519844,14.918279499326003,13.948120779490539,3.676800763577561,2.962641192119173
354.20000000000005,15,14,15.004067686083134,14.009029979637088,14.971133942343414,13.981885948576423,3.7768007635775835,3.0388929706170664
354.40000000000003,15,14,15.007813559938098,14.010466357350628,15.10418537829688,14.093785542153443,3.7174143273560247,3.0060105628840903
354.6,15,14,15.009961426554499,14.01079159527476,14.910249730859528,13.96025742229317,3.6197351422893185,2.906010562884096
354.8,15,14,15.010531471849113,14.01074680975028,14.995604020633145,14.029606909795726,3.5231278217438367,2.9737624626160937
355.0,15,14,15.011022397174314,14.011884575679526,14.959760406019575,14.092588357713872,3.6179965707837174,3.049614317334095
355.20000000000005,15,14,15.012589807512445,14.012761202016932,14.990131781703559,13.992502166954543,3.599688937798124,2.949934844397805
355.40000000000003,15,14,15.013207961840015,14.012382464093314,15.021166327006945,13.905126476093304,3.5542802445750494,2.8499348443978105
355.6,15,14,15.012634358048208,14.01074887825801,15.172903965994097,14.06317420508004,3.4545199697767437,2.7499165312155416
355.8,15,14,15.011492552624777,14.008958524995979,14.82897941923168,14.177157439524233,3.5176128260658435,2.8327289303347936
356.0,15,14,15.011845581833663,14.008363545725768,15.041301979979995,13.862123672267797,3.5672061510267503,2.9324711225728297
356.20000000000005,15,14,15.012327249747601,14.009024746285288,14.906438014794844,13.93446279212863,3.611243064482589,3.0324743750748704
356.40000000000003,15,14,15.014341735148633,14.00973366969681,15.014588396624976,14.160565398468286,3.703315466755631,2.936328269719746
356.6,15,14,15.016521948668007,14.009190686082635,14.952589838819911,14.177354224648045,3.6393899743401206,2.836328269719752
356.8,15,14,15.01732912904404,14.00753565143907,15.05914121066664,14.026563780801245,3.539666691319103,2.8029424999999684
357.0,15,14,15.016460984856005,14.006580234946851,15.26552031246599,14.050079617100513,3.4396666913191085,2.9029424999999627
357.20000000000005,15,14,15.013969520363036,14.006877381395036,14.867891649729398,13.830778367808774,3.370392727465752,3.0029424999999854
357.40000000000003,15,14,15.01196332381525,14.008230493887238,15.01378089209023,13.965169025313973,3.4703927274657462,3.0246948331388026
357.6,15,14,15.011229332059397,14.008787190925222,14.95636614754654,14.030326583262982,3.5012498015200917,2.9246948331388083
357.8,15,14,15.011389030994481,14.00808616361227,14.936004173912208,14.133003629577935,3.599797886702612,2.824694833138814
358.0,15,14,15.01320119403758,14.006132968069053,14.886191984290004,14.330447907183103,3.6997978867026062,2.7246948331388197
358.20000000000005,15,14,15.016099708961491,14.003265205391163,14.94356168871025,14.003166331385154,3.684496797768903,2.7274924057012977
358.40000000000003,15,14,15.018627850448128,14.001327446197163,14.917350202531926,14.085979849821342,3.7410093851812354,2.792167097688223
358.6,15,14,15.022024732818565,14.000152396544944,14.995260462981447,13.91854432839666,3.7117953531430508,2.884169880319072
358.8,15,14,15.023954732791339,13.999750593713914,15.012444153743171,14.178442785107038,3.6117953531430564,2.8596074926358264
359.0,15,14,15.024210741202571,13.998515202747246,15.052455357858493,13.84790477315497,3.511795353143062,2.847125426788172
359.20000000000005,15,14,15.023224252038341,13.998138889578371,15.034427763748896,13.940508280922485,3.513100014459698,2.947125426788195
359.40000000000003,15,14,15.023499095265212,13.998357145704269,14.921919482885137,14.079902603592647,3.6131000144596923,2.9021947530370573
359.6,15,14,15.025394585104912,13.997416796080667,14.831349276012126,14.121500860774333,3.682584712094029,2.802194753037063
359.8,15,14,15.028132430715328,13.99601304143701,14.904926173368077,13.85243172319962,3.761131534456853,2.860376443392703
360.0,15,14,15.031192520359886,13.995647514760138,15.224276470589306,13.945379225884661,3.683855708368833,2.8866409310018892
360.20000000000005,15,14,15.032599100073657,13.99492487517795,15.202748400460226,14.124374963256003,3.58385570836881,2.8984491485994983
360.40000000000003,15,14,15.032336993014452,13.995214769579137,15.13035415302214,13.93480382886406,3.4838557083688158,2.9984491485994926
360.6,15,14,15.030463277848062,13.996756031635663,15.114039748236497,13.850405467695824,3.4163364834420564,3.098449148599487
360.8,15,14,15.029105538106608,13.998843303730464,14.999598481809999,13.977578740359771,3.5163364834420507,3.049010255049692
361.0,15,14,15.02895173773636,13.999751684831281,14.981938771275935,14.031153690994156,3.509856423362248,2.95560303965122
361.20000000000005,15,14,15.027504181080102,14.000290563736234,15.244594167584346,13.901694178505943,3.4098564233622253,2.9834128765733205
361.40000000000003,15,14,15.024893833247287,14.00037147246723,14.94451942214531,14.058145871509696,3.4186743332454963,2.8840811505927055
361.6,15,14,15.023604524333573,13.99919230897983,15.047273324514054,14.139194484684175,3.518664540642486,2.784081150592711
361.8,15,14,15.022701947854268,13.996963384376777,15.034737413284022,14.0169112280152,3.4597628576042903,2.7648146691029516
362.0,15,14,15.02041732063465,13.99554374216512,15.166153293454261,13.941074414885268,3.360008067887343,2.864814669102946
362.20000000000005,15,14,15.01646936541248,13.994340320703918,15.04572732615853,14.115330199190696,3.2600080678873202,2.783261228670298
362.40000000000003,15,14,15.01185847154256,13.992401026390427,14.969437995854104,13.895642334379819,3.3149742124986386,2.811444154691913
362.6,15,14,15.008829058431246,13.991550468858534,14.937862100155488,14.026196488453913,3.414974212498633,2.9114396127920683
362.8,15,14,15.007467578735927,13.99081804876291,14.847943193998049,13.952633938584784,3.514974212498627,2.821513790781748
363.0,15,14,15.007372849110585,13.989899100039484,15.017149918145419,13.966795364172201,3.5177784600522464,2.9055913633087824
363.20000000000005,15,14,15.006658851014954,13.989387890126283,14.982394739860402,14.132780482083495,3.538539439052764,2.8420902912688035
363.40000000000003,15,14,15.0064378905614,13.988497449234016,14.964623194014452,13.920530162868044,3.4910172753809188,2.905057828573147
363.6,15,14,15.005645295848225,13.988616772356613,15.003133049374293,13.987218744132257,3.544273680647419,2.9248825078275136
363.8,15,14,15.006195991278272,13.988681232868329,15.056563123067441,13.985839437104852,3.570019700801168,2.9794391082281964
364.0,15,14,15.006756445424445,13.989120029809008,14.935580114527532,14.19546727440522,3.5991129721213433,2.9182153643747184
364.20000000000005,15,14,15.008036257733178,13.988513810048758,15.011282831624056,13.829193996127811,3.6495501287739134,2.8900746946762217
364.40000000000003,15,14,15.009773366558983,13.988029822224155,14.976011015831954,14.123865371244733,3.6525516344477293,2.8493130278691368
364.6,15,14,15.010680394999635,13.986603053450077,15.139899039248327,14.019251987476757,3.5528717761611373,2.8287441961674915
364.8,15,14,15.010062873735835,13.985977926774362,15.024754618290459,13.808093051477385,3.5124815553349245,2.928744196167486
365.0,15,14,15.010291934049746,13.986607808652712,14.754472165250123,13.951494701535033,3.6124815553349188,3.02874419616748
365.20000000000005,15,14,15.01219192018455,13.988163575172631,14.990568737844743,13.946615238734495,3.712485838377367,3.0263533782382592
365.40000000000003,15,14,15.014309812035625,13.989318654014147,15.187905638748871,13.931076908401034,3.6258402594655363,3.059138897193353
365.6,15,14,15.015294465668006,13.991586573859221,14.841553722900414,13.878323957916878,3.637215386574297,3.159138897193347
365.8,15,14,15.017190655319535,13.99452839046668,15.001078202773902,14.10345411981975,3.634213831702876,3.123345928484997
366.0,15,14,15.0178266050439,13.996527474587047,14.960955949287943,13.890699565776359,3.5342138317028815,3.100463608264737
366.20000000000005,15,14,15.018371358287792,13.999303924221183,14.87343047026916,13.876919952613981,3.6277446713332053,3.20046360826476
366.40000000000003,15,14,15.019767586926307,14.002343932754545,15.166958967910224,14.156923570226418,3.58657306398123,3.1230987183697327
366.6,15,14,15.02001533306913,14.004139663477709,14.884937160382755,14.022243441525895,3.5793208107124297,3.0230987183697384
366.8,15,14,15.021454997645488,14.004677470764426,14.969524765974999,14.10201171188348,3.679320810712424,2.923098718369744
367.0,15,14,15.023100229371906,14.004278612756062,15.034906988952487,13.922053430269676,3.592475572003559,2.9234571725814993
367.20000000000005,15,14,15.02308541070831,14.004825239215833,15.067509804124512,13.998702036491947,3.493179210916392,3.023457172581522
367.40000000000003,15,14,15.022177894470314,14.006081011841502,15.110128567122363,13.860434167716505,3.484734985004044,3.0142530642970984
367.6,15,14,15.022048870195865,14.007170017994863,14.80060567869335,14.077659099550644,3.5845456214042284,3.0222136789776037
367.8,15,14,15.023317173523436,14.007705028247702,15.02952660072836,13.979560864989498,3.603747968414383,2.923323986105866
368.0,15,14,15.023509316779268,14.007604879196576,15.174383023524289,13.860020348595812,3.503747968414389,2.9638088773363362
368.20000000000005,15,14,15.02217148485856,14.008307262099821,15.087087590052338,13.99342633889318,3.459814745291393,2.9598256593303667
368.40000000000003,15,14,15.021641246526109,14.008039189115864,14.952890461519857,13.992996076788014,3.5598147452913875,2.8598256593303724
368.6,15,14,15.02172649392964,14.006786363477591,14.900043589961186,14.011267842650392,3.5027933834342915,2.820406508218633
368.8,15,14,15.021841113630215,14.005113399377715,14.933748268008031,14.012805123469645,3.5994573487263377,2.773729949824179
369.0,15,14,15.022869706589367,14.003536573378627,15.079096833124478,14.000585675121998,3.5664959996629135,2.8416251084952187
369.20000000000005,15,14,15.022411981166643,14.00304920671511,15.134773048085306,13.989140550121732,3.466495999662891,2.941555714117862
369.40000000000003,15,14,15.020421424790479,14.003127151550789,15.05044458498847,14.04545763195956,3.422107076330769,2.8936100596487355
369.6,15,14,15.019231520646715,14.00286531587835,15.089378860344576,13.86331288328733,3.522107076330763,2.9566500785102736
369.8,15,14,15.01825809487944,14.00381376309302,15.04005784453952,13.819976941891992,3.4353674541842283,3.056650078510268
370.0,15,14,15.015644007587534,14.00567074425474,15.136773967438756,14.0019338089489,3.335367454184234,3.0525790039675886
370.20000000000005,15,14,15.01152841783637,14.0065792657649,15.065623497526849,14.010699918552012,3.2891984384991018,2.9831486702893093
370.40000000000003,15,14,15.008177611130117,14.007767164721438,15.041882085453043,14.016941052720515,3.3888830198422704,3.065161397783235
370.6,15,14,15.006507959677334,14.008830927827816,15.011517821777192,13.966834678704746,3.4888830198422647,2.968896374074633
370.8,15,14,15.006508592340264,14.008635958198548,14.950641860112983,14.055940940357683,3.588883019842259,2.8688963740746387
371.0,15,14,15.006610494175549,14.008050477219488,15.236894354369625,13.968688578224182,3.4953770200445957,2.934784651593102
371.20000000000005,15,14,15.00518112092241,14.008224000526287,15.047778762452777,14.121761994246162,3.451357413375715,2.9139434452093336
371.40000000000003,15,14,15.00455498620816,14.00733556658102,15.016015822205969,14.009105313636313,3.5513574133757095,2.8139434452093393
371.6,15,14,15.005158437412703,14.006004119432683,15.148930834752715,13.87603608995194,3.550177247831095,2.87460288531926
371.8,15,14,15.00449724890337,14.005351659814044,15.237602955198536,14.049305540043054,3.4501772478311006,2.844696163964229
372.0,15,14,15.003166295331123,14.003948410998404,14.875187985628921,13.892507722596683,3.5050867476184067,2.8505392721075804
372.20000000000005,15,14,15.003410594175428,14.003523348396392,14.863654057916952,13.898623691631034,3.6050867476184294,2.950539272107603
372.40000000000003,15,14,15.004867194885366,14.004249890240594,15.105075644453706,14.013729935504681,3.60096756530211,2.992524879974305
372.6,15,14,15.005178872969516,14.004353818372659,15.092590602548603,14.093344167310113,3.557947065112789,2.8925248799743106
372.8,15,14,15.00629923185661,14.003733648601221,14.966049535996552,13.995352218897679,3.6579470651127832,2.9225105884902525
373.0,15,14,15.008611121195722,14.00421941623961,15.060901416247507,13.794943595920516,3.652052858166813,3.022510588490247
373.20000000000005,15,14,15.009629251489873,14.005554983123439,15.052861216636959,14.034981786186822,3.5520528581667903,3.008602096673078
373.40000000000003,15,14,15.008988083968886,14.005865091242825,14.995760071587043,14.038752373247931,3.452052858166796,2.908602096673084
373.6,15,14,15.007128584359968,14.005740994787908,15.0463609965159,14.087517686089305,3.445563452616763,2.960333215834507
373.8,15,14,15.00538008535379,14.006689037187664,15.127830134127032,13.89219610009392,3.4199623744471173,3.0600385459074895
374.0,15,14,15.002965766753885,14.007883454528177,14.957423820116071,13.985558072744864,3.3674658791236127,2.9814038017972018
374.20000000000005,15,14,15.000934930326375,14.007829293915664,14.954305239075813,14.058491965494621,3.466358408180521,2.881403801797179
374.40000000000003,15,14,15.000567860206887,14.00651732112854,14.946685352111157,14.076571224549635,3.5663584081805153,2.7814038017971847
374.6,15,14,15.001852943963595,14.004809629375561,14.828308594208853,13.925333148961942,3.6663584081805096,2.846536853340786
374.8,15,14,15.00425544786102,14.004326123064468,15.066920521190118,14.038840853881196,3.6530642182216937,2.9465368533407803
375.0,15,14,15.005301600668862,14.004930197993096,15.053057909369418,14.04439144904243,3.5530642182216994,2.9957058817144615
375.20000000000005,15,14,15.004685907010588,14.005074298429301,15.139538432818709,14.140413121811713,3.4530642182216766,2.896334576528742
375.40000000000003,15,14,15.002406280305953,14.00401760113774,15.121170995856351,14.130343719627282,3.3530642182216823,2.83877814992931
375.6,15,14,14.998472533015027,14.00343134638051,15.120353973181617,13.94499151222368,3.263270451321206,2.938778149929304
375.8,15,14,14.994706711704083,14.003675300558506,15.01796536190392,13.934438836092452,3.362938998764759,2.923590842443099
376.0,15,14,14.992537848714736,14.002883125979935,15.09519294987797,14.154919702510197,3.4203507845240404,2.823590842443105
376.20000000000005,15,14,14.991184393680683,14.001310273876012,14.75584493246168,13.87808208869039,3.507143077041717,2.84681593782398
376.40000000000003,15,14,14.991483140367022,14.000809434661486,14.882815427107685,14.024850361470177,3.6071430770417114,2.9468159378239744
376.6,15,14,14.992736949559175,14.001054117273494,15.126251521099348,14.0621730582889,3.5767552708952923,2.9287052210907847
376.8,15,14,14.993124194931505,14.001533986080407,14.935757217579955,13.86433343233604,3.5964809380902585,3.024611220655555
377.0,15,14,14.994819481218094,14.002446014551651,15.03905410476543,14.070759503862769,3.6493931797633765,2.9627424819391903
377.20000000000005,15,14,14.99582179573279,14.002598501353571,15.045776957966359,14.052071858736173,3.549393179763354,2.982273288731696
377.40000000000003,15,14,14.995754790880458,14.003228173422519,14.979331656173413,13.929744979991485,3.5687338379141753,2.946997453833697
377.6,15,14,14.997082078108287,14.003134674500584,14.788206832231296,13.883400222125333,3.6687338379141696,2.9599701035442796
377.8,15,14,14.999740494230146,14.003248784956885,14.985907102557745,14.128414831646758,3.6798600636409127,2.89894772701855
378.0,15,14,15.00225733768407,14.00283466129559,14.84343067813606,13.85992509068272,3.7362720049135416,2.9455104170155866
378.20000000000005,15,14,15.005954163494168,14.003465359275854,15.002552377549849,13.922325598676803,3.7384825093425795,2.981732052928045
378.40000000000003,15,14,15.008414536112346,14.003428066050907,15.039764118344626,14.081843291168571,3.638482509342585,2.881732052928051
378.6,15,14,15.0099431208177,14.002151258452388,14.832804790466813,13.972965975247629,3.6720655213264584,2.8008500235507214
378.8,15,14,15.012807797245934,14.001109657272448,15.091428545712748,13.842544896481987,3.7162014270644455,2.9008500235507158
379.0,15,14,15.014860387435602,14.000541527082966,15.053600174162082,14.307584602259727,3.616201427064451,2.8423168036478903
379.20000000000005,15,14,15.015871789440602,13.998776198189613,14.801210319283411,14.006268578829507,3.6397431180283437,2.744623704820128
379.40000000000003,15,14,15.01765300793614,13.997041451724305,15.051249843850702,13.934978286707267,3.616298845210711,2.8442190704802313
379.6,15,14,15.018000658990704,13.99558588285204,15.06223200740699,14.103801214364703,3.516298845210717,2.7674251216042007
379.8,15,14,15.016673059436448,13.993911563092341,15.066377646527009,13.881739410428091,3.4162988452107226,2.8474506713954284
380.0,15,14,15.014918136808035,13.993479042368488,15.116276246144922,13.873667390826462,3.4854043579362637,2.9474506713954227
380.20000000000005,15,14,15.014743180490502,13.99417876213792,15.01951499393442,13.976289184311188,3.585342924725736,2.9853667612383425
380.40000000000003,15,14,15.01554650782815,13.995037416932735,15.119325805385746,13.939169184618658,3.5699504841440364,3.046735340020196
380.6,15,14,15.01602226500511,13.996805348227609,14.893526679324303,13.865425468339389,3.5810863176491967,3.075140236849521
380.8,15,14,15.016403594983055,13.997976247967769,15.058610297420831,14.054045755994341,3.5512933909393265,2.975753949024345
381.0,15,14,15.01569244261265,13.997889266679971,15.124004252633457,14.096653134902688,3.4515435208487233,2.8757539490243507
381.20000000000005,15,14,15.013987639775735,13.996722695202898,14.918507822621802,13.968956835255742,3.4785728915401233,2.8509301914333847
381.40000000000003,15,14,15.013722574019576,13.995945431078178,14.972665547878035,14.12297771596288,3.5785728915401176,2.8803503281818523
381.6,15,14,15.015056446402587,13.99467973909818,15.036461333147878,14.148445732810353,3.641082049406131,2.781912608613688
381.8,15,14,15.015808588140375,13.992164478716957,15.118740024757157,14.137693195383259,3.541082049406137,2.6819126086136937
382.0,15,14,15.01552666720529,13.989362567936771,14.919627584305589,13.88289117401527,3.5660500201320757,2.7571107259156
382.20000000000005,15,14,15.015980364861907,13.987631842501898,15.082415358582786,14.062749535262364,3.538240830466345,2.783371555068796
382.40000000000003,15,14,15.014974075781367,13.98537926218911,15.097856455798713,13.98558775676263,3.4382408304663508,2.7689564813690026
382.6,15,14,15.012987306203977,13.98397196579817,14.929887704104978,13.960171005613269,3.4671859933182545,2.868956481368997
382.8,15,14,15.011791701990433,13.9838192937748,15.20668392995679,13.909468766697678,3.440933306380435,2.9689564813689913
383.0,15,14,15.009177869053993,13.984386720093948,15.119630651478856,14.08542383388223,3.357473357060021,2.938878837958569
383.20000000000005,15,14,15.006837293044494,13.9838453737625,14.976738253872108,13.981368382233887,3.4574733570600436,2.8388788379585463
383.40000000000003,15,14,15.006159100465947,13.982046949601143,14.89546550224763,14.041132124223171,3.557473357060038,2.738878837958552
383.6,15,14,15.007080895597428,13.979691484110047,14.945353993944224,13.963906913960688,3.622945008039018,2.7874550025044758
383.8,15,14,15.007462152109877,13.97750090790662,15.109115354160144,14.029063019055917,3.5229450080390237,2.7078473664944025
384.0,15,14,15.006163760992905,13.975057719959254,15.120092389344126,13.976689166464743,3.4229450080390293,2.785008635269777
384.20000000000005,15,14,15.003765815155878,13.973853945144265,15.037830007812026,13.832250111480889,3.4400349039556173,2.8850086352698
384.40000000000003,15,14,15.002630143109444,13.973903826871881,15.023330107149862,13.845797443295938,3.4865934543515302,2.985008635269794
384.6,15,14,15.001812046986283,13.974645370694276,15.075356647285911,13.983634045947987,3.5402684973995524,2.9513490874103145
384.8,15,14,15.000860331207123,13.974274628875206,15.0033117650616,14.112067408378355,3.443153813775795,2.861056066229331
385.0,15,14,14.998674828759743,13.972777576774003,15.001540995544529,14.04325290852048,3.444831247028789,2.7624103299198643
385.20000000000005,15,14,14.99704667806553,13.970541161476506,15.078322216483857,13.9759337708308,3.4194786104349695,2.7905006576062146
385.40000000000003,15,14,14.995527486998606,13.969397626746785,15.017566732596169,13.96231004048184,3.5080445569395624,2.890500657606209
385.6,15,14,14.995642563018988,13.969386747123256,14.87201870217186,14.009854576173465,3.607911178000988,2.927921094108129
385.8,15,14,14.997420490102042,13.968821979366034,14.792539560164567,14.098624756425648,3.707911178000982,2.8580400798991556
386.0,15,14,15.000839267757067,13.967536326760406,14.981862724792235,14.057007167183365,3.791467510068628,2.798439598276994
386.20000000000005,15,14,15.004749129281372,13.96648448244331,14.950316894138126,13.949742343327555,3.790806367229955,2.8961256735335676
386.40000000000003,15,14,15.008377988907414,13.966697573035164,14.948039116517934,13.936114593939159,3.750432416483065,2.996125673533562
386.6,15,14,15.01082969246103,13.968139955676273,15.12235790038264,13.878670444705069,3.6510664164151527,3.0648440344178463
386.8,15,14,15.011623379789043,13.96922153500608,14.977220087011458,14.067117791389967,3.5510664164151584,2.964844034417852
387.0,15,14,15.010797421793994,13.969457670585033,14.997749458233466,13.906605089849549,3.481896952229593,2.97937773017106
387.20000000000005,15,14,15.00886158535502,13.97001497512999,15.250504062826945,14.123145477386545,3.3863475655674224,2.9299005716775506
387.40000000000003,15,14,15.005271106414401,13.969409114039104,15.110949965748418,13.998868758443948,3.286347565567428,2.8543158796059442
387.6,15,14,15.001459812556297,13.969084329942692,15.026240666344576,13.774370246354483,3.372062565401491,2.9543158796059386
387.8,15,14,14.999317143332526,13.97000892882184,15.004304592962677,13.791071728989918,3.4720625654014854,3.054315879605933
388.0,15,14,14.998855170717393,13.971927715565887,14.952073585602735,14.058591240683826,3.5720625654014797,3.064013216209319
388.20000000000005,15,14,14.999226536689422,13.972965261271757,15.186483360432804,14.057831022547786,3.529715902708141,2.9640132162092963
388.40000000000003,15,14,14.998076671424887,13.972910980245787,15.07234137321528,13.92725389145665,3.4297159027081467,2.9366769470779124
388.6,15,14,14.996072843547362,13.973123237215288,14.86869688945056,13.980037506414838,3.4686785398156124,2.913560502331385
388.8,15,14,14.995582702483947,13.972663254671431,14.935285844741085,13.954356987665378,3.5686785398156067,2.920364413900665
389.0,15,14,14.995579658539706,13.973140779710679,15.097822084631542,13.875476717854518,3.5004079749420423,3.020045983337339
389.20000000000005,15,14,14.994131361650366,13.974870558120912,15.074585117373344,13.881528348216106,3.4636096273631716,3.120045983337362
389.40000000000003,15,14,14.993588441032351,13.977106637534717,15.029666485545768,14.070485093633389,3.563609627363166,3.0662471316051323
389.6,15,14,14.993997586172531,13.978285957032568,14.99037329210969,13.913132842063185,3.5316246787764705,3.0320046810509718
389.8,15,14,14.993695575968525,13.98015240063223,14.886573269222863,13.90443162736256,3.56588732574667,3.132004681050966
390.0,15,14,14.994407825632576,13.983270347547212,14.911815121620545,13.777335309008581,3.5576060727083716,3.2320046810509604
390.20000000000005,15,14,14.993830784596385,13.98727243554413,15.062423006629936,14.074570384023781,3.457606072708349,3.2242629329417007
390.40000000000003,15,14,14.99298110055628,13.990275757602538,14.937822621353167,13.917206647832232,3.538613359821345,3.1242629329417064
390.6,15,14,14.992760455144149,13.992016962119378,15.11000700576734,14.118679314067737,3.4806930999371954,3.024262932941712
390.8,15,14,14.99167991886065,13.99249757996165,14.900829989908852,14.097815295101167,3.5122908450469974,2.924262932941718
391.0,15,14,14.992070797835305,13.992164844642295,14.805547569455497,13.787027936262746,3.6122908450469917,2.943150685041966
391.20000000000005,15,14,14.993391702454822,13.99268578175497,15.123227108537755,14.04422257615252,3.57959955459783,2.963811587738617
391.40000000000003,15,14,14.993453429634284,13.992408354695565,14.96803741261843,14.125178444738298,3.5518011644579275,2.8638115877386228
391.6,15,14,14.994494717053124,13.991607751476094,14.8219324240454,13.906277183685196,3.651801164457922,2.916373411486879
391.8,15,14,14.997174423943575,13.99132759495341,14.926309268683704,14.038964833147501,3.7316941507416606,2.870372801649428
392.0,15,14,14.999524854309893,13.989911280654855,14.979815768473195,14.065586312755478,3.6316936716599715,2.7959366796324048
392.20000000000005,15,14,15.000739232080402,13.987594601973653,14.966136613971464,14.16096514245504,3.646209740575933,2.6998638381847577
392.40000000000003,15,14,15.002601897431568,13.98413877742869,15.120882180978766,13.998928680911686,3.6176369731462845,2.6582600503569602
392.6,15,14,15.003030406606664,13.981318671187706,15.182872985950977,13.88028986486644,3.550180164754847,2.7582600503569545
392.8,15,14,15.003941303584128,13.979760134134942,14.840178105007174,13.980217006514971,3.6501801647548415,2.858260050356949
393.0,15,14,15.005954875100482,13.978899341281453,15.100269303973459,13.985498251220537,3.6351121256168053,2.824273895275499
393.20000000000005,15,14,15.006592403395679,13.97769843306382,15.110196793088523,13.901023352219433,3.5351121256167826,2.881225201463837
393.40000000000003,15,14,15.005592688934785,13.977696252864261,15.019343119975526,13.87166752608691,3.4617557207778344,2.981225201463831
393.6,15,14,15.005013125830107,13.978312900376345,15.033287388310507,14.057642244764768,3.5617557207778288,2.9392730357246375
393.8,15,14,15.005056620572793,13.97884795319908,14.954067132107253,13.870991564372638,3.5032646774255998,3.023670422110291
394.0,15,14,15.003540431057205,13.979760904705936,14.992961041274341,13.958191417024628,3.427168369197546,2.9576765137569514
394.20000000000005,15,14,15.002407682459017,13.980507366265169,14.92739243820479,13.995054620660229,3.5271683691975686,3.0411388909941763
394.40000000000003,15,14,15.002518487688882,13.981939195843145,15.000191219429707,14.052931715728409,3.5253961544878103,3.0078242720596604
394.6,15,14,15.00205146044509,13.983005888989005,15.010312837620326,13.855029458881177,3.532820543500469,3.0627762737463793
394.8,15,14,15.002700168986076,13.984837862381394,14.95771537322413,13.980129756249562,3.632318657259869,3.0466386584398997
395.0,15,14,15.004821330006397,13.985634507318705,15.043260575467412,13.881642498614385,3.663854805814195,2.9471167643423364
395.20000000000005,15,14,15.005999939855565,13.986400508861301,15.158226076841286,13.96298351380323,3.5638548058141724,3.0439603861621882
395.40000000000003,15,14,15.005522105209304,13.98765928530409,15.058756784066388,13.999695874387086,3.4682912501953886,2.9883551820576044
395.6,15,14,15.00349345469836,13.988162683510497,15.184830623725373,13.96808955850866,3.3702247709992403,3.0070942061437167
395.8,15,14,15.000086958961223,13.989333018559643,15.059333625983152,13.965662491412507,3.351117975304956,2.99810854395188
396.0,15,14,14.997008811909001,13.989499118051146,15.077682465633062,14.050487557603178,3.315911565988947,2.898108543951886
396.20000000000005,15,14,14.992577115396802,13.988411615738743,15.09312069034046,14.13798399574649,3.2714737711381456,2.8143822775637486
396.40000000000003,15,14,14.988943810556199,13.98629730463647,14.872076128040446,14.125122870740288,3.37147377113814,2.717656985196442
396.6,15,14,14.986966012860885,13.983337111985795,14.925023070517625,13.9709305401712,3.4714737711381343,2.731930079460406
396.8,15,14,14.986640003430079,13.981404965485249,15.015470376771967,13.954841790873855,3.5714737711381286,2.8319300794604003
397.0,15,14,14.98769337572177,13.98072615388601,15.010484589473041,14.18689816004504,3.590083709221332,2.917972683381641
397.20000000000005,15,14,14.987665655801129,13.98109824550587,15.055963084274026,13.81760166205859,3.490083709221309,3.0148976051587657
397.40000000000003,15,14,14.986154876764779,13.982643923525709,15.02179258546416,14.083776955597536,3.454271977286956,3.0649799064526047
397.6,15,14,14.984732435391598,13.983634622693891,15.101940860908226,14.022862235116278,3.4230537171569813,2.9649799064526103
397.8,15,14,14.98358868539626,13.983649052179862,14.955221560358034,14.0026389572389,3.521052476189473,2.960059574284283
398.0,15,14,14.983578544543624,13.983638064575372,15.012086920505771,14.178729404423608,3.5078358606861113,2.887555416415456
398.20000000000005,15,14,14.98275532962773,13.98239482555339,14.965425309752312,14.082850205990212,3.521748046988414,2.7875554164154335
398.40000000000003,15,14,14.983278622054481,13.980707782561154,15.002725618779962,13.953052569141597,3.6217242136393835,2.8481030370675158
398.6,15,14,14.985109635680786,13.980232916466068,14.996220048998214,13.853435301238813,3.6781306373192284,2.94810303706751
398.8,15,14,14.986583489627309,13.98089889498371,15.088070307096373,14.012479071710843,3.579677268011878,2.9865521554977796
399.0,15,14,14.986535302007503,13.981088904879211,14.89827694113249,13.935290443955193,3.53769297849918,2.9617467542179856
399.20000000000005,15,14,14.98642798019554,13.981382126705753,15.043386192201243,13.969245492507913,3.491727852759682,2.934088385632637
399.40000000000003,15,14,14.984945702336578,13.981912594050618,15.05588151812868,13.951731915527589,3.4301659112548597,3.0278700899419864
399.6,15,14,14.982323318871178,13.982618672623092,15.052087961636923,13.996022567281946,3.332342847163049,2.943209216723728
399.8,15,14,14.97877179760976,13.983213292290504,15.094732700140044,13.899985552845848,3.33928290032661,3.0340766891341753
400.0,10,10,14.975140897466972,13.984898193882668,15.077315829003666,14.026730439427741,3.297016781015365,3.0642478671463667
400.20000000000005,10,10,14.97032149469057,13.98584717893563,14.931956667228944,13.968703608759904,3.1970161558519448,2.964247867146344
400.40000000000003,10,10,14.963856435621913,13.98552725695839,14.784038187653985,14.064125624018814,3.0970161558519504,2.8642478671463496
400.6,10,10,14.955741907324283,13.983937654334085,15.040369551975607,14.193784535788916,2.997016155851956,2.7642478671463553
400.8,10,10,14.945974183200937,13.981077611538932,14.95841715581968,13.887990241885213,2.897016155851962,2.664247867146361
401.0,10,10,14.934549615294632,13.97694638184234,15.136180189082607,13.937407930255025,2.7970161558519675,2.5642478671463667
401.20000000000005,10,10,14.921464626833258,13.971543230028841,14.925239958060256,13.884678728675873,2.6970161558519448,2.464247867146344
401.40000000000003,10,10,14.906715705020073,13.964867431140021,14.647278104276845,14.01072290705029,2.5970161558519504,2.3642478671463496
401.6,10,10,14.89029939401279,13.95691826922968,14.801583286530835,14.002577429705994,2.497016155851956,2.2642478671463553
401.8,10,10,14.872212288083196,13.947695036133384,14.747797613577553,14.012349781176228,2.397016155851962,2.164247867146361
402.0,10,10,14.852451024900628,13.937197030245041,14.90548770072703,13.975750371538297,2.2970161558519675,2.0642478671463667
402.20000000000005,10,10,14.831012278913198,13.925423555298178,14.85528160427082,13.739874241429774,2.1970161558519448,1.964247867146344
402.40000000000003,10,10,14.80789275480134,13.912373919149767,14.90358241031478,14.010515545040022,2.0970161558519504,1.8642478671463496
402.6,10,10,14.783089180961628,13.898047432561329,14.683755148977607,13.787532543116022,1.9970161558519561,1.7642478671463553
402.8,10,10,14.75659830299468,13.882443407974863,14.798671135219445,13.883574722769922,1.8970161558519618,1.664247867146361
403.0,10,10,14.72841687716406,13.865561158279963,14.646283192314765,13.764427175031917,1.7970161558519675,1.5642478671463667
403.20000000000005,10,10,14.69854166378855,13.847399995567637,14.464475952831863,13.718471770563069,1.6970161558519448,1.464247867146344
403.40000000000003,10,10,14.666969420541923,13.827959229868663,14.642915632269593,13.986947390576402,1.5970161558519504,1.3642478671463496
403.6,10,10,14.633696895614747,13.807238167870809,14.677191452002726,13.851830399971645,1.4970161558519561,1.2642478671463553
403.8,10,10,14.598720820707786,13.785236111612285,14.460318387768313,13.683161863675787,1.3970161558519618,1.164247867146361
404.0,10,10,14.562037903810891,13.761952357146109,14.620534862297875,13.789886275949442,1.2970161558519675,1.0642478671463667
404.20000000000005,10,10,14.523644821729128,13.737386193171908,14.414613485129124,13.729807644906321,1.1970161558519448,0.9642478671463439
404.40000000000003,10,10,14.483538212306696,13.71153689962998,14.239645842364412,13.724172722850465,1.0970161558519504,0.8642478671463496
404.6,10,10,14.44171466629758,13.684403746252693,14.399772069055592,13.611931791458005,0.9970161558519561,0.7642478671463553
404.8,10,10,14.398170718824161,13.655985991067514,14.427194617392825,13.73201557025684,0.8970161558519618,0.664247867146361
405.0,10,10,14.352902840369126,13.62628287884736,14.205699472026236,13.288515382554868,0.7970161558519675,0.5642478671463667
405.20000000000005,10,10,14.305907427219404,13.595293639500172,14.223894009787706,13.48813968813954,0.6970161558519448,0.4642478671463439
405.40000000000003,10,10,14.257180791310388,13.563017486395463,14.28002266960297,13.516030549008308,0.5970161558519504,0.3642478671463496
405.6,10,10,14.20671914932315,13.529453614611203,14.21879215871445,13.419669650436653,0.49701615585195613,0.2642478671463553
405.8,10,10,14.154518611027237,13.494601199108114,14.231406136658036,13.496379996470647,0.3970161558519618,0.16424786714636097
406.0,10,10,14.100575166670355,13.45845939280942,14.06625289197951,13.289385578016331,0.2970161558519675,0.06424786714636666
406.20000000000005,10,10,14.044884752748496,13.421109160592218,14.118955482251152,13.353446004336295,0.19701615585194476,1.4418019655674705e-06
406.40000000000003,10,10,13.98744700332817,13.383462084098158,13.960669543542739,13.50711065831174,0.09701615585195045,3.1156344464833588e-09
406.6,10,10,13.92826904191822,13.345775495028189,13.753913896898888,13.299651732176685,0.0010128238969941703,2.511098383042593e-10
406.8,10,10,13.86823462169756,13.308046438458849,13.837313276274898,13.487203077546889,-4.675746531307693e-09,-1.1592597280859243e-15
407.0,10,10,13.808128228368627,13.27027452631425,13.8478468585878,13.247287748801565,-5.270344292077978e-09,-1.306678591331768e-15
407.20000000000005,10,10,13.747951313216431,13.232459967206042,13.748812516058901,13.266267887149631,-1.4231015076609265e-10,-3.528301322075056e-17
407.40000000000003,10,10,13.687704486368148,13.194602970284567,13.56798090310166,13.027644780226195,4.325564173327618e-09,1.0724388744801118e-15
407.6,10,10,13.62738836010962,13.156703745144004,13.697416633359833,12.961737338442102,7.976003981023444e-09,1.977493892011129e-15
407.8,10,10,13.567003548915967,13.118762501826305,13.437268230166657,12.963273595717972,1.1477423751520635e-08,2.8456023114651134e-15
408.0,10,10,13.506550669478532,13.080779450825101,13.443352925300276,12.992241277901368,1.5648016419868035e-08,3.8796190380547454e-15
408.20000000000005,10,10,13.446030340732314,13.042754803089649,13.387739528987264,13.123880338230132,2.0672423150675337e-08,5.1253222303788605e-15
408.40000000000003,10,10,13.385443183883437,13.00468877002886,13.542252010460013,12.963292990330835,2.5818938932581595e-08,6.401299969115137e-15
408.6,10,10,13.324789822436959,12.966581563515282,13.143211408983218,12.830937214501743,2.9027066112542108e-08,7.196692238008208e-15
408.8,10,10,13.264070882241514,12.928433395889199,13.135306852929924,12.854274381920073,6.964924924676152e-09,1.72681665275396e-15
409.0,10,10,13.203286991444296,12.89024447996273,13.278204105233355,12.76369118197275,3.1561712694392153e-09,7.825108189898652e-16
409.20000000000005,10,10,13.142438780624373,12.852015029023976,13.123040955798281,12.714433160453668,2.4220740066477203e-09,6.005057878030602e-16
409.40000000000003,10,10,13.08152688275883,12.813745256841228,13.194111284293475,12.686126266715101,6.727927079741363e-09,1.6680576812322206e-15
409.6,10,10,13.020551933286407,12.775435377667147,13.043800659886141,12.72690699984227,-5.752859901966829e-09,-1.4263088815905537e-15
409.8,10,10,12.959514570069334,12.73708560624307,13.075132488490937,12.746195359462623,1.421509341351199e-09,3.524353857704646e-16
410.0,10,10,12.898415433535927,12.698696157803289,12.989475923907875,12.711125275990872,-1.1624930283823794e-08,-2.882173665661542e-15
410.20000000000005,10,10,12.837255166589427,12.660267248079421,12.902357810580662,12.797415208548093,-1.4362519016944242e-08,-3.560905147173375e-15
410.40000000000003,10,10,12.776034414718564,12.621799093304812,12.733543887236612,12.639978339664646,-7.654039027709379e-10,-1.8976689909536477e-16
410.6,10,10,12.714753826045925,12.583291910218927,12.731112487302516,12.530358968065418,-9.12360878306982e-09,-2.2620200146020438e-15
410.8,10,10,12.653414051264523,12.54474591607186,12.639737796831684,12.494138330890737,-6.78852748815375e-09,-1.6830823649929635e-15
411.0,10,10,12.592015743769066,12.506161328628858,12.736883956195383,12.60351350678872,-8.282061928838453e-09,-2.053374962763642e-15
411.20000000000005,10,10,12.53055955964497,12.467538366174855,12.49781677358762,12.610083813777281,-2.1910706009618382e-08,-5.4323302002808475e-15
411.40000000000003,10,10,12.469046157675427,12.428877247519159,12.36397481485206,12.403393148579983,-1.7330411345374686e-08,-4.2967358921908786e-15
411.6,10,10,12.407476199438255,12.390178192000013,12.21741906451674,12.416791193572397,-5.389923094660977e-10,-1.3363258122063297e-16
411.8,10,10,12.345850349336967,12.351441419489355,12.346380505248295,12.42420547864484,-8.962940360866727e-09,-2.2221854277209642e-15
412.0,10,10,12.284169274541089,12.31266715039757,12.151590388872616,12.118293583433243,2.985705625098453e-09,7.402472028629118e-16
412.20000000000005,10,10,12.222433645158496,12.273855605678264,12.205828290766451,12.086000016140218,4.0944608076082003e-10,1.0151413235734239e-16
412.40000000000003,10,10,12.160644134162391,12.235007006833168,12.188288513025618,12.309010910086078,-1.319287236413211e-10,-3.270914179608467e-17
412.6,10,10,12.098801417478677,12.196121575916958,12.16114703679662,12.152588661947775,9.241456446444739e-09,2.291238033432837e-15
412.8,10,10,12.036906174036663,12.157199535542253,11.94315625207517,12.066360105976113,1.2514546796373774e-08,3.1027366473232993e-15
413.0,10,10,11.974959085769969,12.1182411088846,11.903949482937675,12.137585380791919,1.5057179347984846e-08,3.733132563925482e-15
413.20000000000005,10,10,11.912960837679952,12.079246519687523,12.030532164042242,12.095238247999657,1.4556656781227999e-08,3.6090378015694226e-15
413.40000000000003,10,10,11.850912117853296,12.04021599226766,11.849336921440539,12.084107286599622,2.790463870429465e-08,6.918408356842787e-15
413.6,10,10,11.78881361755414,12.001149751519847,11.549490483046576,12.002935140652617,2.9105837064401973e-08,7.216221951953347e-15
413.8,10,10,11.726666031219736,11.962048022922378,11.709233210475682,12.056577042006985,4.144173443035852e-09,1.0274665973758772e-15
414.0,10,10,11.664470056441596,11.922911032542268,11.743111592380924,11.84544019531356,2.3932017047390485e-08,5.9334746631672005e-15
414.20000000000005,10,10,11.602226394211325,11.883739007040537,11.674622418112346,11.87830763206628,2.8069696470708386e-10,6.959331195609165e-17
414.40000000000003,10,10,11.539935748692207,11.84453217367766,11.583566669890352,11.87248654768078,1.2377987120835723e-08,3.0688793517509363e-15
414.6,10,10,11.47759882750354,11.805290760318893,11.557517613900664,11.700376401650695,1.8164115966061064e-08,4.503436615895413e-15
414.8,10,10,11.41521634164383,11.766014995439845,11.521172224326067,11.68852466173641,5.371765106036929e-10,1.331823894744781e-16
415.0,10,10,11.352789005521423,11.726705108131995,11.44097325646811,11.697999552693236,-1.460960989540331e-08,-3.622166488577778e-15
415.20000000000005,10,10,11.2903175370385,11.687361328108299,11.231304768466677,11.855258660402882,-3.547002021292151e-09,-8.794096453242407e-16
415.40000000000003,10,10,11.227802657699044,11.64798388570889,11.290170429335616,11.756037997565931,-1.7487174187245764e-08,-4.335602166960981e-15
415.6,10,10,11.165245092509887,11.608573011906751,11.113038895504364,11.682633992461644,-6.15545062653858e-09,-1.5261233627160984e-15
415.8,10,10,11.102645570185508,11.569128938313554,11.166994664599939,11.519418652068003,-4.859729140748273e-09,-1.2048746108355735e-15
416.0,10,10,11.040004823091293,11.529651897185499,11.064272268300842,11.312893135360715,-6.5522752940021644e-09,-1.6245082629713728e-15
416.20000000000005,10,10,10.977323587332354,11.49014212142922,10.921695664619705,11.524153245917045,-7.598829917011728e-09,-1.8839809738152367e-15
416.40000000000003,10,10,10.914602602801816,11.45059984460782,10.814439994555654,11.527783436364395,-3.704316159560827e-09,-9.184126032331703e-16
416.6,10,10,10.85184261325709,11.411025300946855,10.845721361235945,11.42843116792329,-1.84900227734159e-08,-4.584238822419159e-15
416.8,10,10,10.789044366297965,11.371418725340497,10.911686046661373,11.370166240938428,-1.2832638710146087e-08,-3.1816013041211885e-15
417.0,10,10,10.72620861351311,11.331780353357694,10.78201046649629,11.229719686601367,4.637003542893227e-09,1.1496541633030715e-15
417.20000000000005,10,10,10.663697031316248,11.292110697897598,10.453595529675333,11.323745312184817,0.06586263434431956,-1.3289187669567025e-14
417.40000000000003,10,10,10.602038717290181,11.252413093898355,10.560698517088545,11.162687605996258,0.03859522294778719,1.4080224010940806e-14
417.6,10,10,10.539215150755258,11.212686789857557,10.614419659742504,11.235574183328414,7.551491536418294e-09,3.3295950286187316e-22
417.8,10,10,10.476310705444382,11.172929713320013,10.469545611249904,11.159496943219137,0.03094524769941156,-1.3599607466297602e-19
418.0,10,10,10.414638456485331,11.133144202920512,10.361251646570231,11.007146292404872,0.13094524769940585,-4.274128054566469e-15
418.20000000000005,10,10,10.354413374347768,11.093336153481026,10.371112898814976,11.019694164434474,0.1657146774136771,6.265910614184192e-16
418.40000000000003,10,10,10.294746926087656,11.053509173305637,10.08228672278957,11.024149417895403,0.2561858167253502,-1.904128068538628e-11
418.6,10,10,10.236695408055846,11.01366800292387,10.200629543613312,10.91378834171645,0.35618581672534444,-1.6149240335785163e-08
418.8,10,10,10.179867879638454,10.97381894258697,10.266969394029887,11.067334761032141,0.3594949392934927,6.573000633683874e-09
419.0,10,10,10.123312873598023,10.93396437108841,9.955039124043392,11.167087091552453,0.4521400180139195,1.2547214758742773e-08
419.20000000000005,10,10,10.068365084121403,10.89410892604425,9.924817381520018,10.88367224103602,0.5521400180139422,1.5680030844078247e-08
419.40000000000003,10,10,10.015021643405325,10.854259346911716,10.037384497725835,10.706179725820105,0.6521400180139365,1.948524158808305e-08
419.6,10,10,9.963277376372256,10.814422435550673,9.801468917617058,10.842273313475458,0.7521400180139308,2.3517344744634938e-08
419.8,10,10,9.91312708554068,10.774605046304165,9.978169840535736,10.695536332268599,0.8521400180139251,2.6275261531455486e-08
420.0,10,10,9.864565552017304,10.73481407560327,9.937363850939395,10.665490156001546,0.9521400180139195,2.4275962713947018e-08
420.20000000000005,10,10,9.817587536514244,10.69505645104894,9.818012427572926,10.604520495533679,1.0521400180139422,1.5667803946931952e-08
420.40000000000003,10,10,9.772187780390512,10.655339120048641,9.751719772675205,10.745743819019108,1.1521400180139365,6.0587720067661356e-09
420.6,10,10,9.728361006716701,10.615669038104425,9.618056280172079,10.645923765217894,1.2521400180139308,-1.272258453475158e-09
420.8,10,10,9.686101921362301,10.576053156831058,9.672164469775767,10.617007938840942,1.3521400180139251,-6.802384731472309e-09
421.0,10,10,9.6454052141045,10.536498411796819,9.694313939461026,10.531404778164069,1.4521400180139195,3.230429798231069e-09
421.20000000000005,10,10,9.606265559757402,10.497011710355865,9.522845591890261,10.47097076206011,1.5521400180139422,-8.744526255301604e-09
421.40000000000003,10,10,9.568677619320976,10.457599919411045,9.425037044457849,10.56048915796132,1.6521400180139365,-1.390832685162811e-08
421.6,10,10,9.532636041147988,10.418269853461311,9.448533351023999,10.530275709952582,1.7521400180139308,-1.0125569938712232e-08
421.8,10,10,9.497573151523488,10.379027826233077,9.712637404553082,10.415049488051606,1.7358817058867821,6.1678876544708905e-09
422.0,10,10,9.461717359775145,10.339873673480446,9.619652234802949,10.340194909022905,1.7658226168512472,2.7089193746210946e-09
422.20000000000005,10,10,9.427198724003226,10.300809092161884,9.440451210549332,10.39460060333921,1.86582261685127,-5.949359462636781e-09
422.40000000000003,10,10,9.394216284291907,10.261857127754826,9.454591707339672,10.098563688030444,1.9658226168512642,0.01619324776375584
422.6,10,10,9.362781061473772,10.223822163827782,9.3511412268292,10.039209424619134,2.065822616851259,0.11619324776375016
422.8,10,10,9.332943057044279,10.18672980521276,9.499499638169226,10.263110651520238,2.1658226168512527,0.10063147085056787
423.0,10,10,9.304694031059087,10.149020811515351,9.209894210287118,10.086595059557297,2.265822616851247,0.09888327820889445
423.20000000000005,10,10,9.2780340778875,10.112361495844134,9.023138144466165,9.980878066061425,2.3658226168512697,0.19888327820891716
423.40000000000003,10,10,9.253026085269244,10.076565501048345,9.214805816244834,10.080819694169358,2.465822616851264,0.1708423872158648
423.6,10,10,9.229664038166398,10.04055136510443,9.159642644712068,9.940226277685383,2.5658226168512583,0.22508120104515308
423.8,10,10,9.207167812276108,10.005744208254635,9.298502356490252,10.04204131255899,2.526190817358127,0.264445353388432
424.0,10,10,9.18466533409599,9.970421122055361,9.102294055676264,10.007073097646709,2.613953036969275,0.1644453533884377
424.20000000000005,10,10,9.163807361450973,9.935004369262364,9.2761694464791,9.950215933915318,2.7088316718926664,0.24527717968431723
424.40000000000003,10,10,9.143948583186434,9.900970462612468,9.171364378957893,9.99586875206227,2.7451857711504406,0.34527717968431154
424.6,10,10,9.12541715147316,9.86833058882334,9.109644651927375,9.80944780276118,2.8445216550097445,0.44527717968430586
424.8,10,10,9.108659055552582,9.837086383859685,8.968402029610079,9.86808931263504,2.913925766513415,0.5452771796843001
425.0,10,10,9.091984998175343,9.80723699131799,9.113432903514596,9.716712619941646,2.8438697305870417,0.6452771796842944
425.20000000000005,10,10,9.074639998772096,9.778364565854215,9.17566137967799,9.760813558956851,2.803512530383251,0.6309767904515884
425.40000000000003,10,10,9.058033821868833,9.74955545454151,9.020193153515281,9.69857586307716,2.901250817807691,0.7058206134796479
425.6,10,10,9.043363277946758,9.722059199751255,8.989620166462197,9.801244851720362,3.0012508178076853,0.764502229256374
425.8,10,10,9.030636465603662,9.695242997559605,8.971805319766652,9.656872067260492,3.1012508178076796,0.843956187521833
426.0,10,10,9.019858727760523,9.66951973297816,8.86697677677483,9.721793070697956,3.201250817807674,0.8599912892111
426.20000000000005,10,10,9.010996304905534,9.643169419657706,8.919265006069688,9.733323991347989,3.289629751876623,0.7600727146713688
426.40000000000003,10,10,9.002137345640364,9.616353617920979,9.071387530115768,9.50467131723726,3.1896341200016534,0.803403027021753
426.6,10,10,8.992280484682817,9.59083210359247,9.024287266036342,9.539209170793324,3.1959073871446226,0.9034030270217474
426.8,10,10,8.982853490067402,9.566700413919305,9.189632011160818,9.300051312542935,3.133373530356274,1.0034030270217418
427.0,10,10,8.972858712985884,9.543951747791168,8.896023242378305,9.462465043152086,3.1699978250693723,1.1034030270217359
427.20000000000005,10,10,8.964644478467427,9.522583301685984,8.90710539847972,9.490450240698191,3.269997825069395,1.2034030270217586
427.40000000000003,10,10,8.958343018223218,9.502543567406109,9.013269657583242,9.568011163307947,3.3361281775045444,1.2625680816379508
427.6,10,10,8.952936848625223,9.48330847756594,8.915080999670462,9.528645460408995,3.3998170103499112,1.3529782294914947
427.8,10,10,8.94943559906932,9.465047284082356,8.723632601176382,9.461237035706748,3.4998170103499056,1.340508167366185
428.0,10,10,8.94752710388694,9.445908376420126,9.010459087383412,9.619887148818332,3.510128596737721,1.2405138290248843
428.20000000000005,10,10,8.944804066223488,9.426140773534557,8.86534746985031,9.496393632511628,3.4665269278818633,1.266097688312512
428.40000000000003,10,10,8.942305261326492,9.407583003318393,8.987239178514653,9.345277562868914,3.4289620219380454,1.3660976883125062
428.6,10,10,8.939869396934824,9.390403643554624,8.840549237199154,9.426872665674631,3.508188655226698,1.4660976883125005
428.8,10,10,8.93932078616444,9.374469338123127,8.90377932448145,9.445450488576787,3.608188655226692,1.5352140860316532
429.0,10,10,8.940680402333692,9.359653868439336,8.670926479431325,9.405312499544047,3.7081886552266865,1.634894031323621
429.20000000000005,10,10,8.942967970117525,9.34621746674581,8.835903818034804,9.262606804678398,3.6542347595993756,1.7348940313236438
429.40000000000003,10,10,8.94421226179983,9.333691020816902,8.933013618058332,9.241491742482149,3.6348243889735987,1.7135825896547887
429.6,10,10,8.945416472868637,9.321063469360878,8.920715196636518,9.192210339436159,3.554164694525865,1.7778996438982573
429.8,10,10,8.945217290173902,9.309035964255203,9.008643518119676,9.482335247935879,3.4541646945258706,1.7262284286833358
430.0,10,10,8.944695787615206,9.295935143889807,8.920096806035462,9.400686500705747,3.5179458640964216,1.6419655918344913
430.20000000000005,10,10,8.945873477731062,9.283129042362754,8.911208152665905,9.188460543316454,3.56745662697186,1.741965591834514
430.40000000000003,10,10,8.94651937451506,9.271554787836658,9.02466319324383,9.37016133265585,3.467456626971866,1.77827810549753
430.6,10,10,8.945873437738484,9.260259137117641,8.992761304908067,9.246700670202502,3.430279063942954,1.8432731976195096
430.8,10,10,8.946320532282133,9.249896785037485,8.812101617316758,9.397485041895084,3.5302790639429484,1.8338678454181703
431.0,10,10,8.948628547715016,9.239084038689363,8.918239462945596,9.217821407836393,3.6302790639429428,1.853897834654933
431.20000000000005,10,10,8.95185501401934,9.229424886025313,8.981242111569728,9.116896494360091,3.5806717587228407,1.9538978346549558
431.40000000000003,10,10,8.9537232271778,9.22111395905713,8.977239252581738,9.144851520947503,3.4806717587228464,2.05389783465495
431.6,10,10,8.954243923337064,9.214141592030767,9.01653386901013,9.18968575086138,3.421339574777438,2.1538978346549444
431.8,10,10,8.953975074245324,9.208396817051614,8.89351518196226,9.122288273132126,3.325024882647493,2.21236816463624
432.0,10,10,8.95353089499887,9.203531692987227,8.957243410838867,9.236399380072605,3.3979267016423402,2.310315941721854
432.20000000000005,10,10,8.953823484879187,9.199166956447977,9.274861396208221,9.28733844348788,3.3322652479842434,2.2485593566555733
432.40000000000003,10,10,8.953190518360387,9.193908069447565,8.828110208931117,9.123938801144002,3.337710622675977,2.2379685069973374
432.6,10,10,8.953953327103678,9.18958536809177,9.061281687331112,8.921579105842927,3.385672107453139,2.3379685069973317
432.8,10,10,8.954317953075357,9.186178910325452,9.096312823275756,9.170208627006895,3.341646489559101,2.3247821336316106
433.0,10,10,8.955693073165454,9.181813855738037,9.00012110269183,9.232269020037425,3.4416464895590955,2.2247821336316163
433.20000000000005,10,10,8.95891192669927,9.176260439542489,9.037061452087013,9.20750306502918,3.541646489559118,2.1247821336315935
433.40000000000003,10,10,8.963941991017064,9.169542889296464,8.964832503935845,9.138129795014445,3.6416464895591125,2.043553177109466
433.6,10,10,8.969388860743171,9.161904871424724,9.043201350941647,9.333219391335861,3.5604803079118716,1.9464056897802013
433.8,10,10,8.973862101138618,9.153614189698649,8.998095367114043,9.210134821853247,3.5563238897490654,1.9753347174169624
434.0,10,10,8.979452300013556,9.146499523671306,8.918429799236344,9.074610826545374,3.6558488501772093,2.0753347174169567
434.20000000000005,10,10,8.986818726465161,9.140683724825754,8.86842402772179,9.226252407165257,3.755848850177232,2.141205873850979
434.40000000000003,10,10,8.995206230875878,9.134557049844476,8.989561181968433,9.397847738734196,3.7213133375481307,2.0412058738509846
434.6,10,10,9.002199700449374,9.127278010522081,9.076225271063901,9.132159093235213,3.6213133375481363,1.9678226942194692
434.8,10,10,9.007613703174364,9.120388415374254,9.166221888230972,9.035689619309748,3.521313337548142,2.0678226942194633
435.0,10,10,9.011465151197319,9.11482398486223,9.133731068469114,9.108075034621356,3.4213133375481477,2.1678226942194576
435.20000000000005,10,10,9.014796538631698,9.110544275406038,8.976925777124046,9.12117922334246,3.478105419387144,2.2358878805081663
435.40000000000003,10,10,9.019381792627254,9.106984088039244,9.065045796032171,9.113383050390453,3.472848730592032,2.31688148089848
435.6,10,10,9.022812386276312,9.10472456154927,9.25115177860284,9.098625403742037,3.372848730592038,2.4168814808984744
435.8,10,10,9.024872502425927,9.103591790663259,8.996706320096301,9.11959021458592,3.3308807658718855,2.4557601633338844
436.0,10,10,9.027914296423077,9.103150765634464,9.112730957543011,9.034546339418995,3.4207272336646026,2.5544030295937628
436.20000000000005,10,10,9.032589968124634,9.103318747670553,8.867980621738292,9.318559466758654,3.51898855213637,2.505992103249153
436.40000000000003,10,10,9.039074458584746,9.102367281674663,8.919141526609922,9.097636338140541,3.6189885521363645,2.4163214913485316
436.6,10,10,9.046359444464183,9.100866604658192,9.132788020128503,9.110597891146163,3.565116072883883,2.3796609524623524
436.8,10,10,9.052230740820628,9.099275436016937,9.054001055126333,9.018066384539328,3.499344021071439,2.4181879008027187
437.0,10,10,9.058736317091363,9.097523123558755,9.021989485976407,9.175643336551722,3.5993440210714334,2.3352442975535523
437.20000000000005,10,10,9.067006137896538,9.095873103307104,9.002138964329637,8.997360680289203,3.699344021071456,2.4333699359968235
437.40000000000003,10,10,9.075675722943704,9.09514456913718,9.261200698474896,9.168304563045012,3.6181919615353553,2.421782034222647
437.6,10,10,9.082953353648017,9.093458686799679,9.067523858601515,9.232576653377789,3.579994760908454,2.3217820342226525
437.8,10,10,9.090236020921008,9.091096726758764,9.134289409788854,9.164630914341394,3.5289520269154147,2.351268133851212
438.0,10,10,9.096220996101241,9.089884764925204,9.080047525281584,9.01862957649325,3.494554031083365,2.4512681338512063
438.20000000000005,10,10,9.103220688769461,9.089973979372852,9.061713578418527,9.037525117674036,3.594554031083388,2.551268133851229
438.40000000000003,10,10,9.111963055781501,9.091364788504793,9.086700018180155,8.837465196087392,3.667681786656963,2.6512681338512234
438.6,10,10,9.120620887760804,9.093718579745545,9.14042012895117,9.059078993761009,3.6103088989734187,2.6476174279652995
438.8,10,10,9.129823802146657,9.095275301197509,8.951337003621889,9.095771683107667,3.706684946726389,2.610654640283661
439.0,10,10,9.139597940420867,9.097133751222678,9.026170642715076,9.082571323935134,3.6375166143713167,2.596517041058698
439.20000000000005,10,10,9.148632850979217,9.09857819909041,9.158971517415031,9.081593768371405,3.674924672408516,2.593425613035546
439.40000000000003,10,10,9.157719428246114,9.100464571377914,9.363307846209663,9.064907715758125,3.5823651134848236,2.655626022489992
439.6,10,10,9.165243674574842,9.102668281179465,9.2558091557225,9.019349119807838,3.4823651134848292,2.6311485369518386
439.8,10,10,9.17120287771574,9.104097924736344,9.23968989552209,9.22105331564372,3.382365113484835,2.5311976135306136
440.0,10,10,9.176452153867602,9.104602192643336,9.138999868841186,9.007123940081009,3.4264960803079427,2.5287600903806466
440.20000000000005,10,10,9.183309487742982,9.106066179334205,9.240426050010177,9.005178984735405,3.5093369283676483,2.6287600903806694
440.40000000000003,10,10,9.19151631211103,9.108819906314178,9.024572011165114,9.062185576267819,3.6011264411062256,2.7287600903806637
440.6,10,10,9.200791146293216,9.11286327019399,9.206781717873342,9.097750669400883,3.5723378515799356,2.828760090380658
440.8,10,10,9.208721052009269,9.118191500150468,9.260659007333526,8.998177931755675,3.4723378515799412,2.9287600903806523
441.0,10,10,9.215596909897878,9.12383499305615,9.173187466392122,9.230942283182552,3.4779685727016383,2.8537167487462742
441.20000000000005,10,10,9.222651949906123,9.128263642012913,9.295099800680928,9.160486697565267,3.4269800561937047,2.7537167487462515
441.40000000000003,10,10,9.228501622939548,9.131458964452502,9.305591066623325,9.31939624252629,3.327515398210764,2.653716748746257
441.6,10,10,9.23397559135583,9.133516406747159,9.243068552903386,9.19691641100248,3.397529830838804,2.6088925783930033
441.8,10,10,9.240048485207423,9.13619585444494,9.325809940213832,9.071106775134755,3.3345583735274427,2.7088925783929976
442.0,10,10,9.245228824503549,9.140151352132678,9.134106414037984,8.960848202961497,3.3572291031855808,2.808892578392992
442.20000000000005,10,10,9.251482514611942,9.144616929941966,9.2915330819782,9.143953805361603,3.3545023104669567,2.753164082087148
442.40000000000003,10,10,9.257209184646545,9.148024338294752,9.248530173861914,9.150071054765924,3.3799906103000223,2.7086653102388905
442.6,10,10,9.263916778678025,9.150863807087328,9.3095106084263,9.112721450972957,3.367155148682225,2.615786940704121
442.8,10,10,9.269495256149504,9.152472872458818,9.224981524698363,9.08025700323784,3.327876082439944,2.515786940704127
443.0,10,10,9.275986350342945,9.15380954709002,9.210540241494467,9.140400546476528,3.4278760824399384,2.590606499659063
443.20000000000005,10,10,9.284194320346439,9.156407983302048,9.302290963142804,9.175775095325728,3.526814572102944,2.690606499659086
443.40000000000003,10,10,9.292481821530503,9.16001591574326,9.318906907428131,9.284325746991316,3.428751561220928,2.6975577828517894
443.6,10,10,9.299169123309154,9.162748607199736,9.332630133534153,9.26253895496415,3.3287515612209337,2.597557782851795
443.8,10,10,9.305077804993259,9.164689832459437,9.215164976992227,9.208696615343785,3.369905205248421,2.616511843064144
444.0,10,10,9.312206603191353,9.167701715195388,9.21551174810441,9.101904556429822,3.377426042257843,2.716511843064138
444.20000000000005,10,10,9.31821446879937,9.17088175655132,9.385439269454897,9.258982417678443,3.27742604225782,2.6288168613608023
444.40000000000003,10,10,9.324167027116737,9.173152962615431,9.138218019761068,9.057651938303877,3.3705125337892112,2.6306343119180577
444.6,10,10,9.331835120713047,9.176397286715279,9.24985915281239,9.018319445027776,3.4705125337892055,2.730634311918052
444.8,10,10,9.33992755172604,9.180548396402894,9.351821464123665,9.054273024774698,3.3939110922411837,2.7222206489348673
445.0,10,10,9.346545859777498,9.183724067127434,9.30652480652427,9.139872200281385,3.345252378436719,2.622220648934873
445.20000000000005,10,10,9.353200320762047,9.186297919050357,9.42197577577897,9.094387905949349,3.3103265857318824,2.664594301466425
445.40000000000003,10,10,9.35916415452144,9.189693116165712,9.324154164268249,9.265202586938912,3.344112737116735,2.659662689810486
445.6,10,10,9.366659472149516,9.192137129713739,9.294782613278032,9.244532269917858,3.4441127371167295,2.5694061732872613
445.8,10,10,9.375397746957992,9.194511030234526,9.298215023422514,9.247775556813068,3.4394670688341584,2.6366633823066703
446.0,10,10,9.383973532496254,9.197370419078727,9.302866500658682,9.204761480715623,3.5010562874736038,2.6394508768287688
446.20000000000005,10,10,9.393246721306932,9.199860710758314,9.500599244905276,9.213203813682227,3.450810478334954,2.5745195685430726
446.40000000000003,10,10,9.400989142552737,9.20253362518775,9.384298041401625,9.209357161649637,3.3508104783349597,2.6711727875141955
446.6,10,10,9.407109051028527,9.205658823529168,9.458419272820223,9.347477316560898,3.2508104783349654,2.609734961034472
446.8,10,10,9.411606120660453,9.207680687815857,9.51430340418398,9.189773786307242,3.150810478334971,2.5644642593382647
447.0,10,10,9.41458319430693,9.209760848613552,9.486081076694315,9.295825798671357,3.097154014403446,2.532891140622691
447.20000000000005,10,10,9.418098705556211,9.21074033403562,9.415164846591795,9.236068083965463,3.1764779960598037,2.4328911406226683
447.40000000000003,10,10,9.42149355350025,9.210745505036726,9.374593621007683,9.313662973223536,3.0782307335545616,2.399294450815791
447.6,10,10,9.423379357805228,9.211319848502184,9.407464999968967,9.32672794304127,3.0340274910197995,2.498799898268882
447.8,10,10,9.426101620452737,9.213156526321836,9.19938217408476,9.255464819877968,3.134027491019794,2.5987998982688763
448.0,10,10,9.430530100417947,9.215566471257308,9.370766115064454,9.423815649316106,3.234027491019788,2.5505803881517144
448.20000000000005,10,10,9.435586802032507,9.217402690628592,9.547221928323351,9.025474041702601,3.173771183824564,2.5872822827381494
448.40000000000003,10,10,9.439744305965899,9.220378013551196,9.288695705135174,9.197152546838744,3.199974665087814,2.6872822827381437
448.6,10,10,9.444885747620742,9.224615581531797,9.636247503990724,9.1635476823037,3.1902866201843234,2.787282282738138
448.8,10,10,9.448929388374896,9.230111655778996,9.432992791166143,9.063197076502954,3.154183262151763,2.8872822827381324
449.0,10,10,9.453935633324816,9.236618750535534,9.284746626906141,9.169834228955036,3.2541832621517575,2.9150694221901787
449.20000000000005,10,10,9.46067076018215,9.242474376644678,9.251549342398265,9.28963669022104,3.35418326215178,2.8159857713020715
449.40000000000003,10,10,9.468903362201663,9.24794003524188,9.386891850458419,9.208478907938844,3.3821365649417503,2.8812897344242967
449.6,10,10,9.476203773904839,9.254630373832399,9.579548498403474,9.10861212944221,3.282136564941756,2.981289734424291
449.8,10,10,9.482667112879165,9.262162817318405,9.354000450266991,9.431751945274794,3.3174409322199416,2.966466338986741
450.0,10,10,9.49065580177036,9.268668160525918,9.467333877479145,9.35582101566391,3.396335070370315,2.8664663389867466
450.20000000000005,10,10,9.4983686200771,9.273932660242401,9.531400819564121,9.188204651805194,3.296615433739484,2.7828451830315295
450.40000000000003,10,10,9.504458289395991,9.279399168505655,9.42509056063653,9.172118630736108,3.1966154337394896,2.882845183031524
450.6,10,10,9.50893604303835,9.285294285598845,9.545871296940179,9.398957165456155,3.0966154337394953,2.820644640141172
450.8,10,10,9.512219550301065,9.290376114478805,9.473249362194702,9.203699926342392,3.096720160117584,2.8338000028100248
451.0,10,10,9.5168055575053,9.296472661038194,9.409649569871895,9.245293958733809,3.1967201601175783,2.933800002810019
451.20000000000005,10,10,9.522320617620075,9.302720053172415,9.569876362708346,9.436409919881138,3.1589253519794793,2.8464803573650586
451.40000000000003,10,10,9.52714626731936,9.307714206095952,9.468126146256239,9.478856124280881,3.1945870644038576,2.7464803573650642
451.6,10,10,9.53349816766337,9.311454281386586,9.439867139144898,9.313632953667305,3.294587064403852,2.64648035736507
451.8,10,10,9.540059191275404,9.314151963649513,9.48208519450205,9.321096921357508,3.206502094097431,2.612848108500575
452.0,10,10,9.544981109845754,9.317482597922146,9.673245929910273,9.17003373834501,3.106502094097437,2.7127309586868105
452.20000000000005,10,10,9.548387740931547,9.321925505834374,9.529518766048973,9.41022045240433,3.059347829248884,2.7452351365328953
452.40000000000003,10,10,9.552139789041238,9.325660224591035,9.54525641432911,9.399214908005927,3.054862148104344,2.645235136532901
452.6,10,10,9.554635650132928,9.328137473801618,9.760568564970976,9.362175144710834,2.9548621481043496,2.5452351365329067
452.8,10,10,9.555834429585666,9.329358106721655,9.45851762068794,9.48102363441562,2.9460317288773528,2.4509512129416873
453.0,10,10,9.558176215360579,9.330645727531781,9.57542726020312,9.296304923128558,3.0136145543001356,2.550717123636116
453.20000000000005,10,10,9.561355227886196,9.333189911643954,9.555829277927927,9.291331980747165,3.0913378497974353,2.650717123636139
453.40000000000003,10,10,9.566178394763527,9.336496646946097,9.427538075472226,9.294833851314209,3.1678760573479314,2.625316934637776
453.6,10,10,9.570651762093997,9.338725536637014,9.67655484524662,9.501309733043538,3.067876057347937,2.5253169346377815
453.8,10,10,9.574294438701289,9.340100370453618,9.360433034334914,9.316228110719276,3.108522202447009,2.5379896507567015
454.0,10,10,9.57915832617874,9.342461121363714,9.579389393878007,9.40032586461956,3.1226622900041776,2.60503000714459
454.20000000000005,10,10,9.583582933053142,9.345609054716292,9.494322426743825,9.316470269537927,3.1491979125834986,2.697477030718028
454.40000000000003,10,10,9.58837340579982,9.350010966535278,9.689381662133751,9.266961422833951,3.086750803931483,2.797477030718022
454.6,10,10,9.59194704609128,9.35450109791493,9.612564713631272,9.463823442447236,3.0790960265106477,2.704969709316564
454.8,10,10,9.596616604636845,9.357734450276908,9.611868072958524,9.42134870616893,3.1446735491496645,2.6049697093165696
455.0,10,10,9.60085585185653,9.360275802048793,9.705128563587799,9.335861365010697,3.0456121792859463,2.638600845268183
455.20000000000005,10,10,9.603450643292302,9.363572728012185,9.769408110111595,9.466274785985268,2.9456121792859236,2.6408476897252884
455.40000000000003,10,10,9.605727144071903,9.367162710543482,9.451229507056295,9.345945229084169,3.0236247010463866,2.7335320230976725
455.6,10,10,9.609670394862574,9.37080747059776,9.741655314451863,9.46608161403589,3.111529773881715,2.638636033694025
455.8,10,10,9.613435535959534,9.373329982724469,9.739004568393183,9.39011359699362,3.011529773881721,2.603655358908427
456.0,10,10,9.615874316682532,9.376533198270618,9.64783731870949,9.48970268313144,2.99921507896618,2.703655358908421
456.20000000000005,10,10,9.619480260829594,9.380986767096388,9.740021070196818,9.308355000614371,3.0992150789662025,2.803655358908444
456.40000000000003,10,10,9.624783357193513,9.386691448875728,9.56100359561959,9.162392914862652,3.199215078966197,2.903655358908438
456.6,10,10,9.631787396414026,9.393576489322506,9.455968858703331,9.38596252344885,3.299215078966191,2.9558913731885545
456.8,10,10,9.63935160925535,9.400569125079713,9.750972079219077,9.263478901196486,3.2337078077201276,2.9982395329900418
457.0,10,10,9.645347652791484,9.407509402523708,9.560893784394256,9.425726802548562,3.147742481165165,2.903006851721731
457.20000000000005,10,10,9.650093913502225,9.41318776820546,9.749238008626673,9.392610330815105,3.057215494065964,2.803006851721708
457.40000000000003,10,10,9.654317447668221,9.417841250486108,9.60467475239615,9.311839224517533,3.1204262283450444,2.790046266081515
457.6,10,10,9.660174396525857,9.42317755425297,9.532403581661603,9.291292959127027,3.2204262283450387,2.8191812467206963
457.8,10,10,9.66771368174159,9.428964078340973,9.60771968316434,9.378759975148228,3.3112666733047784,2.9124175182683683
458.0,10,10,9.675423823760715,9.435912959071945,9.512613220671552,9.31699722959908,3.2458359398886745,2.9854775850610635
458.20000000000005,10,10,9.68178721571418,9.442617618399483,9.758014463521274,9.449030488848072,3.1459545704159186,2.8861651709743676
458.40000000000003,10,10,9.68672455779272,9.44805961304165,9.637776261591597,9.594108008122312,3.11683616351124,2.7861651709743733
458.6,10,10,9.691584059073778,9.452240459373781,9.853933390310216,9.617435482441088,3.056523809120231,2.686165170974379
458.8,10,10,9.694857545242229,9.45523249522539,9.757350795983339,9.426663655375034,2.956523809120237,2.6338350848142285
459.0,10,10,9.69735756578027,9.45874558378838,9.73122143454938,9.352564183897842,3.0013953881103053,2.7338350848142228
459.20000000000005,10,10,9.699807363044192,9.463034761139696,9.818011456750144,9.498237784898865,2.9049273021151714,2.7113401088063305
459.40000000000003,10,10,9.700616398748066,9.46624533369052,9.796480970315807,9.620843120368823,2.8053824638443094,2.611340108806336
459.6,10,10,9.70100078184203,9.468262456117099,9.85287028067486,9.388994843452455,2.8554016819635346,2.5598134198120643
459.8,10,10,9.70104779611798,9.470804857006385,9.836839420927934,9.405446350646747,2.757320002832446,2.6598134198120587
460.0,10,10,9.700346263637098,9.474563053418805,9.612281744239617,9.436516044869881,2.803589377680511,2.731383362811325
460.20000000000005,10,10,9.701217866287779,9.477974435753875,9.582448161761274,9.591351154115271,2.9035893776805337,2.6313833628113024
460.40000000000003,10,10,9.703543759392801,9.480239997036,9.683323808236615,9.533271765350309,2.930123662274019,2.5928796535441414
460.6,10,10,9.70488010118842,9.482688308978947,9.777446440270113,9.470437554153415,2.830123662274025,2.5714056809920027
460.8,10,10,9.704627173479121,9.484836586400354,9.740908689913846,9.309572779127869,2.7686382734912036,2.628048802924365
461.0,10,10,9.704971734079272,9.487683802975646,9.601598259349268,9.427625464696787,2.868638273491198,2.6191316906420044
461.20000000000005,10,10,9.706997249210529,9.490816834033765,9.740741943710901,9.447812139712498,2.9686382734912207,2.712770645257393
461.40000000000003,10,10,9.710172185778596,9.494058662484205,9.715212128910578,9.488169572685829,2.9559214040018955,2.622588872770842
461.6,10,10,9.71360158946487,9.496044357270897,9.648611068612361,9.605019336406688,3.05165425880649,2.522588872770848
461.8,10,10,9.718643202053922,9.497230137026051,9.623944531354043,9.243154755625458,3.1189192689494387,2.542938156740263
462.0,10,10,9.72317597291965,9.499475865730888,9.801472455483704,9.428747946343025,3.0189192689494444,2.6429381567402572
462.20000000000005,10,10,9.726048714290581,9.502354636444435,9.886690086657637,9.74916872357443,2.9189192689494217,2.6024483197015242
462.40000000000003,10,10,9.727336013638268,9.504254755244615,9.703422048374042,9.541641349317839,2.8604176707993316,2.5766607666365413
462.6,10,10,9.729250581821306,9.50668357504211,9.550877136493291,9.530014562100552,2.960417670799326,2.592477990868615
462.8,10,10,9.731882527610209,9.50913086511789,9.768152599594268,9.475667367819945,2.9090607581564667,2.6577404653494314
463.0,10,10,9.732961514290329,9.512786955303438,9.833391336093236,9.461594901016216,2.8090607581564724,2.7577404653494257
463.20000000000005,10,10,9.732404809644498,9.517674554082113,9.90009097143522,9.434968445461035,2.7090607581564496,2.8419250089974084
463.40000000000003,10,10,9.73104913491758,9.522350332955835,9.609538479957711,9.507598900804554,2.749923647867474,2.7419177539097404
463.6,10,10,9.731242949791769,9.52575197027,9.688175539761875,9.53398543299812,2.849923647867468,2.641917753909746
463.8,10,10,9.732212268304709,9.528459484012547,9.69266585697408,9.37427731242799,2.8026598920486077,2.677026982416587
464.0,10,10,9.733198643219067,9.531760218471396,9.761927317533567,9.715714807725497,2.8953537545237045,2.648523084894245
464.20000000000005,10,10,9.734652123906452,9.533955922410213,10.015607777422845,9.669926928431751,2.8250995352542625,2.548523084894222
464.40000000000003,10,10,9.73448236954523,9.534890279086246,9.886944384350334,9.5874112260993,2.725099535254268,2.4584999027903454
464.6,10,10,9.733323323515,9.535936339818512,9.745647023988665,9.32342358555064,2.7521141028018703,2.558478081078215
464.8,10,10,9.733617160597623,9.537956120004786,9.610865083193023,9.602424639322692,2.8521141028018646,2.565571418577188
465.0,10,10,9.735580237564353,9.539072550151882,9.767136485380197,9.741803638097894,2.952114102801859,2.4655714185771935
465.20000000000005,10,10,9.738640787098626,9.539178182767552,9.70698054400553,9.522481678269179,2.9365486721850136,2.4540328604351194
465.40000000000003,10,10,9.740322966890066,9.540017221645916,9.87005512941284,9.530824432764843,2.8365486721850193,2.489432629156696
465.6,10,10,9.741609378102279,9.540462835388485,9.603367896150177,9.636825280632792,2.911425526658349,2.4558982764704984
465.8,10,10,9.744178138174727,9.541435219042189,9.752640757028084,9.548727577058429,2.9199512159269885,2.5547002058443895
466.0,10,10,9.745571194748639,9.543087920135473,9.728364574682082,9.732816967697891,2.819951215926994,2.5197840129057503
466.20000000000005,10,10,9.74582640151309,9.543610425103253,9.781796435387644,9.582300668174776,2.8322625952237033,2.4197840129057275
466.40000000000003,10,10,9.746514877367437,9.54381004819245,9.887660879294902,9.396615965763546,2.784811209207836,2.492606228915732
466.6,10,10,9.746075228993263,9.545235019938877,9.841244796553209,9.370083181451987,2.7852757607783145,2.5926062289157263
466.8,10,10,9.746429947746172,9.54780195721039,9.834087875439455,9.677970800712428,2.783885028035439,2.635263799960794
467.0,10,10,9.746953289426546,9.549740769257197,9.838170401263403,9.700624422913602,2.855949011914179,2.5352637999608
467.20000000000005,10,10,9.748304672233097,9.550492882085228,9.651931773269485,9.513934073201327,2.8733878744793673,2.4843871039350613
467.40000000000003,10,10,9.748999524189825,9.550918614560016,9.906188722946796,9.714538223903723,2.776995965997691,2.418667272228914
467.6,10,10,9.748978457192443,9.550745054120535,9.715472302047838,9.547897898612815,2.828117801717549,2.4451262971034993
467.8,10,10,9.750514823947883,9.55153003023479,9.895758599680898,9.425532490192209,2.9281178017175433,2.545035047712163
468.0,10,10,9.753440467770785,9.553263364166325,9.651390506782773,9.83081556001291,2.956051823522305,2.546519499766964
468.20000000000005,10,10,9.755440034129332,9.554324449743499,9.945075147567099,9.50013029657968,2.856268652962888,2.5380099881897467
468.40000000000003,10,10,9.756481592706756,9.556095167159706,9.59198127282859,9.60223657372111,2.886492274867606,2.5642196832366175
468.6,10,10,9.758856235852726,9.55710488189015,9.70929435903155,9.736668014389776,2.930527057689444,2.464219683236623
468.8,10,10,9.760421389755365,9.55770549813504,9.76046687087869,9.589866687340283,2.8305270576894497,2.5285927212907615
469.0,10,10,9.760322685682093,9.559082093309053,9.807043538617938,9.591240890432761,2.7305270576894554,2.5110772878402847
469.20000000000005,10,10,9.759525250476974,9.56000090065243,9.625124838080952,9.574035724948594,2.782407657317223,2.548657602323493
469.40000000000003,10,10,9.760302973039014,9.562044218980576,9.748655370296303,9.470564941994263,2.8824076573172173,2.648657602323487
469.6,10,10,9.762194916857261,9.56491031700975,9.852876887642259,9.595740552786042,2.893936949298739,2.632314144179221
469.8,10,10,9.76319474821933,9.567280293923366,9.858534999670852,9.583278836904482,2.7945466470000153,2.6644215529480246
470.0,10,10,9.763329827796218,9.570746361292125,9.572059464100223,9.608920121753622,2.8317561861608405,2.754362786734814
470.20000000000005,10,10,9.764511595874264,9.574803135715205,9.875683544690032,9.514846852596357,2.824715341972008,2.776653606210738
470.40000000000003,10,10,9.765033577707204,9.578965618017241,9.65077373187049,9.556460091172458,2.8468031720195404,2.7648897524134153
470.6,10,10,9.766639066127066,9.582405890408365,9.9365704352937,9.68556006004932,2.855071998627624,2.665293771483818
470.8,10,10,9.767079989666875,9.584670362339512,9.890630369783546,9.615620708699366,2.7550719986276295,2.6186456364999566
471.0,10,10,9.766969994275769,9.587502966979502,9.673984243711105,9.620390920107852,2.8176584248053804,2.718645636499951
471.20000000000005,10,10,9.768187480217057,9.590687996152436,9.828726528564115,9.63477227041822,2.833326316137287,2.6501591055918188
471.40000000000003,10,10,9.76886532296047,9.592638288333283,9.763094625665136,9.6322499649317,2.8488866837932645,2.5501591055918245
471.6,10,10,9.770911699305163,9.594095887106565,9.630423245092514,9.364743214691545,2.948886683793259,2.6067196900700718
471.8,10,10,9.774622778750595,9.596747030975022,9.663569708571298,9.536443916126707,3.048886683793253,2.706719690070066
472.0,10,10,9.779225925168703,9.599649767539777,9.7499500115562,9.738268916139432,3.0124658246790554,2.628048763803097
472.20000000000005,10,10,9.782330166929265,9.601309272666855,9.965521339187717,9.693777683398617,2.9124658246790327,2.5294832233254825
472.40000000000003,10,10,9.784468371904115,9.602977810771948,9.792511560745304,9.468535332885637,2.9257966177093664,2.6290275674426846
472.6,10,10,9.7861497409676,9.605896169610954,9.907906128296082,9.560201138324176,2.8269791648570712,2.7275387567102762
472.8,10,10,9.786612048727898,9.608800184365144,9.672601261669367,9.785266259031912,2.828722432376396,2.6287752967517988
473.0,10,10,9.787928363176576,9.610438853798735,9.932955648082565,9.715513375805715,2.8286042193661634,2.5287752967518045
473.20000000000005,10,10,9.788818470715604,9.61120148087616,9.649299810452334,9.54103772133829,2.8694085013263306,2.53963722579587
473.40000000000003,10,10,9.791033733577551,9.61296611325348,9.78264721561803,9.469129430299091,2.9016879474999056,2.6396372257958642
473.6,10,10,9.792346138966254,9.61545345273076,9.794101170526446,9.651093117378183,2.822496971897516,2.610268581930867
473.8,10,10,9.793877424119728,9.617211099130698,9.78632942149205,9.540398980338255,2.9123056005827825,2.579232123572652
474.0,10,10,9.796306563064883,9.618822739244456,9.819011611372721,9.711530337259259,2.9242600314386795,2.579463216185846
474.20000000000005,10,10,9.798011287009636,9.620851712461716,9.927331127704583,9.60872190554695,2.8268341387165514,2.6488309264750085
474.40000000000003,10,10,9.799488363008924,9.62338056792155,9.543312655533581,9.587308865232528,2.912148781662391,2.6540018590554664
474.6,10,10,9.802522238242508,9.626502030611347,9.825048083521914,9.543275513349778,2.961754284469469,2.750607956028664
474.8,10,10,9.804832783575096,9.629945688283572,9.98082388550142,9.655195487166509,2.8617542844694746,2.684722927810074
475.0,10,10,9.805491704238102,9.633402692119024,9.879421895963008,9.45065923657718,2.7617542844694802,2.77863622656549
475.20000000000005,10,10,9.804511224028696,9.638097453423311,9.837256252503666,9.590783152118398,2.6617542844694575,2.8786362265655128
475.40000000000003,10,10,9.80316430024359,9.643231486475953,9.857925570236423,9.801504817800373,2.7357608996152187,2.819584623460455
475.6,10,10,9.803445386891052,9.647148102639946,9.895412059770061,9.61155792075503,2.8053871058782245,2.7320078916306287
475.8,10,10,9.803892904158575,9.650049932345766,9.828752507936086,9.857353574989824,2.791309600817549,2.6404298676249116
476.0,10,10,9.805148809181386,9.651687955654433,9.771342133639351,9.784559336842236,2.89045470328917,2.5404298676249173
476.20000000000005,10,10,9.807590449662621,9.652120632740132,9.911077277686141,9.659467490773448,2.883958355596845,2.480464053465165
476.40000000000003,10,10,9.809837257095348,9.653000835610952,9.496619768861587,9.377500434304382,2.9478555813274725,2.580470316997857
476.6,10,10,9.813688111841886,9.655135452629843,9.616674949430138,9.57686245947365,3.047855581327467,2.680470316997851
476.8,10,10,9.8189333727381,9.657493878884837,9.846516461948037,9.730101202690012,3.068015393054124,2.599170504340706
477.0,10,10,9.823103382857468,9.658862641946373,9.811383486344988,9.582751611844463,2.9680153930541295,2.58894915429571
477.20000000000005,10,10,9.826331525560438,9.660311969519086,9.743868604600804,9.83976856119994,2.981333782209638,2.530008352803262
477.40000000000003,10,10,9.830384635267963,9.66055923305359,9.75828707219842,9.96878937112633,3.04366944417966,2.430008352803268
477.6,10,10,9.834110518122346,9.659555984088547,10.014304622957784,9.800763555488098,2.944266981709707,2.3300083528032736
477.8,10,10,9.836143039236013,9.658389003630708,9.890214546864968,9.55308677086549,2.844266981709713,2.4160988723980363
478.0,10,10,9.836494254190425,9.65847092670916,9.929457245814035,9.5161287524939,2.7442669817097185,2.5160988723980307
478.20000000000005,10,10,9.835185608343423,9.659775508158072,9.824567759961297,9.73191934227747,2.653135449517871,2.58813389055833
478.40000000000003,10,10,9.834020429325717,9.660740799992384,9.830041474823037,9.798901767685306,2.752702882829158,2.488133890558336
478.6,10,10,9.834516586843927,9.660442572931917,9.834614796023509,9.714127878981751,2.8527028828291523,2.388109257554588
478.8,10,10,9.835353453344869,9.660105191748878,10.035843618986126,9.586596912710249,2.775342578479332,2.485132252734716
479.0,10,10,9.83494761119564,9.660710530222103,9.858668821897561,9.83299132919663,2.774158806542339,2.486207224592519
479.20000000000005,10,10,9.835417610231405,9.660378996769682,9.940810499216171,9.771019447492852,2.7815556375668247,2.3978440574030406
479.40000000000003,10,10,9.834690069756293,9.659177339660058,10.007769998684807,9.818600151669614,2.6815556375668304,2.326601125113155
479.6,10,10,9.833260739650408,9.658069989703652,9.700947833863532,9.509118624332075,2.7346742195244444,2.4254823022902863
479.8,10,10,9.83296558574439,9.658212913233188,9.960826482610504,9.690113675696509,2.7328540849673617,2.5254823022902806
480.0,10,10,9.831408660596871,9.659256664632357,10.05561551792917,9.773555319105634,2.6328540849673674,2.5204717003162016
480.20000000000005,10,10,9.828597831661103,9.660113547787946,9.808315345189664,9.567446360531427,2.631159919709567,2.579970735090207
480.40000000000003,10,10,9.826011878949656,9.662159612751953,10.089113846506423,9.624764348137878,2.574328392889229,2.679970735090201
480.6,10,10,9.82222701907729,9.664314824019721,9.921418573685733,9.866029729827645,2.567919916985635,2.590477769692015
480.8,10,10,9.819653610926851,9.665259392116194,9.825561925315958,9.660180176543378,2.667919916985629,2.5340191314207066
481.0,10,10,9.818750455120597,9.66667941621731,9.77687679011759,9.424954178297481,2.7617392675583115,2.634019131420701
481.20000000000005,10,10,9.81907830510391,9.669344974681183,9.856041259062813,9.6653905363416,2.824664205665925,2.7340191314207236
481.40000000000003,10,10,9.820608247507705,9.673255905385194,9.85290283125265,9.518686061787747,2.8997866569614197,2.834019131420718
481.6,10,10,9.823603653430954,9.678133621788717,9.730028749095295,9.713288332513569,2.998939263532708,2.8398155986813083
481.8,10,10,9.826727212302089,9.682811039452169,9.869341616441673,9.459582340088772,2.90569505103827,2.8904173319402364
482.0,10,10,9.828212942096968,9.687880263720432,9.89914924503055,9.735864841558834,2.805695051038276,2.8332607871404956
482.20000000000005,10,10,9.828749163853802,9.691736485747134,9.640344103667825,9.770259037196322,2.834448538135869,2.733260787140473
482.40000000000003,10,10,9.830753059894612,9.694326190898368,9.724951803706936,9.767784540930672,2.934448538135863,2.6332607871404785
482.6,10,10,9.834134053778662,9.695656728862376,9.776490807038691,9.8224146669883,2.9515545418813454,2.533260787140484
482.8,10,10,9.836669757603232,9.69678684397548,9.84292550965707,9.612238318498306,2.9303647449538874,2.6166046905395253
483.0,10,10,9.839826906241983,9.699162047014799,9.90631114819063,9.58646479753649,2.9519285908169923,2.7166046905395196
483.20000000000005,10,10,9.842122210228952,9.702741533135272,9.864213633471103,9.710548632255568,2.852520542895362,2.7781247643242124
483.40000000000003,10,10,9.842769167276284,9.706631248968275,10.004546823459291,9.672312141060836,2.752520542895368,2.8332805436331316
483.6,10,10,9.842396261792874,9.710558774304749,9.61655124770239,9.74079848113337,2.774611092056462,2.7430285719220593
483.8,10,10,9.843452923934581,9.713220910176643,9.788431297210975,9.88520194387781,2.8746110920564565,2.643028571922065
484.0,10,10,9.845957259679533,9.714623215528807,9.86807156703438,9.720523151495005,2.9021459162097307,2.5508873084577384
484.20000000000005,10,10,9.847476906989602,9.715310963335256,9.8438840184711,9.800405871049746,2.812220472602979,2.5115798798714892
484.40000000000003,10,10,9.847499166375133,9.716226825599056,9.91779206521094,9.822857272677453,2.7132066252124742,2.6048983817783475
484.6,10,10,9.846393720100071,9.717172952986346,9.954514177844517,9.935968704285937,2.726357750706452,2.50826288051369
484.8,10,10,9.846360534385488,9.716945696987917,9.869674462590257,9.735795917872998,2.7603428357093645,2.4617516953590397
485.0,10,10,9.847089930252666,9.717296240436708,9.800841691394993,9.58164426008611,2.856073089472979,2.561751695359034
485.20000000000005,10,10,9.849477236361773,9.718899506076726,9.741963753113271,9.60549436261444,2.956073089473002,2.6617516953590568
485.40000000000003,10,10,9.852978368647854,9.721663395909546,9.844618500838301,9.690201730456446,2.9693966932560487,2.7074565030104707
485.6,10,10,9.856621684155808,9.72383548220482,9.761762309233807,9.737045020980387,2.9956597896278163,2.6074565030104764
485.8,10,10,9.859822487258468,9.724751575418741,9.873212390850538,9.783695455669289,2.910232390991866,2.507456503010482
486.0,10,10,9.862320449205958,9.724573734804187,9.884220545003581,9.776244539128028,2.922876751846079,2.458158048370105
486.20000000000005,10,10,9.864240883732682,9.724846438916163,9.94872521570983,9.824642798183618,2.833335524041007,2.556017784449233
486.40000000000003,10,10,9.864540013546279,9.72637052701831,9.890433907921183,9.617537881618938,2.7333602040853013,2.656017784449227
486.6,10,10,9.863185313928504,9.729055613114625,9.93669028775642,9.744279745427253,2.633360204085307,2.704837865349981
486.8,10,10,9.860430149323658,9.73116406400416,10.052890149707826,9.900127918698564,2.6098580379675633,2.6048378653499866
487.0,10,10,9.858717760662005,9.73237665142209,9.89958840336548,9.633067937856973,2.7098580379675576,2.6141905039286844
487.20000000000005,10,10,9.857647292946139,9.734535804963746,9.773455258710188,9.691440910235903,2.6562965065530197,2.6788052600979673
487.40000000000003,10,10,9.856690671374649,9.736503645247753,9.768360187318114,9.636945256340121,2.753809055071651,2.6423233354829647
487.6,10,10,9.85710738097375,9.737807732948154,9.85618592274189,9.765787810986868,2.7692429631235074,2.544875757293777
487.8,10,10,9.856414005680524,9.738818014216141,10.064925921678524,9.61996400065447,2.669242963123513,2.6205398841782124
488.0,10,10,9.854745768761592,9.740548405927088,9.80520449699631,9.792760247645287,2.6971147738472308,2.593717379525181
488.20000000000005,10,10,9.854532113786671,9.741180151859718,9.80228963941311,9.723409620022165,2.7971147738472535,2.493717379525158
488.40000000000003,10,10,9.855083940048383,9.74154217676494,9.853492723193199,9.79431212884274,2.750668181520717,2.5713430493233873
488.6,10,10,9.855221149990552,9.742724193600335,9.849915853408545,9.674295191714084,2.815477000119273,2.556632689400951
488.8,10,10,9.855977716299359,9.742984555405231,9.989281963963496,9.766525865862949,2.7612591568816387,2.509459759696348
489.0,10,10,9.856080473275684,9.74255561726785,9.871458695410348,9.918407211371129,2.810844249798622,2.4108908981439754
489.20000000000005,10,10,9.857059498540549,9.741327439364369,9.885725648167949,9.654314747505392,2.784394952368942,2.43155625883274
489.40000000000003,10,10,9.85720360744644,9.741058213383237,9.670235280493351,9.702427563396313,2.8063496202795863,2.475648139728933
489.6,10,10,9.858236356881738,9.74018306565721,9.930655406274017,9.903424614454302,2.7958219232867894,2.3756481397289386
489.8,10,10,9.8592196551126,9.738600403922781,9.711625996640246,9.646936224990194,2.872576163214524,2.407670995954321
490.0,10,10,9.861510274150769,9.73773200234811,9.866776178032746,9.894727735480078,2.8858161263006457,2.3948391130528304
490.20000000000005,10,10,9.862647180978389,9.736098236902665,9.949634467291494,9.844073091137469,2.785816126300623,2.3837298091417956
490.40000000000003,10,10,9.86210169146381,9.735332501002851,9.927157684469858,9.648155924728655,2.686061493626087,2.48372980914179
490.6,10,10,9.861216343460113,9.735762078957704,9.852646298749187,9.660087735233121,2.750698339716761,2.542061902912945
490.8,10,10,9.860990707407614,9.736122379539552,9.783468287350289,9.687312182157868,2.7568867395050596,2.5424262921974714
491.0,10,10,9.860412731554426,9.737243315789657,9.98370680803999,9.741575657025223,2.708784026423644,2.6295835659847504
491.20000000000005,10,10,9.860197463918754,9.738802726689622,9.863239920037515,9.79163917849664,2.805307755117487,2.6074894302370653
491.40000000000003,10,10,9.860605274014134,9.739572658400284,9.843508239013595,9.83348240414384,2.7469707463637327,2.5087988703946853
491.6,10,10,9.85965271041746,9.740106722759169,9.907402143044088,9.647538526587129,2.720307784877446,2.5895510859228037
491.8,10,10,9.85875898904638,9.74178460759656,9.903080378188717,9.78557845066277,2.7025303910326413,2.6356661691226844
492.0,10,10,9.858500221807034,9.742866932289312,9.631795693257924,9.733404814698478,2.8016611970650285,2.53566616912269
492.20000000000005,10,10,9.85990544081878,9.743883091648332,9.733208081735517,9.653596950413617,2.901661197065051,2.6307053833753598
492.40000000000003,10,10,9.86297489082604,9.74597779302535,9.745098207843851,9.777982212389677,3.0016611970650455,2.6561291475885986
492.6,10,10,9.867514745982055,9.747311724268219,9.828418097795026,9.830324135500053,3.0495426844760236,2.5561291475886043
492.8,10,10,9.872242484620838,9.747642574640741,9.784845720252017,9.692142246452587,3.0569234504282377,2.544772452433208
493.0,10,10,9.87746514413632,9.748514245817285,9.80505219352198,9.799376572535982,3.1117629277542598,2.541773336767852
493.20000000000005,10,10,9.882345858464898,9.74921128285746,9.84240763239632,9.656027667283253,3.0140230185032753,2.599176569196725
493.40000000000003,10,10,9.885551679185987,9.751110800598113,10.062925935337246,9.667767437500586,2.914023018503281,2.699176569196719
493.6,10,10,9.887128875911904,9.754258297963192,9.748484792987602,9.725266151976236,2.8412347973691685,2.7879166998659866
493.8,10,10,9.887993659954876,9.757259069892928,9.991341010438633,9.850831945959,2.775048146526812,2.6879166998659922
494.0,10,10,9.887485895330244,9.759091944240437,9.921996787711453,9.748400246915887,2.7488641297142418,2.6315032508641125
494.20000000000005,10,10,9.887536453349544,9.761359767764368,9.849934755702469,9.689416589847154,2.7923794510041633,2.7311357947252066
494.40000000000003,10,10,9.888764749507109,9.764619912503866,9.812600253680678,9.845267677576668,2.891833066194504,2.7412074358428575
494.6,10,10,9.891530474259026,9.766998100639809,9.86163069748471,9.79100927722919,2.9359018371048284,2.641207435842863
494.8,10,10,9.893501319564447,9.768118179977723,9.801365001693862,9.915910567123849,2.835990586537158,2.541207435842869
495.0,10,10,9.895299732215515,9.768429287606782,9.920482445628304,9.61788266236682,2.925796847084813,2.560734364204365
495.20000000000005,10,10,9.897347778192115,9.76973946188286,9.996900812499165,9.694441242606587,2.8422583157601133,2.619649481790764
495.40000000000003,10,10,9.89793642482454,9.770706132554148,9.771404615061956,9.801407107796054,2.810708634950416,2.5487851244070803
495.6,10,10,9.899449665430941,9.77106743756073,9.770870101593832,9.834872530849402,2.8917069947397174,2.5154339918106485
495.8,10,10,9.900653268745659,9.7718343874372,10.17127270525375,9.743131982628668,2.791706994739723,2.613920492468445
496.0,10,10,9.900195140612684,9.773850771381696,10.060070258304414,9.51401254789001,2.6917069947397287,2.7139204924684392
496.20000000000005,10,10,9.898783783419836,9.777046232089756,9.709518775439394,9.72035020847914,2.720775763145317,2.768951704953786
496.40000000000003,10,10,9.898848676158963,9.779726270886366,9.817724903724491,9.820935283315299,2.820775763145311,2.6689517049537916
496.6,10,10,9.900095142323798,9.78196271504306,9.818626789591432,9.69219523407977,2.827514567815972,2.730531797081944
496.8,10,10,9.901936092016037,9.784409568440905,9.72465069736661,9.837036225907383,2.9264407771025973,2.652798189130943
497.0,10,10,9.905232257791123,9.785613955263402,9.928309011667826,9.887699297678445,2.9557700978811474,2.552798189130949
497.20000000000005,10,10,9.907548531318001,9.786156382935415,9.974314610754009,9.721161761661103,2.8581343753390223,2.59013483914454
497.40000000000003,10,10,9.909865572761495,9.787828604931073,9.845584399329192,9.82882515712683,2.9561605492858267,2.6849108558706565
497.6,10,10,9.913198999664251,9.789540932954617,9.87839143616667,9.750853084873361,2.933360264729452,2.599502234123215
497.8,10,10,9.915915021250788,9.791264437965232,9.881536829389141,9.668888435728118,2.932346705855545,2.6940757306259253
498.0,10,10,9.917838248169646,9.793297963929946,9.986112833256708,9.82302089678227,2.8329854616762034,2.620923630462848
498.20000000000005,10,10,9.918263561832742,9.794093105164734,9.877315593592524,9.861313989970359,2.796234562005696,2.5209236304628253
498.40000000000003,10,10,9.91872149857905,9.79404022862225,9.982034716902431,9.915512502792964,2.753574241622031,2.535333665553316
498.6,10,10,9.917648581108912,9.795007048213105,10.00302623949066,9.747345767370687,2.6535742416220365,2.6353336655533104
498.8,10,10,9.916559828126893,9.797218459989253,9.708433479555788,9.63626220241854,2.751975549032808,2.7353336655533047
499.0,10,10,9.916973732415785,9.79992289515671,10.003248530714732,10.0021185120506,2.7867571128277078,2.6806189362234836
499.20000000000005,10,10,9.916619448510586,9.801426519622764,9.85483809947216,9.78169774706624,2.7428929345076614,2.580618936223461
499.40000000000003,10,10,9.917071537721977,9.802675817064623,9.770080367217401,9.644975185598078,2.8428929345076557,2.6598813688446112
499.6,10,10,9.918790271491961,9.805162104164452,9.989517038378613,9.736243813256616,2.844679032337189,2.7598813688446056
499.8,10,10,9.920264649892836,9.807901241156118,9.844478910972516,9.751432901219628,2.8980307658014834,2.681811776573007
500.0,10,10,9.923236185391684,9.809395857368038,9.949325581121567,9.786191715873459,2.964449206372415,2.5818117765730126
500.20000000000005,10,10,9.925725856581531,9.81025625435149,9.89760746806682,9.689475403360337,2.864944028792719,2.622408739565849
500.40000000000003,10,10,9.927089497670666,9.812258968525022,9.724140936945162,9.721178818947564,2.8789477101632373,2.7224087395658434
500.6,10,10,9.929804957611298,9.814705469822066,9.83126219966991,9.863338108376277,2.964694296354981,2.662285908015107
500.8,10,10,9.933874953890761,9.817132954868908,9.809353721490055,9.665799350690666,3.0597005979771135,2.7566243452050783
501.0,10,10,9.93884309987078,9.820516600736909,9.883221589088098,9.722292328166231,3.024279805023322,2.7589556221691107
501.20000000000005,10,10,9.942321969281174,9.822972283479261,10.037173420761595,9.800902648961365,2.9242798050232994,2.658955622169088
501.40000000000003,10,10,9.944133168191904,9.824169752727718,10.01153667005332,9.880854025586281,2.824279805023305,2.5589556221690937
501.6,10,10,9.944272881993774,9.82410782657442,10.032209388186676,9.869190679161203,2.724279805023311,2.4589556221690994
501.8,10,10,9.942805468478893,9.823567104414776,10.031270245058112,9.70239826057439,2.6642096569037763,2.516755099909523
502.0,10,10,9.941934538002473,9.824218545383566,9.920064021426207,9.751087422630551,2.7642096569037706,2.6167550999095175
502.20000000000005,10,10,9.941402702471365,9.826117781969591,10.148962571369355,9.709888181298416,2.6854449308089823,2.7167550999095402
502.40000000000003,10,10,9.939471823878126,9.829073144941413,9.98136315095454,9.734222014881695,2.6597941293914347,2.739754613787605
502.6,10,10,9.938508005635196,9.83143947596254,9.974309066813106,9.687396113541375,2.7219159646776623,2.7131502048119214
502.8,10,10,9.938028500830569,9.83416250175465,9.924223303431667,9.858282414885156,2.758862915779749,2.7566005879882893
503.0,10,10,9.938801127328869,9.836528623681376,9.785986844945722,9.837196573644686,2.8587766463445297,2.6580480890054914
503.20000000000005,10,10,9.941239500998968,9.83784695445779,9.818858147506731,9.71690017999052,2.9587766463445524,2.6403156244479096
503.40000000000003,10,10,9.945060830894997,9.83914885835989,9.912188477070574,9.788230345018247,2.977697153501345,2.576963623434661
503.6,10,10,9.948954301134032,9.839386360161015,9.75432143835667,9.825165962416774,3.0448140317385177,2.5450098578392835
503.8,10,10,9.953550063181574,9.840339515991834,9.880505314586411,9.772791015494656,2.9980303501286567,2.645009857839278
504.0,10,10,9.957235992659044,9.84205050537863,9.804771772305328,9.922207990680063,3.0226875184045796,2.618714116831219
504.20000000000005,10,10,9.961595531261933,9.842806151042543,9.927480861506641,9.899696833851655,2.9891461486976305,2.5815248503345662
504.40000000000003,10,10,9.964460024359763,9.843906769990138,10.216729275821708,9.884497752091795,2.889146148697636,2.627758249042958
504.6,10,10,9.965674084983998,9.845902857104353,9.976545279110324,9.754451504896192,2.809734912599013,2.7274734754933587
504.8,10,10,9.966527083581582,9.849146984244307,9.949343939995039,9.649066513811803,2.7848720852296087,2.827473475493353
505.0,10,10,9.966024415186352,9.853276721516938,9.854907958817511,9.667173327944472,2.6852835559266897,2.8207945748826653
505.20000000000005,10,10,9.963896484507812,9.856406891695285,9.958174301674175,9.781764361276998,2.59314581955575,2.7207945748826425
505.40000000000003,10,10,9.961855224934371,9.858264196750628,9.899816390117927,9.910808272976858,2.6900638307342333,2.620794574882648
505.6,10,10,9.961417296508996,9.859414690524654,9.905419295165876,9.724471227678814,2.7527050415693366,2.654338149393336
505.8,10,10,9.961976003863143,9.861344829694994,9.89091472022971,9.91312194879821,2.8453103438459384,2.6518735156976856
506.0,10,10,9.963074103571595,9.862312258368823,9.957461542866373,9.855110869182194,2.796610112306315,2.5518735156976913
506.20000000000005,10,10,9.9644358784938,9.862696371086043,9.767822810323427,9.956012026062382,2.894177507391888,2.5985175444591606
506.40000000000003,10,10,9.967416960660419,9.863361729672478,9.864957108895364,9.968375497395613,2.9656867353374072,2.530636875333172
506.6,10,10,9.969941693301175,9.863162626131183,9.949754954022906,9.771678814032331,2.865686735337413,2.5370704346906754
506.8,10,10,9.971305043794562,9.86394487961722,9.808667318495566,9.817227481436202,2.8769963127924285,2.636956193407874
507.0,10,10,9.973529614541174,9.864739691355432,9.876249253985044,10.056676976014822,2.870746266508184,2.538214655101083
507.20000000000005,10,10,9.97444311042744,9.864420769919809,9.902196772369516,9.840954236348855,2.7707462665081612,2.505560871466952
507.40000000000003,10,10,9.9739175352715,9.864255788999946,9.971818845845638,9.895047585815783,2.74483920596337,2.4736455312457584
507.6,10,10,9.974378721055837,9.862977334277788,9.827107451469871,9.862664151823989,2.844846199693291,2.373645531245764
507.8,10,10,9.976159354492484,9.860567559288448,9.99348227163332,9.86781591224606,2.857255534246913,2.3353018551280083
508.0,10,10,9.977265883640777,9.858817206344995,9.9179797599309,9.886494481591235,2.8661390028087377,2.4353018551280026
508.20000000000005,10,10,9.97865777538893,9.858173386992181,10.043404203623334,9.916378110655405,2.8103908912353712,2.4838306586192958
508.40000000000003,10,10,9.978457991199335,9.858180572072893,10.112845041672307,9.767199089294376,2.710390891235377,2.5707709051872394
508.6,10,10,9.976592563092098,9.85837275865195,9.903397692948486,9.891339674579,2.6103908912353826,2.5024291297989953
508.8,10,10,9.973253919080792,9.85805027846992,9.979849546379244,9.83090856391643,2.577805839580282,2.5016718828556237
509.0,10,10,9.970655161272555,9.858343670452898,10.008621208834501,9.731944791137714,2.6358060012825666,2.600112785526873
509.20000000000005,10,10,9.96759998263718,9.859378106311604,9.954219756241828,9.922782428646292,2.538023417441124,2.5736896382679695
509.40000000000003,10,10,9.964269060074194,9.859313159786609,9.647330371316725,10.019008741966012,2.619978747930819,2.473689638267975
509.6,10,10,9.96258751522533,9.8581882782928,9.99015272328431,9.860674076765706,2.7199787479308135,2.4543812149385933
509.8,10,10,9.962561755185483,9.857869197971636,10.033259676135547,9.81997563308092,2.819978747930808,2.5543812149385876
510.0,10,10,9.964195024504665,9.858804499146421,9.91074203267886,9.850523349982934,2.919978747930802,2.654381214938582
510.20000000000005,10,10,9.966092558407357,9.860994274226607,10.05485295665106,9.813265201687567,2.836581226164573,2.7543812149386047
510.40000000000003,10,10,9.966781825463677,9.86361260880026,9.903483113258904,9.873644307948984,2.8387721053591912,2.692725084805263
510.6,10,10,9.96824276721517,9.865015669834934,10.010666058686986,10.013601250931707,2.8290488339256648,2.5927250848052688
510.8,10,10,9.968389721019738,9.865768866905778,9.993901507336128,9.691917121957598,2.746021835887766,2.632034237331465
511.0,10,10,9.967253687334953,9.867287919985706,10.048726158414336,9.9146693484083,2.6526442319351617,2.6239134259303056
511.20000000000005,10,10,9.964708895180973,9.867883821979582,10.030732023610357,9.712617214415342,2.6040546022993243,2.5740638959474245
511.40000000000003,10,10,9.962757874688663,9.869019361672665,9.988509146006503,9.93601782322498,2.7023988985650647,2.674063895947419
511.6,10,10,9.962480959372924,9.870354242930938,9.864620738438129,9.962551450609075,2.802398898565059,2.59146472674347
511.8,10,10,9.963468620465665,9.870983285454983,10.003192744967242,9.756823892164157,2.833669842089363,2.6231755927515734
512.0,10,10,9.963722158526252,9.872189343939718,9.993748045509214,9.91814571104274,2.734328901144038,2.593372607578226
512.2,10,10,9.962312983655195,9.872419765577572,10.102184869311138,9.807986297680825,2.6343289011440154,2.5581299566825995
512.4,10,10,9.960286577480272,9.87248685311575,9.890122874342168,10.050272907521338,2.692748252364939,2.4949898067641523
512.6,10,10,9.95984830282509,9.87136837810338,9.813891132358108,9.784331057112162,2.792748252364962,2.427363177274516
512.8000000000001,10,10,9.961059125206923,9.870205212787088,9.913465716124794,9.914040081902721,2.8927482523649846,2.4203859415835995
513.0,10,10,9.962837013272141,9.869340177183002,9.937597460590133,9.926154411772757,2.831841792954465,2.5172792285378156
513.2,10,10,9.963251370703782,9.869312561129524,9.921383210377657,9.935054394540957,2.8089656681425588,2.501844740808348
513.4,10,10,9.963197646094716,9.869214544159354,10.00824282616434,9.586500057976133,2.7193896419474832,2.576929215059414
513.6,10,10,9.962038828369293,9.870218273752272,10.009079598752907,9.996266606282738,2.734638738192291,2.612861280769024
513.8000000000001,10,10,9.960880047357817,9.870539223617724,10.10743676647197,9.887494138601072,2.653168889885434,2.515997034805568
514.0,10,10,9.958072282458737,9.8702224948446,9.991331921361489,9.962270797594561,2.5531688898854683,2.5079107391858937
514.2,10,10,9.953606652894658,9.870432897782932,10.115029990613257,9.880317628361496,2.4531688898854456,2.6056370626257896
514.4,10,10,9.948733024683493,9.871165009731506,9.927115146793426,9.883899206212245,2.525672951219745,2.554600625864862
514.6,10,10,9.944971089032924,9.870702580819653,10.16751988260543,9.906075495943833,2.512460430615034,2.454600625864839
514.8000000000001,10,10,9.94001806217105,9.869880794229339,10.047352012129748,9.699466943349009,2.4735644118386535,2.5246814235774173
515.0,10,10,9.935937253786156,9.86976863027909,10.009965318938454,9.944279656368968,2.5735644118386194,2.497996777864056
515.2,10,10,9.932442534174367,9.869055376395696,10.178734042338872,9.835266289447132,2.5121972666844776,2.5237086032209506
515.4,10,10,9.927922933214376,9.868590209559104,9.92109645441528,9.881848707280321,2.529244426037906,2.4619057948643874
515.6,10,10,9.924786160295705,9.867775750046617,9.978562581538592,9.815352719810011,2.629244426037929,2.5284846590193157
515.8000000000001,10,10,9.92331760434429,9.868129329249458,9.824398541688476,9.84086612871873,2.7292444260379516,2.5904677515918793
516.0,10,10,9.923515671634796,9.868046158434733,9.850846231906333,10.110474172135785,2.8292444260379175,2.4904677515919134
516.2,10,10,9.925366433799873,9.866709177648545,9.769017357746167,10.13042234563302,2.92924442603794,2.3904677515918906
516.4,10,10,9.928357173790005,9.864376539334629,9.913369309307118,9.927549776058948,2.924573186917457,2.3798501666441516
516.6,10,10,9.930131473571493,9.862925501682051,9.932619612336227,9.8543060093144,2.83130981716714,2.4798501666441743
516.8000000000001,10,10,9.930594801132557,9.862733659258863,10.071907953258105,9.88774492066747,2.7702372039894683,2.579850166644197
517.0,10,10,9.930776794991694,9.863795543499952,9.967140789707157,9.793222640844302,2.800172017045868,2.679850166644163
517.2,10,10,9.931944359614677,9.865255858099852,10.038063542331894,9.969885625910248,2.885515885185992,2.6149724066356512
517.4,10,10,9.933023197248964,9.865498249913198,10.17622974348368,9.949436120746203,2.786635195910943,2.5149724066356853
517.6,10,10,9.932538407293157,9.864484080424827,9.846097903571176,9.879909965912493,2.7375754420195073,2.4149724066356626
517.8000000000001,10,10,9.932378907817842,9.863039260639002,10.10582001686483,9.807982352287697,2.7392678944206668,2.477048476528303
518.0,10,10,9.931870008635327,9.862804647931533,9.810288855529219,9.770616437580316,2.785705682423607,2.577048476528269
518.2,10,10,9.931945279145905,9.863770738201348,10.087916217178346,9.84997305532638,2.7336989591071608,2.636125997486026
518.4,10,10,9.930855398672621,9.864269670205486,9.880070091344047,9.885530925660545,2.7313630533449125,2.53612599748606
518.6,10,10,9.930993421931786,9.863741240475113,9.960068337199186,9.85692307746377,2.831363053344935,2.5220409371081405
518.8000000000001,10,10,9.931836021204825,9.864060750102924,10.054500294000984,9.769331951191154,2.7800185153996444,2.622040937108163
519.0,10,10,9.931880393182071,9.86553603828171,9.92801140948579,9.806040491499386,2.815508985590635,2.6666350412403483
519.2,10,10,9.933424971715784,9.867624623387197,9.938490322701231,9.596030241281348,2.9155089855906575,2.7634452695203104
519.4,10,10,9.935769304184916,9.870932925376529,9.987618381323017,9.840413078096995,2.870472110306861,2.830863443121121
519.6,10,10,9.937608815880624,9.873860088596937,9.857336874369217,10.048132928944904,2.9268218372794323,2.7308634431210983
519.8000000000001,10,10,9.940363810552174,9.875605010183323,9.98976390635448,9.755464604808937,2.89939406826337,2.6797958734796916
520.0,10,10,9.941676219322277,9.877419924555209,10.075455080803309,9.941650433038463,2.799394068263404,2.657636886698978
520.2,10,10,9.941329234057479,9.87816485982265,9.961534016145617,9.998925078102816,2.6993940682633815,2.557636886698955
520.4,10,10,9.940775622229594,9.878258038413342,9.863175851628059,9.7337124644689,2.786481927759063,2.5968840687560992
520.6,10,10,9.941880725721637,9.879488637591935,9.917768889422119,9.79848456745556,2.886481927759086,2.696884068756122
520.8000000000001,10,10,9.944655187655302,9.881973975817255,9.864986507542891,9.744787711035992,2.9864819277591086,2.7968840687561447
521.0,10,10,9.949099910007499,9.884592983849961,9.723894376940391,9.939780557270826,3.0864819277590745,2.7077761952150516
521.2,10,10,9.95407039802658,9.885965555924384,10.003487637937463,10.065518524656936,3.0214582647048522,2.607776195215029
521.4,10,10,9.95741416955706,9.886202589510878,10.06465178593182,9.856081918102975,2.9214582647048863,2.567939597638851
521.6,10,10,9.959083414280238,9.887085200318584,9.93524936455917,9.819141450547136,2.8214582647048636,2.6679395976388736
521.8000000000001,10,10,9.960299992472677,9.888653335628192,9.929512065320809,9.826193932796187,2.8918951391019916,2.6334436834265635
522.0,10,10,9.96235129115132,9.88910006106468,9.888334161631672,9.998192589464626,2.854065295268158,2.5334436834265976
522.2,10,10,9.962889646628295,9.888633943911197,9.946437103164968,9.910089740449179,2.7542032232653733,2.537748931494165
522.4,10,10,9.963398547641711,9.889135128732745,9.873068872437557,9.899855760225549,2.852599630854409,2.637748931494131
522.6,10,10,9.9655725306465,9.890891116390693,9.892750162434279,9.903004598594073,2.9525996308544316,2.7377489314941537
522.8000000000001,10,10,9.967922618199212,9.893831156493343,10.046013828664186,9.784679023322997,2.8631219926466462,2.8177281981067583
523.0,10,10,9.96862668454759,9.89663108841238,9.99943877485804,9.886831701939013,2.7631219926466803,2.721491263283225
523.2,10,10,9.96839204364989,9.89816790921082,9.874740003398252,9.902623281159281,2.794061179416334,2.621491263283202
523.4,10,10,9.969625657244817,9.898684121539691,9.927799200190698,9.956342462945566,2.8940611794163,2.5830231888738435
523.6,10,10,9.972136020850115,9.898495050608357,9.942434746701052,9.915067604377953,2.898754659880801,2.4842110692536963
523.8000000000001,10,10,9.974293089207102,9.897780286971587,9.993906724552527,9.838614268371586,2.9434408704351895,2.5361507544972106
524.0,10,10,9.97677306018803,9.89791942010351,10.052103809414007,9.83809282797536,2.873672662449786,2.5329342237489487
524.2,10,10,9.977614287612427,9.897099388053997,10.014305604054279,10.131767676640564,2.7736726624497634,2.432934223748926
524.4,10,10,9.976775499799789,9.89519131588648,10.095096779098508,9.932214023708292,2.6736726624497975,2.405809143633228
524.6,10,10,9.974260408917266,9.893690004920636,10.048329675110606,9.888462184701035,2.5736726624497748,2.4018895808259337
524.8000000000001,10,10,9.97045959284102,9.891579646911142,10.008455909498158,10.037184613117061,2.5490464351703293,2.3854618573929276
525.0,10,10,9.967517292578583,9.890138724899119,10.027221461609354,9.919819155476974,2.648695963341106,2.484591835477895
525.2,10,10,9.965641579281922,9.889672533185454,10.103087607620434,9.835120748312578,2.629007987158143,2.4909521137004575
525.4,10,10,9.963234460915814,9.888299912156857,9.924575109198292,10.098457400395874,2.6732523736595946,2.3909521137004917
525.6,10,10,9.96184874315193,9.886175833973917,10.188952464796694,9.849503331250407,2.6633312784701193,2.4179482896656914
525.8000000000001,10,10,9.959535692350043,9.88513804377263,9.898574185117317,9.791349174576515,2.6624223273524454,2.517948289665714
526.0,10,10,9.958464619950044,9.885351027087331,9.896098451044187,9.726513195511707,2.7624223273524113,2.61794828966568
526.2,10,10,9.958980761656534,9.886748883459608,10.000619621657483,9.944017163053402,2.821373273304988,2.6717605340118995
526.4,10,10,9.959386898417055,9.887725709346268,10.091104860549402,9.862194658201641,2.781475902613405,2.6264328965567976
526.6,10,10,9.958762229338447,9.888677648873745,9.911283896812227,9.886606379649407,2.6935190857162428,2.622887599639086
526.8000000000001,10,10,9.958207141512023,9.890178843168535,9.893210557507958,9.746882665865337,2.7919365788538246,2.72195039052722
527.0,10,10,9.95932546586793,9.892393841534235,9.834081135979602,9.986640852362266,2.8830325062941387,2.6912588678141094
527.2,10,10,9.961445582087189,9.893866558660635,9.908722369267903,9.762415992048904,2.9348022764883384,2.6990309113652415
527.4,10,10,9.963370824075154,9.896327930848816,9.936240809444243,9.805978462231806,2.8397552201970138,2.7990309113652074
527.6,10,10,9.96428110390332,9.8992793533771,9.901778580053703,9.95789000432109,2.8470331655688943,2.743425283749056
527.8000000000001,10,10,9.966351054157496,9.901351372450932,9.828576549028499,9.774848264890434,2.9467741144993655,2.7442188077217295
528.0,10,10,9.969951116031826,9.90362017615215,9.890130883389734,10.040940352331726,2.992387855513371,2.6896344951469238
528.2,10,10,9.972782691130293,9.90470050604963,10.11508199182335,9.981558624389587,2.8924196323014506,2.589634495146901
528.4,10,10,9.974016749370083,9.904526837746838,9.862335846238237,10.125742830999844,2.8347141367186253,2.489634495146935
528.6,10,10,9.975714874073013,9.903322889332093,9.878209027721718,9.876871784098158,2.881764568257665,2.4738008288014606
528.8000000000001,10,10,9.976668735673556,9.90251820748955,10.118397162797557,10.045769535457723,2.7818927583807445,2.4554178453840367
529.0,10,10,9.976927883830628,9.901297693713515,9.755627000452328,9.875281369422188,2.8355975304010226,2.4969573554043585
529.2,10,10,9.97806051928487,9.901078368606564,10.202789622341331,9.84976525619345,2.806795571102189,2.5279260486991166
529.4,10,10,9.97773316781759,9.901065758011583,10.090424202976523,9.810554434519076,2.706795571102223,2.599452943566882
529.6,10,10,9.976934544471636,9.901518130628922,9.810917864529863,9.98268375463238,2.7759296635556105,2.5438184099185595
529.8000000000001,10,10,9.977757307564927,9.900775653267265,9.89443609352905,9.816512255367206,2.8759296635556333,2.4490116363105146
530.0,10,10,9.979522918133558,9.899505918154885,10.13939054439384,9.919355863854513,2.8457581242465646,2.448510270428614
530.2,10,10,9.979811279570406,9.898824533056969,10.148600572043499,9.72982292804174,2.745758124246542,2.5480456805704472
530.4,10,10,9.978433389807844,9.899396398446552,10.093601345225776,9.77726969830573,2.645758124246576,2.648045680570413
530.6,10,10,9.976787095096125,9.900968244601373,9.94884256634627,9.873961716648799,2.728065449902178,2.659390027521226
530.8000000000001,10,10,9.976802195207087,9.9016663588793,9.881310561971247,9.962779674221608,2.828065449902201,2.559390027521203
531.0,10,10,9.978262565852303,9.901455433467463,9.914170536279116,9.921956228226723,2.8562386121186285,2.5643988172195074
531.2,10,10,9.978736626948288,9.90221769421776,10.00721837412666,9.933679000165922,2.7562386121186058,2.66439881721953
531.4,10,10,9.97857768115333,9.903559412640014,9.945808777131377,9.969722175801422,2.813131902638694,2.6181500107763656
531.6,10,10,9.980008171542789,9.90423110807242,9.907866613825151,9.92217532031771,2.9131319026387166,2.644014977141929
531.8000000000001,10,10,9.982591902667052,9.90532637608284,10.130017553723073,9.872619780198276,2.9025645922693366,2.5988815804107626
532.0,10,10,9.983838378104956,9.905647193676922,10.129903474086218,9.849430770625215,2.8025645922693707,2.609560666752077
532.2,10,10,9.983420092614926,9.906355914637235,10.077649591863544,10.01906399615335,2.702564592269348,2.5696157724770665
532.4,10,10,9.981340246972097,9.906261477983252,10.070984795387535,9.881058076592879,2.602564592269382,2.57441429794873
532.6,10,10,9.977760543158409,9.90655407293883,9.990431103222734,9.96669633238097,2.5510477050512512,2.539171910182586
532.8000000000001,10,10,9.974831832984364,9.906524820262629,10.096286625646187,9.767405165169563,2.6504763816549186,2.6000689138650737
533.0,10,10,9.97330045090957,9.907695043796926,10.100869907943384,9.922873684749005,2.6690837424847564,2.7000689138650396
533.2,10,10,9.972253425169088,9.909856534626737,9.851579657231111,9.813410809740649,2.7618346482636538,2.7139948664139473
533.4,10,10,9.972881648996065,9.911207852241626,9.889089913422643,9.892942653855776,2.8618346482636197,2.617256642974067
533.6,10,10,9.975175701464067,9.912520053893768,9.734121238892383,9.868197134496334,2.9618346482636424,2.7126341148133424
533.8000000000001,10,10,9.979135491428293,9.914786025708143,9.858803333940642,9.79295825780332,3.061834648263665,2.717563812127348
534.0,10,10,9.983145133492553,9.91733991610196,10.176529207958371,9.945002555012517,2.964863809664472,2.810902648160598
534.2,10,10,9.985497359854573,9.919953883481625,10.004265818791986,10.200118429942703,2.8648638096644494,2.715959565737441
534.4,10,10,9.9861912548346,9.92130976103952,10.161777564033837,9.901558574697685,2.7648638096644835,2.6159595657374752
534.6,10,10,9.985631513002778,9.921965770097506,9.956218901284279,9.98370148749686,2.7638521114083154,2.6494954371795285
534.8000000000001,10,10,9.986056445665584,9.923733862165232,10.05688140939144,9.833722095291881,2.7846013583694007,2.7494954371795512
535.0,10,10,9.985687029959871,9.92651221705909,9.98674585152237,9.92480439384113,2.7474787939108585,2.7623513501355332
535.2,10,10,9.984652249368391,9.928425446050134,10.051995198558831,9.81246297589935,2.664380473741577,2.6653684450593444
535.4,10,10,9.983677426007665,9.929113795491762,9.948407885125105,10.170516845086725,2.761435400817354,2.5655774099786983
535.6,10,10,9.984364604820144,9.928680281475412,9.83542257636578,9.833700581814929,2.861435400817377,2.5315635254509803
535.8000000000001,10,10,9.986678003278936,9.928941787465678,10.036822395376817,9.910371712712337,2.935757696372581,2.631563525451003
536.0,10,10,9.988584797883409,9.929517347091874,10.032100687834452,9.909746520750149,2.835757696372615,2.5581282775499474
536.2,10,10,9.989212357277271,9.929456753793168,9.915421485983066,9.94166630374121,2.832841303633651,2.584761506544769
536.4,10,10,9.990248743749241,9.930385955952556,10.121499548816812,9.837620750347947,2.793221133653219,2.6844279079028017
536.6,10,10,9.98997608446858,9.9323807456283,9.960442290296914,9.921471460564494,2.7620251300369407,2.716423229476429
536.8000000000001,10,10,9.989783709133157,9.933998847499543,10.095704854979417,9.881106035126924,2.7166315801263026,2.664579649383307
537.0,10,10,9.988159505503068,9.935901672574644,9.943613225504501,9.75959996521282,2.664450473846375,2.7635182377670717
537.2,10,10,9.987255630886764,9.938883876677812,9.927530327438767,9.959876268691922,2.7644504738463977,2.7911053001437205
537.4,10,10,9.988034505408521,9.941112209386821,9.813777932567405,10.022034696272339,2.8644504738463636,2.6911053001437546
537.6,10,10,9.990481176401575,9.942082704608504,9.887883350006266,10.076910393695837,2.9644504738463864,2.591105300143732
537.8000000000001,10,10,9.994582199304764,9.942772170045735,9.923900442406335,9.706773767446263,3.064456548100723,2.6668413736445706
538.0,10,10,9.99913227502229,9.94433795011965,10.0237954389532,10.083966367893563,3.007175227523704,2.6585269818313844
538.2,10,10,10.00263476841023,9.944953310525051,9.92306550727715,10.012516275374663,2.953241346486951,2.592372161434206
538.4,10,10,10.004852618003325,9.945053467723312,10.143315651869065,9.981821917470407,2.8532428179826974,2.522248707463248
538.6,10,10,10.00545676236401,9.94430136795783,9.992580294995248,10.02282420995717,2.7923215019683285,2.5311208094325783
538.8000000000001,10,10,10.006012214194072,9.943593216312012,9.957165966158637,9.959939768774852,2.7830586499616907,2.4571283009417177
539.0,10,10,10.006953746454434,9.942245747975504,9.917287991995577,9.992803629847254,2.8787770452119976,2.4734521594713144
539.2,10,10,10.00954119752887,9.941770098490522,9.836038970735391,9.915107805408873,2.9787770452120204,2.573251139780175
539.4,10,10,10.013778934270707,9.942557488482883,9.912169808023899,9.888188748537694,3.0787770452119863,2.673251139780141
539.6,10,10,10.018799623321419,9.943872013804297,9.883379652741985,10.130873469614968,3.0342193047107626,2.6200621605144025
539.8000000000001,10,10,10.02227045635573,9.944024830989823,9.989844470886304,9.991415960645405,2.93421930471074,2.544043611714104
540.0,10,10,10.02417394637527,9.944465548805931,10.016054874978476,9.818159615412753,2.885662134629294,2.64404361171407
540.2,10,10,10.025981299280051,9.946162756824247,9.8547785280573,9.891474937793637,2.8437719378455983,2.7440436117140927
540.4,10,10,10.026295007589715,9.948861238473732,9.931217534389292,9.874307549252165,2.7492613746659824,2.755192376902553
540.6,10,10,10.025523380308348,9.950684924407339,10.060101336516862,10.073463174013813,2.7106595769466892,2.65519237690253
540.8000000000001,10,10,10.025266614466574,9.951245486242552,9.949654993638205,9.993508405691847,2.809288332858885,2.5551923769025073
541.0,10,10,10.026180839906086,9.951578389796362,10.025651268693768,9.755232225292483,2.8008141971660523,2.63627430691206
541.2,10,10,10.025780528956249,9.95315282763932,10.145962585752022,9.886240571690443,2.7008141971660296,2.7362743069120827
541.4,10,10,10.023731452123089,9.955466362991821,10.107214469217256,9.860861031820791,2.600792569826819,2.7095331303127765
541.6,10,10,10.021646050463891,9.957863666770582,9.92850485682131,9.830248910341732,2.6973303104689035,2.8035789306832397
541.8000000000001,10,10,10.021246375688834,9.96057758978995,9.899216076991141,9.95679592564537,2.79732855895309,2.731888167542093
542.0,10,10,10.020947876913029,9.962108819445014,10.153850788986295,9.832151913088833,2.7027570284650726,2.6739301486116704
542.2,10,10,10.018994482967807,9.962925400551535,10.053685619035612,10.09832668412418,2.60275702846505,2.5801880956106817
542.4,10,10,10.016127256333318,9.96252358692326,10.00028545117525,9.836621302642387,2.6364890960010903,2.5184292596910693
542.6,10,10,10.014741075259321,9.961799873684921,9.877900315620947,10.029110308323023,2.736489096001113,2.4640222691587965
542.8000000000001,10,10,10.014321114548794,9.959885807586867,10.081337737317577,10.08350544600197,2.7080556037475794,2.364022269158774
543.0,10,10,10.012430439916116,9.95685606245783,10.118048833921453,10.014546965635137,2.6080556037476135,2.330427124356168
543.2,10,10,10.009469438762599,9.95422731839509,9.955343858146398,10.002061798533733,2.629239425136212,2.3507046027692473
543.4,10,10,10.007889880340102,9.951496281636102,9.891478142066218,9.970979949007395,2.7145299426872893,2.3491851454100656
543.6,10,10,10.006057130841015,9.949387359040113,10.267283438409242,9.986695827772113,2.6145299426872666,2.4485178421854723
543.8000000000001,10,10,10.003076588965818,9.948530038232544,9.978421065789115,9.88761362692385,2.626557977235298,2.548517842185495
544.0,10,10,10.001442752657136,9.948836094322605,10.141475647488557,9.929993242778426,2.726557977235264,2.5963395432006777
544.2,10,10,10.000534804228215,9.949605715321301,10.021382486925075,9.801861666746014,2.6760237473157673,2.678195930148436
544.4,10,10,9.998078228287902,9.951606398764,10.124499785343355,9.832346847585754,2.5760237473158014,2.7653526230058545
544.6,10,10,9.99482961610066,9.954285282195528,9.945069878680044,9.920491551767151,2.61861066953386,2.8113084359959988
544.8000000000001,10,10,9.993138932166568,9.957929879934003,10.085346241371814,9.86132321211104,2.7186106695338825,2.9111231526979076
545.0,10,10,9.992793504747729,9.962816240173359,10.091939567963722,9.895146543886648,2.7267418687784137,3.0111231526978735
545.2,10,10,9.992450734753977,9.968064069851318,9.933436366027744,9.995928173920401,2.7922453695951903,2.9438316910801237
545.4,10,10,9.993175985145802,9.972076975440073,9.994379128662526,10.124996156750198,2.774417264671153,2.8438316910801578
545.6,10,10,9.992539529323736,9.974831613085891,9.900884469935795,9.751179177614855,2.6744172646711304,2.7593525755970765
545.8000000000001,10,10,9.99131253345742,9.976558407079837,10.002766945841156,10.18616033800622,2.7337599482602095,2.6634990161607104
546.0,10,10,9.991688132405107,9.977023862766986,9.937848229574424,10.084873671566012,2.8337599482601754,2.5634990161607445
546.2,10,10,9.993667146184094,9.976235009551983,9.905234481857315,10.343621269953148,2.8985846724147533,2.4634990161607218
546.4,10,10,9.995091417499276,9.974293142096041,10.10041922537652,9.929072704585858,2.7985846724147874,2.4188221585871017
546.6,10,10,9.995101049049733,9.97253951412021,9.881129225066209,10.087512926491844,2.779196051434928,2.4038226094295756
546.8000000000001,10,10,9.995978735231098,9.970171978763144,10.027358728648657,9.98928484317505,2.8130138853489095,2.418156429976921
547.0,10,10,9.996482963712037,9.968235182025671,10.046880528844882,10.056077539274996,2.8082153732502113,2.379890925591689
547.2,10,10,9.996333579850875,9.965700575057907,10.065155102151047,9.90026348039395,2.7091930771944646,2.410205891032949
547.4,10,10,9.995266609743824,9.963944398435778,9.835846961114814,10.04161714813648,2.744623741965283,2.408195597606694
547.6,10,10,9.995269167555861,9.961236437565038,10.112783024080999,10.097102774323416,2.7460752036310985,2.3081955976066713
547.8000000000001,10,10,9.994039535780766,9.958254759497855,10.0876033160741,9.785238967279744,2.672189644448634,2.3846087017749595
548.0,10,10,9.993200058307709,9.956513131981614,10.040478885452005,9.878921856954344,2.7721896444486,2.4846087017749254
548.2,10,10,9.994014844232815,9.956029413941721,9.780648858830077,9.895508287414103,2.8721896444486226,2.584608701774948
548.4,10,10,9.99573339843338,9.956804448653662,10.020897832590245,9.826395665020856,2.837513729716898,2.684608701774914
548.6,10,10,9.995969556620691,9.95883393030064,9.995812611979703,9.940583259285507,2.7375137297168752,2.784608701774937
548.8000000000001,10,10,9.995706034466695,9.961229109195685,9.915579037759684,10.112205479432589,2.8035657764628725,2.7169608032126065
549.0,10,10,9.996814332020511,9.962396589360113,10.050681663238178,10.017973717476234,2.8260090220106227,2.6169608032126406
549.2,10,10,9.99688500555036,9.96233831079367,10.104096992369614,9.892124238800179,2.7260084212915046,2.548129403768964
549.4,10,10,9.99528853504476,9.961776178210565,10.150753762258491,10.023935605034135,2.6260084212915387,2.486593522638237
549.6,10,10,9.992312249250952,9.961246997366146,9.927607479601724,9.878132478141755,2.608691999059441,2.582517394646061
549.8000000000001,10,10,9.990433879124046,9.961076638242448,10.00514081347083,10.116785901865802,2.7086919990594636,2.5142854509827974
550.0,10,10,9.989720305855311,9.959679702548291,10.115701125913006,10.016299360490715,2.6995165511419574,2.4142854509828315
550.2,10,10,9.98771991437779,9.957565504360918,10.053475658235309,9.982728751454497,2.6328662378982433,2.445213295005785
550.4,10,10,9.986007127473487,9.956555142905279,9.970203810379038,9.788160544891136,2.699519605841691,2.545213295005751
550.6,10,10,9.983995378897973,9.956711436451256,10.07867942940769,10.007165537743196,2.6020375058280303,2.593085323799428
550.8000000000001,10,10,9.980923060132879,9.956289977700497,9.963083941201857,10.074225924544251,2.621629193340496,2.4930853237994053
551.0,10,10,9.979246003058458,9.954954797242454,9.850517507835677,9.99423676113716,2.721629193340462,2.498235328702568
551.2,10,10,9.979039409864953,9.954592405883464,10.139244264252884,9.956190719036288,2.7542810100507,2.5982353287025908
551.4,10,10,9.977902166898525,9.955057608746438,9.979872118826398,9.92667912729751,2.654281010050734,2.5817547802406526
551.6,10,10,9.975106469553209,9.95447972266091,10.08766584314006,9.915780016047043,2.5572705465016585,2.48175478024063
551.8000000000001,10,10,9.972345277906397,9.953664795302194,9.980664437624661,9.94549339523479,2.6562181427893816,2.5624672726290267
552.0,10,10,9.970648917208644,9.954088648923786,9.99220233846361,9.853001335259203,2.636325478250085,2.6624672726289926
552.2,10,10,9.967576064741431,9.955415947214242,9.924013791697838,9.944413831692977,2.536305614767434,2.6578882993005
552.4,10,10,9.964444323539782,9.95611157525486,9.922231065643375,9.986915403830263,2.631618571539297,2.6631675072858125
552.6,10,10,9.962991986801772,9.957769693620627,9.89222062721053,9.930586548999544,2.7316185715393195,2.7631675072858353
552.8000000000001,10,10,9.963222636745362,9.960239139514973,9.94338372983411,9.893672319329927,2.8316185715393423,2.765569770537831
553.0,10,10,9.965130099102037,9.96192163304218,9.889217984711658,10.073091978704692,2.931618571539308,2.665969087869754
553.2,10,10,9.967150287574423,9.963019978074072,9.990474875438482,9.913006684872315,2.8385052373781603,2.712004382997712
553.4,10,10,9.96751463639795,9.965281485121054,10.06798404458431,9.860831973568061,2.7385052373781944,2.812004382997678
553.6,10,10,9.966985711311123,9.967834504878141,9.77538539499045,9.866117784747951,2.7729059186121057,2.737471914663891
553.8000000000001,10,10,9.967955337711679,9.969146437885833,9.825516702654475,10.010280829948373,2.8729059186121284,2.6374719146638683
554.0,10,10,9.970159617961242,9.969204254425959,9.963828913503109,10.16085455228928,2.871535435005853,2.5374719146639024
554.2,10,10,9.971091684775615,9.968011004814235,9.966523229047212,10.1491993325394,2.77153543500583,2.4374719146638797
554.4,10,10,9.970681915342672,9.96556566760914,9.922316025745202,10.014601478883105,2.750927659281714,2.337471914663914
554.6,10,10,9.971216854529898,9.961870753825949,10.016376399047473,10.103740762946156,2.8501423391749494,2.237471914663891
554.8000000000001,10,10,9.97333476717828,9.957667309825526,9.963440387607104,9.922793589637049,2.934340919894028,2.290390867206567
555.0,10,10,9.97575556907507,9.954665552336566,9.815971104080074,9.804994017550205,2.897846442492572,2.390390867206533
555.2,10,10,9.976993735337636,9.952930570647942,9.980932082838722,9.933725006011707,2.7985208148422314,2.4903908672065556
555.4,10,10,9.97655555072729,9.952053232302477,10.055902947877772,10.044676600547335,2.6985208148422655,2.489907338641157
555.6,10,10,9.974449944537378,9.95155947751517,9.955366491794098,9.792730217000678,2.5985208148422427,2.589058975622029
555.8000000000001,10,10,9.97070724275679,9.952241615315366,10.095802818830384,9.95124160995395,2.5181984219957196,2.6412886154028596
556.0,10,10,9.96729268595803,9.95238311020681,9.907653255396395,9.929780229794945,2.6181978694873145,2.5412886154028937
556.2,10,10,9.96554838095804,9.951581613129775,9.997443921120189,9.955542066341117,2.718197869487337,2.5421387326316314
556.4,10,10,9.965467778096725,9.951258085646352,9.846491464778717,10.104714830343683,2.818197869487303,2.52007035918422
556.6,10,10,9.966171498851148,9.950214755345542,10.243952794097776,9.974141869035329,2.7734023905582945,2.5245253268622925
556.8000000000001,10,10,9.965330988355038,9.949683351174059,9.994537456497424,10.082981260236231,2.673402390558272,2.5036355061938274
557.0,10,10,9.964247252249022,9.948476616885213,9.757271005540508,9.882873023102974,2.7584139766863007,2.514400826035246
557.2,10,10,9.9648022455983,9.948276824425681,9.895140175200119,9.8733764142722,2.841874168775404,2.614400826035269
557.4,10,10,9.965093498067045,9.948982028932466,10.14533873788384,9.963943928712201,2.741874168775438,2.6085554761753658
557.6,10,10,9.963981091672963,9.949136212379797,9.8697418960242,9.970435281899922,2.72037929168725,2.625425482069153
557.8000000000001,10,10,9.962807730838477,9.95032465075175,10.054018708364328,9.937402321337812,2.656389560967217,2.7254254820691757
558.0,10,10,9.960771453230143,9.951562568029393,9.814814232782252,10.007472524636524,2.688932325550981,2.630115056380145
558.2,10,10,9.960220485193174,9.951539591202259,9.94312937547097,9.933849428549756,2.788932325551004,2.5301150563801222
558.4,10,10,9.96074415757412,9.950262180301713,9.939896146573016,10.060346303613521,2.7704723383358876,2.4301150563801563
558.6,10,10,9.96066789712169,9.947809055812558,9.965875581004672,9.9912203897262,2.8093019120081397,2.379190848893289
558.8000000000001,10,10,9.96134372513982,9.9450941940736,9.973418336165055,10.080071495348523,2.7998690630642247,2.318622154722969
559.0,10,10,9.962548260786965,9.941369764844378,9.719566380089695,9.932203269787008,2.898616668579309,2.2956912277977746
559.2,10,10,9.965108616309186,9.938439903665694,9.890246804113978,9.991052870943717,2.917315916066429,2.3956912277977973
559.4,10,10,9.966565297566797,9.936777890042054,9.931510122766772,9.883012063480965,2.817315916066463,2.495691227797763
559.6,10,10,9.966590004592469,9.936156668710383,10.016461503998412,10.107291064702823,2.793699601996117,2.512024071035556
559.8000000000001,10,10,9.967635554857692,9.93470744965716,9.804109185204913,10.060775609447756,2.89369960199614,2.412024071035533
560.0,10,10,9.969867113111295,9.932532484243648,10.093134132790327,9.872176365651452,2.8888217387057336,2.4407809907571014
560.2,10,10,9.971335996231094,9.931463392477056,9.94577026539927,9.934462641178364,2.9032008509013836,2.540780990757124
560.4,10,10,9.973987796156726,9.931365959912585,9.877502721675913,10.00771321568869,2.9398841313905564,2.5509682738102346
560.6,10,10,9.97701804874465,9.931421545565954,9.837108454099457,9.947937485494027,3.014959394742371,2.6137130528918444
560.8000000000001,10,10,9.98082308324229,9.93254591010427,10.122277961733014,9.756634949291653,2.9715480564110366,2.7135731868601285
561.0,10,10,9.983099599546595,9.93493037507329,9.902434936541772,9.93883025472461,2.8715480564110707,2.8135731868600944
561.2,10,10,9.98372702895291,9.937477266590745,10.028299185779485,9.971234957744674,2.771548056411048,2.727206759127344
561.4,10,10,9.982705198281487,9.938768291655327,10.216631209187673,10.122674326040473,2.671548056411082,2.627206759127378
561.6,10,10,9.980345670670332,9.938825818827642,10.050430066125463,9.880295592647906,2.6586322226786563,2.557778691198665
561.8000000000001,10,10,9.97912758805469,9.939232432867497,9.994962615355075,9.954088951958132,2.758632222678679,2.6577786911986876
562.0,10,10,9.978959323218735,9.94035960207402,10.050550317430792,9.925003053337036,2.7362027954353034,2.6276979016105186
562.2,10,10,9.97865626828307,9.940381598959648,9.887461498977546,9.917772400215247,2.81108969866681,2.527697901610496
562.4,10,10,9.979653326719932,9.939149877779547,9.978745392173986,10.017501867566658,2.8217503397489883,2.42769790161053
562.6,10,10,9.979478662136962,9.936667911535151,10.255548907279444,10.055051868586785,2.7217503397489655,2.3276979016105073
562.8000000000001,10,10,9.977619550117717,9.933506233795073,10.055192373183843,9.959873527945764,2.621750339748943,2.3625899014933576
563.0,10,10,9.974613040605384,9.931220206242132,10.033071394886244,9.96128909496582,2.634465995596843,2.3960493825097116
563.2,10,10,9.972588784970549,9.929556339551187,10.028153168253018,9.976513378598497,2.647834882794525,2.492515485100177
563.4,10,10,9.970194615058034,9.929144483597002,10.054161293631985,9.939845519968292,2.6365305160901182,2.592515485100143
563.6,10,10,9.968528403567824,9.929217166218391,10.001730806503184,10.038687578598198,2.7338203567279438,2.536355065736477
563.8000000000001,10,10,9.967277587005745,9.92813786800083,10.125570016870821,9.949182807312342,2.6605849304801263,2.4744221254067886
564.0,10,10,9.965183136953545,9.926443218449066,9.973617220162009,10.033076585701448,2.6986773963678052,2.3919033587452807
564.2,10,10,9.963782848959976,9.923792717416912,10.073513387719695,9.954908778434891,2.6600438854662607,2.387786884023642
564.4,10,10,9.961194964462301,9.92205826473919,10.015053501912107,9.91412978884526,2.6490639785382926,2.487786884023608
564.6,10,10,9.959759580373767,9.921533158412709,9.85895740892917,9.912694475227815,2.7490639785383153,2.5503664667789585
564.8000000000001,10,10,9.959989008688904,9.920882503745847,9.914546190977976,10.001378691826504,2.849063978538338,2.5187098005197726
565.0,10,10,9.961877110962853,9.920775823558614,9.910771055196035,9.959930752062352,2.949063978538304,2.6172131854166047
565.2,10,10,9.96420577375866,9.921389768177242,9.980697694868587,9.99460372685236,2.877847936037641,2.585988483268268
565.4,10,10,9.964957129705518,9.920900437119906,9.898993913201092,9.981383399806122,2.8077051084731086,2.485988483268302
565.6,10,10,9.964505995543494,9.919626474866165,10.090937319853998,9.899088609720307,2.709451580821136,2.5080564142444577
565.8000000000001,10,10,9.9623896730891,9.91941657551602,10.113247746575938,9.96957842082688,2.6094515808211134,2.6080564142444804
566.0,10,10,9.959212432858376,9.919955969998735,9.933723050366293,10.002989526893023,2.628519455870973,2.582050639552205
566.2,10,10,9.957439679739027,9.920042067910233,9.98247314461325,9.812881603809751,2.7285194558709955,2.624523353346273
566.4,10,10,9.956178310477712,9.920279373969167,10.02939151224029,10.074044793051284,2.6614667659184006,2.5463641050766346
566.6,10,10,9.954425466807866,9.91927208174473,9.958148777706036,9.943263699577416,2.725725576720216,2.446364105076612
566.8000000000001,10,10,9.954277811266518,9.917716896993216,9.836411428354152,9.908061165654777,2.825725576720239,2.496234496211953
567.0,10,10,9.955591040251559,9.91623436855508,10.038099105285454,9.934769546934659,2.8577201051794545,2.4083957490835934
567.2,10,10,9.95594842860509,9.91447453232784,9.941549179325353,9.89884232370997,2.757720105179432,2.4837344441697704
567.4,10,10,9.955846347932239,9.913954515643875,9.94809922114067,9.84238768506842,2.8138263384912947,2.5837344441697363
567.6,10,10,9.956114511080152,9.914022120323388,9.97993427707747,10.174672705087279,2.7873545918172624,2.5377021827493587
567.8000000000001,10,10,9.95532749310042,9.912926195530698,9.969256672359684,10.092833335666626,2.6895127858422403,2.437702182749336
568.0,10,10,9.95443116476966,9.911224589574562,9.924164327266492,9.910022503029534,2.7831851613102416,2.4813415361097526
568.2,10,10,9.955191007058092,9.910681500089828,9.809031619222774,9.891608605854998,2.8831851613102644,2.5813415361097753
568.4,10,10,9.957612283296418,9.911078328051408,9.812858363832996,10.000949790845011,2.9831851613102303,2.5802517135252185
568.6,10,10,9.96060456492632,9.911128899621175,10.021452801104944,9.836143049325091,2.921628625855272,2.6178481244750946
568.8000000000001,10,10,9.96226327981587,9.912318423834638,9.9311651587295,9.83739976381769,2.90204239569281,2.7178481244751174
569.0,10,10,9.963948169034351,9.914764496429243,9.944934279460428,9.806357105857545,2.8435863689664185,2.8162897228088637
569.2,10,10,9.964064231467926,9.917207565762958,10.014747241863738,9.941308894567229,2.7435863689663957,2.717924498273586
569.4,10,10,9.962540236302882,9.918512414186145,9.907238310733554,9.899469685747269,2.6534147559633654,2.6806631207263703
569.6,10,10,9.961180371700012,9.920473378123578,9.971522446606313,9.738034844610805,2.752731291831065,2.780663120726393
569.8000000000001,10,10,9.961508486906922,9.923678829309747,10.045521062806447,9.80209958503976,2.852720493105768,2.8692922491406665
570.0,10,10,9.961982710141342,9.927685026184312,9.938218156295937,9.854375796968519,2.760063845514263,2.9427909760704805
570.2,10,10,9.96175218666868,9.93173576934726,9.925896227393377,10.033686241530846,2.809018856295762,2.8491602839631374
570.4,10,10,9.963103233074351,9.934590711516401,9.83691100939304,9.899137734563745,2.9090188562957278,2.795116964233604
570.6,10,10,9.966134372327964,9.937955039438052,9.756959379162106,9.76249371625565,3.0090188562957505,2.8951169642336265
570.8000000000001,10,10,9.969926329881577,9.942059731994489,9.994807572554107,9.926792890263886,2.9602617634951573,2.8669763990458055
571.0,10,10,9.97217946235507,9.945069231097984,10.100211235487118,9.898052030772122,2.8602617634951915,2.7669763990458396
571.2,10,10,9.973180786746681,9.946820108491627,9.779935100457237,9.964942703071426,2.8583738151004385,2.666976399045817
571.4,10,10,9.974795341516376,9.947398337448917,10.094454247736454,9.888581042099691,2.8360790162969116,2.6183442738400258
571.6,10,10,9.975439970542038,9.948539289987258,9.961761029655033,9.812958421769261,2.8392240182205972,2.7183442738400485
571.8000000000001,10,10,9.977359414180704,9.950934646286552,9.914281590663677,9.899657075263463,2.9275641132035277,2.8183442738400712
572.0,10,10,9.979108645225557,9.95412061885331,10.154381367191007,9.835000715848071,2.827669427096005,2.819339731630507
572.2,10,10,9.979213764398379,9.956524272560861,10.081562918916957,10.054100685741384,2.736190814813925,2.719606238364251
572.4,10,10,9.979015095433626,9.958222940942358,10.045058122850564,9.835856729946524,2.7735586660514753,2.7528185638628573
572.6,10,10,9.97989852078132,9.960682259280855,9.934951684270459,10.047377647430416,2.8729061544134944,2.7472406911297775
572.8000000000001,10,10,9.981485566958714,9.962163367571693,10.067873004859571,10.207184090005834,2.8202341322338524,2.647240691129755
573.0,10,10,9.981503084934639,9.96262799533431,10.125090482260996,9.850963373200027,2.7202341322338865,2.634748556937067
573.2,10,10,9.980159572381936,9.963943786032289,9.877247057030416,9.854119758006462,2.7047081293802773,2.7258923969411812
573.4,10,10,9.979038043816935,9.966298525136054,10.126085389375383,9.87467826867643,2.657349141134537,2.8176456130407295
573.6,10,10,9.97689462016522,9.968753470405161,9.848473712819452,10.06497669762625,2.6672936758082093,2.7270667526594523
573.8000000000001,10,10,9.976027297818613,9.969945305199658,9.928555130603293,10.037503152359903,2.7265500498495867,2.6270667526594296
574.0,10,10,9.974670401747009,9.969876193450617,9.936963558489897,10.075025607622447,2.665600574462384,2.5270667526594637
574.2,10,10,9.97279754365735,9.969422740539477,9.969789355816738,9.88770571576986,2.6373978895572723,2.594061966039572
574.4,10,10,9.971474446204029,9.969457196407904,9.872931303050956,10.115926354438697,2.735128702992532,2.541777514573968
574.6,10,10,9.97181173663462,9.968306224788174,10.00300391877411,9.992966634167935,2.835128702992555,2.4417775145739453
574.8000000000001,10,10,9.973794472961034,9.965905821415406,9.99655700534484,10.062661454328424,2.9351287029925777,2.3417775145739226
575.0,10,10,9.976783295196464,9.96318802037597,9.901475464249414,9.858673303257406,2.9124731405331095,2.4134375415164118
575.2,10,10,9.978330242004184,9.961679965906997,10.063043377255628,10.02621874984875,2.8124731405330867,2.481468693192874
575.4,10,10,9.978313370558535,9.96077451252862,9.89750947267348,9.950214215441553,2.764908725192362,2.556989717043087
575.6,10,10,9.979050975802508,9.961106806852259,9.906992954790079,9.974909467863878,2.8649087251923846,2.6569897170431096
575.8000000000001,10,10,9.981149091288078,9.962389394232755,9.90745735021131,9.979303263974263,2.8793576245820818,2.6581491320935045
576.0,10,10,9.982127186709258,9.962739075899698,9.876602003634586,10.087053114345771,2.779357624582116,2.5581491320935386
576.2,10,10,9.981436605616333,9.962163493078963,10.029701533231789,9.932855391295057,2.679357624582093,2.560759997535127
576.4,10,10,9.980564438104082,9.962302938983566,9.893068146256946,10.07369035743708,2.768098265398615,2.5733003101018697
576.6,10,10,9.981210826322634,9.962331855985704,9.997459456687999,9.968341438902636,2.8100890406581285,2.6276742783031413
576.8000000000001,10,10,9.981033168465055,9.963550584207466,10.138278836818923,9.87764300331975,2.7100890406581057,2.727674278303164
577.0,10,10,9.97920693080949,9.966017619860068,10.18514573662987,9.809513409710096,2.61008904065814,2.82767427830313
577.2,10,10,9.976610648463065,9.969005410250642,9.875222486693486,9.887732167368862,2.654269636653122,2.7761632017059132
577.4,10,10,9.97557341449473,9.97079910188898,9.839341328264094,10.004038683275942,2.754269636653088,2.6761632017059473
577.6,10,10,9.97614632493155,9.971332380906327,9.981918484037275,10.052988407081411,2.8154341420485296,2.5761632017059246
577.8000000000001,10,10,9.977123230567155,9.970917828774015,9.861190487046981,9.871519693435594,2.8697664795173243,2.575008807398481
578.0,10,10,9.978239651175373,9.971440974551044,9.961110333921882,9.8376412018353,2.784366941537744,2.675008807398447
578.2,10,10,9.978628194424843,9.973013425715386,9.844777505761638,10.022891068127082,2.8332587074066065,2.694265096031813
578.4,10,10,9.980061874257476,9.973775124134935,10.084858423218051,9.890916069209851,2.8219633500156522,2.594265096031847
578.6,10,10,9.980691590878326,9.97383733981134,9.961476371519176,10.035728954858293,2.8354832969731483,2.594042117644009
578.8000000000001,10,10,9.982500044607997,9.973394222060922,9.98267604178506,10.05564882076265,2.8719025858010023,2.4981872511248335
579.0,10,10,9.98340536575993,9.972830719312137,10.081091631458722,9.971934774078798,2.7719025858010364,2.587777831612217
579.2,10,10,9.982981172197036,9.972895805420562,9.957012832920249,10.046370575001466,2.7620521732029593,2.546851715412629
579.4,10,10,9.983101725532542,9.971814432406326,10.082590521822326,10.12484798185409,2.7407002808828556,2.446851715412663
579.6,10,10,9.982298863725214,9.969645956105957,9.914780979185858,9.983483863482656,2.7499879628337043,2.419666955641054
579.8000000000001,10,10,9.98244123985201,9.967535158543308,9.951228332226181,10.163344714080782,2.7570056301591923,2.3711607085267827
580.0,10,10,9.982100080919201,9.965286660501052,9.984341809187635,10.038478649391681,2.773159701089712,2.4503748501774214
580.2,10,10,9.982700732459534,9.9630472990695,9.875488026523449,10.137973761227185,2.84348424679063,2.353441448690577
580.4,10,10,9.983879857020835,9.959930100355063,10.021385122086988,9.993839753986013,2.8417286762849447,2.361789374895653
580.6,10,10,9.985801749215987,9.957006635271792,9.910099138489262,10.252681193183143,2.9406766685977717,2.3012781482427913
580.8000000000001,10,10,9.989068832775782,9.953521058022748,9.85068155817343,9.801341904300012,2.958195482643472,2.34288650730099
581.0,10,10,9.991212216427668,9.951199339391431,10.147270052801233,9.863090787791302,2.8581954826435063,2.442886507300956
581.2,10,10,9.991709540990389,9.949920909483978,9.98535031930432,10.104874455589647,2.7881581038049945,2.4758635245084535
581.4,10,10,9.991416134612358,9.949244086769069,10.155206082526297,9.887161839675153,2.715350529343643,2.5729690929598754
581.6,10,10,9.989489802737497,9.94890669957649,10.15646674947284,10.120648709829984,2.6153505293436203,2.502398686056398
581.8000000000001,10,10,9.986326608351238,9.948057632809796,9.92689929074887,9.785971357539669,2.6163668222186867,2.5541084419989475
582.0,10,10,9.984398590003213,9.948384939866305,10.096612494098718,9.891241756567728,2.690086748724801,2.6541084419989134
582.2,10,10,9.98342756330684,9.949055601618996,9.849735987716251,10.020443466664057,2.770455078404202,2.584168394101258
582.4,10,10,9.984106118556133,9.948920298582678,9.691266693112567,9.889712804402132,2.870455078404168,2.6001907082362465
582.6,10,10,9.986099017140319,9.94974308246719,10.158392692748018,9.929481251424447,2.879071440758158,2.6498650014118326
582.8000000000001,10,10,9.98692895396074,9.950015485225416,10.102194514551208,10.132935847656569,2.795357991139719,2.54986500141181
583.0,10,10,9.988012767423303,9.94927864601442,9.954966599874236,9.92339312170831,2.8937662899442764,2.53810315557611
583.2,10,10,9.989102819416754,9.949410224425776,10.059422107176824,9.962379569452992,2.7962101005001343,2.638103155576133
583.4,10,10,9.988633806348721,9.950796648077025,10.01336686491892,9.750940245020686,2.74522399774257,2.738103155576099
583.6,10,10,9.988895901657797,9.952965513431838,10.011432447347685,10.10611043199405,2.845223997742593,2.716051202999166
583.8000000000001,10,10,9.990598209931521,9.954278868149167,10.013452049900643,9.731826989962084,2.8707637514692026,2.6981362742805697
584.0,10,10,9.991300778827043,9.955917035945197,9.930452300853295,10.117921183227686,2.7707637514692367,2.6726715830017733
584.2,10,10,9.991267242049942,9.956470470902476,9.957177051968179,10.087212756697818,2.819488221293166,2.5726715830017506
584.4,10,10,9.991822037244372,9.955768689113022,10.128218683012877,10.108309165298719,2.767300110727295,2.4726715830017847
584.6,10,10,9.99097034108957,9.954233656251413,9.865126246661012,10.004733613620614,2.7317561343433696,2.4883422768101187
584.8000000000001,10,10,9.990936487794675,9.952809159505527,9.944937995526798,10.049792621887867,2.798640881911227,2.4169171014287465
585.0,10,10,9.990421523670566,9.95116699728176,10.049879053579174,9.851325323121875,2.6992852490079255,2.4961211157128194
585.2,10,10,9.988757735195621,9.950766438509884,10.019006074943048,9.907483302632755,2.711024027559474,2.596121115712842
585.4,10,10,9.98843915648378,9.951185546322238,9.720808349363708,10.028625768675331,2.81102402755944,2.5787707654701095
585.6,10,10,9.98925821014742,9.951207374408973,10.09511183302825,9.93277082750061,2.798537946151526,2.6112089261443576
585.8000000000001,10,10,9.988730516834174,9.95104358910863,10.051428768211238,10.050588255549084,2.6985379461515033,2.515259351443744
586.0,10,10,9.986754992834713,9.950510243494081,10.053779454440521,9.937022330352438,2.6706186873355975,2.583425239458563
586.2,10,10,9.985701009296568,9.950812549172152,9.981808881891821,10.073913026285336,2.7457512466137897,2.5728524329184084
586.4,10,10,9.985963418239837,9.950240590238822,9.855032421192345,9.980052977205958,2.8456020241714977,2.537593866239704
586.6,10,10,9.987577164511524,9.949423842447448,10.119411677623027,10.082762108795105,2.8600503637303953,2.465473384099161
586.8000000000001,10,10,9.98819702204823,9.94801911440433,9.866554694872038,9.777335599404138,2.818069368704852,2.5079246121916663
587.0,10,10,9.989472085160177,9.947770683628907,9.98067026012348,9.834651418134593,2.8697869756710923,2.607924612191632
587.2,10,10,9.991743593322889,9.948553610684526,9.800815373883644,9.975513159196804,2.9684480577052055,2.6226487244412495
587.4,10,10,9.994508761419421,9.94908036374182,10.193081101370733,9.996714459843531,2.901081840797711,2.6586419592549815
587.6,10,10,9.9959083214238,9.950026655972682,9.832752200544903,10.055452734640284,2.8794563638008626,2.6081865197939837
587.8000000000001,10,10,9.998149416059055,9.950004498659496,9.997342183747604,9.885125590882645,2.9093684449438317,2.5894300337320932
588.0,10,10,9.999422712195182,9.950799960482938,10.007617199439448,9.843978354860537,2.809368444943866,2.689430033732059
588.2,10,10,9.999423942814094,9.9528491915115,9.947275578183188,9.923254217623787,2.8002905351212606,2.789430033732082
588.4,10,10,10.000569008402039,9.955246442153184,9.846228970071193,9.884161347584131,2.90013247437689,2.719893301175161
588.6,10,10,10.002674271388464,9.956416894868264,10.036267910598024,9.97003603266735,2.8693873463354356,2.6198933011751384
588.8000000000001,10,10,10.003312463770559,9.956333202618122,10.021014738802895,10.06442672290737,2.769387346335413,2.5198933011751157
589.0,10,10,10.003232690887103,9.955335953612089,9.952615638724357,9.934565038948953,2.820701889761519,2.5241427906792717
589.2,10,10,10.00460536360826,9.95530983903681,10.102902058728802,10.017278276503989,2.8702571956635747,2.6241427906792945
589.4,10,10,10.005242278489122,9.95585448693682,9.97946410528464,9.974992916868114,2.770257195663609,2.590125553716381
589.6,10,10,10.00460433712842,9.956009195208047,10.01422095412401,9.98160182586566,2.7667571947460035,2.5898441586842527
589.8000000000001,10,10,10.005184485702488,9.955563020919694,9.909205478797684,9.986491386423605,2.866757194746026,2.490743515801174
590.0,10,10,10.006769422008977,9.95451021844296,9.856003086447044,9.917073446544306,2.8420147653445285,2.533969765961332
590.2,10,10,10.006917050215856,9.954542224772059,10.19555016025679,10.08010751128527,2.7420147653445057,2.585544426514883
590.4,10,10,10.005509880802505,9.954354140374798,10.061366648899458,9.964478456740057,2.6930672325661043,2.585811870478443
590.6,10,10,10.00359185391826,9.954034645564144,10.128345563917742,9.982623965133234,2.6193403428565167,2.501301508090997
590.8000000000001,10,10,10.00022594687462,9.952461957384354,9.936194867171741,10.210625007922108,2.5862767741646793,2.4013015080909743
591.0,10,10,9.997781613531163,9.949894045524623,9.947608022211048,9.84822510545704,2.686276774164645,2.393016404498624
591.2,10,10,9.996990310673224,9.948144967388085,10.011749724615433,10.065105215217132,2.786276774164668,2.4459374741147175
591.4,10,10,9.997529405765233,9.94675046447595,10.01510706425191,9.973371697104819,2.7984146747813634,2.5124813481245107
591.6,10,10,9.997316282083759,9.946578662220684,10.04465177642002,9.90507535917115,2.7608091531682275,2.6124813481245335
591.8000000000001,10,10,9.996108200654708,9.947660211956418,10.156067459821559,9.799422334491354,2.6620834708059085,2.712481348124556
592.0,10,10,9.994501968888844,9.949436098943766,9.90016677478188,10.081988543074402,2.735255527705427,2.679746894183284
592.2,10,10,9.993871524868885,9.950188680269937,10.01284437084827,9.929689312598908,2.708166619652816,2.635222506837511
592.4,10,10,9.992225093708438,9.950890429131903,9.878385275465781,10.096928496878295,2.7083666998474794,2.591851035669558
592.6,10,10,9.991540737811968,9.95043321092265,10.053598681679313,10.024290858774796,2.7243739023596345,2.4918510356695354
592.8000000000001,10,10,9.989747435978039,9.94912136401105,10.034933611861707,9.908934596715778,2.6243739023596118,2.504992740484525
593.0,10,10,9.986291030382521,9.948448447081224,10.021632554407054,10.10597464019503,2.524373902359646,2.4956460473922393
593.2,10,10,9.982539476213995,9.947254737233866,9.949758512918661,9.920692561875294,2.6052912973924016,2.519939346735352
593.4,10,10,9.980440428645567,9.9464927673896,9.982887783116638,9.99155014181023,2.7052912973923675,2.477341814668122
593.6,10,10,9.980002006650027,9.945095102288505,9.954736730383292,9.839745661526962,2.8052912973923902,2.5056797306443905
593.8000000000001,10,10,9.980356095238497,9.944657231879868,10.081916479368402,10.020942873824808,2.761136362865693,2.539396393362537
594.0,10,10,9.979545777000359,9.944211751655075,9.878333389630042,10.036105468470545,2.7557501685647865,2.5872042271995963
594.2,10,10,9.979939525646257,9.944327149231917,9.819411762008428,10.039589633566369,2.8557501685648092,2.5480126027586554
594.4,10,10,9.981568104473977,9.943306784218716,10.061538680709647,10.160300538045819,2.854906864747152,2.4480126027586895
594.6,10,10,9.982974733009062,9.941612573617135,9.812195580262246,9.858596474091103,2.913729739395472,2.4832824517985292
594.8000000000001,10,10,9.985959408433457,9.94105187050283,9.813791450398803,9.949864700909735,3.0137297393954947,2.583282451798552
595.0,10,10,9.990546166891862,9.941757571388314,9.84499863775855,9.919464955699617,3.085710054518006,2.683282451798518
595.2,10,10,9.994725866658305,9.942568567461798,9.899823933511277,10.080415756984248,2.9867752747490237,2.5910125257033076
595.4,10,10,9.997230834646409,9.9423269101851,10.065187627399455,9.803281018501334,2.886775274749058,2.5694559248749425
595.6,10,10,9.99806523658217,9.942881826910414,10.163054732654391,9.76815203555299,2.786775274749035,2.669455924874965
595.8000000000001,10,10,9.9972432406065,9.94421348715307,10.110477871073643,10.097919134035566,2.6867752747490123,2.646249818456775
596.0,10,10,9.996180430251753,9.944473118524611,9.909986335553354,9.94769899780319,2.7710152244825035,2.5581296835460408
596.2,10,10,9.996636622863013,9.943768794945706,9.970201013208728,10.00833828890333,2.814159941305319,2.470253733487211
596.4,10,10,9.996271037670523,9.94185292556681,9.99583013552167,10.078195508414849,2.716460554806308,2.404111014701049
596.6,10,10,9.99451953779157,9.939352888544096,10.10003123054833,10.071289645930294,2.6465242954442223,2.327890263122008
596.8000000000001,10,10,9.992977860844746,9.936360396972237,9.899830717991627,9.978331642964918,2.7453101629585093,2.381223229217284
597.0,10,10,9.99293060886725,9.934555295530759,9.96543376762844,9.982750337808984,2.784370581399985,2.4812232417305453
597.2,10,10,9.993101604202451,9.933959344381483,9.913106165221153,9.950576679538447,2.845942232837117,2.5412425784889088
597.4,10,10,9.994608549594153,9.933765003727917,10.082836033710082,9.95977965300203,2.866695662195484,2.6057186455758568
597.6,10,10,9.996275129637725,9.934790131032786,10.015254877416012,9.933726544851007,2.9377021486680173,2.7057186455758795
597.8000000000001,10,10,9.999575089984937,9.93706603292896,9.974622791406437,9.845919153897935,3.03770214866804,2.793813476501526
598.0,10,10,10.003281099965756,9.940402556549364,10.103182626882047,9.91988959213024,2.963182947919734,2.8891129656236374
598.2,10,10,10.005367315283515,9.943883441216272,9.977819136071014,9.935120297045096,2.8631829479197113,2.801255362410665
598.4,10,10,10.00630858145768,9.946987133978155,10.013597753657917,9.803610920263,2.872845820379248,2.86844797127329
598.6,10,10,10.007349033911296,9.950529760990767,10.099797292632314,9.987104973599147,2.7996397343441006,2.8111376821516796
598.8000000000001,10,10,10.006838863425921,9.952866353147058,9.99540417399359,10.19130194632106,2.7384772391757752,2.711137682151657
599.0,10,10,10.00576948368468,9.954131379746554,10.076871432699157,9.870139703625357,2.671646184370853,2.68921151785684
599.2,10,10,10.003515309673046,9.956014871002314,9.975017707772803,9.927176038635286,2.6717256237511253,2.717407512682605
599.4,10,10,10.00248174896698,9.957195836349086,10.000492568121809,10.028290865361631,2.739662933489404,2.647751531219091
599.6,10,10,10.002527792801414,9.957845752547023,9.89280746554397,9.973113005249637,2.8330965392295275,2.607625710951384
599.8000000000001,10,10,10.003898226916219,9.958843156151802,9.984213994244167,9.712729305719417,2.871784392143437,2.706823803373808
600.0,14,15,10.004617922104325,9.960818536059586,9.95169862747152,9.996991251339537,2.773288569918914,2.712940910385055
600.2,14,15,10.005352219874025,9.963143557211618,9.982507992997014,10.166025727902722,2.87329233862962,2.8129446790957613
600.4,14,15,10.007767644202119,9.966721152423023,10.081469613905455,10.057229351581032,2.973292338629586,2.912944679095727
600.6,14,15,10.01186765938801,9.971552607603288,10.033257796296517,9.8759972853522,3.0732923386296087,3.01294467909575
600.8000000000001,14,15,10.017655590252376,9.977639170077545,9.943267749643805,9.921445034184252,3.1732923386296314,3.1129446790957727
601.0,14,15,10.0251346156502,9.984982046197711,10.03747973147985,9.943810461110699,3.2732923386295973,3.2129446790957386
601.2,14,15,10.034307762866602,9.993582399241959,10.02291065603603,9.959414480024869,3.37329233862962,3.3129446790957613
601.4,14,15,10.045177902711815,10.003441347457658,9.895662426877756,10.125389442166485,3.473292338629586,3.412944679095727
601.6,14,15,10.05774774532681,10.014559962253548,9.911078964615532,10.206590544162763,3.5732923386296087,3.51294467909575
601.8000000000001,14,15,10.072019836697429,10.026939266545087,10.129056483748247,9.912231834947619,3.6732923386296314,3.6129446790957727
602.0,14,15,10.08799655587225,10.040580233257032,10.235261429303856,10.045019613031092,3.7732923386295973,3.7129446790957386
602.2,14,15,10.105680112871404,10.055483783984927,10.084154676162857,10.016669206209713,3.87329233862962,3.8129446790957613
602.4,14,15,10.125072547273893,10.071650787818497,10.056420665208,10.08245851768393,3.973292338629586,3.912944679095727
602.6,14,15,10.146175727441998,10.089082060323312,10.237252679443577,10.207472660601553,4.073292338629608,4.0129446790957495
602.8000000000001,14,15,10.168991350404372,10.107778362687236,10.192792731678288,9.99465678882407,4.173292338629631,4.112944679095772
603.0,14,15,10.193520942291922,10.127740401020283,10.228580503795078,10.078107904332924,4.273292338629597,4.212944679095738
603.2,14,15,10.219765859367799,10.148968825814524,10.15144973094662,10.19555765313664,4.37329233862962,4.312944679095761
603.4,14,15,10.247727289566125,10.171464231554658,10.205528482938162,10.256872395824109,4.4732923386295855,4.412944679095727
603.6,14,15,10.277406254532455,10.195227156478605,10.058061920847152,9.95539467916423,4.573292338629608,4.5129446790957495
603.8000000000001,14,15,10.308803612105367,10.220258082481623,10.222634532589469,10.202534403066679,4.673292338629631,4.612944679095772
604.0,14,15,10.341920059186323,10.246557435154646,10.375054068926241,10.331895597205456,4.773292338629597,4.712944679095738
604.2,14,15,10.376756135053025,10.274125583968802,10.438863548751856,10.156746957813713,4.87329233862962,4.812944679095761
604.4,14,15,10.413312224908474,10.302962842568046,10.351311350337802,10.284466724991306,4.9732923386295855,4.912944679095727
604.6,14,15,10.451588563785524,10.333069469195348,10.582845498982133,10.412610660608658,5.073292338629608,5.0129446790957495
604.8000000000001,14,15,10.491585240690464,10.364445667226656,10.375387791863435,10.287482468048244,5.173292338629631,5.112944679095772
605.0,14,15,10.533302202962524,10.397091585811959,10.471335222548428,10.47865366780714,5.273292338629597,5.212944679095738
605.2,14,15,10.576739260811106,10.431007320613109,10.531632927141494,10.282222434408258,5.37329233862962,5.312944679095761
605.4,14,15,10.621896092022787,10.46619291463699,10.662355593843573,10.530150435249807,5.4732923386295855,5.412944679095727
605.6,14,15,10.668772246762906,10.502648359147917,10.636365786038455,10.503630484366521,5.573292338629608,5.5129446790957495
605.8000000000001,14,15,10.717367152489311,10.540373594660991,10.685974067825871,10.429250259634694,5.673292338629631,5.612944679095772
606.0,14,15,10.76768011889352,10.579368511997693,10.701239889763745,10.84399356898073,5.773292338629597,5.712944679095738
606.2,14,15,10.8197103429423,10.61963295341797,10.579009217966972,10.80804393674698,5.87329233862962,5.812944679095761
606.4,14,15,10.873456913857668,10.661166713790243,10.981646629460462,10.645536515711978,5.9732923386295855,5.912944679095727
606.6,14,15,10.928469896570764,10.703957246137527,10.752176247078351,10.77490116175565,5.999999989876246,5.999860536368126
606.8000000000001,14,15,10.983595775971017,10.74723556912256,11.009940434006042,10.784304798960505,6.000000000329136,6.000004534119391
607.0,14,15,11.038770339552372,10.790522804065834,11.125509195539442,10.714535756987916,6.0000000004862954,6.000006699124573
607.2,14,15,11.093990087155587,10.833817703264286,11.241156823223161,10.837669578741183,6.000000000345507,6.000004759656468
607.4,14,15,11.149251646604654,10.877119137201547,11.095058161160729,10.761662277923099,6.000000000021792,6.0000003002085505
607.6,14,15,11.204551767340776,10.920426006567588,11.203383673797045,10.803327297292045,5.999999999772163,5.999996861316622
607.8000000000001,14,15,11.259887314461428,10.96373724291544,11.407690260762465,10.89899707981009,5.9999999997851035,5.999997039569015
608.0,14,15,11.315255263149002,11.007051812967678,11.348247028064222,11.004625300593496,5.999999999554981,5.999993869406525
608.2,14,15,11.370652693461249,11.050368704535204,11.358800715328968,11.111128973213654,5.99999999938742,5.999991561063154
608.4,14,15,11.426076785445131,11.093686936036109,11.463481725957486,11.36531107305898,5.9999999991834265,5.999988750755828
608.6,14,15,11.481524814558089,11.13700554611297,11.389135090943876,11.098298346752449,5.999999999528698,5.9999935072468045
608.8000000000001,14,15,11.536994147360808,11.180323616806632,11.42859642217739,10.988721308944209,5.999999998910573,5.999984991968766
609.0,14,15,11.592482237483452,11.22364022164494,11.66600413751873,11.07657213667751,5.9999999996160485,5.999994710610455
609.2,14,15,11.647986621803744,11.266954501255123,11.681458438086377,11.046800338344061,5.999999998898747,5.999984828921112
609.4,14,15,11.703504916877854,11.310265579623506,11.647543896944644,11.407279398860565,5.999999998563711,5.999980213339569
609.6,14,15,11.759034815549633,11.353572609709559,11.716291883491747,11.364870580957907,5.999999999609128,5.999994615259992
609.8000000000001,14,15,11.81457408375509,11.39687479087807,11.653565858971133,11.596505898434964,6.000000000128399,6.000001768843776
610.0,14,15,11.87012055751485,11.440171328840606,11.871313631011992,11.629224682238908,5.999999999858885,5.999998055986207
610.2,14,15,11.925672140083007,11.483461433025193,11.946453876744668,11.359216503661306,6.000000000409282,6.000005638291553
610.4,14,15,11.981226799240188,11.526744357189227,11.87769821538931,11.47631028112505,6.0000000004933485,6.000006796390096
610.6,14,15,12.036782564744383,11.570019364201876,12.178394653889038,11.52158931302483,5.999999999929095,5.999999023208159
610.8000000000001,14,15,12.092337525908704,11.613285718893508,12.236946819900718,11.594724686565762,6.000000000397655,6.000005478184191
611.0,14,15,12.147889829294103,11.656542732493742,12.119431430196347,11.648745517543622,6.000000000243768,6.000003358150532
611.2,14,15,12.203437676536643,11.699789710914175,12.11690775378772,11.803991004267058,6.0000000003897815,6.000005369657485
611.4,14,15,12.258979322268079,11.74302598359524,12.20134771487103,11.69970139461782,6.000000000942846,6.000012988634148
611.6,14,15,12.314513072143946,11.786250906836575,12.213809136185791,11.87889421952937,6.000000000752877,6.000010371661369
611.8000000000001,14,15,12.37003728097182,11.829463840285252,12.28308532221538,11.899209393834614,6.000000000074502,6.000001026359029
612.0,14,15,12.425550350925429,11.872664147013374,12.42988512912422,11.742388808294079,6.000000000505265,6.000006960637259
612.2,14,15,12.481050729835594,11.915851236754168,12.412546807446802,11.909515422296282,5.999999999938858,5.9999991576883005
612.4,14,15,12.536536909580038,11.95902450007732,12.421443241417322,11.960520319701441,6.000000000122406,6.000001686299192
612.6,14,15,12.59200742452669,12.00218336394451,12.56451396303098,12.09620681334233,6.000000000189972,6.000002617111721
612.8000000000001,14,15,12.64746085006181,12.04532726502687,12.735988738789633,12.085987740233827,5.999999999700479,5.999995873704529
613.0,14,15,12.702895801181528,12.08845564180104,12.731213726023586,12.056388140152936,5.999999999507436,5.999993214206932
613.2,14,15,12.758310931141239,12.131567954405496,12.623616969438348,12.134065466235977,5.999999999422523,5.999992044418825
613.4,14,15,12.81370493016934,12.174663674255944,12.802944761541312,12.155922670006145,5.999999999375075,5.999991390730585
613.6,14,15,12.869076524234902,12.217742287910069,12.804089379693352,12.257120287059507,5.999999998926482,5.999985210690265
613.8000000000001,14,15,12.924424473870852,12.260803283394743,12.97782708475069,12.243071566943085,5.999999998812427,5.999983639313465
614.0,14,15,12.979747573043507,12.303846160239617,13.10367606330077,12.321074757381133,5.999999999747172,5.999996516854956
614.2,14,15,13.035044648066215,12.34687045998533,12.908026492707824,12.388420384831253,5.9999999988633865,5.999984341176922
614.4000000000001,14,15,13.090314556577654,12.389875677658628,13.023285489002445,12.498784865244108,5.999999999907136,5.9999987206258405
614.6,14,15,13.145556186527994,12.432861382199567,13.076118673381952,12.470256007416733,5.99999999929015,5.9999902205197
614.8000000000001,14,15,13.200768455244445,12.475827104333867,13.128000212067066,12.525038341250799,5.99999999901429,5.999986419943199
615.0,14,15,13.255828859638854,12.51877237122597,13.305834405247738,12.49790111549664,5.961790596831364,5.999987220170477
615.2,14,15,13.309512790977719,12.56169538529486,13.492393226491048,12.648144502905934,5.861790596831341,5.99999645563077
615.4000000000001,14,15,13.361784458487804,12.604592675108977,13.375331458678923,12.687365217476307,5.8307170641734105,5.999999998824984
615.6,14,15,13.414155972184707,12.647462717772434,13.424407225419781,12.458781796916384,5.839420841024676,5.99999999999944
615.8000000000001,14,15,13.466978772299978,12.690305754055656,13.454267922830068,12.612858857812885,5.892130333606866,5.999999999999997
616.0,14,15,13.51942882541034,12.73312213111583,13.521022885320999,12.777516860711412,5.794039449693739,6.0
616.2,14,15,13.570188233644641,12.775909131596922,13.634624195023495,12.891293124494485,5.694039449693716,6.0
616.4000000000001,14,15,13.619279567319738,12.818663212381754,13.569635334085234,12.98039370912073,5.613406885770673,6.0
616.6,14,15,13.668584001632192,12.86138228660678,13.541502548479965,12.851340847857138,5.6989840894271175,6.0
616.8000000000001,14,15,13.717719873959618,12.904067198133696,13.695910679871119,12.79944981247052,5.600392103221402,6.0
617.0,14,15,13.765170981268543,12.946715467989263,13.668997794600735,13.078861864960531,5.5003921032214365,6.0
617.2,14,15,13.810941287999864,12.98932368255677,13.924070788505546,13.047927149407267,5.400392103221414,6.0
617.4000000000001,14,15,13.855034878839543,13.031888477488653,14.067337206712372,13.021698826488894,5.300392103221391,6.0
617.6,14,15,13.897455820026448,13.074406535362119,13.77927537118084,13.102001081077406,5.200392103221425,6.0
617.8000000000001,14,15,13.938208160158013,13.116874583427526,14.160414595249717,13.085253480758972,5.100392103221402,6.0
618.0,14,15,13.977295930969396,13.1592893914676,13.957604549161715,13.224391535031714,5.0003921032214365,6.0
618.2,14,15,14.01472314810318,13.201647769722113,14.024159004642588,13.187773822711032,4.900392103221414,6.0
618.4000000000001,14,15,14.050493811854162,13.243946566916375,14.186374003190789,13.133122514739025,4.800392103221391,6.0
618.6,14,15,14.084611907902637,13.28618266834995,13.998036519826023,13.223671364824089,4.700392103221425,6.0
618.8000000000001,14,15,14.117081408033188,13.32835299405688,14.330184400050832,13.193033669176224,4.600392103221402,6.0
619.0,14,15,14.147906270836632,13.370454497034727,14.088635814432878,13.507884013696987,4.5003921032214365,6.0
619.2,14,15,14.177573840991089,13.412484418169319,14.143705528763272,13.409709379856995,4.4702797483222865,6.0
619.4000000000001,14,15,14.206291252935554,13.454441296681354,14.42110532443716,13.462235846674156,4.370856741364226,6.0
619.6,14,15,14.233590967741376,13.496322661008968,14.15358627783734,13.47423425011041,4.343330478122335,6.0
619.8000000000001,14,15,14.26190733511028,13.538128084082016,14.176782485817487,13.551573271319421,4.443330478122358,6.0
620.0,14,15,14.290359627214091,13.579859729163468,14.440444625285732,13.625490007768088,4.3501353756685965,6.0
620.2,14,15,14.317181584882334,13.6215158014689,14.183444500878611,13.645295726965946,4.262147788519068,6.0
620.4000000000001,14,15,14.343159694599665,13.663094071994188,14.327170447318508,13.564786494198865,4.202196829410244,6.0
620.6,14,15,14.36757411815419,13.70459254203251,14.393045099516682,13.639871030033744,4.102196829410278,6.0
620.8000000000001,14,15,14.391138611558382,13.74600865433599,14.298303795390135,13.785942649176343,4.139045738276505,6.0
621.0,14,15,14.415865620602847,13.787343437660555,14.428098582514894,13.760199274354775,4.144798218707008,6.0
621.2,14,15,14.439425423429693,13.82859726095091,14.3845498856643,14.171010362233195,4.044798218706985,6.0
621.4000000000001,14,15,14.461356186868848,13.869767386884213,14.366976479811843,13.906223806418309,3.9447982187069623,6.0
621.6,14,15,14.481661873714064,13.910850944024197,14.427616351587536,13.97048824054672,3.8447982187069965,6.0
621.8000000000001,14,15,14.500346436604275,13.951845081939288,14.538653536142885,13.904486475308742,3.7447982187069737,6.0
622.0,14,15,14.518275703459867,13.99274736357546,14.401611483508859,13.917744905855018,3.7887342370559765,6.0
622.2,14,15,14.536979669065548,14.033558801776685,14.525281443147493,14.024612110180586,3.7497400229417575,6.0
622.4000000000001,14,15,14.554219653283187,14.074278800884889,14.557586341345033,14.166938425604053,3.6497400229417347,6.0
622.6,14,15,14.569844264275014,14.114904571927442,14.69784388952684,14.09598819163214,3.549740022941769,6.0
622.8000000000001,14,15,14.583858672767274,14.155433312806204,14.631941679420711,14.084194260698183,3.455166933037158,6.0
623.0,14,15,14.597423076890205,14.195863040824221,14.572594924069346,14.242579349095301,3.475794177643278,6.0
623.2,14,15,14.610330627284386,14.23619359217997,14.721678795520218,14.15316853864154,3.3765869533551593,6.0
623.4000000000001,14,15,14.621699736558158,14.276422800327413,14.576033515519969,14.301131027410563,3.31645809666088,6.0
623.6,14,15,14.633725786080666,14.316549701337399,14.570873000478759,14.357522319174143,3.416458096660846,6.0
623.8000000000001,14,15,14.646693378352037,14.356576996883058,14.642673010793802,14.211613121756539,3.3796266292552106,6.0
624.0,14,15,14.658658091646041,14.39650435852673,14.580127775434448,14.362322275443177,3.3824246539105265,6.0
624.2,14,15,14.67163193916501,14.436332197455693,14.662450444135622,14.436604331248217,3.3951069686390256,6.0
624.4000000000001,14,15,14.683523679719384,14.476061084927842,14.818893421957243,14.507067028187706,3.295106968639003,6.0
624.6,14,15,14.69380813856038,14.515688418044263,14.750121519349749,14.430134129300914,3.195106968639037,6.0
624.8000000000001,14,15,14.7026510464122,14.555211448546139,14.704629145755398,14.51535887308935,3.157377290391275,6.0
625.0,14,15,14.712431088587927,14.594629712170649,14.57044125624174,14.628057736071346,3.257377290391241,6.0
625.2,14,15,14.723933037118083,14.633946476634915,14.558246869682224,14.632549257928218,3.3573772903912635,6.0
625.4000000000001,14,15,14.73619892646223,14.673164879009985,14.746607161886681,14.240908640888241,3.306073936898915,6.0
625.6,14,15,14.74695144408939,14.712284109400656,14.7964122258917,14.776248660953542,3.206073936898949,6.0
625.8000000000001,14,15,14.756256062373689,14.75130140750056,14.713786356771497,14.890002759704721,3.168078401386658,6.0
626.0,14,15,14.765910974318171,14.790216044382946,14.659324258628821,14.685478467316926,3.160166701656972,6.0
626.2,14,15,14.774411309156239,14.829027855177356,14.65970280154586,14.844496171463181,3.0604555539359164,6.0
626.4000000000001,14,15,14.781308151915805,14.867734260701855,14.776250047404508,14.933266875940888,2.9604555539358937,6.0
626.6,14,15,14.78660552165303,14.906332472828838,14.943626052545147,14.900082897938091,2.8604555539359278,6.0
626.8000000000001,14,15,14.790510481978917,14.944819758853495,14.818304104319036,14.916850985252083,2.830123704831728,6.0
627.0,14,15,14.795442026959405,14.98314980603216,14.776590743262387,15.050652254970062,2.930123704831694,5.972914273977846
627.2,14,15,14.802102368580613,15.02127285028264,14.691916948648636,14.968773553847806,3.0301237048317167,6.000003272555511
627.4000000000001,14,15,14.809366708171448,15.05934306984085,14.864126082304855,15.143614057391321,2.9660561714615876,5.961356231807452
627.6,14,15,14.815300742893076,15.096380351031955,14.718603104874845,15.118216317255648,2.9390852090875113,5.915153119238804
627.8000000000001,14,15,14.821576030352551,15.13388150582521,14.786258009552094,14.995219656268961,2.9084562791950583,5.999911630412122
628.0,14,15,14.826448777172674,15.171729624920538,14.832492834145752,15.024433120560118,2.8084562791950924,6.000003969278274
628.2,14,15,14.829723044972802,15.209389976594322,14.878303580952144,15.183582267679377,2.7084562791950697,5.964709419105198
628.4000000000001,14,15,14.832170615550579,15.245946037237903,14.928467289198961,15.275232905580031,2.7204399676894875,5.864709419105175
628.6,14,15,14.835769637121572,15.281336858905828,14.762363940347713,15.198004170865202,2.820193987905053,5.844014229014639
628.8000000000001,14,15,14.841088194338742,15.316524532198892,14.66201789458652,15.40330385441217,2.920193987905076,5.775040040449042
629.0,14,15,14.847616709864088,15.350387614229103,14.863545380959508,15.225337285926537,2.910453073452231,5.675040040449076
629.2,14,15,14.852859902025456,15.38289839715888,14.817329957265251,15.32862659051605,2.810453073452208,5.575040040449053
629.4000000000001,14,15,14.856477412256465,15.414056614495985,14.990322033565105,15.568058657653436,2.7104530734521854,5.475040040449031
629.6,14,15,14.858468192625558,15.44389438594663,14.811706435358563,15.337347719041727,2.6104530734522196,5.407181317011087
629.8000000000001,14,15,14.860088360597246,15.473074145699902,14.850131246594012,15.538564860490327,2.682015028046168,5.33490529903073
630.0,14,15,14.86285966367147,15.501296724852184,14.955722625458915,15.407819944197072,2.7214457965995407,5.343235210300115
630.2,14,15,14.86517796134894,15.53015135852437,14.87245343515194,15.561271377735155,2.624142679853875,5.350928616623537
630.4000000000001,14,15,14.865865835161504,15.55801937361052,14.864877815834815,15.540435030166618,2.524142679853852,5.250928616623514
630.6,14,15,14.86610361499985,15.58453650985387,14.868462701366658,15.810333573518795,2.592670336512836,5.150928616623548
630.8000000000001,14,15,14.867989084467427,15.60970726950574,14.835902358268896,15.643868777897515,2.6926703365128586,5.050928616623525
631.0,14,15,14.87155334681702,15.633537830553914,14.822127653267167,15.771546524866778,2.7926703365128245,4.9509286166235595
631.2,14,15,14.876785988693033,15.656034353811606,14.705161903009136,15.75637547169683,2.892670336512847,4.850928616623537
631.4000000000001,14,15,14.88367669093359,15.6772742692377,14.716261676353973,15.611928507975424,2.99267033651287,4.798524956388418
631.6,14,15,14.891172287306302,15.698631406190415,14.876264770507936,15.65936800499246,2.934097598127572,4.816126281088111
631.8000000000001,14,15,14.897062964427999,15.719346508184111,14.850428617509085,15.699609780353983,2.834097598127549,4.732687404812945
632.0,14,15,14.90127960112852,15.740005474551495,14.918370871608108,15.586131308732185,2.7340975981275832,4.826658001504084
632.2,14,15,14.9038296944056,15.761061128710818,14.874834055565005,15.764584551185152,2.6340975981275605,4.769041247450598
632.4000000000001,14,15,14.904715794285876,15.780842774558256,14.933469874473765,15.709687495690178,2.5340975981275378,4.669041247450576
632.6,14,15,14.90442853954965,15.799372331726707,14.78847745687486,15.761347546899271,2.542752397565389,4.6198641185089295
632.8000000000001,14,15,14.905051514774547,15.817250355861976,14.983494837562164,15.978681522375844,2.5442398113515137,4.529908660215057
633.0,14,15,14.904430966663051,15.833835737345229,14.773067717947272,15.720585617385,2.4442398113515478,4.462353835672439
633.2,14,15,14.902138795702095,15.849661738906438,14.885263777593684,15.862476771046257,2.344239811351525,4.378699637455162
633.4000000000001,14,15,14.899099637096551,15.864165326491038,14.857503935405319,15.895797704797584,2.3909906492248885,4.278699637455139
633.6,14,15,14.89756429055075,15.877627412494638,14.871473080570674,15.857745456722311,2.490888766190109,4.274069038203274
633.8000000000001,14,15,14.896838776908506,15.891822410693253,14.94748520225378,15.914528679115607,2.449047534072694,4.314513604250492
634.0,14,15,14.894873257038709,15.905398385027793,14.866058589232626,15.89187057436968,2.4337426289200055,4.240081918836797
634.2,14,15,14.89331939854523,15.919114259235137,14.94059360085934,15.790831920251602,2.4056218455887666,4.337922420464686
634.4000000000001,14,15,14.890545248751476,15.934015452024836,14.86610115119453,15.88113413636068,2.3558961526027136,4.437886554191343
634.6,14,15,14.888312300778265,15.948906212232886,14.84675068676121,15.887660889315825,2.4527263613854458,4.342982314606532
634.8000000000001,14,15,14.88626688336851,15.962472045692286,15.080271685198852,16.150856895042857,2.365096644719575,4.242982314606509
635.0,14,15,14.88254968552196,15.974712828508595,14.941944701895844,16.01967970961574,2.265096644719609,4.142982314606543
635.2,14,15,14.877164152764566,15.985627909640398,15.008042978941004,16.037204670080683,2.180518638821662,4.042982314606521
635.4000000000001,14,15,14.87200901445102,15.995218067675678,14.818037757106971,16.13586765354329,2.2805186388216847,3.942982314606498
635.6,14,15,14.868494145573719,16.00370412985592,14.875024901548315,15.897125963483727,2.3805186388216506,3.9257799867819863
635.8000000000001,14,15,14.865917519986542,16.01207709825106,14.78998413389126,16.09210217281099,2.3512652390312856,3.8585342632096875
636.0,14,15,14.86185272304505,16.019290038240925,14.989306639139436,15.979817695567675,2.2512652390313197,3.820551292479975
636.2,14,15,14.856775590664917,16.026735263367655,14.797466841079824,16.129235885662393,2.2792690250499583,3.8129771497532507
636.4000000000001,14,15,14.853073842728042,16.033135789902595,14.888544453286926,16.113246853902393,2.347225662999173,3.712977149753228
636.6,14,15,14.849874092475352,16.038974704052993,14.895389897591045,15.993263967633528,2.4045318519502046,3.767348332023976
636.8000000000001,14,15,14.846908658289838,16.045632033363162,14.797859065138137,16.065824072385354,2.3267511991870897,3.791362574044953
637.0,14,15,14.843506188278,16.051599751456642,14.621680575950718,16.139972609890993,2.3994896794744047,3.6915081329822184
637.2,14,15,14.841658765963945,16.056759484244267,14.84072708097297,15.843454826023887,2.469499805617439,3.717590145487885
637.4000000000001,14,15,14.839307103380847,16.0629440506034,15.059151191318945,15.976256549642555,2.369499805617416,3.79951971364934
637.6,14,15,14.835794996429001,16.06970550013792,14.749729917673791,15.899742131147718,2.3832990686969304,3.8636747607816377
637.8000000000001,14,15,14.833606346467102,16.076577824519124,14.824588976540628,16.095930147116142,2.483299068696953,3.780849746922123
638.0,14,15,14.833043200340589,16.082547260921288,14.741020681915437,15.994772200061636,2.583299068696919,3.792647356054163
638.2,14,15,14.833149204321865,16.089481981497112,14.752248600235916,16.012159228240588,2.53199961079226,3.892647356054186
638.4000000000001,14,15,14.831653752879856,16.097623343221304,15.000329529385791,15.955901081095424,2.4319996107922375,3.9926473560542086
638.6,14,15,14.828486441306874,16.10622808786875,14.701791728735762,15.985954062142948,2.3531414814168876,3.9394117311562127
638.8000000000001,14,15,14.824594057596718,16.113589374410843,14.894272075952964,16.244493024983587,2.3009942415712996,3.83941173115619
639.0,14,15,14.819486910109973,16.119695909562438,14.811198583534063,15.962986030943842,2.2398678205000087,3.7819969260289494
639.2,14,15,14.814632569987856,16.125324519979426,14.82035658752821,16.070218220374553,2.336439362252755,3.7126675640877367
639.4000000000001,14,15,14.811408357245725,16.130241781700985,14.755096392182539,15.920379236919672,2.4364393622527776,3.746924901836493
639.6,14,15,14.809380159810846,16.136128785126694,14.9112748135864,16.09739593781622,2.434560434723482,3.7897760876940776
639.8000000000001,14,15,14.806194022816857,16.141352120622088,14.712067602224366,16.269646020484167,2.392733227914381,3.689776087694055
640.0,14,15,14.802354870535927,16.14527123517449,15.088496328804727,16.246080559320813,2.3065082563552886,3.589776087694089
640.2,14,15,14.797339816414372,16.147886491665894,14.667529989483432,16.134405309090628,2.318282924801853,3.489776087694066
640.4000000000001,14,15,14.793377608680112,16.149200862021868,14.94676008981374,16.261377021679525,2.341769310503577,3.3897760876940435
640.6,14,15,14.788486158776776,16.149217613547147,14.813711224281132,16.228692797723273,2.3019623928984427,3.2897760876940776
640.8000000000001,14,15,14.783422271154755,16.148016253443743,14.742918890231483,16.19995869571292,2.262878973321467,3.2152446071843097
641.0,14,15,14.777920799809605,16.145943341523587,14.814668016394599,16.18639867786864,2.282675202451829,3.1432631351717233
641.2,14,15,14.773050097747799,16.143953202079036,14.802861271282891,16.254310749332664,2.3433462919848433,3.2391513219605077
641.4000000000001,14,15,14.769313924392105,16.14318206882134,14.783728122459744,16.108823519945325,2.424883483278053,3.3391513219605304
641.6,14,15,14.765710128631804,16.14339492272986,14.788143318256465,16.099668807933487,2.3585339515678854,3.3641813233047464
641.8000000000001,14,15,14.761195566412766,16.14370344743433,14.708925425310653,16.148616667586023,2.330591440044874,3.4019699854973
642.0,14,15,14.755927261480794,16.143638768308428,14.835801620573454,16.141085462147007,2.269637626884567,3.304552963451321
642.2,14,15,14.750904861672465,16.14227946766733,14.51817487670945,16.3403685368093,2.368681890274423,3.2045529634512984
642.4000000000001,14,15,14.747489708793871,16.14027807644999,14.623892341017436,16.105084411984556,2.468681890274446,3.248164880626095
642.6,14,15,14.745174201631121,16.139402032742762,14.732449292777238,16.0004375121203,2.4585192443682007,3.348164880626061
642.8000000000001,14,15,14.741477618192924,16.13947057268153,14.686531107664695,16.265496901668115,2.361860637273233,3.354022538761765
643.0,14,15,14.737258385649337,16.138642831822306,14.766665147662033,16.12270827594551,2.4012564870789483,3.2912981798573955
643.2,14,15,14.734163149055343,16.137191073907314,14.614136870593635,16.174041416070597,2.5009477226275707,3.2115591538710593
643.4000000000001,14,15,14.731926228590149,16.134468653851712,14.81239000951052,16.260680408780583,2.4671707737252,3.1115591538710365
643.6,14,15,14.728710472733958,16.130977978674153,14.564266953727643,16.074772230665722,2.484097995184502,3.1394910920363714
643.8000000000001,14,15,14.726087767420912,16.12855373696114,14.921970046287727,16.103746689153564,2.452533206746193,3.239491092036394
644.0,14,15,14.721943114774001,16.12735611670138,14.702743894184493,16.11214882789949,2.363161645343636,3.33949109203636
644.2,14,15,14.717254522919724,16.127306422952586,14.654700798636418,16.19624764277549,2.3653073256493298,3.391148506795804
644.4000000000001,14,15,14.71206292264678,16.126687333302893,14.728784856114608,16.178138779253633,2.3246568087714206,3.291148506795781
644.6,14,15,14.707281230718245,16.124777875913807,14.66371024156994,16.211101663289526,2.422840706876053,3.191148506795815
644.8000000000001,14,15,14.703933595502098,16.12182946833979,14.751755936514051,16.046906050084846,2.4581559869871104,3.179632799340214
645.0,14,15,14.700718624809445,16.11926191580105,14.600439732570862,16.19947514215272,2.5202073736621418,3.158854130298211
645.2,14,15,14.697643557355917,16.116291475129664,14.762978127094726,16.059742274753305,2.4365555247088144,3.206119417502338
645.4000000000001,14,15,14.692874501549742,16.114461994415915,14.87570121092561,16.093085479845737,2.3542477087645826,3.306119417502361
645.6,14,15,14.688340088909547,16.113856473767903,14.591206645094292,15.985096181766819,2.4542680524691334,3.406119417502327
645.8000000000001,14,15,14.684824930412175,16.113871237097324,14.582517138609733,15.98060853922444,2.433996941681109,3.367476630756811
646.0,14,15,14.679910928633367,16.112717155759004,14.723235832530479,15.956727899612973,2.3659275427989424,3.2674766307568452
646.2,14,15,14.674967222217827,16.110307464992765,14.80090295781364,16.186371983687813,2.4065994837610396,3.173111775069183
646.4000000000001,14,15,14.669505229997462,16.106653698642653,14.795437058048266,16.140799659842205,2.309828339701148,3.073175030653608
646.6,14,15,14.662931906641512,16.102009451671435,14.778555579384125,16.089843497393677,2.3304425393973016,3.0412487318557218
646.8000000000001,14,15,14.656266016423382,16.097888857743854,14.742825133329719,16.029584016817264,2.244497358045863,3.1404469852469084
647.0,14,15,14.648944188197518,16.094988090719095,14.583519612140272,16.063897979590053,2.3030500575983432,3.2282015559615225
647.2,14,15,14.642748421232513,16.092073756057008,14.813952683127106,16.209430958889744,2.302229771701688,3.157386501370915
647.4000000000001,14,15,14.635635283283468,16.08807996141243,14.63930166704664,16.191553357705956,2.2984208836039235,3.0578648949409266
647.6,14,15,14.629687779602879,16.083843895013292,14.47461882660037,16.06786812445514,2.3984208836038894,3.1399501214191465
647.8000000000001,14,15,14.625352873698112,16.08012489884154,14.583167650466157,16.09793665957489,2.4983713676189327,3.090225850757763
648.0,14,15,14.621059788896734,16.075830189882456,14.832570550987754,15.982518569586167,2.4044359363025762,3.1309894417211948
648.2,14,15,14.615279126532602,16.072480725023112,14.65936775822345,16.039375260106123,2.3783399387584305,3.156027776090002
648.4000000000001,14,15,14.610054967908399,16.06916920591356,14.435619216572764,15.828658001280731,2.3807094703938207,3.218478922902058
648.6,14,15,14.60475612760105,16.066788537711723,14.702177665869335,16.106088153887708,2.4353134439406614,3.228400967656829
648.8000000000001,14,15,14.599154652420193,16.06350533274114,14.842022624127678,16.193195767096043,2.3371627236648074,3.1284009676568063
649.0,14,15,14.591842057717157,16.059209968751436,14.861076427303015,16.002146713894412,2.2371627236648415,3.1072051224756363
649.2,14,15,14.583695496056604,16.054392547754706,14.470510916128061,16.084180196370987,2.282178500309267,3.010655900851415
649.4000000000001,14,15,14.577039165754051,16.049183832847774,14.561943053015757,15.987422265885979,2.3821785003092897,3.0789429568706064
649.6,14,15,14.571997359027014,16.0450069932001,14.630901586840917,16.010582016661925,2.4821785003092556,3.10536596936618
649.8000000000001,14,15,14.568568227323647,16.04105685621402,14.464841648995115,16.087311437499004,2.5821785003092783,3.183787640397611
650.0,14,15,14.566750080663926,16.03751571021738,14.416334749132135,16.109968898683245,2.682178500309244,3.1225980768723445
650.2,14,15,14.565918560167882,16.032754098305944,14.589920764770884,16.09440282103308,2.6603740611824964,3.0225980768723217
650.4000000000001,14,15,14.563611965958543,16.027403012003617,14.62924995819042,15.944511209260458,2.5603740611824737,3.069371234144316
650.6,14,15,14.55984384975187,16.023204663895346,14.420620826625589,15.98282469334981,2.5395248037437343,3.1693712341442817
650.8000000000001,14,15,14.556939614023626,16.01976602290113,14.471771178751581,15.833288465552373,2.58125035775753,3.177960671027041
651.0,14,15,14.553158152384894,16.01685524735796,14.61708349662251,15.935621342168739,2.481250357757564,3.2744770195048294
651.2,14,15,14.54769604564915,16.01405876836031,14.588626207048021,16.04408262894656,2.4058349397546617,3.1857057488440765
651.4000000000001,14,15,14.541323059514013,16.00998733908523,14.506869104038662,15.978362887363902,2.3454833392323553,3.085705748844054
651.6,14,15,14.533500832851844,16.004695250776052,14.734645601584564,16.143184320604604,2.246130086771994,3.0287070303387735
651.8000000000001,14,15,14.525329443223852,15.999518172967862,14.531918064293516,16.059664244242832,2.3267099289476114,3.0539890796423883
652.0,14,15,14.518762081665589,15.993960421681088,14.460310470496408,15.98466588572601,2.4267099289475773,2.9891992967266856
652.2,14,15,14.513706569178328,15.988543853446128,14.623920034639562,15.926230600655053,2.477165570293922,3.0853707670327717
652.4000000000001,14,15,14.509250668806319,15.983756503713785,14.498604318839893,15.930972347880603,2.558676536729216,3.0460016269098182
652.6,14,15,14.505670021458005,15.978876737740041,14.554911163367613,15.965970707337558,2.526886207347505,3.129806575294158
652.8000000000001,14,15,14.500570939330652,15.975229567475479,14.681470966661633,16.02292746952407,2.4268862073474824,3.22933563057939
653.0,14,15,14.494069260844803,15.971590792373041,14.460663417534882,15.966039004689595,2.4117998287211746,3.132174749215017
653.2,14,15,14.48864089260262,15.967182065124463,14.479427181192667,15.92237555144876,2.5117998287211973,3.147025602501174
653.4000000000001,14,15,14.484833787846346,15.963691997897548,14.383642105162608,15.96318483102063,2.61179982872122,3.2467894432695585
653.6,14,15,14.48264811722495,15.960625495870744,14.508410619683174,16.066407529055883,2.711799828721186,3.1853113004186264
653.8000000000001,14,15,14.48207678316108,15.95655620775273,14.304390796844599,15.874726986361415,2.8117998287212087,3.1680963682246666
654.0,14,15,14.481855787659793,15.953128625037836,14.597142293150858,15.84594386754314,2.7378389107819934,3.200950802391258
654.2,14,15,14.479947085389611,15.949032341548548,14.520170950838313,15.991665947522455,2.6378389107819706,3.101279128616987
654.4000000000001,14,15,14.476466893421996,15.943670723858355,14.397844998656577,16.042589740144734,2.5967489415401177,3.0012791286169644
654.6,14,15,14.472521126001896,15.937125210004046,14.661655367608928,16.03613240871535,2.5236338697716088,2.9519665185194555
654.8000000000001,14,15,14.466886299633126,15.930225067936856,14.512508981043974,15.98497432414576,2.4242785867660595,2.8826367299095925
655.0,14,15,14.459558344359637,15.923077010306631,14.619518656320615,15.85494668543171,2.325034030304706,2.9602448996399926
655.2,14,15,14.451196843154571,15.917152130572127,14.454312383108062,16.08356599754493,2.3523144664613826,3.0602448996400153
655.4000000000001,14,15,14.44424289569086,15.912464769489036,14.356930455520233,15.675238943952012,2.4523144664614054,3.160244899640038
655.6,14,15,14.438867295909095,15.908961998867683,14.43137276609869,15.858473554209525,2.517255560244744,3.218608338251973
655.8000000000001,14,15,14.434151272098715,15.905952586970525,14.30173976547415,15.825692175368024,2.588903272229943,3.2950217423942934
656.0,14,15,14.431032625700247,15.903305251545556,14.351928205804125,16.14722387225957,2.688903272229909,3.2293112578014145
656.2,14,15,14.429111779079026,15.899444612710218,14.357636316778972,15.925799353151518,2.6879166036422806,3.1510803308244237
656.4000000000001,14,15,14.425889303065857,15.894835123226414,14.412101289934647,15.950163114459066,2.587916603642258,3.0725999180738732
656.6,14,15,14.421667697909703,15.889435270699803,14.477980241001124,15.984306837846276,2.618644201392946,3.0936032124074826
656.8000000000001,14,15,14.418865078897197,15.884579226538232,14.407412269158954,15.986776610336344,2.718644201392969,3.066335207538521
657.0,14,15,14.417675680721016,15.878748366866123,14.376226368572949,15.884986236460474,2.8186442013929347,3.0276662864251858
657.2,14,15,14.417336039114746,15.873571137117203,14.517115436537997,15.803624132627872,2.783731129835534,3.1276662864252085
657.4000000000001,14,15,14.415997009046105,15.869648586821508,14.381575602579696,15.78659728598752,2.7975070953206504,3.2276662864252312
657.6,14,15,14.415008209267624,15.86608310926721,14.450245348368192,15.94147853385217,2.7456624146500617,3.158830085951373
657.8000000000001,14,15,14.412406471662445,15.861926825332981,14.543170856792662,15.767503063296708,2.645662414650039,3.201429772516633
658.0,14,15,14.408671290735045,15.858044431624005,14.347842513638886,15.970532036638755,2.6605923718961955,3.134971936339795
658.2,14,15,14.404909258117225,15.85320404019613,14.442741047787635,15.88049417172774,2.5937136746145435,3.1277514970626568
658.4000000000001,14,15,14.401296291842662,15.849250706822664,14.232151106535252,15.782112388402384,2.692090884211805,3.2277514970626795
658.6,14,15,14.398629970559865,15.846212900241772,14.60970679414029,15.882235210975141,2.6641490065725417,3.2247881428506355
658.8000000000001,14,15,14.394479313411395,15.842206280220296,14.58250670237961,15.875526146961258,2.564149006572519,3.124788142850613
659.0,14,15,14.389301270256707,15.837412395866997,14.286626953496286,15.66918157757465,2.591392808222575,3.148245553717228
659.2,14,15,14.385531814015243,15.833427341448644,14.324289327655688,15.924723406528788,2.6913928082225977,3.1582896038269137
659.4000000000001,14,15,14.383387197869661,15.828561285462444,14.27712480105789,15.872026518237062,2.7913928082226205,3.058289603826891
659.6,14,15,14.38243306728759,15.822584649039408,14.505250438205001,15.782894420304519,2.7904781977676154,3.0261021587098234
659.8000000000001,14,15,14.380254670000697,15.817317270416389,14.38767775239827,15.760390376900423,2.734418695906831,3.126102158709846
660.0,14,15,14.377062907264975,15.813265624912665,14.48483546861037,15.81560019059316,2.6371738833931366,3.191656767267751
660.2,14,15,14.372172084457173,15.80881102020479,14.35075567986101,15.856552538043587,2.537173883393114,3.0916567672677284
660.4000000000001,14,15,14.365581792312673,15.803090746045706,14.359094471525781,15.93194609047401,2.437173883393091,2.992828981594589
660.6,14,15,14.358023840257081,15.797345104038548,14.425924258699782,15.760776212215495,2.4697018004140876,3.0905372527397192
660.8000000000001,14,15,14.351909593466935,15.792056242464396,14.516118272426882,15.866545820046163,2.5697018004141103,3.032192694018652
661.0,14,15,14.346640406256434,15.786110506710111,14.490258897771106,15.680018558030566,2.5326240832402993,3.064737429156717
661.2,14,15,14.34035911321143,15.781269695593666,14.375985784839155,15.653711375679366,2.5445068281031205,3.1647374291567396
661.4000000000001,14,15,14.335389937115824,15.777674837900916,14.321248859045525,15.75247326169072,2.644506828103143,3.2647374291567623
661.6,14,15,14.332058383276092,15.774479987107268,14.328436136341463,15.686948866376282,2.744506828103109,3.20044400508326
661.8000000000001,14,15,14.330139430033647,15.770561337284853,14.365706547950753,15.80018592088542,2.8132509297352746,3.2256887701066823
662.0,14,15,14.328478102509983,15.767719707137182,14.275434255869408,15.650867844327779,2.780587391769932,3.325688770106648
662.2,14,15,14.32565497298535,15.765678394976362,14.483826290296433,15.804699024685421,2.6809111097263907,3.305815509968981
662.4000000000001,14,15,14.321142721357758,15.76257473628647,14.442872362864712,15.770009675080153,2.580911109726368,3.2058155099689585
662.6,14,15,14.316104045794525,15.75820619753307,14.332569878666584,15.800104358398409,2.648178804062324,3.1058155099689926
662.8000000000001,14,15,14.312538971210763,15.752577355971258,14.388815059480738,15.921768447703933,2.69651299913289,3.00581550996897
663.0,14,15,14.309355635860992,15.746562561768759,14.243941423653117,15.693979918352536,2.7643563366352075,3.072248205351525
663.2,14,15,14.307751750062822,15.741498080349931,14.129301491927784,15.875333437483855,2.8643563366352303,3.0791171192647475
663.4000000000001,14,15,14.307295319170668,15.735541757816955,14.314116513894437,15.792992125616124,2.88363740349465,2.9791171192647248
663.6,14,15,14.305929807638632,15.72889131049685,14.332971387421962,15.817137501206352,2.7845719220785843,3.0118128549906786
663.8000000000001,14,15,14.302875514608505,15.722631312441207,14.26518104102788,15.711797238011817,2.7052453350522265,2.9712315981784614
664.0,14,15,14.29901200563334,15.71656889864755,14.32142701481936,15.744972859190366,2.669745540578988,3.0695165197737
664.2,14,15,14.294782887097757,15.711760979599253,14.300317546706404,15.637358850766303,2.67248781865258,3.169516519773723
664.4000000000001,14,15,14.289768615743071,15.708204437295086,14.487559696661586,15.584460976671922,2.574623643896284,3.2695165197737457
664.6,14,15,14.284372420748284,15.705894424574987,14.190764745233892,15.515071240082177,2.6513757795704884,3.3695165197737116
664.8000000000001,14,15,14.280186894658076,15.703647761779976,14.382399050589818,15.747083812561458,2.651368222164065,3.2753872934769874
665.0,14,15,14.275435565625004,15.700138780938907,14.322514588339846,15.932969944745992,2.681311347467444,3.1753872934770215
665.2,14,15,14.272117292547014,15.69544521497334,14.278428669152676,15.67459561073757,2.781311347467467,3.1243064816463506
665.4000000000001,14,15,14.269684590749469,15.691292197426169,14.267048915905363,15.65469691089523,2.7547836373892074,3.2243064816463733
665.6,14,15,14.266302897373928,15.687965314588222,14.313313020890071,15.735712720070449,2.7094840173606056,3.2074558194958276
665.8000000000001,14,15,14.2617051652065,15.683596036424868,14.402749149086741,15.658169725931408,2.609725217601719,3.107455819495805
666.0,14,15,14.25615185066416,15.678532692100095,14.196176011718288,15.834807736971047,2.6427433640690436,3.141742067881751
666.2,14,15,14.252020512219486,15.67378578538587,14.379285355748669,15.746449896970304,2.7164977306234475,3.082123981349681
666.4000000000001,14,15,14.24868838410118,15.66832196034889,14.152477977264457,15.80788446500622,2.7891150208165727,3.1066679520344853
666.6,14,15,14.24695364346184,15.66312372384765,14.077354726099433,15.74919107130362,2.8891150208165386,3.045624792022728
666.8000000000001,14,15,14.24683998589583,15.656726467719123,14.14107125660851,15.747316366320923,2.9891150208165613,2.945624792022705
667.0,14,15,14.248062084281488,15.64923210235246,14.274734963644557,15.639808508546851,3.0079881027972495,2.9131810334098116
667.2,14,15,14.248151640374886,15.642459498750588,14.291492207681808,15.697412715094964,2.9099078181071505,3.0131810334098343
667.4000000000001,14,15,14.247568285711544,15.636890818062668,14.27169460616499,15.693325657140832,2.9346119422572245,3.068164021067077
667.6,14,15,14.246360349197348,15.630962021735183,14.372409749315205,15.735735326636375,2.8354871342205032,3.0282563060474073
667.8000000000001,14,15,14.243448073004132,15.625661801938172,14.339955873142381,15.580013507576504,2.7354871342204805,3.12817903814676
668.0,14,15,14.239520410346802,15.621470141482927,14.177179499615614,15.572220580547267,2.763129253372913,3.1597513344843056
668.2,14,15,14.236621858133994,15.61772043756853,14.366735018882135,15.599810454703551,2.766076963102013,3.2513060772069466
668.4000000000001,14,15,14.23365942938527,15.61514009009791,14.152115339686235,15.525166739996518,2.8345334394321853,3.3179026837126293
668.6,14,15,14.231859145687327,15.612258518265755,14.201238189797945,15.551272117635982,2.8316391129561946,3.2207192053219433
668.8000000000001,14,15,14.22972324807873,15.608291045239291,14.152533996207529,15.596063486018886,2.883714283559146,3.1731813156178563
669.0,14,15,14.228497705089907,15.604811482234956,14.346097451770447,15.472156175457677,2.8607409198790066,3.27245998964405
669.2,14,15,14.225831265427956,15.60242098354463,14.349191703648414,15.575608947227986,2.760740919878984,3.2991343291195143
669.4000000000001,14,15,14.22261732744585,15.599276999266435,14.29164306123248,15.674046511038181,2.825851635564166,3.1991343291194916
669.6,14,15,14.220601457931878,15.594879266327565,14.192226810773409,15.613023048932922,2.8292446498020984,3.0991343291195257
669.8000000000001,14,15,14.21852355773551,15.589958977303024,14.1456237527007,15.486884142753194,2.8981650061629867,3.1513893629193226
670.0,14,15,14.218038077796464,15.58596090569112,14.19348561019476,15.668627072152745,2.9981650061629526,3.1587724986082453
670.2,14,15,14.217879357968966,15.581078893647101,14.16967481855264,15.676160948330557,2.9212468078655314,3.0587724986082225
670.4000000000001,14,15,14.216965269073917,15.575901537523372,14.065294498532664,15.405517744008954,2.9703370216835463,3.132749565617199
670.6,14,15,14.217169024210639,15.571969362549005,14.195109201681882,15.446812093165349,2.9718819423112404,3.2327495656171648
670.8000000000001,14,15,14.216455411116243,15.568792404923505,14.166674938599261,15.82515323959949,2.9632131062304357,3.2054338884068034
671.0,14,15,14.215706735159868,15.56460579190236,14.224742962704935,15.573191145664644,2.8949176670474457,3.1536278512490035
671.2,14,15,14.213305142719932,15.560140822652862,14.277354040741724,15.691008322875408,2.794917667047423,3.09229769109885
671.4000000000001,14,15,14.210353951219691,15.55447143459344,14.172779573589303,15.662538095050312,2.860757978535556,2.9922976910988273
671.6,14,15,14.208849351810697,15.54755504128329,14.282057599588097,15.682327667363703,2.9088289695196594,2.892246213963039
671.8000000000001,14,15,14.206574256991914,15.540611782219482,14.266708333907163,15.54979843951804,2.8092876826350426,2.9891391073191977
672.0,14,15,14.203035852259028,15.534931849093761,14.264231128379782,15.48180811624576,2.7762420801873517,3.0891391073191636
672.2,14,15,14.19887208724866,15.530511199725598,14.238088796925597,15.42019181624879,2.72121512991101,3.1891391073191864
672.4000000000001,14,15,14.195003563871078,15.52716617857798,14.24366775762316,15.542956132253114,2.8183245646277797,3.2136396224081225
672.6,14,15,14.192781479804873,15.524196421554016,14.073883058874687,15.442554916046095,2.9183245646277456,3.3042824273019815
672.8000000000001,14,15,14.19181022139531,15.52163458686919,14.155494747462312,15.541828129507174,2.920902284451389,3.239858080504233
673.0,14,15,14.189839084642392,15.518499170694858,14.20342795248278,15.493750567730212,2.8979854280414243,3.2822883893289325
673.2,14,15,14.188883544915921,15.515567680723516,14.089191398499509,15.739104382674553,2.997985428041447,3.2081330246929727
673.4000000000001,14,15,14.189565300032724,15.5115160019014,14.00930000830561,15.39244581282118,3.09798542804147,3.1660342983083822
673.6,14,15,14.191310383773654,15.508048780688908,14.120222684960689,15.491554219060298,3.081233459488006,3.22881725731615
673.8000000000001,14,15,14.191649649320109,15.505136069666015,14.155589034747358,15.532287626683459,2.9812334594879832,3.2877652672825963
674.0,14,15,14.190303753393787,15.503267079023875,14.227783699804956,15.413293792338642,2.8812334594880173,3.387582455219006
674.2,14,15,14.187284434595579,15.502654461125877,14.317751953965507,15.342734838790417,2.7812334594879946,3.487582455219029
674.4000000000001,14,15,14.18293496370973,15.502852946384554,14.109089691328748,15.48372845582234,2.770516428947427,3.4693729729876277
674.6,14,15,14.17971827105432,15.50199905954556,14.212899617768784,15.754281526432855,2.846384371937232,3.369372972987662
674.8000000000001,14,15,14.176117602564311,15.499887218018413,14.299819043578509,15.555360243461516,2.7463843719372094,3.269372972987639
675.0,14,15,14.170842355863144,15.496625409598117,14.39840643737122,15.484913359881578,2.6463843719372435,3.2281800186828455
675.2,14,15,14.164400484818978,15.493074336321973,14.304198808844035,15.68365437606464,2.6556473954578914,3.1575740003625885
675.4000000000001,14,15,14.158256982734882,15.488725773448007,14.274491378101079,15.474015111284093,2.629705726532636,3.1753428149199805
675.6,14,15,14.152654512519018,15.485417065146493,14.177962764770882,15.361759483208145,2.7285385839719454,3.2753428149199464
675.8000000000001,14,15,14.148709163880284,15.483120379237373,14.167580126724468,15.599443201283336,2.828538583971968,3.2876992601228867
676.0,14,15,14.145679694765006,15.479964658640508,14.288175093720922,15.576314800411428,2.7954115865641587,3.187699260122921
676.2,14,15,14.141871788293406,15.47633341915356,13.927075656163526,15.449582435612202,2.8265821454288473,3.2451517712168347
676.4000000000001,14,15,14.139517723420209,15.473903560010866,14.141754715952496,15.399958172628653,2.92658214542887,3.3451517712168575
676.6,14,15,14.13871579091808,15.472733695709513,14.040549211641114,15.385378494349238,2.9774356716369392,3.4451517712168234
676.8000000000001,14,15,14.13719055641931,15.472822866119843,14.255401093240458,15.399385792824983,2.8774356716369165,3.545151771216846
677.0,14,15,14.134004411810533,15.473454138271359,14.259510121844947,15.32028858377239,2.7774356716369506,3.494718170590404
677.2,14,15,14.13052243863281,15.47290143832531,14.06427427814005,15.492195461267874,2.8584476115077013,3.394718170590381
677.4000000000001,14,15,14.12818253986444,15.471515009089648,14.225725330998442,15.36550757933821,2.8484101040698295,3.4107764618033816
677.6,14,15,14.124878768636094,15.471162123780692,14.070647721728527,15.318820156186948,2.8422704946189103,3.5108174775223153
677.8000000000001,14,15,14.122027477959104,15.470855246845154,14.18839086629281,15.468807820272453,2.8083930962336674,3.414759791229535
678.0,14,15,14.118600428606918,15.469299753388857,14.048386497899196,15.412345897790289,2.856090872533762,3.327761397404808
678.2,14,15,14.11668365965991,15.466987915837967,14.073116978598605,15.444713462291165,2.928981215370231,3.2791650279099884
678.4000000000001,14,15,14.11434079660572,15.464899049367924,14.13104781418228,15.456709256154527,2.8306674004250825,3.372331527265402
678.6,14,15,14.111984861997417,15.464063524679519,14.023425910140627,15.474001133829766,2.9288910698193655,3.472331527265368
678.8000000000001,14,15,14.110879608340044,15.463279216923986,14.253218242971744,15.532619930192869,2.9296238315983767,3.376340111832553
679.0,14,15,14.108523727128832,15.461557443863105,14.298719750661197,15.268329819263139,2.829623831598411,3.3765155189893976
679.2,14,15,14.105187837328216,15.460655523018852,14.228427864780176,15.429461964263034,2.8582054441523645,3.4140306467949375
679.4000000000001,14,15,14.102242341353938,15.459090288373355,14.169965865893092,15.486113338387536,2.79868453851988,3.3140306467949148
679.6,14,15,14.098859117289296,15.456268947981942,14.040196971934467,15.48423544241329,2.866017031544997,3.214030646794949
679.8000000000001,14,15,14.096734527338688,15.452195967807121,14.143855912688027,15.57717847533199,2.874945184574636,3.114030646794926
680.0,14,15,14.09474246366124,15.447054770216509,14.032947564838198,15.579178282345792,2.9535458009294517,3.0895922454263616
680.2,14,15,14.094183223769265,15.44187645226846,14.150016075937298,15.42018813437694,2.987191086534046,3.0282264521263578
680.4000000000001,14,15,14.09266967471664,15.43642579873486,14.148959846942608,15.512289603364618,2.887191086534023,3.0995952637417696
680.6,14,15,14.090774045999545,15.431474431853383,14.10026070182607,15.497835631460147,2.9645530404875213,3.0461260019462553
680.8000000000001,14,15,14.0904792988053,15.426322881092476,14.217803412606832,15.358145916345523,3.047797969070533,3.122290718177099
681.0,14,15,14.090119774904954,15.422423436049797,14.144921857974857,15.311879633146516,2.978998803866149,3.222290718177065
681.2,14,15,14.089887812652831,15.419530632402786,14.037344081665308,15.536234002816908,3.0701862452612794,3.2313679747234585
681.4000000000001,14,15,14.091292640794668,15.416786319933756,13.913210045011738,15.36050615907589,3.170186245261302,3.311460297878057
681.6,14,15,14.094209585652658,15.415268594625564,13.96108060491123,15.413601862871044,3.2323389259097546,3.379533176396392
681.8000000000001,14,15,14.096632928153907,15.413432438343099,14.062278941948625,15.399761511000644,3.133939907435085,3.303081736880622
682.0,14,15,14.097370333305744,15.410633769783113,14.044161665808838,15.490894343882125,3.033939907435119,3.2046642478909684
682.2,14,15,14.096965006103837,15.407265540507494,14.067081323202311,15.515802090225018,3.0481547129482127,3.2512599901006807
682.4000000000001,14,15,14.09638015790146,15.405073600138028,14.142729047819037,15.360117677359414,2.95715327067214,3.3512599901007034
682.6,14,15,14.09455441747098,15.403576977709479,14.1326817805948,15.399645474632079,2.9586854884281744,3.3170989025983126
682.8000000000001,14,15,14.093968193577583,15.401879531719878,13.933190110025432,15.275674678839911,3.0447744164791137,3.38763484721489
683.0,14,15,14.094297304771542,15.40141767323782,14.107158125159195,15.392469654246106,3.0856572727132723,3.487634847214856
683.2,14,15,14.09419756560068,15.401652297065066,14.100681723252857,15.285888299042382,2.987936047754742,3.4655117544018386
683.4000000000001,14,15,14.093320545505314,15.401354229132913,13.964148934510174,15.332602631308331,3.034028662771406,3.436282294712428
683.6,14,15,14.09398148859818,15.40026509720621,14.059034581320812,15.539304666781058,3.134028662771372,3.336548781854363
683.8000000000001,14,15,14.095278687339242,15.397948253496926,14.11784517242697,15.322611141032558,3.0782145963556657,3.2597805923632355
684.0,14,15,14.09604668077107,15.395715614972307,14.027088259523536,15.489129681191878,3.1386717328805,3.3020618263742216
684.2,14,15,14.098078490086374,15.393009254778416,14.11161645712212,15.372474419504222,3.151669470422249,3.2049732191049207
684.4000000000001,14,15,14.09953968253622,15.39006849442407,13.98449027019753,15.33648484082656,3.170477158491321,3.2838741362586004
684.6,14,15,14.101024143761773,15.388161896378959,14.05186153079187,15.37745828542342,3.0907014949186506,3.321319848768971
684.8000000000001,14,15,14.100844543500937,15.385718452849234,14.231380942185496,15.520038731618763,2.990701494918628,3.222690950509734
685.0,14,15,14.098983902026456,15.38279921140343,14.323169983110422,15.376951006006264,2.890701494918662,3.2794884441502004
685.2,14,15,14.095864747292273,15.380954570339838,14.143762295309099,15.456443637140879,2.890479052211517,3.3165620235753672
685.4000000000001,14,15,14.093986035560377,15.378447453037118,14.085460682567195,15.421054059450482,2.9904790522115396,3.2165620235753445
685.6,14,15,14.093755126773356,15.374692627167331,13.980017715109655,15.450888309773575,3.0904790522115055,3.1165620235753786
685.8000000000001,14,15,14.094676118281656,15.370012714238491,14.04003684568222,15.340117361421427,3.0826008443595656,3.1168088428813947
686.0,14,15,14.095102064180248,15.366291016705647,14.063508391289925,15.418813954956217,3.1250950780490223,3.2168088428813606
686.2,14,15,14.096856969897141,15.363831563194305,14.02049371160798,15.355284219319305,3.1602389091819223,3.303203130474878
686.4000000000001,14,15,14.09768790394551,15.361513641020055,14.122862007189559,15.398247402194777,3.0602389091818996,3.2502454303174684
686.6,14,15,14.097056017830445,15.359480297721722,14.124949008672044,15.321152519890855,3.0325129124605716,3.3482262547456387
686.8000000000001,14,15,14.096098165453254,15.358070732273415,14.264860887054567,15.365288448309396,2.955597054678114,3.305660174855211
687.0,14,15,14.093653320139534,15.35551299855313,14.199167683625138,15.4292903146039,2.9182118206620085,3.205660174855245
687.2,14,15,14.090887919002169,15.352454590175642,14.153078671575775,15.363709068049143,2.8492559190005053,3.2400733440875547
687.4000000000001,14,15,14.087563065733713,15.350317690151995,14.049700818103583,15.333151519561895,2.9097572898500546,3.3386039201517743
687.6,14,15,14.085835402686634,15.349279581961685,14.14606061392291,15.324945572486037,3.0097572898500204,3.405212239110818
687.8000000000001,14,15,14.085770585759615,15.349239998236033,14.082575250423456,15.259692204612751,3.109757289850043,3.505134023341269
688.0,14,15,14.086514697372147,15.350404763176691,14.136431354541797,15.290444606839635,3.066492959156502,3.5629895988273566
688.2,14,15,14.085734792045802,15.351339644420309,14.158199783199086,15.282150834807702,2.9664929591564793,3.5195508409457146
688.4000000000001,14,15,14.084041372425428,15.35149749878899,14.095060081071228,15.362828806373143,3.0002918188014185,3.420204601382656
688.6,14,15,14.08372372917159,15.350521411181756,14.148080089255329,15.257373933058435,3.050001974009889,3.381693758713781
688.8000000000001,14,15,14.082667898957629,15.349275195168365,14.216871674087555,15.348101680235553,2.9500019740098664,3.3098018661093263
689.0,14,15,14.079965640776642,15.34682438095229,14.183005335101262,15.281862151789136,2.8705147087747034,3.2285370781582965
689.2,14,15,14.077385480753456,15.34418003005892,14.116251655516788,15.481054344833343,2.9492130130438396,3.264000937892087
689.4000000000001,14,15,14.076288579180154,15.341907498984984,14.063261274403745,15.279704676478472,3.0490204453799983,3.2856690368126347
689.6,14,15,14.075939901467997,15.339176808110604,14.050845695704467,15.27900066249109,3.001780693174824,3.1879149751736513
689.8000000000001,14,15,14.0751333204752,15.336006150533176,13.985662416677153,15.238154813900008,3.064796006850539,3.248155580298162
690.0,14,15,14.075231834135932,15.33358897092014,14.088437348276504,15.350415042085725,3.0633426318190726,3.226778504619733
690.2,14,15,14.075444561169455,15.33058471910281,14.0821746773954,15.319218104030613,3.1025081554003267,3.248320116085897
690.4000000000001,14,15,14.076811629474438,15.32841959774069,14.075102447424806,15.36435362962921,3.2019226121670537,3.261885661209793
690.6,14,15,14.079757254632298,15.32619172940558,14.09589230763298,15.237013740254344,3.26229214335218,3.318581679807087
690.8000000000001,14,15,14.082088360426878,15.324361765483406,14.163658642879698,15.315052023999453,3.162292143352157,3.266409796275751
691.0,14,15,14.082735509633926,15.321447635225283,14.174398421076198,15.352281826798512,3.0622921433521912,3.166364091693933
691.2,14,15,14.081697865221944,15.317995999498432,14.138280684125998,15.383036148706557,2.9622921433521685,3.216446159522391
691.4000000000001,14,15,14.078982800744964,15.315311782652795,14.185333727033292,15.346588845482449,2.8622921433521458,3.2012678483476216
691.6,14,15,14.074875699190937,15.311599840544478,14.220747265400291,15.376520746403324,2.844468658680172,3.1012678483476557
691.8000000000001,14,15,14.071841826267521,15.3072103760509,14.205549044835756,15.303882105060948,2.944468658680195,3.136501159516727
692.0,14,15,14.070456653965847,15.303952579755407,13.929766222278436,15.282570855045241,3.044468658680161,3.236501159516693
692.2,14,15,14.07072260800392,15.301960114793033,13.968374221251258,15.165678080893418,3.1444686586801835,3.3365011595167156
692.4000000000001,14,15,14.072642146014926,15.301232191926882,13.99035764862454,15.260825680217062,3.2444213597454796,3.4287564100406045
692.6,14,15,14.0746218762083,15.300421870488385,14.009717885270984,15.229577611730914,3.1487668807531572,3.3288019512999925
692.8000000000001,14,15,14.074927163807965,15.299247528385832,14.160930249706457,15.170634138441134,3.0487668807531345,3.396356904326613
693.0,14,15,14.073565404215755,15.299301168942877,14.214955474084435,15.264820971419159,2.9487668807531686,3.496356904326579
693.2,14,15,14.070964312866806,15.299429494338149,14.046113967215206,15.540756261124855,2.94896699913968,3.402470632338077
693.4000000000001,14,15,14.06961726280442,15.298701396491614,13.917566895662992,15.100631304544773,3.0489669991397026,3.4150481588431396
693.6,14,15,14.069934427136051,15.29869139033224,13.93173607868103,15.444327182161512,3.1489669991396685,3.416893046631991
693.8000000000001,14,15,14.070961758502634,15.297758937615264,14.108977340409002,15.293191590150938,3.097920198125973,3.3168930466319684
694.0,14,15,14.070414971343043,15.29642057231008,14.119187526343675,15.339165690004396,2.9979201981260073,3.380583509981934
694.2,14,15,14.068240793624609,15.295688894940016,14.062079783671503,15.272417763730816,2.9202091757220248,3.3411796931515765
694.4000000000001,14,15,14.064751626744027,15.293898976019877,14.157426330360213,15.40017916368779,2.8212321724566896,3.2689058779922595
694.6,14,15,14.060375670778463,15.29148820966212,14.068626006061903,15.190977399202687,2.8579700247193633,3.228183714937466
694.8000000000001,14,15,14.057495061572327,15.289385423740285,14.001306866547118,15.27209072771249,2.957970024719386,3.322640932083388
695.0,14,15,14.055755902174258,15.288539218276183,14.158341099998676,15.308023601472183,2.946079139120171,3.422640932083354
695.2,14,15,14.053156335549918,15.288609897198768,14.015449797430783,15.301820246406512,2.9529985623568127,3.418817710600045
695.4000000000001,14,15,14.050926056657785,15.288746028329161,14.083639646106533,15.264603867283785,2.9026645222349448,3.499944325693922
695.6,14,15,14.047955064613515,15.289604771401939,14.001613579338038,15.126564290219445,2.9420300616600836,3.4925475059861513
695.8000000000001,14,15,14.046505781521489,15.289634074335707,14.037953488622861,15.235006032052077,3.0420300616601064,3.3927908854762494
696.0,14,15,14.046719890960214,15.288411782986667,14.011911429407704,15.269105438534254,3.1420300616600723,3.2927908854762835
696.2,14,15,14.048053819975404,15.286016443665217,14.062855365909616,15.265966918008273,3.12912660934216,3.2406915929529596
696.4000000000001,14,15,14.048501488555903,15.283439768343092,13.928271131904806,15.281478933252112,3.1197474541052004,3.189010042008776
696.6,14,15,14.04995498242519,15.279694035272115,13.823109914116456,15.40843109582576,3.2195409676849494,3.0890100420088102
696.8000000000001,14,15,14.052705525089458,15.275499071834007,14.112517996265973,15.181878409901454,3.2295516233889785,3.1473854854504406
697.0,14,15,14.054266818654703,15.272222577119537,14.198206415895045,15.446118003765799,3.1295516233890126,3.1495034829142683
697.2,14,15,14.054141515612564,15.268924988398032,14.17517121300122,15.240587432626894,3.02955162338899,3.2181638434507023
697.4000000000001,14,15,14.052337731807723,15.266182068569101,14.032987873305002,15.317959729053227,2.929551623388967,3.171177228408429
697.6,14,15,14.049937648990173,15.262958091037124,14.112618188570043,15.359135486551118,2.99049419939246,3.2184598593568126
697.8000000000001,14,15,14.049127547994031,15.26082968927159,14.024163559772573,15.219321815647506,3.0904941993924826,3.2682574437964145
698.0,14,15,14.049971225631174,15.258880097874094,13.888694029925713,15.180235988623576,3.1904941993924485,3.298791802549993
698.2,14,15,14.052134205431193,15.257178904032434,14.048184901729325,15.255273858221997,3.2013078735857543,3.2872238174536696
698.4000000000001,14,15,14.053127917540353,15.2551007312822,14.112241755459179,15.175111779633573,3.1013078735857316,3.2379722169879313
698.6,14,15,14.053051984689434,15.25311263091711,13.907728216152417,15.301162764687737,3.122193305654856,3.306453777234022
698.8000000000001,14,15,14.053977805133389,15.252218579828583,14.009699519328194,15.252107760937069,3.1249823640453447,3.4060719614772954
699.0,14,15,14.053674627880682,15.251623139169832,14.096083167464394,15.27028575592615,3.024982364045379,3.330817194185114
699.2,14,15,14.052689140747349,15.249795962989749,14.00994106403253,15.387864461088764,3.0788858728324273,3.230817194185091
699.4000000000001,14,15,14.052433579086024,15.247138166929712,14.064941093942245,15.24863180977917,3.037392942845085,3.246034246201302
699.6,14,15,14.050879992873332,15.245517832304603,14.039785241207575,15.005752536942639,2.9951749584322793,3.3460342462012678
699.8000000000001,14,15,14.050049461632675,15.244984483410759,13.828648509482763,15.331145425990641,3.094878934741934,3.371887294523538
700.0,14,15,14.050720442211103,15.243698802576032,14.065944136698612,15.37554756075883,3.133088831375795,3.271887294523572
700.2,14,15,14.051845349789968,15.241243409101713,13.949850157033124,15.297805453041624,3.2122127068420676,3.2208795422588796
700.4000000000001,14,15,14.053579826881364,15.238370232425694,13.95572805657893,15.30296111998825,3.155887724811406,3.1449920346812736
700.6,14,15,14.053714573337373,15.235084903977643,14.018696560989007,15.22150832590205,3.068316505516199,3.205731291160457
700.8000000000001,14,15,14.053745300581479,15.233017200029614,14.001319430261724,15.09063893773528,3.130343056358025,3.30573129116048
701.0,14,15,14.055084473681006,15.232215079326327,13.996419685903627,15.067507217556331,3.2300787445853705,3.405731291160446
701.2,14,15,14.05672874288146,15.23202810646555,14.08732579844233,15.294395089156305,3.149753036839048,3.361763309799977
701.4000000000001,14,15,14.056718393099164,15.230691830030441,14.197228451778065,15.362393238020505,3.049753036839025,3.2617633097999543
701.6,14,15,14.055321757963899,15.228106008285726,13.991639173854015,15.337333635297536,3.0327681496136254,3.1617633097999884
701.8000000000001,14,15,14.054783262512107,15.224294790577703,14.109894127741443,15.259588243288595,3.059748476746502,3.088155649015221
702.0,14,15,14.05444608777689,15.220322752938399,13.951680518486516,15.203870683458502,3.130603827359815,3.101312370211793
702.2,14,15,14.054331023620456,15.217003032846398,14.259561319685751,15.215620277015816,3.048141606035788,3.2007390800664024
702.4000000000001,14,15,14.052551379519779,15.214434823395118,14.141791937323587,15.391362144247362,2.9481416060357652,3.17295258169825
702.6,14,15,14.049914341079258,15.21090188669909,14.058762585359712,15.222166493265512,2.988181598644502,3.1354683250836604
702.8000000000001,14,15,14.048741352757508,15.208038317967532,14.01865571083649,15.042908554194355,3.0718625563707804,3.235468325083683
703.0,14,15,14.04736196239141,15.206437889256541,14.14080612245983,15.230799871856343,2.9740415491555097,3.335468325083649
703.2,14,15,14.044320418852893,15.20609505768486,14.061688503485758,15.114401728040713,2.874041549155487,3.4354683250836717
703.4000000000001,14,15,14.039628724109923,15.207003137136102,14.123582026535717,15.034429838006648,2.774041549155464,3.5354683250836945
703.6,14,15,14.03423902921466,15.209077231868635,13.846688057146388,15.141744053389877,2.8243632486403,3.5866767703707745
703.8000000000001,14,15,14.030438762249311,15.210607000695783,14.124275402201532,15.29697322887152,2.9243632486403226,3.4867159564457744
704.0,14,15,14.027846928200576,15.21087588998049,14.080618872205434,15.422797135263517,2.941247181665667,3.3867159564458085
704.2,14,15,14.02598194747741,15.209891600486344,14.00788587209864,15.181595582716547,3.0392250057444294,3.296926638113515
704.4000000000001,14,15,14.025777335765818,15.20787521652192,13.843717860224228,15.317071157601013,3.139225005744452,3.204569374126383
704.6,14,15,14.026439606339968,15.204615897237016,14.039219516126387,15.398004355958424,3.1021340625876617,3.104569374126417
704.8000000000001,14,15,14.026313503512524,15.20070645903387,13.878627634840692,15.255556556349978,3.134772794730396,3.142022420809422
705.0,14,15,14.027643492251872,15.197943431736176,14.048722906716186,15.193568332896923,3.234772794730362,3.2420224208093877
705.2,14,15,14.030358807028643,15.195988394586964,13.959992856698644,15.280208999803676,3.255547579248084,3.2206338074025154
705.4000000000001,14,15,14.031997293511562,15.192986917794096,14.027774710479644,15.352599224020983,3.1555475792480614,3.1206338074024926
705.6,14,15,14.032793123911143,15.18938112167587,13.875933722085037,15.169830804418291,3.197920543057711,3.1631121193214407
705.8000000000001,14,15,14.034438887419077,15.186942014499403,14.031458613472845,15.03420951956667,3.172553063125081,3.2631121193214634
706.0,14,15,14.03464132541833,15.185679803738358,13.99747278849413,15.26977477692592,3.072553063125115,3.3094829425706793
706.2,14,15,14.034653015543801,15.183901125518565,13.874624957142094,15.253633212968163,3.1611105589008166,3.2434509694363367
706.4000000000001,14,15,14.035835638276684,15.182492727371173,13.968847834964327,15.087532131988118,3.1540108880784357,3.342896847757648
706.6,14,15,14.035707886976422,15.182348480439249,14.160929737540032,15.06935018991193,3.0540108880784698,3.442896847757614
706.8000000000001,14,15,14.033928933400817,15.183461822345695,14.038577937549505,15.058128968768129,2.9609923293081355,3.542896847757637
707.0,14,15,14.03226454267118,15.185357048789523,13.843404037091013,15.231501319665245,3.0602107397552043,3.520472001671021
707.2,14,15,14.032277748700762,15.186184712618376,13.914158438071327,15.213899626932797,3.160210739755227,3.420472001670998
707.4000000000001,14,15,14.033942074248559,15.185927081541468,13.968853953541204,15.172367054933243,3.242017347970607,3.378397277552636
707.6,14,15,14.03531230860124,15.185766056029399,13.90388058720211,15.122453505807142,3.1420173479706413,3.40235057775487
707.8000000000001,14,15,14.035018276354435,15.186369026534756,14.034662532317565,15.04074274257871,3.0420173479706185,3.5008670974801084
708.0,14,15,14.03388987458244,15.187203222200912,13.909844278574061,15.268126831420929,3.0824482643786935,3.4202139130508775
708.2,14,15,14.034273695258664,15.186806305948652,13.950735773323023,15.136134088802864,3.167866754436488,3.3382817604416277
708.4000000000001,14,15,14.034753050055265,15.186557503402813,14.0511711287649,15.15281156003845,3.118895740063313,3.4188929611529635
708.6,14,15,14.03573105990085,15.186687196414805,13.879495570290466,15.116384842740532,3.2177978970361822,3.401064002680791
708.8000000000001,14,15,14.03837127695838,15.187302052191223,13.86330682693768,15.076328860616028,3.317797897036205,3.4999186266575846
709.0,14,15,14.041705587443623,15.18885162745958,14.061772691076685,15.19928441097332,3.265210672945905,3.497233284390606
709.2,14,15,14.043469328782068,15.189726225876202,14.164706513718736,15.08710370672107,3.165210672945882,3.4908432220520935
709.4000000000001,14,15,14.04392688074861,15.191505262045139,13.973670540170925,15.018987634737655,3.157370628446798,3.5908432220521163
709.6,14,15,14.044526602281742,15.194085573810243,14.12929820778826,15.143274581668933,3.09844217153687,3.570375731822933
709.8000000000001,14,15,14.043545378190244,15.195607615689509,14.099645197947941,15.098818378835192,2.9984421715368472,3.4703757318229105
710.0,14,15,14.041164407043317,15.195871106540245,14.08723183813581,15.270676830919452,2.97646931564823,3.3703757318229446
710.2,14,15,14.039070086445793,15.19588445116583,14.024342291267379,15.028040305752896,2.9585778087009404,3.4494917828274323
710.4000000000001,14,15,14.037402618109876,15.197085682161061,13.899495506075318,15.212543763023737,3.0554461249141394,3.508777010075392
710.6,14,15,14.036420774577822,15.198128752804536,14.14529501606129,15.186964629469074,3.001272294807026,3.498781001052298
710.8000000000001,14,15,14.03424674963585,15.198768359291856,14.062849231503257,15.282838370394074,2.9960157805177348,3.400933490135277
711.0,14,15,14.03328190918914,15.198151483245102,13.920419042036446,15.137617083039038,3.0960157805177007,3.300933490135311
711.2,14,15,14.033255602306362,15.196925761034873,14.14882831164535,15.185100786435898,3.064369088548558,3.343917236519853
711.4000000000001,14,15,14.031757408438676,15.196857625076259,14.060500338851051,15.16343301362237,2.964369088548535,3.4439172365198756
711.6,14,15,14.02960987403778,15.197230315470076,13.874449262372828,15.241789544669619,3.019894783443001,3.3830102625468585
711.8000000000001,14,15,14.028683323039054,15.196838660505824,14.1278180074955,15.136448550265483,3.0261478530973553,3.401713885818995
712.0,14,15,14.026806480289116,15.19749529891465,14.00382541731333,14.976218750518639,3.002042289449043,3.501713885818961
712.2,14,15,14.025966220907398,15.199383613472353,13.89953200436079,15.125862766070691,3.1020422894490656,3.5754921507278263
712.4000000000001,14,15,14.026128440885604,15.200963808638384,14.064433340300335,15.239985049881035,3.0748140440295764,3.4754921507278036
712.6,14,15,14.026391980532194,15.201289519122943,13.880443812846627,15.361890508544006,3.1670785361614153,3.3754921507278377
712.8000000000001,14,15,14.0280559308764,15.200365818399176,13.94529476888658,15.17625508326112,3.1884437292311967,3.275492150727815
713.0,14,15,14.028655637222103,15.1985757135919,14.139373691360976,15.077704393085133,3.088443729231231,3.2854401572145355
713.2,14,15,14.028398191321308,15.19692909133345,13.724487753443269,15.257010363067273,3.128532734193692,3.2195366874064963
713.4000000000001,14,15,14.029566424095856,15.194071922568947,14.000243038016707,15.309940161905777,3.185874302820596,3.1195366874064736
713.6,14,15,14.030413700721695,15.190506451168973,13.98201598471636,15.089452475075268,3.17572094398488,3.150018515156766
713.8000000000001,14,15,14.031036665735506,15.18803601054528,14.156214424263064,15.21711196364821,3.09473646436269,3.2241194660867363
714.0,14,15,14.029998748049188,15.18634531887133,14.144747101352523,15.30321466728735,2.994736464362724,3.3092158974982073
714.2,14,15,14.027295737146352,15.185904571322837,14.133204270751003,15.2058292198148,2.894736464362701,3.40921589749823
714.4000000000001,14,15,14.024464978211537,15.185814897827212,13.99902351729991,15.299726822183121,2.986318139455819,3.339804834284107
714.6,14,15,14.023293650002813,15.184498461855888,13.912426070821226,15.254873360761048,3.075345545013762,3.2398048342841412
714.8000000000001,14,15,14.022922026401925,15.182741007080011,13.993962295325979,15.126820217308063,3.109831984824307,3.300374156314878
715.0,14,15,14.023531586313043,15.18219707423589,13.950373061061974,15.153916194196286,3.1782930606833224,3.400374156314844
715.2,14,15,14.025477457560312,15.182053989778511,13.962860609026121,15.371869323985292,3.2710861105907565,3.334683322296598
715.4000000000001,14,15,14.027408614937272,15.180702309503186,14.083138892551155,15.419109422004023,3.17406373941254,3.234683322296575
715.6,14,15,14.02795427102145,15.178238942007509,14.013572129395337,15.192186457721387,3.1579547726267436,3.200057170969498
715.8000000000001,14,15,14.028345547342623,15.176472109005765,14.048809669419764,15.173370277495193,3.0851730121452046,3.3000571709695206
716.0,14,15,14.027584973313727,15.175966556930746,13.892937673511838,15.116757178086244,3.0932330506990664,3.4000571709694865
716.2,14,15,14.027150413453757,15.176558033673443,14.126499340914792,15.084350355925153,3.0390738928953978,3.4285449208376884
716.4000000000001,14,15,14.02514680789192,15.177421539257885,14.127189940505984,15.058053484311756,2.939073892895375,3.5077192077641857
716.6,14,15,14.021575674561053,15.178337639581356,14.030502361116783,15.186983657163653,2.8793375114441875,3.413655236466215
716.8000000000001,14,15,14.018339241490711,15.177992533473768,14.058865334786645,15.17484954383267,2.9468530172803966,3.313655236466192
717.0,14,15,14.015110084773063,15.176389138979168,14.104788026447656,15.336876727130663,2.8740541489408757,3.2136552364662263
717.2,14,15,14.012037316965099,15.173529121368817,13.91400337945483,15.27260454649298,2.9730163262357663,3.1136552364662036
717.4000000000001,14,15,14.010616315792502,15.169499234232648,13.778307574403476,15.224398650334154,3.073016326235789,3.056285297741157
717.6,14,15,14.010761411950892,15.165895172469384,14.043295831311386,15.133136817758828,3.1297767084210206,3.152995234889098
717.8000000000001,14,15,14.010245576771993,15.162339986915189,14.043986199540731,15.349149150990204,3.029776708420998,3.0562938783231424
718.0,14,15,14.008046009683778,15.158144811990505,14.104635933628572,15.071928432381652,2.929776708421032,3.0953551608478143
718.2,14,15,14.004786725026399,15.154891911943038,14.034641308721302,15.33989547286524,2.9225485290544904,3.1152838804787075
718.4000000000001,14,15,14.002429941078546,15.151377214301524,13.887004814043388,15.289818790937948,3.021646797223033,3.146320791210004
718.6,14,15,14.001725986927099,15.148678130711888,13.717144026591795,15.23852821220352,3.121646797222999,3.149018988243062
718.8000000000001,14,15,14.002670542622337,15.145413342540307,13.97437337649746,15.105020118258553,3.2216467972230216,3.154382033485464
719.0,14,15,14.005259432505214,15.143137142527909,13.921073143526069,15.114202960576858,3.3216467972229875,3.25438203348543
719.2,14,15,14.008216276822203,15.142131837288526,14.15750199390766,15.144522581130946,3.2462995731122852,3.354382033485453
719.4000000000001,14,15,14.009731854871406,15.141779388788652,13.917963445118469,15.075733136863574,3.2166841784273377,3.314620277718265
719.6,14,15,14.011374804773162,15.140639007204362,14.107200041469964,15.166140590530896,3.1754528968030047,3.319391686739795
719.8000000000001,14,15,14.011501159847132,15.139815024323658,13.969985053188745,15.133465874437723,3.0912939392864414,3.2741508590779347
720.0,14,15,14.010292354160722,15.137834291646001,14.157568048511848,15.242508861250087,2.996307422971586,3.174150859077969
720.2,14,15,14.007414343792043,15.135757220917755,14.223728742677746,15.188296684791585,2.8963074229715633,3.2660513409373504
720.4000000000001,14,15,14.003392373227044,15.134931918307856,14.206187898554752,15.096916817272964,2.907570620864064,3.366051340937373
720.6,14,15,13.999790565963945,15.134773076927713,14.010484891810414,15.32194442564553,2.8585137611382234,3.3295677684637073
720.8000000000001,14,15,13.996217097617635,15.133480421256257,13.887221937796555,15.314547511842218,2.9530096906383694,3.2295677684636845
721.0,14,15,13.994306498905905,15.131366542329328,13.836673408925904,15.123798955028132,3.0530096906383353,3.247153387340473
721.2,14,15,13.993921198619207,15.129558866569026,14.06019748654822,15.387280690319903,3.0963148536475615,3.193498626766987
721.4000000000001,14,15,13.993520520316455,15.12657005531886,14.044340281339519,15.347273186827442,3.1354066574347956,3.0934986267669644
721.6,14,15,13.994611325302202,15.123329675705126,13.96839016284888,15.02602916831884,3.2354066574347615,3.1713512250216307
721.8000000000001,14,15,13.997329304649796,15.121327227699684,13.946655095071002,15.27776087541888,3.314393699204229,3.248273301550759
722.0,14,15,14.001131457720604,15.119525075183578,13.867816500641947,15.211855195955891,3.3999961605716287,3.264322234474575
722.2,14,15,14.005432456763316,15.118457120095949,14.113866521259226,15.194007518338966,3.3346734559837334,3.3175699081116035
722.4000000000001,14,15,14.008112181117482,15.118342491195838,13.939311029591279,15.14190915400778,3.2466217192586426,3.4165765403721635
722.6,14,15,14.009597616175528,15.118617636266508,14.052967113849437,15.122124890552744,3.164293912873582,3.349809191445871
722.8000000000001,14,15,14.010559350969098,15.117847474894468,13.979454038554316,15.215105063457264,3.2290162296979346,3.290438801839429
723.0,14,15,14.011721254186424,15.116190989089704,14.067830280870043,15.23217969629288,3.145412163799579,3.1919811081712224
723.2,14,15,14.01121757627377,15.113883729614244,14.183580563464261,15.190160342808618,3.0454121637995564,3.2108727194596858
723.4000000000001,14,15,14.009070707797257,15.112477808725863,14.055111225503564,14.905325498223817,2.971055829384654,3.3108799203887838
723.6,14,15,14.007327320503354,15.112327917844155,14.02736155557868,15.078831559727771,3.07105582938462,3.4108799203887497
723.8000000000001,14,15,14.007256084078184,15.11306151995516,13.846197362615428,15.140840865485353,3.1710558293846427,3.401863976323503
724.0,14,15,14.008851588645449,15.112991204697796,13.873675616232983,15.10982492543384,3.2710558293846086,3.3757606448172135
724.2,14,15,14.011540563881535,15.112520828621928,14.02583482105875,15.19621027807801,3.254533904095356,3.2846768944619895
724.4000000000001,14,15,14.01316137064352,15.112029816017598,13.932113718936924,15.026734036752918,3.2415862425674957,3.3817158824375224
724.6,14,15,14.015012888707405,15.112297223326662,14.106517840068866,15.16693066453162,3.1945681799820673,3.354891308525747
724.8000000000001,14,15,14.015319357268195,15.112003129390239,13.986278824728357,15.0334246682539,3.1051096646152576,3.383588488603934
725.0,14,15,14.015798164736156,15.11247795407183,13.853660956090927,15.287628655226415,3.2051096646152235,3.380926885405954
725.2,14,15,14.017940228692607,15.112000352831334,13.90769366898064,15.278458546469508,3.3051096646152462,3.2809268854059312
725.4000000000001,14,15,14.021564495829875,15.110803970434906,13.982385359606166,15.043030688062553,3.3413032964677836,3.3102093569514563
725.6,14,15,14.02428297311469,15.110523397254985,14.042694684154622,15.190053252771012,3.2413032964678177,3.3311597673335567
725.8000000000001,14,15,14.025329045622117,15.109487540519922,14.094267480763131,15.207133253316195,3.141303296467795,3.2618553526978444
726.0,14,15,14.024704616627622,15.108809601037768,14.10874748748896,15.069607268652481,3.041303296467829,3.3617852069296887
726.2,14,15,14.023347994149963,15.109388159806931,14.049303253105348,14.994942401892814,3.087979001612758,3.4617852069297115
726.4000000000001,14,15,14.02351310782446,15.110251980941111,13.934447722680469,15.15322685473073,3.187901646701655,3.386021396822553
726.6,14,15,14.024518139705966,15.110471496369508,14.086381324069706,15.028299842492022,3.1471194605060027,3.4229326905560655
726.8000000000001,14,15,14.025459623192534,15.111678589790648,13.831579091537389,15.014544175373352,3.2337739056590036,3.454560125087002
727.0,14,15,14.027286312970453,15.112178582023489,13.964273811951266,15.136770740688199,3.1974759508543444,3.354560125087036
727.2,14,15,14.028522791499796,15.111428938940094,13.933823954276528,15.186308198256835,3.22978434898003,3.2545601250870133
727.4000000000001,14,15,14.031039460301812,15.110414824047007,13.866157066014324,15.014490227795811,3.3295859324220367,3.3314026765221403
727.6,14,15,14.035102448030425,15.110049286718386,14.003493629723836,15.33125917060403,3.3791470791199063,3.2928532466141527
727.8000000000001,14,15,14.038416234041545,15.108651497127315,14.127953336881784,15.228106227871224,3.2791470791198836,3.2467203704394962
728.0,14,15,14.040217873332615,15.107276780360598,13.894824673266339,15.096812243179324,3.242623496007353,3.2115173561671635
728.2,14,15,14.042523989781,15.105199197998038,13.958781114075327,15.17316715298909,3.24848734406707,3.2258026267417015
728.4000000000001,14,15,14.044104411766485,15.104057173494096,14.071067682006626,15.124589205306398,3.256464498571613,3.2694963551441516
728.6,14,15,14.045390768196427,15.10352950296137,14.132483291560096,15.058419716689711,3.1606949630355095,3.365972627507242
728.8000000000001,14,15,14.045206536414105,15.104261303042515,13.973374836800636,14.95362122995065,3.128789820434363,3.4659726275072646
729.0,14,15,14.045970329741552,15.105468871556424,13.85106788919205,15.152895069824291,3.228789820434329,3.4082798455618315
729.2,14,15,14.048398997594077,15.105481752474866,13.858209650914874,15.03761667023789,3.3287898204343516,3.3082798455618088
729.4000000000001,14,15,14.051884918827433,15.104943252012282,14.049363882156754,15.090797245642161,3.3091443682524546,3.356896668472425
729.6,14,15,14.053967478532718,15.105587599088409,13.880806064456173,15.129566363758917,3.2091443682524887,3.4568966684723907
729.8000000000001,14,15,14.054389596754724,15.107474485006195,14.030312144968967,15.126688849684644,3.109144368252466,3.54572812975957
730.0,14,15,14.05316074736202,15.109264481570722,14.0846700413718,15.141583447632467,3.0091443682525,3.4481039897607393
730.2,14,15,14.051380094793787,15.109794552211815,14.031608138341157,15.181071666525739,3.0717378124884878,3.3481039897607165
730.4000000000001,14,15,14.051209072801036,15.109068580708726,14.036457971750412,15.114103647983436,3.1717378124885105,3.248103989760694
730.6,14,15,14.051461861898918,15.107372509186238,14.110932836957677,15.10420296042234,3.0996815194626035,3.242532145608591
730.8000000000001,14,15,14.050076785933426,15.106398328039964,14.006513137384667,15.18244152420954,2.9996815194625808,3.2695174274903396
731.0,14,15,14.047029216730913,15.105934017063838,14.058902788226478,14.939071961937934,2.899681519462615,3.368257765494854
731.2,14,15,14.043907108562088,15.106470555299577,13.92928444298703,15.243668397185093,2.994446388977135,3.3791721281356555
731.4000000000001,14,15,14.042457623667154,15.106133747127172,13.879570137406557,15.175438119623353,3.0944463889771576,3.2791721281356327
731.6,14,15,14.042669909896283,15.104645751295063,13.87793922631216,15.239106485456809,3.1944463889771235,3.2361200832311576
731.8000000000001,14,15,14.044111540597628,15.102734172209187,13.980565228005736,15.304607723601817,3.1936240803771594,3.1537588092394726
732.0,14,15,14.044911908073182,15.100215888720411,13.994975161343335,15.091374259854609,3.2163037589538344,3.1953014451809865
732.2,14,15,14.045512948671194,15.098855123801245,14.035716342383617,15.089632900380767,3.1204273316307414,3.295301445181009
732.4000000000001,14,15,14.044447118775096,15.098754000864632,14.133298431354625,14.954734167788631,3.020451383788771,3.395301445181032
732.6,14,15,14.043233610903076,15.099907082766881,13.90799010114214,15.022027224918657,3.110771073324368,3.495301445180998
732.8000000000001,14,15,14.043597597267619,15.10189886423769,14.024856232492782,15.202485636730437,3.1849192942826403,3.4803331719311785
733.0,14,15,14.043655770953956,15.102862278134918,14.154911915123629,14.97103028100424,3.086208260050019,3.3803331719312126
733.2,14,15,14.04226244754537,15.102569309812809,14.058897880007441,15.08860473965045,3.0569695704973125,3.28033317193119
733.4000000000001,14,15,14.041535076610563,15.101907740466146,14.035887404275302,15.109030443939925,3.07369842507385,3.3483392825166494
733.6,14,15,14.04130845837238,15.101855264829817,14.029598466313749,15.127926717871858,3.1686380017424565,3.308287794686697
733.8000000000001,14,15,14.041332853535458,15.100663451970135,14.1992459259521,15.33364292128261,3.084657948598672,3.208287794686674
734.0,14,15,14.03969583728554,15.09880295356916,14.228135875172955,14.882024884723654,2.984657948598706,3.2446179668296455
734.2,14,15,14.036393839286571,15.098070456258563,14.106393594719545,15.040369352280495,2.8849440431122417,3.3446179668296683
734.4000000000001,14,15,14.033095153495074,15.097795510706897,13.78207557992484,15.210010501888659,2.9842802712722714,3.2857202745505414
734.6,14,15,14.0313972729796,15.096315582421052,14.011811545887316,15.111041115268998,3.044111005181957,3.1857202745505755
734.8000000000001,14,15,14.03004147490326,15.093720183754456,13.868003136452414,15.183143880558065,3.0952447308114235,3.128420394531976
735.0,14,15,14.030238583983772,15.09152391582542,13.93614071003463,15.029086472453061,3.1952447308113894,3.227970944054024
735.2,14,15,14.031467038353489,15.090591710591843,14.02760093851905,14.98538135377657,3.1729569803484163,3.3279709440540466
735.4000000000001,14,15,14.031279249538011,15.09092031219542,13.976545575793226,14.90844832379239,3.0729569803483936,3.4279709440540693
735.6,14,15,14.029798389686736,15.092281809253805,14.012401479316905,15.18017747120222,3.031537841533174,3.4439654037542216
735.8000000000001,14,15,14.027721917784618,15.092992486902578,14.058696001718713,15.006247165669457,2.983745765134156,3.421086569853949
736.0,14,15,14.02600205340588,15.09362221676174,13.999064989003532,15.18662662535899,3.078795523219396,3.355749579106956
736.2,14,15,14.024694639543041,15.093497548150976,14.057200946347614,15.008312218177275,3.0051809231297435,3.3773864865150043
736.4000000000001,14,15,14.02292234910738,15.093929442970646,14.004455773083642,15.063024292720891,3.0721209685667743,3.350740830780083
736.6,14,15,14.02166221126396,15.09327376303223,14.051671098549752,15.195740397572205,3.0285385639027544,3.250740830780117
736.8000000000001,14,15,14.01958387092436,15.091362725316673,13.935890470703448,15.230372532781221,2.985287204377216,3.1507408307800944
737.0,14,15,14.017963549432471,15.088321984562906,13.7772644815046,15.214123042572728,3.0844431129433367,3.113483581620304
737.2,14,15,14.017543106173457,15.085951593386545,14.14165941093494,15.04221863844562,3.08029703640439,3.2134835816203267
737.4000000000001,14,15,14.016371425331895,15.084589945150944,13.81826835439422,15.213169001410082,3.094023874580359,3.223988937050793
737.6,14,15,14.016548334808943,15.082798296356831,14.005353933254614,15.101064761066933,3.194023874580325,3.242147685398895
737.8000000000001,14,15,14.017846032936315,15.081950352594857,14.094145510850161,15.144979555214567,3.1806983745758735,3.283095703489395
738.0,14,15,14.017784594900505,15.080687098037359,14.15468621129411,15.083045541933396,3.0806983745759076,3.264740481538976
738.2,14,15,14.016403532263599,15.08024118464337,13.980674794296654,14.911812975125143,3.072069973519829,3.3647404815389987
738.4000000000001,14,15,14.01620137411461,15.081051302684875,13.867626951990644,15.03888736013863,3.172069973519852,3.4647404815390215
738.6,14,15,14.017485077616788,15.082919856274334,14.057351185172791,15.068426274310196,3.205069021145123,3.4963962719797705
738.8000000000001,14,15,14.017848255660546,15.084132295833275,14.147362236563712,15.178742204282047,3.1050690211451,3.396564521167861
739.0,14,15,14.01670176771395,15.084187526892114,13.939524059644132,15.056709409925775,3.064966808431789,3.352697473934872
739.2,14,15,14.01632589700592,15.084042764282723,14.006651588795673,15.17911065365037,3.129797934002215,3.2924832689966075
739.4000000000001,14,15,14.015461903397377,15.082694419713789,14.012748347202459,15.10235977670194,3.0309396210764823,3.1924832689965847
739.6,14,15,14.012929863358647,15.080651198623954,14.059305361569914,15.112943773639248,2.9340851492807936,3.225889860650193
739.8000000000001,14,15,14.010417375596408,15.079723159420647,14.064574707581125,15.011983503851871,3.032188386942312,3.3258898606502156
740.0,14,15,14.009573958891556,15.080038068240874,14.028367643913858,15.048715675262084,3.132188386942278,3.4067797492717298
740.2,14,15,14.009327166807822,15.080125930355008,13.985500679972507,15.206359786858295,3.0716667466357137,3.306779749271707
740.4000000000001,14,15,14.008578307914943,15.07895923110571,13.84830320413948,15.076806329353143,3.1340623487665966,3.2067797492716843
740.6,14,15,14.00884844375808,15.077533197737626,14.127751077637882,14.798917743512664,3.1160794193125247,3.2844780314795217
740.8000000000001,14,15,14.007909568594973,15.077351018851443,13.891558737256913,15.032182519981665,3.0816053804553194,3.3844780314795444
741.0,14,15,14.007703857871117,15.078424800533616,14.060882949397781,14.95978561200576,3.1150180349548915,3.4844780314795103
741.2,14,15,14.008103753446308,15.080149036729809,13.918104142735444,14.914493507945796,3.2060329410609767,3.4457439153249614
741.4000000000001,14,15,14.009602702516503,15.081145786429254,14.051453683199108,14.986152331087624,3.189233611490501,3.4596598760365107
741.6,14,15,14.009731567719431,15.08316717788057,14.063559103346625,14.89545016746189,3.089233611490535,3.5596598760364766
741.8000000000001,14,15,14.008213549691707,15.085890825459815,14.053507530417209,15.108801576476129,2.9892336114905125,3.527407558573305
742.0,14,15,14.005359509838973,15.087494439627196,13.98310484667041,15.106784358384996,2.9752418331440906,3.4274075585733392
742.2,14,15,14.003506192363966,15.088097962350474,14.105665708226802,15.036613268543725,3.017958947956272,3.4187362010529885
742.4000000000001,14,15,14.001795898001987,15.088677544437985,13.948615783361655,15.206331213352751,3.046795540911917,3.3489294602897908
742.6,14,15,14.000698530302598,15.088028349727198,14.039853751266499,15.115590972334966,3.075126702324069,3.248929460289825
742.8000000000001,14,15,13.999964494794105,15.086265676056263,14.070239521514857,15.062240235221024,3.0914221900600185,3.215720083258432
743.0,14,15,13.999907493337718,15.08520591484416,13.916560500566781,15.022399579265425,3.1603337992634626,3.3157200832583977
743.2,14,15,14.00110312119457,15.085406744147,14.002547911667103,14.949197080911823,3.239771726471524,3.4157200832584205
743.4000000000001,14,15,14.002790284476909,15.086868019334752,13.871314835429475,14.96544540607672,3.214757504633888,3.514791898461213
743.6,14,15,14.003411271224744,15.088324605089133,13.912852432407288,15.263638175471273,3.115134262032539,3.4152069555618803
743.8000000000001,14,15,14.002833967959644,15.088540639709485,13.937908509454752,15.090765160389923,3.120335950363101,3.3374886090475875
744.0,14,15,14.003011042386163,15.088003397289965,14.002300926288441,15.18410326381094,3.1068184111620347,3.257330665266793
744.2,14,15,14.002354497551305,15.086278913166927,13.967523212100124,15.199048152530379,3.1191460351209335,3.1982988033615136
744.4000000000001,14,15,14.003031462645186,15.08388106802285,13.826925207609344,15.197818729870562,3.219146035120956,3.107699854427921
744.6,14,15,14.005351780910454,15.080578896471305,14.022377292845515,15.090159097418269,3.319146035120922,3.11136122093434
744.8000000000001,14,15,14.00782180656371,15.078250636071298,14.14596710105207,15.181369634233384,3.229922678854591,3.19932716230836
745.0,14,15,14.00861463072678,15.075903383874909,13.976602998242463,15.203991763583703,3.129922678854625,3.1189865703153306
745.2,14,15,14.007728461012231,15.073665377719246,13.983100615485323,15.010764334090503,3.0299226788546023,3.2167288819393263
745.4000000000001,14,15,14.005578928378258,15.07268468330716,14.074814418024724,15.019848477567361,3.028384450721386,3.316728881939349
745.6,14,15,14.004667098515796,15.072958966395907,13.821279518267868,14.919531421224404,3.128384450721352,3.416728881939315
745.8000000000001,14,15,14.00542683404774,15.074489537020044,13.80111143428418,14.99333763954163,3.2283844507213746,3.5167288819393376
746.0,14,15,14.007860300362125,15.076974030344804,13.896315062811434,15.111345660773106,3.3283844507213405,3.5183623572627756
746.2,14,15,14.010986683298084,15.07853165945948,13.9866862226269,15.009948472079357,3.275235059428966,3.418362357262753
746.4000000000001,14,15,14.012538690620293,15.078838788824816,14.039134996420149,15.112391279734583,3.1752350594289434,3.31836235726273
746.6,14,15,14.012823257291165,15.077893832207888,13.898314989944135,15.028043561724683,3.173418878599611,3.2177970636042508
746.8000000000001,14,15,14.014272147333628,15.07673746182739,13.969901201502957,15.094565450694203,3.235735027301188,3.2999972852608037
747.0,14,15,14.01514499540356,15.075936453646179,14.088945617822143,15.154818946372544,3.135735027301222,3.2311988899122204
747.2,14,15,14.014490041550378,15.074138772612681,14.045323661321612,15.004873875757571,3.0937297951359404,3.215690600492234
747.4000000000001,14,15,14.01353622373272,15.072918337183523,14.052694104969977,15.195964744539513,3.0302349268560813,3.224196047999751
747.6,14,15,14.011154937901434,15.071591549753483,14.06643667457505,14.938617325824158,2.986309945147189,3.281731169120921
747.8000000000001,14,15,14.009509868654135,15.071046423709653,14.075411873135304,15.20646972907249,3.08535051820351,3.2666889927268947
748.0,14,15,14.008205393418951,15.069722223124941,14.06860659079352,14.963605145491522,3.0070947643290755,3.255663124044718
748.2,14,15,14.005431312957406,15.069265402614256,14.163566635504457,15.12289589293048,2.9717737419462162,3.3556631240447405
748.4000000000001,14,15,14.003524889517404,15.069516430007951,14.023968736956272,15.089778023997388,3.0546501937179515,3.3360836685405046
748.6,14,15,14.003038598265965,15.069604431589537,13.943820564854844,15.060844515716086,3.154156396279928,3.36737711246538
748.8000000000001,14,15,14.004217908888316,15.069630384129121,13.847479506533631,15.00786262835907,3.2541563962799507,3.317228267679724
749.0,14,15,14.006870860358099,15.069931204840318,13.961543360447868,14.922171559150218,3.287294403531131,3.4156736103689473
749.2,14,15,14.00859585088837,15.071479007051224,14.112376936421139,15.032892469260998,3.187294403531108,3.4940981145939305
749.4000000000001,14,15,14.00866528240113,15.073729895735637,14.185914046618848,14.967394898792527,3.0872944035310854,3.562181501056613
749.6,14,15,14.007086933745425,15.075900117721016,14.032418311613174,15.111865770413635,2.9872944035311195,3.4644410485421977
749.8000000000001,14,15,14.004369799684042,15.076807333280147,13.966369844800537,15.01813232201231,2.9979338964118445,3.364441048542175
750.0,14,15,14.00253960408571,15.076454025215865,13.988786562264295,15.137735181132282,2.9934582135618664,3.264441048542209
750.2,14,15,14.00027667286952,15.074986728549593,14.06671668006691,15.099738066943319,3.0364535186306507,3.232065404329954
750.4000000000001,14,15,13.998698946066863,15.074225287613066,14.131827107129489,15.045091140978862,2.9941871467283376,3.3320654043299767
750.6,14,15,13.995734078696579,15.074716634112535,14.133829077416967,15.052902615716961,2.950487623229744,3.4320654043299426
750.8000000000001,14,15,13.992813778233938,15.076166914815058,14.104523667587,15.068272973094636,2.914213525067359,3.4378690128795686
751.0,14,15,13.988418762345164,15.0767150403169,14.10299363151514,14.980966502984286,2.814213525067393,3.3379198035105815
751.2,14,15,13.983138143709303,15.076161966214615,14.100380424757416,15.034599422096463,2.8496859551341793,3.3103412151963654
751.4000000000001,14,15,13.97935980231987,15.075361303647876,13.88439835300461,15.11896011680077,2.949685955134202,3.2334953969231544
751.6,14,15,13.977248038841921,15.07361772029248,13.947667339901882,15.060516903870752,3.049685955134168,3.1887180437751734
751.8000000000001,14,15,13.975876204512812,15.072262808038497,14.141623452547336,14.933463620124035,3.0010126762133793,3.2879705204975442
752.0,14,15,13.973077274801078,15.072078443664111,14.019076631088714,15.149761681772635,2.9556857228203137,3.336264075646528
752.2,14,15,13.971070719428619,15.071735947296249,13.803943546344899,15.049580284023012,3.0556857228203365,3.350665263405963
752.4000000000001,14,15,13.970734107771518,15.07241800521015,13.81262238439377,15.077735057420238,3.155685722820359,3.450665263405986
752.6,14,15,13.971767188505888,15.073216948772767,14.192204466844235,15.131919473762,3.170724470889814,3.360108796124402
752.8000000000001,14,15,13.972377627439764,15.0727658981213,14.001835118943678,15.08451108072378,3.199652240655622,3.260108796124379
753.0,14,15,13.973865182532194,15.071065405594972,14.036571818499809,15.154876278940105,3.182797399485241,3.160108796124413
753.2,14,15,13.974579627032746,15.069051062358595,13.988918577115097,15.06781112794093,3.2047138117882032,3.2325372162047663
753.4000000000001,14,15,13.976481561908082,15.067607568753221,13.987235223801719,15.265168351243382,3.233498682648476,3.186531295137903
753.6,14,15,13.97791618013309,15.065629519514648,13.851975159551658,14.913033392829195,3.2454713762252254,3.2270752617570446
753.8000000000001,14,15,13.9800389964812,15.064805887876444,14.010997484397832,15.072368985372718,3.2428198913292414,3.3270752617570674
754.0,14,15,13.9811012907984,15.06451843172897,13.924150151088062,15.100766153984166,3.143720987333954,3.2749708213817814
754.2,14,15,13.981165909271308,15.063051400873825,14.031641203761382,15.162677291282366,3.1706178501194184,3.1749708213817587
754.4000000000001,14,15,13.98161577832974,15.060335087957657,13.992676313687895,15.269954653739244,3.1356245438562693,3.074970821381736
754.6,14,15,13.982225742509248,15.056372035827064,13.825012492356235,15.207542558525386,3.207493784693462,2.97497082138177
754.8000000000001,14,15,13.984278758328074,15.051167077034988,13.931413160957483,15.249141595173054,3.3073607544616017,2.8749708213817473
755.0,14,15,13.986626800854605,15.045761139889297,14.05663470117259,15.184753981123912,3.2285867316183348,2.9566006500376982
755.2,14,15,13.987470772148152,15.041616156120229,13.961248796764377,15.00199004647621,3.193221407269988,3.056600650037721
755.4000000000001,14,15,13.987775113153653,15.038738101561053,14.076487302480068,15.1111389270427,3.1085373611231093,3.1566006500377437
755.6,14,15,13.986413810612246,15.037121616388763,14.031072449692607,14.875085407586823,3.0085373611231434,3.2566006500377096
755.8000000000001,14,15,13.983389692825435,15.036760024084211,14.13562541589359,14.936516711518069,2.9085373611231207,3.355703468685143
756.0,14,15,13.98019332926891,15.037617717960917,13.817477500682958,14.962072685373354,2.997063887023712,3.454153151541326
756.2,14,15,13.978674142628552,15.03972463795174,13.964457746169519,14.845630518939105,3.097063887023735,3.5541531515413487
756.4000000000001,14,15,13.978829124107893,15.042738492374031,14.031308218630695,15.025788995046751,3.182691465981504,3.5494583348009456
756.6,14,15,13.979382319574476,15.044779237520375,14.048026824545834,15.064580164736515,3.1590450090022326,3.4494583348009797
756.8000000000001,14,15,13.980550087324879,15.046009420599264,14.05679643823769,14.880075875606165,3.2557495159695415,3.468505751460447
757.0,14,15,13.983386356838091,15.047718291972616,13.90886908918843,15.094012471428906,3.3557495159695074,3.4331766331346367
757.2,14,15,13.98766786554216,15.048344625074037,13.956824767727284,15.041136471604714,3.3835247820835725,3.3660118534122434
757.4000000000001,14,15,13.990955084922593,15.04837649676527,13.919006671340789,14.997368257012907,3.28352478208355,3.289134618525092
757.6,14,15,13.993485595716342,15.048082045213318,13.864376718103387,15.205545160991944,3.3319271317891297,3.3586180083157546
757.8000000000001,14,15,13.996173288523114,15.047826513639343,14.197016457357597,15.183017650816694,3.2493129161017515,3.2635198937897036
758.0,14,15,13.99719868550064,15.046412412195288,14.042215133919122,15.061887533016174,3.1493129161017857,3.216741539673551
758.2,14,15,13.997648323297094,15.045583370611372,13.862520516304407,14.972745492020069,3.211681882952224,3.3167415396735738
758.4000000000001,14,15,13.99926294373359,15.04601537940157,13.913065294802433,14.965385276992128,3.2093774889837405,3.4167415396735965
758.6,14,15,14.001078494538097,15.047580470413171,14.014678980954601,14.951333646524052,3.296673746341311,3.4533038789842783
758.8000000000001,14,15,14.004548795334275,15.04848013106084,13.928263232650448,15.122064251935045,3.396673746341334,3.3533038789842555
759.0,14,15,14.008508617063539,15.048134048212491,13.940402450898477,15.099406480380065,3.329348642763412,3.2533038789842896
759.2,14,15,14.011362895008617,15.047146078558688,13.99954525647168,15.115931501965585,3.3395483689312546,3.2918020502579175
759.4000000000001,14,15,14.014379277115971,15.046172131755997,13.857886012414621,15.210524381943296,3.2977478970373353,3.2018823377798102
759.6,14,15,14.016152651687209,15.04424520114581,13.995362354459875,15.098700240127133,3.197977416584692,3.1978796575667743
759.8000000000001,14,15,14.016468978367337,15.043241663268004,13.967776673320818,15.11794904245893,3.170637917769746,3.297879657566797
760.0,14,15,14.017187698187437,15.043294566043539,14.043417493765135,14.945732030889399,3.1523492018480064,3.325118057500144
760.2,14,15,14.01803221690643,15.042641805350993,13.947793545032109,15.182642893686317,3.242999807829714,3.2252753834233037
760.4000000000001,14,15,14.020526521362372,15.041466089169441,13.858631624026215,14.802415527795723,3.3429998078297367,3.277279018742959
760.6,14,15,14.024066098320024,15.041381075183645,13.901437657548891,15.036163614969864,3.322299019538269,3.3197939464428035
760.8000000000001,14,15,14.026193239205819,15.04068622642291,14.027840475328093,15.180260760634894,3.222299019538246,3.2197939464427807
761.0,14,15,14.027051750211212,15.039278116978661,13.888065934803425,15.09444340718588,3.2211925248747777,3.250417717859749
761.2,14,15,14.029140519154977,15.038981374709467,13.958123839122813,15.066451668977502,3.3211925248748004,3.350417717859772
761.4000000000001,14,15,14.032037930303678,15.039948016746116,14.103352672901243,14.994511687248608,3.2782518832008627,3.4504177178597946
761.6,14,15,14.03383249710345,15.042045195833879,13.962005019732475,15.081059995210255,3.279050176752843,3.4863087688645984
761.8000000000001,14,15,14.035476468009024,15.044292070255613,14.081541380126646,14.92967136056713,3.194792135161234,3.548333437703326
762.0,14,15,14.035480057828764,15.047341880521035,14.182252575754408,15.05019095311502,3.094792135161268,3.5348829825265797
762.2,14,15,14.03399657696992,15.049365725248784,14.060383212896218,15.270526838210298,3.05483431432865,3.434882982526557
762.4000000000001,14,15,14.033365527107676,15.050128502663817,13.927148959574204,15.173068621402056,3.1548405260322894,3.3348829825265343
762.6,14,15,14.033777949229403,15.049635991919292,14.14391736043252,15.095510992814308,3.1326071427152,3.2348829825265684
762.8000000000001,14,15,14.032893748581317,15.047890098297282,13.9491437716835,15.120385794453357,3.0869351970267265,3.1348829825265456
763.0,14,15,14.032476408008563,15.045726086206036,14.038597139279037,15.060726372883215,3.1017267773658057,3.197874875653
763.2,14,15,14.030937490201055,15.044777486774192,14.068044147396444,15.126123322720636,3.001726777365783,3.2978748756530227
763.4000000000001,14,15,14.028640393429969,15.04409090342803,13.887572859035796,15.315182141534414,3.0490927769236196,3.2202007459954207
763.6,14,15,14.027617105314773,15.042453942822075,14.02545471501176,15.004707603809385,3.068067095970272,3.216351674752759
763.8000000000001,14,15,14.025853974754083,15.041735100930419,13.954947112256068,14.99628341392654,3.0582723388234347,3.3163516747527817
764.0,14,15,14.025254877069342,15.04115759190344,13.988689400842125,15.129192686394548,3.1582723388234006,3.2281754190828913
764.2,14,15,14.025620105529368,15.039717600821591,13.959468264441702,14.998150514045598,3.1553755389618727,3.2386907953053568
764.4000000000001,14,15,14.024961206498533,15.039285061644906,14.19323887647527,14.923767964982124,3.0554230565121903,3.3386907953053795
764.6,14,15,14.022801543876291,15.040068646081021,13.924683410704686,15.031807538123825,3.0170906792474046,3.4042179077949837
764.8000000000001,14,15,14.02138389183649,15.040451510998606,14.10815901413503,15.16135984491156,3.06197398177558,3.304217907794961
765.0,14,15,14.019785562334487,15.039969191685461,14.12611807714701,14.914205285422359,3.0366547680731584,3.315882837172754
765.2,14,15,14.018409199252009,15.040494317035382,13.955378623452955,14.91268542602924,3.0883944204679277,3.4158828371727767
765.4000000000001,14,15,14.016725513483554,15.042248664070003,14.141532586131671,14.99271338747772,2.991750582610492,3.489880263886947
765.6,14,15,14.014047608799912,15.043690941646265,14.115394076987144,15.000110965002683,3.016752145102749,3.389882040688562
765.8000000000001,14,15,14.011629572887996,15.044504124092137,14.00023022866218,15.112417155422468,2.951209041560074,3.4318897735287215
766.0,14,15,14.008236475773176,15.045383637271678,14.037718829221381,15.253557120892934,2.924426553476919,3.3468003173536216
766.2,14,15,14.005475447853858,15.045006756591416,14.028234006033129,15.02865883567086,3.023471683721264,3.246800317353599
766.4000000000001,14,15,14.004379491234838,15.043462971833774,13.88783371542473,15.005569194825856,3.1234716837212866,3.1715203273138677
766.6,14,15,14.004541141468533,15.040893589556052,14.106426752552355,15.087990773146103,3.1259077669140956,3.072026944434394
766.8000000000001,14,15,14.004150395605942,15.03769030366492,13.919924723660646,15.070519857223491,3.154919852418506,3.111984055453508
767.0,14,15,14.00486688707449,15.03563720290737,14.0264503794497,15.01972834898681,3.1657251346586963,3.211984055453474
767.2,14,15,14.005755037375687,15.034846222490401,13.91598630226097,14.87571622363113,3.2448118896731923,3.3119840554534967
767.4000000000001,14,15,14.007751745919466,15.035316964618385,13.964420081423917,15.040997069838506,3.231708983559434,3.4119840554535195
767.6,14,15,14.008401175440014,15.037046433751854,14.011519313471181,15.07337229674782,3.1317089835594683,3.5119840554534854
767.8000000000001,14,15,14.00740089129019,15.04001114279571,14.203011602774941,14.974505541324367,3.0317089835594455,3.5947279410314583
768.0,14,15,14.00502452828271,15.04277122867493,14.12101983274065,15.303032651591947,3.011181933944975,3.4950843456713563
768.2,14,15,14.003726015968418,15.044267054528317,13.996672865747408,15.083854318656634,3.1111819339449975,3.3950843456713335
768.4000000000001,14,15,14.003181071906836,15.044504351850632,14.047517343411375,15.021249764435895,3.062605800896085,3.295084345671311
768.6,14,15,14.001931362020711,15.04438725472074,13.952632893787273,15.089791780646953,3.105278585169676,3.364644404109015
768.8000000000001,14,15,14.001778471901314,15.04543162584142,13.969608192499408,15.039267524768276,3.1028984247175524,3.419516093535954
769.0,14,15,14.000367503389421,15.047085359821128,14.098127631416391,14.929213005978687,3.0028984247175865,3.50793671540797
769.2,14,15,13.997658424252448,15.049553455763352,13.944936621913076,14.98312976731521,2.994178323051638,3.4910814419960396
769.4000000000001,14,15,13.99605424162028,15.051287047604287,13.947296007958188,14.93804834545615,3.0518074277588223,3.4909104218221034
769.6,14,15,13.993854573422352,15.052965330449108,14.08105403175116,15.180404457066686,2.952203361202388,3.41340452450372
769.8000000000001,14,15,13.99049608159915,15.053575950470446,14.043102561548407,15.057476664703705,2.933532566183134,3.3892648042176576
770.0,14,15,13.988003496711622,15.05495070076869,13.901821184918422,15.012647841570976,3.032815038017317,3.4892648042176235
770.2,14,15,13.987190755211461,15.05643832244979,13.94014869252875,15.117072089517457,3.13281503801734,3.398984339910523
770.4000000000001,14,15,13.98690767594657,15.056671234965124,14.277295293653799,15.283870282784058,3.0672218906493636,3.2989843399105
770.6,14,15,13.985009764250039,15.05572957369039,14.19361456776996,14.951805294503174,2.9672218906493977,3.250217459084358
770.8000000000001,14,15,13.98144923048728,15.054750721619392,14.194114165274483,15.1316074753029,2.867221890649375,3.212604211956738
771.0,14,15,13.976768132050877,15.053296650167045,13.802988669554807,15.122036708035658,2.8810673881161626,3.258140166672167
771.2,14,15,13.973450116441755,15.052947193118921,14.125814233862716,15.020426434988964,2.9810673881161853,3.3177422239367793
771.4000000000001,14,15,13.971802486042135,15.052137722347318,13.792373834772132,15.154108981475188,3.081067388116208,3.2177422239367566
771.6,14,15,13.971777093386201,15.050128766463468,13.986746888459203,15.072030111663807,3.1513215285820917,3.1589962781974577
771.8000000000001,14,15,13.97185179866264,15.048136044137872,13.998503528459928,15.11696575884464,3.1488490640182025,3.1807437243237207
772.0,14,15,13.971394145487746,15.04665571413626,13.978594754248293,15.122419688003763,3.0544530762325945,3.248152282385866
772.2,14,15,13.970031941933033,15.045067259670688,14.017100240156996,15.021495260262181,3.056239704392489,3.154831914663843
772.4000000000001,14,15,13.9683162485175,15.042227601325358,13.947481773050907,15.302064472205723,2.9997651377526364,3.0548319146638203
772.6,14,15,13.96689139440281,15.038135728847328,13.872440769066122,15.163603665420993,3.097830041780585,2.9548319146638544
772.8000000000001,14,15,13.967106243715389,15.033410931140052,13.912176751690831,15.158211181379171,3.1978300417806076,2.9944757090977623
773.0,14,15,13.967666478641695,15.029837820374441,14.122457639483976,14.82112801249526,3.1215734831638433,3.094475709097728
773.2,14,15,13.966725797554313,15.027527813666179,13.998839870655745,14.768058415016686,3.082866642676898,3.194475709097751
773.4000000000001,14,15,13.966642280371124,15.026428381188268,13.879224610967782,15.161314403942816,3.1828666426769208,3.2550826042297123
773.6,14,15,13.96821606096532,15.025119964877842,13.92087102355303,15.125612692716023,3.2828666426768867,3.2402998115649115
773.8000000000001,14,15,13.971072545107571,15.02465972453729,14.148669245604848,15.076256528755344,3.2885482383470284,3.340299338465119
774.0,14,15,13.972723926411122,15.025462627482183,14.017212847916374,14.987242908527584,3.1885482383470625,3.440299338465085
774.2,14,15,13.973315800473994,15.027049141313137,13.962232458988293,15.059695104159532,3.208479935068418,3.417527379942774
774.4000000000001,14,15,13.974128838330708,15.027568108286374,14.043843607041778,15.122615072226035,3.1399973391484415,3.317527379942751
774.6,14,15,13.973318888019909,15.027044022314234,14.011087732588589,15.043462981095042,3.0399973391484756,3.282692934552956
774.8000000000001,14,15,13.971697801366966,15.02593470066346,14.005197830899078,14.98623587528534,3.083150226448492,3.1880294135510003
775.0,14,15,13.971266148526933,15.024639868839333,14.004789078259865,15.001197656422763,3.093274933769534,3.2698290083059125
775.2,14,15,13.970644612856209,15.023437962222198,13.968138108867812,15.090182287634947,3.1462023349778656,3.1819692478057457
775.4000000000001,14,15,13.971513004657686,15.022195173400306,13.985060416638333,15.030137279751857,3.207824696230356,3.276415130285244
775.6,14,15,13.971814431026642,15.022211810161869,14.16607474757969,14.793554797206067,3.1079701363206893,3.37641513028521
775.8000000000001,14,15,13.970900497845017,15.023016874125227,13.849454487803168,15.068582158093852,3.111224243392483,3.3544779509546885
776.0,14,15,13.97083695393847,15.022766499788055,13.99910029120502,15.084876101314698,3.109650562466281,3.2703080185805105
776.2,14,15,13.969992571282859,15.02168713309897,14.066863105684792,15.016406072126362,3.117310963703522,3.2013938409717504
776.4000000000001,14,15,13.969414050658633,15.019682874161974,14.043822962204922,15.10151787022288,3.059428743021258,3.1295499516219105
776.6,14,15,13.967793997530544,15.01784107982472,13.824385690274783,15.045253400326121,3.0751493930155642,3.2279865919104274
776.8000000000001,14,15,13.966944377737214,15.017256497661302,14.00544807094177,14.956339436939817,3.0554763961260663,3.32798659191045
777.0,14,15,13.965238003333749,15.017454557551908,13.937701107196858,15.087844326296143,3.068803354133601,3.305413506637507
777.2,14,15,13.964887462118693,15.017036495823632,13.910105345688077,14.791625848648957,3.168803354133624,3.3254625297961318
777.4000000000001,14,15,13.96608277554286,15.017676250325716,13.942498192494329,14.82996524680184,3.215353127148236,3.4254625297961545
777.6,14,15,13.966512295426948,15.019002495883568,13.956494936903814,15.136868440840784,3.11535312714827,3.390586664068937
777.8000000000001,14,15,13.965922804805771,15.01920473868741,13.968863347667284,15.119849038090221,3.139254161693103,3.2905866640689143
778.0,14,15,13.965894101577865,15.018740770142385,14.015274024581437,14.92230218875785,3.0952749397845687,3.3274755007989314
778.2,14,15,13.965084981367951,15.019191048818305,13.892814560171951,15.08569281914716,3.129593027798138,3.3443930704201112
778.4000000000001,14,15,13.965740496258483,15.019038767879067,14.00723184397462,15.040223799187599,3.2060257735295097,3.3287701909313174
778.6,14,15,13.966696590303338,15.018803716219212,13.940465716841764,15.06186864119254,3.2085058737937113,3.2573680852929416
778.8000000000001,14,15,13.967054867273411,15.017486747394438,13.9821662971117,15.186980948478382,3.11089539120381,3.224947169830577
779.0,14,15,13.96574240018464,15.015818728700623,14.095205156223107,15.191862235830738,3.010895391203844,3.141284783941805
779.2,14,15,13.963797981510197,15.01316763120497,13.925635827354773,14.994229800227059,3.068945242730219,3.132887752926813
779.4000000000001,14,15,13.963375490534267,15.0114072151884,14.05368429443012,15.106048646568981,3.1310829176078294,3.232887752926836
779.6,14,15,13.963878625524194,15.010243735658635,13.79176735123297,15.175094199326942,3.2210509887831567,3.1875599703607587
779.8000000000001,14,15,13.96547974670317,15.008414890396194,14.040096062063064,14.960345762099404,3.206047161445657,3.212384277088992
780.0,14,15,13.965706350212105,15.007372569172398,14.107066971464803,15.140961057751108,3.1060471614456913,3.2148477798793196
780.2,14,15,13.965161720783644,15.00540994359804,13.959251542536883,15.223644682044677,3.153064070858224,3.120576917519569
780.4000000000001,14,15,13.965468105390759,15.00346510578181,14.140009831135265,15.077783278373229,3.1247635592395198,3.215856107191562
780.6,14,15,13.96431796786196,15.002777779984362,14.10750757845818,15.07930834509065,3.024763559239554,3.315856107191528
780.8000000000001,14,15,13.961834942429014,15.003343193022891,13.964532133190227,15.147523000187062,3.013123202970756,3.4139645855442504
781.0,14,15,13.959321960885038,15.005112343355904,13.955206462211386,14.870757709011295,2.943930405026549,3.5121302094313944
781.2,14,15,13.955208410228932,15.00751493595314,14.117357922215895,14.86778984439832,2.8439304050265264,3.4981486465043448
781.4000000000001,14,15,13.95073170892187,15.00917794891336,13.983021403975798,14.983393625388988,2.9188742618127916,3.410959601166822
781.6,14,15,13.947913175040929,15.009897154294764,13.893308831717139,15.010216969276053,3.0188742618127575,3.3533846246322003
781.8000000000001,14,15,13.946727013586315,15.009635906089462,14.054378174658192,15.0557337432601,3.0872571371467448,3.253628951634038
782.0,14,15,13.94629331986855,15.009031584269003,13.82801496887857,14.974115859094173,3.159664362137718,3.3240744057649865
782.2,14,15,13.947448721847703,15.00965795265454,13.930978690449166,14.967459062745151,3.227035177110196,3.42095365316623
782.4000000000001,14,15,13.948108503077085,15.010507893323291,14.085233688145694,14.999489950052045,3.1270351771101734,3.3650532384695597
782.6,14,15,13.948115791708762,15.010400707992725,13.853010133199477,15.11378877750864,3.182724403841042,3.265406941097813
782.8000000000001,14,15,13.949701410089402,15.009529611917207,13.869121482993734,14.857892323697945,3.2827244038410646,3.2899800457565758
783.0,14,15,13.952069354460113,15.00945239479383,13.90792824006038,15.096174141665973,3.237830246771468,3.2939619988605626
783.2,14,15,13.952893045181693,15.008465767156341,13.916847913094308,15.08058286879135,3.137830246771445,3.19396199886054
783.4000000000001,14,15,13.952959787427346,15.007252114712477,13.939568080364,14.933220439354324,3.1842987528141453,3.2745896931325067
783.6,14,15,13.954545176762425,15.007287208146291,14.010858038453431,14.969624021025037,3.284308400383414,3.3745896931324726
783.8000000000001,14,15,13.95728730939062,15.00858405034093,13.99463534227889,14.856895247519184,3.2741348501238092,3.4745896931324953
784.0,14,15,13.960018583309264,15.01095459594463,13.787190172344136,15.027880333056656,3.3516437138797257,3.497610220649872
784.2,14,15,13.96360608089089,15.012549103883527,13.914193966467042,15.096816504850407,3.3140165755547537,3.3976102206498493
784.4000000000001,14,15,13.96728104110703,15.01299328868106,13.801319041518129,14.969708522840733,3.409554308029314,3.3536328269727016
784.6,14,15,13.97207766928211,15.013215731344463,13.88976752811917,15.133356752281905,3.3965148480268357,3.2902991561122588
784.8000000000001,14,15,13.975509938934367,15.012366439689192,14.020063766755184,14.991960558174604,3.296514848026813,3.254727554811797
785.0,14,15,13.977265847057247,15.012053983902343,14.008557469282154,15.095516805201935,3.196514848026847,3.298586045385192
785.2,14,15,13.978948461580659,15.012424219461423,13.928726588071239,14.785413841111325,3.292295776750538,3.396708753345589
785.4000000000001,14,15,13.981660308951026,15.014055073968464,13.987141905642286,14.984188470348235,3.2688422601194906,3.4967087533456116
785.6,14,15,13.982957154639411,15.016006245755793,14.15812687759502,15.123894330911309,3.1688422601195247,3.4239161183509657
785.8000000000001,14,15,13.982643154971885,15.016723694475687,14.084830619477444,15.045156759333858,3.1024088221289743,3.323916118350943
786.0,14,15,13.98284270495043,15.016184771321115,13.95344964510555,15.133680275778493,3.20240882212894,3.223916118350977
786.2,14,15,13.984699224620497,15.015402609685824,13.80336366410217,15.080479702073855,3.302408822128963,3.302840484888068
786.4000000000001,14,15,13.988209548453689,15.014713357990507,13.80359462569162,15.103367804104321,3.4011077502679545,3.211165874733367
786.6,14,15,13.99172974212937,15.013575378459732,13.972988587891473,14.998457735572046,3.304119716834359,3.256677126441282
786.8000000000001,14,15,13.993574228575804,15.01347973012962,14.071880080026075,15.025148127529754,3.2041197168343363,3.3565042320731653
787.0,14,15,13.99375412199182,15.014642178448689,14.102677648335055,15.021235928669839,3.1041197168343704,3.455785648459297
787.2,14,15,13.99314245253426,15.017047541941938,13.868766185839839,14.936975383023045,3.147945796464081,3.5557408143839235
787.4000000000001,14,15,13.993423863293888,15.020283154192688,14.068025265975725,14.96570883235102,3.122176595373444,3.540221035190865
787.6,14,15,13.992506016264462,15.022482363653356,13.98626469746168,15.002580286523502,3.0945843802292603,3.4402210351908993
787.8000000000001,14,15,13.991169619027254,15.023420221182288,14.252517870511296,15.119576982853244,3.0100000182247038,3.3402210351908765
788.0,14,15,13.988268916999646,15.0230990837388,13.99858819823102,14.9717990345817,2.9545410954784015,3.248541276233625
788.2,14,15,13.986032646498755,15.0228747509614,13.93916019389533,14.85025624932905,3.0545410954784242,3.3485272412853706
788.4000000000001,14,15,13.985467951127452,15.023872122431937,13.866192899185084,15.00507091845562,3.154541095478447,3.4173604359081597
788.6,14,15,13.986250737796404,15.025685515877148,14.029398065037352,14.903240613266773,3.1661568311303014,3.511046989985584
788.8000000000001,14,15,13.98604948828642,15.028750412444364,13.801932880368724,14.933340792073727,3.125966558489093,3.611046989985607
789.0,14,15,13.986715116113825,15.03199144568241,13.85462768604404,15.062577726736952,3.225966558489059,3.5261435532762495
789.2,14,15,13.987708503619617,15.033981549828297,14.2812569355485,15.005311776792695,3.145920156278794,3.428227682428888
789.4000000000001,14,15,13.987456337484808,15.034781088083239,13.819491180667757,15.043530322342658,3.1434096831337306,3.3316116876582518
789.6,14,15,13.988375013898038,15.035213768198487,14.026923896696058,15.023017859076383,3.2060564454874423,3.399736172574209
789.8000000000001,14,15,13.989870425247377,15.036596306820615,13.772086091390438,15.008142096242825,3.2714533690106955,3.431651573282515
790.0,14,15,13.992265793568812,15.037422041285557,14.133722800929727,14.987696793495903,3.2403415159061675,3.3332966755152484
790.2,14,15,13.993958147038018,15.037890715813493,13.815109580349715,14.905301667939028,3.2761797355727063,3.4021004408171964
790.4000000000001,14,15,13.99714268904382,15.03945063872263,13.978759049951142,15.031620367941652,3.376362218417826,3.435767900418572
790.6,14,15,14.000362480832976,15.040321356815104,14.092828073980565,15.054174740910284,3.278490167153283,3.335767900418606
790.8000000000001,14,15,14.00213912696625,15.040121005972916,13.846556530834745,14.968197928286198,3.252507025219749,3.3113759189375513
791.0,14,15,14.004913055539543,15.040552151756238,13.872609108775645,15.055722636997105,3.3525073049441074,3.3608579594086074
791.2,14,15,14.007784669967352,15.041655195488207,14.102819637185714,15.122594221749809,3.2588314482734684,3.4495015707655514
791.4000000000001,14,15,14.008996194769251,15.043973073423457,14.015953391967425,15.03785002507354,3.1588314482734456,3.5495069324725286
791.6,14,15,14.008953397395587,15.04657610774976,13.987077289311387,15.13991563371723,3.156414320612073,3.4740520621194846
791.8000000000001,14,15,14.00959475549385,15.047938699188169,14.007440734915578,15.15224040506557,3.149492497779399,3.374052062119462
792.0,14,15,14.010596442068854,15.04804519694231,13.90545750417469,15.182880866780112,3.244637682325245,3.274052062119496
792.2,14,15,14.013252035331558,15.047347104661759,13.931648897196942,14.903074721080037,3.344637682325268,3.29325967428079
792.4000000000001,14,15,14.016599649698415,15.047708472019307,14.023440805184503,14.903719213915236,3.2927373278570933,3.3932596742808125
792.6,14,15,14.018375145623848,15.048945727428313,13.86982453858774,15.080092555463528,3.192763001408136,3.3825850881873296
792.8000000000001,14,15,14.019914248426469,15.049178975883144,13.923091155529548,15.203662934657958,3.277868999522656,3.282585088187307
793.0,14,15,14.023096646327899,15.048747466037726,13.881881152732648,14.913535072236392,3.377868999522622,3.319104868677461
793.2,14,15,14.026822586084052,15.049114466514554,13.97887813208363,15.024468501409732,3.3323352132548933,3.315107975676881
793.4000000000001,14,15,14.029598031576848,15.048522516849548,13.981914233974726,15.166964988443459,3.2779072391836634,3.215107975676858
793.6,14,15,14.032533136466052,15.04723041971443,13.963997206338469,14.982068367235199,3.3590500605541695,3.247147435303229
793.8000000000001,14,15,14.035380797193989,15.046783478208287,14.189446696621472,15.139825467678719,3.2611087444415605,3.253577703926047
794.0,14,15,14.037102625251016,15.04616510435608,13.873758557782038,14.954990607706213,3.2760829657027717,3.3052459480546768
794.2,14,15,14.040177457741464,15.04589909016445,13.916063559423788,15.12333838623751,3.372464177671054,3.2421038487773797
794.4000000000001,14,15,14.043199984647966,15.044429255096361,14.159866095955657,15.128171698874144,3.2738955487557155,3.142103848777357
794.6,14,15,14.044538324543563,15.042415593000257,14.036861276417415,15.004841505922654,3.1738955487557496,3.1917649119267812
794.8000000000001,14,15,14.044532810068318,15.041195314496186,13.974926473124487,15.179773015324953,3.1628005186380115,3.18067462641055
795.0,14,15,14.045662674552139,15.039604584316534,13.932660652701191,14.790744492135751,3.262801541906292,3.2227045796766713
795.2,14,15,14.046884026149916,15.039077195717812,14.075669136755371,15.104649506503076,3.1691255000016816,3.2683710837679647
795.4000000000001,14,15,14.04664676407596,15.037962405069496,13.963550341320524,15.100317103704393,3.1402952199695298,3.168371083767942
795.6,14,15,14.046457684191562,15.036281956211571,14.176210452533907,15.086518251264385,3.0919903048499178,3.216355695875855
795.8000000000001,14,15,14.045233821824988,15.03577307034191,14.02178113018167,14.970343589682644,3.10421550001067,3.3163556958758775
796.0,14,15,14.045106298296663,15.036518562106016,14.175940577619977,14.972686001311331,3.12694372966668,3.4163556958758434
796.2,14,15,14.04541460430548,15.03814751928553,13.95004000689202,15.066719521204238,3.2145854766157793,3.4078636003618046
796.4000000000001,14,15,14.046533385467109,15.038783421132845,13.972329315171036,15.011970408758065,3.1716420780799304,3.307863600361782
796.6,14,15,14.046121168694722,15.0383403022558,14.136551304734573,15.013331925247208,3.0716420780799645,3.2447187199406877
796.8000000000001,14,15,14.044660313597223,15.037355438100409,14.020863232697785,14.964224912819446,3.093538623338673,3.214200917820322
797.0,14,15,14.044036193034932,15.036044752127294,13.927419153078958,15.200879580409964,3.076661444057387,3.1917337089180955
797.2,14,15,14.043236732638462,15.035183977731629,14.049703746803912,15.00721785746133,3.14697184760915,3.2886487812730225
797.4000000000001,14,15,14.043625023030101,15.034553979944503,14.11446564158333,15.148268860971413,3.1445939557317297,3.207934265729989
797.6,14,15,14.042801324305763,15.033360514952797,13.973999938001551,14.827299785547392,3.0773283338308337,3.2549713565732774
797.8000000000001,14,15,14.040822437277827,15.033333334204368,14.07746032491049,14.947049957424738,2.9790697863120106,3.3549713565733
798.0,14,15,14.037923348185169,15.033661841005557,13.921163197387687,15.1829955190484,3.0119697060408184,3.286287350577378
798.2,14,15,14.03650583099743,15.032760337050075,13.93820729055838,15.138452343176848,3.111969706040841,3.1862873505773552
798.4000000000001,14,15,14.036432031416169,15.031425461400827,14.046920746640557,15.016192984847535,3.1250872122468762,3.2480228073385176
798.6,14,15,14.035263937208347,15.031048872056099,13.96950376326757,15.073981810080793,3.045646406212145,3.2584072857750304
798.8000000000001,14,15,14.032744064783548,15.02979637245709,14.158329884813462,15.121027600109457,2.9463818928356886,3.1584072857750076
799.0,14,15,14.02928437802148,15.027971100805866,13.976334562763322,14.937571655700461,2.9784919327979704,3.206343157659873
799.2,14,15,14.027297695813406,15.027013159459843,13.998472534544188,15.076430336200879,3.078491932797993,3.2089556299381536
799.4000000000001,14,15,14.026971122804381,15.025132117519718,13.93656781491269,15.161694287945815,3.178491932798016,3.108955629938131
799.6,14,15,14.02793977748082,15.022148085359715,14.086638851045453,15.052951657487089,3.186405757203519,3.0670805076335723
799.8000000000001,14,15,14.027709154345043,15.019753471456374,14.1412342757919,15.00745762577041,3.0864057572034964,3.166969263482702
800.0,16,12,14.025805542995816,15.018299139807803,14.02735952149561,15.213778910757258,2.986618036923585,3.166420841145204
800.2,16,12,14.023901162996587,15.015898193997584,14.027968332350016,14.940712233838795,3.086636428579044,3.0664208411451814
800.4000000000001,16,12,14.023646664537244,15.012245092940104,13.950453539082163,15.053035431929228,3.186636428579067,2.9664208411451587
800.6,16,12,14.02502964545515,15.007346347553197,14.02918926792573,14.929269744834144,3.286636428579033,2.866420841145193
800.8000000000001,16,12,14.028037782785407,15.001208430358261,14.054633348065305,14.9131012646958,3.3866364285790556,2.76642084114517
801.0,16,12,14.032658827339661,14.993837773686403,14.047437782443012,14.960904657876904,3.4866364285790215,2.666420841145204
801.2,16,12,14.03888059901208,14.985240767957933,13.947862331642257,14.911998814924893,3.586636428579044,2.5664208411451814
801.4000000000001,16,12,14.046690982147117,14.975423760038197,14.082480593692129,15.048235652785024,3.686636428579067,2.4664208411451587
801.6,16,12,14.056077920971331,14.964393051678694,14.194610867527773,15.11197961101112,3.786636428579033,2.366420841145193
801.8000000000001,16,12,14.067029415050314,14.952154898043796,13.984710389500098,15.001138902988078,3.8866364285790556,2.26642084114517
802.0,16,12,14.079533514762502,14.938715506328682,14.102628272818162,14.732630227850658,3.9866364285790215,2.166420841145204
802.2,16,12,14.093578316770015,14.924081034471309,14.028420892787773,14.962401466202904,4.086636428579044,2.0664208411451814
802.4000000000001,16,12,14.1091519594695,14.90825758996139,14.173732583638238,14.891142327413876,4.1866364285790665,1.9664208411451587
802.6,16,12,14.126242618401388,14.891251228747887,14.154653000513658,14.94687077233885,4.286636428579032,1.8664208411451928
802.8000000000001,16,12,14.144838501603848,14.873067954247007,14.149830463030195,14.887404988405772,4.386636428579055,1.76642084114517
803.0,16,12,14.164927844888188,14.8537137164516,14.250366147415358,14.828668644689824,4.486636428579021,1.6664208411452042
803.2,16,12,14.186498907019924,14.833194411142587,14.090980988761954,14.993558973028092,4.586636428579044,1.5664208411451814
803.4000000000001,16,12,14.209539964781946,14.81151587920217,14.233233226791299,14.976186134285653,4.6866364285790665,1.4664208411451587
803.6,16,12,14.234039307901268,14.788683906028883,14.337994716224996,14.829682432420729,4.786636428579032,1.3664208411451928
803.8000000000001,16,12,14.25998523381618,14.764704221052956,14.429727917697697,14.79372855700327,4.886636428579055,1.26642084114517
804.0,16,12,14.287366042259505,14.739582497351615,14.272416072451625,14.781560657368875,4.986636428579021,1.1664208411452042
804.2,16,12,14.316170029633948,14.713324351361557,14.47338221959742,14.618005959210945,5.086636428579044,1.0664208411451814
804.4000000000001,16,12,14.346385483150053,14.685935342687637,14.481204140720832,14.679318786107638,5.1866364285790665,0.9664208411451587
804.6,16,12,14.378000674699146,14.65742097400483,14.28767266102875,14.74520700469024,5.286636428579032,0.8664208411451928
804.8000000000001,16,12,14.411003854430668,14.62778669105081,14.392807569300558,14.737824092265651,5.386636428579055,0.7664208411451701
805.0,16,12,14.44538324399826,14.59703788270684,14.464443491351231,14.438625827330869,5.486636428579021,0.6664208411452042
805.2,16,12,14.481127029420112,14.565179881163923,14.430912272619631,14.645612328282603,5.586636428579044,0.5664208411451814
805.4000000000001,16,12,14.518223353551285,14.532217962169483,14.43355944974477,14.517179354436012,5.6866364285790665,0.4664208411451587
805.6,16,12,14.5566603080726,14.498157345353599,14.544887328975927,14.420137205590008,5.786636428579032,0.3664208411451928
805.8000000000001,16,12,14.596425924980256,14.463003194629044,14.82680342800015,14.460980745500304,5.886636428579055,0.26642084114517006
806.0,16,12,14.63727640080732,14.426760482904031,14.89890283984854,14.455637957572089,5.951322949936419,0.16642084114520417
806.2,16,12,14.678853145846144,14.389433288877225,14.577810463958725,14.347711401807434,5.9999981729806215,0.06642084114518143
806.4000000000001,16,12,14.720263234924564,14.35109687699552,14.847467899951324,14.278167854354054,5.999999999370433,2.2317938149573465e-06
806.6,16,12,14.760823055022056,14.31265660999324,14.72274912838138,14.347799177846891,5.9242421818856075,-1.184793058781588e-08
806.8000000000001,16,12,14.79939903344221,14.274387582652535,14.842169555353374,14.281505562219428,5.824242181885585,-9.95314242395647e-09
807.0,16,12,14.8359480356566,14.236285036782201,15.021428854753673,14.315046309727707,5.724242181885619,-6.417896149854265e-09
807.2,16,12,14.871636743430308,14.198344991801061,14.766415184871605,14.273876617824598,5.791291030950549,9.217367388977925e-09
807.4000000000001,16,12,14.908587198111071,14.160568132053047,14.821795108142446,14.047596891071953,5.891291030950572,9.572771417817223e-09
807.6,16,12,14.946739733917514,14.122956959883547,14.986895842482992,13.91965790589668,5.942088232752895,4.190208690971732e-12
807.8000000000001,16,12,14.984291759744657,14.085511981506453,14.926958120729987,14.04926845229738,5.9145871310024765,8.703687280186171e-16
808.0,16,12,15.020552324711469,14.048230844998567,15.115164846979491,13.986459041279778,5.814962532980581,-9.504745604606618e-09
808.2,16,12,15.054814177692707,14.011109516363494,14.912264726266935,14.096560404860318,5.737241136862848,3.2800880002023994e-10
808.4000000000001,16,12,15.088041256468342,13.974144491792238,15.012852896064059,13.987714680061538,5.687493322054401,1.0855146172036566e-14
808.6,16,12,15.119495155538731,13.937332782224026,15.15155099425801,13.872661794485623,5.590832559517145,4.414933114875554e-21
808.8000000000001,16,12,15.149266143617645,13.900670394137958,15.217956092123913,14.02082116870714,5.528527847195006,6.593679318315878e-24
809.0,16,12,15.178246128491528,13.864154504112383,15.006804004604566,13.853031430547453,5.537873161023408,1.2620517866591015e-27
809.2,16,12,15.206174802448734,13.827783624052062,15.357204637158185,13.869697625024715,5.438422632138244,-1.5680394608197578e-20
809.4000000000001,16,12,15.232108647602056,13.791554174281828,15.30907117451508,13.792499929002057,5.338422632138221,-1.8591708530522713e-15
809.6,16,12,15.256053413910827,13.755461970373764,15.341301570409161,13.73979799897595,5.238422632138255,4.749045477390781e-12
809.8000000000001,16,12,15.278636699523819,13.719503152213147,15.185760155081363,13.67222610635665,5.260680897020247,-3.5395957696212855e-11
810.0,16,12,15.30183089061975,13.68367747454638,15.380034923365871,13.861892697258,5.252817307004308,-1.7236508617016425e-10
810.2,16,12,15.323576305031649,13.64798407145682,15.277451580817859,13.571576038589251,5.2185532455102965,1.7940864459817968e-08
810.4000000000001,16,12,15.344864151334313,13.612420987486095,15.48302176904605,13.69125368170965,5.1591146069123495,-8.060537650266092e-09
810.6,16,12,15.364924910909199,13.576986113183386,15.180514675404618,13.52201276992355,5.186986101803576,-5.7108876430999956e-09
810.8000000000001,16,12,15.3857355033091,13.54167945740523,15.50971151373137,13.475110365113208,5.190495475267284,1.2199690097442553e-08
811.0,16,12,15.40501697592297,13.506500473051565,15.383424984552361,13.469274479875454,5.090495475267318,2.1403014649771743e-08
811.2,16,12,15.422579034986933,13.471445424664358,15.431533322523629,13.516699067209032,5.068026336723009,-4.413652262169378e-09
811.4000000000001,16,12,15.43977756988045,13.436512609693247,15.418915708977929,13.481566864757536,5.005330345121672,-1.4925883919500695e-08
811.6,16,12,15.455070260580897,13.401699739532507,15.456499126725685,13.427782517991908,4.9053303451217065,-5.3768222135565526e-09
811.8000000000001,16,12,15.46961889567613,13.367003669705989,15.402512654700045,13.23780841995724,4.976186155273824,-9.605568788190395e-09
812.0,16,12,15.484882292908344,13.33242537604954,15.761061119341216,13.422458173116354,4.954186459951386,1.8267110415656555e-09
812.2,16,12,15.498450454731325,13.297963835326069,15.594401795716468,13.433593475108022,4.869859919013074,2.8770979503949803e-10
812.4000000000001,16,12,15.510525036699077,13.263615797116445,15.612494969947985,13.41104352031383,4.782877774341933,-1.4932003062125837e-09
812.6,16,12,15.520657770346158,13.229379655579233,15.602725213013128,12.966836157989045,4.682877774341967,0.005175139975725239
812.8000000000001,16,12,15.528847251136549,13.195265720833204,15.589505812055416,13.27181991722738,4.582877774341944,-4.990997480541361e-09
813.0,16,12,15.535098860543904,13.16123714737873,15.665278433415542,13.175804246820032,4.482877774341978,-6.8311886661354894e-09
813.2,16,12,15.540314742970304,13.127308176444725,15.54712804736734,13.339825077746916,4.5296889456489975,8.81295276558784e-09
813.4000000000001,16,12,15.546808913369397,13.093479662347177,15.457546423927763,13.04668860501648,4.62968894564902,1.835232383282416e-08
813.6,16,12,15.55436549950766,13.059754509264005,15.614454446645663,13.071860485741777,4.640656907799513,6.4072789987039555e-09
813.8000000000001,16,12,15.560649083708444,13.026132691484534,15.64889588318801,13.005120021653516,4.600906874282791,9.9188449997093e-12
814.0,16,12,15.566219960084831,12.99261234365794,15.603589046743448,12.936266054664902,4.524670434024495,2.2097311166876546e-11
814.2,16,12,15.57148599070186,12.959192054809494,15.503365063353442,12.920755704184481,4.6208263600901684,-1.5754773316944285e-09
814.4000000000001,16,12,15.578147225239192,12.925979149793529,15.429011821264089,13.009759000569666,4.720826360090191,0.04096160797845279
814.6,16,12,15.584955988285211,12.893550126082209,15.547893685295431,12.846905943029233,4.647509113134634,0.06443823068673224
814.8000000000001,16,12,15.589867403434376,12.860711371025575,15.628017528758583,12.929444057178,4.547529067119275,2.0934814696964516e-06
815.0,16,12,15.593957683835182,12.827695900215202,15.574181775032438,12.827862174734259,4.593026786806551,9.933210051576868e-11
815.2,16,12,15.599097377111072,12.794780371715566,15.499102202695502,12.814862462446287,4.692997624418432,-5.379435827217749e-09
815.4000000000001,16,12,15.605027666827988,12.76196730464372,15.66277491694339,12.922963794916477,4.672356493455619,7.718631117758401e-11
815.6,16,12,15.609416706251405,12.729667222452145,15.683230887051808,12.683743036743659,4.627727608931342,0.08094744535300982
815.8000000000001,16,12,15.612975925377595,12.698697840931672,15.702015746749298,12.79340897574119,4.546123273859493,0.1809474453530326
816.0,16,12,15.61525431122038,12.668925431665192,15.672581485117778,12.761231779447222,4.566457100329678,0.2116383143864823
816.2,16,12,15.618709944201822,12.639675222043024,15.608617324547913,12.602247926035687,4.6664571003297,0.3030270937145864
816.4000000000001,16,12,15.622731968834879,12.61144215464752,15.776685630804465,12.71098770502433,4.620875036102143,0.30079667825723194
816.6,16,12,15.625653615104444,12.582799466322314,15.557518125654688,12.596160072943526,4.646242946610917,0.3212915072984296
816.8000000000001,16,12,15.629798893232417,12.555304511119312,15.613751121837776,12.60254771861933,4.7462429466109395,0.42129150729845233
817.0,16,12,15.63508707800761,12.529155956748838,15.775415667589895,12.414499764777858,4.757854602066114,0.5212915072984182
817.2,16,12,15.639050102011282,12.504350950347778,15.719641499503675,12.51412078938551,4.657854602066092,0.621291507298441
817.4000000000001,16,12,15.641759549676909,12.48036845843231,15.447314093478747,12.60687523285135,4.674820802760047,0.5932051356856564
817.6,16,12,15.645686280640628,12.455374451106518,15.515801170818657,12.565934756417295,4.774820802760013,0.49320513568569047
817.8000000000001,16,12,15.650647657600809,12.430214370168239,15.6276992480697,12.389864463278847,4.770447934975493,0.5719209726342881
818.0,16,12,15.654160169984088,12.406344021016023,15.763868092940283,12.693734021375018,4.6704479349755275,0.6374531859775223
818.2,16,12,15.656161252152605,12.383155217925342,15.526445092352699,12.314983712368305,4.655382033579704,0.715664073142149
818.4000000000001,16,12,15.659038760558738,12.361284718729463,15.623073090529694,12.283594441916726,4.705057413006075,0.8156640731421717
818.6,16,12,15.661376853334643,12.340745434048026,15.561180158892906,12.15857153750641,4.666134620865309,0.9156640731421376
818.8000000000001,16,12,15.664300545308233,12.321533856973781,15.547037439437723,12.134645164550323,4.764256156883846,1.0156640731421605
819.0,16,12,15.667908472403035,12.303465565576431,15.59423275637218,12.275722146173488,4.717069922281269,1.0392207063764012
819.2,16,12,15.670497126924614,12.285269935318652,15.549602820371396,12.194680593482648,4.7271914813506966,1.0752027622933715
819.4000000000001,16,12,15.672617987065795,12.268268398215564,15.828119801999845,12.303262527956598,4.628742623241042,1.1752027622933943
819.6,16,12,15.673076973641926,12.251896995215501,15.658058627703443,12.293813403666588,4.561651745489785,1.1272328531296332
819.8000000000001,16,12,15.672820845793707,12.23441459967181,15.717911234756025,12.401796270206523,4.493790196825735,1.0272328531296104
820.0,16,12,15.672183811167764,12.216325397294247,15.584103674342606,12.064307291164717,4.570434759670066,1.0641114351720637
820.2,16,12,15.672998862449017,12.199385535899054,15.712973173435378,12.31568012468178,4.61335156858928,1.126942750693157
820.4000000000001,16,12,15.674089226801831,12.183088658923646,15.530568999970376,12.052633481332695,4.678357879621336,1.205853514160431
820.6,16,12,15.676730213256464,12.16809471434706,15.610874478812018,12.132751312790282,4.750850156664003,1.3058535141603969
820.8000000000001,16,12,15.680101298687454,12.153497451276726,15.659474418017988,12.396100528975976,4.81885831377605,1.2347038113738205
821.0,16,12,15.683512611218937,12.138077903811434,15.774537918909875,12.11713342744443,4.725847174577421,1.23952409163593
821.2,16,12,15.685235243962772,12.123690331042608,15.88161808457086,12.186107572484136,4.625847174577398,1.3395240916359528
821.4000000000001,16,12,15.685900244887495,12.11061332499639,15.710629501659142,12.091254059065967,4.646947161950525,1.4395240916359755
821.6,16,12,15.687604426292388,12.09884418051826,15.707529903587247,11.923006588131432,4.65120428537873,1.5395240916359414
821.8000000000001,16,12,15.688128685646713,12.088162914490272,15.728029182795394,12.120842061137012,4.551204285378708,1.5564064583011346
822.0,16,12,15.687928202535804,12.076947908891809,15.658090101319036,11.980868014228824,4.598385924382725,1.5452083220821935
822.2,16,12,15.689311913342348,12.066646666966683,15.590750556545045,12.064341192121093,4.698385924382748,1.6452083220822162
822.4000000000001,16,12,15.69237906380074,12.056961087659086,15.566794733559853,12.168259972245599,4.773364419794551,1.5972594342854545
822.6,16,12,15.696408492448217,12.046154490114775,15.5757707224584,12.054095595791567,4.851153173747415,1.4980741064746301
822.8000000000001,16,12,15.701007144354474,12.035398630103613,15.789240749746657,12.03735269404764,4.7893872428164475,1.597034800111238
823.0,16,12,15.704030683317493,12.025295677624888,15.728146866480806,12.181743597652966,4.691090663023553,1.5527825456504711
823.2,16,12,15.707084160879292,12.014109943633356,15.618149179129635,12.047211021811519,4.7896807601700235,1.4820410559299086
823.4000000000001,16,12,15.71105693295458,12.003316613338741,15.727173233044343,11.927389455205967,4.7547520735323765,1.5820410559299314
823.6,16,12,15.713568743639712,11.993739748174445,15.730527728259018,11.947535682544487,4.654752073532411,1.6368644711101652
823.8000000000001,16,12,15.714459713104185,11.984964315576777,15.940685250095253,11.911602457535496,4.554752073532388,1.7353689131376715
824.0,16,12,15.714011337881947,11.977482431051596,15.653870140091524,11.867230594478368,4.534172307395288,1.8353689131376374
824.2,16,12,15.71469751099825,11.970344223278714,15.696667283086928,11.904099752361914,4.6341723073953105,1.7617366116514948
824.4000000000001,16,12,15.716426482898896,11.962898946593175,15.910560921178673,11.850513957793762,4.60581155989591,1.829996300962673
824.6,16,12,15.716775813986594,11.956707014921035,15.875319408370235,11.880081508584272,4.505811559895944,1.9153655031437875
824.8000000000001,16,12,15.715638390693098,11.951154482086752,15.77289934324977,11.843275846150156,4.434689825550761,1.9568328693952048
825.0,16,12,15.714977642281148,11.945427164715896,15.496724280511195,11.848329630890301,4.5343466408188755,1.8619478166159436
825.2,16,12,15.71597970246102,11.939498902144438,15.66863849512741,11.85353172467286,4.5904730230871005,1.9423643187559134
825.4000000000001,16,12,15.716413546302467,11.934294814303298,15.794670573657116,11.946312428668486,4.490473023087078,1.9099089994437315
825.6,16,12,15.715262131427266,11.928110868176125,15.784779065272147,11.862140407974591,4.390473023087112,1.8673354148978794
825.8000000000001,16,12,15.713303022133903,11.921510732970571,15.674290178664293,11.929104683811971,4.427787360605681,1.7835886474892373
826.0,16,12,15.71290294149261,11.913779875652265,15.602442639402742,11.845801875016793,4.527787360605647,1.7121629082297065
826.2,16,12,15.714211309348086,11.906326503754272,15.575918987751786,11.897114766386471,4.627787360605669,1.8097388786679112
826.4000000000001,16,12,15.716688631078066,11.899308401870552,15.734088210563408,11.99821793206816,4.613543027395957,1.7446097682104955
826.6,16,12,15.717846196953984,11.891325535773777,15.83884337533069,11.919520712425864,4.513510423795193,1.727661441662269
826.8000000000001,16,12,15.718845954068929,11.884077918670055,15.702414046597996,11.917429456076563,4.60124385876665,1.7644311233840158
827.0,16,12,15.720840142942361,11.876276944969526,15.723658885647557,11.950924048278862,4.598656106976936,1.6873655486710857
827.2,16,12,15.723504386379382,11.868710765630851,15.627930110793255,11.73843065386044,4.69748979793063,1.7864883069524153
827.4000000000001,16,12,15.727222940694423,11.862437945489084,15.786931726523378,11.931158521407518,4.672646912335237,1.886488306952438
827.6,16,12,15.729653450903934,11.857308889058444,15.743760184982925,11.864610837905447,4.6184888795513,1.9183269468341777
827.8000000000001,16,12,15.731616053204029,11.852143189768576,15.835783520265553,11.859497124679084,4.548366277710806,1.9613785009778169
828.0,16,12,15.73201759436713,11.847302957476511,15.706233299958402,11.957310688976191,4.44836627771084,1.8962778074879147
828.2,16,12,15.73150862726051,11.84128102983519,15.747695578576295,11.805546720168719,4.477385227791909,1.81053808232977
828.4000000000001,16,12,15.73250395860493,11.83545065160456,15.824454584446176,11.812904200231516,4.577385227791932,1.9100660825282465
828.6,16,12,15.733923489691868,11.830904914467315,15.688431537693061,11.777891745650178,4.500971867644438,2.0100660825282124
828.8000000000001,16,12,15.735287579493413,11.827113831595407,15.61015801826279,11.888542985192883,4.591667801982906,1.9805966472783956
829.0,16,12,15.738118265393839,11.822250002366019,15.671812198299033,11.747257264937842,4.613149705829084,1.8805966472784297
829.2,16,12,15.741384324011522,11.816952713236118,15.563626649245297,11.580396718111803,4.699104720233533,1.9394047515002684
829.4000000000001,16,12,15.746351445851756,11.812889796842443,15.775976399833686,11.835726504777563,4.789711147958864,2.039404751500291
829.6,16,12,15.752651404595648,11.810114188371507,15.722657994137435,11.645446994476679,4.871944607900412,2.139404751500257
829.8000000000001,16,12,15.758997404533778,11.807930701685965,15.805097214225103,11.793021190757518,4.774101035368233,2.0907563605407695
830.0,16,12,15.763742071770357,11.804602696414676,15.808914476574236,11.868265812157812,4.674101035368267,1.9907563605408036
830.2,16,12,15.767369812491717,11.800499174765793,15.66298817083252,11.809183352536145,4.683295897643864,2.008554920916027
830.4000000000001,16,12,15.771209018306976,11.79625438614387,15.836115044789798,11.935148310681964,4.616489328760582,1.9133608443966756
830.6,16,12,15.77403926815528,11.791583201868772,15.704172442408472,11.829369092511497,4.633491628662036,1.9730035903893175
830.8000000000001,16,12,15.778165506818755,11.787781372379289,15.75776845479069,11.925693413171372,4.677997939948836,1.9655467595382996
831.0,16,12,15.782448539049309,11.783690808263351,15.721503227314583,11.671436423083971,4.72579650962744,2.011568059541231
831.2,16,12,15.788328295083922,11.780793145667326,15.721614951211919,11.765060544074707,4.825796509627462,2.111568059541254
831.4000000000001,16,12,15.795925938145606,11.778595215991196,15.623478425208184,11.900455078598368,4.925796509627485,2.075124730825377
831.6,16,12,15.804746771279554,11.776328648187931,15.697259035595275,11.735830209050238,4.917508456547982,2.1560642563126686
831.8000000000001,16,12,15.813188139890736,11.77518805032201,15.645669144485357,11.730580536611889,4.963073478715419,2.187610778827675
832.0,16,12,15.822268633583793,11.773365606137792,15.757351351559533,11.978127718580458,4.9115094665377805,2.087610778827709
832.2,16,12,15.829822609066762,11.770587392005842,15.821317994034409,11.668229276132235,4.811509466537758,2.0802625395194334
832.4000000000001,16,12,15.835754795221815,11.768638825804679,15.972747824290677,11.823581517334823,4.711509466537735,2.1260898070781695
832.6,16,12,15.840076541418968,11.767171626704098,15.799600511617802,11.653946226634877,4.611509466537769,2.2086308235619545
832.8000000000001,16,12,15.842973760329397,11.766595436144662,15.885861368530565,11.793594078674381,4.575949057438136,2.1995787595336553
833.0,16,12,15.84540548758621,11.765630106276571,15.907511141290687,11.66249935756574,4.490358933363881,2.2367701942704827
833.2,16,12,15.846255547666603,11.765810072168595,15.796715077813717,11.739103817112069,4.390358933363858,2.3367701942705055
833.4000000000001,16,12,15.845615184427206,11.766353885315532,15.745757546997813,11.82383091233097,4.335456085382092,2.267490509543827
833.6,16,12,15.844247472504215,11.765678090052566,15.958044903337205,11.805807583742,4.247184864486988,2.1674905095438612
833.8000000000001,16,12,15.842236738981375,11.76375394842328,15.775407526823889,11.870521532005377,4.297980002110816,2.0674905095438385
834.0,16,12,15.841679639992691,11.761062753445419,15.88622918130667,11.758305519940304,4.335307743429643,2.090780672182113
834.2,16,12,15.840296134012865,11.759454676754626,16.045939352208112,11.550771336722605,4.235307743429621,2.190780672182136
834.4000000000001,16,12,15.837683364387411,11.759109231748946,15.865096537409555,11.741543841772685,4.228979717388582,2.2907806721821586
834.6,16,12,15.836345017370087,11.759033110384525,15.682871351022325,11.891428105006662,4.328979717388548,2.2131654051923566
834.8000000000001,16,12,15.836739240657995,11.758246866625107,15.874018077965955,11.699060596713524,4.428979717388571,2.242091199401628
835.0,16,12,15.838859804371289,11.7585686260192,15.886405621509804,11.79116403432569,4.523722489644443,2.341908186606154
835.2,16,12,15.840986713523028,11.759558352237567,15.990029041997689,11.63370273799772,4.424869033729,2.3434872255377552
835.4000000000001,16,12,15.842369352038846,11.760172399140375,15.817155367001192,11.745550105347508,4.467496558109907,2.2815520594766125
835.6,16,12,15.845346676526145,11.760974141971861,15.823297803266527,11.690744944120619,4.567489861139168,2.378051872438828
835.8000000000001,16,12,15.8495444091711,11.762083449847914,15.919174134562939,11.86573088083522,4.601549334422403,2.303326785326653
836.0,16,12,15.853227911006801,11.761969525131649,15.954496961857185,11.887006905546373,4.50236739024032,2.203326785326687
836.2,16,12,15.855743673147199,11.76061284936495,15.702336023747998,11.815506789392662,4.506484685656723,2.103326785326664
836.4000000000001,16,12,15.859573547911348,11.758390042268966,15.717655485743528,11.760222601237164,4.606484685656746,2.1124280915403055
836.6,16,12,15.864623852042097,11.757182615935081,16.007387823085747,11.606646028180414,4.599966593722266,2.2124280915402714
836.8000000000001,16,12,15.868413232245404,11.757117611644793,15.9204949185709,11.774745036327337,4.4999665937222435,2.2484285538298137
837.0,16,12,15.870585016800895,11.756389950995093,15.965224412408217,11.829392664992355,4.399966593722278,2.1484285538298478
837.2,16,12,15.871626563404751,11.754960040263022,15.858558466220526,11.792400330484709,4.409004755126903,2.1798353308010032
837.4000000000001,16,12,15.874030584370452,11.754648877545014,15.867427359173707,11.70187803640243,4.5090047551269254,2.279835330801026
837.6,16,12,15.877939198055214,11.75560461939171,15.897000219610275,11.692686621438735,4.538004333293422,2.379835330800992
837.8000000000001,16,12,15.88130692888065,11.75663678759503,15.858358012029067,11.868435372686045,4.508868729177254,2.2852481973367906
838.0,16,12,15.883893187093022,11.756616357552568,16.075777988447822,11.764329373854768,4.410616673322846,2.2636154581271772
838.2,16,12,15.886059050199542,11.757395857066609,15.797769129795011,11.59144463604807,4.480093653014338,2.3636154581272
838.4000000000001,16,12,15.889907319255883,11.758859488789103,15.591154254361443,11.856589867218641,4.5800936530143606,2.3277855073874276
838.6,16,12,15.895221816256067,11.759464735860153,15.874233899100895,11.809074964000486,4.603218079920369,2.3183076476489144
838.8000000000001,16,12,15.899545731979119,11.760468157832046,15.92287282790373,11.738587011550099,4.503218079920346,2.2931652230069344
839.0,16,12,15.902987194911997,11.760402743867362,15.907154604948623,11.818034601710886,4.508061895663136,2.1931652230069685
839.2,16,12,15.907452025714479,11.760095193546777,15.744121305314636,11.635195370866967,4.60719325234423,2.2717715639843092
839.4000000000001,16,12,15.913072385193692,11.761038301692391,15.901995297200738,11.72044193267681,4.592942352634334,2.3604617960403917
839.6,16,12,15.9173774195144,11.762213333130559,15.912868226364507,11.715751541602689,4.492942352634368,2.326739178167113
839.8000000000001,16,12,15.920064661279001,11.763825420387828,15.994824521399217,11.691254991348664,4.392942352634345,2.4231326054154327
840.0,16,12,15.921283102179492,11.765891810447515,15.956348873990551,11.83458207278108,4.350335669201809,2.3632626763533007
840.2,16,12,15.923372851875168,11.766755492930002,15.893857666458176,11.898898857376508,4.450315669719204,2.263262676353278
840.4000000000001,16,12,15.925629704378055,11.766470179141814,16.004992542814385,11.801552449669392,4.358450779901068,2.219578499187171
840.6,16,12,15.92644156211278,11.766798979049312,15.991920255838346,11.657269039918095,4.318204183330802,2.319578499187137
840.8000000000001,16,12,15.928114915433714,11.768387075185624,15.836867091611513,11.806590866960365,4.418261897613471,2.4195784991871596
841.0,16,12,15.930667357920877,11.770856147571706,16.087670760494504,11.810536271009457,4.376196246180598,2.4099959334557224
841.2,16,12,15.931819196308972,11.77232816684076,15.947251520985954,11.792423469711576,4.317494040012293,2.3099959334556996
841.4000000000001,16,12,15.93244964770563,11.773336374755631,16.0136269351121,11.733523495147328,4.24893754523426,2.3686081448401963
841.6,16,12,15.932183649330046,11.775546212682777,15.893464058881964,11.71388003635975,4.276196016224681,2.468608144840162
841.8000000000001,16,12,15.933422810545585,11.77833838754142,16.014905119291885,11.880178408968222,4.3761960162247036,2.43324728456639
842.0,16,12,15.935535733425379,11.780914731585456,15.960809852576178,11.746504956381218,4.33363154353657,2.46789552127686
842.2,16,12,15.937247772840971,11.783124131167362,15.910983397427506,11.989769043971727,4.394108066240916,2.3687895499245375
842.4000000000001,16,12,15.940601098144148,11.784153796270852,15.9072448151006,11.608642048634598,4.494108066240939,2.3170349185084484
842.6,16,12,15.944233698030567,11.785126823687763,16.020122679768196,11.801451677995015,4.409624062891574,2.279359333901077
842.8000000000001,16,12,15.946242520321118,11.786036629781005,15.922270474274763,11.705293801600638,4.309624062891551,2.363435198337036
843.0,16,12,15.947833656648367,11.787896267168376,15.92344010358828,11.771712126412687,4.379854411097307,2.373557021948009
843.2,16,12,15.950905737978083,11.789159178101864,16.056963982141397,11.804549760431472,4.413063274757523,2.31074619277209
843.4000000000001,16,12,15.953083228857738,11.789611569095886,15.913010421151236,11.804920114868802,4.315574401520022,2.243147639320666
843.6,16,12,15.955044428859374,11.78995816659725,15.906166623064568,11.764604251017786,4.387058693443844,2.298872377180006
843.8000000000001,16,12,15.95688755551047,11.790216640258256,16.046247709109874,11.685259535526814,4.289927890312953,2.2161866913947423
844.0,16,12,15.957961384712911,11.789291415118381,15.81401462108834,11.824416437553639,4.334848702383489,2.116199136812856
844.2,16,12,15.960151009302267,11.787244555333187,16.015771657236588,11.831062295038917,4.333205694701098,2.079566648921899
844.4000000000001,16,12,15.961448255987245,11.7858731829326,16.0017512566311,11.75417131342245,4.3270019468115155,2.1748675914418856
844.6,16,12,15.96270636973057,11.785706042410864,16.154666599157753,11.671141447151163,4.253741054740125,2.274697570325815
844.8000000000001,16,12,15.962358973977143,11.786796473246621,15.941912562179096,11.80366579865078,4.1536915292343215,2.374697570325838
845.0,16,12,15.961941328294616,11.789139501863726,16.02018590751433,11.65235499078497,4.246682184175786,2.474697570325804
845.2,16,12,15.963238273039545,11.792219722572735,15.757731052200636,11.78114867672514,4.346682184175808,2.446701428460637
845.4000000000001,16,12,15.965634554926579,11.794205598329716,16.1911295061054,11.707091642791724,4.325631157254752,2.3467014284606145
845.6,16,12,15.966657448139102,11.794966610405904,16.12120619010464,11.75359598557157,4.225631157254786,2.26662770996283
845.8000000000001,16,12,15.966250710657672,11.795917214562214,15.985503753363275,11.724602340219748,4.195946315263991,2.364146029563495
846.0,16,12,15.965613055411584,11.79723807003904,16.0275949516352,11.745480338403985,4.123890674651181,2.2965148333557455
846.2,16,12,15.964502199502505,11.79733304635819,15.928801108832703,11.790889647182556,4.188359395743378,2.1965148333557227
846.4000000000001,16,12,15.964382820648876,11.797037520665842,16.004336030768084,11.732396501529907,4.164236798551756,2.2624598222851913
846.6,16,12,15.963241245636898,11.797838180662527,15.993153953687107,11.742766672398718,4.159315810616081,2.3000176039613813
846.8000000000001,16,12,15.963338844279226,11.799017836945255,15.930885316526867,11.591649229664165,4.259315810616104,2.382279753515207
847.0,16,12,15.965136681969371,11.801084470146916,15.943412567511507,12.001608939039256,4.35931581061607,2.3755383827082075
847.2,16,12,15.9682356368316,11.802216121043335,15.933118132829795,11.919294797588234,4.362181740703508,2.3140254023232383
847.4000000000001,16,12,15.970878065290238,11.803380523073987,15.932811180874351,11.790741570886606,4.395921510056034,2.311343030608888
847.6,16,12,15.974278807004822,11.804888360072662,16.01796864888606,11.758987400326339,4.362295342204603,2.408632408007592
847.8000000000001,16,12,15.976399459326315,11.807235494811637,15.911770510776023,11.920378604909176,4.306468165887786,2.3934015588302717
848.0,16,12,15.979082855640465,11.808552228169624,15.931454161428977,11.764995364985626,4.404263450472258,2.2933338534401644
848.2,16,12,15.982260431052765,11.809822341404475,15.954520001536608,11.745132229046847,4.335206071712725,2.389349626321711
848.4000000000001,16,12,15.984721532618579,11.81179877498711,15.92116748555363,11.708041151718273,4.380702093632142,2.357029880895873
848.6,16,12,15.988748606042146,11.813518066871014,15.740261169099343,11.693808993312116,4.480702093632108,2.4218332955407122
848.8000000000001,16,12,15.994412066013153,11.816315152854363,15.913361210726428,11.81192116289165,4.544833457302998,2.454358551133587
849.0,16,12,15.999556956866442,11.81841180189781,16.065833394776696,11.891782507421102,4.444833457303032,2.354358551133621
849.2,16,12,16.003118297653675,11.819768535423272,15.96658202276443,11.538240798270484,4.383681733026226,2.3820713403198797
849.4000000000001,16,12,16.00585554688129,11.821996959475939,16.185073897224573,11.903623122629613,4.29824349655736,2.3980492755420966
849.6,16,12,16.00696492056503,11.823703839103173,16.003955336974254,11.75370698293931,4.198243496557394,2.397940992115172
849.8000000000001,16,12,16.00652316451498,11.825560872410934,16.120716532074038,11.852691076428725,4.142078712651382,2.3396401101499884
850.0,16,12,16.005463967756583,11.826414398485001,15.995648016332845,11.615742363527836,4.079710787067704,2.3199201343336244
850.2,16,12,16.003368599928933,11.827013364595073,16.077050130637193,12.007872390470236,4.02223321493631,2.236592581420643
850.4000000000001,16,12,16.00163416312624,11.826420980825077,15.815374213020148,11.82308057140192,4.121156459422158,2.18039650853858
850.6,16,12,16.001330741851817,11.825902724830868,16.080925260109257,11.885379219906993,4.144577095225233,2.1654222911410663
850.8000000000001,16,12,16.000333407221852,11.824356145392642,15.976622130542001,11.896578293126295,4.133716780506368,2.0654222911410436
851.0,16,12,15.999589531960606,11.821561144980128,15.961395788950284,11.929033835941192,4.087233922768186,1.9747701560651922
851.2,16,12,15.998543968245084,11.818880522897922,15.896426381313615,11.862790207500893,4.160782832068133,2.07454388596944
851.4000000000001,16,12,15.9988874208804,11.817460053789176,15.990125551790833,11.799364550797758,4.1846176069958805,2.1745438859694626
851.6,16,12,15.998209451999251,11.81683116257282,16.1178037246453,11.974509693381743,4.084617606995915,2.1528296656151014
851.8000000000001,16,12,15.996915963474587,11.816312477269863,15.977865446925149,11.740077895139022,4.142621602099382,2.2461316503231537
852.0,16,12,15.997229263844517,11.816998970078957,16.07645302490296,11.836664739061495,4.2410451929719635,2.3071314541659125
852.2,16,12,15.997608033455212,11.817244932082321,16.04928053662045,11.813058393763558,4.145600797284295,2.2102154039752127
852.4000000000001,16,12,15.996334856277082,11.816361697737724,16.24512854550886,11.90569440431114,4.045600797284273,2.124166333796973
852.6,16,12,15.994201724388333,11.815517238459153,15.820858967283634,11.798276446495535,4.083957086059991,2.220603169591656
852.8000000000001,16,12,15.993590149207837,11.815925958829611,15.846837470329303,11.661073267083788,4.183957086060014,2.3206031695916787
853.0,16,12,15.994287426317003,11.817492843334033,15.915615722492946,11.953021636417136,4.188707080603445,2.3654347254877726
853.2,16,12,15.995130451861108,11.819271353106823,15.82965706093731,11.644448016422366,4.267304684805261,2.4262450167196294
853.4000000000001,16,12,15.997269750080648,11.82224566314359,16.059876218754425,11.621231372000066,4.271864255330018,2.5092344377577502
853.6,16,12,15.998318649638394,11.825010821314208,16.016556826073494,11.96936545841399,4.216731693027352,2.4092344377577843
853.8000000000001,16,12,16.000058367636303,11.826516229541326,15.876035946752982,11.887624032971242,4.316731693027375,2.3092344377577616
854.0,16,12,16.00347476380535,11.826767271891958,15.829499147326423,11.916452793649697,4.416731693027341,2.2092344377577957
854.2,16,12,16.007254613569344,11.826274152810049,16.15983211496722,11.678175327521624,4.340097115840102,2.236075654644596
854.4000000000001,16,12,16.0096770987887,11.826873793856038,15.851256716961743,11.792154128977906,4.322562214304457,2.3360756546446186
854.6,16,12,16.013167875825438,11.828731062626689,15.919381169360948,11.766306000250665,4.393454081312225,2.4360756546445845
854.8000000000001,16,12,16.01623228177515,11.831729178414717,16.17627350893461,11.690691329621291,4.293454081312202,2.475738261428776
855.0,16,12,16.017684609876497,11.834081072599067,15.965194830299213,11.851574881754393,4.217155548207163,2.3757382614288103
855.2,16,12,16.019162726328094,11.835794226143515,16.023318924794566,11.930343589230203,4.247019008629997,2.4162294095408634
855.4000000000001,16,12,16.021515688296997,11.838648920462608,15.802374618956124,11.758374863930385,4.346127144063526,2.516229409540886
855.6,16,12,16.025563350198787,11.84202444737102,15.996567675987894,11.846491814388557,4.4461271440634915,2.46351749853153
855.8000000000001,16,12,16.03045632940926,11.844441684192155,15.891733321935476,11.780917795430048,4.40429435763636,2.4485227626671873
856.0,16,12,16.034438450447446,11.84709309934966,16.049401273085763,11.88333266893201,4.423323141131684,2.4094764040639576
856.2,16,12,16.038214029106893,11.848606083210354,16.17629770052369,11.774782178009547,4.326498667572429,2.309476404063935
856.4000000000001,16,12,16.040424201718842,11.848928297790405,15.88281876095835,11.794626442288932,4.273593454188148,2.2419033461500986
856.6,16,12,16.042331656393177,11.848353852178995,15.971454860959058,11.960340985632865,4.219058008589963,2.1429675579286775
856.8000000000001,16,12,16.042653412235442,11.846956920070207,16.0615116491155,11.886137027497691,4.11905800858994,2.1600183376218527
857.0,16,12,16.041338425515224,11.846073500917411,16.07406826311795,11.970593847249246,4.045858042928697,2.130524139307301
857.2,16,12,16.04043911443502,11.844815160170311,16.014799370290458,11.733133671193906,4.14585804292872,2.182572806320348
857.4000000000001,16,12,16.041204895281453,11.844480779169631,15.971871704500517,11.797196741527063,4.2458580429287425,2.191558969890013
857.6,16,12,16.042250354388248,11.843265542671624,16.284107879926403,11.961189302645675,4.163603730699348,2.091558969890047
857.8000000000001,16,12,16.041900157470238,11.841414675269792,16.055851435074754,11.75707494172968,4.143527898877589,2.1317841860436095
858.0,16,12,16.042150680088916,11.840709417327234,16.08392867267218,11.890790879221495,4.138548531101343,2.2317841860435754
858.2,16,12,16.041316860703784,11.841102365248622,16.122462776342925,11.887258175223545,4.10143232753645,2.2701191051940017
858.4000000000001,16,12,16.041345211662005,11.842086535700124,15.940256494437415,11.745282720496554,4.2013804765618215,2.3666269260369743
858.6,16,12,16.0426736369762,11.843344574103627,16.12650526429655,11.88744731028157,4.205748144443816,2.2900997745904745
858.8000000000001,16,12,16.04302416856061,11.843639287054138,16.036045150342133,11.812729299005664,4.169876403016705,2.2839896712454575
859.0,16,12,16.043996313251153,11.844572309228719,15.98233356406572,11.94195761686265,4.242323287367749,2.2925919046538987
859.2,16,12,16.045456480745187,11.8452024433889,16.06387645419056,11.832161251675835,4.222547778979038,2.328875219037016
859.4000000000001,16,12,16.04681280219827,11.846959585363999,15.984072666237847,11.78454020816296,4.234484328027409,2.428875219037039
859.6,16,12,16.04755351113323,11.849385668364318,16.105709447384307,12.04865269461829,4.139478214274239,2.392647876712209
859.8000000000001,16,12,16.04766455391341,11.85067783705548,15.936978631559226,11.927203030807235,4.1697821443424,2.292647876712186
860.0,16,12,16.047366920427688,11.851034152589708,15.924064928545773,11.836413051880442,4.075058925713366,2.294103077803813
860.2,16,12,16.04572134636515,11.852336600162973,15.995668530027055,11.78104425488264,4.022274465001557,2.3941030778038357
860.4000000000001,16,12,16.043102378060876,11.85488564164978,16.043707954863734,11.801354985997586,3.94161082386838,2.4941030778038584
860.6,16,12,16.040606000506894,11.85855677713851,16.11606240716962,11.760712336721824,4.0377034949764035,2.5342791305559067
860.8000000000001,16,12,16.039816079065137,11.862149717282207,15.931735011826582,11.792107433374163,4.137703494976426,2.5443054068917967
861.0,16,12,16.04036951930819,11.8653162608052,16.16464023702189,11.893580709406528,4.145023872142867,2.4461706770980016
861.2,16,12,16.040145513300327,11.867739068125625,16.124658665027365,11.791850368255792,4.1406695639081015,2.4748081645561206
861.4000000000001,16,12,16.04076048684502,11.870453034359107,16.058889540988893,11.896988497882479,4.14268151589129,2.4154597566252014
861.6,16,12,16.040166369586842,11.872113973665568,16.14187279428231,11.865938970946404,4.042681515891324,2.38633107855586
861.8000000000001,16,12,16.038846952699316,11.87445090012187,16.05605835775568,11.887273916943395,4.091049813010563,2.447443698012017
862.0,16,12,16.039106781602282,11.876339501402327,15.840328882232235,11.982812888851782,4.191049813010529,2.347443698012051
862.2,16,12,16.040989556361744,11.876969053420622,16.035796371249354,11.97874187129802,4.25539816237667,2.2474436980120283
862.4000000000001,16,12,16.042331235852675,11.87719189358345,16.017353720745362,11.706523156153679,4.155398162376647,2.3118203936283828
862.6,16,12,16.042412550580796,11.878514331593612,16.028353745200114,11.942819352589678,4.152980967195541,2.3515716019181774
862.8000000000001,16,12,16.04271551696253,11.879642032126107,16.20126623008223,11.882085241845985,4.0964858390891745,2.3715335641906172
863.0,16,12,16.041447353059432,11.880803419402943,16.159150485371118,12.013810113154957,3.9964858390892086,2.2917461267491017
863.2,16,12,16.03939751787001,11.8807150474419,15.875436207574502,11.96042384376141,4.041133658163982,2.191746126749079
863.4000000000001,16,12,16.038885790239032,11.879947202004335,15.987647794302854,11.817813044932006,4.141133658164005,2.22759272154386
863.6,16,12,16.039939519953716,11.879713564339506,15.962336259220061,11.956805920565492,4.1997824285618774,2.190343326691802
863.8000000000001,16,12,16.040401006725663,11.878405380371198,16.11211370461668,11.962866317036179,4.100146401526865,2.1287298202545912
864.0,16,12,16.03965509980951,11.876547458683307,16.03019132478395,12.012729766977042,4.106257370708109,2.06685116498211
864.2,16,12,16.039741555655592,11.873636568905903,16.056219385361114,12.053975981839612,4.102592895019906,1.9668736063356507
864.4000000000001,16,12,16.03995830642086,11.86970808675217,15.917129810978667,11.818769483940878,4.188395210629346,1.9528814119659343
864.6,16,12,16.04179872513972,11.866636086644455,15.926133317442224,11.773866123101424,4.288395210629312,2.0528814119659002
864.8000000000001,16,12,16.044448161221645,11.864828431579351,15.933370999044026,12.056344262620236,4.247237776461165,2.1503840919823616
865.0,16,12,16.04556310360653,11.863723869911068,16.061510313872112,11.922249199648043,4.147237776461199,2.1715674259552142
865.2,16,12,16.045006484772,11.862699604097564,16.170261769273687,11.92326590626276,4.047237776461176,2.1559525904697736
865.4000000000001,16,12,16.043984170145105,11.860973337408632,16.018384881426527,11.993585605750722,4.117252114577863,2.0589838672896468
865.6,16,12,16.0445721854359,11.858416870146643,15.9224230904867,11.98699193455843,4.217252114577829,2.0365823853278053
865.8000000000001,16,12,16.04666052924888,11.856408459485166,16.04699200568448,11.904502116955584,4.258763193965088,2.1356681424858586
866.0,16,12,16.047903992054977,11.855661238131853,16.092700264979328,11.708885541502035,4.158763193965122,2.2356681424858245
866.2,16,12,16.047641579207134,11.856165659218629,15.997030276481043,11.885495211229294,4.120229858839534,2.324243874377779
866.4000000000001,16,12,16.048258099635046,11.857625898631605,15.945553030159646,11.822514730211443,4.220229858839557,2.411303250141985
866.6,16,12,16.050558145529852,11.860333322644202,15.947664004127791,11.760302457998707,4.3202298588395225,2.511303250141951
866.8000000000001,16,12,16.05452790299432,11.86357016557257,15.959439362264321,11.996851041699216,4.404727256507321,2.45951544374593
867.0,16,12,16.058285343855083,11.865623410726483,16.05067525104124,11.71913757110151,4.305430536256835,2.359515443745964
867.2,16,12,16.060465135386,11.866554691664913,16.036658208178185,11.725180812524146,4.249095652369883,2.312727883718889
867.4000000000001,16,12,16.062057281744753,11.867385748517004,16.130672145142732,11.807462183872513,4.176520647862807,2.3099531071744024
867.6,16,12,16.06202531812858,11.86879074204802,16.13670123511661,11.852256596220366,4.076520647862841,2.4080969871774727
867.8000000000001,16,12,16.060427535966063,11.871270465916503,16.16125246754156,11.941286035324547,4.0101225990892875,2.4424929546840115
868.0,16,12,16.05848698954403,11.873546828107534,16.118577294453146,11.861760440654097,4.00607050618615,2.4173091469146275
868.2,16,12,16.057337709216846,11.876281884955922,16.107610395901126,11.782608836425357,4.104556659069551,2.5162825413010514
868.4000000000001,16,12,16.05703380593692,11.879850725971751,16.18733505446492,11.915905987807506,4.061493205168417,2.5017452276113854
868.6,16,12,16.055884687525328,11.882382169722014,16.001353184621195,11.929102920504556,4.086711956772081,2.4017452276114195
868.8000000000001,16,12,16.056181847931082,11.884424723584722,16.02827264714629,11.688533171580545,4.17445960224793,2.458802586165421
869.0,16,12,16.05725625952109,11.887196413858412,16.08843302797167,11.751312580648355,4.194364911989499,2.4421185785760517
869.2,16,12,16.05938937125002,11.888961955284994,15.884850351267547,11.934259315180233,4.294188095297273,2.3422621857405224
869.4000000000001,16,12,16.06259068885617,11.889737566875688,16.13220721134976,11.903655757017983,4.274099606393411,2.3007905523674346
869.6,16,12,16.064392664255482,11.890545437653968,16.194738163485695,11.798704290025682,4.174099606393445,2.333550049024125
869.8000000000001,16,12,16.065135962474837,11.891156320998828,15.929417202966233,11.918465589742347,4.194305711059361,2.262292103878668
870.0,16,12,16.067192718409903,11.89077973360091,16.0048465814811,12.010040809599614,4.249332126020212,2.1812591117343816
870.2,16,12,16.069317188762504,11.890495085369613,15.991917890166633,11.842478670682983,4.282603324806202,2.27885382586258
870.4000000000001,16,12,16.07291390298336,11.891367283058727,16.120014202744564,11.93581412588359,4.382603324806225,2.3221417181129396
870.6,16,12,16.07714161391025,11.891632030887052,15.871800173564441,12.024853261031648,4.325390149845562,2.2221417181129737
870.8000000000001,16,12,16.079768404020307,11.890645610507429,16.2683329669154,11.812967125758588,4.2253901498455395,2.1234233157919564
871.0,16,12,16.080714872834818,11.889664152855921,16.11178115905615,11.819981993252219,4.125390149845574,2.222228697131625
871.2,16,12,16.079993268567204,11.889905652744044,16.109045431135808,11.897516303607425,4.025390149845551,2.293098488130572
871.4000000000001,16,12,16.07799699363734,11.890529591951955,15.982612542508106,11.901933088097264,4.021030229558583,2.312580488103504
871.6,16,12,16.07722196545102,11.89092543208021,15.94939362314965,11.933958989329408,4.121030229558549,2.2492803403438546
871.8000000000001,16,12,16.077324067796415,11.890821092568332,16.130828823328994,11.914143561953686,4.08332417844773,2.240076398272335
872.0,16,12,16.076044701212783,11.890392384937972,16.056846270538703,11.88375551865526,4.03757367591349,2.1935455010836558
872.2,16,12,16.07521335247451,11.890268504756706,16.138270033033226,11.707983806403963,4.048247729796211,2.292159489784671
872.4000000000001,16,12,16.074645407125193,11.891396150224528,15.944019837672258,11.825880824042972,4.132194179528875,2.3921594897846936
872.6,16,12,16.075382652281093,11.893306986749206,15.999596271089239,11.873230729720659,4.150676923802497,2.3701474547639987
872.8000000000001,16,12,16.075141646347788,11.894148118847342,16.053731408297914,11.980794880975672,4.050961280138322,2.270147454763976
873.0,16,12,16.073241614174485,11.894246102990936,16.148611356802018,11.814431282999251,3.950897276260263,2.298547299625437
873.2,16,12,16.07101567139703,11.894648239266527,16.196020283650107,12.098521578904421,4.020242702170752,2.24053441377831
873.4000000000001,16,12,16.068663092049615,11.893981090543285,16.131122875056562,11.825900431363472,3.9229293955794677,2.206541340696805
873.6,16,12,16.065088330481007,11.893949644737372,16.084446758122773,11.881435786075217,3.92532585703544,2.26682757043334
873.8000000000001,16,12,16.061795217252772,11.893461827959765,16.09779388770098,12.038474744450031,3.870748971814687,2.166827570433317
874.0,16,12,16.057242015569912,11.892342808771028,16.044208080343054,11.893304901817157,3.857760472261577,2.208642792256956
874.2,16,12,16.053829080018414,11.89236551845286,16.098212581358652,11.76263868086877,3.9577604722615995,2.3086427922569785
874.4000000000001,16,12,16.05209378130416,11.893059550127502,15.9701052696506,11.948303711207942,4.057760472261622,2.2730692060124658
874.6,16,12,16.051927225975867,11.89304592339971,16.086594805733185,11.782360038715458,4.108305401774646,2.289006145725874
874.8000000000001,16,12,16.05113935492457,11.893761612861613,16.0584497357505,12.00862999159834,4.046386364699147,2.291004148822317
875.0,16,12,16.050224989880505,11.894288440008365,16.027148737847252,11.676909924545686,4.065137207399162,2.345062076297799
875.2,16,12,16.05026756853743,11.895999883777346,15.9963779165647,11.914110443836002,4.162593455356154,2.445062076297822
875.4000000000001,16,12,16.05101976669855,11.898961516218344,16.02425632866883,11.643069076948944,4.1098376693811165,2.5450620762978446
875.6,16,12,16.051818511278128,11.902504238190245,15.82551764095858,12.052539290776311,4.205092428749735,2.499397307136828
875.8000000000001,16,12,16.053708704129075,11.904877387084174,16.155561226617106,12.018376267998557,4.185549022496041,2.3993973071368053
876.0,16,12,16.05421575327499,11.906354917669203,16.118370392490416,11.85311541619887,4.0855490224960755,2.406882792643731
876.2,16,12,16.054372211072444,11.908812150504867,15.819050711402618,11.75140537863764,4.162148805613445,2.506882792643754
876.4000000000001,16,12,16.056193072353928,11.91171708434156,15.948172688165283,11.996585010395401,4.262148805613467,2.4471106826046833
876.6,16,12,16.05957791852958,11.913566198553244,15.909222198857567,11.757572339044719,4.310749466955305,2.4167338497953748
876.8000000000001,16,12,16.06251103870184,11.91566535075655,16.01835909250175,11.911680845333327,4.24660096775647,2.3941832973160055
877.0,16,12,16.064102099672073,11.91697814403863,16.08265068982315,11.908866651756059,4.146720200798863,2.3891169092883207
877.2,16,12,16.064279276068188,11.918414025401626,16.008714814558545,11.962324476475171,4.118408245652136,2.331328738138129
877.4000000000001,16,12,16.064622826758765,11.918646207139561,16.0181735372986,11.952690523425217,4.1195689001750955,2.231328738138106
877.6,16,12,16.064146810492183,11.917621029993894,16.030287631820645,11.992623238500135,4.02200466583391,2.1313287381381403
877.8000000000001,16,12,16.061994545250645,11.915338916898861,16.203256564796845,11.968414051577781,3.922004665833887,2.0313287381381175
878.0,16,12,16.059170743183536,11.91288972617359,16.003851941745253,11.80758474658959,3.9777281987461683,2.1176451238071725
878.2,16,12,16.057662357479916,11.911689286828713,16.082427673009846,11.868068323359728,3.999141087641516,2.2176451238071953
878.4000000000001,16,12,16.05512265687539,11.911741121503235,16.14749574270674,11.940504326771658,3.920821291401636,2.317645123807218
878.6,16,12,16.052934870983627,11.912324075871515,16.139116215266366,11.844221995581757,4.020818802094184,2.2665248022406406
878.8000000000001,16,12,16.051300828475945,11.911720909229016,16.069413989310558,11.943181841333827,3.9681584066412543,2.166524802240618
879.0,16,12,16.048237173642708,11.910197974728828,16.154326190932842,11.861614740693529,3.868191870886426,2.1705421576578954
879.2,16,12,16.04463964268689,11.90963621437735,15.94921217085467,11.691723628578059,3.9330497166862552,2.270542157657918
879.4000000000001,16,12,16.042664129918744,11.910314239612214,16.053514340695646,11.893838227877428,4.0330497166862775,2.3533864025780113
879.6,16,12,16.041556592861888,11.910780188290927,16.14103592721542,12.056023842340796,3.993763841035803,2.2533864025780455
879.8000000000001,16,12,16.03994025731616,11.910000518755995,15.940423974844084,11.938701089399007,4.048734987576542,2.168271022796183
880.0,16,12,16.039547818333563,11.908160135511167,16.188126350840406,12.023469042389172,4.057333445046776,2.0701981207451245
880.2,16,12,16.038236374884416,11.905817266308766,16.033361980930366,11.938402484128332,4.0382509865500875,2.12486028752227
880.4000000000001,16,12,16.037090680807783,11.904666137197019,16.124725665745814,11.898191704143173,3.9914724966654322,2.2248602875222927
880.6,16,12,16.034399092914516,11.904603332792911,16.168889440858063,11.968297002986777,3.8914724966654664,2.2527477880831017
880.8000000000001,16,12,16.031622145302908,11.904851271890358,16.055875859354593,11.887368546875743,3.9856926547378873,2.3363540924049824
881.0,16,12,16.030518124833524,11.906199873405722,16.04788016130953,11.885880868952649,4.075666376908045,2.399889533806883
881.2,16,12,16.030673981104076,11.907242774777371,16.066135786939803,11.957384640328197,4.159584800041876,2.301403651893166
881.4000000000001,16,12,16.032485226762752,11.907169944374298,15.943837810064501,11.781170954709067,4.259584800041899,2.268269605024294
881.6,16,12,16.035795702274143,11.907798596952222,15.900127456237133,11.772930010031839,4.297716484872364,2.3682696050242598
881.8000000000001,16,12,16.03823877697869,11.909462010913181,16.037148012173787,11.95406642192419,4.197716484872341,2.3841134254789837
882.0,16,12,16.03943714669793,11.910695866510153,15.970564805942121,11.816661636697281,4.197152924135506,2.397949917032776
882.2,16,12,16.041887425289566,11.912110587329273,15.940742509168391,11.990912472144839,4.297152924135529,2.3343969625266334
882.4000000000001,16,12,16.044702206185267,11.912393479887603,16.157380353052766,11.938323318659556,4.220445398562732,2.2852075736193522
882.6,16,12,16.045921727261803,11.91236826803571,16.069227544560157,11.97016863494214,4.15541228985593,2.219082755436292
882.8000000000001,16,12,16.046447740091992,11.911661157237907,16.08513913094192,11.887722401456331,4.084427602622836,2.2498751200143077
883.0,16,12,16.045429999529613,11.911854171125414,16.05178465290167,11.947968022751994,4.018866550027556,2.269290732477242
883.2,16,12,16.04466854027261,11.911538729285851,16.034979876478793,11.851484008440769,4.093339873537355,2.267580106690982
883.4000000000001,16,12,16.044914657789604,11.911910686854593,15.994961272979415,11.972506405710547,4.1356879397061554,2.2847237001159146
883.6,16,12,16.044702153459905,11.9117447154198,16.119265193680043,11.980249688191552,4.037760826761201,2.2278551663535326
883.8000000000001,16,12,16.04298984366266,11.911818458519896,16.088156823582743,11.941533689426889,4.000204201221155,2.324944835659412
884.0,16,12,16.04057939827658,11.912241080137438,16.182940802991894,12.085630163775969,3.9051499733432706,2.2556157819006546
884.2,16,12,16.037105904753243,11.911891321203544,15.976721334307278,11.727291965059841,3.9244646564059136,2.2768142949316554
884.4000000000001,16,12,16.03485196661931,11.91259567083435,16.051494216086933,11.93923530861483,3.9580461322700287,2.376814294931678
884.6,16,12,16.033000592803273,11.914005491249684,15.97165614822364,11.845298684969666,4.035299792102693,2.34569596332094
884.8000000000001,16,12,16.032803852508014,11.914305085710453,16.09441769005649,12.125071591063636,4.135299792102716,2.2456959633209173
885.0,16,12,16.03375514088378,11.913348496581678,16.1132000977435,12.026095886250792,4.124329076100089,2.1456959633209514
885.2,16,12,16.033652152611182,11.911645140243312,16.11730680457293,11.955679529674338,4.108147997366787,2.172743572942486
885.4000000000001,16,12,16.03463890847224,11.911032525790318,16.024835857858378,11.881076845545552,4.20814799736681,2.2727435729425087
885.6,16,12,16.03609181119798,11.911603667978317,16.12379980793016,12.107295132272576,4.13870081602096,2.3244377781928787
885.8000000000001,16,12,16.035959230308755,11.911995752180932,16.099633768218695,11.92072274398709,4.068452705966888,2.3020777514225297
886.0,16,12,16.03483325639046,11.911758448952945,16.089302549405673,12.077184790600123,3.9814981867616144,2.202922562502246
886.2,16,12,16.032759096567414,11.910543724336701,15.915622725331279,11.846054650659733,4.012191613419034,2.197622485917052
886.4000000000001,16,12,16.031864780450583,11.910234777117113,16.09750634519774,11.981571836584084,4.02990411823154,2.2976224859170746
886.6,16,12,16.03100801375895,11.910953558645721,15.983892651734942,11.972166084380955,4.093899466996348,2.313142571521597
886.8000000000001,16,12,16.03084154023376,11.9115705962675,16.12974487037828,11.91681181066719,4.044645222036626,2.3664656400678115
887.0,16,12,16.02934843620938,11.912763503013451,16.00670895916153,11.963859723969177,4.0171582828066645,2.3275247936288195
887.2,16,12,16.02855158328843,11.913159061884059,16.015726028909874,11.969000419200325,4.032148494780075,2.33263666156652
887.4000000000001,16,12,16.02665243890534,11.914473953145256,16.031623602367855,11.934036658901839,3.9321484947800522,2.4069676435869307
887.6,16,12,16.023982466875502,11.915999608767404,15.944134964453168,11.933061520430188,3.9769841216551733,2.3840775722789416
887.8000000000001,16,12,16.022757858360855,11.917979039010982,16.189097840915544,11.721985663717252,4.0248788995930935,2.4831312503861573
888.0,16,12,16.02137742586497,11.921173444642228,16.063286757473072,11.801136484086314,4.042048315185092,2.551576055440374
888.2,16,12,16.02140721280437,11.924442729331183,15.966096941509273,11.856152189004785,4.142048315185114,2.545082480740514
888.4000000000001,16,12,16.02312672463521,11.927196047184854,15.977701765495988,11.911184174497967,4.242048315185137,2.446959916783049
888.6,16,12,16.02500425481199,11.928690603521101,16.045634256000035,11.91930261760407,4.151003466349545,2.3469599167830832
888.8000000000001,16,12,16.02522758503706,11.930113669587788,16.074199840864864,11.679536577158167,4.051003466349522,2.44140240902218
889.0,16,12,16.024508435043025,11.932509595360557,15.965829759791317,11.87513146077376,4.081093927637502,2.447788972758596
889.2,16,12,16.025268361326965,11.934169319341835,15.988481322594481,11.914585799134489,4.181093927637525,2.421596548749872
889.4000000000001,16,12,16.02770386663492,11.93625803555572,15.87348221741606,11.837832489804635,4.2810939276375475,2.4202651078152497
889.6,16,12,16.03129434229901,11.938568074303618,16.05999893098043,11.887616048656193,4.269520195527677,2.513325900414753
889.8000000000001,16,12,16.033558308125446,11.941075893738777,16.109856858688296,12.116084701150351,4.169520195527654,2.4301255224201737
890.0,16,12,16.034248322582908,11.942413455773366,15.974328539380702,12.025853161843301,4.113368006369474,2.380833008294484
890.2,16,12,16.034281905823,11.943534089286317,16.11610644148095,11.954005167249958,4.03567869859022,2.324361510695407
890.4000000000001,16,12,16.032678380411294,11.944250268247952,16.126679774609944,11.773646634022914,3.9356786985901975,2.383674334183394
890.6,16,12,16.029995004573657,11.945993185838875,16.17744939135002,11.892393482746124,3.945767217962836,2.4104328660397623
890.8000000000001,16,12,16.02762882340288,11.947420373367446,16.179502041557384,11.899834449285283,3.925289381130267,2.4295531965345623
891.0,16,12,16.024254318242917,11.949581076627767,16.026876143404813,11.98954461190836,3.8259145828542214,2.431105141414221
891.2,16,12,16.020568394666608,11.950973901822996,15.856143413421673,11.916119660035296,3.90457146610476,2.3637611364965685
891.4000000000001,16,12,16.018546036605947,11.952563450122529,15.937935900139252,11.766681431963823,4.004571466104783,2.4615461752420247
891.6,16,12,16.01820926306163,11.95539771316289,16.009694305350482,11.88518158359981,4.1045714661047485,2.55501723262216
891.8000000000001,16,12,16.0195600150045,11.958148905442936,15.880729519899964,11.939981588957481,4.204571466104771,2.4553890786157284
892.0,16,12,16.022338405416537,11.9597030954372,16.100730450059032,11.956286827026068,4.227475082742579,2.399812773248709
892.2,16,12,16.02408315434969,11.960874112139086,16.063367036511153,11.973872202242044,4.127475082742556,2.3326591651408677
892.4000000000001,16,12,16.024581250953833,11.96143759097456,16.1293453129731,11.838538728115713,4.127543812944847,2.3566903249508804
892.6,16,12,16.025208147111336,11.9617295097884,16.07496784551729,12.025606623191877,4.063636583533597,2.2602960806126853
892.8000000000001,16,12,16.024222392495947,11.961242003007964,16.196421914761697,11.955861160038385,3.9636488776412455,2.283456929887976
893.0,16,12,16.022611231253702,11.961539503750359,16.04604317188963,11.935905984298115,3.9988201471851563,2.330750245463975
893.2,16,12,16.02057752781293,11.96269558168385,16.121641889862616,11.898519456671204,3.9001794356488553,2.43002148852945
893.4000000000001,16,12,16.017590030227463,11.964220581939484,15.9453743260287,12.030937922652047,3.9291652121880505,2.362940647648238
893.6,16,12,16.016069718425186,11.964515232706093,16.021480526505332,11.99798506916574,4.029165212188016,2.2629406476482723
893.8000000000001,16,12,16.01621103965034,11.963587868535175,15.774781972846055,12.02578905436042,4.129165212188039,2.1910130962598053
894.0,16,12,16.01800115715743,11.961974691460973,16.037145630315052,12.064836670967997,4.229165212188005,2.126323628842514
894.2,16,12,16.02030866701356,11.960513332083854,16.01600359783523,11.978681326396963,4.164834152883992,2.2225779986246574
894.4000000000001,16,12,16.021701419269938,11.959908907865357,15.974865808479601,12.029839844461847,4.195609539185681,2.2095955801642617
894.6,16,12,16.024546068446806,11.95942283989461,15.94837193247574,11.965161970676512,4.2948709170924575,2.2994870679172954
894.8000000000001,16,12,16.027388968335238,11.960193219969334,15.983695801782828,11.81692505492957,4.196079606063523,2.399487067917318
895.0,16,12,16.029264823425542,11.962036013200784,15.906588567352081,11.958794437577266,4.225183659734011,2.42321161981573
895.2,16,12,16.031948773376076,11.963521226521442,16.125236482066075,11.849220567756369,4.199905207071614,2.4387004158534342
895.4000000000001,16,12,16.03348932273148,11.965330314567918,15.908154495551928,11.906245167218273,4.182223731492018,2.3889053001525875
895.6,16,12,16.035344411437457,11.965961619536477,16.083045292148352,12.091971430625476,4.145559584384217,2.2889053001526216
895.8000000000001,16,12,16.036421762722778,11.965337162639365,15.980586965025577,12.041455120843432,4.177643087020578,2.188905300152599
896.0,16,12,16.038882445146935,11.964135249015648,16.00549181582214,12.00802286638672,4.236357444438925,2.235511972415821
896.2,16,12,16.040774930471223,11.963655617249923,15.957869984781734,12.145542938249699,4.154149578297561,2.2160100634528628
896.4000000000001,16,12,16.04191336124222,11.962492500027306,16.011938905178297,11.823252962197447,4.139072216591556,2.224033133483488
896.6,16,12,16.043757349768793,11.962217134273093,16.021545415514694,11.902806205168933,4.238725169503786,2.266282667312636
896.8000000000001,16,12,16.047100944581825,11.961516119367591,15.968783871171938,11.92053016050198,4.278204127270599,2.2127102615399274
897.0,16,12,16.049572897348202,11.961193230180385,16.251297183174955,11.915382710922671,4.178204127270633,2.3111404783372804
897.2,16,12,16.050419834023504,11.962020968064115,16.050965125848325,11.985968898663563,4.110713531407424,2.3532384816434924
897.4000000000001,16,12,16.051767319893425,11.962887636531455,16.045382628938086,11.986264751655234,4.210713531407447,2.372946299335702
897.6,16,12,16.05325019144556,11.963386397874219,16.115847120398847,12.034083556671495,4.119006354295385,2.276831792243465
897.8000000000001,16,12,16.05349597937633,11.962629742051767,15.981074707795111,11.944246304371397,4.120646708912172,2.1768317922434424
898.0,16,12,16.054988928618272,11.961194002257793,15.921122821858948,11.842310351425132,4.220646708912138,2.212109728680159
898.2,16,12,16.057307296080772,11.96072087505371,16.10140495687295,11.984994102573136,4.179989690534244,2.239357409506784
898.4000000000001,16,12,16.058286975358165,11.959924449430172,15.905873814181335,11.877016596269751,4.147784947817424,2.2551857053130266
898.6,16,12,16.06019304065478,11.959186693828336,15.812998260217277,12.057048285145887,4.24778494781739,2.178849983022343
898.8000000000001,16,12,16.062577160300567,11.957216096904023,16.263584770512686,12.069947676397671,4.180358126409188,2.0788499830223204
899.0,16,12,16.06344271918757,11.95434926303424,16.045392279883,11.880002762504162,4.136316077802489,2.084864446855518
899.2,16,12,16.065038826095297,11.952467071335406,16.00558440735966,11.787879135173505,4.210093647346029,2.1848644468555407
899.4000000000001,16,12,16.066229774820535,11.951667884496382,16.106580650978373,12.14141334307426,4.110300131770133,2.2096827822030534
899.6,16,12,16.065822411486565,11.95059584367486,16.078075295527313,11.840201267088938,4.053260834147875,2.234945789030675
899.8000000000001,16,12,16.064781930359885,11.950239945352344,16.17233941067173,12.075726792721099,3.9788518800813266,2.2273952162922206
900.0,16,12,16.062104500087877,11.94950258266005,16.203953791765965,11.8679757155928,3.8821314293433438,2.266731388964789
900.2,16,12,16.059452855082355,11.949899549366293,16.00508974147241,11.695386489255982,3.9801262828097452,2.3667313889648116
900.4000000000001,16,12,16.0584787883539,11.951298699917887,15.98593130560554,11.968770371605302,4.0801262828097675,2.3780376358937456
900.6,16,12,16.058298261289618,11.952053649151697,16.06652681618987,11.89047461284531,4.034627792443039,2.363166110371231
900.8000000000001,16,12,16.05658631025385,11.95307360340706,16.13095688584849,11.949219282885272,3.934627792443016,2.32826974204921
901.0,16,12,16.0532200499567,11.952963269718055,16.22135801308696,12.027858325125958,3.83462779244305,2.228269742049244
901.2,16,12,16.04819615785281,11.952660164544094,16.096064891328655,11.981586797860206,3.7346277924430273,2.3129592976027564
901.4000000000001,16,12,16.043039097858586,11.953220470779739,15.907139448153558,12.092701959188892,3.8254234186231004,2.303934756292959
901.6,16,12,16.03955670714999,11.95307157290969,15.955434894721826,11.871052930217694,3.9254234186230663,2.2982050882887592
901.8000000000001,16,12,16.037746308843907,11.953274195374277,16.05574844256943,12.009094513515087,4.025423418623089,2.3099294088544715
902.0,16,12,16.03725253869374,11.954141903429646,15.970147401251198,11.841623822111448,4.033707799986732,2.4093047599409596
902.2,16,12,16.037116131750455,11.956260233095518,16.00568105339559,11.810519526777899,4.124366128621344,2.5093047599409823
902.4000000000001,16,12,16.037560236336578,11.958972729034894,16.212878152011427,12.112738474618183,4.061909705014347,2.4648365356262003
902.6,16,12,16.036417604859533,11.96055698300598,16.079496389456814,11.829633716444345,3.964474244501488,2.399688420977195
902.8000000000001,16,12,16.035076065907376,11.962408571210604,16.055464107533847,11.812721044697742,4.034526550952201,2.4399709363407993
903.0,16,12,16.035172540894386,11.96362883778739,16.025346731634446,12.048326189266373,4.134411024752029,2.3400353980615813
903.2,16,12,16.036934427819244,11.963696556376902,15.835625799714242,11.920728885373412,4.23174248913867,2.297747362020706
903.4000000000001,16,12,16.03871252897787,11.964386115262323,15.974407181676904,11.895074976214465,4.135709781344023,2.397747362020729
903.6,16,12,16.039615079135142,11.965918719192457,16.0294117443097,11.95482863020088,4.161114423617707,2.383410599607282
903.8000000000001,16,12,16.040207891452262,11.966423598886287,16.155929374565293,11.974016284187663,4.063739475039531,2.2834105996072593
904.0,16,12,16.03923002468258,11.965670574283227,15.962716297293506,12.012046755930193,4.011095200733597,2.1834105996072934
904.2,16,12,16.038937008316353,11.964718712031164,15.899415046346201,11.802112470191078,4.11109520073362,2.2669484692500474
904.4000000000001,16,12,16.039593898761865,11.964898490921344,16.085267477392623,12.050852027548157,4.080512136116271,2.3062304933672193
904.6,16,12,16.038786849450567,11.96501245203093,16.15308482072512,11.885950245723539,3.980512136116305,2.323759356045254
904.8000000000001,16,12,16.036795688252326,11.966014192772585,16.083229480122846,11.817407158964377,3.9586250561753213,2.423717800728554
905.0,16,12,16.035348471046728,11.967842707898138,16.118257932157185,12.064312363453116,4.0247986536759335,2.4079168597907845
905.2,16,12,16.035308552390074,11.968631597425492,16.0439244026524,12.075932414752973,4.1243020721822115,2.3079168597907618
905.4000000000001,16,12,16.036453345154946,11.968377959005613,16.00582840482656,11.799273074519576,4.149960968447222,2.2905419038057433
905.6,16,12,16.037856677279127,11.968271418763255,15.972146900855307,12.031005504114251,4.173805748255466,2.2436579094413736
905.8000000000001,16,12,16.03865935300689,11.966999600966487,16.131347609562546,12.020022906531866,4.07602210379572,2.143657909441351
906.0,16,12,16.038093191766002,11.96489713177331,16.115898692977684,11.993969379027737,4.06230022079886,2.1588748722004465
906.2,16,12,16.038040519577297,11.962601822052806,16.10770875714193,12.101445662814251,4.086467255676189,2.061788326281114
906.4000000000001,16,12,16.038932148561898,11.959147498725601,15.975434524896356,12.024067581643845,4.185028753102841,2.0155069768571154
906.6,16,12,16.040101371395554,11.956284605835549,16.213982844102564,12.195351635856916,4.104682707728819,2.1135606702495244
906.8000000000001,16,12,16.03962013199027,11.954308796975218,15.95758211958832,12.019217562936946,4.026716483124836,2.1562720586142663
907.0,16,12,16.03810387649469,11.952023441649066,16.165382574863223,12.000492797670255,3.9454907502111496,2.0610177817964397
907.2,16,12,16.03491864006641,11.948484667530655,16.163636378340467,12.065539539778126,3.845490750211127,1.961017781796417
907.4000000000001,16,12,16.031299592070337,11.943818006745213,15.883919925883456,12.095884146885377,3.9192494379668266,1.9244499449276664
907.6,16,12,16.029286260544602,11.939825730162,16.05737587425118,11.915799912486307,4.019249437966793,2.0244499449276323
907.8000000000001,16,12,16.028913002691624,11.937094297860488,15.938687612906104,12.06855825346308,4.119249437966815,2.124449944927655
908.0,16,12,16.030186517139104,11.935623859780295,15.822778634704429,11.898151526342298,4.219249437966781,2.224449944927621
908.2,16,12,16.033113380139564,11.935414550178557,15.870894484353757,11.965456231009037,4.319249437966803,2.3244499449276437
908.4000000000001,16,12,16.03706182648958,11.93646624833785,16.04407885655583,11.902242885643659,4.295386490979179,2.4244499449276664
908.6,16,12,16.03959346478681,11.938775511210597,16.20780016518514,11.840021931318281,4.195386490979213,2.5244499449276323
908.8000000000001,16,12,16.04049451219555,11.9419964912951,16.033573947765024,11.903041206910661,4.112728415632042,2.5206044657519238
909.0,16,12,16.040406765060393,11.944246329289475,16.047341280342547,12.036760657627166,4.036813460880624,2.420604465751958
909.2,16,12,16.03869715384971,11.945233605272845,16.07163624184875,11.90734352431919,3.936813460880601,2.320604465751935
909.4000000000001,16,12,16.036131161769752,11.944958537038977,15.969761565581523,11.88529418405928,3.9753164851923612,2.2206044657519124
909.6,16,12,16.035073890949352,11.94446164812119,15.985878558622298,11.766947914210927,4.075316485192327,2.3023351132031107
909.8000000000001,16,12,16.03463628523118,11.94516238304491,16.057630196535555,11.811163454459315,4.016629316701126,2.3643931812140746
910.0,16,12,16.032615166056384,11.94542749551514,16.180389502281724,11.98852891932568,3.91662931670116,2.2643931812141087
910.2,16,12,16.028934621128723,11.944431046761109,16.055444385414027,11.943912117467326,3.816629316701137,2.16437745033915
910.4000000000001,16,12,16.02359158105856,11.943321833137595,16.219373597221274,11.950704700457104,3.7166293167011144,2.255668127378221
910.6,16,12,16.017418865172857,11.94345333325771,16.03101795118007,11.922743111063909,3.7571235797737823,2.3528558459323157
910.8000000000001,16,12,16.012782981631013,11.943557551623638,15.991963471247505,12.160590088618912,3.857123579773805,2.254284397155027
911.0,16,12,16.009819361903883,11.942399050680846,15.948715980162415,11.916257676494146,3.957123579773771,2.154284397155061
911.2,16,12,16.008356915957,11.9408402675615,16.049367967903166,12.030820357612837,3.9955543097770754,2.203786212886768
911.4000000000001,16,12,16.00708317898236,11.939078241287797,15.906294770528369,12.019489209412898,4.055407414888014,2.1063690416963885
911.6,16,12,16.007389355466955,11.936064088092929,15.840656085227206,12.114318984768778,4.15540741488798,2.0063690416964226
911.8000000000001,16,12,16.009224515924416,11.931886290951695,16.066410851304735,12.064006442647361,4.205714373048591,1.9306517243879124
912.0,16,12,16.01029508009422,11.927929179029718,16.01583423266539,11.813512276144298,4.105714373048625,2.029576900683519
912.2,16,12,16.009710120708444,11.925235649226279,15.968881179390586,11.889944319923055,4.023689919705346,2.1295769006835417
912.4000000000001,16,12,16.00928456706949,11.92380112221333,16.073323843176283,11.962336126195872,4.118157825522594,2.2295769006835644
912.6,16,12,16.008928161113356,11.92362392730942,15.985811415512003,11.874586769836371,4.022787374459052,2.3295769006835303
912.8000000000001,16,12,16.007248523390228,11.924699348594366,15.963563567516784,11.952603513794376,4.011341825148521,2.429576900683553
913.0,16,12,16.006733745469056,11.927024285370866,16.013815577808597,11.621372208760416,4.111327085625612,2.529576900683519
913.2,16,12,16.007910852643022,11.930176019489846,15.993134576314795,12.077471758264785,4.211327095861063,2.513532633644902
913.4000000000001,16,12,16.00940821615475,11.932301120438913,16.04847464828022,11.920774663325865,4.130157859720023,2.4331369471574926
913.6,16,12,16.009270415863906,11.933550636945247,16.078397832692275,11.984012746937639,4.030157859720057,2.3454602152166117
913.8000000000001,16,12,16.007820150355947,11.93426868422527,16.020563300094526,11.810950347091255,4.0202529320919655,2.3972940918686576
914.0,16,12,16.005927925807665,11.935920162579537,16.161475037568167,12.024587838085994,3.9230945592668025,2.409237048908913
914.2,16,12,16.002560994558195,11.936889516553327,15.989392330332961,11.99245470771301,3.8867261237556274,2.386815009560585
914.4000000000001,16,12,16.0001030478673,11.93754312190854,16.08108940701077,12.054324879069073,3.98672612375565,2.3002989088791015
914.6,16,12,15.999316715540498,11.93711971083676,16.069562220953745,11.914589498934694,4.086726123755616,2.2754282644271715
914.8000000000001,16,12,16.0001942455262,11.936924674596272,15.86764399696512,12.135603471013559,4.186726123755639,2.2445371607216718
915.0,16,12,16.00272844222955,11.936111381043423,15.909700515620738,11.83613231444407,4.286726123755605,2.2686926350555323
915.2,16,12,16.006908301375834,11.93637980320334,15.780822720242993,11.9006529647154,4.38065190050803,2.368692635055555
915.4000000000001,16,12,16.011012563681504,11.93747948740994,16.131186205668953,12.012505361750886,4.281901085164419,2.3516298714230484
915.6,16,12,16.013449957379233,11.937542657525986,15.89292847888939,12.091917914435387,4.181901085164453,2.2516298714230825
915.8000000000001,16,12,16.014215167969002,11.936853878691926,15.968894044814714,11.921680445070544,4.08190108516443,2.2778959616093633
916.0,16,12,16.01375710145467,11.937249912993545,16.031308307841563,11.826933771429847,4.084915568084198,2.377895961609329
916.2,16,12,16.014580572942428,11.938183352539488,16.028068346482083,11.94640374522202,4.184915568084221,2.326893650045851
916.4000000000001,16,12,16.016680552332446,11.937937305499275,15.94603787776457,12.081644306444195,4.192698177656429,2.2268936500458283
916.6,16,12,16.01762813889785,11.937185204952854,16.046939676587886,11.883304751296231,4.0929345761849145,2.281048918735901
916.8000000000001,16,12,16.01781660996591,11.93762353469163,16.05155992817953,11.876086382269467,4.140351698571442,2.3810489187359236
917.0,16,12,16.018924983465922,11.939316322259955,16.064207656769725,11.917629826718922,4.116882242531742,2.481095412814685
917.2,16,12,16.018629906595642,11.94106088706331,16.22114239410637,11.998998072796903,4.016882242531719,2.3855849002919536
917.4000000000001,16,12,16.0172158445735,11.941578538628589,16.048109106848493,11.923800258342235,4.02998077291675,2.3116722640303773
917.6,16,12,16.01694629043242,11.941827573038829,15.953704112131447,11.97052099889019,4.058732554297295,2.3213531255017488
917.8000000000001,16,12,16.0157065943173,11.941864082730104,16.141470456176396,11.891555003123619,3.9587325542972724,2.2772858539147984
918.0,16,12,16.01340730486322,11.940982798116849,15.99031199770277,12.03649030317753,3.97900512024418,2.1776229207001117
918.2,16,12,16.011630545418434,11.939729645760739,16.05474398331339,11.917953791542146,3.9341912044389584,2.2455560147840674
918.4000000000001,16,12,16.00918920637664,11.939696937334306,15.977093649321532,11.896152312485293,3.9789165427558513,2.34555601478409
918.6,16,12,16.00829687382739,11.940915218994382,15.92762244364168,11.996159603606328,4.078916542755817,2.445556014784056
918.8000000000001,16,12,16.008775695432448,11.942658276904051,16.033777559548916,11.91463283472152,4.092722368613999,2.4134359970766135
919.0,16,12,16.009001590335583,11.943470910401393,16.02881126992948,12.129646902378939,4.136498166879753,2.313903801317927
919.2,16,12,16.00947865095336,11.943027073366595,16.124814595561226,12.071405129725536,4.060965716015438,2.213903801317904
919.4000000000001,16,12,16.008989057647096,11.942053780743255,15.789875550419822,11.949485398706056,4.088752359328145,2.2659334491799266
919.6,16,12,16.009944260277404,11.942264824740676,15.914890606206566,12.025867733806813,4.188752359328111,2.3656278568263223
919.8000000000001,16,12,16.011873585119694,11.943367871975424,16.077457412918523,11.975028364168997,4.159688916491868,2.4075168839572023
920.0,16,12,16.012807089892902,11.944127618325423,15.958244254492582,12.068070482481538,4.164020935703975,2.3096546711664945
920.2,16,12,16.014444390580135,11.943667640471594,16.06392016540714,11.9369208207069,4.146190936923825,2.2393567760011397
920.4000000000001,16,12,16.014689878527754,11.942933186361575,16.02043061552368,11.878352498183647,4.046190936923802,2.2381795767055426
920.6,16,12,16.01483498461045,11.942789540147485,15.778412928804503,11.79974513805334,4.140302804660006,2.3373836750801544
920.8000000000001,16,12,16.016580153442902,11.94352623428135,16.00318805360066,12.08636601365438,4.200754090579522,2.327998108251387
921.0,16,12,16.018958442444895,11.943266777091901,15.837543494803244,12.049667414985292,4.272555780504987,2.227998108251421
921.2,16,12,16.022634115161352,11.942273324316984,16.004206246707234,11.885179911525796,4.2849394870733875,2.2561224489441014
921.4000000000001,16,12,16.02515764713585,11.94238005542085,16.006534147229356,11.848751345913515,4.184939487073365,2.356122448944124
921.6,16,12,16.026434564525513,11.943743718460853,15.958772923076097,11.87488317182499,4.184913906501115,2.45612244894409
921.8000000000001,16,12,16.027725610228845,11.946286410574714,16.12267396523396,11.835417682986092,4.111757032487053,2.5076112533409276
922.0,16,12,16.027844917401964,11.949332237394803,15.970216864126776,11.832631005298197,4.114598792156944,2.5898897087368944
922.2,16,12,16.029263483889544,11.952520513808608,15.994726266642793,11.988218033626364,4.214598792156966,2.5031184461436813
922.4000000000001,16,12,16.031518388627692,11.954739588930751,16.07434402752871,11.879439633031213,4.172089906777909,2.498290578997092
922.6,16,12,16.03307095249231,11.957865936650613,15.791462351331974,11.710851347074534,4.211412745378542,2.598290578997058
922.8000000000001,16,12,16.035837954241092,11.961638333427528,16.082881859466607,12.019200574911315,4.223485268822492,2.5595219325653824
923.0,16,12,16.037484550471255,11.964268095735008,15.981720292403665,11.944553313074808,4.127515941130897,2.4595219325654165
923.2,16,12,16.037603051112946,11.965774925379053,16.110521878233275,11.915874105107322,4.031009486162268,2.4254403874730173
923.4000000000001,16,12,16.036532191580477,11.967636029306494,16.055721223586076,11.924410079174368,4.024599589422842,2.4470396781487174
923.6,16,12,16.03656251990646,11.968842219404081,16.004223069234463,12.062997754911441,4.123884865345822,2.3475090856503056
923.8000000000001,16,12,16.038259027584687,11.968990569448808,15.917819409200964,11.960894444754592,4.223884865345845,2.327186177151031
924.0,16,12,16.040902207328404,11.969770712937251,16.121770214442655,11.923413686218726,4.192961125926076,2.3532825056837585
924.2,16,12,16.042077858870602,11.970309247622023,16.072066135282522,12.034308422174984,4.092961125926053,2.3583621538355892
924.4000000000001,16,12,16.041736869366552,11.970530950005207,16.00094709387478,12.119103611158735,4.052235593226636,2.2745152295391744
924.6,16,12,16.040947001844987,11.970762880598938,16.024427387113075,11.953611325140821,3.976308874108553,2.3700336911060145
924.8000000000001,16,12,16.038527105033353,11.971964129337398,16.117300322831632,12.017133740172271,3.8763088741085303,2.3793105831156627
925.0,16,12,16.03511444123906,11.972298878621915,16.12415335053232,11.883441053864988,3.9005286413627713,2.2794847403089165
925.2,16,12,16.032110078669334,11.971426781443922,16.139097277947155,12.024031231203223,3.873983329247456,2.19555483427992
925.4000000000001,16,12,16.02802363949092,11.970668802007868,16.187716806562506,11.96269167694553,3.7750837640539783,2.2933886611410776
925.6,16,12,16.023547205415895,11.970850955089135,16.002011091828237,12.117483788755045,3.849396763983528,2.294551701454813
925.8000000000001,16,12,16.020715730213478,11.970090949208654,15.97223857861824,12.106407412057566,3.9493967639835508,2.1945517014547904
926.0,16,12,16.019542847099235,11.968627555148876,15.980467893230115,11.82724569900028,4.049396763983516,2.2274498383776806
926.2,16,12,16.02002610634339,11.967904383200654,15.919744059461648,12.200846228298943,4.149396763983539,2.218145220124456
926.4000000000001,16,12,16.021261178122597,11.966424834245009,16.001200930162312,11.934920511620184,4.102376853121653,2.2052093940258737
926.6,16,12,16.020935462570634,11.965522753836181,16.087038416579674,11.973477199555486,4.002376853121687,2.210651981638586
926.8000000000001,16,12,16.018937400961445,11.964168473739564,16.118155146557697,12.091390715404346,3.9023768531216643,2.2310450225774274
927.0,16,12,16.015862262917377,11.963119321778919,16.03044087544435,12.146401433945819,3.921447327123297,2.176662963907537
927.2,16,12,16.0141721601671,11.96106061031711,15.726416262075704,11.948206443226647,4.02144732712332,2.1530056718655057
927.4000000000001,16,12,16.01413359398585,11.959779498243634,15.867419468226645,11.919046342699035,4.1214473271233425,2.2530056718655285
927.6,16,12,16.0148391652186,11.959625707285523,16.04332341940272,11.867438491702707,4.073316777217416,2.2909418724018673
927.8000000000001,16,12,16.01417346098577,11.960021502698355,16.152158613909187,11.867683165665241,4.039185974246556,2.386356413415974
928.0,16,12,16.013135076738227,11.960729947731782,16.077143291103024,12.096353788501116,3.962676594162545,2.3134958857085555
928.2,16,12,16.011616476987054,11.960201492143483,15.925836406858586,11.999081487187329,4.029348506598568,2.2134958857085327
928.4000000000001,16,12,16.01166162292361,11.959092035268016,16.05533636384536,11.949883230522117,4.0952609701823866,2.260114847464599
928.6,16,12,16.01118185454341,11.95865070663306,16.07260686736881,12.053570534076632,3.9952609701824207,2.2340226331900808
928.8000000000001,16,12,16.01017040990709,11.957426244967944,16.035164130965402,11.873325533682573,4.06059214219877,2.232110955924668
929.0,16,12,16.01076719467292,11.957132593117343,15.921063064045814,11.953222369480311,4.160592142198736,2.332110955924634
929.2,16,12,16.01260934014531,11.958096118564477,16.062922260148706,11.84629540171954,4.160263540156062,2.4321109559246565
929.4000000000001,16,12,16.01320875894835,11.959595093445795,16.103008165276027,12.000408039968175,4.060263540156039,2.380790278276278
929.6,16,12,16.012152090914245,11.959908982924244,16.039916618396433,11.941605590989095,3.960263540156073,2.2807902782763123
929.8000000000001,16,12,16.01064950805421,11.959565290433119,15.815043215782396,12.018860114565163,4.03119303347481,2.319220102494546
930.0,16,12,16.01078019661879,11.960213169900323,15.84550906102934,11.982929073043799,4.1311930334747755,2.351747654437344
930.2,16,12,16.01257719198649,11.960156452205153,15.987164888719484,12.07351538438552,4.231193033474798,2.251747654437321
930.4000000000001,16,12,16.01500603677281,11.958848527038043,15.934154992629551,11.882053222211724,4.174644614365469,2.1517476544372984
930.6,16,12,16.0158282433188,11.956610830930037,16.160808644823888,12.002410367213077,4.0746446143655035,2.135742724877366
930.8000000000001,16,12,16.015117124327464,11.954733870333976,16.021302724090347,11.990837028705984,4.034609369244128,2.1749926703969753
931.0,16,12,16.01516959866118,11.952519524194013,15.999174872799383,12.221610504476615,4.095491613878584,2.0786567091220594
931.2,16,12,16.014619123610924,11.949832770604301,16.16487449078914,11.938377396188995,3.995508173151645,2.1359496325880043
931.4000000000001,16,12,16.012457564997025,11.948346536608513,16.12648476458808,11.964418743899929,3.9357864722767593,2.235949632588027
931.6,16,12,16.009669511398524,11.947414302664018,16.1013086539725,12.130993765898594,3.8640079788431314,2.1867087726822785
931.8000000000001,16,12,16.00560139277739,11.945464901308881,16.0203682250079,11.836661921452933,3.8560885297924643,2.1584867585221086
932.0,16,12,16.00240689852391,11.944252030162442,16.210216649546012,11.866782332809247,3.894754154062602,2.2584996032527616
932.2,16,12,16.000136970558643,11.943128253595386,15.941632705337375,12.013149265238312,3.993365047563458,2.1660955807779216
932.4000000000001,16,12,15.999207979249146,11.941876261071888,15.92217963754207,11.95335956658883,4.00618594401215,2.2553502124299136
932.6,16,12,15.9986858521621,11.941439214871854,15.929657639501412,11.93652565617098,4.098690799549506,2.237374856642538
932.8000000000001,16,12,15.999820254873228,11.940610784403427,15.986113178352305,11.868900380652196,4.198690799549529,2.281426644460675
933.0,16,12,16.002612668421804,11.940520989759017,15.777828791118878,12.091858666619677,4.298690799549495,2.2653414572035073
933.2,16,12,16.00638793896549,11.939403172264855,16.014428153371032,12.155839197843447,4.294247994111854,2.1653414572034846
933.4000000000001,16,12,16.01069884306545,11.937776068242846,15.897702000499123,11.950688235800358,4.391980060271337,2.2184999548213566
933.6,16,12,16.01546239767255,11.937346956041008,16.16212674361089,11.811624731302384,4.322845983669237,2.3184999548213225
933.8000000000001,16,12,16.018593057899302,11.938180406392217,15.916555545479694,11.80108072596751,4.222845983669214,2.4184999548213453
934.0,16,12,16.021348127873093,11.93973888536187,15.945689300581805,12.013101746496742,4.2984172277129415,2.3882857383164513
934.2,16,12,16.024396233179115,11.940601727149554,16.118988076399834,11.76478134572535,4.218376376472706,2.4018410222971114
934.4000000000001,16,12,16.02580225987344,11.942454411348766,16.119260814478253,11.792804210469399,4.118376376472683,2.469859505366862
934.6,16,12,16.025559068215326,11.943933855325227,16.150167628831007,12.04076440447546,4.018376376472717,2.3698595053668963
934.8000000000001,16,12,16.023828954438628,11.94492385960233,16.040613549443076,11.784771508402459,3.981300466467077,2.426612767485888
935.0,16,12,16.02300032935821,11.947104468325335,15.890761156656032,11.822031096811772,4.0813004664670425,2.526612767485854
935.2,16,12,16.02349753193187,11.950460702253327,16.213138446484837,11.931766604933205,4.087712804187936,2.5783116941617044
935.4000000000001,16,12,16.022829800169376,11.953275664827826,16.17651999806167,12.166716039957343,3.987712804187913,2.4783116941616816
935.6,16,12,16.020565660664317,11.95482600493253,16.173826505620863,12.034463075857946,3.9205893915942767,2.3789259392900686
935.8000000000001,16,12,16.018131383738357,11.955644423380045,16.089410498968817,12.006036430618298,3.9026236843357442,2.3624346391016267
936.0,16,12,16.015029516427795,11.955808053460165,16.074111310134708,12.02970664260769,3.87619027919733,2.2725639933242094
936.2,16,12,16.011153218734005,11.954868054404663,16.156023758323204,11.979280981030346,3.804723985256873,2.1918595515649786
936.4000000000001,16,12,16.007460605296817,11.953944709261748,16.006012508066206,11.852428628695217,3.902346496516828,2.2830702107904255
936.6,16,12,16.0051004644113,11.954009829925923,16.064124329170227,12.003910796806357,3.91238657416784,2.339338186703895
936.8000000000001,16,12,16.002884191333706,11.95501909253265,15.982861614617837,11.940927158663564,3.988611491148576,2.438212499884834
937.0,16,12,16.001928741229822,11.956769656181807,16.17956842606508,11.862455219691979,3.9908179817908787,2.439374380060783
937.2,16,12,16.000614910273395,11.958999614211676,15.903605399792314,11.883250193656838,4.0338547164401755,2.5364618571809774
937.4000000000001,16,12,16.000430727904742,11.962228305193825,16.1699919716306,11.922039050217599,4.032611397596325,2.5670685862696074
937.6,16,12,15.999015940493143,11.96485787915777,16.078860381836098,11.909766758536835,3.932611397596359,2.4697736003431916
937.8000000000001,16,12,15.99732788573374,11.966223480168491,15.805586846185848,12.19518074782075,4.01399699911376,2.369773600343169
938.0,16,12,15.997279167973057,11.96632877526817,15.918922512440663,12.157121216811134,4.092228697544349,2.269773600343203
938.2,16,12,15.997563883894582,11.965246111067907,16.010316348256577,11.933146636574323,4.112203426433763,2.2158216533580237
938.4000000000001,16,12,15.999144525303155,11.963697203815642,16.01372671876782,12.091718649732103,4.211821718402542,2.139116434382304
938.6,16,12,16.000865872397362,11.961699879838374,16.147779895502534,11.859317002972702,4.1218864289842845,2.1970418109605077
938.8000000000001,16,12,16.00103801913385,11.960907312484801,16.06597280984809,11.923007497963098,4.076879444797942,2.2970418109605304
939.0,16,12,16.001996735473593,11.961061975933129,15.931019884987808,12.041776623551026,4.176879444797908,2.2977952576175737
939.2,16,12,16.004370611238457,11.96040493339967,15.983020316841284,11.89739721381833,4.20047305664457,2.2601199705786246
939.4000000000001,16,12,16.00570461674458,11.959966882027555,16.10877936153797,11.996806340461262,4.100473056644547,2.2773642395879574
939.6,16,12,16.005941192462586,11.960167399544275,15.853530534820859,11.920387048589662,4.117605926674482,2.375374609939604
939.8000000000001,16,12,16.007561102446385,11.961167579798799,15.905930318548469,12.01806978881698,4.217605926674505,2.361633444856927
940.0,16,12,16.010400126098798,11.962439073920008,16.04185774760998,11.738713988208003,4.21388272595139,2.46061588144543
940.2,16,12,16.0120962424279,11.964953956485608,15.834696292157554,11.885845170166322,4.168773570368461,2.541081812436875
940.4000000000001,16,12,16.013067348606526,11.967231264324061,15.974954079338724,11.961529386103924,4.077021883513641,2.441081812436852
940.6,16,12,16.012390001167468,11.968248013592135,16.095409274199806,12.025321833603666,3.9770218835136752,2.3410782426781256
940.8000000000001,16,12,16.01091586225156,11.969145609617462,15.937665935191164,11.979638260202629,4.020626301262289,2.431709569046973
941.0,16,12,16.01098870965999,11.971290269456427,16.043407610759907,11.928062971770498,4.120626301262255,2.531709569046939
941.2,16,12,16.01273783084104,11.973953903872829,15.922565895954353,12.010424606711384,4.211174993758564,2.479031277487918
941.4000000000001,16,12,16.014356535832725,11.975429585711575,16.08862231182846,12.124118450603078,4.111629595994652,2.3790312774878952
941.6,16,12,16.014314316160217,11.975734828050072,16.0218032606438,11.922437554366317,4.011629595994686,2.3317343524972536
941.8000000000001,16,12,16.012853844390513,11.97661151204616,16.050121891627537,11.919364960226725,3.961383292006971,2.4317343524972763
942.0,16,12,16.01035400403498,11.97846336031429,16.008773369734644,11.96611746198185,3.8627428716829173,2.4384709483337175
942.2,16,12,16.00705214560842,11.979406834168786,16.106084425878255,12.23612213050137,3.9049492863177444,2.3384709483336947
942.4000000000001,16,12,16.00528493385359,11.979337183711031,15.905406276491462,11.88302476841871,4.004949286317768,2.3275892505274176
942.6,16,12,16.004654471545788,11.98000835032534,16.030432708978125,11.961130747482633,4.007030334253491,2.364353842541017
942.8000000000001,16,12,16.004561008678962,11.981079401546799,15.951379270645646,11.87266023193033,4.104785511072902,2.4491255202064255
943.0,16,12,16.00614319012371,11.983224886698281,15.854482953078195,12.062446583374454,4.204785511072868,2.475318293132517
943.2,16,12,16.008755170908685,11.984613141804061,16.210174642676265,11.903466293838978,4.180410921823056,2.3753182931324943
943.4000000000001,16,12,16.010071275927583,11.985211487365994,15.925988417846003,11.933842366362239,4.136519226847585,2.3970516614609654
943.6,16,12,16.01122645095929,11.98604026291937,16.185138744416466,11.982152013501137,4.084164321391762,2.334237021185028
943.8000000000001,16,12,16.01081048986265,11.985655469485542,16.072929693248017,12.000401665096023,3.9841643213917397,2.234237021185005
944.0,16,12,16.009391321123626,11.984826052593887,16.00398188530196,11.873692169721398,4.0107584990410174,2.295101865492793
944.2,16,12,16.009372756685845,11.98510442953256,16.0665843635779,11.954094380910544,4.080483530137147,2.3392621268289524
944.4000000000001,16,12,16.008894774696294,11.985843274991298,16.061220694958372,11.821114609858366,3.9838458931985397,2.4233843097902823
944.6,16,12,16.008372987786682,11.98732828356928,15.949773411633116,11.865533253206605,4.077160826230904,2.3977908248462922
944.8000000000001,16,12,16.007936901116906,11.987727934794618,16.19292493996842,11.972810556822427,3.9821256458606165,2.2977908248462695
945.0,16,12,16.00619812402205,11.98686866795849,16.05661773159473,12.074038149362892,3.9752999049304654,2.1977908248463036
945.2,16,12,16.005639484564313,11.985213568923347,15.929910700444566,12.073686974395388,4.075299904930488,2.218860830817409
945.4000000000001,16,12,16.006732740765298,11.984190419293594,15.95227853362094,12.004689032084427,4.175299904930511,2.20195905656381
945.6,16,12,16.00802971112766,11.982134721671267,16.068557488610864,12.155785335671382,4.089097514509606,2.101959056563844
945.8000000000001,16,12,16.007644567022165,11.97907406664762,16.027197413544833,11.917137914833107,3.9890975145095835,2.0903072791616917
946.0,16,12,16.00629675814756,11.976871558620061,15.98103378951921,12.025932675263185,4.020964970474732,2.1798329826623832
946.2,16,12,16.00561779062703,11.975772696389459,16.121959610007924,12.019703570969158,3.9831721816955845,2.2771833276252345
946.4000000000001,16,12,16.00373451227626,11.97592707752148,15.934416594464873,11.809428495132433,3.9681151647725224,2.377183327625257
946.6,16,12,16.00297549454566,11.977200644314857,15.829859198313667,12.006942527647388,4.068115164772488,2.412397439020071
946.8000000000001,16,12,16.003890158661246,11.977789115994064,15.942810690981732,11.938011627462364,4.1681151647725105,2.312397439020048
947.0,16,12,16.00592557312402,11.977123681827912,15.99663269361519,12.108993217922054,4.154376783703024,2.2123974390200822
947.2,16,12,16.00732308612302,11.97572917863865,15.982076584926002,11.90424306750238,4.187004320975761,2.2413509169598202
947.4000000000001,16,12,16.009273743242936,11.975436505092182,16.062158300978822,11.973254411229755,4.1392246569480555,2.3372293018868997
947.6,16,12,16.010264408252585,11.976288922777826,15.908431147331346,11.866125653386732,4.158568260977422,2.432293056092318
947.8000000000001,16,12,16.011918309308683,11.977577092599015,16.070840546475484,12.075309397996186,4.125505224023502,2.3708600145205
948.0,16,12,16.012579991795306,11.977655392947803,15.902649820886566,12.081927829421636,4.133261391172032,2.270860014520534
948.2,16,12,16.01353336400404,11.97654300356314,16.000113079636698,11.882822620131257,4.077453005601982,2.215731807064822
948.4000000000001,16,12,16.013936682339462,11.975712469820138,15.977703213805142,11.97908343599425,4.1358259919231966,2.259211151442532
948.6,16,12,16.015920615764117,11.974402448563714,15.849775536420708,12.163147896541732,4.2358259919231624,2.15968838898945
948.8000000000001,16,12,16.01954554454284,11.972381975965677,15.920212049476618,11.838836363947149,4.335825991923185,2.190474176925645
949.0,16,12,16.023388469274582,11.97147740758085,16.11703500329401,11.980623274704223,4.250980381658314,2.2904741769256107
949.2,16,12,16.02556491492887,11.971810908658615,16.065724304546276,11.946942388053591,4.150980381658291,2.363246417999632
949.4000000000001,16,12,16.026076663678754,11.971826913199926,15.967647382107861,12.020505579830761,4.055554126827879,2.2632464179996092
949.6,16,12,16.026062411138156,11.971081651783564,15.940049689455678,12.015362193701856,4.080620260971911,2.2690494826486747
949.8000000000001,16,12,16.027044654846115,11.970528053549442,16.00168844825427,11.969693557887908,4.179992467881152,2.264312196472799
950.0,16,12,16.028736265646742,11.969338801998449,16.094824825817106,11.905980188720925,4.1293817476183055,2.166883445345096
950.2,16,12,16.028848940325545,11.96800472657826,16.155283553400796,11.813014774834988,4.029381747618283,2.254563881572962
950.4000000000001,16,12,16.02798454717766,11.96769576712541,15.850191519192075,12.151220884035904,4.0583985100736,2.269683629186426
950.6,16,12,16.027981700065908,11.967355554062866,16.134141748522033,11.88500582536177,4.039204045483794,2.330174986000873
950.8000000000001,16,12,16.026923344101814,11.968072362714324,15.97505750015737,12.028233542767323,4.028780536529626,2.361547479141227
951.0,16,12,16.02702888818534,11.968320912914212,15.913787882006249,12.05291128735763,4.128780536529592,2.350454869869473
951.2,16,12,16.02848298320355,11.968334177652423,16.0307008756553,11.963781800151365,4.147533468771067,2.2629954931907137
951.4000000000001,16,12,16.030531735665114,11.967348244561954,15.861429353123576,11.888646635854371,4.246092696807861,2.2518251092985344
951.6,16,12,16.033973600263405,11.96723608669534,16.085848232509907,11.873622883657683,4.267375833971804,2.3518251092985003
951.8000000000001,16,12,16.036357930735473,11.967975800940351,16.023686314015215,12.036595128655847,4.167375833971781,2.3377927141697694
952.0,16,12,16.03707677073461,11.968305647098324,16.17734570548744,11.925522686729511,4.067375833971815,2.377499526346304
952.2,16,12,16.03629098401109,11.969774736815351,15.925050391643527,11.912394476501783,4.02792028374981,2.477499526346327
952.4000000000001,16,12,16.03637810996861,11.971682996060514,15.990587373052282,11.983506539546873,4.127920283749833,2.416796388135481
952.6,16,12,16.036749071452007,11.972533281689902,16.059751649848724,11.904738451058247,4.045207704997186,2.386469986249227
952.8000000000001,16,12,16.035773810791756,11.973833226227036,15.939826824141816,11.98068796339754,3.9960441961448354,2.3989073911980747
953.0,16,12,16.033706056805233,11.9742972985246,16.12615958858706,12.14396887581489,3.8966067562539792,2.2989365874723884
953.2,16,12,16.03046831679792,11.97363198273537,16.075230202811095,11.863841336193175,3.9049662064194073,2.263845291579633
953.4000000000001,16,12,16.028548866918218,11.97364525036334,15.920837426929527,11.88322828928305,4.00496620641943,2.363845291579656
953.6,16,12,16.027331712535553,11.97491022256674,16.091672519054562,11.918527063944849,3.952200611967161,2.463845291579622
953.8000000000001,16,12,16.024967515018886,11.97666140090707,15.98540324956103,11.969717157317506,3.9508416530721195,2.4080764554899012
954.0,16,12,16.023855574244408,11.977418551527382,16.09025579784705,11.857117826808327,4.050841653072085,2.389354463355945
954.2,16,12,16.024417770854406,11.978985616508103,15.994993217557694,11.828675283362431,4.150841653072108,2.489354463355968
954.4000000000001,16,12,16.025410552586113,11.981294647668426,16.084858425706805,12.029663874196334,4.077629342509689,2.4618399984379913
954.6,16,12,16.024782631540095,11.982507966840044,16.240795386270904,12.126409612116431,3.977629342509723,2.3618399984380254
954.8000000000001,16,12,16.022669859427467,11.982460328235298,15.961914894817715,12.019626241751334,3.9418556764812567,2.2618399984380027
955.0,16,12,16.021453680645024,11.981544382652066,16.010492326887512,12.082935732843941,4.041855676481223,2.273324395369709
955.2,16,12,16.02131508821986,11.98163773148551,16.19708955781122,11.890333214063107,4.023433399075208,2.373324395369732
955.4000000000001,16,12,16.0198602871307,11.982585326223939,15.98985496111884,12.155432812977882,3.962940683864006,2.360687982456138
955.6,16,12,16.018994454115433,11.982511948618187,16.12330927487003,12.083851226277872,4.054810420525351,2.2606879824561723
955.8000000000001,16,12,16.01804067389438,11.982148902082434,16.051133264839155,11.894852096379394,3.9571369056218373,2.33615630597772
956.0,16,12,16.01609362464467,11.981943479952358,15.96585315179914,12.185005878847804,3.983766456633268,2.25109016385428
956.2,16,12,16.01558046951567,11.980640831194236,15.986539837352609,11.97525139397766,4.078730297126098,2.2209278015443292
956.4000000000001,16,12,16.014982487087142,11.980063634327836,16.253919836171832,11.862254008635851,3.979076812084199,2.320927801544352
956.6,16,12,16.012805435856944,11.980723275953967,16.124691207932162,12.018016095182322,3.923348692709745,2.3983714958208284
956.8000000000001,16,12,16.01101490032806,11.981109417874086,16.083762267635812,12.042708276678162,3.9580416249983266,2.2983714958208057
957.0,16,12,16.010045943598605,11.980625061994113,15.97613681897497,12.00279055382347,4.055671203936774,2.2856130673112087
957.2,16,12,16.01073590599201,11.979610057615494,15.946209261979163,12.1073499167099,4.155671203936797,2.187036423220983
957.4000000000001,16,12,16.01178511612374,11.977344159766368,16.055385839701156,12.103837798213766,4.079804575432203,2.0870364232209604
957.6,16,12,16.01222369975536,11.974219202197864,15.97914193349697,12.035535689802284,4.138828374695513,2.09851514140086
957.8000000000001,16,12,16.013078077787135,11.972111545756825,16.12075704311842,11.957988839183654,4.072562220452373,2.1985151414008826
958.0,16,12,16.0123616577427,11.971121263216014,15.919109277676984,11.943242538716726,4.01041236504659,2.2313611401781213
958.2,16,12,16.012208315241903,11.969701527931113,15.763105178918225,11.962249068298052,4.110412365046613,2.19801029081356
958.4000000000001,16,12,16.013626168279238,11.968136778563238,16.023603888951506,11.94714967225743,4.166830945506314,2.183423098255319
958.6,16,12,16.01438215201636,11.967080532029108,16.00491868105788,11.979661453569557,4.066830945506348,2.281103344501492
958.8000000000001,16,12,16.013470099418022,11.967121750488415,16.03009903717308,11.974503853315905,3.9668309455063255,2.318444271052673
959.0,16,12,16.011428600656608,11.966533277254912,16.116902819363144,12.12401758852186,3.9796087389700925,2.218589244132469
959.2,16,12,16.0104161192496,11.965227644616508,16.024917430145116,11.916000657990638,4.035825986836898,2.2496841939649546
959.4000000000001,16,12,16.010647610935504,11.964741241958139,15.85201499776432,11.998386657462149,4.135852506097208,2.253863966045635
959.6,16,12,16.012406783974303,11.964225936374634,16.010651082261262,11.826300826464673,4.179963785753242,2.3215614664395403
959.8000000000001,16,12,16.01460957282101,11.964936984943702,15.994716617556158,11.720233878988083,4.253051187309266,2.421561466439563
960.0,16,12,16.01728475696161,11.966612012807401,16.175150248461726,11.898373111191832,4.185687258548713,2.4248446116714946
960.2,16,12,16.018346546114977,11.967430102096289,15.996443154351114,11.952241510292511,4.08568725854869,2.365971239285878
960.4000000000001,16,12,16.018714764568102,11.968382861965745,15.909571303668153,11.92097103175562,4.137991396398706,2.4143435464721734
960.6,16,12,16.020658815827943,11.969175429761117,15.930606379270701,11.875272765127624,4.235835151244891,2.336219407079668
960.8000000000001,16,12,16.02257708662018,11.969994192348148,16.05857842258813,11.860007053301217,4.136449422644126,2.4298133579019914
961.0,16,12,16.022940993599082,11.97159125140391,16.028742770307204,11.93616264391438,4.085827226614185,2.4330203863188
961.2,16,12,16.024035883459746,11.972641118578904,15.625672485227247,11.944625045117455,4.185827226614208,2.362430223243224
961.4000000000001,16,12,16.02623057135592,11.97376865967397,16.21956633830167,12.00188273826002,4.169010032247195,2.4544517883862382
961.6,16,12,16.027055267588374,11.974905738075229,16.153059804806418,12.170697667308103,4.069010032247229,2.3556638857034686
961.8000000000001,16,12,16.027548738755918,11.974785669144943,15.90607584563681,12.002695548575181,4.147810573825346,2.255663885703446
962.0,16,12,16.029151105857846,11.974049830530017,16.108464225399118,12.000073292462996,4.13510739264572,2.298083293816245
962.2,16,12,16.02939862620166,11.973540370590547,16.150772993291575,12.109248138105903,4.035107392645697,2.2262372075547985
962.4000000000001,16,12,16.027973049927912,11.97180074011141,16.306492383674158,12.180227607717518,3.9351073926456746,2.1262372075547757
962.6,16,12,16.025026208335195,11.969644490179206,16.049556243255996,12.03793259114228,3.8963083028298438,2.1897036351490553
962.8000000000001,16,12,16.022602526154795,11.968700455453819,16.20044124558322,11.734591511247578,3.9067000351414682,2.289703635149078
963.0,16,12,16.020283107694492,11.968988299368092,15.813007270632907,11.878270714225525,3.9804900903298823,2.364444847961551
963.2,16,12,16.01897674863768,11.969408777345581,16.13262163878893,11.97357536862502,3.957257860151498,2.354667451282615
963.4000000000001,16,12,16.01667772564553,11.970058413716666,16.0269406990286,11.929429177411862,3.9573429274255534,2.380977254417957
963.6,16,12,16.015438067346736,11.97070515256726,15.91040493817814,12.023315575256515,3.987759675229297,2.351967812539052
963.8000000000001,16,12,16.01365273752279,11.971749831644964,16.04937098255732,12.014160433709156,3.975042475596169,2.449871748991302
964.0,16,12,16.01176029155768,11.973675708005613,15.969157949514958,11.969873410186967,3.9286691977916286,2.441767993600857
964.2,16,12,16.01025227096814,11.974603517674362,15.94402826629189,12.112940315013919,4.026170755631594,2.3417679936008344
964.4000000000001,16,12,16.009801381423806,11.974272479701861,16.06187946700539,11.968142414406303,4.004929339823071,2.2417679936008117
964.6,16,12,16.0079407843469,11.973473525446144,16.011421982625905,11.983023986267906,3.904929339823105,2.3002184430806807
964.8000000000001,16,12,16.00541331450821,11.97387170510944,16.01417626127768,11.941620399166426,3.959261852248477,2.4002184430807034
965.0,16,12,16.003375735456416,11.97551954057531,16.125718658502635,11.888348393752421,3.9080938670542733,2.5002184430806693
965.2,16,12,16.001584190402372,11.978186330754982,15.867205154194508,11.962035366739372,4.006317926973468,2.5152379262749514
965.4000000000001,16,12,16.00148262301324,11.980778295270943,15.826420208609804,11.936374818888297,4.106317926973491,2.551200550213973
965.6,16,12,16.003066146129292,11.983057525088336,15.727203830483058,12.123145587890292,4.2063179269734565,2.45228960142529
965.8000000000001,16,12,16.00632175145449,11.984108557698733,15.86163020464994,12.067364739076835,4.306317926973479,2.382034484170962
966.0,16,12,16.00983232907097,11.984568665660259,16.058868762866386,12.008717434211949,4.2225471235063905,2.3089481151008378
966.2,16,12,16.012392976476722,11.984067206333956,15.790558545292427,11.996122727006451,4.25347119381319,2.301049749779975
966.4000000000001,16,12,16.01640675791469,11.984461596732457,16.01280040108196,11.943011961990585,4.346519715404478,2.4010497497799976
966.6,16,12,16.020302677717435,11.986117037964837,16.068773115079754,11.909222176762885,4.2464868529121125,2.5010497497799635
966.8000000000001,16,12,16.022540705266604,11.987884243890031,16.158267194397617,12.012849474833565,4.14648685291209,2.410106422576923
967.0,16,12,16.023118715000113,11.988503642951198,16.234595592970695,11.953417736914716,4.046486852912124,2.3683510864822916
967.2,16,12,16.022263678217072,11.989745343193235,16.00768483998399,11.941384343800943,4.020128470862249,2.4683510864823144
967.4000000000001,16,12,16.02242465221945,11.991770314118746,16.013857541715666,12.001018018003263,4.120128470862272,2.4464148756206923
967.6,16,12,16.024016429435985,11.992728211251178,16.162696656024444,12.090379924123244,4.143719521624923,2.3464148756207264
967.8000000000001,16,12,16.0251368922766,11.992837970328733,16.016703582695737,11.942609743162945,4.132943062795319,2.3602822950911557
968.0,16,12,16.025542174414248,11.993737294588174,16.101260507732174,12.090386893516564,4.034325585099309,2.3740886623536266
968.2,16,12,16.02428770890323,11.99378437458792,16.033118493454808,12.107139469146974,3.9343255850992866,2.274088662353604
968.4000000000001,16,12,16.022694185451403,11.99300721513662,15.928952848503192,11.95541493851817,4.0128604028344155,2.2917290122037794
968.6,16,12,16.02264013633867,11.993251175830604,15.998535072384305,11.950385651582375,4.062842213914371,2.370197575855854
968.8000000000001,16,12,16.023289470171484,11.993244675186755,15.85260108772838,12.154862268973822,4.1482467084211585,2.2702250322283324
969.0,16,12,16.025583980448324,11.992026251154169,15.935528151981522,12.056776097593549,4.248246708421124,2.20613195496697
969.2,16,12,16.029521968063793,11.990716980352039,15.859532185986124,11.953263327432479,4.348246708421147,2.212520644602718
969.4000000000001,16,12,16.034160084261465,11.989341749187972,16.1098149489878,12.047023659446618,4.298017103542241,2.2064539928732496
969.6,16,12,16.03721406207679,11.988525716292916,16.054132878253018,11.937992322929434,4.198017103542275,2.303215310035268
969.8000000000001,16,12,16.03881203095332,11.988341014705856,15.898655355112854,11.876055944274638,4.170607722663524,2.2802125722638724
970.0,16,12,16.040428911281854,11.98846265940219,16.147710299871143,12.023331427329234,4.118492698278681,2.377336424907022
970.2,16,12,16.040605418636694,11.989330734986098,16.027802848192884,11.902425338267301,4.073745945893057,2.350106655814023
970.4000000000001,16,12,16.041576050118742,11.98911778924515,15.967786605694233,12.022574380164157,4.17374594589308,2.258564525769256
970.6,16,12,16.04420233610718,11.988991232194085,15.937362694361711,11.887159614129196,4.273745945893046,2.357446944216806
970.8000000000001,16,12,16.04709002008776,11.99012416944055,16.21905676019659,11.920268495423526,4.190455901077454,2.4546360782638965
971.0,16,12,16.048654426726152,11.991226386447071,15.88183854938687,11.971775732931661,4.178930369875037,2.3549604013331953
971.2,16,12,16.051081935559942,11.991343759145476,16.02696846593533,12.040990205087223,4.196601589193493,2.313853923415814
971.4000000000001,16,12,16.052412010116196,11.990681482118072,16.198558008134437,12.25131362112,4.096601589193471,2.2140930614167407
971.6,16,12,16.052063980267747,11.989161127659152,16.24284710104655,11.932278075539138,3.9966015891935047,2.2262701361536874
971.8000000000001,16,12,16.050122892355205,11.988455036553825,16.040926763239035,12.102188217056938,3.9402884473330633,2.2465889669873715
972.0,16,12,16.048825550354383,11.986945575699218,16.031923824324064,12.07637496287979,4.040288447333029,2.1465889669874056
972.2,16,12,16.04796474442031,11.984996764605507,15.997583043861697,11.885311690615268,3.9695882640069513,2.207642000789941
972.4000000000001,16,12,16.04647478798547,11.984256504959696,15.950160054908102,11.977749984627762,4.0252006191225,2.3076420007899636
972.6,16,12,16.04656542651568,11.98375930208462,15.816034785107114,11.960677328679054,4.125200619122466,2.228171970631953
972.8000000000001,16,12,16.048310694152367,11.982963006269456,15.874124050558244,11.99068936152698,4.2252006191224885,2.3011781822039743
973.0,16,12,16.051670426544582,11.983404475525658,16.046627466517883,11.850665725101045,4.293819906455232,2.40117818220394
973.2,16,12,16.05454802839528,11.985008505249048,16.32053555318998,11.991800948954433,4.193819906455209,2.44565746606001
973.4000000000001,16,12,16.055766917489155,11.986011745439818,16.22075770302725,12.0120177458525,4.093819906455186,2.345657466059987
973.6,16,12,16.05532216271656,11.985757990120554,16.064036619155594,12.005881061592792,3.9938199064552204,2.2456574660600213
973.8000000000001,16,12,16.053596466750736,11.984264498160798,16.010917477375973,12.032955370908248,3.9904710765690496,2.1689851062380603
974.0,16,12,16.053079409731723,11.982622070081685,15.979129004327413,11.948395597500168,4.090471076569015,2.1893138409054465
974.2,16,12,16.05421043054116,11.98042760573927,15.938748705136225,12.045784843513525,4.190471076569038,2.0908472590293963
974.4000000000001,16,12,16.056964378055156,11.97783610105024,16.059298127562904,11.924199359910444,4.273455276126592,2.1553682553016857
974.6,16,12,16.05942484801388,11.976470687346847,16.159936201309446,11.69554982800831,4.173552086675568,2.2553682553016516
974.8000000000001,16,12,16.06020951054786,11.976365717062308,15.992153461312816,11.913136668513545,4.073552086675545,2.3553682553016744
975.0,16,12,16.059333522281978,11.977301757466364,16.102608616012432,11.974702049036841,3.9735520866755794,2.372923327886217
975.2,16,12,16.057796834370734,11.978188867048296,16.021232985134013,11.87034383465391,4.027985224458176,2.4303335938335304
975.4000000000001,16,12,16.057852841095567,11.979987361339004,15.98652711309145,12.001592186305222,4.1279852244581985,2.435481617069336
975.6,16,12,16.058381663145553,11.981705137557622,16.23727463192859,11.805152639955486,4.057848391322791,2.4981829571222427
975.8000000000001,16,12,16.05730285249477,11.984628544793559,16.104617531055275,11.804387833685837,3.9578483913227682,2.5947587444129416
976.0,16,12,16.054591240937633,11.987715265847704,16.19260769403611,11.92700812383736,3.8578483913228023,2.528448232055555
976.2,16,12,16.050997229853426,11.989742331005399,16.04506728709227,12.184748783115039,3.8922229641856942,2.428685348930206
976.4000000000001,16,12,16.048653208968684,11.990503999908938,16.109158551497803,12.060989112222533,3.913946646490757,2.328685348930183
976.6,16,12,16.045268915416468,11.990139504250077,16.238773483546897,11.94708462242795,3.813946646490791,2.294468253117778
976.8000000000001,16,12,16.040825101069824,11.990457831729035,16.066700673836532,12.011815938760552,3.833486112107451,2.3944682531178008
977.0,16,12,16.037791540558032,11.991219081755249,16.092764386328774,12.028170516826535,3.933486112107417,2.334544806308455
977.2,16,12,16.035727497163787,11.991470418504655,16.049679025077015,11.836814356252308,3.903567871919371,2.3839052922297266
977.4000000000001,16,12,16.0322180535534,11.992587282401525,16.175698271502075,12.049958823720969,3.8035678719193484,2.385709306266544
977.6,16,12,16.027328378501092,11.993297004670447,16.173289518785687,11.947728259858597,3.783475427492229,2.4160873012908946
977.8000000000001,16,12,16.023524751123745,11.994644041585845,15.939303847397966,12.042880883642795,3.8834754274922516,2.3957036207487423
978.0,16,12,16.021337292484027,11.994926012441093,16.099710746675257,12.144512314531944,3.9442611852790344,2.2957036207487764
978.2,16,12,16.019787136106604,11.993948549023772,15.956637792685063,12.016644408071675,4.015777284730169,2.1957036207487537
978.4000000000001,16,12,16.019855831478615,11.991716603476087,15.798050625959927,12.1286863064011,4.115777284730191,2.095703620748731
978.6,16,12,16.021062353519408,11.988864073177844,16.097133876636107,11.871338607406033,4.106065379110785,2.137162770740271
978.8000000000001,16,12,16.02114877344738,11.987166224450943,15.968039919293528,11.926151396699412,4.079974089834113,2.237162770740294
979.0,16,12,16.02118657198351,11.986726874624791,16.05815792474136,11.96426141787054,4.021775136136423,2.33716277074026
979.2,16,12,16.01963595276173,11.98754162839831,16.14177648276736,11.994699582052952,3.9217751361364,2.4371986991664842
979.4000000000001,16,12,16.017132025010927,11.988439746215935,15.93036101398423,12.034930456382813,3.9510871451439407,2.344521397125507
979.6,16,12,16.01609375135607,11.988771250983241,15.940643678559377,11.938603596226686,4.0510871451439066,2.3929178384922656
979.8000000000001,16,12,16.016726068980326,11.98929320440929,16.019732782862384,11.990427758846307,4.151087145143929,2.316348925784835
980.0,16,12,16.01877663240062,11.988578850221275,16.061091352088802,11.907506738538341,4.175037039340112,2.216348925784869
980.2,16,12,16.020244529147632,11.987578364536931,15.945323115824602,11.872702492588822,4.157389469134303,2.2916160024012475
980.4000000000001,16,12,16.02096747486386,11.987547974579757,16.144557101471776,12.098198387533099,4.058120785484395,2.298946473004037
980.6,16,12,16.020023022520316,11.986950048945005,16.06414110914125,11.930103046586694,3.9581207854844287,2.3009040730444332
980.8000000000001,16,12,16.017952849042,11.98730328541548,16.092096743297557,11.945501567096247,3.9716248675439596,2.400904073044456
981.0,16,12,16.01628060115561,11.988286602593364,16.147616852019546,11.92507114806936,3.9191657272679765,2.3664032429321114
981.2,16,12,16.01390206631276,11.988195816159765,16.002054322783327,12.11590633908924,3.962415105548419,2.2664333942687316
981.4000000000001,16,12,16.013053264523204,11.98713264656569,15.94570268276061,11.91215859558701,4.062415105548442,2.261817766674845
981.6,16,12,16.013811034978453,11.986983227813012,16.006980008431317,11.949948670475788,4.1277443377196175,2.361817766674811
981.8000000000001,16,12,16.015518190131903,11.98806430853733,15.865486598295092,11.935442370032487,4.215877999829564,2.4329255443312108
982.0,16,12,16.017683765971324,11.989879705376087,16.24982214686048,12.009659895327633,4.145602781052109,2.5174379544542367
982.2,16,12,16.018325981054645,11.992250008354668,15.971667205174311,11.903798421440428,4.091988830275072,2.488923206083207
982.4000000000001,16,12,16.019209879862192,11.993821612061113,16.071206321087722,11.937813143672491,4.087349490067704,2.4083850690122373
982.6,16,12,16.019914953923426,11.995434512215123,15.994970829900964,11.991436987212225,4.149689550714114,2.5025940418624026
982.8000000000001,16,12,16.022237030535372,11.9971969339724,15.899119590757502,12.08677569866967,4.249689550714137,2.4152055138776807
983.0,16,12,16.02551065957806,11.997710535172303,16.053120188097,11.994668829774142,4.2187444386272235,2.315205513877715
983.2,16,12,16.02730900099185,11.996972403633917,15.938101870620331,12.109657042167138,4.118744438627201,2.215205513877692
983.4000000000001,16,12,16.027428107496704,11.995518294970276,16.08820530067984,11.829763656836684,4.018744438627178,2.245868873692388
983.6,16,12,16.025875221823295,11.9950940286862,16.064647944014318,12.015652039759201,3.918744438627212,2.2967685461188734
983.8000000000001,16,12,16.023000653320672,11.994857637714228,16.065630789547797,11.86493055599702,3.8904757820570386,2.34952187773201
984.0,16,12,16.02098239848046,11.995504474274512,15.984449593148964,12.118801611228687,3.990059649804922,2.352290753270699
984.2,16,12,16.020634035014506,11.99579295532722,15.951484946294402,11.849884852927618,4.086174981769114,2.3869592209725474
984.4000000000001,16,12,16.020258143310176,11.997201047187572,15.963491565691358,11.864727616818323,3.987945997265127,2.48695922097257
984.6,16,12,16.019170314157172,11.999776786353118,16.073431647619504,11.961292539509238,4.037622809357985,2.536102295583897
984.8000000000001,16,12,16.018320759004258,12.001787871905767,16.08929971067962,11.964640491945847,3.9580024395534057,2.4361022955838743
985.0,16,12,16.01607362911046,12.002674327054493,15.937691316539569,11.929555943471748,3.9329147561693656,2.3845986701845434
985.2,16,12,16.013916511709393,12.00346419276513,16.09308548254261,11.846855699424538,3.8988059493913196,2.3954706144792977
985.4000000000001,16,12,16.012064669452954,12.004068095599287,16.035265900119438,11.956918835350002,3.994308135243638,2.353088931949435
985.6,16,12,16.010611867066817,12.004990262284439,16.095845511982432,11.79990609175089,3.9194671963078536,2.451300509382837
985.8000000000001,16,12,16.008195021353217,12.006588851553186,16.063802622382063,12.047922413052449,3.9451252841463447,2.4163533547615477
986.0,16,12,16.006478526234915,12.007396741055073,16.099961352535146,11.871718097124974,3.911052399159902,2.420293844292448
986.2,16,12,16.00453040953189,12.008741355956241,15.881405713260747,12.114853222182298,3.983503212012183,2.4042619910910346
986.4000000000001,16,12,16.00422554443126,12.009046501361759,15.96700615738179,12.048532799782489,4.0835032120122055,2.304261991091012
986.6,16,12,16.00558042191754,12.008238670835174,15.925680737843123,12.002017670055507,4.183486730105626,2.271449446682298
986.8000000000001,16,12,16.007084019307747,12.00813668119161,16.07411587016822,12.041504442510098,4.0933582168651785,2.3714494466823206
987.0,16,12,16.00781279208457,12.00906982513829,15.863936513411305,11.931005738486139,4.139144112030964,2.3875796954317505
987.2,16,12,16.009991623156985,12.009171047715666,15.982945833642816,12.081972319557927,4.192628102256753,2.287579695431728
987.4000000000001,16,12,16.012399359152127,12.008020990195416,15.931031787105573,12.031469282255506,4.210030945008035,2.187579695431705
987.6,16,12,16.015515015125324,12.006698181333773,16.006834896881358,11.989658131059302,4.275233229257591,2.2726493494737934
987.8000000000001,16,12,16.018362897861866,12.006631449490907,16.167061492935414,11.952622050062091,4.176759599827935,2.372649349473816
988.0,16,12,16.019543378475525,12.0074097882546,16.080645456087332,12.062916656339036,4.0767595998279695,2.3579920866119854
988.2,16,12,16.019765469802657,12.007696448486463,15.94151944705287,12.033401694723503,4.106886105375517,2.3825141232238423
988.4000000000001,16,12,16.021447181842376,12.007809684940117,15.924035060995259,12.069008136324435,4.203886012113887,2.286925028083197
988.6,16,12,16.023097838721256,12.006899964478789,15.959502025908892,12.025179589120961,4.105603571985315,2.261367460405572
988.8000000000001,16,12,16.023074082930453,12.006567004292755,15.994869890278787,11.996112566646708,4.005603571985292,2.341208154530829
989.0,16,12,16.02173778204863,12.006703226586477,15.955585081366921,12.018739632059077,3.97143639443771,2.331146540630046
989.2,16,12,16.02113864892092,12.0061451168024,15.965443778223136,11.965615629124729,4.070905907513554,2.233254663440519
989.4000000000001,16,12,16.022104801718076,12.004333824248528,15.995727675017278,12.065436272086203,4.125068388640896,2.1332546634404963
989.6,16,12,16.023805509388712,12.002095539621493,15.976027012902739,12.036341049990726,4.210598888490744,2.195073515598273
989.8000000000001,16,12,16.02713898594395,12.000522293222346,15.800276241792213,12.13495221734949,4.310598888490767,2.1622982366519365
990.0,16,12,16.030774907148796,11.998160543217665,16.030037829525526,11.921573383246724,4.231581458746786,2.162400249480653
990.2,16,12,16.03273877611077,11.996750848199026,15.992241770641238,12.01289113831682,4.131581458746763,2.2624002494806756
990.4000000000001,16,12,16.03338898328378,11.996600950802026,15.958013116044455,11.793486959145362,4.124789228400348,2.3624002494806984
990.6,16,12,16.034574442808392,11.997401200310604,16.044950288189057,12.01863317752271,4.099309019881911,2.363631158367539
990.8000000000001,16,12,16.034328134040837,11.997363660298463,16.106069529842664,12.016231449718196,3.9993090198818884,2.318984983760315
991.0,16,12,16.03242013343115,11.997867692260058,16.100820571043904,11.936208366726518,3.8993090198819225,2.403863250235653
991.2,16,12,16.03017347257809,11.998248692054297,15.91009193857518,12.119909892525879,3.977026656128898,2.305364955290142
991.4000000000001,16,12,16.029572708838693,11.997485799428738,15.931039126734076,11.896972231980442,4.07702665612892,2.265785808247588
991.6,16,12,16.030629612707685,11.9967796672424,15.825038001766611,12.063658562252776,4.177026656128886,2.228852887037987
991.8000000000001,16,12,16.032530200260034,11.995505028138453,16.041716277341312,11.92188043173694,4.137805472959974,2.2620148577701364
992.0,16,12,16.032909382044725,11.995349645716276,16.171945121719848,11.924704472387472,4.037805472960008,2.3620148577701023
992.2,16,12,16.031628389505343,11.996195527181726,16.0085825588535,11.91122119815104,3.937805472959985,2.372459256459467
992.4000000000001,16,12,16.02869265385209,11.996163760395142,16.01594216726968,12.119578657470763,3.837805472959962,2.2724592564594444
992.6,16,12,16.025469907426114,11.995415640667657,16.01012312919937,11.91895059328969,3.9194477253631264,2.3041711875042736
992.8000000000001,16,12,16.02390053157114,11.994917643872512,15.830578998606978,12.050435910008387,4.019447725363149,2.239118059900274
993.0,16,12,16.023696436070427,11.99388403068256,16.02376821250479,11.930920465960245,4.035465064128042,2.2864441346205453
993.2,16,12,16.02321674115118,11.993272872965706,15.88247286899712,12.266960531639793,4.076957338669335,2.2322092640348576
993.4000000000001,16,12,16.024248913870583,11.991567235637595,15.872702611512752,12.088686128611757,4.176957338669358,2.1866715598391364
993.6,16,12,16.026029050461013,11.990458956478118,15.94454541559963,12.042208770582281,4.129995981732158,2.2866715598391023
993.8000000000001,16,12,16.026718769943777,11.990609858922662,15.941373120955308,11.960607313350184,4.135618429356852,2.386671559839125
994.0,16,12,16.028704846903842,11.991722426296274,15.954556952740317,11.930778975279205,4.232237319545112,2.4170883909678085
994.2,16,12,16.030776866073026,11.992864005468636,16.019028864352745,11.924086875729895,4.146586996327998,2.4137584065288027
994.4000000000001,16,12,16.03129133628912,11.99349980093843,16.00707214876123,12.102386063544103,4.04666677898299,2.3325370874494107
994.6,16,12,16.031175589666887,11.992971536386772,15.865946426725113,11.982922735848959,4.104264090123249,2.2325234617487077
994.8000000000001,16,12,16.03248485002288,11.992225356996537,15.958475427430372,11.888795180260004,4.14326729685022,2.3140847322576232
995.0,16,12,16.032927775806446,11.991707580060817,16.046381655289476,12.115701614812876,4.043267296850254,2.2339090990366564
995.2,16,12,16.03229443360658,11.989947762169182,16.037319464090192,12.07199224186375,4.047799994216638,2.1339090990366336
995.4000000000001,16,12,16.03277175265045,11.986936537610339,16.016833091374497,12.187151336632587,4.147054258818957,2.033909099036611
995.6,16,12,16.034881126182473,11.98345909222438,16.022717451535115,11.896536129215292,4.247054258818923,2.0915023530076318
995.8000000000001,16,12,16.038148976657183,11.98119304047283,16.081825896962012,11.98249750659711,4.240331780316981,2.1915023530076545
996.0,16,12,16.040093083760325,11.980191841346365,16.03890229771191,11.925599809694024,4.140331780317015,2.2915023530076204
996.2,16,12,16.040366751579853,11.98044965091294,16.22362502064377,11.98358717762109,4.0403317803169925,2.391502353007643
996.4000000000001,16,12,16.039144280650596,11.981738965414456,15.934616807596145,12.08455946623902,4.002148372421067,2.4075105161874384
996.6,16,12,16.038774538518343,11.982584162372484,15.941528175488122,11.986502988458986,4.077075995779753,2.4191486115629988
996.8000000000001,16,12,16.038027172217895,11.98345263797472,16.17451838887297,11.964712426223663,3.977060305335251,2.355082658524909
997.0,16,12,16.035624434171744,11.983761859351432,16.187183101511838,11.955907330459597,3.8770603053352852,2.3411759700244934
997.2,16,12,16.031881744910656,11.984612112005001,15.970079180637267,11.837036208179907,3.863550752339406,2.440380727225057
997.4000000000001,16,12,16.028474127802806,11.986438579442622,16.13186955371038,11.983119208607038,3.8235127405205445,2.447653354337063
997.6,16,12,16.02428830346172,11.98756054065656,16.017176899365786,11.86858194752184,3.8543069109300903,2.427604235784014
997.8000000000001,16,12,16.021562361297352,11.989007504970273,16.054100196901057,11.981425911930959,3.9290160333386654,2.424311562428882
998.0,16,12,16.01998285238454,11.989619506472499,15.980296844399325,12.095229163249588,4.020381331023197,2.3243639208660882
998.2,16,12,16.020066928579386,11.98908718371673,15.92706487865792,11.931254160417634,4.1174241941288585,2.284459257486908
998.4000000000001,16,12,16.020834283218,11.988755495178316,15.972392239758324,12.029462779866975,4.106512036150945,2.2658815874414446
998.6,16,12,16.02068361162907,11.988352977887258,16.270972252360366,11.927781807988309,4.006850609334986,2.3420074555360895
998.8000000000001,16,12,16.0188729847556,11.989186278134024,16.122131684889656,11.983098001932518,3.9068506093349633,2.442007455536112
999.0,16,12,16.016269963922216,11.99110195672681,15.94799789715909,11.905016123763968,3.9498647413635886,2.4694904964454985
999.2,16,12,16.01521541575524,11.992265086675076,15.936401246752695,11.995821120212076,4.049864741363611,2.3694904964454757
999.4000000000001,16,12,16.014768913070398,11.99224591821704,16.096160294240782,12.05379409605044,3.990050524913313,2.318738992840553
999.6,16,12,16.01272910611774,11.992766501030658,16.21222479555388,11.847124464628548,3.890050524913347,2.418738992840519
999.8000000000001,16,12,16.00979191504009,11.994499819866444,15.929100619438842,11.933647504171573,3.9242657660191074,2.485026947613657
1000.0,12,16,16.008358860222646,11.99583705857636,15.975892462419488,12.058883779872893,4.018151421749921,2.385006855785352
1000.2,12,16,16.00683930186155,11.997167669407741,15.924674653554977,12.047743301397592,3.9181572540955845,2.484898269737358
1000.4000000000001,12,16,16.003678174414542,11.999745512175702,16.052642614587203,12.034289259073953,3.8181572540955617,2.584898269737381
1000.6,12,16,15.998890619577944,12.003564720413003,15.94269800030834,11.988719941031915,3.718157254095596,2.6848982697373467
1000.8000000000001,12,16,15.992491581588483,12.008619454013617,15.887653274721817,11.798836445455288,3.618157254095573,2.7848982697373694
1001.0,12,16,15.984495796727474,12.01490389870862,15.814713037680171,12.046219407100985,3.518157254095607,2.8848982697373353
1001.2,12,16,15.9749177838424,12.022412265323851,16.013898144624225,11.957987241382934,3.4181572540955845,2.984898269737358
1001.4000000000001,12,16,15.963771835914887,12.03113878904569,15.995351260827752,12.085417342128386,3.3181572540955617,3.084898269737381
1001.6,12,16,15.951072012691533,12.041077728692441,15.834119720097302,12.10903097411578,3.218157254095596,3.1848982697373467
1001.8000000000001,12,16,15.936832134385655,12.052223365988326,16.023871897045602,12.27079451955402,3.118157254095573,3.2848982697373694
1002.0,12,16,15.921065776445097,12.06457000483914,16.07526202701775,12.211806215788819,3.018157254095607,3.3848982697373353
1002.2,12,16,15.90378626538077,12.078111970607628,15.970754530668838,12.117595395344386,2.9181572540955845,3.484898269737358
1002.4000000000001,12,16,15.885006675613878,12.092843609384815,15.933835028445218,12.150924820103489,2.8181572540955617,3.584898269737381
1002.6,12,16,15.864739827318695,12.108759287256808,15.829291545861652,12.146577311034111,2.718157254095596,3.6848982697373467
1002.8000000000001,12,16,15.842998285212559,12.125853389565764,15.848682354843405,12.255637543453492,2.618157254095573,3.7848982697373694
1003.0,12,16,15.81979435825627,12.144120320159718,15.920434131625301,12.364125326569614,2.518157254095607,3.8848982697373353
1003.2,12,16,15.795140100188291,12.163554500634396,15.90615844578475,12.123722976206516,2.4181572540955845,3.984898269737358
1003.4000000000001,12,16,15.769047310857408,12.184150369560319,15.734819013947352,12.089438473231208,2.3181572540955617,4.084898269737381
1003.6,12,16,15.741527538279524,12.205902381696067,15.772474578702447,12.103993447356023,2.218157254095596,4.184898269737347
1003.8000000000001,12,16,15.71259208136343,12.228805007184347,15.53704331359383,12.170814042272807,2.118157254095573,4.284898269737369
1004.0,12,16,15.6822519932367,12.252852730729863,15.57886263090025,12.31785015451205,2.018157254095607,4.384898269737335
1004.2,12,16,15.650518085113672,12.278040050756326,15.557850365527553,12.255211214444687,1.9181572540955845,4.484898269737358
1004.4000000000001,12,16,15.617400930645912,12.304361478540097,15.788773730735118,12.21318456907299,1.8181572540955617,4.584898269737381
1004.6,12,16,15.582910870689204,12.331811537319508,15.68010324977068,12.470682325412941,1.7181572540955958,4.684898269737347
1004.8000000000001,12,16,15.547058018430873,12.360384761377423,15.395322796412211,12.395531418758091,1.618157254095573,4.784898269737369
1005.0,12,16,15.50985226483972,12.390075695092142,15.464596740451467,12.364441239330855,1.5181572540956072,4.884898269737335
1005.2,12,16,15.471303284355749,12.420878891959289,15.37986078088237,12.563169937133768,1.4181572540955845,4.984898269737358
1005.4000000000001,12,16,15.431420540799456,12.452788913577745,15.417056614953452,12.288263094166703,1.3181572540955617,5.084898269737381
1005.6,12,16,15.390213293446914,12.485800328598682,15.269964022608896,12.373335450397194,1.2181572540955958,5.184898269737347
1005.8000000000001,12,16,15.347690603224683,12.519907711635696,15.414337640665593,12.407321098772922,1.118157254095573,5.284898269737369
1006.0,12,16,15.30386133899532,12.555105642131752,15.083810414829756,12.565058822090366,1.0181572540956072,5.384898269737335
1006.2,12,16,15.25873418389435,12.591388703181133,15.51634149276859,12.453916854746884,0.9181572540955845,5.484898269737358
1006.4000000000001,12,16,15.21231764169093,12.628751480302297,15.284691722755321,12.744190554557042,0.8181572540955617,5.584898269737381
1006.6,12,16,15.164620043143959,12.667188560158806,15.281882513775484,12.681638694824375,0.7181572540955958,5.684898269737347
1006.8000000000001,12,16,15.115649552329721,12.706694529224528,15.244642955672415,12.688228127468943,0.6181572540955731,5.784898269737369
1007.0,12,16,15.065414172921239,12.747263972388899,14.952290272219255,12.813658345619853,0.5181572540956072,5.884898269737335
1007.2,12,16,15.013921754399124,12.788891471498705,14.898365320806654,12.772543757128092,0.41815725409558446,5.984898269737358
1007.4000000000001,12,16,14.961179117418133,12.831117591799309,15.024929103795502,12.963764832079429,0.3181572540955617,6.000006394304371
1007.6,12,16,14.907187524761824,12.8731529035932,14.832213437564091,12.873843545670907,0.21815725409559583,6.000000326732188
1007.8000000000001,12,16,14.851946234199826,12.914978816163153,14.94362525637897,12.846722764319669,0.1181572540955731,6.000001499132752
1008.0,12,16,14.795454684407654,12.956592611557205,14.69056773697802,12.900600723526212,0.0181572540956072,6.0000031550935935
1008.2,12,16,14.73827175293465,12.997991853381293,14.72970887735641,12.924646039601384,3.1204085628260367e-09,5.999999999998269
1008.4000000000001,12,16,14.681469447416834,13.03917622970931,14.812107078792994,13.065326175305131,-3.3204956405020964e-09,6.000000000001842
1008.6,12,16,14.625072369955838,13.0801463498678,14.596455617925304,13.121003599818703,2.5741590364367342e-09,5.999999999998573
1008.8000000000001,12,16,14.569075729499284,13.12090282128522,14.708317908645414,12.967105944620211,1.4079600508351015e-10,5.999999999999921
1009.0,12,16,14.513474868600381,13.161446247232552,14.558854085733806,13.2110217281873,6.410244024241416e-09,5.999999999996445
1009.2,12,16,14.45826525689384,13.201777226877269,14.621653078604504,13.474849871623947,6.2696570842523646e-09,5.999999999996524
1009.4000000000001,12,16,14.40344248491498,13.241896355336058,14.19056438762678,13.220056996847115,1.0995609266438724e-08,5.999999999993901
1009.6,12,16,14.349002258415757,13.281804223726812,14.46866332398513,13.148714483362678,1.2925208843907235e-08,5.9999999999928315
1009.8000000000001,12,16,14.294940392996198,13.321501419219688,14.234238499647502,13.349320091387593,1.2823384554714927e-08,5.9999999999928875
1010.0,12,16,14.241252809112064,13.36098852508707,14.190118514508422,13.372226082678507,9.721165817431309e-09,5.999999999994605
1010.2,12,16,14.187935527368829,13.400266120752981,14.185110879213143,13.356250142831408,2.6493388285441404e-08,5.999999999985279
1010.4000000000001,12,16,14.134984664214146,13.439334781841273,14.173163468886633,13.463775720940344,7.053390976078194e-09,5.999999999996081
1010.6,12,16,14.082396427638338,13.478195080223301,14.149680028754455,13.41893680987822,2.5701308657010627e-08,5.999999999985712
1010.8000000000001,12,16,14.030167113533194,13.516847584064601,14.016033740154786,13.516687405939187,3.064650207152352e-09,5.9999999999982965
1011.0,12,16,13.978293101799869,13.555292857870775,13.933592998183112,13.642172277537437,-1.7031187412710288e-09,6.000000000000948
1011.2,12,16,13.926770853088998,13.593531462532708,13.913829673748431,13.793894919010834,-4.449465823661116e-09,6.000000000002476
1011.4000000000001,12,16,13.875596905477522,13.631563955370831,13.855444727317058,13.549284719802705,2.3622083002024873e-09,5.999999999998686
1011.6,12,16,13.824767871459743,13.66939089017878,13.75878262817794,13.719062462530712,-1.1347316891612606e-08,6.000000000006308
1011.8000000000001,12,16,13.774280434964078,13.707012817266387,13.687054628460531,13.897299989060851,-2.311154460492214e-09,6.000000000001283
1012.0,12,16,13.724131348746377,13.744430283501655,13.775040406642196,13.738638461660567,-6.264193506918449e-09,6.0000000000034825
1012.2,12,16,13.674317431695316,13.781643832352438,13.813267645027464,13.855986506470224,-9.607667039404398e-09,6.000000000005344
1012.4000000000001,12,16,13.624835566428139,13.818654003927048,13.42010173410697,13.676731143615047,-5.591306681608245e-09,6.000000000003111
1012.6,12,16,13.575682696978111,13.855461335014434,13.558033928464505,13.820610618565496,-8.270326677663077e-09,6.000000000004601
1012.8000000000001,12,16,13.526855826552218,13.892066359123719,13.535259634540086,13.806807212021058,-8.167926374941388e-09,6.000000000004544
1013.0,12,16,13.478352015465182,13.928469606522842,13.447541760825393,13.939794077804077,-5.92138250251252e-09,6.000000000003295
1013.2,12,16,13.430168379144924,13.964671604276907,13.434997354573506,13.971050055516738,-7.433777620860841e-09,6.000000000004137
1013.4000000000001,12,16,13.38230208622982,14.000672876285613,13.378970117944311,14.20117079260186,-1.1753328837501581e-08,6.000000000006542
1013.6,12,16,13.334750356755897,14.036473943320273,13.32811096684241,13.975950383351863,2.414570899463265e-09,5.999999999998656
1013.8000000000001,12,16,13.287510460506333,14.072075323060215,13.23428950092328,14.020515099390279,-1.7903681900389452e-09,6.000000000000996
1014.0,12,16,13.240579715271485,14.107477530128484,13.415859169445609,14.256381999517838,6.688117324609235e-09,5.99999999999628
1014.2,12,16,13.193955485387148,14.142681076127166,13.334847391582775,14.206833733614298,9.194446371462856e-09,5.999999999994886
1014.4000000000001,12,16,13.147814664071488,14.177686538054392,12.990456942287329,14.220575302522002,0.04644236212321495,5.999999999983835
1014.6,12,16,13.102588476996932,14.212495899158448,13.109516968989048,14.211484988154865,0.006863421185231616,5.999999999999999
1014.8000000000001,12,16,13.056971135937475,14.247108944065978,12.996666927902046,14.065655627207558,0.034618691460509166,6.0
1015.0,12,16,13.011940137429049,14.28152627344854,13.14176986350678,14.204646313662362,1.0972088996169662e-05,6.0
1015.2,12,16,12.96680594044515,14.315747727186517,13.081028831032764,14.222201432514264,0.0003767924430563346,6.0
1015.4000000000001,12,16,12.922800109415991,14.349774231046892,12.858116721675996,14.20892639246222,0.1003101445681033,6.0
1015.6,12,16,12.880743318228179,14.383609818996346,12.779857064485551,14.519260635232182,0.20031014456806917,6.0
1015.8000000000001,12,16,12.840628048561513,14.417259261992813,12.700429411319325,14.38852571751241,0.3003101445680919,6.0
1016.0,12,16,12.802330775398817,14.450727345850643,12.947670310307862,14.67203268543531,0.34751841577320075,6.0
1016.2,12,16,12.763535600200758,14.484016089102113,12.954704888361073,14.459957896878148,0.247518415773178,6.0
1016.4000000000001,12,16,12.724642341015926,14.517123267731273,12.662967681973196,14.559709472650484,0.3242908195474373,6.0
1016.6,12,16,12.687652701366188,14.550051768203303,12.62697797109104,14.560972159620283,0.4242908195474032,6.0
1016.8000000000001,12,16,12.652581811571158,14.582806519227395,12.603261066975803,14.600768054617607,0.524290819547426,6.0
1017.0,12,16,12.619422305837194,14.61539248939443,12.609505519935054,14.545247885245447,0.6242908195473919,6.0
1017.2,12,16,12.588166844149033,14.6478146821569,12.662300406188002,14.667607660297405,0.7242908195474146,6.0
1017.4000000000001,12,16,12.558778875965322,14.680078129032628,12.545747081626818,14.821329561422717,0.7993739137333015,6.0
1017.6,12,16,12.530828645927897,14.71218717317036,12.540676044934367,14.880725377308531,0.8952917630063703,6.0
1017.8000000000001,12,16,12.504122660577847,14.744145964241763,12.583186169929686,14.85028724534038,0.871450407029501,6.0
1018.0,12,16,12.47749764075302,14.775955297373846,12.390188822133485,14.85511473847908,0.9472915746047587,6.0
1018.2,12,16,12.452531486696468,14.807618205392394,12.491598297836957,14.592916770619066,0.9790824245421652,6.0
1018.4000000000001,12,16,12.427516579447326,14.839136758489278,12.481174527267319,14.879684369267538,1.0013881152835888,6.0
1018.6,12,16,12.402964019814245,14.870511790092307,12.486008180050066,14.909124131244457,0.9642702279595403,6.0
1018.8000000000001,12,16,12.379081762044402,14.901744033194056,12.283637451245978,14.748163581096197,1.0635511842735355,6.0
1019.0,12,16,12.357062964769911,14.932837585056117,12.369756323608883,14.92926046004901,1.1635511842735011,6.0
1019.2,12,16,12.336872536806775,14.963797676596673,12.401642015341041,15.126806123339804,1.2380286396819717,6.0
1019.4000000000001,12,16,12.31803743167736,14.994628750134648,12.272641739577317,15.028967309728923,1.3320267194435012,6.0
1019.6,12,16,12.300436591095687,15.025335048638372,12.259342822048549,15.010254386498055,1.3111974611970014,6.0
1019.8000000000001,12,16,12.282580820609711,15.055917087656919,12.342763883184096,15.025301882613492,1.3638521605345526,6.0
1020.0,12,16,12.265610912253111,15.086376682417974,12.358393771815209,15.08257611342538,1.3340256315112866,6.0
1020.2,12,16,12.2491570004687,15.116714848273668,12.09321054794881,14.9985158630754,1.4328624242189785,6.0
1020.4000000000001,12,16,12.234470964374346,15.146935574182134,12.161171516475408,15.213048143916398,1.4936744978415248,6.0
1020.6,12,16,12.219359471896173,15.177041479835866,12.209314756186858,15.015787404748847,1.3935861821987645,6.0
1020.8000000000001,12,16,12.204327540133376,15.20703060674875,12.156386897309593,15.112526180870974,1.4885176771100057,6.0
1021.0,12,16,12.190629760022546,15.23690631968194,12.281907938582858,15.227036605755188,1.4801272001674517,6.0
1021.2,12,16,12.176735728671392,15.266669539871742,12.136594740638417,15.371588662256562,1.5321202058290906,6.0
1021.4000000000001,12,16,12.164564518870886,15.296322783148707,11.915173994863672,15.135154499382256,1.6321202058291133,6.0
1021.6,12,16,12.154205343746641,15.325871399624274,12.062621427693442,15.362278066420378,1.7321202058290792,6.0
1021.8000000000001,12,16,12.145651391689906,15.355320753492846,11.970178265564794,15.4294678621884,1.832120205829102,6.0
1022.0,12,16,12.138129677122029,15.384634465488505,12.12097059909911,15.465130619686676,1.7964035062765316,5.974767029567666
1022.2,12,16,12.12942992447582,15.413841791851324,12.088839395241523,15.480250515791978,1.7623728845177904,5.999986834145784
1022.4000000000001,12,16,12.120693540264291,15.443004871365172,12.099236606722418,15.276637587614056,1.7006782242956826,6.000003040486948
1022.6,12,16,12.110489784826413,15.472068260088648,12.226180466878033,15.521048173580555,1.6006782242957167,5.996835653768236
1022.8000000000001,12,16,12.098760646817535,15.500604178214349,12.22801436776253,15.468255892971726,1.500678224295694,5.941131695972737
1023.0,12,16,12.086610443376678,15.52864355525574,12.109009493679498,15.533724314712893,1.5634956921309706,5.930796054840736
1023.2,12,16,12.076203874085737,15.556969313690576,11.96582946341203,15.561684669910875,1.6634956921309934,5.99963690068709
1023.4000000000001,12,16,12.066949053913444,15.585068719036423,12.333998664919674,15.599200533046764,1.6389906694978096,5.906090254804355
1023.6,12,16,12.057001335841449,15.61181753980267,12.027578060753562,15.71086829439004,1.6597945204862317,5.806090254804389
1023.8000000000001,12,16,12.048514339889904,15.637216967599558,12.153988147197195,15.685648784337209,1.7211049801630987,5.706090254804367
1024.0,12,16,12.040661998611368,15.662284768856415,12.115380833006496,15.525391757999193,1.7840799065094728,5.785621033034896
1024.2,12,16,12.034034641194491,15.688007203805995,12.131798856588741,15.584985010134593,1.7754591161145956,5.759112470822026
1024.4,12,16,12.027494689174528,15.712803838198187,11.962159949189019,15.560495835444627,1.8520298315165393,5.747393228933727
1024.6000000000001,12,16,12.0219384606722,15.737666274835835,12.17490089354437,15.974091368217456,1.816935121300962,5.69622301189291
1024.8,12,16,12.015362387215696,15.761305801520134,11.892270997801578,15.643923601204472,1.8112532667555048,5.631356121306603
1025.0,12,16,12.010082007521758,15.785268834980595,11.961066004385696,15.67678734626536,1.9112532667555275,5.731356121306626
1025.2,12,16,12.006503718852565,15.810412288467397,12.008162024502445,15.474906194868483,1.9741533556485362,5.831356121306649
1025.4,12,16,12.002461481709487,15.836247055996717,12.13044096187895,15.710719743399583,1.8741533556485135,5.806517817985432
1025.6000000000001,12,16,11.997889205718087,15.860925008628781,11.756580540908978,15.985844917588327,1.9319988159602561,5.706517817985409
1025.8,12,16,11.994996962475945,15.884273662595723,11.894991833430785,15.860558232670625,2.031998815960165,5.6065178179855
1026.0,12,16,11.993176686114994,15.90630050506489,12.059061976435114,15.858955762878745,2.0050899206178436,5.506517817985477
1026.2,12,16,11.989986320418675,15.927436251007773,12.068409529343791,15.79967025333024,1.905089920617821,5.523373814122747
1026.4,12,16,11.985969716832221,15.948599967274694,11.910409748733578,15.982704362385059,1.9404457824169759,5.4500956954059445
1026.6000000000001,12,16,11.98351470727056,15.968477881495804,11.938539248287434,15.850123210968194,2.0404457824169984,5.370292338447667
1026.8,12,16,11.981578162271918,15.987359251107852,12.223969895463444,16.070312679404253,1.970124489638267,5.27656003328198
1027.0,12,16,11.978085135444573,16.004986556447548,11.972345816009424,15.935924310224019,1.8882775386108486,5.220037672639461
1027.2,12,16,11.974937427067184,16.02199875950132,11.876554191985,16.10385620903953,1.9882775386108713,5.1378795275133955
1027.4,12,16,11.973082249682028,16.03799203892352,11.989875557543312,16.039418678717414,1.9877266348316849,5.132487979297926
1027.6000000000001,12,16,11.97002139504868,16.05429511736927,11.997214304040355,16.078770191684377,1.8877266348316621,5.100873810732119
1027.8,12,16,11.965418746229057,16.069781874941295,12.018215387779692,15.991102657378148,1.8291602508649225,5.106469717871383
1028.0,12,16,11.961486033562455,16.085632246584343,11.892041529920974,15.956504470587342,1.9291602508649452,5.073886839761381
1028.2,12,16,11.959264920844175,16.10092944716678,11.896227497392637,15.954559143832288,2.029160250864968,5.113426434006064
1028.4,12,16,11.958750083940819,16.116362824172416,11.894898694278819,16.081209814560733,2.1291602508649907,5.039095588714288
1028.6000000000001,12,16,11.959932728978789,16.130518693758145,11.945145030868531,16.19836231847472,2.2291602508650135,4.939095588714265
1028.8,12,16,11.961721516256882,16.143794137465296,11.952140649326015,16.046202225913262,2.1680130205934454,4.9534994257402145
1029.0,12,16,11.96193318085428,16.157584239106953,11.982085515056564,16.143490822601247,2.0680130205934226,4.930766255051479
1029.2,12,16,11.960695456910118,16.17026428343292,11.923468375150653,16.2075717397419,2.0349798923485007,4.830766255051456
1029.4,12,16,11.959154226650387,16.182122219798618,12.011812015765367,16.03554826568579,1.9612999461007603,4.853881170689899
1029.6000000000001,12,16,11.956963283514847,16.194177836203487,11.923438427008442,16.348281638319477,2.01287373555573,4.791463631999043
1029.8,12,16,11.956362652846792,16.204980673526023,11.945138223571657,16.368319580099556,2.1128737355556386,4.691463631999134
1030.0,12,16,11.956410787837129,16.21449340050725,12.031127518997575,16.302227407613348,2.0556364837949728,4.591463631999111
1030.2,12,16,11.954880144707767,16.223353483620993,12.18277136874205,16.087200649168363,1.95563648379495,4.633909777657797
1030.4,12,16,11.952205979078201,16.233018269948534,11.828757396418379,16.303131313597156,1.9657655567091175,4.634831036650328
1030.6000000000001,12,16,11.950876675919488,16.241708229931113,11.90711101419039,16.523662720348835,2.06576555670914,4.5348310366503055
1030.8,12,16,11.950603590677662,16.24911074549352,12.041497020568062,16.30278872443821,2.044262148761414,4.4348310366503965
1031.0,12,16,11.949376210097123,16.25578841688706,11.916204148513149,16.104291522522708,2.0485709615544776,4.468456189166137
1031.2,12,16,11.94938706158439,16.263554375277863,11.878951702562663,16.228637758944103,2.114730055525525,4.5684561891661595
1031.4,12,16,11.950195964710632,16.272301126378338,11.787450355664014,16.226536000630027,2.1900815724151648,4.579741036335103
1031.6000000000001,12,16,11.951600144921152,16.280155165634486,11.99508633087416,16.34680296661861,2.161844875602514,4.4797410363350805
1031.8,12,16,11.951884538624743,16.286728823229033,12.090919581802932,16.325433227397845,2.061909457477824,4.379741036335171
1032.0,12,16,11.950926199265874,16.29290075077244,11.920574614491997,16.192422599150373,2.062915239480077,4.44722564041124
1032.2,12,16,11.950667408798957,16.3002572682545,12.042509931299191,16.17078865526309,2.047133268148094,4.528999410755053
1032.4,12,16,11.94904462199785,16.30736545237298,11.846336543832942,16.340035014981762,1.9508405571645713,4.42899941075503
1032.6000000000001,12,16,11.9474808475082,16.3131861743218,11.894739670937472,16.407518005468035,2.050506107180051,4.328999410755007
1032.8,12,16,11.947577801316086,16.318688580861856,11.940750474394807,16.161582524307363,2.15050610717996,4.404135841894294
1033.0,12,16,11.948256104243338,16.32489943671861,12.086821703543794,16.370442348603476,2.0896188889027583,4.377204583211887
1033.2,12,16,11.947477277280642,16.32999835750828,12.052611925427634,16.305957172172192,2.049364271512362,4.277204583211864
1033.4,12,16,11.94753549227775,16.334094258126864,11.83029255488549,16.339746728802957,2.149364271512385,4.26208304154998
1033.6000000000001,12,16,11.94924483800055,16.338961706058765,11.865352868390637,16.208564926805483,2.2493642715124076,4.361996865198909
1033.8,12,16,11.952605136434823,16.345071000956136,11.821430831931544,16.28033295705159,2.3493642715123166,4.461996865198818
1034.0,12,16,11.956285464713682,16.35138144515735,11.880047086113839,16.445523680714654,2.270549857987213,4.379763572770201
1034.2,12,16,11.958305565916135,16.356433117212163,12.107782039989182,16.23500120766686,2.1705498579871905,4.285721956887503
1034.4,12,16,11.95864683916879,16.360384062988267,11.978563351814635,16.417806237386927,2.0705498579871677,4.193777441985527
1034.6000000000001,12,16,11.958263161339815,16.36359617608719,11.763213556486667,16.296209582866872,2.1219193581084084,4.2098825389893335
1034.8,12,16,11.959118264667843,16.366559569821746,11.948898032846513,16.447632612762767,2.135442881701644,4.1192533695568585
1035.0,12,16,11.959430448946899,16.369464645903374,11.829435230861842,16.40838092421999,2.1559869498248916,4.214210745714725
1035.2,12,16,11.961128028105072,16.373609233842938,11.930253131331229,16.367060408355485,2.2559869498249143,4.314210745714748
1035.4,12,16,11.963771004098895,16.377926997899344,11.787905856942702,16.463735931987035,2.261050306307827,4.229574507819893
1035.6000000000001,12,16,11.965532250191282,16.380985511816974,12.016007040993602,16.358986190411915,2.162063601386423,4.1295745078198705
1035.8,12,16,11.965879466242711,16.383870637441355,11.944556031419417,16.449009721046043,2.142624538585309,4.2163759680154245
1036.0,12,16,11.966150081141857,16.387473368140153,11.988317162380769,16.38624875525138,2.0796637016196633,4.188091907798773
1036.2,12,16,11.965646320654567,16.39034827052571,11.936807584804765,16.406604809282527,2.08295622915825,4.198705211493087
1036.4,12,16,11.964986918281374,16.39353370361933,12.020247748618555,16.361442255908102,2.0561514680029727,4.151961186082411
1036.6000000000001,12,16,11.964841994322699,16.396247963039194,11.940561375361993,16.237872021004858,2.1520287316287465,4.202691010178494
1036.8,12,16,11.964814911582751,16.400126234912644,12.16676486298999,16.28031754370593,2.0602421939607365,4.302691010178403
1037.0,12,16,11.963120029635077,16.40479947408746,11.882162258329112,16.520915867978932,1.9602421939607138,4.28435482613525
1037.2,12,16,11.960251962402284,16.408399983613894,11.992546314644217,16.442750194887473,1.9312554816121972,4.184354826135228
1037.4,12,16,11.957791390555657,16.411423775836763,11.938561944326159,16.314776414963397,2.0017893898302286,4.234076049305093
1037.6000000000001,12,16,11.956306800791609,16.415441313437828,11.858029498149168,16.30549447210897,2.043745137390179,4.287635225435537
1037.8,12,16,11.954368586432482,16.419016997432962,12.00589347961727,16.549789667127897,1.946671212628429,4.187949951538956
1038.0,12,16,11.951626332138272,16.42131298203255,11.982818227876217,16.473854094805844,1.9908876333612022,4.087949951538933
1038.2,12,16,11.950173911451762,16.42233353361734,11.932214144866908,16.45236640167352,2.029691503161308,3.9879499515389103
1038.4,12,16,11.949089461804183,16.422083895451077,11.881962730320906,16.53590626801633,2.074319737885753,3.8879499515388876
1038.6000000000001,12,16,11.949204628998046,16.421275974476917,11.861333580716897,16.312194294625037,2.1740725416066726,3.9380059606260978
1038.8,12,16,11.950745116475533,16.421640708843334,11.899712018766445,16.399080536941312,2.2032566673013867,4.038005960626006
1039.0,12,16,11.951299648445813,16.423255312296245,11.850834492477118,16.3420796002486,2.116460582473187,4.138005960626029
1039.2,12,16,11.952020745701304,16.425906078033538,11.961600457273319,16.323767513323197,2.2149013320831106,4.156530340833719
1039.4,12,16,11.954385872392288,16.42814258424822,11.783550023760066,16.27179516757421,2.3149013320831333,4.170558613769825
1039.6000000000001,12,16,11.958362942506135,16.431399937937467,11.79000988367095,16.230390990368832,2.3887507568057362,4.270558083866642
1039.8,12,16,11.962055373868088,16.434911943145206,11.814387464632686,16.350149710666244,2.3230233055647678,4.201506867427275
1040.0,12,16,11.966133079881608,16.437357077857392,11.759438763953758,16.37282653966858,2.4220718411602675,4.110622899439557
1040.2,12,16,11.971290740338354,16.43905168808638,11.979620295842444,16.379847614969034,2.406863190742255,4.084786600168571
1040.4,12,16,11.975050134556794,16.441221932278207,11.911972215675924,16.17314766756313,2.306863190742232,4.183742103533906
1040.6000000000001,12,16,11.977121284771824,16.444019907259328,12.114005109867277,16.6072704226822,2.2068631907422094,4.142687068658704
1040.8,12,16,11.977777771095717,16.445662582933682,11.927064852925076,16.508867106513623,2.18737969283451,4.042687068658795
1041.0,12,16,11.979340918569937,16.446042486549693,11.957632677984888,16.499943659902428,2.2294757584186256,3.9426870686587723
1041.2,12,16,11.981065392626972,16.445564866441696,11.837256450171912,16.375824880847205,2.2857694957697214,3.955639377394779
1041.4,12,16,11.9843307128624,16.44606687639246,11.92370500119842,16.376816293095988,2.3750871701898526,4.0204321153824045
1041.6000000000001,12,16,11.987402940466446,16.447287352583647,12.202835333639094,16.28202482605067,2.2754780423481344,4.109202973916769
1041.8,12,16,11.988787059200785,16.448806640109876,11.896490599252997,16.688545238889454,2.182385208974342,4.035266075373527
1042.0,12,16,11.989236251131159,16.449303544078543,12.05615970980074,16.240846224912314,2.1419169693348383,4.018749244651675
1042.2,12,16,11.988352131253473,16.450326492747923,11.999377497761245,16.461321287849195,2.042037745923753,4.021890238548166
1042.4,12,16,11.986392691781134,16.450646339870726,11.839906712918017,16.467813663133146,2.062683198997599,4.00793303415498
1042.6000000000001,12,16,11.984715506194556,16.451394737757823,12.142113207797216,16.41899214365772,1.9998335169306105,3.994219051371852
1042.8,12,16,11.981445115225288,16.451736948695242,12.00656343895965,16.365103763259466,1.9259801810867228,4.035885930894613
1043.0,12,16,11.978570510468126,16.452025595226747,11.99904765357493,16.452922531612042,2.0259826356291066,3.941817262889301
1043.2,12,16,11.976483888380344,16.45175264156264,12.038279834304081,16.30816472560473,2.015176003847707,3.991853042436854
1043.4,12,16,11.974975677175891,16.45219834753574,11.910519766920286,16.460240910629032,2.1098176291239845,3.972683188143754
1043.6000000000001,12,16,11.974256917438776,16.45158415353912,12.031555058822114,16.62321714471846,2.0669059757829924,3.872683188143731
1043.8,12,16,11.973297566047476,16.4503319803183,11.946195208940297,16.285710972127518,2.1445056003014904,3.9138043461997034
1044.0,12,16,11.972803031119518,16.450221232239073,12.212789163983466,16.42828541137909,2.0779867698953876,4.013804346199726
1044.2,12,16,11.970673731887285,16.451355863067718,11.9897398875031,16.304770057174345,1.9779867698953648,4.113804346199749
1044.4,12,16,11.968022406012347,16.45296799007657,11.898082214606445,16.518844638386547,2.0442036626004936,4.058092100345014
1044.6000000000001,12,16,11.96697681276087,16.453561211397208,11.930888826471882,16.40304823707093,2.1442036626005163,4.035726592603133
1044.8,12,16,11.966689091184378,16.454406434722575,12.072157675868207,16.534573376730798,2.098045906818212,4.006322080694925
1045.0,12,16,11.9651322763796,16.45418938348455,11.913214555377383,16.386351925886785,2.0818678274436926,3.9447627882553475
1045.2,12,16,11.963968414557657,16.45362428986996,11.947553635462992,16.396751385893175,2.053127953656141,3.8875917403204623
1045.4,12,16,11.962748054018599,16.451853482022404,11.83865828936898,16.395832683938117,2.1377841361730816,3.7875917403204395
1045.6000000000001,12,16,11.962975103715365,16.44929679572962,11.856503696261187,16.41867713004503,2.1726167337161866,3.774687746927461
1045.8,12,16,11.962260079684409,16.44639859523708,12.225943615786527,16.482348187962813,2.0726167337162775,3.7185907574461967
1046.0,12,16,11.960184084555104,16.44304198390499,11.875400676159849,16.513088586597853,2.062355229226673,3.7070728078400377
1046.2,12,16,11.959225593331446,16.44023782092209,11.934175821650404,16.470146065925054,2.1484753649489567,3.8059344103158734
1046.4,12,16,11.959651524516735,16.43868915730293,11.84590088976843,16.436065407276477,2.246654449069418,3.905934410315896
1046.6000000000001,12,16,11.961433592775855,16.43839872924284,11.970130356139647,16.24992257622499,2.264712497959784,4.005934410315919
1046.8,12,16,11.962829265036694,16.439207782014943,11.823908109104286,16.431346781663944,2.2964336030770194,4.035102608821903
1047.0,12,16,11.965496446823604,16.43928652751399,11.904319645001205,16.593698315948,2.341130412629056,3.9351026088218806
1047.2,12,16,11.967389160766416,16.438322786331476,12.124060452348463,16.394086180785564,2.241309205048156,3.916483453573213
1047.4,12,16,11.967589477055812,16.437770183900064,12.001736225323533,16.489782484016406,2.1413092050481333,3.9029902660652063
1047.6000000000001,12,16,11.966102008508695,16.436192702953058,11.969854715407525,16.586159693974274,2.0413092050481105,3.8029902660651835
1047.8,12,16,11.962926709094003,16.43335219222033,12.014075127351719,16.5224122609326,1.9413092050482015,3.7029902660652745
1048.0,12,16,11.95866745831188,16.429246225821597,11.97374190553871,16.47250030579818,1.9283399518495687,3.6029902660652517
1048.2,12,16,11.955204790122579,16.42493432939325,12.002612308106343,16.37005566547611,2.027087035448479,3.686526671415871
1048.4,12,16,11.953378914455614,16.42186580184296,11.837635552654113,16.440093102554393,2.1270870354485014,3.786526671415894
1048.6000000000001,12,16,11.952096681791646,16.41992850108559,12.207963955964107,16.44850301396841,2.064905635398688,3.8240430259590656
1048.8,12,16,11.94919179191753,16.417324029739405,11.94745441435258,16.40448972156478,1.9752137600364454,3.7240430259591566
1049.0,12,16,11.946429880434284,16.413457019096008,11.86680684716935,16.581991510331306,2.0752159000868695,3.624043025959134
1049.2,12,16,11.945300068330669,16.408760530385013,11.904487028268525,16.378293871879738,2.1752159000868923,3.640602080785358
1049.4,12,16,11.944681598501296,16.40510603244383,12.049035683929914,16.252857757253857,2.1113784142204977,3.7406020807853806
1049.6000000000001,12,16,11.94284682112231,16.40263969745342,11.94164211812206,16.499192575756474,2.112088908262714,3.7942027679243764
1049.8,12,16,11.942241467325953,16.39997315358899,11.926363083195838,16.45251088457125,2.212088908262623,3.7706143099688085
1050.0,12,16,11.942761691979753,16.39670132952987,11.877428587614762,16.562375244768813,2.2016818348754037,3.6708124976664944
1050.2,12,16,11.942313447000258,16.392616715670854,12.042462707888248,16.291412403331247,2.1866023859482455,3.688801360322067
1050.4,12,16,11.942314845417847,16.389448755526214,11.954073270161835,16.45383719749163,2.22175666907151,3.7236428792502734
1050.6000000000001,12,16,11.943370096570488,16.385847866525783,11.89102133853944,16.403526886766752,2.3199236399103746,3.712010068679197
1050.8,12,16,11.944986456608463,16.38312251513608,11.948746292063305,16.4192249459441,2.2717435584988728,3.812010068679106
1051.0,12,16,11.946460192615788,16.38090337522761,11.8554326934307,16.400728629633186,2.333025102485753,3.7575304319410496
1051.2,12,16,11.947701566743097,16.378434095314113,12.00585559729182,16.37348787451459,2.237463481312664,3.8114175688078333
1051.4,12,16,11.94725105186114,16.376440330013022,12.048108106893045,16.28459632255661,2.137463481312641,3.823186422168292
1051.6000000000001,12,16,11.945112892305534,16.37388851883207,11.906429221046427,16.55683973354587,2.0374634813126185,3.7240902446101587
1051.8,12,16,11.941287908384691,16.37007627719153,12.000034938833307,16.424405236723807,1.9374634813127094,3.6240902446102496
1052.0,12,16,11.936932675529388,16.365435029773156,11.96460797632056,16.473000011152337,2.0041884916091948,3.6034399471263354
1052.2,12,16,11.933393208189607,16.361197038687884,11.957303991461918,16.55097222140519,1.9675150685035012,3.682548064640684
1052.4,12,16,11.929086941279495,16.358102888860458,11.91679108128379,16.250582818267794,2.00184897354321,3.7825788233998234
1052.6000000000001,12,16,11.926186288424624,16.356122152947123,12.068151816912781,16.354960422201803,2.0626000541290384,3.816851423961473
1052.8,12,16,11.922681624085653,16.35435713396426,11.913532694790948,16.3078298182394,1.9626000541291293,3.8871843856098565
1053.0,12,16,11.917504699421936,16.353240086099554,12.056471317605768,16.467783539704712,1.8626000541291066,3.852670009933283
1053.2,12,16,11.911936644625184,16.350987013697225,11.950684645236333,16.561880126569946,1.9378338406603182,3.75267000993326
1053.4,12,16,11.907995308743393,16.347873997010748,11.838896930303001,16.48014767467209,2.037833840660341,3.7515958451837013
1053.6000000000001,12,16,11.904902857778566,16.3454420383467,12.19328098620989,16.390082027788694,1.9993132448265505,3.8284733915789375
1053.8,12,16,11.900622497068962,16.34411684723178,11.886625740940094,16.242328935230727,1.9884909922046896,3.9282743573290233
1054.0,12,16,11.897490852744394,16.34403756051005,11.826589105025406,16.137475824884575,2.0884909922047123,4.028274357329046
1054.2,12,16,11.896018570022797,16.344137214878,11.89377119914948,16.570729785459662,2.188490992204735,3.9436434653773507
1054.4,12,16,11.895615981615029,16.342990041969784,11.958568335336265,16.299268564083672,2.170341620657932,3.851085260697535
1054.6000000000001,12,16,11.894386210960892,16.34110957193382,11.799218666294744,16.375493989337393,2.1881038089900833,3.8108334539840536
1054.8,12,16,11.894519026534386,16.339469772824128,11.848170279641272,16.347273072891248,2.2875794188876974,3.9038944043275574
1055.0,12,16,11.89466073115666,16.33788059579156,11.9715329359676,16.447996359566474,2.18997311778636,3.807800821702384
1055.2,12,16,11.893116993201991,16.335807148151588,11.975698541365746,16.15687612089611,2.089973117786337,3.864169058341509
1055.4,12,16,11.890432657284627,16.334927258859228,11.881447321772718,16.297580766057745,2.1034052060269124,3.9641690583415317
1055.6000000000001,12,16,11.889091682260386,16.335298922355722,11.80646724684143,16.240255504518146,2.203405206026935,4.064169058341554
1055.8,12,16,11.889407743908384,16.336068954922602,11.853178586281397,16.45130209819309,2.303405206026844,3.998882837591742
1056.0,12,16,11.891372715268192,16.335624930647445,11.861480430809184,16.50927486227022,2.403405206026867,3.898882837591719
1056.2,12,16,11.893726441403357,16.33396791304613,11.93288747348312,16.362937000145887,2.3301138610133547,3.830199572087199
1056.4,12,16,11.89442052339728,16.332321694122484,11.863461034724054,16.285930221296162,2.236445037410301,3.833292437087213
1056.6000000000001,12,16,11.893812614247597,16.331036571847296,11.89504242703213,16.42381187309483,2.1619465240772455,3.9296127602138924
1056.8,12,16,11.893215256290922,16.33007340361983,11.833712999676992,16.426324116812967,2.254533298045545,3.8571073243581875
1057.0,12,16,11.894257667844085,16.32788382985418,11.845833098405004,16.46347432873612,2.3545332980455678,3.7571073243581647
1057.2,12,16,11.895890379837239,16.325040144681612,11.85886814345006,16.17508258524782,2.2961920294100087,3.7940790450829613
1057.4,12,16,11.895904032911371,16.323178340111294,12.084795960003937,16.40781461310011,2.196192029409986,3.8228583173675252
1057.6000000000001,12,16,11.89447913610251,16.321107153239353,11.908562311353597,16.28223321438384,2.172955948050912,3.851828693526943
1057.8,12,16,11.894070099692687,16.320135218367355,11.91848881845458,16.297673537131043,2.272955948050821,3.9503378780636274
1058.0,12,16,11.895308705662492,16.319162191506692,11.700092301818218,16.340134662965948,2.3729559480508438,3.8513007566245827
1058.2,12,16,11.89754309844038,16.317066328874205,11.878589797785262,16.254602516787312,2.348689003720983,3.813362506030502
1058.4,12,16,11.898324623737903,16.315340573798597,11.979817772723957,16.241878524202136,2.24868900372096,3.818605826049828
1058.6000000000001,12,16,11.897797791314996,16.313146799404194,11.875431276073316,16.290868825548667,2.243977599649731,3.787542812183737
1058.8,12,16,11.898457561393908,16.311374483117415,11.826507432871644,16.200732591022447,2.34397759964964,3.8847086664882227
1059.0,12,16,11.90024730073225,16.309857775567217,11.930188215065066,16.34686336239448,2.333122434981492,3.8053653737905337
1059.2,12,16,11.900676870753623,16.307183684047015,11.922217809406499,16.366755949328883,2.2331224349814693,3.7540325794630185
1059.4,12,16,11.899573864031264,16.304079266650447,11.88221398590053,16.54995706241327,2.1943035846208105,3.6779165471783006
1059.6000000000001,12,16,11.89930674691307,16.30025700821505,11.875721463464494,16.20516556662127,2.2943035846208333,3.7058088628104024
1059.8,12,16,11.900028226316008,16.29753845851332,11.959004828329787,16.22346715186912,2.2697945132088115,3.8058088628103115
1060.0,12,16,11.899302347962635,16.29608342047859,12.00183379474792,16.21997695733353,2.169794513208789,3.9058088628103342
1060.2,12,16,11.89741861411965,16.295661654446526,11.720119444901412,16.27201327059621,2.1813324343258276,3.9461921428658804
1060.4,12,16,11.896864641050243,16.294724411941687,11.895227321303182,16.389250520156793,2.2813324343258503,3.847095840592378
1060.6000000000001,12,16,11.897916693272899,16.293057322330405,11.83708580880478,16.22526677355138,2.3658190085529665,3.875693885684835
1060.8,12,16,11.898752696041406,16.292132027778575,11.94989284402168,16.4597608096535,2.267225783178228,3.868097587213926
1061.0,12,16,11.897906498651336,16.29029880260661,11.945281964183568,16.288058545911497,2.167225783178205,3.806032782029009
1061.2,12,16,11.896041076074663,16.28763692803941,11.880394353657396,16.297722445189645,2.193357063131825,3.707902217221982
1061.4,12,16,11.895591245580777,16.28423614446741,11.854077996663841,16.30961544749162,2.2933570631318476,3.7355452516170424
1061.6000000000001,12,16,11.895585529497678,16.281219019779833,11.774238785117175,16.448808142378116,2.2239563012784735,3.6844132165705514
1061.8,12,16,11.893929237567141,16.277070780266815,12.104630586459406,16.2590754273802,2.1239563012785645,3.6207830177351408
1062.0,12,16,11.89090013519067,16.273340153708734,11.947736982961121,16.03474422211834,2.1108576326118094,3.7207830177351635
1062.2,12,16,11.88898663857961,16.27086648425254,11.85663515563875,16.393792089356552,2.210857632611832,3.8207830177351862
1062.4,12,16,11.888722643221517,16.269652624755672,11.867120502692647,16.044163088013935,2.310857632611855,3.920783017735209
1062.6000000000001,12,16,11.889599168491591,16.269550863084376,11.907482879479492,16.350875654741937,2.3003333909500734,3.951548569387563
1062.8,12,16,11.889132983613212,16.2687352476627,11.821862462718999,16.26838237487672,2.2004002093874204,3.851548569387654
1063.0,12,16,11.888613575958551,16.266853242758266,11.895681683493743,16.288809290460012,2.2979754966412522,3.8284007135846916
1063.2,12,16,11.889619069239162,16.264812251143034,11.868536231569148,16.32405347285124,2.3443769113657704,3.754776276198822
1063.4,12,16,11.88982714252663,16.262108525774313,11.93669772963249,16.258464427593474,2.2443769113657477,3.7883135116589592
1063.6000000000001,12,16,11.888674538934085,16.260189434723614,11.812831105216366,16.4163021279912,2.232479820130007,3.7844176237068803
1063.8,12,16,11.888617585753977,16.25808829052587,11.852743443370247,16.146303492167387,2.308073048634401,3.8418821722504086
1064.0,12,16,11.888171088817339,16.257193398960524,12.198674268888585,16.151196428895364,2.2082468056760236,3.9418821722504314
1064.2,12,16,11.886248879781414,16.257554890976774,11.71912101974193,16.059960350897178,2.1768460561219607,4.041882172250454
1064.4,12,16,11.885078515783203,16.259168945037125,12.03703043743515,16.133029058020348,2.208423462925866,4.141882172250477
1064.6000000000001,12,16,11.883960472961578,16.261740066018604,11.919227771489133,16.15115599185921,2.262709265403218,4.189348366034561
1064.8,12,16,11.884314327867312,16.263988166513524,11.943097017151471,16.247054464853033,2.3201565979089205,4.0929613629629085
1065.0,12,16,11.884500788919759,16.264983029454374,11.820521849356842,16.335984464096537,2.2722778796251886,3.9929613629628857
1065.2,12,16,11.883799082753866,16.26472389843359,11.905979343387232,16.25486776466484,2.213781656438509,3.892961362962863
1065.4,12,16,11.883408403012808,16.26343532372455,11.671379473444143,16.350612433761185,2.3125969796853694,3.860842199973753
1065.6000000000001,12,16,11.884571000255718,16.26277601595407,11.902772443938819,16.218908413265737,2.364678731547611,3.9602794477461463
1065.8,12,16,11.885018697272185,16.263380260495428,11.803008009806945,16.185510202488416,2.264678731547702,4.060279447746055
1066.0,12,16,11.883798037527018,16.26421810335276,11.949863163861068,16.241802634626783,2.164678731547679,3.979792493594572
1066.2,12,16,11.880911049712504,16.263808361548055,11.968650703224133,16.34603186043314,2.0646787315476565,3.8797924935945494
1066.4,12,16,11.877233467945485,16.26244063768565,11.967361212859425,16.250112409810782,2.1097663194195695,3.8774476664065434
1066.6000000000001,12,16,11.875090575157362,16.2619913633706,11.957866058065783,16.112944072546483,2.2097663194195922,3.977447666406566
1066.8,12,16,11.874405904425696,16.261985753128247,11.952852284950984,16.53397803227126,2.267210423158493,3.9166461923593165
1067.0,12,16,11.874857573872005,16.26077671360943,11.835513405278336,16.272005973929595,2.3665304718652385,3.816646192359294
1067.2,12,16,11.876162945659713,16.258506632076717,11.925683294071375,16.245294751938825,2.3287634251263856,3.7929852097670973
1067.4,12,16,11.876641088866755,16.25601881341245,11.760071690735256,16.378484304496027,2.358339405120749,3.714212719938667
1067.6000000000001,12,16,11.878550459058896,16.252460066970897,11.678860742802062,16.328106405187523,2.4583394051207716,3.684918818968907
1067.8,12,16,11.882090922126672,16.24944387869665,11.668424363309027,16.264439672251324,2.5583394051206807,3.7270154179183104
1068.0,12,16,11.886436698276702,16.2470335535993,11.726663799003008,16.25794674294428,2.517666059757607,3.8059615045703215
1068.2,12,16,11.889284515748162,16.24553490644389,11.751964661538349,16.202288817529162,2.442759891894721,3.864198636526563
1068.4,12,16,11.890830692261307,16.243850860118698,11.936925506641552,16.43809571184705,2.343851480690085,3.7699818995191006
1068.6000000000001,12,16,11.891251434452574,16.241947974187493,11.745137749830562,16.264399524210777,2.359856798449206,3.850558678788317
1068.8,12,16,11.892228535329698,16.241297989928416,11.915921102057561,16.156129110583677,2.321435018856379,3.950558678788226
1069.0,12,16,11.892338740324686,16.241362640085356,11.716092346743288,16.16359517486265,2.346446318321164,3.9186196421955337
1069.2,12,16,11.893867524564183,16.240706177989825,11.735405548690606,16.20810078833646,2.4464463183211866,3.908414375675522
1069.4,12,16,11.89690199495762,16.239599307858555,11.958277975379925,16.323538601815756,2.4908233226686507,3.8122674282152156
1069.6000000000001,12,16,11.899124733660214,16.237812157286942,12.1141031620513,16.133291125343316,2.3908304323090688,3.8454444966706123
1069.8,12,16,11.899750735849468,16.236207128500684,11.9210547591214,16.151849162743698,2.3369480146541974,3.7728787685340666
1070.0,12,16,11.90103619080357,16.234355601809973,11.927850308264501,16.191317531967496,2.43694801465422,3.834091829757059
1070.2,12,16,11.902662051436582,16.233362129502343,12.033734972601401,16.154172548974486,2.3599607032842638,3.9010706409028137
1070.4,12,16,11.902662455882155,16.233429905328627,11.90758677136171,16.086449294291164,2.287054751839782,4.001063477625533
1070.6000000000001,12,16,11.901906435052455,16.234251582544577,11.958089233901614,16.245718777410335,2.2192123220321345,3.9744332061667516
1070.8,12,16,11.900698611599868,16.23404286932021,11.811259412738055,16.177690784083076,2.2870117500977063,3.9133878096011965
1071.0,12,16,11.90110410611021,16.233616773658635,11.82618892951994,16.2485337886613,2.387011750097729,3.9056766296380174
1071.2,12,16,11.902550502013062,16.233731770663532,11.95131847184492,16.060443165218928,2.365841522235821,4.003886789252246
1071.4,12,16,11.902583452233593,16.234800315338813,11.950958660204938,16.16572996918266,2.265841522235798,4.005148550603428
1071.6000000000001,12,16,11.901054664440315,16.235386992323633,11.920384767443192,16.221126503394014,2.2159050222840446,3.9837305471353623
1071.8,12,16,11.89953630304646,16.23527564044007,11.888545047090053,16.234769570819093,2.1847008352411117,3.885727269427447
1072.0,12,16,11.897998108939174,16.23390789610702,11.794944253909604,16.281955323654184,2.2715249254221264,3.7857272694274244
1072.2,12,16,11.898103014969164,16.231897851143138,11.918781353924416,16.216084342697005,2.371524925422149,3.824948487756148
1072.4,12,16,11.899854812617916,16.230864490261446,11.798622093111417,16.305396277649535,2.471550439061789,3.8601086496553654
1072.6000000000001,12,16,11.901684211925502,16.229428932149403,11.926854385707546,16.260276845858343,2.3774861057163714,3.7959482234388604
1072.8,12,16,11.902142263670976,16.22788911534821,11.769293471807345,16.217834944284604,2.363640729519102,3.847320482744894
1073.0,12,16,11.902572577416306,16.2261244906955,11.904491717386216,16.333868040468037,2.298565557135743,3.750481559473728
1073.2,12,16,11.90267178954087,16.22393940436531,11.685540461402368,16.21008538912816,2.3753448819227976,3.8127578924658434
1073.4,12,16,11.903939436975884,16.222975448606956,12.050268145793119,16.191170489490304,2.3706752058121987,3.912757892465866
1073.6000000000001,12,16,11.904218030886662,16.2229140795879,11.8558760190628,16.20448506015742,2.3569063237619585,3.9111910803340386
1073.8,12,16,11.905611442066403,16.222084076501257,11.862015945948551,16.2978609752908,2.4569063237618676,3.833745169303545
1074.0,12,16,11.90799298204007,16.221058192444474,12.036902155705498,16.210001328006214,2.431241938614729,3.8835690058327623
1074.2,12,16,11.909276220450408,16.22061597540567,11.780644009604323,16.161597900900315,2.423319576885639,3.917853595398509
1074.4,12,16,11.911529748739172,16.219770242635295,11.892655902714482,16.236513477407886,2.4688579387467557,3.8183581035081207
1074.6000000000001,12,16,11.91305253296454,16.217806679822356,12.141361582205889,16.182488001263508,2.3690411898275285,3.7814582370211025
1074.8,12,16,11.912975592861626,16.21635212291131,11.786242394520727,16.228986329537342,2.3138753043827407,3.813104660470715
1075.0,12,16,11.912818980308433,16.2146921997993,11.936828611841703,16.117063238205244,2.2816041261069997,3.7922887171945363
1075.2,12,16,11.911176383072656,16.213536949093573,12.06434601851364,16.124708333989037,2.181604126106977,3.8910937062077235
1075.4,12,16,11.908019319651222,16.21314930855649,12.003044008971822,16.2094693090369,2.141987765827912,3.866791947644859
1075.6000000000001,12,16,11.904271739048676,16.211679692006932,11.936233175386125,16.30983803853935,2.0558610304789884,3.7667919476448364
1075.8,12,16,11.900319507234673,16.209550711395924,11.887375274772905,16.24729665968961,2.1427855978528987,3.8052520550254507
1076.0,12,16,11.898020161532816,16.208135526354447,11.86102050289945,16.163143090225656,2.2427855978529214,3.789747838625652
1076.2,12,16,11.89736204020117,16.2056989289903,11.934174641572602,16.31074169456157,2.336245028741576,3.6947227898338992
1076.4,12,16,11.89719839316909,16.203294190054322,11.863612761094132,16.080861151582532,2.3050074151978497,3.7921570437373613
1076.6000000000001,12,16,11.897367784823334,16.2020370940302,11.926651650611644,16.22442982460127,2.3874851864641022,3.8316712085467604
1076.8,12,16,11.899079759448393,16.20014530963902,11.862222631036328,16.252654621729995,2.487372558372894,3.7316712085468513
1077.0,12,16,11.901277670838342,16.197013553335328,11.979629981489648,16.206233205923745,2.4209481746282075,3.631673246072313
1077.2,12,16,11.901838494305611,16.193877394103716,11.985405712211476,16.1632876442015,2.3349725515984354,3.730099052882628
1077.4,12,16,11.902147564613179,16.191845462833456,11.837257368784304,16.248558209668946,2.3712380229319368,3.7583666415721884
1077.6000000000001,12,16,11.901891780206187,16.189596330252012,11.894596745373923,16.169136115988728,2.274739455413283,3.78616699643139
1077.8,12,16,11.899961280052892,16.188443416176142,11.976690357144175,16.036453783030726,2.174739455413374,3.886166996431299
1078.0,12,16,11.897512696763828,16.188543849193636,11.765870769659776,16.04221573709043,2.240778009215095,3.9861669964313218
1078.2,12,16,11.896400432447923,16.188979833631677,11.926570115888522,16.23077406928915,2.258409002166436,3.9151728133018993
1078.4,12,16,11.894197267335365,16.188185647939537,11.984458085250589,16.269845518216336,2.158409002166413,3.8151728133018765
1078.6000000000001,12,16,11.890902617939627,16.18652077297162,11.875927056202698,16.043093941506736,2.176096015739498,3.82635631492536
1078.8,12,16,11.888986367312592,16.185821230385088,11.967814609575733,16.215704572819796,2.2726737321933497,3.8959145892786027
1079.0,12,16,11.888636229412539,16.185590700788158,11.848924931789115,16.21366830043188,2.370286210054403,3.9285736909038462
1079.2,12,16,11.888601355395059,16.18621994223654,12.048408583827412,16.026285673150767,2.290636650948605,4.028430187614755
1079.4,12,16,11.887587135605457,16.188027477970508,11.862137542704934,16.139251264644525,2.317043151204435,4.078797040675546
1079.6000000000001,12,16,11.888016524380818,16.18928855365966,11.679371048504018,16.233378403729997,2.417043151204458,3.9787970406755235
1079.8,12,16,11.890104279787423,16.189300472617607,11.845715932373333,16.19887995013504,2.517043151204367,3.8787970406756145
1080.0,12,16,11.893266993829327,16.188264111577073,11.909021886139755,16.195808322091533,2.499796521813994,3.8459318158365337
1080.2,12,16,11.895029475746734,16.18665380836187,11.956431954815871,16.269286078534453,2.3997965218139714,3.7473272956068344
1080.4,12,16,11.895513419791943,16.184065642626273,11.939292990214822,16.214062238923994,2.3756787778094837,3.7394578256350046
1080.6000000000001,12,16,11.895801954994823,16.182378045546248,11.895609891910519,16.10173665886924,2.3495211525639266,3.8394578256350274
1080.8,12,16,11.896288599608079,16.181814498968155,11.845099069058264,16.183342743489916,2.4066481139096374,3.872885936088018
1081.0,12,16,11.897849161497863,16.180562709220972,11.944428703807885,16.353533488014325,2.4762120737861633,3.772885936087995
1081.2,12,16,11.899653521692638,16.178068422137713,11.964254738865721,16.308608913974613,2.433314632312629,3.6728859360879724
1081.4,12,16,11.901308152726477,16.174334211932468,11.895973264833646,16.20084563339762,2.470347464267126,3.57493115990758
1081.6000000000001,12,16,11.904099431832313,16.169675782079015,11.696207378657279,16.215264444954702,2.5702158279438967,3.5215554977894095
1081.8,12,16,11.908209313348166,16.165315088398867,11.802705617758399,16.178712386539253,2.5844863369298894,3.6195520985008423
1082.0,12,16,11.911232236401483,16.16223383641596,11.798467888207814,16.116442827082864,2.5245651179638426,3.719552098500865
1082.2,12,16,11.914200507682825,16.159716398835982,11.940411199044801,16.411512161081774,2.545632095174743,3.669101187038469
1082.4,12,16,11.916467983480194,16.156142829037826,11.981679017526481,16.208172031357034,2.446808620617811,3.6266382999885995
1082.6000000000001,12,16,11.91756363606326,16.15320371594468,11.873038190368018,16.070121194339222,2.4585952783324174,3.7266382999886223
1082.8,12,16,11.919498851736867,16.151534390626264,11.984256987864255,16.068741219412356,2.451282931166437,3.8266382999885313
1083.0,12,16,11.920633936625663,16.151122236344765,11.886146126263336,16.145837348048655,2.4619066467524378,3.9089336747609775
1083.2,12,16,11.921450623049502,16.151511450106682,12.038480737383733,16.08322322081022,2.3640830059023172,3.9878508136562165
1083.4,12,16,11.920601053950827,16.152139164651835,11.978421624163277,16.163298344831276,2.2640830059022945,3.9090346066654376
1083.6000000000001,12,16,11.918807068974093,16.15152463136519,12.05174933381931,16.22628743295315,2.2956493925092287,3.809034606665415
1083.8,12,16,11.918476074802726,16.150267431737763,11.722753025592187,16.123311825513134,2.3956493925091378,3.848546023386887
1084.0,12,16,11.919798782148135,16.15015847935179,11.867494380351241,16.10308595371155,2.491339426611809,3.9485460233869096
1084.2,12,16,11.922641831302299,16.150713396186667,11.657394688712376,16.143940097866434,2.587438571153234,3.9100683483692493
1084.4,12,16,11.92679950329714,16.150146350951786,11.841571479611293,16.16823725201041,2.598292346003462,3.8100683483692266
1084.6000000000001,12,16,11.92978302068184,16.148850987420452,11.770032553639485,16.144834664430295,2.4982923460034394,3.8374150805867764
1084.8,12,16,11.931385390314603,16.148187803869252,11.926334606409785,16.158567393318787,2.4832211290441517,3.8377483774958794
1085.0,12,16,11.932556751740208,16.14796773453135,12.189985371338333,16.09948519525116,2.3914044815591486,3.9344473593717915
1085.2,12,16,11.93206101075343,16.148372285034537,12.058617595507188,16.280019463706452,2.291404481559126,3.8924684085942767
1085.4,12,16,11.930407366893261,16.148791376914463,11.805580661154575,16.186389042524564,2.30174393162705,3.9849588358822574
1085.6000000000001,12,16,11.929189388627291,16.150242820026588,11.99137252596819,16.190805844694665,2.2548056171982807,4.0149596905298095
1085.8,12,16,11.926433294774395,16.152223730068318,12.061138738865811,16.128570657314636,2.1548056171983716,4.1100103467809985
1086.0,12,16,11.922030103371553,16.1543120640441,11.983388684839845,16.143821717034818,2.054805617198349,4.019953598605906
1086.2,12,16,11.916998725466929,16.155131963832915,11.77582040539948,16.17113790108866,2.1112152967289717,3.9199535986058835
1086.4,12,16,11.913563244140326,16.154884054373735,11.917431049586368,16.202299100740643,2.2112152967289944,3.89929502902073
1086.6000000000001,12,16,11.911670956376211,16.15460239374402,11.97323811384616,16.284587440466893,2.2784256184494716,3.8370721277395843
1086.8,12,16,11.91069092162916,16.15315164922689,11.927823837712904,16.1561013030119,2.3405836422428012,3.7592607825078828
1087.0,12,16,11.909440379196422,16.15193258363819,11.976276350418688,16.066642720568474,2.2431609357912734,3.85848117553409
1087.2,12,16,11.907234144335584,16.151968347022223,11.936068193670817,16.109187144530928,2.2737766185117567,3.958481175534113
1087.4,12,16,11.906496083966097,16.15309582494247,11.79973394670072,16.147092691315535,2.3737766185117795,3.9869605599035918
1087.6000000000001,12,16,11.907372078887624,16.15348908084383,12.007906736922022,16.185537744103197,2.4389381080732315,3.886960559903569
1087.8,12,16,11.907709982787143,16.152667700080528,11.94794039295236,16.181493677744214,2.3389381080733225,3.819873713599146
1088.0,12,16,11.906408060245312,16.15222883200359,11.962757969562915,16.144652949423545,2.2665247795412897,3.9198737135991686
1088.2,12,16,11.905128861274779,16.1528797641115,11.882713520091656,16.070067628158633,2.3007779758823217,3.9714634767937746
1088.4,12,16,11.90481247536557,16.15310913236227,11.792833156388555,16.049067475057765,2.399927476532669,3.8732241037330764
1088.6000000000001,12,16,11.905769226733405,16.152531305793655,11.900002656888562,16.135923998403115,2.4038934982952362,3.891934620727405
1088.8,12,16,11.90661990203539,16.15213046390573,11.858778887691049,16.16057148496726,2.4677410091126597,3.824760690436572
1089.0,12,16,11.909066073000004,16.150518598181417,11.836272509340823,16.242938658754166,2.5677410091126824,3.724760690436549
1089.2,12,16,11.912495465870036,16.148043188323435,11.879255634057511,16.133590837605297,2.542203416827688,3.7339318801888606
1089.4,12,16,11.914466787504947,16.14658115663576,11.941240042335407,16.07750175948768,2.4422034168276654,3.8339318801888833
1089.6000000000001,12,16,11.914759944520586,16.145738059601282,12.017172227694891,16.169539618628953,2.3422034168276427,3.7905014388104563
1089.8,12,16,11.913379645924188,16.144614456996003,12.148842776128516,16.133148789064354,2.2422034168277336,3.8570027190555254
1090.0,12,16,11.911228372452522,16.14422779591171,11.636392255113515,16.19390778126911,2.288847563111207,3.8331082146192292
1090.2,12,16,11.91061989025231,16.14315338380247,11.707085123960091,16.07841498940081,2.38884756311123,3.8439642267104848
1090.4,12,16,11.91154736561354,16.143091104497188,11.845849560618268,16.035164255586963,2.4350044743060253,3.9439642267105075
1090.6000000000001,12,16,11.912688429620278,16.143322085884524,11.739686392067432,16.296272498373533,2.489649618897536,3.8682874620222667
1090.8,12,16,11.91494720394984,16.142431375425684,11.927215704258625,16.01559361307712,2.4857468300656085,3.8263457605588393
1091.0,12,16,11.916267716357082,16.141861968208467,11.86465213303031,16.071484257358,2.4780670771261497,3.8265188959937313
1091.2,12,16,11.917148852397256,16.140709698594748,12.051503169383722,16.2287807244794,2.38156363569466,3.831854718877407
1091.4,12,16,11.916355642294743,16.139495937802657,11.863819617483724,16.258978620264323,2.281563635694637,3.7497910010320883
1091.6000000000001,12,16,11.913890326764218,16.137866118481472,12.040779012686956,16.075263896190553,2.1815636356946144,3.812191297463151
1091.8,12,16,11.910245268217722,16.13709852473343,11.888425590828124,16.271187714887553,2.1894505783436493,3.8074214124978907
1092.0,12,16,11.907912425718575,16.135724499811506,11.89235992807749,16.19277657788277,2.289450578343672,3.8158629386016947
1092.2,12,16,11.906418046535501,16.135343468501784,12.096537653592632,16.06067010049502,2.248841278581199,3.9158629386017174
1092.4,12,16,11.903875230538935,16.135802944979503,11.874766556387778,16.11686382887091,2.2546235483243495,3.901324372235768
1092.6000000000001,12,16,11.90256123100958,16.135232766026554,12.009622245767549,16.292129562726906,2.316815629383777,3.801324372235745
1092.8,12,16,11.902289538055191,16.133596282881214,11.853954143484554,16.093904517442255,2.4134413053348185,3.7784061288682373
1093.0,12,16,11.903429893288386,16.132623622307197,11.891707452184544,16.11492664084894,2.4378799220778107,3.8151124849495934
1093.2,12,16,11.904003293684495,16.131657102890653,11.821430644899747,16.128232860420116,2.400214271045041,3.8607592395263644
1093.4,12,16,11.905130410302974,16.13149141121572,11.691844604692871,16.03010206659221,2.499483703964353,3.8755857509893405
1093.6000000000001,12,16,11.907912338377692,16.13187647774342,11.813129063750747,16.11949506443181,2.599483703964376,3.974445645870197
1093.8,12,16,11.91194724523129,16.1335307230202,11.860664490398241,16.05668234107804,2.601451297041655,4.074445645870106
1094.0,12,16,11.916300615483982,16.13536764080538,11.755225408243,16.13241241005862,2.6948008514187247,3.988482575338372
1094.2,12,16,11.921112351069631,16.136257831358023,12.088875663349858,16.06393831474526,2.62562456117324,3.9840198493324017
1094.4,12,16,11.924287758009257,16.13807495954004,11.907576768604468,16.05328101818796,2.5256245611732173,4.0840198493324245
1094.6000000000001,12,16,11.92579735391156,16.140209151473158,12.108445949191234,16.20653089435762,2.4256245611731946,4.010515264441274
1094.8,12,16,11.926000316592717,16.141111511812568,11.799864129606666,16.068635459254196,2.4182692359480606,3.910515264441365
1095.0,12,16,11.926758130584865,16.14083033804759,11.982321897815895,16.123403036041044,2.395653952478569,3.8570884543459756
1095.2,12,16,11.926135464057523,16.140030563243158,11.917263901059417,16.162335922473698,2.327600433321483,3.775236319800176
1095.4,12,16,11.924792958902565,16.139019330628784,12.075024280870615,16.074134547899142,2.2576734156443337,3.856472978716051
1095.6000000000001,12,16,11.92273243436842,16.138864156382688,11.96114920970763,16.215769174196275,2.3053342406575292,3.8455183584999224
1095.8,12,16,11.922093953612867,16.13770165687897,11.919399683897764,16.33012267307908,2.3595954991597066,3.7455183585000134
1096.0,12,16,11.922447301430003,16.135430533604353,11.761410148827203,16.05601722922414,2.4581549148514354,3.7126882893617283
1096.2,12,16,11.924234456229161,16.133872264698322,11.847144194251046,16.056870143959134,2.486690182320606,3.812688289361751
1096.4,12,16,11.925030768814999,16.13343437263368,11.89710336219329,16.213297389726357,2.3866901823205833,3.8446406863708047
1096.6000000000001,12,16,11.924769947762433,16.132946858741487,11.844895879949583,16.195619673434617,2.4081398042738607,3.889104334712383
1096.8,12,16,11.925477165088852,16.132862603758156,11.91150118411255,16.31190326382831,2.406216612240968,3.833530274099178
1097.0,12,16,11.924913304337606,16.131657276455968,11.891250151942767,16.22017299158242,2.306216612240945,3.7801343556671942
1097.2,12,16,11.924014094154625,16.130465932391687,11.888513062136456,16.158291445848356,2.3854031469659063,3.753305317935844
1097.4,12,16,11.92475052731347,16.12890031050916,11.808360192343759,16.231528559031275,2.485403146965929,3.8034229824909445
1097.6000000000001,12,16,11.926110254987668,16.127762216233428,12.011782752768589,16.11343646004263,2.428302945405504,3.7478877307743232
1097.8,12,16,11.92586734663975,16.125438300437537,12.058347744038064,16.19598459346833,2.328302945405595,3.647887730774414
1098.0,12,16,11.925016913605607,16.121864392207318,11.772669737999664,16.35388667050331,2.388904137082224,3.5478877307743915
1098.2,12,16,11.92574211401771,16.117185974235127,11.868862189391978,16.150250183040708,2.4889041370822467,3.51480138752328
1098.4,12,16,11.927064999393764,16.112741097527977,12.052165140760776,16.345363488023878,2.431142974075217,3.490979838590255
1098.6000000000001,12,16,11.926769064285835,16.10840130616337,11.962682182938197,16.126648009951502,2.331142974075194,3.5835149106880575
1098.8,12,16,11.92525838906983,16.10532304468362,11.931677763162645,16.22050147416824,2.337272983214837,3.6835149106879665
1099.0,12,16,11.925033113143327,16.103505928351716,11.812435801910627,15.945284973176918,2.43727298321486,3.7835149106879893
1099.2,12,16,11.926135857931005,16.102814834780453,11.949810487944196,16.14024967165254,2.4488027071571494,3.817325623730746
1099.4,12,16,11.926081916238084,16.101865134530083,12.04592970629491,16.055642605197857,2.3488027071571267,3.8340735591466615
1099.6000000000001,12,16,11.924545607232032,16.101669874724294,11.967196238974683,16.137744558881224,2.3156033798601907,3.838920018769384
1099.8,12,16,11.923935500946456,16.101534558422742,11.887300691306297,16.049159405795987,2.4156033798600998,3.908319750213033
1100.0,12,16,11.923914509992462,16.10134255055311,12.101272656536878,16.22492485384345,2.3550399491020864,3.8114283420985573
1100.2,12,16,11.922342231074587,16.100706793699263,11.947417382060253,16.015610998596653,2.290569786947494,3.872037452673894
1100.4,12,16,11.921121854375226,16.10127684470099,11.893486729429569,16.080597917635117,2.3337610519833927,3.972037452673917
1100.6000000000001,12,16,11.920781174314087,16.102944918409158,11.80907820505054,16.20425237980179,2.4316957967422526,4.001505273151945
1100.8,12,16,11.921194949167576,16.103884595296066,11.909880224766905,16.197989833732514,2.3835473092089887,3.9015052731520363
1101.0,12,16,11.920248597821564,16.1035696467827,11.89727751665221,16.12035833897847,2.351681448620429,3.8015052731520136
1101.2,12,16,11.92023870360226,16.102807632419932,11.881582736537402,15.947535212115067,2.4516814486204517,3.8617723891619935
1101.4,12,16,11.921886969221868,16.102996849326406,11.784616700031531,16.154730338833645,2.5516814486204744,3.8705261948454135
1101.6000000000001,12,16,11.924347134958381,16.103156840538198,11.903319115343665,15.959106977065769,2.5094777692836683,3.9345801653245793
1101.8,12,16,11.925648411659667,16.104517536595704,11.819833230326005,16.1270775273754,2.4922242936231624,4.0079958176474175
1102.0,12,16,11.92635287013988,16.106649304383858,11.908140837400081,15.929909825467009,2.3958431105717475,4.093389028823821
1102.2,12,16,11.925787271377555,16.10950335275695,11.743330921831364,16.188687270670748,2.3816365522161647,4.064130764157453
1102.4,12,16,11.92549881871512,16.111511768998128,11.852647236430169,16.083153186053018,2.3852441469372674,4.0545473640919685
1102.6000000000001,12,16,11.92604923816988,16.11342371002847,11.816201526658782,16.308569871178705,2.4848437832648105,3.9784038551213463
1102.8,12,16,11.92803872936363,16.114101841524487,11.888576589171361,16.19000542530114,2.5113696499800504,3.8784038551214373
1103.0,12,16,11.929380241924493,16.113531871129467,11.822314752449469,16.228452027358742,2.503983489104979,3.7784038551214145
1103.2,12,16,11.930311605728633,16.112322531029587,12.04742380004951,16.0466164259546,2.4091761823538294,3.8175389727043516
1103.4,12,16,11.930055517933505,16.111815208030016,11.912432252921537,16.240306964022984,2.416983783920857,3.7988328890016767
1103.6000000000001,12,16,11.930090888119759,16.11026380283559,11.91979513397132,16.26077909974088,2.361205900714789,3.698832889001654
1103.8,12,16,11.928532105653915,16.107894869986612,12.042782692712066,16.049028569725973,2.26120590071488,3.7164152495994194
1104.0,12,16,11.925962985142942,16.106568364565156,11.922652138022471,16.094777412363285,2.2580103436680963,3.816415249599442
1104.2,12,16,11.924336176805156,16.106495215258036,11.827655238194607,15.94841133351921,2.3574401090329022,3.916415249599465
1104.4,12,16,11.924185558418127,16.107641155745263,11.938078074680611,16.114842811684582,2.3897186436606423,3.98246971822572
1104.6000000000001,12,16,11.924391529111311,16.10926797873441,11.835315048909509,16.066943064712543,2.4656814416123,4.048942299506677
1104.8,12,16,11.926243250838551,16.11211666901749,11.715626651400155,15.960437199410231,2.565681441612209,4.148942299506586
1105.0,12,16,11.929464310800093,16.115565469139433,11.900820027134731,16.18083726584944,2.580696772917617,4.103903319812124
1105.2,12,16,11.931573473300563,16.117858708934417,12.106590897295192,16.093437713610346,2.4806967729175944,4.0039033198121015
1105.4,12,16,11.93210490672088,16.118898952206656,11.916513334247911,16.190319530307423,2.426233278397058,3.9039033198120787
1105.6000000000001,12,16,11.933304790443628,16.118764687651815,11.771483099846641,16.259086399900234,2.526233278397081,3.852650117157656
1105.8,12,16,11.936041069581993,16.118008887703184,11.82777421406691,16.170605554473667,2.573625078416844,3.7601198468413135
1106.0,12,16,11.938059689652981,16.116339463264598,11.887685120711017,16.176048431213207,2.494207282444752,3.7270459043118835
1106.2,12,16,11.940265612545273,16.11515909057813,12.047330821341447,16.137305070993772,2.5894153717193467,3.8240940429718275
1106.4,12,16,11.942592562209951,16.114404587610817,12.104689834385592,16.108581484792474,2.4979593484439504,3.760459906621359
1106.6000000000001,12,16,11.94331484934925,16.113417196289078,11.874948322243885,16.056257288950924,2.4391394994634075,3.836372860613714
1106.8,12,16,11.943217247708388,16.112670719229882,12.062795036253192,16.333335098442035,2.354007542106939,3.7578048573048646
1107.0,12,16,11.941871666117741,16.110959162655,11.850400191023368,16.105335205236898,2.3538659221698275,3.751306093131826
1107.2,12,16,11.94174743593414,16.11014992452369,12.037793558217036,16.03388562468664,2.4330250603287196,3.8513060931318486
1107.4,12,16,11.941816053158123,16.11015290366731,11.950827419751873,16.19277147560482,2.403502351317402,3.8319699751653595
1107.6000000000001,12,16,11.940867146556917,16.109433607809002,12.062250881035348,16.058042581896242,2.3037849811442066,3.834076563831794
1107.8,12,16,11.938253176748018,16.108999888019547,12.244601727369378,16.19373619449037,2.2037849811442976,3.788327275457448
1108.0,12,16,11.934454504629555,16.107436327926063,11.786232932460024,16.035325368283672,2.2108963197941076,3.723811783027253
1108.2,12,16,11.931959239620728,16.105102140708176,11.776323592255642,16.220017755672053,2.3108963197941303,3.6306426730474985
1108.4,12,16,11.931088048444801,16.10151641041384,11.89096262855445,16.161487780646098,2.3848965302816025,3.530642673047476
1108.6000000000001,12,16,11.930598879448652,16.097494655545635,11.803152386306847,16.09388125588716,2.4241263796304304,3.5914177555747546
1108.8,12,16,11.930215705243857,16.094689502741943,12.090170207575502,16.036274376317685,2.341789000408082,3.6914177555746637
1109.0,12,16,11.929301632164115,16.09314470590611,11.83786105808098,15.991440313271898,2.406656923453506,3.7914177555746864
1109.2,12,16,11.929994077416003,16.092860227230563,11.81387935513131,16.04595720087907,2.5066569234535288,3.891417755574709
1109.4,12,16,11.93190909837604,16.093838563436726,12.04550883333751,16.121533133995076,2.504217504917656,3.991417755574732
1109.6000000000001,12,16,11.932554431499366,16.09492306365455,12.009943929943493,16.111040006977063,2.404217504917633,3.8996912218674953
1109.8,12,16,11.932435864081265,16.09475558978058,11.96299408962591,16.02782474577979,2.435533043756315,3.7996912218675862
1110.0,12,16,11.933591699738013,16.09355339970093,11.821140081805833,16.105686192780297,2.535397100063443,3.7748131273591676
1110.2,12,16,11.93639633062063,16.091865131775776,11.785732359963541,16.141111030990988,2.6353971000634657,3.6773095298045297
1110.4,12,16,11.939536093928828,16.08956911467159,11.886160584612947,15.911667654637826,2.55831617744252,3.719065330448594
1110.6000000000001,12,16,11.94150585271793,16.08843624761452,11.861970320634443,16.053214744568805,2.567039243370138,3.8190653304486166
1110.8,12,16,11.943544915179354,16.08856983059332,11.964435858747507,16.040066520403418,2.4947435071028856,3.9190653304485257
1111.0,12,16,11.944580489138145,16.08898978869638,11.825916226448697,16.212952208044715,2.5181193058388307,3.8428144880443584
1111.2,12,16,11.947008459894425,16.088379861542677,11.911465076010924,16.119624241157762,2.5984496623937674,3.822768908324765
1111.4,12,16,11.949116122787084,16.08834409599504,12.256188363887928,16.079295576604295,2.4985060343190897,3.8352865297399257
1111.6000000000001,12,16,11.949829698526374,16.087456973295186,11.746736390948266,16.048926784771517,2.4804728217230743,3.735286529739903
1111.8,12,16,11.951475616998955,16.085946923854173,11.948804914149223,16.051512085760855,2.5225984231064786,3.7763539742019754
1112.0,12,16,11.952284905788652,16.08559273826432,12.076136081992091,15.986293894458585,2.422598423106456,3.876353974201998
1112.2,12,16,11.951460303451507,16.0861539740818,12.045903385599203,15.984063077039094,2.3505871759895953,3.871932018107838
1112.4,12,16,11.949790237765011,16.086727055095313,11.984273290303753,15.947695096740631,2.275071412075722,3.9489024806235893
1112.6000000000001,12,16,11.946491710676163,16.08851072714603,11.96133074413458,16.111430263815635,2.1750714120756993,4.0230638217965975
1112.8,12,16,11.943107804691051,16.089978214469625,11.904640714433281,16.14974438761238,2.2687245932885873,3.9230638217966884
1113.0,12,16,11.940638372044958,16.09018154755962,12.119956246290506,16.089506812491692,2.2336848618119354,3.8230638217966657
1113.2,12,16,11.936752652868714,16.089185615437774,11.971912559579888,16.219755675348438,2.1738808855061005,3.7447366231472117
1113.4,12,16,11.933472866315098,16.088368135509768,11.839913290310552,16.069854352519375,2.273880885506123,3.842925017809692
1113.6000000000001,12,16,11.931304336408461,16.088801484081767,12.002932410398026,16.052812320965682,2.2580427455636056,3.942925017809715
1113.8,12,16,11.928416833392657,16.090005514491143,11.814622413435409,16.08774684378709,2.282061894199785,3.9195698469203766
1114.0,12,16,11.92696277748061,16.090131707463822,11.854956983562468,16.14213681956334,2.3820618941998077,3.819569846920354
1114.2,12,16,11.927170932468217,16.089240028050483,11.900189781905567,16.14621086996963,2.4820618941998305,3.8064187861046945
1114.4,12,16,11.92879044962332,16.089209212844263,11.963286026033563,16.06182259271983,2.519063790330699,3.9064187861047173
1114.6000000000001,12,16,11.930534330428426,16.090441294395553,11.931838992035411,16.025680727260358,2.5334489550887653,4.00641878610474
1114.8,12,16,11.931914531624358,16.092427952493615,11.876076534633444,16.31586002574639,2.4696010646218145,3.9795069397486023
1115.0,12,16,11.931907686514494,16.09332780072672,12.05883624815658,16.05451869111675,2.3697222039499186,3.8795069397485795
1115.2,12,16,11.930237443034404,16.092970508493188,12.108836984704848,16.160527652042852,2.269722203949896,3.779506939748557
1115.4,12,16,11.926903282639762,16.091844657662534,11.966468026037456,16.075935175317667,2.169722203949873,3.8045832109864772
1115.6000000000001,12,16,11.92217779599692,16.091184317929283,12.084268425573566,16.063433188590267,2.1157743623282315,3.765795164492397
1115.8,12,16,11.917781832111952,16.09015180733603,12.097049696212327,16.01627513899393,2.1996544324634146,3.823038629816799
1116.0,12,16,11.914968736182605,16.090309967448796,11.778287797932274,15.773782423943558,2.2996945865911154,3.923038629816822
1116.2,12,16,11.91364457653294,16.09171907667269,12.04848353506177,15.924031956354524,2.3331363756872077,4.023038629816845
1116.4,12,16,11.912138461393473,16.093548849259545,11.920849935218774,16.097042791551274,2.3655567309757406,3.9604935623325614
1116.6000000000001,12,16,11.91122568406066,16.094163486600145,12.05242231450791,16.115542612782967,2.319423680609991,3.8604935623325387
1116.8,12,16,11.908772735132871,16.094193910423304,12.16835445507402,15.864983114527988,2.219423680610082,3.907085281743996
1117.0,12,16,11.905212392624177,16.09486622211847,11.986675977307678,16.319330802231462,2.234060048877941,3.8788740939745217
1117.2,12,16,11.903022248789025,16.09448308458927,11.937593140546774,16.03589631817544,2.334060048877964,3.8172102676050574
1117.4,12,16,11.902496740210681,16.093848469490787,11.919222645007956,15.977352216436984,2.4340600488779867,3.769550747195481
1117.6000000000001,12,16,11.90343935767755,16.092484208280872,11.825548995553557,15.992024131603634,2.489989699421402,3.7868014384925517
1117.8,12,16,11.90544863924481,16.090962416184812,11.827002230131411,16.2159610299576,2.5875687412208586,3.6907988243873904
1118.0,12,16,11.907668631863912,16.08856595879582,11.978445860987588,16.018725091749765,2.5020535383314115,3.6988589314101428
1118.2,12,16,11.908215944700355,16.087171046617208,11.849415129702413,15.977025414446969,2.402053538331389,3.7988589314101655
1118.4,12,16,11.907665852859278,16.087035873726958,11.892120563734562,16.13473659043387,2.419306196179791,3.8988589314101882
1118.6000000000001,12,16,11.907753355827767,16.08782016533269,11.985751399690407,16.128046039416976,2.3857849249007224,3.89531116548186
1118.8,12,16,11.906362130338392,16.08764158709483,11.94135123763747,16.07955582953485,2.2857905540220056,3.795311165481951
1119.0,12,16,11.90485736122633,16.08666902334378,11.988183113843164,16.10568905794415,2.3788158200144625,3.816776087271802
1119.2,12,16,11.90390081239062,16.086759048142632,12.00005326097065,15.94156066614975,2.315314510396047,3.916776087271825
1119.4,12,16,11.90134230089431,16.088100987228977,12.108560886144,15.747690054096445,2.2153145103960243,4.016776087271848
1119.6000000000001,12,16,11.898405557953751,16.090515460645438,11.688578565900835,16.108088667662432,2.2899015037671964,4.042582034152898
1119.8,12,16,11.897051389613974,16.092162357511622,11.925602291383106,16.184855896696444,2.348397660909151,3.9425820341529887
1120.0,12,16,11.89632082918457,16.092550188241923,11.770333918169218,16.178455043842256,2.420723778147565,3.842582034152966
1120.2,12,16,11.89679319537454,16.091684748265678,12.072513698607933,16.30571641952137,2.4194397493280864,3.742582034152943
1120.4,12,16,11.896545019460445,16.08956874742661,11.731994873371892,16.201422304182167,2.4342468127248473,3.6425820341529205
1120.6000000000001,12,16,11.897516677580683,16.086577307753174,12.099620635278475,16.052143841069284,2.4791482757457906,3.651412559306901
1120.8,12,16,11.897678725034764,16.08388130707626,12.03871546817671,16.334400336762176,2.3791482757458815,3.601042627761425
1121.0,12,16,11.896721433771347,16.08035982736408,11.899243396393805,16.06794922391114,2.3953403377163007,3.606052796998614
1121.2,12,16,11.896776888482782,16.077818590571532,12.007399509363092,16.175193356097257,2.404512103368602,3.7060527969986365
1121.4,12,16,11.89565328551587,16.07653882037415,11.925993065038686,16.056354158447682,2.3045121033685794,3.8060527969986593
1121.6000000000001,12,16,11.894237082809013,16.075934031512155,11.85562838105771,16.113653903546666,2.3861176871269985,3.780136634094117
1121.8,12,16,11.89446848445933,16.075428223725865,11.84260856127554,16.16474059187202,2.4861176871269075,3.8619435540652525
1122.0,12,16,11.896359812313813,16.07579545045883,11.862412066849982,16.159167932090853,2.5861176871269302,3.9091468619479666
1122.2,12,16,11.899032350422711,16.07585129744582,11.842755171179968,16.099988896210476,2.5410634137096966,3.811005509543339
1122.4,12,16,11.900155975559601,16.075467487700035,12.0723390017125,15.951321011004595,2.441063413709674,3.871301610969278
1122.6000000000001,12,16,11.900095612915141,16.076293745132624,11.808259377836185,15.984379025717406,2.4487530730458404,3.971301610969301
1122.8,12,16,11.90134967074473,16.07811855273582,11.925153548592698,16.17389297410079,2.5487530730457495,3.9805257153822833
1123.0,12,16,11.903911948160633,16.079067739988883,11.8578277523281,16.184096087417906,2.556244038774252,3.8805257153822605
1123.2,12,16,11.905706960734397,16.079231142759067,11.74516579192137,16.09294513485631,2.5570888331742054,3.9018016162657685
1123.4,12,16,11.907898723684411,16.079507793989244,11.99546664689971,16.209020455468234,2.5140205918193455,3.82729497594571
1123.6000000000001,12,16,11.90855222305251,16.078556140616378,12.00072327686679,16.12848240465337,2.4140205918193227,3.7272949759456875
1123.8,12,16,11.907531963474119,16.07688877299468,12.139585677188917,16.154730535792517,2.3140205918194137,3.75790348869413
1124.0,12,16,11.905384832651507,16.07632526658136,11.976363774229986,15.903592913651336,2.3279356116799104,3.8579034886941526
1124.2,12,16,11.904081055694547,16.07627992224081,12.021663240916313,16.1388058284207,2.316590524640346,3.8048890332039456
1124.4,12,16,11.902248858809797,16.075045990297145,11.954884663073274,16.14360389399724,2.355957582035518,3.704889033203923
1124.6000000000001,12,16,11.901921055675698,16.072750411723803,11.740108607395863,16.066257443963085,2.455957582035541,3.6702536633373732
1124.8,12,16,11.902956238559398,16.071080400690178,11.958386625607158,16.048286700701247,2.4727974976076434,3.7693415530554204
1125.0,12,16,11.90316312325188,16.06973957438482,11.931423108252963,16.236105515020697,2.454605550258646,3.6968910669043322
1125.2,12,16,11.904440425869865,16.06773956109853,11.784157330322138,16.000826370828143,2.554605550258669,3.7310543149938935
1125.4,12,16,11.907366601028496,16.06685689324922,11.840242415093703,15.984701006005293,2.6539794775348255,3.8097248336336396
1125.6000000000001,12,16,11.91034682317012,16.065734830632344,11.839565215583239,16.107542663278355,2.558935015931048,3.709724833633617
1125.8,12,16,11.91164818411969,16.064439593028656,12.03919785819812,16.038760646895142,2.458935015931139,3.794379608174263
1126.0,12,16,11.911350285243948,16.06346587292079,11.972125571200099,16.20230312830834,2.3973737575329075,3.722079312736708
1126.2,12,16,11.91127829225575,16.061767135035744,11.869815403191401,16.00982883258364,2.4565891581673633,3.7486321317440696
1126.4,12,16,11.912129746562748,16.061161104892257,11.87985888728291,15.914481501003293,2.5096911520131506,3.8486321317440924
1126.6000000000001,12,16,11.91424131069397,16.061258926694713,11.781405451760461,16.202258302106475,2.609484531509391,3.815190993433616
1126.8,12,16,11.917746524464452,16.0602517614643,11.90242543212444,16.130389956028562,2.6307180463750766,3.715190993433707
1127.0,12,16,11.920502412283017,16.05884021482171,11.859605018423512,15.935348482406411,2.609191236006861,3.7783626827020416
1127.2,12,16,11.923858803988578,16.058654508907804,11.904847057473836,16.031835239838436,2.6643351151145493,3.8783626827020643
1127.4,12,16,11.926872054606402,16.059736831071735,11.906742798373942,16.024966973361053,2.567152722287573,3.978362682702087
1127.6000000000001,12,16,11.928221031971892,16.062080806172375,12.087986354107851,15.881770809824172,2.4671527222875502,4.078362682702109
1127.8,12,16,11.928440874020115,16.064732254278194,11.80263383866302,16.198085133926217,2.47952617168894,4.004691407024468
1128.0,12,16,11.929973098981877,16.066310291133973,11.856601607050203,15.988958467847397,2.549079826127048,3.9762421424544008
1128.2,12,16,11.931827505344048,16.068630131500974,11.953153209306313,15.857759423978925,2.567753497278521,4.076242142454423
1128.4,12,16,11.933237204508279,16.07172322463895,12.051808130539081,16.07522357242567,2.4692921418944396,4.052006425292735
1128.6000000000001,12,16,11.933300104504996,16.073738788861803,11.893608971565184,16.113357708375023,2.455364042010921,3.952006425292712
1128.8,12,16,11.934491214481557,16.07449839768667,11.85703505042345,16.24203259581777,2.55536404201083,3.852006425292803
1129.0,12,16,11.937339455876938,16.07419209401958,11.867484245414637,15.879632880320761,2.6553640420108526,3.8282964916406064
1129.2,12,16,11.940442428289346,16.074673079075566,12.018656168674081,16.010321485410785,2.572172694790317,3.928296491640629
1129.4,12,16,11.941888702505205,16.076416649857165,11.945154851513426,15.837108146850667,2.4721726947902942,4.028296491640652
1129.6000000000001,12,16,11.941855884954416,16.079226394827117,11.832565319736851,16.027303285648483,2.437555938928262,4.0507520028528345
1129.8,12,16,11.941537010131743,16.0812467426034,12.04488125461465,16.251510536944018,2.36724916732833,3.9507520028529255
1130.0,12,16,11.940226649264543,16.082006365249256,11.913336745269467,16.160870948148723,2.3900847147362736,3.8507520028529028
1130.2,12,16,11.940134381374715,16.081508571873805,12.047149953998739,16.256669045680628,2.4209263140953827,3.75075200285288
1130.4,12,16,11.9406105220385,16.08016412281794,11.77843898963893,15.96842970671643,2.512549531601047,3.7644183298987857
1130.6000000000001,12,16,11.942583729518288,16.079848867709973,11.980252741783463,16.0668941927697,2.5517879093204745,3.8644183298988084
1130.8,12,16,11.944713366501944,16.08021589923984,11.798000543109922,16.059050016786887,2.6085082487841675,3.855811956221712
1131.0,12,16,11.948085909427832,16.07993180564337,11.851218145545841,16.091176770211312,2.6190654674451066,3.7728348223357755
1131.2,12,16,11.951218861688591,16.079312679505733,11.856126740001114,16.07773648803599,2.6687164238965297,3.808463904501379
1131.4,12,16,11.954904099702226,16.07839407647173,12.015386520344578,16.206834003390565,2.6145136615364715,3.7130977636247784
1131.6000000000001,12,16,11.956993577395108,16.077338876253776,11.822661024693996,16.097469274486553,2.5144999183853995,3.8007218111518113
1131.8,12,16,11.958113390029459,16.077537402051885,11.87345715492986,16.126642293472557,2.5029521083416295,3.8896216268145034
1132.0,12,16,11.958334997131004,16.078431210984782,12.106401093332096,15.92780255868154,2.4030097455316723,3.9299060886521233
1132.2,12,16,11.957150668358917,16.079013311379914,12.01425336050659,16.204661207229517,2.381277711636967,3.8309371432959427
1132.4,12,16,11.956859849800905,16.07861113662823,11.962916595912766,16.083965036611595,2.4203154540821537,3.8242433695289044
1132.6000000000001,12,16,11.955707813088605,16.07907642753915,12.03233709615399,16.080511541390724,2.320315454082131,3.8929768581340385
1132.8,12,16,11.95330958922943,16.079174020151623,11.941953832567146,16.098643739626592,2.3198540044173863,3.7929768581341294
1133.0,12,16,11.95215733080498,16.07812264563051,11.901247454839785,16.117578676549964,2.419854004417409,3.752270558722269
1133.2,12,16,11.952134973817842,16.077705965286775,12.05973445357232,16.011327794114393,2.4070767951646013,3.8510415202028128
1133.4,12,16,11.951658133080024,16.077294025695196,11.939958352552756,16.187657034601106,2.4537805846573844,3.752564937883961
1133.6000000000001,12,16,11.952647126902777,16.075819009012125,11.89697198692811,16.11941666785011,2.5120853345533565,3.7301535522518665
1133.8,12,16,11.95443292789804,16.07512798280338,11.883096331747193,16.05991628107187,2.5975187805234694,3.8173126111689863
1134.0,12,16,11.957694164638921,16.074308172432108,11.89870344267065,16.161072047058738,2.6341754205923635,3.718354182533634
1134.2,12,16,11.96004857082324,16.0725088580511,12.048692876807044,16.139169940057776,2.534175420592341,3.7086532499351987
1134.4,12,16,11.960809037945424,16.070391076563823,12.067978727673388,16.126225499178474,2.4763572170312416,3.6133239544551286
1134.6000000000001,12,16,11.962161464215683,16.067366611173725,11.944012639596606,16.024229296141872,2.576135205655663,3.6172233077229037
1134.8,12,16,11.963769136576301,16.06531980009066,12.086195617459227,16.023112030208974,2.49351817816235,3.7172233077228127
1135.0,12,16,11.963716561055538,16.064427105586244,11.983744347035524,16.165000718114246,2.4032650692241706,3.7584574719616004
1135.2,12,16,11.962271872908495,16.06377606689095,12.023503224645989,15.85773599299934,2.310550975243919,3.824984772391737
1135.4,12,16,11.959593970862116,16.064340572314336,12.026407093955646,15.97547348006172,2.3113617915999987,3.9249847723917597
1135.6000000000001,12,16,11.957650113397637,16.065830242200775,12.034593104351778,16.061810505022617,2.305147827190699,3.9235780949938492
1135.8,12,16,11.9555720615876,16.066361587637253,11.978884308456122,16.142842639378795,2.341631586053201,3.82357809499394
1136.0,12,16,11.954668472469377,16.065633267580544,12.016927045751789,16.105754189943834,2.4411066707585576,3.7235780949939175
1136.2,12,16,11.954230817740717,16.064083157266076,12.041664812565859,16.07255189201526,2.371900100523941,3.740797702840858
1136.4,12,16,11.952381737600582,16.063573395818974,12.094404555858228,16.03803952764602,2.3441673771261433,3.840797702840881
1136.6000000000001,12,16,11.951378903996543,16.06369739882544,12.045919066478772,16.3093186095061,2.3920617131264783,3.8004096886012646
1136.8,12,16,11.949653942015159,16.062853563786316,12.091118294490789,16.14012012705931,2.2922474185719843,3.7757266792225654
1137.0,12,16,11.947319064917517,16.06277321331935,11.898556668539195,15.998041497125792,2.3512705686877853,3.875726679222588
1137.2,12,16,11.946338050857745,16.0639444989988,12.082989699167838,15.977696256374102,2.3741451600462837,3.975726679222611
1137.4,12,16,11.945240328562443,16.065815584423213,11.932136694654726,16.198917743991245,2.4219321114524233,3.9432512179408326
1137.6000000000001,12,16,11.94570063680507,16.066571181553694,11.843760764561974,16.28574501391883,2.521932111452446,3.84325121794081
1137.8,12,16,11.947820701826469,16.066194526487852,11.971194831210836,15.981185700868242,2.6215281749434016,3.804783041793078
1138.0,12,16,11.949954396729366,16.066481071931435,11.942996956691402,15.988055894263825,2.5234079577515955,3.9047830417931007
1138.2,12,16,11.951240658257193,16.06715083767136,11.832409136875148,16.049471679278472,2.5637892778956837,3.8376892123081525
1138.4,12,16,11.953497533672316,16.06667577646248,12.104036321320109,15.912332679362928,2.5500219278277347,3.778754224613414
1138.6000000000001,12,16,11.954568200319834,16.066644337796433,11.94732773647778,16.00632159183552,2.515455837820639,3.8779693397980717
1138.8,12,16,11.955918985276217,16.06746414211807,11.917450040435055,16.089536724140416,2.5191725791471367,3.863930875109399
1139.0,12,16,11.956297766986435,16.06726336495391,12.04925240014279,16.197957951662428,2.419565526554372,3.7639308751093763
1139.2,12,16,11.955007717186401,16.06601743561528,12.06657218410588,15.98762933571353,2.322478762500785,3.7456584854071733
1139.4,12,16,11.953034848231793,16.06558599382288,11.912592584729405,15.929744105101413,2.3342395081240843,3.845658485407196
1139.6000000000001,12,16,11.951985583990199,16.06596873565628,11.734205413779957,16.171609902549864,2.4338867382341873,3.8275644867121534
1139.8,12,16,11.95236205066324,16.065306509658008,12.002123899636524,16.099259207473146,2.4582995001600776,3.7275644867122444
1140.0,12,16,11.95170952946889,16.06365304663968,11.883437477698124,16.08266941774284,2.358299500160055,3.7187149752281314
1140.2,12,16,11.950527350648795,16.06200814069437,11.83345562114741,16.18691421574146,2.423863874862839,3.6517092319453592
1140.4,12,16,11.95019823645894,16.059145215520427,12.023620438133594,16.16746594942623,2.389649746749611,3.5517092319453365
1140.6000000000001,12,16,11.949559114637957,16.055032167858187,11.970579015878572,16.177043245343462,2.4587416985891855,3.451593132851823
1140.8,12,16,11.949056315821618,16.050891966031138,11.950012718600194,15.946030196354563,2.371172478080809,3.5488144766638285
1141.0,12,16,11.947449020561614,16.048012352217114,11.996251653502432,15.839731665724601,2.38814361579079,3.6488144766638513
1141.2,12,16,11.946467781655588,16.046391263859785,11.863890812926817,15.88984448243393,2.3545643747323175,3.748814476663874
1141.4,12,16,11.944004193042284,16.045881947391077,12.131603960060637,16.249436139997915,2.2545643747322948,3.781356723185462
1141.6000000000001,12,16,11.940863518337194,16.044905883130948,11.861257801409028,15.956736411531287,2.3082084582053644,3.769521793126323
1141.8,12,16,11.939301474021917,16.0446094856376,11.859504070111926,15.926962075235423,2.4082084582052734,3.7940340071456955
1142.0,12,16,11.939401384488907,16.043544557540248,11.940681323789402,16.129677789782466,2.5022441840886316,3.6940340071456728
1142.2,12,16,11.940933044181278,16.042172282196347,11.914028413768149,15.975532048366906,2.5945873270840902,3.7672082035493673
1142.4,12,16,11.944114117674891,16.042044026631128,11.87208837342704,15.935905300602421,2.694587327084113,3.86720820354939
1142.6000000000001,12,16,11.948768768525323,16.043008329748194,11.901587200658765,15.942051402765948,2.72886097845764,3.9106203177231498
1142.8,12,16,11.952499657257295,16.044385926327042,11.981504203574318,16.018108386948107,2.628860978457731,3.9622776965605206
1143.0,12,16,11.954563017102904,16.045906182042287,12.105191358431568,16.025840531969465,2.528860978457708,3.9249723881956147
1143.2,12,16,11.95523868757613,16.046540055952715,12.050427151467824,16.058266799511212,2.5103827212043597,3.8250031887188913
1143.4,12,16,11.955845416682847,16.045925266626934,12.131080956441501,16.023143267437696,2.444459980832694,3.7363441761081098
1143.6000000000001,12,16,11.955236999718922,16.044435491073614,11.861981637006195,16.157261299436012,2.4434571497075073,3.6599327333197387
1143.8,12,16,11.95536411373013,16.042980500837068,11.935357289653352,16.09479604566223,2.43435954850351,3.7578623155536093
1144.0,12,16,11.954600210702349,16.042783363954353,11.98985330592199,15.866266580500417,2.4365080534839056,3.857862315553632
1144.2,12,16,11.954613718439786,16.043683709253795,11.904427761024207,16.08206571922245,2.427945932646411,3.8868982382862995
1144.4,12,16,11.954304393034242,16.04449687619223,11.998640262121327,15.879834344906019,2.482089382506071,3.930425687999196
1144.6000000000001,12,16,11.954942827518906,16.045589038601147,11.932912074556768,16.13007597838572,2.4673942627954584,3.863328894814563
1144.8,12,16,11.954999560281902,16.04546031597297,11.936157495483517,16.037024807186782,2.453777849377488,3.763328894814654
1145.0,12,16,11.954900259432858,16.045041618384317,11.92574211409726,16.023603374755165,2.4464162119214974,3.8385369467713972
1145.2,12,16,11.955559723831174,16.045861149312774,11.815120784029352,15.939950288406958,2.5455926670758293,3.93853694677142
1145.4,12,16,11.957095589289969,16.047305955836546,12.078026107705634,16.026520645853033,2.507855317766828,3.8965068663995215
1145.6000000000001,12,16,11.957211097695804,16.047885449629476,12.073238189734404,16.05390227197488,2.452304544424361,3.8913703932768926
1145.8,12,16,11.956957496350812,16.04858698709391,12.093806772137237,15.90063034432941,2.3950788112529175,3.8457089037523815
1146.0,12,16,11.95589771530734,16.04853225118781,11.894713217371468,16.063089770245334,2.4318518428839413,3.7925599990177776
1146.2,12,16,11.955207909930241,16.048756322146183,11.906973799945545,15.932726719032928,2.3672679108523096,3.891005914326081
1146.4,12,16,11.952913710484097,16.049780470304615,11.952029639904193,16.023964609626365,2.267267910852287,3.871157759561974
1146.6000000000001,12,16,11.9499482951795,16.049741494823298,11.84340830753368,16.197378542799637,2.320922071366117,3.771157759561951
1146.8,12,16,11.94854071345158,16.048442018291343,11.95217978732776,16.165000828562782,2.3990977162392952,3.671157759562042
1147.0,12,16,11.948348845994937,16.04645823241439,11.845243882792975,16.148980504065783,2.493114951302103,3.705794738144102
1147.2,12,16,11.949808001347082,16.045602372372738,11.970887497898875,15.908970463396015,2.5878501831009095,3.8057947381441246
1147.4,12,16,11.951174831934495,16.04600333630877,12.075296350156044,16.068544038547557,2.487951083456317,3.891668148814158
1147.6000000000001,12,16,11.950876485603596,16.04623505922333,12.00987102529394,16.062006270913766,2.3879510834562945,3.7916681488141353
1147.8,12,16,11.948913554268518,16.045209090895533,12.056833161397947,16.092448792433352,2.2879510834563854,3.6916681488142262
1148.0,12,16,11.9459356042129,16.04329423184187,11.8884857097986,15.993034799496552,2.3129802672248823,3.7003702324350716
1148.2,12,16,11.944243421576955,16.042113205589832,12.033892654555451,16.052474982629,2.3542374286084775,3.7098190673847973
1148.4,12,16,11.942140695981083,16.040816837672356,12.047940630301385,16.006211153317217,2.347994227899556,3.7659579065120345
1148.6000000000001,12,16,11.94117294566422,16.040283552985322,11.808030739889954,16.03918368200048,2.4479549109210708,3.7575012839575566
1148.8,12,16,11.941821388076317,16.040046350001624,11.925654787865806,16.047426500838757,2.515968768033546,3.8550945971768535
1149.0,12,16,11.942146489635064,16.040448025229928,12.009776564957658,16.213090234285417,2.437000630476905,3.8145665217384654
1149.2,12,16,11.941990249823899,16.039706000901123,11.944424039136306,16.130459247208943,2.4619519468472846,3.7145665217384427
1149.4,12,16,11.942894177715697,16.03771269672689,11.954938033567858,16.22311158248611,2.5612820991996657,3.61456652173842
1149.6000000000001,12,16,11.944878552033737,16.0348234139883,11.996016392774617,15.99505660543103,2.544865574765581,3.6199493584966267
1149.8,12,16,11.94644063949762,16.03266658591827,11.935690427661202,16.156778319909066,2.597519826013113,3.630023728736867
1150.0,12,16,11.948264129568251,16.030354017352348,12.109118128790554,16.009639099289384,2.521425639412629,3.680166933763585
1150.2,12,16,11.948433233729498,16.029150432055463,11.91651714652526,16.16731032300907,2.421425639412606,3.730702606641513
1150.4,12,16,11.946933574274134,16.028420878672325,11.984262444091357,16.024168556743593,2.3214256394125834,3.8106166669125425
1150.6000000000001,12,16,11.94458214217429,16.028585389420144,11.95937645044971,16.0508021151714,2.3607302687471554,3.8082956669089962
1150.8,12,16,11.943746590136053,16.028236129514266,11.784240487472195,16.142846996446185,2.4607302687470645,3.7794633843112666
1151.0,12,16,11.944574067817573,16.028338447714763,11.920115839027192,15.947045516521923,2.560730268747087,3.8783578599145287
1151.2,12,16,11.946133802241247,16.029260524379723,11.875859677634903,16.23936923050828,2.5112137291990613,3.859862786923097
1151.4,12,16,11.946777877987204,16.029163708206994,12.033102640812059,16.036182651757027,2.5355558746899822,3.788138608498657
1151.6000000000001,12,16,11.948842470617326,16.029402389967085,11.908952291143795,15.96612919273643,2.635555874690005,3.8881386084986795
1151.8,12,16,11.95163553364148,16.030493503010256,12.021388491631555,16.117065059471802,2.585987163190682,3.8736763024921794
1152.0,12,16,11.95286662095102,16.03136123567547,11.951668973783244,15.970333158942116,2.4859871631906594,3.9329988540606
1152.2,12,16,11.953279050874832,16.033316599682333,12.010448140601843,16.008632600732653,2.5279816107767425,3.971945432662497
1152.4,12,16,11.95406245017682,16.034622246676182,11.943358579889967,16.13570948928266,2.479209533907144,3.8719454326624745
1152.6000000000001,12,16,11.954999255889707,16.035317581048762,11.843751753795718,15.81919739582904,2.5624627252888263,3.915181997492162
1152.8,12,16,11.955906622114313,16.03705870080484,12.124515801390851,16.09134249888537,2.465774899603141,3.955585350751354
1153.0,12,16,11.955638001610977,16.038622065594605,11.922120431708281,16.00458671227372,2.4732545622586977,3.9766778670859506
1153.2,12,16,11.955778405694971,16.041242830762307,12.021491077467413,15.822053857151865,2.425539516756038,4.076677867085973
1153.4,12,16,11.955524545355875,16.044610471360624,11.877377218227673,16.082115424887437,2.4910449651438666,4.0500796177304315
1153.6000000000001,12,16,11.956470466358985,16.046888312968832,11.982018918145444,15.942826220897773,2.489696213562354,3.952629605519273
1153.8,12,16,11.956164559392693,16.049026207524214,12.111949249216956,15.918242919883122,2.389696213562445,4.02898641457865
1154.0,12,16,11.95505914619982,16.051063512282653,12.018223360360384,16.035104571647288,2.4327524659875235,3.931646383757106
1154.2,12,16,11.954977312081525,16.052171083196356,11.967317187083166,15.980490258324362,2.421615073389743,3.934081391675529
1154.4,12,16,11.953795769477571,16.053841283415963,12.018297612475482,16.03655975752918,2.3956515713645796,3.9226212780255114
1154.6000000000001,12,16,11.953346159236592,16.054497553371956,11.916976772817334,16.261003272345885,2.436014034403609,3.8226212780254887
1154.8,12,16,11.953005338495819,16.054131696271014,11.964945056045726,15.992636696320018,2.434873215246176,3.809021105214769
1155.0,12,16,11.952652856554009,16.054616657043074,12.036474630620653,15.801666798520827,2.434478450089906,3.9090211052147916
1155.2,12,16,11.953013371294606,16.056180831322397,11.937481836635223,16.04825829013414,2.5239657029419,3.934322089747592
1155.4,12,16,11.953360555176245,16.056982009682883,12.034158283676271,16.084519637625597,2.426242415197296,3.834322089747569
1155.6000000000001,12,16,11.95238988361907,16.05652604847515,11.962325457473344,16.17108860859363,2.417404290816924,3.7343220897475464
1155.8,12,16,11.951872774424482,16.05481564650333,12.00769484971062,16.177800705716617,2.386501381184623,3.638543233991948
1156.0,12,16,11.949926540021494,16.053146171764933,12.015287498078443,15.985259119733339,2.3175785062079117,3.7375750209474274
1156.2,12,16,11.94746285506194,16.05272874365807,11.954515490745921,15.990513770601046,2.293196865413647,3.83757502094745
1156.4,12,16,11.945528041652748,16.05316117905786,12.010438586665456,16.088790906795182,2.389297284597065,3.824765664768677
1156.6000000000001,12,16,11.944305475919034,16.052572954656714,11.950654557479314,15.991604367940074,2.3467657923483265,3.7247656647686544
1156.8,12,16,11.943287251045744,16.051648420080433,11.916781739814576,16.08741662741257,2.4443253127618343,3.784907723205414
1157.0,12,16,11.94345638789111,16.05057411405181,11.957698576767791,16.136070271914647,2.4377746001577303,3.686041003269765
1157.2,12,16,11.94319565407549,16.048284934533182,11.894423842323322,16.099105187120358,2.4832548631318545,3.6205159982807813
1157.4,12,16,11.943389633041381,16.04639745293985,12.078645179624948,15.844597963939433,2.4227059796353343,3.720515998280804
1157.6000000000001,12,16,11.942088244461589,16.04576799745074,11.991870580260715,16.10228892599804,2.374236778079865,3.8205159982808268
1157.8,12,16,11.94056216444159,16.046325226908024,12.074726332346666,16.062143081543816,2.321139973186874,3.8757218849769095
1158.0,12,16,11.938162738537697,16.046379669328257,11.792840374941143,16.03524513412247,2.3500300442239834,3.775720514544315
1158.2,12,16,11.93721957287813,16.0452779579823,11.980534109986936,15.981004635649947,2.450030044224006,3.7330560216335322
1158.4,12,16,11.937935863314705,16.044795964651517,11.8115212261167,15.813288392485646,2.550030044224029,3.833056021633555
1158.6000000000001,12,16,11.940311674896266,16.0452087729271,11.74171400786994,16.109236784480032,2.6500300442240516,3.824935060843848
1158.8,12,16,11.943699376531347,16.044993400266556,12.04446587615633,15.959422487189977,2.62578582434661,3.830881466657825
1159.0,12,16,11.94565200255195,16.045697954883664,11.999279611496748,16.018722037329308,2.5257858243465874,3.8849045015602695
1159.2,12,16,11.946275938631617,16.045895845006577,11.845943026392671,16.18339311257091,2.5158602302941038,3.7849045015602467
1159.4,12,16,11.947527077925304,16.04485320042604,12.088257973487357,15.939262499305354,2.503198270058525,3.703570853583669
1159.6000000000001,12,16,11.947420670776266,16.043380490171863,12.085349407694803,16.058355249715724,2.4031982700585024,3.6706857140470466
1159.8,12,16,11.946610012425802,16.042099565320317,11.83330567041801,15.919455124237313,2.4556429369884687,3.7661246384918363
1160.0,12,16,11.9470069340451,16.041871905536933,11.961867050041228,16.043968751926386,2.462924059581887,3.803570369714167
1160.2,12,16,11.94773141857935,16.04109457445573,11.836130602580697,16.015150991105344,2.553796557060255,3.7059601668600255
1160.4,12,16,11.949328352565072,16.039986925173004,12.087644906016079,16.133927160166046,2.517119229526792,3.7738442024482133
1160.6000000000001,12,16,11.949420600921691,16.04007565882922,12.014217678803162,16.012415006740436,2.417119229526769,3.873872277659909
1160.8,12,16,11.94899409527758,16.040674204316083,11.903677839706921,16.121016425557936,2.482821462310203,3.8198562323180965
1161.0,12,16,11.94948898180616,16.040084579128564,11.95439022653433,16.054225999035985,2.45380421542146,3.7198562323180737
1161.2,12,16,11.948522156337495,16.03837910112116,12.029013680314936,16.106333923349375,2.3538042154214374,3.6513443387535274
1161.4,12,16,11.945885050010379,16.036318396079082,12.183316212843232,16.068432183790033,2.2538042154214146,3.6566807056335286
1161.6000000000001,12,16,11.941666837587109,16.03465801927582,12.056751232384444,16.0862269179809,2.1984642900764912,3.7152509041724286
1161.8,12,16,11.93811434206646,16.033493961315948,12.029095512403075,16.075224229422837,2.2984642900764003,3.732854709965719
1162.0,12,16,11.936228333168545,16.031836566538285,11.946605372552298,16.188339611270276,2.398464290076423,3.6362864972471605
1162.2,12,16,11.935998263142942,16.02892637468654,11.76687181123942,16.218922333005843,2.4984642900764458,3.5362864972471377
1162.4,12,16,11.936932953630379,16.025734414894114,12.013768734403625,15.99677272420894,2.4909688904720473,3.6115857329668968
1162.6000000000001,12,16,11.937255189454628,16.02334184435011,11.87587483494193,16.105837061737798,2.521790643736979,3.592467827567631
1162.8,12,16,11.938618862148962,16.020414346560358,11.951460946375638,16.05022320336385,2.5229473587420603,3.6192453542560727
1163.0,12,16,11.938938296276064,16.01858232963208,11.896886639699778,16.018108638239127,2.494101896637436,3.7192453542560955
1163.2,12,16,11.940223089317568,16.01801216654952,11.869409944599122,15.98771591174388,2.5941018966374587,3.819245354256118
1163.4,12,16,11.942187760077664,16.01870520170059,11.875460851153388,16.02107837085705,2.5409028760634143,3.919245354256141
1163.6000000000001,12,16,11.942582964417452,16.02016079242467,11.9757240937229,16.064286700751083,2.4409028760633915,3.8935268847423012
1163.8,12,16,11.941620754731778,16.0210453657374,11.924983120361617,15.89575462041503,2.425917405443728,3.921460522535679
1164.0,12,16,11.94089509275158,16.022933172629365,12.075351134074927,16.018166895329554,2.3799521064151374,3.9691271067688314
1164.2,12,16,11.939142252577527,16.024243211489523,11.908987852032109,16.187722622196997,2.3898093946704893,3.8691271067688087
1164.4,12,16,11.938723139526985,16.024329433726702,11.983489034266325,16.076662652449308,2.489809394670512,3.8030485001585888
1164.6000000000001,12,16,11.939966532761884,16.023966267418803,11.843150119024246,16.122494009684587,2.5898093946705347,3.7393129324713907
1164.8,12,16,11.942863947858823,16.023217691014473,11.875659755707478,15.862559295202042,2.6898093946704438,3.800947085832498
1165.0,12,16,11.9459367995391,16.023690625226028,11.948384922217253,16.047059129761962,2.601401215912329,3.9009470858325206
1165.2,12,16,11.947347847879099,16.02496490415324,12.00582804026613,16.08847214469249,2.5014012159123062,3.879812652629973
1165.4,12,16,11.947095741429253,16.025200763634466,12.109526717728853,16.02997021708075,2.4014012159122835,3.8033454722330124
1165.6000000000001,12,16,11.945235375944343,16.025706500673092,11.979292127516851,15.978846244176589,2.3370248004586105,3.9031913323303606
1165.8,12,16,11.943926581638536,16.02744189491228,11.857662507692073,15.847099666980569,2.4370248004585195,3.982955557778421
1166.0,12,16,11.944295196764092,16.030073910442255,11.819749518757641,15.915875168498676,2.5370619684997715,4.069482700161882
1166.2,12,16,11.945619925639926,16.032677900784023,11.936583157111539,16.040060712503674,2.5458016023207004,3.9712672489000926
1166.4,12,16,11.946167389008133,16.034081419964632,12.002203501976037,15.883720209876591,2.4467463912480842,3.913214621167913
1166.6000000000001,12,16,11.946177348337704,16.035134274310735,11.860843662061239,16.119371890716266,2.5109102639941314,3.8515596428280614
1166.8,12,16,11.947797895983806,16.034979564935995,11.770563470134595,16.01668381084805,2.6109102639940405,3.7515596428281524
1167.0,12,16,11.950657833582516,16.034649150505892,12.121527879870715,15.94250839622653,2.6111030121562244,3.8362670494688724
1167.2,12,16,11.952263548381454,16.03544157611676,11.983785183734433,16.077151551645766,2.5111030121562017,3.871072628833452
1167.4,12,16,11.952945699000008,16.036212364815476,11.911361569428786,15.915975585496788,2.5443827409103457,3.916220810526826
1167.6000000000001,12,16,11.955107141299427,16.03814706064824,11.898048029058716,15.951555378166049,2.6443827409103684,4.016220810526849
1167.8,12,16,11.957539738085902,16.041341452240196,11.99890339655139,15.888280467110773,2.5611348339035787,4.116220810526758
1168.0,12,16,11.958331848507049,16.04505832548315,12.091298583749142,16.154099371311677,2.461134833903556,4.0635376656051285
1168.2,12,16,11.957837714878417,16.047736576299545,11.862410906926637,15.934473293986576,2.4545733858028034,4.033329236091901
1168.4,12,16,11.958092007694887,16.05039388165153,12.039972198633784,16.153997791989333,2.449796996286284,3.979887056093146
1168.6000000000001,12,16,11.957996946104494,16.051859280944317,11.848676921132235,16.002142040849023,2.4991358207034997,3.879887056093123
1168.8,12,16,11.95873920131115,16.05213245322636,12.091883508653517,16.091421661483775,2.4674202852762,3.8151055663628717
1169.0,12,16,11.958057049755157,16.051541029972103,12.062871901825773,16.181105904543475,2.4014906660661324,3.7160757274732807
1169.2,12,16,11.95788800205454,16.049961984783973,11.951270355905905,16.101386015706968,2.501490666066155,3.708423682259173
1169.4,12,16,11.958699726165543,16.049279610619504,11.99734766706781,15.851431534440096,2.4741825774760153,3.8084236822591957
1169.6000000000001,12,16,11.958079957912084,16.04932881388089,11.961416417006577,16.17161542132303,2.3930359592312165,3.7790155656821853
1169.8,12,16,11.957756992455085,16.04828440934004,11.871542939540971,16.047176877254582,2.4930538520824608,3.6939586098051183
1170.0,12,16,11.958063154572304,16.04742412879332,12.100193187828237,16.029102816101208,2.435927450592601,3.793958609805141
1170.2,12,16,11.957084694371222,16.047094052528358,11.721728420849503,16.04480057752741,2.4216295122280664,3.7419415032344974
1170.4,12,16,11.957223312614254,16.045580805187804,11.962000458560333,16.295697208775607,2.521629512228089,3.6419415032344746
1170.6000000000001,12,16,11.958397121688764,16.042954751814246,12.016544819357469,16.027198723836616,2.5001142205468296,3.60778834657061
1170.8,12,16,11.958415437833144,16.041026856255677,11.867420340988595,15.906836424711981,2.477471599971,3.7077883465705193
1171.0,12,16,11.957829373087531,16.040357763001236,12.131320313893873,16.066655892000064,2.3804258373136746,3.807788346570542
1171.2,12,16,11.95608202510982,16.040162816863457,11.863357573126429,16.09183878636716,2.3901420925716805,3.7503030531143726
1171.4,12,16,11.955333758454367,16.0387669210364,11.96044708834123,16.062367311418367,2.4019232267688873,3.65030305311435
1171.6000000000001,12,16,11.954879472699007,16.0370896749627,11.888619446124105,16.081390498103083,2.4881453338451696,3.7263220393989775
1171.8,12,16,11.956072681827271,16.036260224947824,11.76147497483397,16.147887419626663,2.5881453338450786,3.7142558381345916
1172.0,12,16,11.9589169023157,16.03442669951085,11.909829782171267,16.126215151281524,2.6881454734494525,3.614255838134569
1172.2,12,16,11.961783059006432,16.032173300751168,12.067528031285132,16.07256521029993,2.5908508029305817,3.67597923745485
1172.4,12,16,11.962969972016811,16.03113985683435,11.898139662805773,16.014518852662,2.4945566247993396,3.7759792374548726
1172.6000000000001,12,16,11.964118946886742,16.03136681609726,12.022410593199956,15.969355384957007,2.5887479882144673,3.8759792374548954
1172.8,12,16,11.965513496822672,16.032853640919157,11.996904486058993,15.899237303961813,2.504488576202533,3.9759792374548044
1173.0,12,16,11.965265613641705,16.0349628557661,11.963590983352558,16.012860360053494,2.411922533375326,3.934085210747896
1173.2,12,16,11.96349615564912,16.035916216852712,12.179440697201908,16.12287141439983,2.3127408048098634,3.8340852107478733
1173.4,12,16,11.960138383442871,16.035857543675387,12.13433271503802,16.071654296332582,2.2530011998384802,3.8236933304905696
1173.6000000000001,12,16,11.957394788566583,16.036662369230413,11.993637537841055,16.03755973931977,2.353001199838503,3.9236933304905923
1173.8,12,16,11.956326479447467,16.03781059149156,11.837849119656179,16.13253983603701,2.450993160143824,3.853907623221145
1174.0,12,16,11.956881633614461,16.03773850801181,12.032717237459405,15.942127793414452,2.5502553017569207,3.7702886716008472
1174.2,12,16,11.959050121583982,16.036853856990064,11.834101176594553,16.074129001199196,2.6378035772564647,3.690550762267192
1174.4,12,16,11.962699042390046,16.035367102745806,11.825959419115858,16.06080829109012,2.7375900803455284,3.713342129284236
1174.6000000000001,12,16,11.967148306702043,16.03374349809415,12.078228678917572,16.099294017646844,2.695349624015123,3.6375921318622866
1174.8,12,16,11.970049231915208,16.032208274966035,11.978041181788212,16.016059098257006,2.595349624015214,3.7341201172096703
1175.0,12,16,11.971310425487468,16.03193712069288,11.949513668772937,16.050051454930692,2.5246215316098057,3.834120117209693
1175.2,12,16,11.971732072730042,16.032389081563654,11.928038449671488,15.973236703573319,2.449023345804832,3.842641869629018
1175.4,12,16,11.972039480483758,16.03239257694151,11.867261789637611,16.05134935462845,2.5401812423195174,3.7652543745180185
1175.6000000000001,12,16,11.973999596130506,16.031264989620304,11.990175089776244,16.228488247917127,2.64018124231954,3.665325093612928
1175.8,12,16,11.976155504038521,16.02895800814932,11.96164258373085,16.049277045486658,2.553453253546776,3.6110910114244743
1176.0,12,16,11.976636913127674,16.02716891282018,12.083656119337862,16.008700504940403,2.4534532535467535,3.711091011424497
1176.2,12,16,11.975447468118544,16.02663704493991,12.161505282286928,15.978142161942516,2.3534532535467307,3.806975849771748
1176.4,12,16,11.97350512222893,16.02689816265095,11.960477144090431,15.913893040743899,2.40110782461993,3.8483580560348725
1176.6000000000001,12,16,11.972696694548468,16.027266751182523,12.184886249697689,16.07998973193951,2.400379207708913,3.8144346888087752
1176.8,12,16,11.971036013468542,16.026770598488714,11.973750785830452,16.146001850883763,2.3983005800337494,3.7148428685373367
1177.0,12,16,11.969513854551833,16.025868466545816,12.169681499091025,16.025880187650586,2.3363448102454814,3.779593069402172
1177.2,12,16,11.966802967747848,16.026177938132566,12.00626257547477,15.937738825734497,2.335691346380827,3.879593069402195
1177.4,12,16,11.965346260579276,16.027417935731936,11.95008932730121,16.021735546569786,2.4356913463808496,3.8790304522496135
1177.6000000000001,12,16,11.965532755583997,16.027845618393897,11.883123749335201,16.01257511176209,2.5133330128453326,3.826141363849021
1177.8,12,16,11.966890807364642,16.028060722464,11.911281041841773,16.054218100247915,2.60210420165468,3.8188265844981
1178.0,12,16,11.968239887788968,16.027642914816226,12.082613126685649,16.03065127739573,2.5043365078705304,3.722024249037257
1178.2,12,16,11.967976524166964,16.026778717294146,11.870517480786749,16.033074950817596,2.441938273556849,3.766812145395659
1178.4,12,16,11.96702247129532,16.026924704630478,12.038220645764351,15.927527839890422,2.368203750368963,3.8665518961600633
1178.6000000000001,12,16,11.964608400309436,16.028147091929082,12.003011720859304,16.106012816930413,2.3173578754273882,3.8922316008871127
1178.8,12,16,11.96244311406353,16.028600777812073,11.957806457705749,15.949303029331293,2.3686684132263,3.7922316008872037
1179.0,12,16,11.960497650806689,16.02797850311902,12.013836710656168,15.968812924730987,2.338199586739124,3.7432619974620245
1179.2,12,16,11.959087909589131,16.02725476301683,11.775509431453576,16.096780352085126,2.4374153612329357,3.7559516537998254
1179.4,12,16,11.959337676967818,16.026009072473684,12.061082019593176,16.10238093460403,2.5304320470732855,3.6576099810495926
1179.6000000000001,12,16,11.959462408871957,16.024149505403063,12.203131847887224,15.990101765512676,2.430445025924335,3.699964837482372
1179.8,12,16,11.957980108269233,16.02344289924984,11.933768781896784,15.844969374492672,2.3693815711020956,3.799964837482281
1180.0,12,16,11.95708671641697,16.023989081131024,11.892796306072684,15.90787625197991,2.4693815711021183,3.8999648374823037
1180.2,12,16,11.957739443404463,16.02578974322243,11.981385000139538,15.777362025447623,2.514633003774974,3.9999648374823265
1180.4,12,16,11.958227459740918,16.028844451770443,11.896787878452216,15.883917188212983,2.5358592424397806,4.099964837482349
1180.6000000000001,12,16,11.960136648608056,16.032622081798202,11.698215715335948,16.056655733054402,2.6358592424398033,4.070122129696734
1180.8,12,16,11.963471868516761,16.035301208173557,12.005507566236775,16.14851120120865,2.658891334960345,3.9701221296968248
1181.0,12,16,11.965983239132024,16.037527622208646,11.930546849626394,15.926354430418911,2.6298417451270746,4.029551497463538
1181.2,12,16,11.96805735396112,16.040227577373663,12.050111995302826,15.969589218980426,2.5455371466219527,3.9767501267282332
1181.4,12,16,11.968482842427171,16.041741271162557,11.988173287018283,15.979384608473783,2.4455515583681295,3.8767501267282105
1181.6000000000001,12,16,11.968879568829463,16.0419976731055,11.82129949757635,16.179712249493104,2.5436053595218815,3.7767501267281878
1181.8,12,16,11.970654759305312,16.041063466440317,12.02274262977006,16.025323475595034,2.561682206094427,3.7207878229853764
1182.0,12,16,11.971405845732296,16.0406277050582,11.994946687232531,15.960306201304258,2.502640133640239,3.820787822985399
1182.2,12,16,11.972221173010816,16.04145003882954,11.926661614041226,15.943430084194162,2.529159254249202,3.920787822985422
1182.4,12,16,11.973472251073927,16.043529080552563,12.025532523583438,15.944964504200767,2.5631486675169795,4.020787822985445
1182.6000000000001,12,16,11.974200171490697,16.04601245755677,12.0044589184549,16.024569030798045,2.464005446054499,3.9562054571571794
1182.8,12,16,11.97327215241483,16.047275197515468,12.009963903759555,16.25448426712125,2.36400544605459,3.8562054571572704
1183.0,12,16,11.970788232582828,16.047275302918877,11.981696880686416,16.03373507978471,2.313193755514327,3.7564915979235183
1183.2,12,16,11.968754041311113,16.046487591716083,12.009884665833063,16.081134136066048,2.3695879157738906,3.7329272025227724
1183.4,12,16,11.966282453667278,16.04616958397778,12.100418561001993,16.034176411162445,2.270475096936243,3.831740904349288
1183.6000000000001,12,16,11.962225138999736,16.04652491945475,12.009789441302983,16.02251090655219,2.2110763471613595,3.7967115664511155
1183.8,12,16,11.958786240108992,16.0457882498809,12.029227203388817,16.105284113155122,2.3110763471612685,3.7337108383982724
1184.0,12,16,11.957015263946886,16.044860066474005,11.900531323553773,16.077444744835987,2.4110763471612913,3.7019831661564186
1184.2,12,16,11.956904089634321,16.042885868520372,11.794742135596584,16.14115092722538,2.511076347161314,3.6020674701208537
1184.4,12,16,11.957955552367967,16.03983030077197,11.992323448022493,16.16646957688821,2.5030612054285344,3.5750069868155174
1184.6000000000001,12,16,11.95861458437139,16.037531902883956,11.80639145817097,15.969814030586502,2.5531848351266024,3.67500698681554
1184.8,12,16,11.96046096674489,16.036497606949446,11.857811034938853,15.879065504998792,2.5601643605618642,3.775006986815449
1185.0,12,16,11.961523222265384,16.036469647115403,11.918305745691075,16.167891864303318,2.559664078285967,3.7847581412982008
1185.2,12,16,11.962843282830272,16.035568780691825,12.11519034363045,16.10990771919549,2.506246924408839,3.684758141298178
1185.4,12,16,11.963039920352124,16.033909930239908,11.93111834337453,16.01427079457785,2.5115304243406293,3.7100432291156804
1185.6000000000001,12,16,11.963973921790032,16.033220229021868,12.028927113351612,16.12360151395131,2.497120992258503,3.749172767434747
1185.8,12,16,11.96354184171894,16.03188553577903,12.224114346872115,16.152120115563232,2.397120992258594,3.649172767434838
1186.0,12,16,11.961852891664924,16.029836544101112,11.873355137157935,15.926403025315466,2.396919432176676,3.680469197311773
1186.2,12,16,11.961400513987108,16.028561891859628,11.945902501058924,16.187913002575996,2.4857523145060125,3.67739251079848
1186.4,12,16,11.962263652532933,16.026810873358244,11.907973849774281,15.940842210521604,2.575890060095958,3.701082450986833
1186.6000000000001,12,16,11.963423572783674,16.025802767435156,12.127392134835771,16.16719748686597,2.495682034066152,3.6974108942561315
1186.8,12,16,11.962926665697607,16.024443153262318,11.96087101343564,15.851240236735222,2.395682034066243,3.736677995231629
1187.0,12,16,11.961699768358056,16.024098203998825,11.902532556590238,15.917468303100994,2.445655179796314,3.773688267085264
1187.2,12,16,11.961697760371795,16.023676308553082,12.055159664315198,15.964550683683955,2.455952459110381,3.810730961988522
1187.4,12,16,11.960538747507087,16.02438526677514,12.12902633604139,15.951666977498066,2.3559524591103584,3.910730961988545
1187.6000000000001,12,16,11.958609614902402,16.026343125383402,11.815435501414258,15.87587619278894,2.4015587820034416,4.010730961988568
1187.8,12,16,11.95806031479069,16.029200890441953,12.140173972685469,15.914732416187027,2.4360432532363583,4.0319517647546945
1188.0,12,16,11.956918769604732,16.031438858159,11.914566575574867,16.005278013980035,2.421485589440558,3.934293397556959
1188.2,12,16,11.956653646264861,16.032500686851456,11.96697515326765,15.944068014347998,2.4436690542903006,3.8705608504693783
1188.4,12,16,11.955351406662153,16.03321435825571,12.005485759512137,16.006759407696553,2.343669054290278,3.855728403584659
1188.6000000000001,12,16,11.953460810744085,16.034433830401422,11.906669799614685,15.875705067511438,2.383600496451797,3.9542729004688564
1188.8,12,16,11.951239234827023,16.03608971231787,12.01505737111263,16.166564955376113,2.2870862582025784,3.89353769723949
1189.0,12,16,11.948497752880572,16.036527953421857,11.930648626530814,15.961256104676321,2.3518452222838695,3.793537697239467
1189.2,12,16,11.9473755584157,16.036550522475682,11.937269482778392,16.01198254641878,2.4518452222838922,3.835477839168309
1189.4,12,16,11.94792069506243,16.03729625799081,11.796222256767134,16.083446149339007,2.551845222283915,3.901962148366645
1189.6000000000001,12,16,11.94969712172204,16.037865158660647,11.86322345557867,16.239703579647706,2.5498302207797203,3.8042498545708625
1189.8,12,16,11.950688024667583,16.037247694772734,11.937718480838177,16.089848960412738,2.557450035127688,3.7493830171264513
1190.0,12,16,11.952975522400713,16.036007557682787,11.811750898704217,16.156797754635292,2.657450035127711,3.659549442678299
1190.2,12,16,11.956704387117387,16.034299759190827,11.873624876542072,15.954105956297747,2.6874566416092955,3.716325327555089
1190.4,12,16,11.959454352998979,16.03364189153385,12.047542721866586,16.083543002705916,2.587456641609273,3.7447637082192884
1190.6000000000001,12,16,11.960527882825595,16.03225385657257,12.030048244377737,16.320898975381755,2.48745664160925,3.6447637082192657
1190.8,12,16,11.96088271700254,16.02977860143873,11.889594137282106,16.024007226464384,2.5392288098826237,3.6168342311785753
1191.0,12,16,11.962670333048065,16.028053791085192,11.920821408651978,15.965024053653332,2.5856899194258607,3.716834231178598
1191.2,12,16,11.96398693763255,16.02757584425949,11.958035135805273,16.04879449192018,2.5655196975999655,3.793816871628626
1191.4,12,16,11.966043408986026,16.027234860833186,11.922712844758548,16.048369348439664,2.6328140330632355,3.764463709082361
1191.6000000000001,12,16,11.967878438610779,16.027356717641556,11.948140733489065,16.01732929449555,2.536637673406485,3.8621229159925874
1191.8,12,16,11.96940971446418,16.02865984052337,11.789219083036533,16.076260818354097,2.6174851234032275,3.926197625692107
1192.0,12,16,11.972006740298745,16.03083203261792,12.12452211251759,15.94819071822418,2.5989352263804992,4.02478025670832
1192.2,12,16,11.973221018009388,16.033329004205704,11.942060560646732,16.174304239834434,2.4989352263804765,3.95245752663505
1192.4,12,16,11.973047525297474,16.034591599453073,11.922488113015476,16.100960359559462,2.479235671993038,3.8524575266350274
1192.6000000000001,12,16,11.973943807427325,16.034957690680134,12.031767949748323,16.066029963785365,2.579235671993061,3.8595580075941185
1192.8,12,16,11.975077472986372,16.036311484471785,12.097855000155313,15.976057828412902,2.4941758855962743,3.9590795198027067
1193.0,12,16,11.974562793005033,16.037664913447987,11.95822038485569,16.239690988418676,2.3941758855962516,3.859680515408937
1193.2,12,16,11.973964284284923,16.037763178254814,11.68407659898843,16.045470628599617,2.4887270444422835,3.77208757282763
1193.4,12,16,11.974847764289862,16.03715264628256,12.023318783713577,16.014759575253176,2.5232237435397984,3.706621390928627
1193.6000000000001,12,16,11.975711811559606,16.036279116683563,11.876374497596686,15.973299078919714,2.570350554282479,3.7805328379764345
1193.8,12,16,11.977601047109289,16.036105483962793,12.016786234161666,16.08263764633709,2.5590574405229045,3.7493602206040797
1194.0,12,16,11.978336378657621,16.034830643311217,11.901655832397948,16.09382054331858,2.5270255324466238,3.653564538180764
1194.2,12,16,11.979097057530405,16.033612241532584,12.090782311949086,16.04655565605495,2.479768471069315,3.7534741684019193
1194.4,12,16,11.979530517483655,16.03310587956225,11.76662909500031,16.01963737106373,2.5514930404866747,3.7216052517102907
1194.6000000000001,12,16,11.98158697938137,16.03245037143971,11.845895622084948,16.000252135305026,2.6514930404866974,3.7959282962854273
1194.8,12,16,11.985006726937101,16.032031664256902,11.893377306516761,16.003378875873164,2.668060545047534,3.716946784176966
1195.0,12,16,11.98831586638175,16.030892386399717,11.802688613712887,16.091133895053208,2.72345512263033,3.744159268919449
1195.2,12,16,11.992492899726717,16.02996177914388,12.02864010905599,16.1116133453548,2.694158544354491,3.6754086040347587
1195.4,12,16,11.995193193708237,16.028320011808148,11.980701513740067,15.987521329079167,2.5941585443544684,3.7016805004959568
1195.6000000000001,12,16,11.996215299083845,16.027623924715673,12.126814796222174,15.998285596098663,2.4941585443544456,3.7330972874676016
1195.8,12,16,11.995568145503482,16.026552402001776,12.095145668664257,16.026926891345905,2.4000960478121165,3.7321320991210762
1196.0,12,16,11.995016248643344,16.026387619002996,12.02607784751986,16.01677882164286,2.5000942085384463,3.832120410477621
1196.2,12,16,11.994976089083073,16.026568421469797,12.049443358544655,16.064970736545064,2.4336429447972154,3.7618801835361673
1196.4,12,16,11.993317679592318,16.02551923934231,11.994651736374788,16.140323404696186,2.3336429447971927,3.6618801835361445
1196.6000000000001,12,16,11.989993008785856,16.023567372800247,12.19739878114355,16.047474128909922,2.23364294479717,3.6686053432812904
1196.8,12,16,11.986170313717531,16.022590208157066,11.986618835986588,16.043783987644957,2.3008133400702713,3.7686053432811994
1197.0,12,16,11.983974319355436,16.02237671633136,11.957451237005381,16.08438825523939,2.400813340070294,3.744393171894814
1197.2,12,16,11.983443586638469,16.021178877305832,11.925046515401895,16.089780769484445,2.5008133400703167,3.6990556782629307
1197.4,12,16,11.984045546922998,16.02057669064989,12.04840660947283,16.069272051177563,2.5303047595813806,3.7990556782629534
1197.6000000000001,12,16,11.984024903763958,16.020445153316814,11.967178622752527,16.08141433703357,2.4320457904865935,3.7407154673390903
1197.8,12,16,11.982822726547774,16.020069764633277,11.855992737014471,15.870010289524375,2.439795499265707,3.815428122067693
1198.0,12,16,11.9815964022774,16.020680475932704,12.252096121041138,15.99465168714754,2.360469575771888,3.826797626360751
1198.2,12,16,11.978836012710351,16.02041818905199,11.961218406817867,16.046571460042347,2.310768992486968,3.726797626360728
1198.4,12,16,11.976518038703787,16.01907767858618,12.038115789773617,16.065329799504966,2.3270186698087816,3.6749783836158096
1198.6000000000001,12,16,11.974236919185396,16.017652058686103,12.067506011232503,16.04852470655534,2.377419758679535,3.696907564739819
1198.8,12,16,11.973301586168425,16.016440767632016,12.036267862726085,16.000634679634683,2.4762946477630545,3.706830096172831
1199.0,12,16,11.974025756891987,16.015905385144066,11.943902090266041,15.934678216454211,2.5762946477630773,3.805808096156606
1199.2,12,16,11.976409786799092,16.01626810006234,11.903835240113667,16.094702353477462,2.6762946477631,3.7983009565897103
1199.4,12,16,11.979475223441812,16.015653019859077,11.96187230354477,16.220655454306,2.623379435280005,3.6983009565896876
1199.6000000000001,12,16,11.98095390867855,16.014003639630914,11.910952231506064,16.070550455020467,2.523379435279982,3.6804769361287644
1199.8,12,16,11.981217780421636,16.013179832722436,11.885544619084296,15.941433994945534,2.524652879215356,3.7804769361286734
1200.0,15,14,11.982010952888961,16.01361470284167,12.00532071160002,16.002550530824237,2.537641358480829,3.8804925552504947
1200.2,15,14,11.98371286832882,16.014053604302017,12.045222393299321,16.024212297777495,2.637595156873715,3.780593518563996
1200.4,15,14,11.987070235183916,16.01324467615758,11.892656162744862,16.164722403747373,2.737595156873738,3.680593518563973
1200.6000000000001,15,14,11.992071096363022,16.011195303267716,12.033818219915808,16.03584879096336,2.8375951568737605,3.5805935185639504
1200.8,15,14,11.998703577550794,16.00791280461437,12.055511178714172,16.065340365380848,2.9375951568736696,3.4805935185640413
1201.0,15,14,12.00695588425386,16.00340442966624,11.912092626108299,16.10066657147642,3.0375951568736923,3.3805935185640186
1201.2,15,14,12.016816298873133,15.997677355056908,11.955162834407743,15.89417972002561,3.137595156873715,3.280593518563996
1201.4,15,14,12.028273177831025,15.990738681503267,11.957049001371226,15.979243508821092,3.237595156873738,3.180593518563973
1201.6000000000001,15,14,12.041314948739666,15.982595430971788,12.144470603476808,15.792398025330321,3.3375951568737605,3.0805935185639504
1201.8,15,14,12.055930107607246,15.973254544103927,12.05928193060844,15.841876611688392,3.4375951568736696,2.9805935185640413
1202.0,15,14,12.072107216063543,15.962722877900141,11.99176144158155,16.016896525488438,3.5375951568736923,2.8805935185640186
1202.2,15,14,12.089834898603913,15.95100720366941,12.048881751881714,15.866410039500073,3.637595156873715,2.780593518563996
1202.4,15,14,12.109101839831327,15.938114205241773,11.951670852985691,15.955073489192023,3.737595156873738,2.680593518563973
1202.6000000000001,15,14,12.1298967817003,15.924050477444075,12.056374599276591,15.879367408897025,3.8375951568737605,2.5805935185639504
1202.8,15,14,12.152208520743969,15.908822524835214,12.305208751624571,15.908287924765695,3.9375951568736696,2.4805935185640413
1203.0,15,14,12.176025905278578,15.892436760695334,12.030516933275814,15.925038771354,4.037595156873692,2.3805935185640186
1203.2,15,14,12.201337832575925,15.874899506263146,12.207192874171392,15.947733814644394,4.137595156873715,2.280593518563996
1203.4,15,14,12.228133245996101,15.85621699021316,12.173393968685073,15.912524341533457,4.237595156873738,2.180593518563973
1203.6000000000001,15,14,12.256401132069108,15.836395348364077,12.258059213698676,15.882232462163184,4.3375951568737605,2.0805935185639504
1203.8,15,14,12.286130517518615,15.815440623608188,12.161453420970991,15.731709987837837,4.43759515687367,1.9805935185640413
1204.0,15,14,12.317310466216547,15.793358766051165,12.35269370977983,15.831914840667476,4.537595156873692,1.8805935185640186
1204.2,15,14,12.349930076060133,15.77015563335059,12.434762718688726,15.72755949928181,4.637595156873715,1.7805935185639958
1204.4,15,14,12.38397847576049,15.745836991241442,12.44217503810762,15.761152519415912,4.737595156873738,1.680593518563973
1204.6000000000001,15,14,12.419444821532066,15.720408514236585,12.382568809721475,15.77623830687947,4.8375951568737605,1.5805935185639504
1204.8,15,14,12.456318293673487,15.693875786489215,12.54270758025566,15.6448789992224,4.93759515687367,1.4805935185640413
1205.0,15,14,12.49458809302727,15.666244302805056,12.655526453754769,15.788734119878805,5.037595156873692,1.3805935185640186
1205.2,15,14,12.534243437304204,15.63751946979284,12.49410978768226,15.62154489814834,5.137595156873715,1.2805935185639958
1205.4,15,14,12.575273557264914,15.607706607138505,12.582678918872055,15.71987021495768,5.237595156873738,1.180593518563973
1205.6000000000001,15,14,12.617667692737369,15.576810948994007,12.579820926091971,15.601092685879992,5.3375951568737605,1.0805935185639504
1205.8,15,14,12.661415088461473,15.544837645466743,12.384731927889295,15.604289378085662,5.43759515687367,0.9805935185640413
1206.0,15,14,12.706504989740859,15.511791764199648,12.935581728004859,15.67030682488875,5.537595156873692,0.8805935185640186
1206.2,15,14,12.752926637886576,15.47767829203051,12.733019512922416,15.355205956349984,5.637595156873715,0.7805935185639958
1206.4,15,14,12.800669265431567,15.442502136720679,12.673111076298468,15.546961230789499,5.737595156873738,0.6805935185639731
1206.6000000000001,15,14,12.849722091096247,15.406268128743168,12.892870196123434,15.386552193264347,5.8375951568737605,0.5805935185639504
1206.8,15,14,12.900074685835783,15.369338272531833,12.84930493367408,15.248745047242432,5.93759515687367,0.5872610348562125
1207.0,15,14,12.951604161548179,15.333592442996869,12.860475345140623,15.249586654890104,5.999998615167989,0.6771961524207165
1207.2,15,14,13.003096954760975,15.299117691631144,13.067427641716646,15.203806480963566,6.000006005383933,0.7718845689529445
1207.4,15,14,13.054235032107714,15.265975601587346,12.850412505719792,15.274193401474852,5.999999999777961,0.8219612330202215
1207.6000000000001,15,14,13.10502383082112,15.233093529920316,13.16786926401264,15.135009983126858,5.999999999999957,0.8140890629701474
1207.8,15,14,13.155463491200177,15.199741412924107,13.07565954260109,15.349482344327017,6.000000027268805,0.7145362507184193
1208.0,15,14,13.205550033992411,15.165837577652223,13.290280697039078,14.93562665427736,6.000006915070145,0.7420554666055179
1208.2,15,14,13.255286781009758,15.133216290306938,13.297560143608148,15.197448629959519,5.99999619221873,0.8420554666055406
1208.4,15,14,13.304682967996747,15.102038118429858,13.230176704919614,15.049321344048169,5.9999941886655135,0.9420554666055634
1208.6000000000001,15,14,13.35374787963649,15.072142900990142,13.251739702890363,15.082882820053355,5.999999999943927,0.9835711985293064
1208.8,15,14,13.402487912693214,15.043064583276076,13.574678924220635,15.0088938688537,5.999998342927824,1.080372594896006
1209.0,15,14,13.450910858307807,15.015282425855762,13.437586268192616,14.923296915488645,5.999999999753755,1.1305972627758263
1209.2,15,14,13.499022170253156,14.987705433701061,13.439478088110304,14.992820735995352,5.999999999998367,1.113825154030256
1209.4,15,14,13.546823975179262,14.96079990533254,13.379492260318234,14.955538666538015,6.000005901799531,1.2121281158106008
1209.6000000000001,15,14,13.59432428761616,14.935317137057297,13.588926939312193,14.906564066599092,5.999984292096132,1.3121281158106235
1209.8,15,14,13.641530938307158,14.910311435701587,13.605747961756247,14.80078312753753,5.9999981246644785,1.2390465564602933
1210.0,15,14,13.68844149233662,14.884236421829248,13.737950405207908,14.896198248249338,5.999996513226859,1.1390465564602705
1210.2,15,14,13.735049556522823,14.85706891446628,13.665616575328118,14.955401752863072,5.999999040179766,1.0390655011267353
1210.4,15,14,13.781350433931571,14.830044352886212,13.84650044851114,14.784839901141455,5.997413262745289,1.1373659349198904
1210.6000000000001,15,14,13.826483724289472,14.804435959870306,14.054077366341684,14.730978857315254,5.897742095925136,1.237365934919913
1210.8,15,14,13.870167482815658,14.780236794571934,13.874181141861204,14.720162993460745,5.907334260136394,1.3373659349198221
1211.0,15,14,13.914390077527656,14.757257302933958,13.888622110927136,14.88694702697649,5.896582006328971,1.3604794251868115
1211.2,15,14,13.957007853077647,14.73365845400575,14.1874734490263,14.815161848729185,5.796582006328948,1.2803275169840538
1211.4,15,14,13.997691539477238,14.7104380673502,14.193975519882859,14.737993436366606,5.696582006328925,1.3803239583508433
1211.6000000000001,15,14,14.036453948562782,14.68861011907068,14.111914130409492,14.630887784067252,5.5965820063289025,1.480323958350866
1211.8,15,14,14.073309626126287,14.667898872471241,14.161946214383779,14.820444011722255,5.496582006328993,1.4878952903160587
1212.0,15,14,14.108265431953463,14.646418691155331,14.028988182142825,14.661035785031522,5.396582006328971,1.387895290316036
1212.2,15,14,14.141320091005241,14.624123151383955,14.254726135036341,14.681459062675327,5.296582006328948,1.3887163257139823
1212.4,15,14,14.172480019255355,14.60289162605901,14.239643464213232,14.76984971321417,5.196582006328925,1.488716325714005
1212.6000000000001,15,14,14.202497178115932,14.583026532043426,13.987860464745173,14.563337772207744,5.2297296193565375,1.5887163257140278
1212.8,15,14,14.23367232507931,14.564525343779032,14.28508146635125,14.587307168955153,5.277443454082144,1.6887163257139368
1213.0,15,14,14.264646688873327,14.54636806383227,14.22132623115596,14.78571277860449,5.312258430289522,1.608616576528361
1213.2,15,14,14.295393020293924,14.527435981514511,14.480549046077256,14.456999709304503,5.221784971059017,1.6159024635535273
1213.4,15,14,14.324277772068019,14.509437875534088,14.388976992127509,14.670903899357535,5.121784971058994,1.6453424776626449
1213.6000000000001,15,14,14.351721298336935,14.491162468889424,14.228356779414757,14.507093928333088,5.121739916548689,1.6513347826907028
1213.8,15,14,14.378983387676719,14.473962669987198,14.46494683727924,14.469874060049328,5.049089068863443,1.7513347826906118
1214.0,15,14,14.404434944524285,14.458111374692214,14.50239429263159,14.36213475403254,4.949089068863421,1.8513347826906346
1214.2,15,14,14.428059808838103,14.44360173537208,14.649732021164132,14.496937191050817,4.849089068863398,1.9513347826906573
1214.4,15,14,14.449870408007024,14.429344688608358,14.628098232258548,14.521693724119356,4.749089068863375,1.865678452219423
1214.6000000000001,15,14,14.47042818067579,14.41393334526484,14.391356096760948,14.472401719981068,4.765181907688043,1.7861089049548742
1214.8,15,14,14.491408224530373,14.397622545239834,14.696710822351491,14.574267324127577,4.727073684204284,1.6892949406739266
1215.0,15,14,14.51072394914906,14.381172429724067,14.507988207187974,14.323870594503491,4.6270736842042615,1.7710466686224766
1215.2,15,14,14.529760104254983,14.36603450919707,14.44730887850882,14.399465286891756,4.719043161299379,1.855110907953394
1215.4,15,14,14.54935071133866,14.351826335449104,14.724276152408644,14.274023830336962,4.6668638874701,1.9378207224064141
1215.6000000000001,15,14,14.56776756367761,14.338934699547709,14.455738559437854,14.279094690175441,4.6796023004105125,2.037820722406437
1215.8,15,14,14.587390358282509,14.327366318234985,14.550206658244184,14.293478946480233,4.758866067840886,2.137820722406346
1216.0,15,14,14.60656831957306,14.316243852756237,14.769172309582027,14.351582410857873,4.658866067840863,2.075595981765817
1216.2,15,14,14.623977468336301,14.304024723313248,14.608946954523152,14.37981863750359,4.577022789256019,1.9756155221639427
1216.4,15,14,14.641555178809794,14.291824463806556,14.369155011715469,14.211281773721948,4.677022789256042,2.0720172584086085
1216.6000000000001,15,14,14.659292636621998,14.280943332919048,14.821750363901936,14.232636095891726,4.59431368033474,2.1720172584086312
1216.8,15,14,14.675274426856623,14.271135106161793,14.689533748699498,14.30049957884239,4.494313680334831,2.1843473938022355
1217.0,15,14,14.689597623309746,14.261471235271742,14.677299136446678,14.325557056328227,4.4434316821476125,2.258221480100082
1217.2,15,14,14.703831000090975,14.252857713006264,14.594504167590802,14.331230264255568,4.4419206478983195,2.272301035076109
1217.4,15,14,14.717018847760535,14.244345704760004,14.850081925320339,14.357408749298632,4.342337324851053,2.32406203616471
1217.6000000000001,15,14,14.728465257266047,14.235663550677616,14.603241689984694,14.32748536507053,4.2423373248510305,2.226757192076638
1217.8,15,14,14.73827703223372,14.22599502922851,14.78774738421185,14.319973315906125,4.176734893837873,2.2115182950267824
1218.0,15,14,14.748425089962328,14.217206124329925,14.802424740126146,14.216689485424919,4.273471815267624,2.311518295026805
1218.2,15,14,14.759088777865127,14.209714199941363,14.76622496506895,14.148810291162636,4.219055214428064,2.411518295026828
1218.4,15,14,14.769829686766156,14.203471804443705,14.728544368404494,14.22981589907736,4.316839006962992,2.4816040144071634
1218.6000000000001,15,14,14.781730430843922,14.1973927541265,14.891854984505146,14.178358816694058,4.313074770970045,2.4547491763144182
1218.8,15,14,14.792295415654548,14.191337364988776,14.839945580818307,14.122153086030726,4.213074770970136,2.4813977985717837
1219.0,15,14,14.801143844061437,14.184934843465541,14.802738661942563,14.117139226095977,4.113074770970114,2.386641882599384
1219.2,15,14,14.808276330553037,14.178370676024182,14.98871915866944,14.246567255358803,4.013074770970091,2.470185947727461
1219.4,15,14,14.813718231296662,14.172455521126757,14.873340748505568,14.226638479469464,3.9323686443687134,2.4337434830947595
1219.6000000000001,15,14,14.81823217763018,14.165917117936559,14.85929201110416,14.187334256072068,3.8764523285766788,2.407191696399468
1219.8,15,14,14.822911952561693,14.159428219699151,14.902523965059174,14.265024395374336,3.9728997027229886,2.437038722080903
1220.0,15,14,14.829216358897222,14.153792697418549,14.695329494878486,14.0395614259326,4.072899702723011,2.5368571107059976
1220.2,15,14,14.837097522359562,14.149440077810414,14.874673053749543,13.989524213402845,4.137392191336675,2.6368571107060204
1220.4,15,14,14.844411653886668,14.146369164473233,14.949230203078608,14.183719176316451,4.037392191336652,2.736857110706043
1220.6000000000001,15,14,14.850362862887707,14.14365285273876,14.783179284657175,14.210125328884876,4.024947679645062,2.6655042015706605
1220.8,15,14,14.857431490450132,14.139841657046786,14.90142041120423,13.952283230761319,4.124947679644971,2.625801225269998
1221.0,15,14,14.86522548316521,14.136698491144935,14.948146191016583,14.043919052161751,4.077024722456778,2.7258012252700206
1221.2,15,14,14.871630298337106,14.134303464051339,15.017472114829431,14.156008633313965,4.011653289909508,2.6959691687300205
1221.4,15,14,14.877376963955808,14.130826575187484,14.873748214030435,14.168334483007532,3.9909911951748183,2.5959691687299977
1221.6000000000001,15,14,14.883786440193846,14.126837632968412,14.670791413255772,14.237891707916553,4.090706393843947,2.6475891015402397
1221.8,15,14,14.891833593398076,14.123100331019716,14.81590850001483,14.042216177242233,4.190706393843856,2.5733954177010285
1222.0,15,14,14.901277469812612,14.118905996570616,14.830506972111136,14.022953258303572,4.215937929832,2.62782318564788
1222.2,15,14,14.909675505638251,14.115241620116667,15.063907063877503,14.288440642167721,4.115937929831977,2.5797351861462676
1222.4,15,14,14.916376479846777,14.110748358236112,14.955855074831158,14.016001472390414,4.015937929831955,2.5802678914069674
1222.6000000000001,15,14,14.921385527859936,14.107222284940084,15.035074128339657,14.140518387732664,3.915937929831932,2.68026789140699
1222.8,15,14,14.924940157287091,14.104682842539262,14.9731603290363,14.104703699990411,3.8892678233646647,2.6849704061318214
1223.0,15,14,14.92882803440363,14.101246253177154,14.958069518983923,14.065194348313874,3.864217450058704,2.5849704061317986
1223.2,15,14,14.931977765488492,14.097109779430625,15.047920797842702,13.917669425558922,3.864899976787836,2.6160923141774988
1223.4,15,14,14.936066523388954,14.093591293887755,14.841846397013352,14.120413150548298,3.964359491386316,2.589283455745448
1223.6000000000001,15,14,14.941644086393662,14.089263193310407,14.944233037324981,14.107821702136883,4.00383203413539,2.5800169318807855
1223.8,15,14,14.946341745651873,14.085836215497954,14.953743005096591,14.084134523090958,3.9038320341354806,2.6800169318806946
1224.0,15,14,14.950026626964096,14.08256197689987,14.762688698532177,14.041229358457398,3.9303323612130594,2.5912644423435207
1224.2,15,14,14.954080628644476,14.078422318909585,15.039663093884702,14.093403044899928,3.8715095364685417,2.5996308720413737
1224.4,15,14,14.957581169716063,14.07427748271241,14.85624973773338,14.099849321633078,3.9311648293043864,2.5199929949506856
1224.6000000000001,15,14,14.962652563135668,14.069616686024265,14.891621246695642,14.111652523901657,4.03116482930441,2.570094584814723
1224.8,15,14,14.968527890264184,14.066112457473766,15.045589063453935,14.05998891588827,3.9896097548747482,2.633493792976616
1225.0,15,14,14.972913641014811,14.062209695344832,15.009854132323463,14.151078523538864,3.9257260095126636,2.5334811982201626
1225.2,15,14,14.97782272021142,14.058250144892774,14.905221602523472,13.998065738134528,4.025726009512686,2.6273937084420864
1225.4,15,14,14.983041143318358,14.055465471983032,15.034709080156794,14.048033242593888,3.9466307851037676,2.671441593263977
1225.6000000000001,15,14,14.98659830768708,14.052092596089079,14.894382327111773,14.147796106103542,3.846630785103745,2.571441593263954
1225.8,15,14,14.989137235659232,14.048481953522312,14.97483093516649,14.047277176368572,3.8727186543489145,2.650202494497488
1226.0,15,14,14.992575711514487,14.045387125485641,15.034544421777953,14.130740709521653,3.8907493108150604,2.5967687208953953
1226.2,15,14,14.995861189461278,14.041334827534019,15.039693092186337,14.029619078824863,3.875175222747082,2.5795405746227473
1226.4,15,14,14.998174041306084,14.037815281876634,15.008024359637131,14.131530025194053,3.7757057149763797,2.590429595940204
1226.6000000000001,15,14,14.99881196590598,14.034745916049731,14.912013314723549,13.706408709543418,3.6756967404187146,2.690105503905605
1226.8,15,14,14.99930412403938,14.032875785170216,14.900527946371742,14.230569516834327,3.766702425079133,2.7451431205321244
1227.0,15,14,15.001458995853868,14.030511823185556,14.964791147190322,14.20721631623593,3.866702425079156,2.6451431205321017
1227.2,15,14,15.004795550573746,14.026904535721846,15.058585409051988,14.08872533899337,3.8602130084005513,2.545143120532079
1227.4,15,14,15.007438004858715,14.022819764755088,14.847574868975432,14.015865130717026,3.8828577176169414,2.601058765262316
1227.6000000000001,15,14,15.010884492031863,14.019944582329984,15.329084638337838,13.984396471929344,3.8631979028615895,2.7010587652623386
1227.8,15,14,15.012928944917293,14.018266122973248,15.135374707867443,13.99329809793642,3.7631979028616804,2.753618102179493
1228.0,15,14,15.013332005764141,14.016664899331438,15.05662982093396,13.970913081797246,3.6841542699744156,2.7912094840626938
1228.2,15,14,15.01246468661931,14.015011011919645,15.090460994049606,14.273639786785933,3.5876118942651787,2.6966780509973205
1228.4,15,14,15.010503890349705,14.012178928131673,15.056306687588044,13.998908598101586,3.6039733088649757,2.6454729898654277
1228.6000000000001,15,14,15.009918882201735,14.009888604291621,14.906151653013696,14.020159382040804,3.7039733088649984,2.7454729898654504
1228.8000000000002,15,14,15.011002626172269,14.007894288146568,14.887535920133146,14.14278748974843,3.803973308865021,2.6701452759077977
1229.0,15,14,15.013745275977323,14.004672919698747,14.958421343572374,14.13243510876945,3.90397330886493,2.5701452759078887
1229.2,15,14,15.018130921812308,14.000295121622893,14.905815996331508,14.096827812757716,4.000016471593683,2.4924224950585683
1229.4,15,14,15.022469252318572,13.996074654438841,14.987383190613308,14.002550348767718,3.9027594021342233,2.587686011399192
1229.6000000000001,15,14,15.026091274821376,13.993124915667142,14.970775572396867,13.935005302430962,3.9550764871283635,2.6876860113992147
1229.8000000000002,15,14,15.031271400774429,13.99139859645972,14.945625882825482,13.94704901627355,4.055076487128386,2.7489174615297074
1230.0,15,14,15.037156449930011,13.990145028512533,15.011278688373167,13.789070482043552,4.003942428277203,2.8179318861964195
1230.2,15,14,15.04147419559884,13.989798850416838,15.09573936238992,13.95508121162471,3.9039424282771806,2.8152522268575826
1230.4,15,14,15.044129974081878,13.988766785962191,14.99237107395595,13.982389890627893,3.803942428277158,2.806877970749975
1230.6000000000001,15,14,15.04512590692117,13.987594976668415,15.090884124728875,14.093005259730557,3.703942428277135,2.72550473396049
1230.8000000000002,15,14,15.044460995117134,13.985314699817186,15.164760899498138,14.06687323359305,3.6039424282771124,2.6904133801735752
1231.0,15,14,15.042676334097393,13.983402263677473,15.039871561796748,14.079261054496454,3.617757716319758,2.689967612743736
1231.2,15,14,15.042253707655812,13.981537527941057,14.803287967438266,13.902724382800994,3.7177577163197806,2.767504676035259
1231.4,15,14,15.043412709255307,13.980916827969603,14.976990035446196,13.99972559059165,3.771116340195423,2.867504676035282
1231.6000000000001,15,14,15.04457148578471,13.981539670057,14.982853383865725,14.005569205595812,3.7981216553690995,2.945993848796908
1231.8000000000002,15,14,15.046924058399844,13.981910124725959,15.061846212843735,13.984336284423867,3.8182253677885134,2.845989248276401
1232.0,15,14,15.049805792175123,13.981030240027788,14.816039515375556,14.065182373814913,3.9133446583490867,2.745989248276492
1232.2,15,14,15.0540590951424,13.97913459998819,15.048337800986562,14.008692847907636,3.930210692027875,2.7315104049401446
1232.4,15,14,15.057209624363965,13.978094995936727,15.044600422460194,13.864368309236538,3.8302106920278525,2.8315104049401674
1232.6000000000001,15,14,15.058702052798127,13.978317354162408,15.133670703037188,13.902827119654539,3.7302106920278297,2.93151040494019
1232.8000000000002,15,14,15.058835183902447,13.979795703106744,15.078564317054227,13.940655346868805,3.7129253988399946,3.031510404940213
1233.0,15,14,15.058992655976368,13.981673497723893,15.105711215423002,13.987642057867806,3.650559884842132,2.966701855300814
1233.2,15,14,15.05757141378588,13.982330281286456,15.264955348547813,14.063284699328866,3.550559884842109,2.8667018553007915
1233.4,15,14,15.055520931628102,13.981926766989877,14.974462241914924,13.976571689592259,3.6066143860821747,2.846504180027193
1233.6000000000001,15,14,15.054161084769378,13.981588699153916,15.140473356944632,14.055573465441414,3.558652707625928,2.793615750620633
1233.8000000000002,15,14,15.051511573486794,13.981050261366743,15.094260179107602,13.87965600476758,3.535460585023536,2.871044285418261
1234.0,15,14,15.049042675957857,13.981206055308856,15.16181452113657,14.079100635098406,3.4904937721394127,2.8398169447303085
1234.2,15,14,15.046104338876425,13.980288794126439,14.963777813003842,13.919540016408906,3.549170411595781,2.7754365136787476
1234.4,15,14,15.044773969467913,13.97940341909635,15.08753217333082,14.02163276781965,3.649170411595804,2.775982609742004
1234.6000000000001,15,14,15.044323911904788,13.977650061007672,15.067532609866227,14.120084873566418,3.616883526027253,2.6765505871827844
1234.8000000000002,15,14,15.044112445788981,13.975641371261796,14.889855760870546,14.054406074970652,3.7158127441510884,2.7547332172065393
1235.0,15,14,15.045470558465448,13.974877444576197,15.023482025989939,13.896096980079308,3.7672244610229773,2.8547332172064483
1235.2,15,14,15.046128145690652,13.975211648156401,15.147760051007468,13.936700435309085,3.6672244610229545,2.892836393020612
1235.4,15,14,15.045140292380786,13.976155333662433,15.111114195926216,13.85687738547456,3.567224461022932,2.9905645090861093
1235.6000000000001,15,14,15.042545648608483,13.977802790703572,15.164228674009633,13.972015001758411,3.483054465455868,2.9588159445904583
1235.8000000000002,15,14,15.040200332939506,13.978332163424627,15.03711592041602,14.182495384610645,3.582007021519845,2.8588159445904355
1236.0,15,14,15.038871445579534,13.977601869963864,15.198567947558894,13.95745000134999,3.5554518053034867,2.7588159445905265
1236.2,15,14,15.036236388298827,13.976088473665692,15.105066470938416,13.985935234235585,3.509964216574369,2.7817205040867328
1236.4,15,14,15.034396717287033,13.974721438814905,14.948847082762624,14.109797945144305,3.609964216574392,2.7105473756115184
1236.6000000000001,15,14,15.034225294298398,13.972636850051572,15.046152715224622,13.882861340634538,3.7099642165744147,2.738078775664034
1236.8000000000002,15,14,15.034950843100594,13.971581728710964,15.128871839599434,13.961251636491506,3.674124850763446,2.7924478268900264
1237.0,15,14,15.035518590644221,13.971191339205996,14.965493086635187,13.869499194090674,3.752725755685764,2.885443976596571
1237.2,15,14,15.037090242857818,13.971953482084759,15.023983377315336,14.039360747846928,3.72742845529512,2.928026274828881
1237.4,15,14,15.037246641499737,13.97292659037036,15.173857241711646,13.965729271072577,3.6274284552950973,2.9904375931864298
1237.6000000000001,15,14,15.036149978563918,13.974640456198077,15.108231398509853,13.92622543827982,3.623686918429968,2.9686226749320848
1237.8000000000002,15,14,15.035615585797565,13.975285497352106,15.051001459089699,13.972378864801899,3.5980634796905253,2.868622674932062
1238.0,15,14,15.033994447682264,13.974889937154883,15.06733119044254,13.994960753605714,3.546760098106026,2.8519575560348596
1238.2,15,14,15.032876259638408,13.975319427099294,14.943936267895479,13.891042952512171,3.6458304724854367,2.9519575560348823
1238.4,15,14,15.033333283145312,13.977001837831601,15.031866477271151,13.780511276694522,3.6941671729559986,3.051957556034905
1238.6000000000001,15,14,15.033707605958725,13.97977592417661,15.171358308047601,13.905599628599589,3.7179367650441124,3.0805974289261657
1238.8000000000002,15,14,15.034857845633299,13.981809372915423,14.99736671399282,14.037421658093074,3.700324631844455,2.980597428926143
1239.0,15,14,15.034830080193023,13.982790389453474,14.928867012263927,13.846844305307126,3.609955964430703,2.961629339984417
1239.2,15,14,15.03485039945137,13.984040110845735,15.026950495257877,14.016071102039922,3.7069779272727965,2.9305849198545664
1239.4,15,14,15.036549959434263,13.984182356157318,14.96733041073242,13.983655807993866,3.8069779272728193,2.8305849198545436
1239.6000000000001,15,14,15.039058854745344,13.983073310554463,15.093493996072912,13.94342026141263,3.763517750624074,2.730584919854521
1239.8000000000002,15,14,15.040031809833096,13.98168489614881,14.99874405185342,13.746395445688783,3.663517750624051,2.8064092342617655
1240.0,15,14,15.039395540578031,13.98153475081819,15.105177442099441,14.021118398024363,3.5924060834646583,2.9020448357090687
1240.2,15,14,15.039186874073934,13.981722944144037,15.091200767449308,13.893197006419989,3.6913465881691505,2.871264936015235
1240.4,15,14,15.040654361667206,13.982335944540713,14.9494635820594,13.996110289900912,3.7913465881691732,2.967209825976274
1240.6000000000001,15,14,15.04325770257542,13.983051963467718,15.082417877791146,14.106082032513838,3.777425051279874,2.8755560448494544
1240.8000000000002,15,14,15.044574857140354,13.982548483533344,15.038751224020897,14.099083462649299,3.7164570278970492,2.8071802295920794
1241.0,15,14,15.04647984293854,13.982123757406098,15.009039973495888,14.029397707801168,3.8164570278969583,2.8379808116470366
1241.2,15,14,15.049441521373932,13.982369762322485,15.073957336071386,13.926891713505677,3.795518912831144,2.9370997182047414
1241.4,15,14,15.051215258398823,13.983256818580863,15.109570637240415,14.119870272487978,3.7295002811340336,2.8968737247415004
1241.6000000000001,15,14,15.051699053152358,13.983000384667337,15.19419623654984,14.011011343512681,3.6298759197806647,2.7968737247414777
1241.8000000000002,15,14,15.051764443278422,13.981531355981499,14.810038530769846,13.998422149020636,3.7026614904075825,2.7336384652446255
1242.0,15,14,15.053241676048666,13.97939175829609,15.165948834990198,14.069396662191153,3.730444810162562,2.6470152829871965
1242.2,15,14,15.053721996598853,13.976827186175935,15.006399643812822,13.855907446605185,3.630444810162539,2.708463261725242
1242.4,15,14,15.05389250909133,13.975475354751714,14.991970475401734,13.856626750940165,3.711158045486194,2.8084632617252647
1242.6000000000001,15,14,15.055652811443277,13.975382287001045,15.007015780289434,14.022993774368645,3.77272322469936,2.9084632617252875
1242.8000000000002,15,14,15.058340544836295,13.976547769288272,15.038900324462498,13.804953071135024,3.8624124397616173,3.00846326172531
1243.0,15,14,15.062700187191838,13.978199516458117,14.98592756014697,14.02303017840128,3.9624124397615264,2.951644817893112
1243.2,15,14,15.067773900684523,13.978660564080313,15.125713282151986,14.024691543720467,3.911000116646933,2.851644817893089
1243.4,15,14,15.071276671310386,13.977873309999643,14.910672778229493,14.160961123992118,3.8110001166469103,2.7516448178930664
1243.6000000000001,15,14,15.073106362217493,13.976178005347483,15.119440144516059,13.98930908941887,3.7110001166468876,2.7558527251813048
1243.8000000000002,15,14,15.07326756377539,13.975053382183633,15.19267597068265,13.956602816640883,3.611000116646865,2.742864978098258
1244.0,15,14,15.071994602583167,13.973803194310245,15.188586690580456,13.808206996979308,3.5851690746425033,2.8114452103676184
1244.2,15,14,15.071712439490303,13.973689314737838,15.056345004859939,14.054429236064415,3.6672833334698556,2.858766228465413
1244.4,15,14,15.07120067832628,13.97299985303798,15.101677067488827,14.00349819533965,3.5696005549252683,2.75876622846539
1244.6000000000001,15,14,15.070533326991567,13.971527622044178,15.042266294805536,13.900932385105925,3.659739387885226,2.757753291556363
1244.8000000000002,15,14,15.070415544954823,13.970717047902589,15.224224781592321,13.88447525048937,3.5963155559267204,2.8426757208917337
1245.0,15,14,15.068864586509466,13.971077990361053,14.987663989206172,13.896009191176574,3.5594458509493276,2.9425219613474645
1245.2,15,14,15.068218976942184,13.97268925658343,15.028924350580182,13.956804693558363,3.6594458509493504,3.042521961347487
1245.4,15,14,15.069263078697132,13.975551230336713,15.025868567464174,13.890075815957823,3.759445850949373,3.14252196134751
1245.6000000000001,15,14,15.071237513722789,13.978542159912154,15.110893614995607,13.926912761561798,3.7242230530599674,3.0535239710871034
1245.8000000000002,15,14,15.071743600476868,13.980278008940815,15.097762458170926,13.97865657978179,3.6242230530599446,2.9535239710870806
1246.0,15,14,15.070601967336767,13.980753248536745,15.193421068894336,14.002151693347875,3.5242230530600356,2.8535239710871716
1246.2,15,14,15.067934604033073,13.980307664123082,15.003543243007853,13.888607122254538,3.4792513649307795,2.8576565224708177
1246.4,15,14,15.066072367244088,13.98072747352235,15.04871355121128,13.961520930008579,3.579251364930802,2.9024804276511227
1246.6000000000001,15,14,15.065889128451232,13.980963063105628,14.973798696537997,13.896047991927011,3.679251364930825,2.8912424007349187
1246.8000000000002,15,14,15.06737978234693,13.981577804602725,14.93447020295112,14.006011395932243,3.7792513649308477,2.9417791865495255
1247.0,15,14,15.069557750678094,13.982393058343208,14.925331105381677,13.927897764140985,3.725486797085397,2.918528789214672
1247.2,15,14,15.070169159935194,13.982789383474758,15.296252983211328,13.988731003525148,3.625486797085374,2.877789080254833
1247.4,15,14,15.06949674095069,13.983157610124326,15.12771888437897,14.007033539426013,3.6198707651089874,2.9187492002276305
1247.6000000000001,15,14,15.07003874806149,13.984428509749389,15.014487053667457,14.001788867830248,3.71987076510901,3.0185563500428736
1247.8000000000002,15,14,15.070789744586211,13.986940760261902,15.257207060658688,13.920757060519202,3.631661715711077,3.1004809698919935
1248.0,15,14,15.070512077651069,13.990039506945424,15.024033381811476,13.923201837228547,3.6519874040252738,3.135926158570239
1248.2,15,14,15.071486516057586,13.99277498694356,15.106138728308515,14.143491585402735,3.686816699395459,3.036619428353295
1248.4,15,14,15.071572601847722,13.994249652341859,15.190071841944127,13.947217935594557,3.5868166993954365,2.9366194283532723
1248.6000000000001,15,14,15.070886022761465,13.994789651676516,14.89146552848948,13.87905395185017,3.632011985962589,2.9385324029773825
1248.8000000000002,15,14,15.071752455749786,13.996280147668688,15.001013723304656,14.042241471742361,3.7320119859626115,3.0385324029774052
1249.0,15,14,15.073467654706949,13.997996963888406,15.16297991205271,13.900095993683912,3.690689444893148,2.9576720506013383
1249.2,15,14,15.073711842431036,13.999106885652632,14.918919153821767,13.925474743577544,3.620354541652418,3.000420834992903
1249.4,15,14,15.072887186221719,14.000964264393376,15.187854759907768,13.97994220019329,3.527906923854278,2.98755922762562
1249.6000000000001,15,14,15.071848764991381,14.001856754650804,15.006438241261673,13.961259529059083,3.6131116113160426,2.9290898260812654
1249.8000000000002,15,14,15.072456380619567,14.002010867327659,15.17739471165789,14.097882881888546,3.6914870238130515,2.833930937352512
1250.0,15,14,15.072726312307653,14.001696266817413,15.150226501592643,13.9470012004736,3.5914870238131424,2.8921222840276974
1250.2,15,14,15.072065057058312,14.002002690780635,14.985280868734312,14.013612668775757,3.623530363980424,2.856590322204198
1250.4,15,14,15.072797511341497,14.001182254157817,15.006991865607626,14.016707644567127,3.6787780666758545,2.7565698128283587
1250.6000000000001,15,14,15.072864734333432,14.00030372753389,15.172096133366466,13.87433956574128,3.5787780666758318,2.851762274543255
1250.8000000000002,15,14,15.07127172240395,13.999879767121596,15.25105438869631,14.12668688456897,3.478778066675809,2.792317751553488
1251.0,15,14,15.068527003883844,13.998326945640406,15.06010088353264,13.96842912115454,3.4892203191657867,2.7428209090958364
1251.2,15,14,15.067114306031373,13.996748827684486,15.02952833572877,14.179013428056978,3.5892203191658094,2.70732660167801
1251.4,15,14,15.066769933440833,13.994499077071751,15.059800043148467,13.97540289775384,3.5701590033746697,2.7273848819173914
1251.6000000000001,15,14,15.065029199555987,13.992987669547672,15.145585929535827,14.028608531128178,3.470159003374647,2.726933649978445
1251.8000000000002,15,14,15.06290772033424,13.991557892135578,15.076680812720717,13.857684708239207,3.54568243361694,2.8079292982734696
1252.0,15,14,15.061090848082221,13.991369439260168,15.209874555147021,13.788339946795464,3.4662444908055465,2.9079292982733786
1252.2,15,14,15.057820679885298,13.992429360811627,15.14426763425441,13.852009608683632,3.4314939876465407,3.0079292982734014
1252.4,15,14,15.055484833836957,13.993863653344466,15.088715051755223,14.117220497733955,3.5314939876465634,2.9413931274978364
1252.6000000000001,15,14,15.054830534614698,13.994260117377872,15.013303022457519,13.828434408622796,3.631493987646586,2.9191185214603284
1252.8000000000002,15,14,15.055234607313052,13.995440298072593,15.102792870085196,13.939324914333225,3.6245170250263996,3.019118521460351
1253.0,15,14,15.056123687603415,13.99740422499971,14.973348809659784,14.048010711620442,3.722523765417943,2.9970308171526066
1253.2,15,14,15.058290864100673,13.998301102751121,14.982549476380793,14.164615345024616,3.724819458075925,2.897030817152584
1253.4,15,14,15.059231946648588,13.997942870174267,15.040863097733153,14.177239309420509,3.624819458075902,2.797030817152561
1253.6000000000001,15,14,15.059032817646905,13.996488509211789,15.007821645498568,13.958775277024671,3.6372758456479746,2.768267894914102
1253.8000000000002,15,14,15.05915278319806,13.995770701003181,15.08364320322993,14.010433970301223,3.580576512035428,2.868267894914125
1254.0,15,14,15.058794168149197,13.995716580578303,15.049090015018985,14.066081135814592,3.6433100693205422,2.831139972277141
1254.2,15,14,15.059340874124736,13.994572588478096,15.164779655608235,13.942394490050852,3.613390744816368,2.767629681710734
1254.4,15,14,15.058652588294727,13.993845339002874,15.072045752399529,13.827421198559199,3.587365097418897,2.8676296817107567
1254.6000000000001,15,14,15.058974107005833,13.994372079285665,14.892340993674491,13.789237065935415,3.68736509741892,2.9676296817107795
1254.8000000000002,15,14,15.06059947817408,13.996153161178338,15.023163434409465,13.800300647194653,3.692872188989305,3.067629681710802
1255.0,15,14,15.061504084169169,13.998813957432334,14.978410792919698,14.055813432320077,3.6982581554585057,3.058735014413016
1255.2,15,14,15.06366583377025,14.000475560003425,15.006757867320966,14.062434373742207,3.7688458046050095,2.9587350144129934
1255.4,15,14,15.065405948457506,14.000881401006653,15.078256527122297,13.98402079073221,3.6694450723651855,2.8587350144129706
1255.6000000000001,15,14,15.065923428321383,14.000418351902564,15.041148977613261,13.818974654472893,3.6722676987049914,2.869714520215248
1255.8000000000002,15,14,15.066922233094594,14.000466014659494,14.986552218709505,14.116079533254489,3.6617361303706972,2.8439685451499543
1256.0,15,14,15.06695227384133,13.999430988493337,15.03195925228573,14.071383893690564,3.5687827886511885,2.7439685451500453
1256.2,15,14,15.066041677956582,13.997707859261721,15.05181384831538,13.825655926682602,3.5558096496734164,2.778429116705
1256.4,15,14,15.06425297625967,13.997104271432667,15.219528646339452,13.775336337476265,3.457646558818945,2.8784291167050227
1256.6000000000001,15,14,15.062197639898121,13.997617838147063,14.880949658835778,14.113823910694801,3.5401549836280974,2.9134050020343074
1256.8000000000002,15,14,15.061805365380513,13.997442380025412,15.004230560916126,14.164960029061506,3.64015498362812,2.8134050020342847
1257.0,15,14,15.063076129877428,13.996141675869337,14.851044057525876,13.957364098444824,3.7401549836280292,2.777785798107654
1257.2,15,14,15.065756993722916,13.995524337491402,15.133698665350236,13.883906356435675,3.763300147623786,2.8777857981076767
1257.4,15,14,15.06742483907279,13.995568289378912,15.138849730284157,14.03778050247087,3.6864029334020554,2.839822672834268
1257.6000000000001,15,14,15.067916945330081,13.994554003004875,15.10333124212481,13.943280766286506,3.5944397285709657,2.7706803479680433
1257.8000000000002,15,14,15.066743662280812,13.992606217713275,15.265006797588526,14.07533768462837,3.494439728570943,2.671462474146373
1258.0,15,14,15.064353948077693,13.99008629415366,14.974994531821892,13.912670277034744,3.4990048711950545,2.7191128536670206
1258.2,15,14,15.063246000444773,13.988336475986232,15.078725247557417,14.034511809519616,3.5990048711950773,2.706422682307093
1258.4,15,14,15.063793662071667,13.98572755061294,15.14119542774839,14.086735727941086,3.6990048711951,2.6767065392246225
1258.6000000000001,15,14,15.065990536391636,13.983852440281014,14.959477356127525,13.876954365889235,3.7990048711951228,2.7767065392246453
1258.8000000000002,15,14,15.069722058728814,13.983050456795178,15.090434541761445,14.227017040759565,3.8457987397157307,2.798869515420624
1259.0,15,14,15.07267294786521,13.981490062403699,15.009798116164598,14.02400693757854,3.7457987397158217,2.72304708473345
1259.2,15,14,15.073944775922591,13.97949290341267,15.097584675716051,13.979603513218057,3.645798739715799,2.7023856905932737
1259.4,15,14,15.074192915928275,13.977943759001786,14.95022203454514,13.845932518887532,3.6708690502425543,2.8006250157266703
1259.6000000000001,15,14,15.075867097992267,13.976925326438758,15.032322852589594,14.199231622674818,3.770869050242577,2.7483942004381894
1259.8000000000002,15,14,15.078421587557562,13.974728837255515,15.129711899294254,14.115630007460675,3.734887697651869,2.6483942004381666
1260.0,15,14,15.079465612013268,13.97218168880482,15.152062551447466,13.84620383801029,3.6348876976519597,2.7174800939294084
1260.2,15,14,15.079396425322702,13.970863981113114,14.920663967811178,13.88899479641804,3.650972774714358,2.817480093929431
1260.4,15,14,15.080390864666597,13.970803415950773,14.933741356558436,13.811373790019655,3.6651460535889684,2.917480093929454
1260.6000000000001,15,14,15.080487996280251,13.97199768642513,15.06690164007734,13.95243684937643,3.621202674594313,3.0174800939294766
1260.8000000000002,15,14,15.079666361809767,13.973756007594828,15.221031424062392,14.060271948522605,3.521918084026636,2.9696383717143355
1261.0,15,14,15.0772895680113,13.974407197442023,15.065170272690192,13.95372134655536,3.4687042242095356,2.917095161706575
1261.2,15,14,15.074563193557566,13.974817763722918,15.16844768142438,14.041378601224647,3.409670656570063,2.8715275491928294
1261.4,15,14,15.071533373379998,13.975390928687629,15.181973619229254,13.662725868168836,3.4846436058481474,2.970382078905304
1261.6000000000001,15,14,15.070162068949019,13.976984289655523,15.023070964431732,14.078844957187014,3.58464360584817,2.9852868410073325
1261.8000000000002,15,14,15.070471529117125,13.97773071422353,15.001498066509434,13.882481929097906,3.684643605848193,2.88528684100731
1262.0,15,14,15.071160258733293,13.977766719861147,15.254962187800972,13.949513566551152,3.6085876869522897,2.917138288239749
1262.2,15,14,15.070225042651936,13.978909803636258,15.071763103441809,13.906319570801397,3.522619620745192,3.0171382882397717
1262.4,15,14,15.06953478161295,13.980736301486743,14.962047795554794,14.127639005051606,3.6226196207452146,2.9829486220805896
1262.6000000000001,15,14,15.06905387992398,13.981493032973377,15.15260981802172,13.949653952733781,3.5346624274460514,2.9249624183672336
1262.8000000000002,15,14,15.066928161999924,13.982716087363565,15.119509769075679,13.966056031903385,3.4346624274460287,3.0249624183672563
1263.0,15,14,15.06427196882526,13.98411587114385,15.027945710156871,14.003001998177677,3.498068797288374,2.9404717706431334
1263.2,15,14,15.063240791413731,13.98462479402899,15.018265989048547,13.932065156816629,3.5980687972883967,2.943264067427599
1263.4,15,14,15.063880182998945,13.986054974651086,15.138404368222526,13.930486105631003,3.691157420933249,3.0431527359577895
1263.6000000000001,15,14,15.066085706453133,13.987606363708935,14.92541152528688,14.210403584292163,3.791059486987519,2.9532458411494766
1263.8000000000002,15,14,15.069504575089297,13.987962393678405,15.17291821168748,13.950421154432822,3.7866442653139316,2.8951899528598855
1264.0,15,14,15.071636824856787,13.988392112771397,15.0786867169765,13.893038475502873,3.6866442653140226,2.8822139305443457
1264.2,15,14,15.072105960914675,13.98861077647901,15.033307513087282,13.967090332498678,3.586644265314,2.9344875041531586
1264.4,15,14,15.071609593379499,13.98869166786979,15.0614936953294,14.066102229133625,3.615638359419797,2.8356657328890873
1264.6000000000001,15,14,15.072206970454845,13.987531101066663,15.117311652598273,13.944684867789542,3.622482982936869,2.7575751361986565
1264.8000000000002,15,14,15.072325841562444,13.986609143051743,15.056173131502593,13.988611883011142,3.6537155614212917,2.8435873613443987
1265.0,15,14,15.073909544626023,13.985842531361483,15.03291772398615,14.040331678640474,3.7537155614212008,2.7877962999870496
1265.2,15,14,15.076126297661762,13.984078834086427,14.972492344025461,14.054254827678557,3.6973371701691202,2.688220051016524
1265.4,15,14,15.07674513192408,13.9819835839223,15.186843177359961,13.921506461682192,3.5973371701690975,2.759244385581959
1265.6000000000001,15,14,15.075784342633874,13.981118968457542,15.124205097114418,13.975956574719893,3.5441075815715166,2.859244385581982
1265.8000000000002,15,14,15.074969158292685,13.980944996299003,15.12295012598139,14.122318087943658,3.5333651315866663,2.8253995198203214
1266.0,15,14,15.07446825040306,13.980355568543342,15.061672835841902,13.918414411206237,3.6299626534597276,2.8752653271413617
1266.2,15,14,15.074953026532395,13.980942166920313,15.089786851641097,13.919024928260544,3.6019833631278386,2.9752653271413845
1266.4,15,14,15.07487398439626,13.982780928526434,14.930849099484977,13.805970449984736,3.646771062875866,3.075265327141407
1266.6000000000001,15,14,15.075677718786926,13.98528126866687,15.201373286213638,13.933563432886093,3.6195071939543797,3.0383215479432093
1266.8000000000002,15,14,15.075054238834447,13.986840112772656,15.173262997445413,13.989997939656853,3.519507193954357,3.01705671490061
1267.0,15,14,15.07342167236959,13.987998293233906,15.044037580087608,14.102073684418547,3.5433195436037703,2.922648670039787
1267.2,15,14,15.072236384284757,13.98789581125111,15.130588753897886,14.096250381027279,3.489360913583101,2.822648670039764
1267.4,15,14,15.069909330935468,13.986592628187573,14.92580916577471,13.947151444051501,3.490961206201726,2.7661781629825746
1267.6000000000001,15,14,15.067608249867185,13.98577320276063,15.193722248506818,13.97971806612868,3.4186586205179816,2.8661781629825973
1267.8000000000002,15,14,15.063683513057663,13.985206072045512,15.170883974606332,14.152068349355979,3.318658620517959,2.788010060271643
1268.0,15,14,15.059155086754238,13.983754154084124,15.002308076337966,13.897069668350596,3.377642255363615,2.7957955548482962
1268.2,15,14,15.056228599466788,13.983284318792263,14.90480959044483,13.919583173831606,3.4776422553636377,2.895795554848319
1268.4,15,14,15.054978207859612,13.984064553332285,14.97649128923274,13.93618265426702,3.5776422553636604,2.9957955548483417
1268.6000000000001,15,14,15.055007864959055,13.985125360833903,14.991398617581503,14.173367479047322,3.579824180153006,2.9199831842661137
1268.8000000000002,15,14,15.053815428222297,13.985104335888899,15.143404602104303,14.032937067027538,3.4798241801529834,2.891252325168055
1269.0,15,14,15.051456814298929,13.98576329543663,15.115168762601195,14.004374571602499,3.488102364580854,2.951691591555541
1269.2,15,14,15.05019658421091,13.986632275624755,15.094554016727821,14.025637193956259,3.513567507015513,2.968514673092916
1269.4,15,14,15.048367918137986,13.987049245071482,15.078319478937884,14.022961655146464,3.5148229176272405,2.8690849869949417
1269.6000000000001,15,14,15.0478041666466,13.986648208897021,14.918716314052805,13.818145857569462,3.6148229176272633,2.8877543837563953
1269.8000000000002,15,14,15.04822237886672,13.987294246383374,15.16007201341211,13.845572303418235,3.5863822463083253,2.987754383756418
1270.0,15,14,15.048016335654761,13.988944255598804,14.941804728748739,14.00437202699828,3.6263120258162242,2.998899447883633
1270.2,15,14,15.04933655367608,13.989870322211184,14.921866822194707,13.889558860263486,3.7247866441384505,2.966393129457778
1270.4,15,14,15.050642153405018,13.99031394889115,15.094049275687569,14.10535012063444,3.6251795042345054,2.872387508279576
1270.6000000000001,15,14,15.050422086159038,13.989502843768044,15.112602840244707,14.092163536196177,3.5697310508364817,2.7723875082795533
1270.8000000000002,15,14,15.04918340250645,13.988059743603051,15.179217648280597,14.006686807275685,3.4725999098065095,2.8133725060527897
1271.0,15,14,15.046283643298974,13.987759322144777,15.061659719584531,14.060380957235301,3.3725999098066004,2.9133725060526987
1271.2,15,14,15.043191715248748,13.988706182480337,14.998656886332396,13.924898174990968,3.4597207699239854,3.0133725060527214
1271.4,15,14,15.041716757401376,13.99016735245804,15.133363090439616,13.967628429736703,3.5215209447333824,2.9606610491892056
1271.6000000000001,15,14,15.039680753691638,13.99043634437843,15.136601056458455,14.078064277117859,3.4215209447333597,2.860661049189183
1271.8000000000002,15,14,15.03693075930366,13.989838891347288,14.970833162052084,13.882392041740067,3.461796261058571,2.8729696138734435
1272.0,15,14,15.03557701463698,13.99025054625738,15.062983116743638,13.896723879626276,3.5614548578129224,2.9720434921644037
1272.2,15,14,15.035897552985544,13.990660297200769,15.120616645003865,14.111861731964126,3.661454857812945,2.873125401116312
1272.4,15,14,15.037706039672276,13.98981510917392,14.997122936268848,14.086205786982505,3.70618725420188,2.7731254011162894
1272.6000000000001,15,14,15.040389023804186,13.987719713187364,14.999938453379835,14.028035489265854,3.804204393618725,2.6731254011162666
1272.8000000000002,15,14,15.043991109321272,13.984379150374663,14.90522636617157,14.010791707650021,3.7726754985877817,2.573125401116244
1273.0,15,14,15.046263113000446,13.980655950634729,14.962660172525444,14.033560089083792,3.7366520456134804,2.638679549164514
1273.2,15,14,15.049292276369403,13.977634747253298,14.967352243919823,14.032452753256752,3.807434565502979,2.6091452523638634
1273.4,15,14,15.051936917303381,13.973953955335379,15.146116622203929,13.976159068944352,3.70866974443999,2.625932633932585
1273.6000000000001,15,14,15.052892525483584,13.971320917733356,14.991365549674425,13.887402132343727,3.6086697444399674,2.7259326339326075
1273.8000000000002,15,14,15.052172561209861,13.969844953899992,15.062177079241893,14.031830876007133,3.5086697287771735,2.7690338950351476
1274.0,15,14,15.051220020351638,13.968759578309287,15.003982015955435,14.042266331183818,3.5942094151669846,2.847787156221069
1274.2,15,14,15.051141458503459,13.968556515640376,15.036384857894083,13.971148381416874,3.5796627787380757,2.8462720405982225
1274.4,15,14,15.05155986817346,13.967464540753614,15.022564974157506,14.066189812188561,3.6770430323013596,2.7502308250500294
1274.6000000000001,15,14,15.052774261009684,13.966028289370064,15.00879282963582,13.994904558746537,3.6333747331407484,2.7980632631683924
1274.8000000000002,15,14,15.052451700700283,13.965559153990165,15.160708289400738,13.963387872129795,3.5333747331407257,2.89762596354986
1275.0,15,14,15.051408048341592,13.965479538733028,15.012509844989614,14.156295504558344,3.5834583878565294,2.831791484091799
1275.2,15,14,15.051056537968497,13.964300047083224,15.253734811671638,13.968711494193304,3.538890258342517,2.7936685226357705
1275.4,15,14,15.04916637583244,13.962922575324292,15.217090028482337,14.059186427903663,3.4388902583424943,2.7287964535916305
1275.6000000000001,15,14,15.046008255774915,13.960926862234965,15.046220835293843,13.964903349341904,3.407842181777218,2.7672292156681073
1275.8000000000002,15,14,15.042857084054313,13.959493913320424,15.191913163410659,14.270084736734,3.418611291367256,2.732508290372774
1276.0,15,14,15.040623112556059,13.957173678859306,14.958496697625174,13.735058800750053,3.518231573032952,2.7195614197185303
1276.2,15,14,15.04004804866596,13.955352268517204,15.019857658173047,14.04891408677673,3.6182315730329746,2.7129259210692758
1276.4,15,14,15.04033397255216,13.95277369093374,15.107913174429786,14.006636314130034,3.58021877138318,2.6968338268662704
1276.6000000000001,15,14,15.03925062023172,13.950774080604976,15.11432444706056,13.986269579586846,3.5395039764324703,2.716787921731577
1276.8000000000002,15,14,15.038694608133248,13.949256766220016,15.143922039701671,13.989447222788174,3.5678345230881816,2.814705861828776
1277.0,15,14,15.038896451861195,13.948906939605013,14.956089197436539,13.980271433227541,3.6665703215389396,2.8616257982417896
1277.2,15,14,15.040130455023768,13.948596046277327,15.06595960789228,13.895050008864374,3.643274218400087,2.8802440717157913
1277.4,15,14,15.040095070184975,13.949155415222865,14.963122338918781,13.86111901365367,3.602761673724981,2.979871860952519
1277.6000000000001,15,14,15.040342502307997,13.950249798628807,15.079735543899924,14.044612035193502,3.5856105190879806,2.928653064019389
1277.8000000000002,15,14,15.039221105258907,13.950507324939995,15.10832996804904,13.90956736297963,3.485610519087958,2.9338553917448476
1278.0,15,14,15.037466835299412,13.951733000540619,15.033015148997254,13.821408135145987,3.5369544531110355,3.0338553917447566
1278.2,15,14,15.03723095402709,13.954197608975972,14.985608948852013,13.792559487096552,3.6367168606160436,3.1161203433887623
1278.4,15,14,15.038133065135003,13.95757695323313,15.128130312326467,13.850263469889954,3.6217180033952645,3.2060589737231724
1278.6000000000001,15,14,15.037700202542762,13.961169718011417,15.115343242839474,13.993191017170002,3.5217180033952418,3.1248851546113223
1278.8000000000002,15,14,15.036876309180034,13.96350810198943,14.901445817046575,14.025060595097827,3.5947636615234964,3.0248851546112996
1279.0,15,14,15.037544262057285,13.964585347243307,15.0454641629412,14.100926130175598,3.6330141515526257,2.9248851546113905
1279.2,15,14,15.038193674775533,13.964405491953874,14.889587082558071,14.004296251970235,3.675554407353054,2.824885154611368
1279.4,15,14,15.040366473340109,13.963846217381274,14.965709072605659,14.065114041627341,3.7755544073530767,2.8776404583671304
1279.6000000000001,15,14,15.043506424387095,13.963186337767105,15.025910385729963,13.96309362512086,3.746809771168401,2.787444701628174
1279.8000000000002,15,14,15.045180771970387,13.961503820455444,15.103845556640685,14.051705596759371,3.6468097711683782,2.7223999284969436
1280.0,15,14,15.045622612572217,13.958805960421811,15.0720189171796,14.193362082789847,3.6503893823475795,2.6228722511078155
1280.2,15,14,15.046465446937374,13.955846728051139,15.16639391298855,13.98277829213323,3.606902851666665,2.700241935471132
1280.4,15,14,15.046093317308857,13.954131703378618,15.036585836733137,13.919560712548554,3.5958210575394016,2.8002419354711545
1280.6000000000001,15,14,15.045607018311898,13.953673400925744,15.142523332944672,14.024993891254486,3.521756496732486,2.9002419354711773
1280.8000000000002,15,14,15.044241209623127,13.95396228691729,14.997407171211991,13.953842693479386,3.5559227480213287,2.8734157373247293
1281.0,15,14,15.044070601395827,13.954198944532509,14.938173204689768,13.80937121361342,3.5724000861964313,2.9552500930817076
1281.2,15,14,15.042816861437306,13.955543680173525,15.029876010937766,13.9509300772368,3.4724000861964086,2.9900114567471427
1281.4,15,14,15.040908634026607,13.956825077739962,15.068492409388387,13.916391867240373,3.518130761590889,3.031645228845584
1281.6000000000001,15,14,15.038840199503726,13.95924701306718,15.1667824920547,13.879591598302005,3.4211151043707697,3.1316452288456067
1281.8000000000002,15,14,15.035140768828436,13.962911635373084,15.1671465964849,13.802258019520853,3.321115104370747,3.2316869869830365
1282.0,15,14,15.030951435618428,13.966614927905736,15.134520627853917,13.93113855921811,3.3859705797223487,3.1362311458959407
1282.2,15,14,15.028349315021053,13.969048069394626,15.112591937942527,14.023542722572413,3.465062517671577,3.036231145895918
1282.4,15,14,15.025564951552276,13.970773725280905,15.125736176709873,13.92491668813839,3.3701356531690565,3.069454727572421
1282.6000000000001,15,14,15.02274380572165,13.972413014631304,14.904199848991803,13.952243590064715,3.466231434364579,2.9748680987359375
1282.8000000000002,15,14,15.02160418832829,13.973524482901551,15.075548234543296,13.734806023694818,3.5662314343646018,3.027870577123414
1283.0,15,14,15.022145160568316,13.975806224807616,14.928342350967858,13.861529153935166,3.666231434364511,3.109128626672434
1283.2,15,14,15.023495604907408,13.97785969787485,15.082369130572364,13.987597781350736,3.621538180081239,3.0091286266724113
1283.4,15,14,15.02331937063565,13.978653859882886,15.091136132777347,14.063050797412819,3.521538180081216,2.9091286266723886
1283.6000000000001,15,14,15.02220882714421,13.978188294540477,15.079186363574259,14.02552022961474,3.553429506570896,2.809128626672366
1283.8000000000002,15,14,15.022226846425173,13.976466357527261,15.092685373861526,13.964368388618228,3.5795906559201804,2.709128626672343
1284.0,15,14,15.0213760580791,13.973491276022841,15.032900757567072,14.099548197486174,3.4817011221821343,2.609128626672434
1284.2,15,14,15.01935442778356,13.969644725076792,15.071293955140062,14.071755578093027,3.4554294503023475,2.6193555066465226
1284.4,15,14,15.017279759868988,13.966802778077271,15.059499053530354,14.006222160860267,3.4658489532222805,2.7193555066465454
1284.6000000000001,15,14,15.01612280083289,13.965216981130327,14.93076337253373,13.951589283543063,3.565631484118183,2.819355506646568
1284.8000000000002,15,14,15.016628249519554,13.964686402112799,14.80589610031172,13.870813995107632,3.665631484118206,2.839337344583618
1285.0,15,14,15.018713096159907,13.964372822313548,14.88370318067575,13.861760721121197,3.721423988562786,2.9193899809507062
1285.2,15,14,15.02092631975898,13.965183291035702,14.910597813831115,14.031669462997934,3.7585790777679744,2.9570053778652134
1285.4,15,14,15.023497679625395,13.965335154059913,14.962882475458029,14.007779675629157,3.693022081605125,2.8570053778651907
1285.6000000000001,15,14,15.024449303507797,13.964455677182416,15.044864959544322,13.964731112028234,3.593022081605102,2.8386101066924767
1285.8000000000002,15,14,15.023733415838944,13.963917951902173,15.065777658198751,13.94830869446915,3.4930220816050794,2.8616840688661793
1286.0,15,14,15.02213717389558,13.964116375563147,15.034391679550176,13.944005150322,3.529788185716492,2.9606534176412995
1286.2,15,14,15.022038139158386,13.964620425650592,14.914854625404969,14.082439564401502,3.619625374156854,2.8870718580365593
1286.4,15,14,15.02179056461903,13.964236118733734,15.187255211979572,13.720014191457416,3.520096519650835,2.892157388891798
1286.6000000000001,15,14,15.020526909966796,13.964821987094666,14.967040199625593,13.796440255953796,3.544395651128432,2.9921573888918207
1286.8000000000002,15,14,15.020684500693587,13.96665906728832,15.010887195866108,13.951818593683281,3.6233756416857914,3.0921573888918434
1287.0,15,14,15.020527748585813,13.96862566746562,15.032316609353183,14.055497178166325,3.5233756416858824,3.0031860767041523
1287.2,15,14,15.019921137868595,13.969334578357254,14.883712391680836,14.00399340108513,3.5932355877777726,2.9031860767041295
1287.4,15,14,15.02083188439984,13.968786220515883,15.096379783158,14.097104046512639,3.6412429640735042,2.803186076704107
1287.6000000000001,15,14,15.020982484955356,13.96741027926725,15.040261398085978,13.939719277975456,3.5412429640734815,2.8196465261814003
1287.8000000000002,15,14,15.020142185747273,13.967058580224883,14.968307173353697,13.98217274711965,3.568700180199027,2.8999878623721744
1288.0,15,14,15.020291674372217,13.966792723325884,15.07560989860702,14.037074612235685,3.5637498444067655,2.8612613300050445
1288.2,15,14,15.020159832626772,13.965725828065512,14.938310531823129,14.044932282971969,3.619407928069752,2.7618531112417086
1288.4,15,14,15.021600476219893,13.963568206395298,14.933717261127216,14.04988275506769,3.7194079280697747,2.7321927406636384
1288.6000000000001,15,14,15.024092230060164,13.962138933495856,15.124949806241819,14.032393874292717,3.6996515617176495,2.8321243584539504
1288.8000000000002,15,14,15.025178935815388,13.96197034575338,15.010632589091836,13.851560088001284,3.599651561717627,2.932124358453973
1289.0,15,14,15.024606063304477,13.963056420460175,15.124461150998748,13.98533830078841,3.4996515617177177,3.032124358453882
1289.2,15,14,15.023887819806683,13.965048163082177,14.924379318257357,14.011956357482514,3.589625942280873,3.0274820411416745
1289.4,15,14,15.024737649799281,13.96674083569801,15.147193126832338,13.79320386809002,3.6389137999209953,3.074204882926442
1289.6000000000001,15,14,15.024866601490414,13.969469072334642,15.235088428438589,13.917297706188497,3.5389137999209725,3.1108881796146695
1289.8000000000002,15,14,15.023352918067612,13.97152090289367,15.110800022255276,13.991062080518988,3.43891379992095,3.0108881796146467
1290.0,15,14,15.021229689660286,13.972701702903862,14.934055506706905,13.959817833807127,3.4967025510782848,2.986471805126007
1290.2,15,14,15.020552753866724,13.973181444869802,15.040597676486339,14.065276807601737,3.535246149173354,2.8869271574113666
1290.4,15,14,15.019811409604953,13.972536023136984,14.891057434110225,13.987838011659864,3.573708967409272,2.8520987388445977
1290.6000000000001,15,14,15.020562761294821,13.971649913465251,15.136552474070434,14.092597851079248,3.6570731846870035,2.780399299685742
1290.8000000000002,15,14,15.021039177197713,13.969973080104639,15.222058199281042,13.88324812119525,3.5570731846869807,2.7983062176718008
1291.0,15,14,15.019847583857992,13.968911449918982,15.00171541820227,14.162807021242404,3.462359966131374,2.7812799951520697
1291.2,15,14,15.017164206096718,13.967203564812094,15.09439615912145,13.913313480257967,3.369103823471154,2.793548838070915
1291.4,15,14,15.014466329937555,13.966505555618449,14.899651525149158,13.878613243800038,3.4667296315472846,2.8935488380709375
1291.6000000000001,15,14,15.013438765720608,13.966108255062396,14.955518776946331,14.16052334149036,3.5667296315473074,2.8195123068179417
1291.8000000000002,15,14,15.014072560194629,13.964637503461702,14.944641913323139,13.873149991323496,3.66672963154733,2.7911143739572366
1292.0,15,14,15.015863650487288,13.963909568617288,15.105153267696927,13.967810982540627,3.6573842360526245,2.8911143739571457
1292.2,15,14,15.016329974437665,13.963990078233396,15.07896520317246,13.971109145857636,3.5602088615858283,2.8989370690253136
1292.4,15,14,15.015586983854519,13.964567339585733,15.049461093968972,13.880862569666583,3.5032884720420348,2.994907293554446
1292.6000000000001,15,14,15.015138776471401,13.965380665114042,14.920848792771864,13.833963161288569,3.6015040415296546,2.9152816463010756
1292.8000000000002,15,14,15.015953987173642,13.96588058789805,15.086984174491223,13.93718895228961,3.6027165656198825,2.9873276055972493
1293.0,15,14,15.01553996901722,13.967608640355587,15.079998826293176,14.001200698181163,3.5027165656199735,3.0873276055971584
1293.2,15,14,15.013483448903132,13.970584262066454,15.114277479095316,13.950341855832043,3.4027165656199507,3.187327605597181
1293.4,15,14,15.011173405097258,13.973947020194686,14.933896742648756,14.03787046545035,3.4846913349566804,3.1222626593434066
1293.6000000000001,15,14,15.010320488184163,13.976081728659159,15.116715865336756,13.997987503715375,3.5119827910442094,3.022262659343384
1293.8000000000002,15,14,15.009320193652101,13.976953803093046,14.935404127722743,14.044260453164968,3.5529921733896006,2.922262659343361
1294.0,15,14,15.009563437479702,13.976724916817572,15.073229951492772,13.896672830827184,3.5708595225962427,2.893110680495635
1294.2,15,14,15.008722774016565,13.977226806799115,15.052650180098391,13.86755799572235,3.47085952259622,2.9931106804956578
1294.4,15,14,15.006231817134266,13.978977869166847,15.17640889598198,13.913111328819712,3.3708595225961973,3.0931106804956805
1294.6000000000001,15,14,15.003238509836423,13.98106886426751,14.862279007709013,14.288023324031434,3.436147992247037,3.0234182172549984
1294.8000000000002,15,14,15.001878624630438,13.981923522480262,15.083459323482893,13.89325295218251,3.53614799224706,2.9234182172549756
1295.0,15,14,15.002188684276573,13.981519105544452,14.891155434781773,14.099629657657422,3.636147992246969,2.8234182172550666
1295.2,15,14,15.004155126267031,13.979861721512368,14.901777833159207,14.16584403913875,3.7361479922469916,2.723418217255044
1295.4,15,14,15.00776521355307,13.977447937570078,14.900973230151406,13.95042012999617,3.8361479922470143,2.748411374224427
1295.6000000000001,15,14,15.012575673560763,13.976125560551646,15.008614488768204,13.879793932041508,3.8333227954604174,2.8484113742244497
1295.8000000000002,15,14,15.016099262626112,13.976068572208918,14.995869255178228,13.87933312843169,3.7333227954603947,2.9484113742244724
1296.0,15,14,15.018467148877223,13.977042881377818,14.947553885978301,14.036464122541135,3.744155926138122,2.9633924378696492
1296.2,15,14,15.021079125507358,13.978330716728916,15.109769096530979,13.95680851922815,3.6822649720473364,3.0548294745649027
1296.4,15,14,15.022096407530542,13.980870674282398,15.075131912605794,13.84069704429151,3.5822649720473136,3.1548294745649255
1296.6000000000001,15,14,15.022320254526061,13.98360275288404,14.943314729530442,14.168080806007348,3.625271520182071,3.0713235867119084
1296.8000000000002,15,14,15.023757187060006,13.98508319063935,15.006446047067671,14.008130398136695,3.6362297984241922,2.9713235867118857
1297.0,15,14,15.024047144871188,13.98599918231139,14.992925297843092,13.933505615537024,3.536229798424283,3.0190858696475975
1297.2,15,14,15.023537196405416,13.986871608151063,14.940766210128867,14.019697766076902,3.579579456365008,2.9234684511869675
1297.4,15,14,15.024276143368517,13.986684368744253,14.931739695531453,13.987328332514991,3.596844031444053,2.9025446626938214
1297.6000000000001,15,14,15.024876425243793,13.986977113834936,14.954345895550576,13.936936080295776,3.6482417599057153,2.939633963354102
1297.8000000000002,15,14,15.025745595688134,13.988025210928269,15.156591994553379,13.839740563545256,3.571516963810995,3.0375195747528023
1298.0,15,14,15.025351075130095,13.99032431484839,14.8810480129975,13.817971957709346,3.5653238815865884,3.1375195747527114
1298.2,15,14,15.026172347983437,13.993309561249943,14.909614333498446,13.991419805522803,3.665323881586611,3.103864963051813
1298.4,15,14,15.028674429290414,13.99632836624876,14.956985757544874,13.839720307713065,3.765323881586634,3.1955008730977013
1298.6000000000001,15,14,15.03136108064604,13.999599502101663,15.191898486466195,14.18748372310071,3.675747359013666,3.1171837098342485
1298.8000000000002,15,14,15.032554762545297,14.001625921285015,14.952886264459702,13.95376625883869,3.6365673567171766,3.017183709834226
1299.0,15,14,15.03456965789999,14.002394443392088,15.035035070458902,14.03150953435013,3.704713905501354,2.9171837098343167
1299.2,15,14,15.036093293026866,14.002160778200269,15.112290876754901,13.884007542235874,3.604713905501331,2.9067184185276638
1299.4,15,14,15.036023220748088,14.002300805561546,14.954910012945598,14.028061061254617,3.546604719704077,2.8807237053135473
1299.6000000000001,15,14,15.036101779067417,14.00191475929897,15.046845317250373,13.931571044059035,3.5486204185073054,2.9140850553769404
1299.8000000000002,15,14,15.036669740796352,14.002075382178885,14.75510129996698,14.07236938658625,3.6474921703058847,2.8908181012720284
1300.0,15,14,15.038640447893885,14.001359012146695,15.028013497592301,13.980538380761676,3.6689216736055354,2.8067016487276537
1300.2,15,14,15.039565088558225,13.999612878731805,15.103378497059577,14.126099839286768,3.58947569840125,2.726709332865068
1300.4,15,14,15.039710472424945,13.99797334944856,15.183972325092157,13.802296980566144,3.545887792431919,2.8247716011658506
1300.6000000000001,15,14,15.03855501208328,13.997482538980305,15.23549706573817,14.071878400715656,3.446231633769051,2.8664238693766686
1300.8000000000002,15,14,15.036465935013668,13.99731899381248,15.025835416070029,13.831403195684198,3.4784737108626387,2.9410352114662266
1301.0,15,14,15.035727524606433,13.997924538338303,15.095265273773547,14.116439657152057,3.5225496564712366,2.919817042967062
1301.2,15,14,15.034192595885388,13.99746508750738,15.106764683414138,14.038817326541182,3.422549656471214,2.8198170429670393
1301.4,15,14,15.032008824607498,13.99615519583595,14.953595334508094,13.875752858127322,3.478810847973937,2.8339676636206557
1301.6000000000001,15,14,15.03106570455424,13.995348895393288,15.10195859342201,14.017936891005036,3.4880595033528756,2.805495688366093
1301.8000000000002,15,14,15.029570794815902,13.994281900807751,14.944852384595396,13.849871629768947,3.5100413259215317,2.8686899749926313
1302.0,15,14,15.028844878752093,13.994334638954367,15.205458172181789,13.973750147112801,3.4857517494736485,2.91475446292632
1302.2,15,14,15.0271517574349,13.994508192709397,15.038196519050038,13.993503444018126,3.490160579507431,2.9651573768213146
1302.4,15,14,15.026752571514665,13.995854671382514,14.895271341926424,13.972956750760977,3.5901605795074536,3.0651573768213374
1302.6000000000001,15,14,15.028031619525878,13.99845260687659,14.816045634379304,13.905356147160354,3.6901605795074763,3.164859097340589
1302.8000000000002,15,14,15.030988553953975,14.001085606535854,14.947697830937269,13.951739356138255,3.7849979941121323,3.068212767251615
1303.0,15,14,15.033865829070201,14.002463801545371,15.038655258343088,14.08413937449211,3.6849913058892216,2.968212767251706
1303.2,15,14,15.03602471955743,14.002587409643372,14.878777767044392,14.095141397404873,3.7358653059186957,2.8682127672516833
1303.4,15,14,15.03921854437548,14.001949788709219,15.064573741030085,14.101876736630933,3.7241993689886708,2.8930747035112
1303.6000000000001,15,14,15.041063848038192,14.00239517732168,15.024995018461508,13.849856643544143,3.624199368988648,2.9930747035112226
1303.8000000000002,15,14,15.041248993229132,14.004088305575662,15.014700636150248,13.868878477033359,3.5241993689886253,3.0789357445283048
1304.0,15,14,15.040557828641195,14.005604393827443,14.977517399540927,14.006946837498658,3.5605958832326103,2.9789391503424034
1304.2,15,14,15.040492195561228,14.005860381949093,15.203884150002986,13.989025632668382,3.515376056232897,2.8789391503423807
1304.4,15,14,15.039096272711566,14.005925220615307,14.942959792514353,13.732834645371021,3.4859655670579133,2.9633431386000555
1304.6000000000001,15,14,15.037709844828974,14.00723276377946,15.114178556057675,13.935198414465694,3.4336184064537467,3.0633431386000782
1304.8000000000002,15,14,15.034772268317253,14.009094055054689,15.119922291673067,14.031264884173577,3.333618406453724,3.0358413473382684
1305.0,15,14,15.031557596132238,14.010038679031219,14.824446746154074,13.959069002546789,3.4148991823681487,2.93613722157949
1305.2,15,14,15.030002616308314,14.009720170720374,15.101613121489757,14.045952738681676,3.5148991823681714,2.8377654296690276
1305.4,15,14,15.02950376181762,14.009391389876187,15.095737028950687,13.88353469201159,3.4941533431584966,2.9354716378674492
1305.6000000000001,15,14,15.02855414231953,14.009488504238577,14.980185251946175,14.011338533927157,3.545072731231191,2.8732668774212438
1305.8000000000002,15,14,15.029166349877041,14.008403997359624,14.876643133480334,14.07854307397089,3.6450727312312137,2.7993984630973636
1306.0,15,14,15.031107954850173,14.007601866934705,15.06357785121729,13.97089842175607,3.656861188535438,2.8978270973749924
1306.2,15,14,15.031929602742117,14.008057641601946,15.094899873936326,13.923094420233332,3.5775735418015286,2.997827097375015
1306.4,15,14,15.031429502270594,14.009284173251976,15.193140604300343,14.00297466467465,3.4788930579438513,2.9741004746909314
1306.6000000000001,15,14,15.029710160216235,14.009509137601937,15.003621421751722,13.93935659908466,3.4812636502766736,2.8910264674144934
1306.8000000000002,15,14,15.02926060504198,14.008615149419171,15.01440609100517,14.072392087038969,3.5812636502766964,2.7913512178734066
1307.0,15,14,15.030464804997477,14.00646877305317,14.970395518974781,14.02673865833473,3.6812636502766054,2.6950506180272757
1307.2,15,14,15.031754227767397,14.004338972362149,15.099621050073265,14.091913475989822,3.58770585785616,2.7921831067438245
1307.4,15,14,15.031628793324137,14.002399068095768,15.050251937696688,14.187297687846286,3.567019061050427,2.7076721290713293
1307.6000000000001,15,14,15.031778628089697,13.999246364466138,15.121093310311363,14.088395892792082,3.5313832232656632,2.639435666730366
1307.8000000000002,15,14,15.030416921834245,13.996465241563259,15.089119964137486,14.01464114209506,3.4313832232656405,2.7394356667303885
1308.0,15,14,15.028173179031683,13.994939502774647,14.97061042313144,13.98531968824367,3.4692311880737994,2.8394356667302976
1308.2,15,14,15.027432724671844,13.994525653176414,14.924937400006842,13.948397009768732,3.569231188073822,2.8738967178499015
1308.4,15,14,15.027861175357733,13.994619060391354,14.997745707616549,13.934556410448536,3.5613631066256675,2.968460050999489
1308.6000000000001,15,14,15.026995593735512,13.995907264426059,15.104610857895874,14.02822971847583,3.4613631066256447,3.041191699907349
1308.8000000000002,15,14,15.025444181549014,13.996914681907406,14.912497159297875,13.992829808537595,3.5136022872779344,2.9421238667982204
1309.0,15,14,15.025468785371649,13.9967142186731,14.926563141793917,13.92273500714666,3.6136022872778435,2.8827666168224018
1309.2,15,14,15.026569107483127,13.996973088402397,15.007030243230767,13.8213342259226,3.5949159377400797,2.9827666168224245
1309.4,15,14,15.027715663289747,13.997597949960722,14.909744030690304,14.147795545529984,3.680435323961464,2.9144581774208422
1309.6000000000001,15,14,15.030443857980133,13.997001003504112,15.077147978446586,14.126562587283054,3.7394605928888978,2.8144581774208195
1309.8000000000002,15,14,15.033697489517225,13.995502760349451,14.984022907523745,13.989927588446823,3.805906222258163,2.8002557636336904
1310.0,15,14,15.0377885754056,13.993517686381079,15.030601932193752,14.211167375913638,3.770892858574559,2.7025754254469634
1310.2,15,14,15.040402144783318,13.990894770587646,14.967690634434108,14.099722788839987,3.7007059811145586,2.741576698780917
1310.4,15,14,15.041841571762593,13.989418645663454,15.152728684809018,13.94887537297655,3.6038186409067157,2.8415766987809397
1310.6000000000001,15,14,15.041609180092582,13.988700315200527,15.089489916002455,14.120599379272292,3.503818640906693,2.8153636668670696
1310.8000000000002,15,14,15.04045476983149,13.98689658796482,15.15351691039728,14.188947526994996,3.537680114516595,2.715363666867047
1311.0,15,14,15.040768572352743,13.984513884949578,14.923356140364149,13.922755424503531,3.637680114516504,2.7619110360386565
1311.2,15,14,15.042605725601021,13.98330278202785,15.036625198735173,14.017996084158172,3.6824644016145798,2.8619110360386792
1311.4,15,14,15.043641332973685,13.98245990245163,15.160033799236768,14.08348322333164,3.582464401614557,2.793365630995942
1311.6000000000001,15,14,15.043002805046173,13.980461195423082,14.995145715561813,13.930106951422362,3.4824644016145343,2.739487783993039
1311.8000000000002,15,14,15.04069139352221,13.978714469130036,15.192419330682362,14.005262930139256,3.3824644016145116,2.754051598475542
1312.0,15,14,15.037668187259635,13.97685181334859,15.000963447199885,13.995549380544032,3.4339732132401,2.7698322736251266
1312.2,15,14,15.035802230032418,13.975359403330913,15.030903206635394,13.93192345670695,3.435218206698823,2.809876634110325
1312.4,15,14,15.03372680784706,13.974745610998644,15.007719047880009,13.84203918277133,3.4923787579687047,2.909571547179726
1312.6000000000001,15,14,15.033096086850607,13.975034302290553,15.006762369578722,13.957280511469333,3.552590450842578,2.903985189078518
1312.8000000000002,15,14,15.032025065938209,13.974852096909837,15.054434684453112,14.028518171412061,3.4569503876860366,2.9310395330486814
1313.0,15,14,15.030806698852722,13.97575416955303,15.037499549939406,13.956578362265065,3.5470022196078728,3.0310395330485904
1313.2,15,14,15.03125936076915,13.977544516429102,15.007418152941687,13.808022812088751,3.6470022196078955,3.0236416960564596
1313.4,15,14,15.032912774505904,13.978347643414,15.036504853454028,13.95489749610821,3.6405237297045168,2.923641696056437
1313.6000000000001,15,14,15.033265154949978,13.977975287188713,14.992308539235268,13.904601769924414,3.540523729704494,2.857492558281377
1313.8000000000002,15,14,15.032950152173953,13.976932723063564,14.825074843463659,13.923483915595517,3.5955382571345713,2.793376476336123
1314.0,15,14,15.033908365265356,13.976031029387318,15.149517744963612,13.987535250350223,3.610631349199475,2.887480334651381
1314.2,15,14,15.034284491662435,13.975887441681863,14.973676547719423,13.892318292463967,3.623940219415164,2.888572112249675
1314.4,15,14,15.03601150309069,13.976213862104778,14.945737017531131,13.824495923797302,3.7239402194151867,2.9851078283059604
1314.6000000000001,15,14,15.038726298967806,13.977797485863043,15.215570609658492,13.893152774652242,3.696267955357897,3.085107828305983
1314.8000000000002,15,14,15.040004753285405,13.980636063370373,15.025347549032599,13.86693641016601,3.5962679553578742,3.184690698985828
1315.0,15,14,15.039639628294424,13.983534586525103,14.993051537647561,13.870539719578895,3.496267955357965,3.090548030422871
1315.2,15,14,15.037646387597134,13.985170590811306,15.078875740363458,13.90815091710856,3.415984106832306,2.9905480304228482
1315.4,15,14,15.035979181689559,13.985542871853855,14.990139438593598,13.996857302391025,3.5159841068323288,2.8905480304228255
1315.6000000000001,15,14,15.035978792224938,13.984656731049892,15.010953192631261,14.080734951096426,3.6159841068323515,2.7905480304228027
1315.8000000000002,15,14,15.036516356662093,13.983240508819067,15.112626632627686,13.958037543285533,3.552134106579328,2.8422989633618982
1316.0,15,14,15.035439423310802,13.983007756518605,15.021153953609458,13.982561214741875,3.452134106579419,2.9422989633618073
1316.2,15,14,15.033781174936184,13.9840261208599,14.872486006206064,13.8357921895782,3.512831691033891,3.04229896336183
1316.4,15,14,15.03373875489819,13.986256716668207,14.871573351976227,13.910480184475285,3.6128316910339136,3.1081241406076874
1316.6000000000001,15,14,15.035375596812054,13.988091775070444,15.00371806811811,13.934655217203852,3.7127425678523434,3.0081241406076646
1316.8000000000002,15,14,15.037057494180086,13.989117714492021,15.067743755719876,13.959138298100532,3.615296681413525,3.027199309870819
1317.0,15,14,15.037357266452606,13.990270771346932,14.966737540570998,14.026744828597876,3.5966644734014435,2.956030344686918
1317.2,15,14,15.038085190335734,13.99046304096563,15.136183831776039,13.970114270486484,3.5713331292705472,2.948766394223034
1317.4,15,14,15.03749180901619,13.990689695744093,15.06697991567279,14.156731970895493,3.500657615300967,2.8834253257249056
1317.6000000000001,15,14,15.037264234190477,13.99027941592254,14.948690705763997,13.929293817830198,3.599748747811664,2.919709037104173
1317.8000000000002,15,14,15.038701451461726,13.990997574194116,14.909334351053166,13.847141612961048,3.699748747811687,3.0174552114041884
1318.0,15,14,15.041299607543811,13.992694211308585,14.999137666367531,13.89907340120756,3.6893725587557906,3.083287671827571
1318.2,15,14,15.042574381226785,13.994236978924778,15.110645790474653,14.040844294289412,3.589372558755768,2.985330894872617
1318.4,15,14,15.042190586663834,13.995036944729506,15.152058318372283,13.970888235908006,3.489372558755745,3.013432005764662
1318.6000000000001,15,14,15.041583471353484,13.996581846400257,15.012195017161167,13.980468365987182,3.5747440469283807,3.008846136249899
1318.8000000000002,15,14,15.042640276180787,13.997153423660361,15.01289870595035,13.975890196531287,3.6747440469284034,2.9088461362498763
1319.0,15,14,15.044843806764208,13.997236447638723,14.938647756780718,13.965758373252733,3.6635545263179528,2.9649515012131356
1319.2,15,14,15.046573051780895,13.998516497820997,14.982052852404976,13.966603773365625,3.7075268872202036,3.0649515012131583
1319.4,15,14,15.049842345887548,14.000546223788687,14.9849033989326,13.955621017793208,3.8075268872202264,3.037975745633769
1319.6000000000001,15,14,15.053600369360401,14.002222361900937,15.000589865207338,14.02782581427677,3.7393417461725496,3.0905611792929366
1319.8000000000002,15,14,15.05574065648424,14.00409592021346,15.050581846243364,13.965567748404682,3.639341746172527,3.013176543361484
1320.0,15,14,15.0563816013858,14.00472833869856,14.971500532524306,13.881141653459967,3.6014855790607454,2.913176543361575
1320.2,15,14,15.057807725306883,14.004563222194182,14.885602182503492,13.968662339377847,3.665025411640378,2.922212712401556
1320.4,15,14,15.060328905548397,14.00435786003949,15.016452872510062,13.98282173132718,3.762371918791235,2.864940979935085
1320.6000000000001,15,14,15.063793479680365,14.003140462680578,15.008406535312186,14.13843107883866,3.7321288629053266,2.765130450549316
1320.8000000000002,15,14,15.065776616552643,14.00125398055906,15.069848975362065,13.862793025544507,3.632128862905304,2.8009049713050254
1321.0,15,14,15.0660820237214,14.000498203661776,15.040783681315535,14.068875967994225,3.532128862905395,2.9009049713049344
1321.2,15,14,15.065819037681365,14.000997237097433,14.968413609273263,13.953951712983862,3.594448531701691,3.000904971304957
1321.4,15,14,15.066595181530442,14.002234524399665,15.197802702704072,14.026898315409849,3.577156224220292,2.972803857935107
1321.6000000000001,15,14,15.065995706456217,14.002375582804135,15.102236599745478,13.96836958832724,3.4771562242202694,2.872803857935084
1321.8000000000002,15,14,15.06373202937131,14.00125721516199,15.22983897039953,14.066609746050643,3.3771562242202466,2.7728038579350613
1322.0,15,14,15.059981412177846,13.9988786905236,15.156149702001661,14.177826379219088,3.343063267309094,2.6728038579351523
1322.2,15,14,15.055991566981106,13.995851299727999,15.224715969121103,13.908010701128637,3.27717931577607,2.712216549831299
1322.4,15,14,15.050914169789664,13.99395943432936,15.175336704168162,13.962723365556426,3.255244102951292,2.8122165498313216
1322.6000000000001,15,14,15.046593807597013,13.992446463073524,14.98296172237093,14.127950710705889,3.354262150085927,2.745832018668633
1322.8000000000002,15,14,15.043934903464827,13.989951814899735,14.923011743017813,13.990107292718983,3.45426215008595,2.733780656497581
1323.0,15,14,15.042792133659225,13.988318930525521,15.074679729487249,13.952818913389413,3.4962701332195034,2.83378065649749
1323.2,15,14,15.040821712324924,13.987842834390324,15.069527260417962,14.12265888042221,3.3962701332194807,2.878027424741443
1323.4,15,14,15.038744775959492,13.987887861071126,14.890595926577104,13.879437429115498,3.489390329117115,2.967595359378231
1323.6000000000001,15,14,15.038146829921752,13.988819736920703,14.982827212781293,13.912815904478014,3.5213134256685596,2.960369980533538
1323.8000000000002,15,14,15.036998255147768,13.988885028782308,14.99610864961037,13.982094947625521,3.5166625212024507,2.922669670988785
1324.0,15,14,15.035590208542004,13.989606283007063,15.134188012943483,13.908558762132573,3.429127227300169,3.022669670988694
1324.2,15,14,15.033476238663718,13.991428348620078,14.974152556799597,13.978007111731953,3.4786075981695923,3.0541158272952074
1324.4,15,14,15.032617915086698,13.992529641152423,15.153690876679928,13.951126405039613,3.4911026125256344,2.9541158272951846
1324.6000000000001,15,14,15.032021918019572,13.99330742507414,14.937614151555092,13.851354650787053,3.573928152610805,3.0268193192115325
1324.8000000000002,15,14,15.032549550557357,13.9945716183352,15.134863357648344,14.168587252796408,3.5602933800246723,2.9729928209348837
1325.0,15,14,15.032014009303712,13.994691963438285,14.899195445054291,13.882514192495957,3.542921008110523,2.9119262319390367
1325.2,15,14,15.032125838157185,13.994197614561308,14.924227570729581,14.063751240176495,3.578412157253226,2.828665935481687
1325.4,15,14,15.0316813794356,13.992457444110416,15.104965162482067,14.20425578165034,3.4834947829597347,2.7286659354816645
1325.6000000000001,15,14,15.030778750279506,13.990475180460276,14.941536977947589,13.832205654437294,3.5542639402886023,2.80822448840182
1325.8000000000002,15,14,15.031453091028652,13.98964522121553,14.99984559418893,14.058148824124459,3.6218545497792602,2.8539071445743853
1326.0,15,14,15.03162458705817,13.988228206676272,14.963314508483617,14.129872726568024,3.521854549779351,2.7539071445744763
1326.2,15,14,15.030120527163556,13.985939082743318,15.181824053973454,13.97286127588804,3.4218545497793285,2.764163183453955
1326.4,15,14,15.02726849612111,13.98465135569192,15.004081635816268,13.93118613713071,3.4098201330545823,2.864163183453978
1326.6000000000001,15,14,15.025557211114846,13.984615479402096,14.892591695697668,14.028657093379383,3.500521780773871,2.9641631834540005
1326.8000000000002,15,14,15.02372936963655,13.98583079838216,15.096182213539478,13.79147468776701,3.401918474276555,3.0641631834540233
1327.0,15,14,15.020258719267204,13.988205604320436,15.272600844394486,13.97267155305214,3.301918474276646,3.1116555411049807
1327.2,15,14,15.01563489967582,13.990143199351786,15.033750559572283,14.021435369750337,3.309591779242915,3.0666652856483587
1327.4,15,14,15.012348297632338,13.992565366157516,14.935837516041085,13.783523338667482,3.4095917792429375,3.163131537801394
1327.6000000000001,15,14,15.010753388127476,13.995068567106324,14.956239794776259,13.913691920052699,3.5095917792429603,3.0708516688889143
1327.8000000000002,15,14,15.010839684174682,13.996312310033833,14.84824747458693,14.043102998788443,3.609591779242983,2.9708516688888915
1328.0,15,14,15.011493283581915,13.99629904859193,15.214098796865464,14.102994117247668,3.5467124695173196,2.8708516688889825
1328.2,15,14,15.011074781290837,13.99544049002291,14.842739535892003,13.96047327750992,3.5607667318562397,2.8851821417131913
1328.4,15,14,15.011600200010829,13.995607947304311,15.203133646708755,13.955487411523585,3.5613568744554818,2.985182141713214
1328.6000000000001,15,14,15.01101044745636,13.99626145916774,15.012742536505527,13.982539638341082,3.515822560269413,2.9288258628764545
1328.8000000000002,15,14,15.010150169538557,13.995716659932016,15.053893131704367,14.139138286617333,3.456461082578318,2.828825862876432
1329.0,15,14,15.008575942564251,13.99391438905569,15.062246314899918,14.098322507688907,3.502267620397092,2.7288258628765227
1329.2,15,14,15.008531842894433,13.991305271551536,15.012933644737089,13.8781730250497,3.602267620397115,2.748119910385779
1329.4,15,14,15.009308398165938,13.989481658235846,15.051245962353489,14.006849099910534,3.5611879598455736,2.755199911292799
1329.6000000000001,15,14,15.008681184853996,13.987601945210837,15.11636602035201,13.818112113332418,3.5138049828027804,2.8183756450501596
1329.8000000000002,15,14,15.008795696394351,13.986936965093784,14.892290671429054,14.014486285265962,3.613834406753783,2.918366270831824
1330.0,15,14,15.010434728124153,13.98636299376398,15.056678802341686,14.054904446432161,3.6565927361801944,2.825578657419096
1330.2,15,14,15.011710934261659,13.984982712032318,14.951082835328739,13.810324977920194,3.662194497140006,2.844382010293671
1330.4,15,14,15.013643339748317,13.984656408406499,14.819580137778376,13.821544273222916,3.6522254247740666,2.944382010293694
1330.6000000000001,15,14,15.014371121499593,13.98514052024614,15.126890488822802,14.038466998832988,3.5522098108417497,2.924979917336821
1330.8000000000002,15,14,15.013436387840176,13.984764978149864,15.156767925519832,14.009192824861303,3.4546264121728196,2.9034078434626642
1331.0,15,14,15.012523345435492,13.98496617805313,15.064147691842601,13.964608762442467,3.553282452655848,2.9354989222292396
1331.2,15,14,15.013276693575124,13.984527455272298,14.923360570367764,13.972583708068655,3.653282452655871,2.835637161230576
1331.4,15,14,15.014975132592058,13.982837124642808,15.007635622242542,14.164584241988027,3.6227094022283457,2.7356371612305534
1331.6000000000001,15,14,15.015193054099399,13.980603174954638,15.135150396960887,14.064783541032027,3.522709402228323,2.785617667425013
1331.8000000000002,15,14,15.013741022069842,13.979548527330149,15.08188384604386,13.833798475592797,3.430683157095285,2.8856176674250356
1332.0,15,14,15.012018545889978,13.97974676512022,15.157053615266328,13.990462647122149,3.480810059536928,2.9856176674249446
1332.2,15,14,15.011540553288576,13.980220512940006,14.913066618342533,14.030638585540057,3.580653138533146,2.909354463083885
1332.4,15,14,15.012723782518789,13.979537424237646,14.919491719084311,13.996940279484475,3.6750775340424284,2.8361089632989303
1332.6000000000001,15,14,15.013836878034644,13.979071699654382,15.060204660926022,13.985332825567843,3.576709963708795,2.9326675905799107
1332.8000000000002,15,14,15.014261151933047,13.979722312556076,14.872834112447798,14.024065922753174,3.6297430641899013,2.9829524427661687
1333.0,15,14,15.016260709669393,13.979897518731711,14.97778429154356,14.096653687454927,3.7297430641898104,2.8836724067379262
1333.2,15,14,15.019014729630884,13.979348992884002,15.029794236040233,13.788260095518606,3.6825258561287693,2.913190074187565
1333.4,15,14,15.020214436433255,13.979488373960022,15.023272268583199,14.207792985197068,3.5825258561287465,2.8980704083750273
1333.6000000000001,15,14,15.020319889725307,13.978721000059753,14.951444807481549,14.018543291717384,3.5997599128356885,2.860415775357531
1333.8000000000002,15,14,15.020663886288505,13.978072246943773,15.011108925900212,14.107624788353732,3.5345836353378735,2.8287911689236394
1334.0,15,14,15.020333513914041,13.977001708267386,14.876773516500025,13.853257156328302,3.5851506500559016,2.8766317041538727
1334.2,15,14,15.021562392827114,13.97689758026359,15.107007507547705,13.873863646471627,3.6851506500559243,2.8956902425876776
1334.4,15,14,15.022972543321178,13.976648504824185,15.120701750507932,13.892568019579656,3.5966468325805603,2.940932499953106
1334.6000000000001,15,14,15.02272510970252,13.977561195634102,15.046933595073469,13.883227611790693,3.4966468325805375,3.040019407370878
1334.8000000000002,15,14,15.0216104781428,13.979450998058837,15.040995202569064,13.949162652746052,3.5338606027796176,3.098017455854546
1335.0,15,14,15.021735039403538,13.981120647482115,15.056709660689297,13.895664064989072,3.552179137665441,3.002138214954776
1335.2,15,14,15.020786580190133,13.98153177911579,15.122312269025294,14.081388068579987,3.4521791376654183,2.9021382149547534
1335.4,15,14,15.019197804513665,13.981194162990752,14.986008837116266,13.876865454712846,3.5086953739775355,2.929624316989236
1335.6000000000001,15,14,15.018634494781256,13.981333539945258,15.154090244780177,13.990778617823207,3.492224275147127,2.895967370631077
1335.8000000000002,15,14,15.017478291508798,13.981620713540174,14.928712491605134,13.824911948322951,3.5288608326538506,2.9929314433127105
1336.0,15,14,15.017539914926324,13.982578715813814,15.120158889872679,14.096349513050411,3.545658065914399,2.9568463302929993
1336.2,15,14,15.017257935408596,13.982538176437346,14.902318955876543,13.99420954191254,3.579766012575408,2.9213069184720744
1336.4,15,14,15.018458948309657,13.982116957698228,14.81533030707162,14.090057554882165,3.679766012575431,2.8376014320749925
1336.6000000000001,15,14,15.020598987533562,13.98078341321898,14.988122500846632,13.92979833992964,3.648752578545861,2.8401297302157973
1336.8000000000002,15,14,15.021263020948231,13.980412216705085,15.053009738227157,13.83721096098451,3.5487525785458383,2.94012973021582
1337.0,15,14,15.020265274384345,13.981024392725985,15.125050434749344,14.048491035099302,3.448752578545929,2.947168605614217
1337.2,15,14,15.017668784708965,13.980735275085314,15.06382879782306,13.980260361072144,3.385870487430259,2.8471686056141943
1337.4,15,14,15.01427829022143,13.979292957878846,15.05444444161096,14.053112997179321,3.305377267663783,2.805410692338343
1337.6000000000001,15,14,15.010760774275857,13.977282171313911,15.037945492550731,14.138497693730557,3.396450642526893,2.710983498941039
1337.8000000000002,15,14,15.008897223589186,13.97477498268137,14.993200100076024,13.978057039408432,3.496450642526916,2.7664914332697803
1338.0,15,14,15.008392705411447,13.973463200293992,15.124647697859107,13.929954986064606,3.5119481546345184,2.8664914332696894
1338.2,15,14,15.007704129968252,13.973407327170435,14.965334749198973,13.943374711329508,3.5611493192963923,2.966491433269712
1338.4,15,14,15.008578615986632,13.974606198232658,14.85072957072084,13.936669066708067,3.661149319296415,3.066491433269735
1338.6000000000001,15,14,15.010950910149642,13.976263739802027,15.058775185182895,13.964820342942417,3.696309653347814,3.007180554763331
1338.8000000000002,15,14,15.013520869945433,13.977197133182642,14.887144967114809,14.060218063686838,3.758831380405233,3.030510109578213
1339.0,15,14,15.017697905164567,13.978684107158664,14.925772910136217,13.993707471833668,3.858831380405142,3.0016239528187705
1339.2,15,14,15.022150370284814,13.979080683892823,14.972998349293286,13.97912511398186,3.776467142117092,2.9016239528187477
1339.4,15,14,15.024940255521194,13.978437414929965,15.013006006194331,13.88686134887477,3.6764671421170694,2.8831667305528255
1339.6000000000001,15,14,15.026058116130029,13.9786138602997,15.071735585857372,13.99150733565118,3.5764671421170466,2.983166730552848
1339.8000000000002,15,14,15.026928923827477,13.979084124480847,14.981168550283007,14.068177835141567,3.6608110243139755,2.908145980154642
1340.0,15,14,15.029054880119856,13.978825799360044,14.918469734596973,13.963038035388374,3.685146398371711,2.934933025672143
1340.2,15,14,15.031963411650931,13.97935670067828,14.780675218679091,13.980929331311764,3.784359592091464,2.9369378106452
1340.4,15,14,15.036504748882672,13.980107176357283,14.9141435297732,13.927056723565196,3.8593944441839176,3.0276155557427242
1340.6000000000001,15,14,15.040653211203148,13.981839426265937,15.139016351578633,14.039734767680732,3.759394444183895,3.0336133038886137
1340.8000000000002,15,14,15.043137464575441,13.982671837253742,14.884629763400477,14.077032913468127,3.659394444183872,2.933613303888591
1341.0,15,14,15.043954032462448,13.982250294014545,15.165967071654041,14.128628138035303,3.559394444183963,2.833613303888682
1341.2,15,14,15.043449793037258,13.980790479200428,14.949167720810925,13.900839217383307,3.5171866796603792,2.8165993586100186
1341.4,15,14,15.041895613647927,13.98015660463906,15.128969268574652,13.855419900811627,3.4176826037141814,2.9165993586100414
1341.6000000000001,15,14,15.03922375448342,13.980773561163074,15.049906421240058,13.810973843141428,3.4315621771456866,3.016599358610064
1341.8000000000002,15,14,15.037923501762188,13.98262107611407,14.84758112869401,13.880313194827378,3.5315621771457093,3.0926858103399804
1342.0,15,14,15.037863757367361,13.984180392233503,15.217441179396191,13.991319098170925,3.5287622744445986,2.9926858103400713
1342.2,15,14,15.036541011067907,13.984479634900172,15.188368550813177,14.010662591074475,3.428762274444576,2.8926858103400486
1342.4,15,14,15.034336619487048,13.984000536128496,15.034389934321032,14.090561117002446,3.465534328894757,2.9165781523088574
1342.6000000000001,15,14,15.033325453512582,13.983588716712676,15.11800006758486,14.091736639852984,3.4794246235916977,2.8378239264674274
1342.8000000000002,15,14,15.03118687420136,13.98193346694964,15.071815429824284,14.107871275139813,3.379424623591675,2.737984404777931
1343.0,15,14,15.028866052786523,13.980267095003354,15.072827448618831,13.890104367161662,3.468453017726589,2.837088230059671
1343.2,15,14,15.027932780836418,13.979855338160156,14.956698740565413,13.986800800369693,3.4879446018832616,2.9370882300596937
1343.4,15,14,15.026589775347295,13.98007768270584,14.983498396156664,14.107673799822507,3.4856350009168215,2.8966870339883988
1343.6000000000001,15,14,15.025329745509682,13.979152758602623,15.031363522766284,14.045363794647646,3.4772201482337444,2.796687033988376
1343.8000000000002,15,14,15.02480234653874,13.97697213340873,14.883487443815406,14.107045313393778,3.576545958019015,2.6966870339883533
1344.0,15,14,15.02565125427036,13.974454999078667,15.085419122828453,13.838984306867028,3.5958001907153414,2.7673114266688983
1344.2,15,14,15.02541385114606,13.973171572089015,15.092106808374506,13.889206615667202,3.4958001907153187,2.867311426668921
1344.4,15,14,15.023511223000899,13.972997417980006,15.107660843792392,13.99927657912153,3.395800190715296,2.899358351100474
1344.6000000000001,15,14,15.020962789411877,13.972110487571568,14.950543557864373,14.131158745064216,3.4518195411013384,2.799358351100451
1344.8000000000002,15,14,15.019979505459979,13.969980603855637,15.032688117132087,14.063041225961529,3.5327248029604945,2.720479848545793
1345.0,15,14,15.020189228116491,13.96806175654383,14.853993970997772,14.030770795563171,3.623060569467258,2.808530269357308
1345.2,15,14,15.021934928828912,13.967292416201255,15.101793222064188,14.032734520964386,3.673433284674239,2.9081443158109934
1345.4,15,14,15.02296442439687,13.967782580244492,15.012658031036489,13.884524355552522,3.573430863092612,3.008144315811016
1345.6000000000001,15,14,15.022337610139461,13.969526682496127,15.142998236229722,13.825644566931588,3.4734308630925894,3.108144315811039
1345.8000000000002,15,14,15.020067695535229,13.97234313081292,15.101086268179653,13.959453636178068,3.3734308630925667,3.133453121285339
1346.0,15,14,15.01640626867573,13.97446173258483,15.027453440864754,13.922121209828134,3.350156202527103,3.0680148005061145
1346.2,15,14,15.013799533012534,13.975675582791201,15.06320745825407,14.004584474965078,3.450156202527126,2.968451562817182
1346.4,15,14,15.012868213929176,13.975627934908209,14.811832159811287,13.993899278857068,3.5501562025271487,2.8695241486021015
1346.6000000000001,15,14,15.013601681587527,13.975582578946526,14.854693807343882,13.946616707352344,3.6501562025271714,2.9686477874970105
1346.8000000000002,15,14,15.01587290923283,13.976622169938334,14.977573248248667,14.026813915153632,3.694740952306624,2.9944779250167386
1347.0,15,14,15.017886010070836,13.977507757886215,14.836736649940192,13.883929738270933,3.7081074649839176,3.032864887715467
1347.2,15,14,15.019860142474514,13.978697528945137,15.250744203304084,14.025510839116242,3.6250993970133822,2.970046346980811
1347.4,15,14,15.020332236557216,13.979707801209466,15.030863615769626,13.960457929446616,3.584492177519269,3.05138105346561
1347.6000000000001,15,14,15.02081360503483,13.981960351377065,15.147777912569435,13.936395573281194,3.5421582498662194,3.1513810534656326
1347.8000000000002,15,14,15.020501350129088,13.984442221607418,14.990435471795761,13.93792081387371,3.5731308194223743,3.0711285167247966
1348.0,15,14,15.02099314513024,13.9856763931272,15.1701433190587,14.114985886321026,3.5457490902657014,2.9711285167248875
1348.2,15,14,15.02014723164046,13.985652196599782,14.941899675495577,14.037086004537572,3.495332100933971,2.871426105333534
1348.4,15,14,15.020022577100434,13.984375031925877,14.897596038918039,14.193022402767651,3.5953321009339936,2.7714526464202542
1348.6000000000001,15,14,15.021549137938752,13.982316926694338,15.034890693579525,13.919517517445415,3.6953321009340163,2.79385280192861
1348.8000000000002,15,14,15.02351484711629,13.981332849997337,15.143746112684621,13.826214330924653,3.624849645124464,2.8938528019286327
1349.0,15,14,15.023864144464605,13.981607649741377,15.058651466895977,13.796627141490562,3.5452096458042264,2.9938528019285418
1349.2,15,14,15.023250755202975,13.983135946904534,15.024563518047497,13.991542674903606,3.469072926994903,3.0938528019285645
1349.4,15,14,15.02101590196093,13.985727570361881,15.19286274727476,13.952889188644447,3.3690729269948805,3.117187112765567
1349.6000000000001,15,14,15.017141612591155,13.987529038696168,15.195419956483533,13.984445667965863,3.2690729269948577,3.0171871127655443
1349.8000000000002,15,14,15.013061132929327,13.988294509548895,14.89484495093284,14.023966666242819,3.354910807268677,2.992026052849332
1350.0,15,14,15.010651199100446,13.988519798741374,14.869980756566013,14.115598385544931,3.454910807268586,2.893372652002916
1350.2,15,14,15.009908962227687,13.987760057763811,14.95836651143269,13.942529365175803,3.554910807268609,2.8868116449582
1350.4,15,14,15.010828658549233,13.987486781977992,14.98973135083677,14.099512971373098,3.6549108072686316,2.87203062985468
1350.6000000000001,15,14,15.013404105944963,13.986189964553686,14.951461886331728,14.18985863492373,3.7549108072686543,2.7720306298546573
1350.8000000000002,15,14,15.016869179079093,13.983647162422088,15.024785475167535,14.121982954243258,3.7203713020115283,2.6720306298546346
1351.0,15,14,15.018820333593151,13.980770250731743,15.068325173382936,13.957047954488047,3.6203713020116193,2.7423184934484697
1351.2,15,14,15.01976596034026,13.97912877007104,14.943739564954177,14.015970821167457,3.6479505330889417,2.8423184934484924
1351.4,15,14,15.022098199578842,13.978140958599534,14.937890247933215,14.070279289335721,3.719676911242086,2.821951663560369
1351.6000000000001,15,14,15.023998058260743,13.977466962962426,15.08046358135254,13.987580504441505,3.619862769693707,2.918324563839959
1351.8000000000002,15,14,15.024232772734404,13.977188826511295,15.059603845526258,13.967300704519996,3.5281622677641575,2.852677831321081
1352.0,15,14,15.024590064519717,13.976319356688508,14.874452275918948,13.971693753897119,3.627704257181722,2.893919986117851
1352.2,15,14,15.026511671724096,13.97628127879735,14.968006271784489,14.053647256279158,3.6804995911050393,2.893125229131817
1352.4,15,14,15.027736641958386,13.975918530309032,15.085906269239166,13.934112888886329,3.5804995911050166,2.9334456587729423
1352.6000000000001,15,14,15.027491967709654,13.976700077399764,14.989607716578316,13.9793080381544,3.5488377800051993,3.033445658772965
1352.8000000000002,15,14,15.027559332061905,13.97811624016124,15.032477033498143,13.994426977445308,3.52478226237309,2.993156751957399
1353.0,15,14,15.026847712055137,13.978461444700763,15.046956527915887,13.87448485262705,3.5332740066488677,2.9410952600322484
1353.2,15,14,15.026827955247592,13.978116706231836,15.00234924258061,13.973337512798183,3.574870269480292,2.844470927425958
1353.4,15,14,15.02639539516089,13.977052870525858,15.118775472670222,14.00546980883283,3.480149863660099,2.8750278886707963
1353.6000000000001,15,14,15.024300826597981,13.976753109187566,15.153222463370009,14.0981155186776,3.380149863660076,2.871244360018942
1353.8000000000002,15,14,15.021163997414357,13.976365321175749,14.962574890643433,13.961421036897596,3.4018598410599004,2.938842818311808
1354.0,15,14,15.019446588240042,13.977194534588364,14.983637313403847,14.010514933731987,3.5018598410598094,3.038842818311717
1354.2,15,14,15.019129061572297,13.97927455421214,15.042044576181071,13.928092773404718,3.5246590356786007,3.1388428183117396
1354.4,15,14,15.019441001998892,13.982598168010156,14.859585990920479,13.995135566155762,3.621702114127783,3.2257400123464577
1354.6000000000001,15,14,15.021438467699351,13.985757696885013,14.801120611150145,13.97014590403581,3.721702114127806,3.1257103908091977
1354.8000000000002,15,14,15.02375232657582,13.987660140658765,15.209852422305556,13.94155901441549,3.640981560005466,3.025710390809175
1355.0,15,14,15.024421694713892,13.988521474436201,15.1289002373279,13.862155685422653,3.540981560005557,3.0085129063428777
1355.2,15,14,15.024390111127797,13.99000394714655,14.855381082079,13.88487138410466,3.5925521375171408,3.0286193981343796
1355.4,15,14,15.025570856964425,13.990681827009064,15.176486961454968,13.972063838879496,3.599323054045689,2.928619398134357
1355.6000000000001,15,14,15.025559494651036,13.990104240198928,15.200116735054191,14.058860776772931,3.499323054045666,2.828619398134334
1355.8000000000002,15,14,15.023990516486975,13.988728388155142,14.978288488413186,13.860073834262769,3.4512607492094767,2.8493783350530437
1356.0,15,14,15.022724117479441,13.988406474615708,15.05516137101085,14.06490959567753,3.452160052184009,2.9397171545314897
1356.2,15,14,15.020260222694127,13.988004858867257,15.125307558191185,14.006323899114117,3.3521650399550404,2.848383417770073
1356.4,15,14,15.016777010417597,13.987438931016003,14.986071578033837,14.05150506868801,3.37621796942872,2.920036963621473
1356.6000000000001,15,14,15.014687482779042,13.987991733092732,15.02932038181152,13.769129463503385,3.4455911033442317,3.020043148746869
1356.8000000000002,15,14,15.0137644939481,13.989781425497862,14.905910879696258,13.934203462599093,3.543095699539919,3.0996786748585383
1357.0,15,14,15.014519740659724,13.991323794600218,14.906131748036445,14.024466040963736,3.643095699539828,2.9996786748586293
1357.2,15,14,15.01675170497648,13.991617112801817,15.019669595914161,13.96618459750331,3.6754618643873758,2.913163734615547
1357.4,15,14,15.0191332763022,13.992077135542452,14.86227542109878,14.0160855405634,3.7373097506185338,3.0131561220388003
1357.6000000000001,15,14,15.022782993662096,13.992661226683133,14.981230546498763,14.124057807050047,3.7479461075772784,2.922932248782806
1357.8000000000002,15,14,15.025267819580066,13.991998335187992,15.129358124603055,14.1173244402988,3.6479461075772557,2.8229322487827835
1358.0,15,14,15.026275931122296,13.990091178210424,14.927974668995581,14.113344133671355,3.6175692214844646,2.735079083726579
1358.2,15,14,15.027363147128222,13.987113883819148,15.127926794201198,14.156601484517232,3.5739421115587016,2.637749574578402
1358.4,15,14,15.02689316518356,13.983482747058275,15.040132007693039,14.061709004484461,3.473942111558679,2.675300211169818
1358.6000000000001,15,14,15.02474112155547,13.980988354319152,15.081285950895612,13.877711497870196,3.373942111558656,2.775300211169841
1358.8000000000002,15,14,15.022486339244505,13.979622345611759,14.77747961285476,14.039793373448685,3.4679859993195308,2.8119514319424024
1359.0,15,14,15.021890133221476,13.978421111752803,14.932669794604688,13.891603173711522,3.5638748620790213,2.8750053447511825
1359.2,15,14,15.021223311089551,13.978433279369202,15.118530809423097,13.966762699590195,3.4638379588060753,2.9750053447512053
1359.4,15,14,15.01935558493289,13.97890650535096,15.003864856988349,14.157427868712913,3.4685192520154176,2.916319231952189
1359.6000000000001,15,14,15.018192858612538,13.978186451883374,15.230613109264247,13.96301711148476,3.4498633134094407,2.836277095004417
1359.8000000000002,15,14,15.015674856466436,13.976650346821035,15.080581804715282,14.125706948128157,3.3776379562880474,2.7532289817388222
1360.0,15,14,15.012925644745332,13.974480027470015,15.044340211455884,13.984642998100245,3.395733856864272,2.793132394304948
1360.2,15,14,15.009631341408191,13.973449596422267,15.090177259400377,13.977460284133711,3.311287508389998,2.893132394304971
1360.4,15,14,15.0047739446383,13.973437816062614,15.11402637493925,14.042270336871116,3.211319996742958,2.907652555824335
1360.6000000000001,15,14,14.999462640232233,13.973450615903939,15.0845580500394,13.880306203022707,3.280732717933236,2.975035416360406
1360.8000000000002,15,14,14.995565279429638,13.973964922245587,15.157126679087497,14.104462550860823,3.3065104558234246,2.9246260607858825
1361.0,15,14,14.992108950103251,13.973567354093545,14.808930734725514,13.964742047750503,3.3921865485542404,2.9182240670139614
1361.2,15,14,14.990316632961116,13.973445501993412,15.02227166153805,14.072853942147638,3.492186548554263,2.877764800107759
1361.4,15,14,14.990189074622723,13.972180474717284,14.853504146829971,13.991040820335167,3.592186548554286,2.786410318453349
1361.6000000000001,15,14,14.991582566766235,13.971025811740791,15.000823660714548,13.927579857793168,3.6355235876937533,2.886410318453372
1361.8000000000002,15,14,14.993146783766939,13.970692493838717,14.959307556815848,14.044980402763171,3.689528469241956,2.868230382476414
1362.0,15,14,14.996278092442266,13.969850118560908,14.912196692789173,14.068786346514646,3.789528469241865,2.8874244193031258
1362.2,15,14,14.999735535140685,13.968756283182199,15.169026776860106,14.07992941384967,3.7111602470722787,2.789732249768254
1362.4,15,14,15.001529568891637,13.966560745795489,15.011611835172507,14.022741388079632,3.611160247072256,2.7576938173079477
1362.6000000000001,15,14,15.00171960651893,13.965079715006523,14.967067097737734,13.978960534544182,3.541194622849203,2.8576938173079705
1362.8000000000002,15,14,15.00230250002235,13.964821583961928,14.991564358472633,14.143400915638596,3.639581581866823,2.9311783916485745
1363.0,15,14,15.00392992658398,13.965264216623915,14.959232710891786,13.982227325756265,3.617775407508537,2.994491675735126
1363.2,15,14,15.00508783050521,13.965535560664396,15.006124788378656,13.99765036930653,3.648631083536048,2.8967546294555757
1363.4,15,14,15.005854599738184,13.964553969809963,15.178689075666709,13.98498152027354,3.5509192023042853,2.796754629455553
1363.6000000000001,15,14,15.00539148797682,13.963449329265524,14.951983318477364,13.888807506211867,3.5537160903142166,2.886489855747958
1363.8000000000002,15,14,15.006094084278168,13.963598451135207,15.002084870833823,13.979095203075305,3.6169165013112976,2.9864898557479806
1364.0,15,14,15.00629360856655,13.964637301229324,15.281567436451398,13.797488252787254,3.5170989834927644,2.9785645014729383
1364.2,15,14,15.004835831594582,13.964683817689961,15.093830893096118,14.050776629967402,3.4170989834927417,2.8785645014729155
1364.4,15,14,15.002765088683951,13.963971403036581,14.791567923435078,13.926178559162157,3.47577704039122,2.904806673703285
1364.6000000000001,15,14,15.002291995590967,13.964341816212258,15.043656831730004,13.897126170056595,3.575777040391243,3.0048066737033077
1364.8000000000002,15,14,15.003489936688226,13.965226583503101,14.919025559852043,14.032978168708471,3.6757770403912655,2.9512366242571093
1365.0,15,14,15.005303164903161,13.965446266482292,15.130026581552581,13.942893161150336,3.6170269950302485,2.979987759926882
1365.2,15,14,15.005525493483054,13.96676005120439,15.079756199699972,13.978562872098344,3.5170269950302258,3.072572418060455
1365.4,15,14,15.004577317942518,13.967985713003428,14.942230654057514,14.01696767372188,3.5245783951322607,2.973076845892588
1365.6000000000001,15,14,15.004708426913611,13.96798297275345,15.0535382659613,14.02000849037864,3.549194403686048,2.903964017185835
1365.8000000000002,15,14,15.004546732441245,13.96719060686094,14.990953468664387,14.05717568291875,3.5813506168775517,2.812803314662342
1366.0,15,14,15.005497816527065,13.965627325001929,15.064178880809058,13.9687796728902,3.5894720413042918,2.836312887863499
1366.2,15,14,15.006410904101589,13.965124329630385,14.825670528008658,13.952047362747587,3.6556097471946956,2.9143273452500593
1366.4,15,14,15.00881101752899,13.964773592353188,15.039707438946321,13.939717834224108,3.700910110209124,2.8844641851956943
1366.6000000000001,15,14,15.011148047673872,13.964875736405132,14.958046654693337,13.96924396888763,3.733370381581781,2.982444129155296
1366.8000000000002,15,14,15.014956693967465,13.965653366229331,14.898389348498904,14.001185128311784,3.8329455526451897,2.9459488296882133
1367.0,15,14,15.018778049849432,13.96531251097264,15.065939487906176,14.05438726840633,3.734677532559466,2.8522731336014826
1367.2,15,14,15.020923529742571,13.965039119641995,15.110544998131417,13.991064626562434,3.634677532559443,2.9509978536963977
1367.4,15,14,15.021838795140958,13.966023712416439,14.959424852669114,13.800679807394673,3.636934659960871,3.0509978536964204
1367.6000000000001,15,14,15.02373860633895,13.967724199996978,15.067438072658922,14.012800886763543,3.6534646015986905,3.0198988919683942
1367.8000000000002,15,14,15.024547172163665,13.968317856424775,15.012581743742363,14.005315498290067,3.5609614907215703,2.9198988919683715
1368.0,15,14,15.025470624723766,13.968347563912547,14.997556512406943,13.913669704157343,3.6605772094265445,2.968300205705927
1368.2,15,14,15.028058711555987,13.969460182452522,14.971700966511838,14.01181000023928,3.7605772094265673,3.0143820781817934
1368.4,15,14,15.032309907436352,13.970306588161957,14.879324262192409,13.940229500124579,3.86057720942659,2.9972811118982725
1368.6000000000001,15,14,15.037236852161987,13.970664632599457,15.124227391838884,13.993088789816916,3.807084762242687,2.8999470835602295
1368.8000000000002,15,14,15.040575457214077,13.969775716395553,15.002681625241122,14.09369035796736,3.707084762242664,2.7999470835602067
1369.0,15,14,15.043002165196022,13.968376395303302,14.820843558708951,13.850593060474607,3.7430402322016323,2.853226475024526
1369.2,15,14,15.046646099014085,13.967761251730426,14.941213315122821,14.016119046591438,3.7636621993412867,2.8387815039290643
1369.4,15,14,15.049215145243258,13.966528987618602,15.10651118070081,13.817402156374648,3.663662199341264,2.8517430620034943
1369.6000000000001,15,14,15.050108815255134,13.966002945451828,15.140576910249617,14.135974453512151,3.563662199341241,2.851274164581427
1369.8000000000002,15,14,15.049332495602483,13.965056604176635,15.075365312013876,13.86190973994343,3.4636621993412184,2.8803744771565576
1370.0,15,14,15.047454984454951,13.965008241633825,14.974346077867047,14.027800391125954,3.479872028532027,2.901019813995469
1370.2,15,14,15.046880542703821,13.964798419321015,15.032062636874713,13.806398889763557,3.5381161292817644,2.943814500516351
1370.4,15,14,15.046959081761997,13.965740384564153,14.941966310746137,13.85845456707588,3.6127714094657692,3.043814500516374
1370.6000000000001,15,14,15.047134539383572,13.967920764340095,15.036765818056589,13.922986074196038,3.5198524798355093,3.127536785605542
1370.8000000000002,15,14,15.045668142150728,13.970958588574685,15.205386264113079,13.849486156538408,3.4198524798354866,3.199627680665083
1371.0,15,14,15.043239515909935,13.97385550095389,15.050215007242798,13.998597159684957,3.4470333428515394,3.1011890323233007
1371.2,15,14,15.040939558182336,13.975486458478114,15.12583222109656,14.00782398495579,3.367894058584196,3.001189032323278
1371.4,15,14,15.038251294852993,13.975852774892171,15.022254022522555,14.071564051471794,3.4406604120667623,2.901189032323255
1371.6000000000001,15,14,15.037200756984438,13.97495893897523,14.950809127612544,14.118266096314526,3.540660412066785,2.8011890323232325
1371.8000000000002,15,14,15.037775396826163,13.972811101760762,15.023381317218517,14.214467095372806,3.6138738178481584,2.7011890323232097
1372.0,15,14,15.038574178100195,13.970270958060453,15.07364173097863,14.04825068013293,3.6045958182227587,2.7664063300716113
1372.2,15,14,15.038558187599104,13.968819017789347,15.149289814741858,14.081762761684598,3.5054096538760158,2.800939793602263
1372.4,15,14,15.037199074567422,13.967445044972116,15.048977844580767,13.885196315962853,3.49413520100821,2.8569559969513545
1372.6000000000001,15,14,15.035930083499151,13.966694124975449,15.045945535569135,14.100658062701546,3.4348618916420848,2.8221063645344397
1372.8000000000002,15,14,15.033063773116492,13.965204214692067,15.109475825017537,14.029887825076747,3.334861891642062,2.8328908063748472
1373.0,15,14,15.029498591675333,13.964714824875678,15.082089149299463,13.946148019585182,3.386891697271422,2.9328908063747563
1373.2,15,14,15.027287527879047,13.964666677844816,14.981827425509605,14.101298379322587,3.4165026977524775,2.887690051647117
1373.4,15,14,15.025461545190241,13.964848297088027,15.095151456660796,13.817494219560288,3.482828326802431,2.9871360205076742
1373.6000000000001,15,14,15.02507704682994,13.966281773657466,15.003767757045432,13.907995753020558,3.5822387482239995,3.087136020507697
1373.8000000000002,15,14,15.026370128492117,13.968343699879862,14.9273151153619,14.026106322928309,3.682238748224022,3.046142927847607
1374.0,15,14,15.028475366490264,13.969627882049089,15.052444877174086,13.795427798355659,3.6385932452203753,3.054490123970957
1374.2,15,14,15.029056082024722,13.971785301078887,15.129238212911764,13.940980367404133,3.5385932452203526,3.0932959789900036
1374.4,15,14,15.027988469376266,13.974145422655736,15.10387279032626,13.879830903096416,3.43859324522033,3.150516162858076
1374.6000000000001,15,14,15.026112250601619,13.976469045169122,14.92485836653007,13.879072543091851,3.4801172738333914,3.0608966159047943
1374.8000000000002,15,14,15.025529763183453,13.978763322632936,15.141248533587797,13.928783714230642,3.503060862438809,3.157722594500211
1375.0,15,14,15.023950748558523,13.981647860956071,15.006863993400472,13.896610098799357,3.423075964244625,3.1130482954641985
1375.2,15,14,15.022708595678425,13.983363353832244,15.054394139615455,13.97771651696077,3.5230759642446476,3.0130482954641757
1375.4,15,14,15.023140997079665,13.984380783340567,15.038739663711198,13.949651848742752,3.6230759642446704,3.046816611340682
1375.6000000000001,15,14,15.023987652442665,13.986196405755505,15.172298664141596,14.063909193259594,3.5492266258440934,3.0461220149906003
1375.8000000000002,15,14,15.023696007516039,13.987267428736402,14.974005235238511,14.035380173437833,3.5575168133836756,3.0269438407991824
1376.0,15,14,15.023428183079309,13.989144764415423,15.265003041571056,13.897319018468393,3.4807802326882533,3.1269438407990915
1376.2,15,14,15.021866833823411,13.992270335188714,14.910618396545168,13.939898591466555,3.469668909216285,3.2269438407991142
1376.4,15,14,15.021484670321822,13.996268630896788,14.897039319457006,13.944827644044777,3.5696689092163076,3.218022858079669
1376.6000000000001,15,14,15.02267548000693,13.999264070657837,15.021203985131491,13.980324872521845,3.6172021972309976,3.1180228580796463
1376.8000000000002,15,14,15.02312025523514,14.00124432677109,15.11414147676848,13.92549204355434,3.517202197230975,3.106261242458581
1377.0,15,14,15.022219794299293,14.00368624827307,14.932482087662558,13.991808744500046,3.502716520244574,3.0940341860815064
1377.2,15,14,15.0224181507685,14.005108300157497,15.026862269332092,13.96508968131005,3.5737791940908537,2.9940341860814836
1377.4,15,14,15.023340165397428,14.005272839775627,15.146182224812213,14.164073303122755,3.6396244395220876,2.894034186081461
1377.6000000000001,15,14,15.024221635385135,14.00424258934035,15.023412233049955,13.998097476797748,3.5419259243886363,2.837241089608152
1377.8000000000002,15,14,15.023430654083436,14.003535673310259,14.992681668578378,13.964068106546145,3.4419259243886136,2.881431238997932
1378.0,15,14,15.020973015037375,14.00229609646871,15.082311505058971,14.163041663165755,3.3419259243887045,2.782141242684264
1378.2,15,14,15.018239716102288,14.000167032998736,15.062668192885145,14.067343747685875,3.424782838118628,2.790553173971454
1378.4,15,14,15.01582080695687,13.998793490150877,15.062881426265662,14.001056257609541,3.3519135934766653,2.8107083715416583
1378.6000000000001,15,14,15.011855332717676,13.997854341724496,15.111856709752276,14.005011425064685,3.2519765379849255,2.906738630691409
1378.8000000000002,15,14,15.007441887528426,13.998127399050317,14.991660025992338,13.937888891876648,3.3222290529127902,2.983429880540978
1379.0,15,14,15.004671870447138,13.999378169528649,14.913018087954582,13.879036938388388,3.4222290529126993,3.0826314619325315
1379.2,15,14,15.003479737125431,14.001876521084998,15.058545161122023,13.973484873458125,3.4719884266656575,3.182631461932554
1379.4,15,14,15.002094522054767,14.005253556333006,15.005138599823585,14.088784678226945,3.4793518064781424,3.174396009387053
1379.6000000000001,15,14,15.002005548323629,14.007630190271874,14.959759984712505,13.860466868095086,3.579381683151994,3.0743960093870304
1379.8000000000002,15,14,15.00359080108292,14.008747820279275,14.996270113731178,14.115273927411565,3.6793816831520165,2.9743960093870077
1380.0,15,14,15.005331055933029,14.009216537627038,15.130397916308544,13.795897862778489,3.5890617532957187,3.0132233108838475
1380.2,15,14,15.005821875858413,14.010574873434397,14.886917529405501,14.02788792095237,3.588023710894959,3.024271573511879
1380.4,15,14,15.006832468360964,14.011208881496627,15.003003405877969,14.006110878813999,3.575953859868218,2.992381704157824
1380.6000000000001,15,14,15.008320884953395,14.011831885714946,14.894970149263003,14.075149127769656,3.6731724831541235,2.9409199666919275
1380.8000000000002,15,14,15.010640143702659,14.011276680134152,14.929001699727385,14.05303328005105,3.6322760881901734,2.8409199666919047
1381.0,15,14,15.01245124582802,14.009523588145031,14.890243915533715,14.163168140547468,3.689203716602316,2.7807662211950537
1381.2,15,14,15.015818769751048,14.008226391274302,14.912366912005538,14.039455476926104,3.7727628762304923,2.880740147250667
1381.4,15,14,15.019818732006053,14.008194054148941,14.936021971181258,14.032671791084923,3.8007474757389907,2.98074014725069
1381.6000000000001,15,14,15.023952191135015,14.008661867294009,15.069745404636718,14.135142965024018,3.7673648424075563,2.924853953314134
1381.8000000000002,15,14,15.026930283559592,14.007941812153968,14.952640091219441,14.07893311501172,3.6674295954943115,2.8248539533141113
1382.0,15,14,15.028952635678822,14.005972435929895,14.952597510433467,14.247289574410509,3.699486011212568,2.724853953314202
1382.2,15,14,15.031918538502156,14.00298057122574,15.168978794941605,13.979497225860069,3.689504531111239,2.7091943111098793
1382.4,15,14,15.03353071650056,14.000834637944653,15.070656708107618,13.977685531707161,3.589504531111216,2.809194311109902
1382.6000000000001,15,14,15.033464152747737,13.99951428293822,15.06135377623648,14.005239390558668,3.4895045311111934,2.7915118970745634
1382.8000000000002,15,14,15.031864240630826,13.997363765654999,15.208040384174144,13.918809954902473,3.4399492347913325,2.7736482761385357
1383.0,15,14,15.029761644032613,13.996032493801794,14.98522629724733,14.074453658994637,3.3924266145111193,2.8736482761384448
1383.2,15,14,15.027289830138407,13.995936435455508,14.922455921381793,14.032104719254322,3.402473678046311,2.964747821789961
1383.4,15,14,15.025259823945948,13.99595724252337,15.043388073955164,13.989279789662467,3.442617782936369,2.8929751120111025
1383.6000000000001,15,14,15.023107183309357,13.99524201599682,15.096843054447017,14.043275726005117,3.381953537465014,2.8565797514816027
1383.8000000000002,15,14,15.021117353859717,13.994913669014808,15.041581054319531,13.876266531281008,3.4734839800916664,2.9548508359702237
1384.0,15,14,15.020785324084219,13.99565977225044,14.931496490025083,13.902038951827254,3.57346360316186,2.979591757682697
1384.2,15,14,15.021719565888596,13.995637898299062,15.13336846946541,14.083261279689683,3.575335654194142,2.8795917576826744
1384.4,15,14,15.021583321910347,13.994732698406423,14.932443230467367,13.802379932440976,3.5388474586683274,2.88829992159377
1384.6000000000001,15,14,15.021750699132923,13.994822512938217,15.034339736127441,13.926452826510054,3.520583886108095,2.988299921593793
1384.8000000000002,15,14,15.021377103811682,13.99567739591818,15.085991883502405,13.993404762389233,3.5626577047712154,2.9635302528018324
1385.0,15,14,15.022529794883413,13.995453236601485,14.992326207849047,14.029495676080964,3.6626577047711244,2.8635302528019233
1385.2,15,14,15.024283524127132,13.993977726464669,15.034366313228166,13.989370437655985,3.603594646629911,2.7635302528019006
1385.4,15,14,15.024464534252454,13.991502794041535,14.8836929839059,13.940982623247683,3.534382283200737,2.7528056300148607
1385.6000000000001,15,14,15.024569249803736,13.98990271586402,14.946638969934094,13.975467731559819,3.5346411422811763,2.8528056300148834
1385.8000000000002,15,14,15.023550526702236,13.989559839836934,15.08593030803144,13.95359875061722,3.4351396221538635,2.952805630014906
1386.0,15,14,15.021766564576632,13.990299342317874,15.012472459944272,14.017743558921339,3.481555320324537,2.9795064236786386
1386.2,15,14,15.021534156198834,13.990283856453262,14.84824183095852,14.228387966311931,3.5815553203245596,2.879506423678616
1386.4,15,14,15.022333440615729,13.989236819956302,15.082687070548618,13.88588890170781,3.5587515538336136,2.8637213662259478
1386.6000000000001,15,14,15.02171049235114,13.989009414977088,15.146196135945399,14.009412714463034,3.458751553833591,2.9404624740921967
1386.8000000000002,15,14,15.019970150272023,13.989283915468022,15.041412439342041,13.9817632230766,3.472958588160275,2.987540674399588
1387.0,15,14,15.019597181621082,13.990620147922032,15.040773356240258,13.812478010086368,3.572958588160184,3.087442649572903
1387.2,15,14,15.020236865057758,13.993208808810254,15.18387751923045,13.942026196067587,3.5465924973708995,3.187462702560372
1387.4,15,14,15.019980348032371,13.99582860368347,15.058972370800236,14.121571383042124,3.558740932928664,3.0904311664695006
1387.6000000000001,15,14,15.020006951948083,13.997192200768309,15.098977292529508,13.959371877779004,3.4981183496838955,3.001912292056169
1387.8000000000002,15,14,15.018442713710813,13.998234418406986,15.208243775843457,13.908237393976938,3.3981183496838727,3.0148435571534833
1388.0,15,14,15.016128852364327,13.998642006446543,15.000770372777692,13.861074258116,3.4454412711997775,2.915564377865689
1388.2,15,14,15.01486982081154,13.997789895457489,15.068819483401931,14.114337649623849,3.4360905205482744,2.815564377865666
1388.4,15,14,15.012284195522785,13.996396646350934,15.058962296356786,13.916241543629454,3.3360905205482516,2.86661569558612
1388.6000000000001,15,14,15.0093450600956,13.996126406321524,14.984433521415095,14.109384125504526,3.41338096744369,2.925566085649533
1388.8000000000002,15,14,15.00805472049124,13.996095098188617,14.915214594013062,13.968149773399746,3.513380967443713,2.9753911482692135
1389.0,15,14,15.008432036478997,13.99612959359187,14.86740770600281,14.161299826179516,3.613380967443622,2.887572645429205
1389.2,15,14,15.009173526841845,13.995022188982526,15.260069240437591,14.042606084419349,3.537024710630468,2.8417950182338054
1389.4,15,14,15.008338692311145,13.9934303387939,15.023573838619665,14.059258529310215,3.4792144873391053,2.7658346776908282
1389.6000000000001,15,14,15.008122239272572,13.991923952362935,15.02418886225777,13.780566384188157,3.576958360710831,2.863953385929853
1389.8000000000002,15,14,15.0093084852416,13.991676281215389,14.961917478246853,13.834190762486198,3.653871969234168,2.9639533859298757
1390.0,15,14,15.011939684287766,13.992684589651438,14.897667741202609,13.971522930584301,3.7478343214661,3.0541593654221026
1390.2,15,14,15.01459644174706,13.994322391945097,15.005670950239532,13.972249619953299,3.6523301493439284,3.0855396299176543
1390.4,15,14,15.015596710655139,13.996189521981053,15.216377392777583,13.907864004224418,3.5523301493439057,3.0757515631577474
1390.6000000000001,15,14,15.015221748771127,13.997363378271025,14.887734183512755,13.948557029059925,3.53424993106874,2.9769572635865225
1390.8000000000002,15,14,15.01593517569824,13.99727959312917,14.850549084596455,14.08746599739065,3.6342499310687626,2.8769572635864997
1391.0,15,14,15.01802883311483,13.995943817777475,14.980738210860814,14.115661087836855,3.6532484362535276,2.7769572635865907
1391.2,15,14,15.019695670441909,13.993698113117716,14.989560947245064,14.052423988031208,3.63899708333949,2.7806570171285268
1391.4,15,14,15.020448735190312,13.992401535085722,15.0845204031059,14.029283662421182,3.539292159228287,2.8649226365223583
1391.6000000000001,15,14,15.019795014270171,13.991593668249891,15.030002895214949,14.17665004619962,3.5190060456396677,2.8694449046705133
1391.8000000000002,15,14,15.020143206512502,13.991015449909444,14.990964371267081,14.011088681220787,3.583914212557511,2.9040636314919017
1392.0,15,14,15.01995898828059,13.990104398464469,15.095592444576827,14.090725353490047,3.483907126063204,2.8095792057994604
1392.2,15,14,15.01810514938528,13.98914532100573,15.120230273617198,13.891500035267827,3.3839071260631814,2.9054871493455328
1392.4,15,14,15.015576557347485,13.989436241096008,15.00480228537299,14.037867212599334,3.4376913157240305,2.999986676935708
1392.6000000000001,15,14,15.013762710468248,13.990142707425608,15.109441574356264,13.851853227270498,3.3930447375442823,2.9872926866429976
1392.8000000000002,15,14,15.01103896373659,13.990235439879271,14.980151537657674,14.047600188256025,3.414719223491638,2.890686797012813
1393.0,15,14,15.00942643713716,13.989603954081053,15.057047677364352,14.06456915671742,3.4507064430840177,2.892223151759405
1393.2,15,14,15.007274472246113,13.98895097138098,15.157824475760133,13.981285778800158,3.374808574159162,2.8693978505757074
1393.4,15,14,15.005254810050465,13.988720811781757,14.968868354790201,13.984962686710745,3.4718250182820367,2.9656444780607907
1393.6000000000001,15,14,15.004904193781696,13.988740811664153,15.072744482879537,13.993477366848525,3.5718250182820594,2.887048324952896
1393.8000000000002,15,14,15.006215420216444,13.98843257997163,14.815552247285147,13.874112382371267,3.671825018282082,2.9574242953226024
1394.0,15,14,15.0087573878869,13.98934647445803,15.027316677452191,13.996013763976464,3.6700999391545714,3.039718758071715
1394.2,15,14,15.010039887714084,13.9910331797598,15.17161548964677,13.8854188878912,3.5700999391545487,3.1165652589432926
1394.4,15,14,15.009672137503642,13.993953428773294,15.172657236098948,13.825199814318577,3.470099939154526,3.2165652589433154
1394.6000000000001,15,14,15.008108105690873,13.99734598441216,14.93499902176327,13.856432740149334,3.4731850925854424,3.159558379747487
1394.8000000000002,15,14,15.00757035417527,13.999531832296912,15.085190367602195,14.097180279129699,3.492653397103518,3.059558379747464
1395.0,15,14,15.005975104703507,14.000455914128844,15.020137954259553,14.102990253615124,3.392653397103609,2.959558379747555
1395.2,15,14,15.004171435857392,14.000217211913549,14.922646233488235,14.087952530299209,3.4792165908003025,2.9155850972966793
1395.4,15,14,15.004027318288305,14.000581521601418,14.920430375741756,14.017338523850098,3.5792165908003253,3.015585097296702
1395.6000000000001,15,14,15.005552962773749,14.00220108411465,14.91251168269065,13.844784892410726,3.679216590800348,3.1155850972967247
1395.8000000000002,15,14,15.008578102525897,14.004631076394045,14.966603324755466,14.044901785342663,3.7147805693978806,3.0964414158035325
1396.0,15,14,15.01096031254299,14.006011643840305,15.047333022240093,13.966218623800117,3.6610342425350617,2.997630584699843
1396.2,15,14,15.013656733404293,14.007376126105884,14.976894344411992,13.944940743429799,3.741390408432122,3.0949452423460477
1396.4,15,14,15.016263215027301,14.009997480395922,15.116606120665042,13.802748894423857,3.6430385236575407,3.1949452423460705
1396.6000000000001,15,14,15.0175975534165,14.012945697412112,14.850901680029887,13.939280561565237,3.6383627864852124,3.123198327927859
1396.8000000000002,15,14,15.019684658154702,14.014660849332358,15.125578677551744,14.141925652039228,3.6325197558087488,3.0231983279278363
1397.0,15,14,15.020713954788317,14.015626858315107,14.974637691954639,13.875500932917307,3.6075852065659393,3.0502202021302036
1397.2,15,14,15.02186456305674,14.016923002455348,15.024331702756381,13.964841886074133,3.560884895308792,2.9948935488788924
1397.4,15,14,15.021472996509562,14.017210926599596,15.092251889125105,13.93969684357797,3.4608848953087694,2.971900571587731
1397.6000000000001,15,14,15.019688834478567,14.018275355627477,14.924898428011604,13.923611968125138,3.4408616864551353,3.071900571587754
1397.8000000000002,15,14,15.018983769760606,14.019999933585359,14.918918311213982,13.898401421989835,3.540861686455158,3.0349890876404944
1398.0,15,14,15.019141549122148,14.021318510504818,15.082327693102044,13.939338239042556,3.501303528639431,3.087282529459534
1398.2,15,14,15.017903843238955,14.023149839761764,15.0387075441453,14.113793067109064,3.4515399687714154,3.0416065925892863
1398.4,15,14,15.016343378052007,14.023811334099287,15.106181470372789,14.036379387633117,3.391588393430661,2.9416065925892636
1398.6000000000001,15,14,15.014474370518197,14.024124992714489,14.877895286074237,13.853713874809527,3.4671113643971885,3.0121694305953746
1398.8000000000002,15,14,15.013868088978152,14.024850687516803,15.061472669326765,14.100443265254876,3.4710637221618605,2.951339009970995
1399.0,15,14,15.012681084134206,14.024366947358176,14.958575468700333,13.957585535663881,3.494182497005809,2.857802324344022
1399.2,15,14,15.011736116395346,14.023960611253004,15.161086276568364,13.974593074997582,3.426333771639503,2.9577210428887115
1399.4,15,14,15.009174672429873,14.024409549387688,15.1010274182126,14.072924431478857,3.3263337716394803,2.9453881771448853
1399.6000000000001,15,14,15.006027227865722,14.023836443769468,14.93725128940547,14.139767058239881,3.3867180270676767,2.8453881771448626
1399.8000000000002,15,14,15.004140983194343,14.022487785940186,15.036686914660173,13.866847708097453,3.396737030056925,2.8695380731182536
1400.0,10,10,15.00143746246652,14.02203513551142,15.073612385992538,13.92765737417307,3.387663908324083,2.8946643410921116
1400.2,10,10,14.998241619969438,14.020812962694697,14.769452676785635,14.135787268551478,3.2876776789556525,2.794664341092089
1400.4,10,10,14.99337924877586,14.01832944912664,14.9826188012473,14.134471332731293,3.18767767895563,2.694664341092066
1400.6000000000001,10,10,14.98684677672862,14.014583794912966,15.060280606431654,13.950408513225048,3.087677678955607,2.5946643410920434
1400.8000000000002,10,10,14.9786407004049,14.009575216319908,14.845628545594954,14.010751359776675,2.9876776789555843,2.4946643410920206
1401.0,10,10,14.968757578060615,14.003302944452074,14.847993587567391,14.089818047921023,2.8876776789556753,2.3946643410921116
1401.2,10,10,14.957194022753269,13.995766223956615,14.905700584190368,14.088625398322694,2.7876776789556525,2.294664341092089
1401.4,10,10,14.943946695629949,13.986964311750143,14.732958300497172,13.968180256989607,2.68767767895563,2.194664341092066
1401.6000000000001,10,10,14.929012299344647,13.976896475764255,15.080355964355773,13.960119369260276,2.587677678955607,2.0946643410920434
1401.8000000000002,10,10,14.912387571575527,13.965561993706611,14.980123508229992,13.9020076742314,2.4876776789555843,1.9946643410920206
1402.0,10,10,14.894069278620139,13.952960151835883,14.858171324753066,14.066847646984764,2.3876776789556753,1.8946643410921116
1402.2,10,10,14.874054208998814,13.93909024373984,14.802392201371273,13.995032766323757,2.2876776789556525,1.7946643410920888
1402.4,10,10,14.852339167104317,13.923951569126153,14.855513587562099,13.951931038261751,2.18767767895563,1.694664341092066
1402.6000000000001,10,10,14.828920966794394,13.90754343260895,14.642640474671646,13.9240704281242,2.087677678955607,1.5946643410920434
1402.8000000000002,10,10,14.803796424940687,13.889865142496244,14.943885299991058,13.770638358998141,1.9876776789555843,1.4946643410920206
1403.0,10,10,14.776962354888582,13.870916009572374,14.749829100625712,13.985451284864306,1.8876776789556753,1.3946643410921116
1403.2,10,10,14.748415559781703,13.850695345869777,14.688758617241463,13.850077442462865,1.7876776789556525,1.2946643410920888
1403.4,10,10,14.718152825738471,13.829202463430851,14.595715478027893,13.901738926174723,1.6876776789556298,1.194664341092066
1403.6000000000001,10,10,14.686170914820805,13.806436673052096,14.683505370179853,13.974926312597312,1.587677678955607,1.0946643410920434
1403.8000000000002,10,10,14.652466557764425,13.782397283008775,14.65899596925663,13.740807404858169,1.4876776789555843,0.9946643410920206
1404.0,10,10,14.617036446426964,13.757083597756115,14.652530957110839,13.685500986155093,1.3876776789556753,0.8946643410921116
1404.2,10,10,14.579877225894442,13.730494916600886,14.519515151485034,13.622551853405797,1.2876776789556525,0.7946643410920888
1404.4,10,10,14.540985486208907,13.702630532341967,14.591814540322897,13.62944862699385,1.1876776789556298,0.6946643410920661
1404.6000000000001,10,10,14.500357753647075,13.673489729872871,14.508563357056376,13.760318867065694,1.087677678955607,0.5946643410920434
1404.8000000000002,10,10,14.45799048150029,13.643071784743924,14.434267299489637,13.582062016786919,0.9876776789555843,0.4946643410920206
1405.0,10,10,14.413880040221994,13.611375961669873,14.323842026959058,13.732844506798678,0.8876776789556753,0.39466434109211157
1405.2,10,10,14.368022706989626,13.578401512996118,14.352536098592445,13.4563903445621,0.7876776789556525,0.29466434109208883
1405.4,10,10,14.320414654443416,13.544147677096497,14.1333544382891,13.47943031633833,0.6876776789556298,0.1946643410920661
1405.6000000000001,10,10,14.27105193858228,13.508613676708366,14.31103331054652,13.511624783923077,0.5876776789556071,0.09466434109204337
1405.8000000000002,10,10,14.21993048633118,13.471801678242237,14.348883408532707,13.662738469348305,0.48767767895558434,0.0006327721014803429
1406.0,10,10,14.1670480118386,13.434399967914883,14.13100393184163,13.527312544540264,0.3876776789556753,-3.272477001347771e-09
1406.2,10,10,14.11240866106197,13.3969686542805,14.12188871279484,13.419117009223191,0.28767767895565255,-3.751552815498131e-09
1406.4,10,10,14.056017988711467,13.359504567523274,14.056204527372179,13.154877563460634,0.1876776789556298,-7.575203410294399e-09
1406.6000000000001,10,10,13.997881565848312,13.32200410874329,14.014312839555881,13.140222524808022,0.08767767895560707,-1.1019743652864003e-08
1406.8000000000002,10,10,13.938019564696926,13.28446364642929,13.776207361574354,13.477826387570595,0.00015622452518085025,8.811902340928841e-11
1407.0,10,10,13.87744503284728,13.246880432784227,13.827353126311733,13.294362166534368,5.977778988898807e-10,3.371788431096975e-16
1407.2,10,10,13.816800804944886,13.209254235742993,13.858782019699808,13.129841926532382,4.483645942493883e-09,2.529017139326944e-15
1407.4,10,10,13.756087620957544,13.171585264395771,13.714669349466604,13.069603243310217,7.776464508538311e-09,4.386343676040169e-15
1407.6000000000001,10,10,13.695306092951496,13.133873728288357,13.684960368753599,13.143254998323462,1.1013824064673044e-08,6.2123883523229195e-15
1407.8000000000002,10,10,13.634456835197524,13.096119837410887,13.480208782433628,13.148382045365965,1.5090346391273757e-08,8.511765904665352e-15
1408.0,10,10,13.573540464198766,13.058323802201782,13.601717398185352,12.90136075722814,1.9786644242939597e-08,1.1160730142827779e-14
1408.2,10,10,13.51255759872869,13.020485833551525,13.530253928688788,12.974990062859717,1.013474950125097e-08,5.7165430812748346e-15
1408.4,10,10,13.451508859801049,12.982606142806878,13.588173837392791,12.984135665966171,2.5788567268825412e-08,1.4546137107620677e-14
1408.6000000000001,10,10,13.390394870824766,12.944684941774707,13.449394297607503,12.779829214600259,7.911467065879755e-09,4.4624923697033e-15
1408.8000000000002,10,10,13.329216257443731,12.906722442726108,13.31100896761872,12.876464112975416,2.54156072728846e-08,1.4335767637302837e-14
1409.0,10,10,13.267973647778783,12.868718858400506,13.158653485575282,12.902391840850752,1.8656969452931125e-08,1.0523532883623699e-14
1409.2,10,10,13.206667672283508,12.830674402009617,13.2493964391505,12.68960133588514,7.0159943188920405e-09,3.9573976423367e-15
1409.4,10,10,13.145298963851962,12.792589287241867,13.22127600588664,12.838904723945838,-4.7154953739506915e-09,-2.6597926718773076e-15
1409.6000000000001,10,10,13.083868157823957,12.75446372826643,13.146561807303694,12.845143612402184,2.757029739467822e-09,1.5551128599752168e-15
1409.8000000000002,10,10,13.0223758920767,12.7162979397375,13.234953009700911,12.654314507791515,-1.041800310156834e-08,-5.87631332610792e-15
1410.0,10,10,12.960822806929908,12.678092136798629,13.060106515238546,12.720823139926486,7.64758692578356e-09,4.313649797031198e-15
1410.2,10,10,12.899209545341158,12.639846535086871,12.86526744495609,12.498794566308431,3.065149209904041e-09,1.7289087911633554e-15
1410.4,10,10,12.837536752792193,12.601561350737425,12.980279170002552,12.575651108578421,-8.797802284634275e-09,-4.962433040346923e-15
1410.6000000000001,10,10,12.775805077372647,12.563236800387848,12.914562110011428,12.473073360601218,-5.614043119225033e-09,-3.16662186344328e-15
1410.8000000000002,10,10,12.714015169854768,12.524873101182568,12.587717664480001,12.48824807424584,-8.610501166089387e-09,-4.856785149079242e-15
1411.0,10,10,12.65216768366483,12.48647047077742,12.604769121959617,12.367276850326506,-8.359362612920828e-09,-4.715129515816684e-15
1411.2,10,10,12.590263274949393,12.448029127344006,12.42757622381859,12.498415335640315,-4.301870025597338e-09,-2.426485758561186e-15
1411.4,10,10,12.528302602607134,12.409549289574546,12.635952828048229,12.595190053257761,-1.4414485169638317e-09,-8.130543873478363e-16
1411.6000000000001,10,10,12.466286328323706,12.371031176686339,12.418562385916658,12.447233275862564,-1.0868876636998945e-08,-6.130630217628293e-15
1411.8000000000002,10,10,12.404215116563975,12.33247500842648,12.302379967622889,12.413197937897454,1.970743660276409e-09,1.1116052779328918e-15
1412.0,10,10,12.342089634707378,12.29388100507662,12.43873667721459,12.323684016824954,-2.1810362227387117e-09,-1.2302215784974529e-15
1412.2,10,10,12.279910552969888,12.255249387457582,12.150890781489652,12.024928256802157,6.816657328846381e-10,3.844960873065265e-16
1412.4,10,10,12.217678544516351,12.21658037693442,12.227594408809518,12.279985744112535,7.82993663746985e-09,4.416504828878487e-15
1412.6000000000001,10,10,12.155394285479682,12.177874195421126,12.254463670893667,12.106733491201249,1.1515223784720559e-08,6.495204725854013e-15
1412.8000000000002,10,10,12.093058454986858,12.139131065385596,12.053148054379854,12.091658697913351,1.3708513687539104e-08,7.732338038092185e-15
1413.0,10,10,12.030671735207664,12.100351209854633,12.170600997795631,11.918170484312375,1.4247077087051272e-08,8.036116722995101e-15
1413.2,10,10,11.968234811388303,12.061534852418793,12.032982256893698,11.936619004453627,1.75127836552859e-08,9.878150636690875e-15
1413.4,10,10,11.905748371909596,12.022682217237719,11.913056865244153,11.988821639369455,1.1202180902301754e-08,6.318631725859085e-15
1413.6000000000001,10,10,11.843213108294986,11.983793529045094,11.723832560401043,11.983396771973208,5.342367488127758e-09,3.013382215131503e-15
1413.8000000000002,10,10,11.78062971525737,11.944869013153864,11.668476848862177,11.992847791282161,2.592173953878354e-08,1.4621253420889977e-14
1414.0,10,10,11.71799889083587,11.905908895461488,11.836081651714958,11.792177067751313,1.334209921959984e-09,7.525660597143064e-16
1414.2,10,10,11.655321336226434,11.866913402455095,11.83795132127037,11.932368630568263,1.698802341666255e-08,9.58215767593103e-15
1414.4,10,10,11.592597756080183,11.827882761217042,11.8102270435403,11.758688122346648,9.851354664243522e-09,5.55669317136162e-15
1414.6000000000001,10,10,11.529828858354145,11.788817199430165,11.712359083600951,11.716154368080561,6.458080568056885e-10,3.642704319932281e-16
1414.8000000000002,10,10,11.467015354446128,11.749716945383263,11.48066771845335,11.698432833990054,-1.3849439505948188e-08,-7.811827769150579e-15
1415.0,10,10,11.404157959192192,11.710582227976673,11.288433052088344,11.829192965802664,-2.5820817873908384e-09,-1.4564328181147228e-15
1415.2,10,10,11.341257391010345,11.67141327672764,11.367526573179559,11.497871796797007,-1.704312425767683e-08,-9.61323750986617e-15
1415.4,10,10,11.278314371793746,11.632210321776244,11.439093236439899,11.528782665760298,-5.423159944525582e-09,-3.058953500103354e-15
1415.6000000000001,10,10,11.215329627120315,11.592973593890896,11.25622079728573,11.618425151603516,-6.615960149939529e-09,-3.7317568842186414e-15
1415.8000000000002,10,10,11.152303886183695,11.553703324474139,11.130011080152306,11.498368932698982,-8.11278471200218e-09,-4.576046335387043e-15
1416.0,10,10,11.089237881894755,11.51439974556852,11.24007244419023,11.618530837615513,-7.646401660095687e-09,-4.3129812435196046e-15
1416.2,10,10,11.026132350925176,11.475063089862283,11.02093692073551,11.66104452414414,-4.64159738154749e-09,-2.6181102349172132e-15
1416.4,10,10,10.96298803376457,11.435693590695585,10.8897422643196,11.411963920604647,-5.933241677372451e-09,-3.3466669951857793e-15
1416.6000000000001,10,10,10.899805674751681,11.396291482066326,11.018872694575382,11.227201267864887,-9.460569452410097e-11,-5.336269321843974e-17
1416.8000000000002,10,10,10.836586022160715,11.35685699863628,10.818100183481038,11.318278770334654,3.62014482833825e-09,2.041956130153448e-15
1417.0,10,10,10.773329828235624,11.317390375737274,10.776197891951856,11.269433843324563,3.1751757150737504e-11,1.7909696498740647e-17
1417.2,10,10,10.710121674738911,11.277891880059084,10.563967562980453,11.231608133401178,0.0317364786762515,9.112003430999686e-15
1417.4,10,10,10.647382610179983,11.23836324552939,10.634836513957959,11.151970131550394,0.0007207762901924484,1.1184580736551589e-19
1417.6000000000001,10,10,10.584019632512897,11.19880395759538,10.525691482886652,11.184239661614972,8.932514876497445e-09,1.386094897627085e-24
1417.8000000000002,10,10,10.521197453056216,11.159214038536236,10.401472067638835,11.079695722193813,0.08313491353723297,2.8303815334551494e-22
1418.0,10,10,10.459011157756173,11.119597216952615,10.449517857425427,11.255565448078507,0.030593433548353588,-3.1232197113096857e-19
1418.2,10,10,10.39562287158552,11.079951797998588,10.38326803115473,11.1496480868799,3.887457904035004e-09,7.243481967668251e-26
1418.4,10,10,10.332528163503213,11.04027625961986,10.29835562974118,11.0916858599573,0.06975353650580657,4.24691524461412e-23
1418.6000000000001,10,10,10.270987800491879,11.000574755827081,10.233671168158267,10.910093522633073,0.1697535365058293,8.606707635998653e-18
1418.8000000000002,10,10,10.21107295359829,10.960853679097372,10.15749825024553,10.801098738509895,0.269753536505852,-3.01445629870721e-11
1419.0,10,10,10.152638805691273,10.921119492453991,10.236594826316017,10.9497304904139,0.31185532549601785,-6.4883262299508e-14
1419.2,10,10,10.094583564133458,10.881375826962545,10.145943800255768,10.989009921137345,0.3851286099429582,3.839237523171083e-09
1419.4,10,10,10.038113518455555,10.841627068633068,10.08633618270753,10.986569213601454,0.48512860994298096,-1.8293746924363697e-08
1419.6000000000001,10,10,9.983253496447876,10.801879950189837,10.066997179953606,10.91354141864507,0.5851286099430036,-9.121922505804132e-09
1419.8000000000002,10,10,9.92999832552489,10.762141278681968,10.09807096966308,10.819073136253264,0.6851286099430264,-7.3264995523636505e-09
1420.0,10,10,9.878342809425618,10.722417920695197,9.88115351354626,10.672980505671836,0.7851286099429354,-5.879970473878334e-09
1420.2,10,10,9.828281729190499,10.682716792154281,9.914977499005973,10.638448438255192,0.8851286099429582,-4.4705534433764835e-09
1420.4,10,10,9.779809844165142,10.643044847511874,9.877224509036045,10.490167821675845,0.9851286099429809,-3.974602890987503e-09
1420.6000000000001,10,10,9.732921893028996,10.603409068434402,9.64438995679589,10.577626488467493,1.0851286099430035,-5.173297255170629e-09
1420.8000000000002,10,10,9.687612594849023,10.563816452062435,9.691255506871222,10.568419536790984,1.1851286099430263,-2.5226055440336634e-09
1421.0,10,10,9.643876650157232,10.524273998951289,9.681357126456534,10.640602347775602,1.2851286099429353,4.56275264733412e-09
1421.2,10,10,9.60170874205091,10.484788700774692,9.505177827204095,10.526416192196752,1.385128609942958,8.629879627209092e-09
1421.4,10,10,9.561103537315379,10.445367527889072,9.624383435428577,10.49585674510601,1.4851286099429808,1.2522280194350282e-08
1421.6000000000001,10,10,9.522055687567166,10.406017416899095,9.437113750805509,10.39537784907073,1.5851286099430035,1.6984347790015814e-08
1421.8000000000002,10,10,9.484559830417322,10.366745258307922,9.479496368545206,10.350781815457273,1.6851286099430263,2.1464166142300793e-08
1422.0,10,10,9.448610590653468,10.327557884370771,9.432423790226013,10.248640864228873,1.7851286099429353,2.3384923539303382e-08
1422.2,10,10,9.414202581439215,10.288462057256574,9.470441170111034,10.33556074700562,1.885128609942958,1.846151712763601e-08
1422.4,10,10,9.381330405530287,10.24946445761563,9.44853187091102,10.188020827933308,1.9851286099429808,8.80988556010103e-09
1422.6000000000001,10,10,9.3499886565053,10.210571673657205,9.333840688847411,10.319829742946116,2.0851286099430033,1.8054224439663545e-09
1422.8000000000002,10,10,9.320171920010447,10.171790190811077,9.291872650564752,10.08462984833247,2.185128609943026,1.8819356501711034e-08
1423.0,10,10,9.29187477501634,10.133126382120613,9.255891952813009,10.276764742436924,2.285128609942935,-2.2961185164745204e-09
1423.2,10,10,9.265091795086185,10.094586499177014,9.245112017918851,10.167088905904384,2.385128609942958,-7.639908998151763e-09
1423.4,10,10,9.239817606464898,10.05619081011842,9.287218732941291,10.050012450929025,2.4851286099429806,0.014989229313914717
1423.6000000000001,10,10,9.21607323285555,10.018732644363077,9.190854208373393,9.974804144695335,2.5851286099430033,0.11498922931393746
1423.8000000000002,10,10,9.193953074813425,9.98266900307456,9.02086827742794,9.908788838357799,2.685128609943026,0.21498922931396017
1424.0,10,10,9.17333893762069,9.948002327947714,9.260888483478192,9.783133611963374,2.711158832969581,0.3149892293138692
1424.2,10,10,9.152664971707342,9.914590397114628,9.095325265284664,9.97993776620485,2.7475104561495813,0.34820524932764185
1424.4,10,10,9.133650149225085,9.881287312474887,9.090634114724486,9.787372516955589,2.8219408838530997,0.39415735245208255
1424.6000000000001,10,10,9.1157227304356,9.849289749124226,9.119608853979662,9.943532294242718,2.896959203559199,0.4941573524521053
1424.8000000000002,10,10,9.098350350944685,9.81868845331177,9.056232434175143,9.63601941614161,2.8166922649997352,0.594157352452128
1425.0,10,10,9.081113476688154,9.78947728469024,9.064960270472993,9.75072087661373,2.904196882791978,0.694157352452037
1425.2,10,10,9.06550465368805,9.761655567083418,9.068761936979087,9.741643239071482,2.908795664622436,0.7941573524520598
1425.4,10,10,9.049949679617491,9.735080716226332,8.985677503045777,9.811481808693738,2.955383917995198,0.8275622191455997
1425.6000000000001,10,10,9.036068576279474,9.708654709261955,9.092904229898414,9.592956261316992,2.983115892710107,0.8785676177579295
1425.8000000000002,10,10,9.022277275280361,9.683237808446874,8.929257758884367,9.74170480110918,3.016980116014423,0.8806990119062394
1426.0,10,10,9.009573458605495,9.657866587117223,9.004106081685471,9.66774013955132,2.987392668688109,0.9447528955304517
1426.2,10,10,8.99626792439153,9.633523576386333,9.004706221091185,9.668073259758867,2.9740216648855395,0.9449626107793244
1426.4,10,10,8.982474495896254,9.608951576754325,9.266495076041517,9.461925308530097,2.87452242205317,0.9820667978488149
1426.6000000000001,10,10,8.967963691177916,9.585626447486275,8.85212357577481,9.463007372332777,2.9013074750843684,1.0820667978488376
1426.8000000000002,10,10,8.95519433043883,9.56349428395981,8.92596322671396,9.646898215574502,3.001307475084391,1.107357941578031
1427.0,10,10,8.944370504823226,9.541053222258574,8.81364753704032,9.615811922653014,3.1013074750843,1.1110830650855914
1427.2,10,10,8.935452212535278,9.519698106171493,9.002309214745972,9.494982453855805,3.1806788867660494,1.2110830650856141
1427.4,10,10,8.926482910617102,9.49971919098469,8.983795485385203,9.461649153506603,3.0806977549600156,1.3110830650856369
1427.6000000000001,10,10,8.917767030304137,9.481109398221728,8.86523364279565,9.47109248907167,3.1781411401840614,1.4110830650856596
1427.8000000000002,10,10,8.91102126168699,9.46367809098671,8.935378424225465,9.464423544337711,3.278141140184084,1.4332662402924277
1428.0,10,10,8.906225779270166,9.446019449332399,8.775167906391781,9.489142975494854,3.378141140183993,1.4520884542266823
1428.2,10,10,8.903327359799224,9.429530210626659,8.98028022040874,9.307912498697865,3.4531841210272622,1.552088454226705
1428.4,10,10,8.900336200310118,9.413683625255741,8.915696063157029,9.351099797120106,3.3542017971346785,1.4994081467975198
1428.6000000000001,10,10,8.897453319335773,9.397749771423582,8.926217315833005,9.28770595952219,3.4453587023933934,1.57623685703571
1428.8000000000002,10,10,8.8959704420259,9.383149833387145,8.953810376913285,9.262263725234558,3.434679191495053,1.6583087355031032
1429.0,10,10,8.893405911148731,9.368481700698704,9.019871216750955,9.436968178092464,3.334679191495144,1.560263237293312
1429.2,10,10,8.889901122488101,9.353560268287149,8.781796109721865,9.286004554449564,3.344131532944972,1.6291028918938255
1429.4,10,10,8.887946272557718,9.33975291693732,8.944967143393294,9.373203159205092,3.444131532944995,1.6461574756532493
1429.6000000000001,10,10,8.887873485643803,9.326148129443869,8.939832728249337,9.286675299256416,3.5441315329450176,1.717328683524307
1429.8000000000002,10,10,8.888451226905191,9.313335698171969,8.97978369661959,9.537537889883462,3.472417835315618,1.685320346396411
1430.0,10,10,8.888415920854438,9.299855960162644,8.841824611081913,9.227614833339418,3.512738836212638,1.6889022982212363
1430.2,10,10,8.88990392855126,9.287447313149611,8.97986402992932,9.332952193375517,3.5467951354637512,1.788902298221259
1430.4,10,10,8.890676127886268,9.276398730864473,8.806267288240281,9.154646772336841,3.4467951354637285,1.8889022982212818
1430.6000000000001,10,10,8.89000401952451,9.266700710767592,9.05659863861628,9.118200801603143,3.3467951354637058,1.9889022982213045
1430.8000000000002,10,10,8.888107825195313,9.258201957955611,8.943990713056643,9.29206166440453,3.3163982688721587,2.021779137181848
1431.0,10,10,8.887403311865457,9.24908299374119,8.814401161398767,9.22665986793225,3.4163982688720678,1.921779137181939
1431.2,10,10,8.888517439920339,9.238875553974228,8.884359917535471,9.165254526989044,3.4841472365798665,1.8452495287616009
1431.4,10,10,8.889311237643042,9.228921324250905,9.006620128980266,9.201977801516131,3.3841472365798437,1.9408666074805936
1431.6000000000001,10,10,8.888628535512991,9.21975980978853,9.075792420427303,9.259686196267703,3.2943269201847025,1.920815843747169
1431.8000000000002,10,10,8.888294169594838,9.210947919918272,8.965720478996904,9.038613849843816,3.3943269201847253,2.018836832116292
1432.0,10,10,8.889811548313881,9.203472167271066,8.77489652250432,9.128804320070643,3.4943269201846343,2.1188368321162008
1432.2,10,10,8.893054908689743,9.197227885056023,8.917378061765183,9.164059227829394,3.537928483760153,2.1610495692979668
1432.4,10,10,8.896116532338553,9.19164251819403,8.896597875655397,8.990625482395732,3.539462226232719,2.2563957162705024
1432.6000000000001,10,10,8.900639600416277,9.187085029024388,8.724721987740162,9.119664743007387,3.639462226232742,2.2578970577781607
1432.8000000000002,10,10,8.906222603293202,9.181889119535516,8.974521446713943,9.154888933673421,3.60154085356399,2.240172184881587
1433.0,10,10,8.910907371032202,9.177592056993172,8.674142194673163,9.075528531469024,3.602955174218035,2.3401721848814963
1433.2,10,10,8.917019965636154,9.174324376218397,8.981298119965023,9.197910127542364,3.6813099882354354,2.3678224436163005
1433.4,10,10,8.923608447012594,9.170537683343971,8.913467497641735,9.319532032769697,3.6705134618060034,2.2687520750716623
1433.6000000000001,10,10,8.93045993474075,9.165598041424897,8.86617818307296,9.179831440591727,3.682026749680243,2.1951623140024084
1433.8000000000002,10,10,8.936828359223412,9.159832085832031,9.00307386729916,9.28247500087499,3.5915147508481127,2.098654810954366
1434.0,10,10,8.941691031824627,9.153543384116377,9.143863113809687,9.118610527002723,3.49151342269966,2.1431338575663337
1434.2,10,10,8.945298838285341,9.148484335323753,8.841575001384737,8.866785230791873,3.474016228810671,2.2431338575663564
1434.4,10,10,8.9490445505695,9.144737790371181,9.12138062475303,9.161362401429193,3.4119328910901334,2.3268217510189215
1434.6000000000001,10,10,8.951369191778621,9.141753028129571,8.993089086855301,9.041209624491948,3.3379763852279964,2.396026463783855
1434.8000000000002,10,10,8.954258026133017,9.139249767495716,8.962807875012555,9.100629344854644,3.437974333284526,2.3366332329055406
1435.0,10,10,8.958533836730027,9.136253462620125,9.066178601895428,8.983584001183292,3.4371178881883724,2.3809071832110407
1435.2,10,10,8.962834035251692,9.134124116456544,8.794599577745393,9.05064701729665,3.502322853788719,2.3755840608583645
1435.4,10,10,8.96888408030945,9.131284050949342,9.001984482588048,9.056675788160653,3.602322853788742,2.3562435588729183
1435.6000000000001,10,10,8.976716429693308,9.128127505299078,8.887800007631785,9.301698167054722,3.7023228537887647,2.261685256443575
1435.8000000000002,10,10,8.984914643208317,9.123785231040905,9.057416363614653,9.310406563527929,3.619197174484167,2.1616852564435525
1436.0,10,10,8.991544160234081,9.119352529382851,8.997675821779398,8.995193720911766,3.519197174484258,2.248627796841411
1436.2,10,10,8.997872655850408,9.116115047659962,9.029097097118166,9.207033837096569,3.5883736481836155,2.2875480997635202
1436.4,10,10,9.00421526654861,9.11268418985972,9.102790382282931,9.299341162248725,3.4903816184540863,2.2998373802751697
1436.6000000000001,10,10,9.009522714475414,9.110323874062075,9.096088192396092,8.891635557329183,3.5030810637266323,2.3998373802751924
1436.8000000000002,10,10,9.01629034897569,9.109244950557738,8.834176477507755,9.096239981650234,3.603081063726655,2.470209944392475
1437.0,10,10,9.024836202260834,9.10870929213937,8.979982134337368,8.941887235752755,3.703081063726564,2.533078916161005
1437.2,10,10,9.03515902892306,9.108955677676299,8.997346741779936,9.183955216439225,3.803081063726587,2.5085074586467795
1437.4,10,10,9.046791878502383,9.108185890531775,8.928900454183093,9.163175233203361,3.7986595956511375,2.4085074586467567
1437.6000000000001,10,10,9.057220945929267,9.106493316916998,9.001002112519737,9.109222645805431,3.698659595651115,2.401242894979445
1437.8000000000002,10,10,9.066067450599688,9.105520994518937,9.27387582315338,9.111558470662379,3.598659595651092,2.4153133427175835
1438.0,10,10,9.07340813190074,9.104798337091735,9.007464920239585,9.111712255851113,3.5393343399414716,2.497590563941666
1438.2,10,10,9.081456323308347,9.105367519988722,9.049174185347834,9.190424319899996,3.6393343399414944,2.5974967743624124
1438.4,10,10,9.091270368916849,9.106018801927837,8.974298193556015,9.246379825969662,3.739334339941517,2.500335114566559
1438.6000000000001,10,10,9.102249327324383,9.105955435852572,8.99261356356869,8.953199653507685,3.7209764772514378,2.5249448891831863
1438.8000000000002,10,10,9.112318319793076,9.107021549611686,8.930491970050246,9.026504035494593,3.7182259649149776,2.624944889183209
1439.0,10,10,9.123705029001476,9.108703534041288,8.919272162726003,9.121845408612,3.8182259649148866,2.5768562781133033
1439.2,10,10,9.136801539026472,9.11006777982892,9.125789071781323,8.989574797518946,3.8954810478377824,2.6365809432541973
1439.4,10,10,9.149636879722564,9.112308800623305,9.204848871043342,9.330790172970062,3.795588886509126,2.6263345864672685
1439.6000000000001,10,10,9.160887408380749,9.113595726196067,9.095550342916026,9.121959358743815,3.6955888865091033,2.5263345864672457
1439.8000000000002,10,10,9.170545830433214,9.114649362255419,9.089925546130004,9.031234590072462,3.5955888865090806,2.6026600955326127
1440.0,10,10,9.17862208924356,9.11649515791335,9.204474386699195,9.183135514148292,3.4955888865091715,2.5783202377226924
1440.2,10,10,9.185808243163963,9.11783454212345,9.177509217593022,9.10373548541747,3.5243507950265367,2.6088284464912586
1440.4,10,10,9.193441343873097,9.119961045163471,9.113160805808043,9.094458832770721,3.4624864698569793,2.6030996883195128
1440.6000000000001,10,10,9.199553872272189,9.121142405507882,9.28680899272372,9.089979697992028,3.3624864698569565,2.50309968831949
1440.8000000000002,10,10,9.204623953194908,9.121884102792588,9.238187492453529,8.967448150480665,3.3770058265187672,2.5614024181429857
1441.0,10,10,9.21113311042175,9.123855716598877,9.208225619913492,9.177265124236413,3.4769897366264324,2.661402418142895
1441.2,10,10,9.217813669495568,9.126469600924892,9.277958925357312,9.233812044407152,3.3823165322487037,2.6184499932450565
1441.4,10,10,9.223711237984467,9.127956063852091,9.13041139767679,9.112620275122833,3.4209190800342113,2.5184499932450337
1441.6000000000001,10,10,9.230278249138841,9.12928377191634,9.307843742109622,9.166910145140818,3.373360680885048,2.602855155574628
1441.8000000000002,10,10,9.23542276645596,9.131884774959676,9.222576879133793,9.028082264537616,3.308704274086609,2.702855155574651
1442.0,10,10,9.239943895769924,9.134941486425696,9.34082532141713,9.14889105944257,3.2355524439298606,2.6413827034831905
1442.2,10,10,9.242915192232193,9.136806299607112,9.31773639929502,9.262108683888007,3.135552443929838,2.5413827034831677
1442.4,10,10,9.245017745122102,9.137862517639853,9.307585812562742,9.10235726316556,3.1670774485491986,2.5586555185957938
1442.6000000000001,10,10,9.248664357351082,9.139976169936233,9.207667697453784,9.043773542911211,3.2670774485492213,2.6586555185958165
1442.8000000000002,10,10,9.254054943378215,9.143175193572862,9.20533665038737,9.156193349874075,3.367077448549244,2.6813076254152253
1443.0,10,10,9.261186447686905,9.146594944846106,9.203146796563361,9.117340369585243,3.467077448549153,2.7583093763951703
1443.2,10,10,9.27005852879247,9.151276676009395,9.240813736153415,9.021841531063664,3.567077448549176,2.858309376395193
1443.4,10,10,9.279997762984767,9.156442849022268,9.160088665912761,9.212511509976498,3.5396292386196606,2.799182846956315
1443.6000000000001,10,10,9.288612911408825,9.160428807064385,9.197482683752998,9.245180363199154,3.4739852474553032,2.699182846956292
1443.8000000000002,10,10,9.29780875284761,9.163182904671194,9.205349157949154,9.206615585112083,3.5732482115504736,2.5991828469562694
1444.0,10,10,9.307090240306502,9.164710237130295,9.260220235353056,9.457040944998463,3.4765721344565828,2.4991828469563604
1444.2,10,10,9.314739760067221,9.165093952053203,9.401576899615167,9.282997037335452,3.37657213445656,2.4506566309973645
1444.4,10,10,9.321078258376922,9.166066967382262,9.252447412628381,9.202956931170739,3.364397290844997,2.5506566309973873
1444.6000000000001,10,10,9.327850040733194,9.16831812886895,9.361351893015474,9.192005062265865,3.3300436195947234,2.65065663099741
1444.8000000000002,10,10,9.333192790928347,9.171685366475616,9.495114449667348,9.222932250412834,3.2300436195947007,2.692753781539891
1445.0,10,10,9.336937075669423,9.175120728128366,9.477226677629446,9.249998440529922,3.1300436195947916,2.6943829252393576
1445.2,10,10,9.339085914648775,9.178122964608331,9.446501126423769,9.157832014486864,3.030468766256814,2.617617489532293
1445.4,10,10,9.341256096905518,9.180008243630464,9.510036657637098,9.307177150854418,3.127454600990938,2.5183385286076834
1445.6000000000001,10,10,9.345141236160709,9.181883194307536,9.326808601872237,9.047645126591984,3.227454600990961,2.616655152393672
1445.8000000000002,10,10,9.350589987076344,9.185026949503454,9.410038145770743,9.188099503773236,3.266885255355465,2.716655152393695
1446.0,10,10,9.355880038679635,9.189437809503117,9.26419290988627,9.147972511190579,3.288311324843322,2.816655152393604
1446.2,10,10,9.361037501381851,9.194635208988135,9.419083909090933,9.305582978960672,3.1930720600446483,2.7933945322271936
1446.4,10,10,9.364601421675305,9.198778325085948,9.404498372625904,9.202019651388305,3.0930720600446255,2.712673652188818
1446.6000000000001,10,10,9.36805894737931,9.20315493960761,9.367366511017387,9.176337991925056,3.18241698372037,2.812673652188841
1446.8000000000002,10,10,9.373091447475506,9.208044291046923,9.45777238840484,9.163935613211107,3.2217440387719254,2.7584145233622457
1447.0,10,10,9.377327285006434,9.211749592115323,9.613340915219995,9.349147553457845,3.1217440387720163,2.6584145233623366
1447.2,10,10,9.380263358970764,9.214659856559681,9.467117763971709,9.205145612903115,3.1082115692721053,2.678856119824616
1447.4,10,10,9.384381065020388,9.218631771904594,9.41977306262839,9.260720288894486,3.208211569272128,2.778856119824639
1447.6000000000001,10,10,9.390222516863078,9.223865137435277,9.523021109973005,9.074386336972632,3.3082115692721508,2.8788561198246616
1447.8000000000002,10,10,9.39636994714622,9.229735986135617,9.45426933147418,9.260470809494992,3.2233717986108394,2.837885194371301
1448.0,10,10,9.400926271476528,9.234463703160046,9.420904544105461,9.328849831889055,3.1302658861000463,2.7378851943713918
1448.2,10,10,9.404043752818156,9.238615676034453,9.474216976840093,9.19321451533333,3.033827865437089,2.7848451457377257
1448.4,10,10,9.406859909713605,9.24333630579795,9.426916125384157,9.319188113050869,3.110616029640259,2.746937952863518
1448.6000000000001,10,10,9.411372347764905,9.246990128774435,9.281823122957785,9.263848527459771,3.2106160296402817,2.6931054716547225
1448.8000000000002,10,10,9.41713309673328,9.251163590127005,9.532581871227398,9.158123925809106,3.2055910945630166,2.793105471654745
1449.0,10,10,9.42199541035529,9.256169771719255,9.391002191263075,9.310823272850998,3.1960612049742925,2.776506479766932
1449.2,10,10,9.427310439434418,9.26021653922252,9.516919449833866,9.323616006277806,3.1608386901532484,2.703268552458911
1449.4,10,10,9.431222694608854,9.26355369008876,9.477160498255227,9.340630668312498,3.093468337587295,2.6472569281645275
1449.6000000000001,10,10,9.435668014965364,9.265924201773426,9.37898712532035,9.297321638770477,3.193468337587318,2.5483167997065954
1449.8000000000002,10,10,9.441489303021143,9.267752918378948,9.48238923326938,9.219951874334033,3.207070775120389,2.5806434327981944
1450.0,10,10,9.446886188497848,9.270544945789464,9.331245090497829,9.135466768173925,3.2349410958826788,2.680256278637397
1450.2,10,10,9.45313678411677,9.274600832663658,9.426160718779764,9.1106164577514,3.2123337688008307,2.78025627863742
1450.4,10,10,9.45801443028712,9.279916404607054,9.532709286011096,9.007732099701439,3.112333768800808,2.8802562786374426
1450.6000000000001,10,10,9.461285245331839,9.286099639206688,9.581517030086218,9.417928364092935,3.012333768800785,2.8695992609128114
1450.8000000000002,10,10,9.464100598936334,9.291269995164992,9.419003199112327,9.248229376089558,3.078374281749908,2.7695992609127886
1451.0,10,10,9.468577750038593,9.295181939119797,9.444853684255046,9.413726732984106,3.178374281749817,2.6695992609128796
1451.2,10,10,9.474747621157833,9.297842977628894,9.298910430402653,9.384277764776956,3.27837428174984,2.569599260912857
1451.4,10,10,9.48258799176016,9.299657843434261,9.503012460953368,9.328288808961466,3.3683903740660286,2.5820877299549565
1451.6000000000001,10,10,9.490275207177739,9.302503149285027,9.618261832003217,9.174995077706088,3.2684396630354113,2.6820877299549792
1451.8000000000002,10,10,9.496319304620704,9.306565582615322,9.531844222556941,9.215839342444575,3.1684396630353886,2.7432437899224387
1452.0,10,10,9.501284985947018,9.310635509678416,9.492373209073914,9.309766965728237,3.1837728863245918,2.751208020153488
1452.2,10,10,9.507647046659711,9.314393607625973,9.317615979735313,9.441968023773104,3.2837728863246145,2.653664072821978
1452.4,10,10,9.515300092395208,9.317076068769461,9.591236918750717,9.306950372698227,3.286993655817358,2.6267123489490443
1452.6000000000001,10,10,9.521744675592894,9.32051514356397,9.58771811810895,9.212257254376633,3.1869936558173353,2.726712348949067
1452.8000000000002,10,10,9.526550357674022,9.324346302850183,9.721397906501393,9.481727647012658,3.0869936558173126,2.6605272309990404
1453.0,10,10,9.530076823714882,9.327082339179004,9.47222585369623,9.26428795881262,3.0799362569486846,2.6235160907822497
1453.2,10,10,9.534194542855806,9.32993495175204,9.624027030694512,9.456326043363042,3.0580049308039587,2.5910505487926874
1453.4,10,10,9.537182724984438,9.331676384938575,9.633809003060483,9.38655853085808,3.0373331949666453,2.4924191273636986
1453.6000000000001,10,10,9.539788878503828,9.333401833311463,9.706532684156263,9.222636802769205,2.9504297759423137,2.589625654711859
1453.8000000000002,10,10,9.541415409775992,9.33638005183378,9.49757178765312,9.34578017339272,2.9757547793655603,2.6896256547118815
1454.0,10,10,9.544187628961138,9.34060895370036,9.732048933908501,9.330656331793778,2.9879842447900713,2.7896256547117906
1454.2,10,10,9.546092700597791,9.345947463959966,9.519499119945634,9.300089924939316,2.9622527184848564,2.823364717329729
1454.4,10,10,9.548435559060056,9.350581656329041,9.480674643745392,9.386122852453296,2.9650516827511417,2.7233647173297064
1454.6000000000001,10,10,9.55145663895062,9.353987590708028,9.456902651167374,9.380922312860125,3.0639904879909015,2.6471926396838117
1454.8000000000002,10,10,9.555638919668123,9.356422435853478,9.601733835745437,9.446087587113372,3.0518223933796618,2.5488329463350587
1455.0,10,10,9.558881079362314,9.358529333558776,9.561969826528884,9.160903767563761,3.0487554763248426,2.6205871328438395
1455.2,10,10,9.563363601417109,9.361856933891458,9.405853973253267,9.433286267526919,3.1487554763248653,2.702149057818741
1455.4,10,10,9.569528546767696,9.364965405614553,9.411359461805118,9.481110703675096,3.248755476324888,2.602149057818718
1455.6000000000001,10,10,9.57581770100052,9.367478930313126,9.695874085151774,9.216372386772033,3.156002554724327,2.646480173657286
1455.8000000000002,10,10,9.58047438216823,9.371154558201033,9.503013474176129,9.343961180429645,3.0761565112591374,2.7464801736573086
1456.0,10,10,9.583933995361257,9.376082680315468,9.700448507120791,9.374314754317933,2.983601998115631,2.8464801736572176
1456.2,10,10,9.586668681608616,9.381527941944649,9.503630563426453,9.446130635618012,3.030358000745041,2.7941163994785545
1456.4,10,10,9.590985915228377,9.386499386855142,9.529318859446235,9.267294385798287,3.1303580007450638,2.8452575061009275
1456.6000000000001,10,10,9.596746836859861,9.392646657149369,9.57524102903576,9.358144761102489,3.1545564953445138,2.9452575061009503
1456.8000000000002,10,10,9.601539046741477,9.399081296163056,9.624598764955945,9.565416834197741,3.0545459043899665,2.8701956183908512
1457.0,10,10,9.604704694522834,9.404462364217732,9.606020129530895,9.223201020337871,2.9545459043900575,2.848338232640657
1457.2,10,10,9.607607155708635,9.41035289002724,9.514182909488664,9.450041519107078,3.035408242429444,2.855788129353852
1457.4,10,10,9.61202086109758,9.415341069577243,9.649058795038377,9.426522628223577,3.0708136991967887,2.7557881293538293
1457.6000000000001,10,10,9.616769542772584,9.41935028797083,9.441935751059052,9.33162977791466,3.1415620175821006,2.750376843031641
1457.8000000000002,10,10,9.623165525673274,9.424265334522248,9.469324148412666,9.342742361207776,3.2415620175821234,2.8504107987638085
1458.0,10,10,9.630209550871914,9.429258698267365,9.67473825376639,9.38272602668499,3.1837943851479595,2.756721061054526
1458.2,10,10,9.636257767295726,9.433490842965302,9.548986750320374,9.267680291709315,3.2018233743460716,2.7819910292669308
1458.4,10,10,9.64356167502112,9.437840845372591,9.577666015704258,9.522176767935084,3.243293777382719,2.70683197845315
1458.6000000000001,10,10,9.650039470249894,9.441171430499338,9.751227511352933,9.383093282449824,3.1432937773826963,2.6893002974948392
1458.8000000000002,10,10,9.654861051797024,9.445028080936497,9.765932171434748,9.427330705534272,3.0432937773826736,2.69230070571289
1459.0,10,10,9.65808369176959,9.4491438197891,9.5831095045368,9.362620043089759,2.977560683836594,2.7865998991488836
1459.2,10,10,9.660653781254263,9.453937422587432,9.668649603823505,9.490163027313518,2.9077126097039137,2.7521320114604406
1459.4,10,10,9.662176553964944,9.457599045544129,9.483155217258757,9.418645833189728,2.9229156505629437,2.6565818749295698
1459.6000000000001,10,10,9.664665208486571,9.460468823279886,9.559356216662783,9.378440729181584,2.9227838429781445,2.6164547798339246
1459.8000000000002,10,10,9.66671763358225,9.463644136468037,9.71357354607128,9.37609354977229,2.961377217117537,2.7146772121078713
1460.0,10,10,9.669446556024376,9.467765250278743,9.766892148228582,9.501076915839604,2.9183474009761095,2.7166514929330523
1460.2,10,10,9.671054720864827,9.470947135142964,9.669772893471375,9.514386628944097,2.914910837085451,2.6166514929330296
1460.4,10,10,9.673263642498188,9.473469904573232,9.776287235238913,9.411362717406892,2.8917530166562027,2.6553838987462988
1460.6000000000001,10,10,9.674188694999268,9.477121949758963,9.660147433993346,9.44757129526094,2.8450341225260756,2.7553838987463215
1460.8000000000002,10,10,9.674401184200402,9.481103669951358,9.80414400965823,9.482148138693981,2.754632125470876,2.684951081501102
1461.0,10,10,9.673259501342155,9.483841122709428,9.645452503351148,9.595746879646102,2.736665287656218,2.584951081501193
1461.2,10,10,9.672574329067203,9.485949940114311,9.621759071873779,9.332309585312592,2.711957102101201,2.6278353082866976
1461.4,10,10,9.67150835355853,9.489063392027251,9.677715854987643,9.667043813156766,2.768860744277979,2.6624655805730004
1461.6000000000001,10,10,9.670909140149806,9.491475325895557,9.702770835268247,9.507425781884226,2.703192012665448,2.5624655805729777
1461.8000000000002,10,10,9.668710848383283,9.492617401648813,9.814919366451209,9.52017020976705,2.603192012665425,2.462465580572955
1462.0,10,10,9.665906270095778,9.493113768538246,9.577920225080474,9.504315162687782,2.6617445916150877,2.5034939774703653
1462.2,10,10,9.664707403125048,9.49461565804549,9.636574505454625,9.609975666513824,2.7617445916151104,2.5396316308356077
1462.4,10,10,9.665182648561514,9.495552671050515,9.655346960928535,9.545276691758442,2.861744591615133,2.4899204434153748
1462.6000000000001,10,10,9.667323433261366,9.49699319343559,9.64932858364343,9.56051742940479,2.961744591615156,2.589552893520512
1462.8000000000002,10,10,9.670925392940333,9.499686822637738,9.599400969972,9.359415985055119,2.9914869512927007,2.689552893520535
1463.0,10,10,9.674275985430333,9.503631778743303,9.647520948621956,9.51104982553225,2.998148116193989,2.789552893520444
1463.2,10,10,9.678084992557231,9.508182363460381,9.638810070934584,9.571752353631753,3.02097083147919,2.7773507347191955
1463.4,10,10,9.681280322154327,9.511997555422539,9.82758015263388,9.424369642152651,2.9220225032434124,2.6804901035398645
1463.6000000000001,10,10,9.68301535749133,9.514550197439895,9.746413290575319,9.47629211254999,2.889794876523367,2.5804901035398418
1463.8000000000002,10,10,9.684764656579254,9.516887592523375,9.768690829862926,9.55532676333299,2.840415100358532,2.6630987928126446
1464.0,10,10,9.686098686321614,9.520461368970537,9.639560602859467,9.51643700723628,2.904897081911368,2.7630987928125537
1464.2,10,10,9.689066579572504,9.525280420052624,9.650558267938417,9.264709637585733,3.0048970819113907,2.8630987928125764
1464.4,10,10,9.69355585528503,9.530883599206968,9.640081640105587,9.446186475043572,3.0416016089725706,2.841770660309058
1464.6000000000001,10,10,9.697237711806672,9.535416974399562,9.642827438030144,9.592356148045154,2.9596793069047993,2.7417706603090353
1464.8000000000002,10,10,9.701083775335864,9.538687194691724,9.641099532592913,9.726822115594485,3.0538855721198153,2.6417706603090125
1465.0,10,10,9.70509807928281,9.540699220382319,9.626416037482581,9.691183142013713,2.9644251516010156,2.5417706603091035
1465.2,10,10,9.707446331911896,9.541453625457967,9.749284352276684,9.715638491495874,2.864425151600993,2.4417706603090807
1465.4,10,10,9.70928824220546,9.541333207213265,9.734343076994636,9.459854064455955,2.9320251196855596,2.4522019006106093
1465.6000000000001,10,10,9.712738683790324,9.542216921032082,9.599255701616304,9.431372684096512,3.0320251196855823,2.552201900610632
1465.8000000000002,10,10,9.717845217939722,9.544233408409049,9.613084413907966,9.56688808383583,3.132025119685605,2.5892036444484816
1466.0,10,10,9.724604556062033,9.545587703371064,9.580203483550926,9.760127162836211,3.232025119685514,2.4892036444485726
1466.2,10,10,9.73179669394492,9.5463024534,9.852987411682692,9.420533534711502,3.1617165108281933,2.5281512874541447
1466.4,10,10,9.737341615881537,9.548101227955579,9.884056172110618,9.613179844351958,3.0617165108281705,2.583629683229049
1466.6000000000001,10,10,9.741213963618975,9.550105124009995,9.848662553863468,9.43808457063834,2.961716510828148,2.6329855778560605
1466.8000000000002,10,10,9.743522098719382,9.55270061105387,9.740754346952116,9.603214917103882,2.910270497634839,2.597302657386624
1467.0,10,10,9.7458962923546,9.555300038959588,9.686291050275065,9.456616200457516,2.8990588364328187,2.687422079908695
1467.2,10,10,9.747101732835992,9.55898802141402,9.781162100415589,9.531449468979325,2.800354929913471,2.7173108000201545
1467.4,10,10,9.746663012650696,9.562046984642718,9.857977704556575,9.666789377834151,2.7003549299134484,2.6483727425269956
1467.6000000000001,10,10,9.744918731576007,9.564113873332992,9.82199736683211,9.656495222695641,2.6907312511988506,2.5484327883144444
1467.8000000000002,10,10,9.743876184939635,9.564911102966391,9.898969983374995,9.605303694557303,2.7140992728623146,2.4484327883144217
1468.0,10,10,9.743670047644791,9.564498564037759,9.743588063072838,9.65680251483388,2.8127212950127967,2.3874163435843014
1468.2,10,10,9.745117127753698,9.56451762776292,9.619404562108272,9.535651276132375,2.9127212950128194,2.487426780623229
1468.4,10,10,9.748106827717987,9.565791183266398,9.71322491637372,9.670430094873913,2.9612508489168357,2.5874267806232516
1468.6000000000001,10,10,9.750349930736316,9.567638008942824,9.873087404990768,9.596502879253352,2.861250848916813,2.5682804742530307
1468.8000000000002,10,10,9.75112301359091,9.568670124781017,9.762286905272099,9.672534240307261,2.8295577156809997,2.468932049036359
1469.0,10,10,9.75283424769912,9.569273317831161,9.697228224379938,9.443327824828943,2.9295577156809087,2.5317008989606853
1469.2,10,10,9.75620469260352,9.571086816531261,9.771977209612041,9.625629547428922,3.0295577156809315,2.631700898960708
1469.4,10,10,9.760397151800207,9.573296504920902,9.802475878737418,9.85110355107394,2.9875792490324296,2.566336823206397
1469.6000000000001,10,10,9.763059893569627,9.574418351373572,9.881703451593832,9.449649105362171,2.887579249032407,2.531114278650513
1469.8000000000002,10,10,9.764130701036208,9.576217630983335,9.763014592614859,9.518752778807462,2.8301522535934485,2.631101015624799
1470.0,10,10,9.76518905189757,9.578104298578205,9.946153510267756,9.546576706715785,2.814957901788635,2.5389307832412675
1470.2,10,10,9.766595677297646,9.578730622955339,9.691530768575161,9.650347130591738,2.91185644620081,2.438930783241245
1470.4,10,10,9.769652913082783,9.57862717531189,9.598209024095121,9.624260165604989,3.0118564462008326,2.468444838126048
1470.6000000000001,10,10,9.773406299033567,9.579626428891816,9.847724998624056,9.58604268304429,2.960595843200788,2.5684448381260707
1470.8000000000002,10,10,9.775589609626628,9.581879706142518,9.773284789907807,9.40853720246115,2.860595843200765,2.6684448381260935
1471.0,10,10,9.776401070324566,9.58537967058057,9.76964791605824,9.563314056305574,2.8428325877960137,2.7684448381260025
1471.2,10,10,9.778320990247291,9.589402723169435,9.735231410083157,9.62718328018014,2.9428325877960364,2.717024352930748
1471.4,10,10,9.781210444456741,9.592577634246279,9.732818567373915,9.670977563676765,2.9126100312350403,2.721316510204006
1471.6000000000001,10,10,9.783083213610603,9.59591127695993,9.77134096499738,9.67814120697531,2.8755959696813047,2.6616015451214237
1471.8000000000002,10,10,9.784054666351603,9.598100152029852,9.806781380456403,9.579970394016723,2.7895403576136535,2.6085547912025637
1472.0,10,10,9.783781105035223,9.60079844634759,9.934450112991836,9.420928977778596,2.72893036177452,2.7085547912024728
1472.2,10,10,9.78221090055137,9.604644122293735,9.906556930289145,9.683849729786399,2.6292806595298237,2.754359511767926
1472.4,10,10,9.779441481449005,9.60792549203392,9.890458673685902,9.746439314135538,2.6314213173193504,2.6851141837754375
1472.6000000000001,10,10,9.777962835143232,9.610844055404572,9.782112182489842,9.617973080451714,2.731421317319373,2.6742322208178844
1472.8000000000002,10,10,9.778166968358713,9.613800040739527,9.803058538901547,9.535276016157624,2.829498368130778,2.69710605748825
1473.0,10,10,9.778395813114145,9.616554000054487,9.808091360050891,9.656783453527613,2.7320655418815094,2.6379330238048104
1473.2,10,10,9.776973409055598,9.618268281209371,9.884651750599003,9.512884900955656,2.6320655418814867,2.5379960005687687
1473.4,10,10,9.775026749078272,9.619263486401069,9.74814899311605,9.61620160704797,2.69693356693964,2.570455290249764
1473.6000000000001,10,10,9.774682960964888,9.621358993628276,9.831429773189097,9.615349779878972,2.77542809688124,2.670455290249787
1473.8000000000002,10,10,9.77555016618944,9.62469867476115,9.77838787909898,9.522834111409995,2.867515041192148,2.7704552902498096
1474.0,10,10,9.778095989282678,9.628484839389913,9.742914476899871,9.598615935451475,2.967515041192057,2.711233765245456
1474.2,10,10,9.781703380748352,9.63182137755186,9.806120296536378,9.586512249490573,2.946314280411529,2.738045306489465
1474.4,10,10,9.783912011317128,9.63474923548708,9.886716221130596,9.671575600085536,2.8463142804115065,2.6395712432465133
1474.6000000000001,10,10,9.78495605486358,9.636413020429519,9.812692160802763,9.779242475782906,2.855354388471776,2.5395712432464905
1474.8000000000002,10,10,9.786985084199658,9.637354555557142,9.89383884873176,9.569095980282496,2.8662029076455697,2.5705573838200153
1475.0,10,10,9.789178151448251,9.639370883879613,9.726937130034301,9.628921581420718,2.9443100405914384,2.6410085826592096
1475.2,10,10,9.79201585218509,9.64112516100591,9.784399000003484,9.701723233172368,2.8893983172178324,2.580499607747931
1475.4,10,10,9.793705414608612,9.64317862308158,9.626943033276573,9.685059971866664,2.891491655774403,2.6666479042361813
1475.6000000000001,10,10,9.796193294081485,9.64641290091055,9.955750012098925,9.499195222165573,2.8848786303811966,2.766591968805016
1475.8000000000002,10,10,9.797538625720204,9.65032511159415,9.841394134525103,9.619974057597833,2.8438115638995725,2.7321204502465393
1476.0,10,10,9.798429909435688,9.653472134155756,9.913074835116136,9.584613354464263,2.76671920774133,2.740131701560192
1476.2,10,10,9.79867299533369,9.657594215974669,9.62824876211363,9.525410133425442,2.8198496569066447,2.8401317015602148
1476.4,10,10,9.800514714760991,9.6629571164876,9.885325145622241,9.435456644250344,2.917313491464276,2.9401317015602375
1476.6000000000001,10,10,9.802356833088755,9.669065681591247,9.912967962271892,9.689783024343495,2.818032082004072,2.9145818116406623
1476.8000000000002,10,10,9.802566018565889,9.674164305009416,9.897918621578352,9.486970022660346,2.7180320820040493,2.8680474384864167
1477.0,10,10,9.801329033679162,9.67867262812015,9.84564709738126,9.955968813858783,2.6851660855955855,2.776521202179853
1477.2,10,10,9.80102017249714,9.681908481199676,9.816574265393049,9.765857359965075,2.76129595878414,2.6765212021798304
1477.4,10,10,9.801946464508392,9.68437719525355,9.827382688899949,9.756852168700641,2.856980581162711,2.6896221444773687
1477.6000000000001,10,10,9.804542551078317,9.687367761710481,9.714850571316667,9.516412749935135,2.9569805811627337,2.7268072253593583
1477.8000000000002,10,10,9.808805376155455,9.690004831614221,9.691270825049797,9.560636894053625,3.0569805811627564,2.6309983754369806
1478.0,10,10,9.814422085797696,9.691388652729163,9.827569621756906,9.900051468495919,3.0722689191543036,2.5309983754370715
1478.2,10,10,9.818905859355555,9.691521568170032,10.003825815456358,9.834651252443534,2.972268919154281,2.4309983754370488
1478.4,10,10,9.82173625003878,9.690402694104503,9.827704224562137,9.780622542640483,2.902363261075241,2.330998375437026
1478.6000000000001,10,10,9.824998962242981,9.688852387157812,9.72059778533764,9.590787478215736,3.0023632610752635,2.392576396264754
1478.8000000000002,10,10,9.829021267789951,9.688516020123872,9.881163272678224,9.763662482875732,2.957379213242086,2.4852764119658124
1479.0,10,10,9.831797648019508,9.689331850659597,9.767915375456306,9.640125435260362,2.943822244702528,2.583939426381743
1479.2,10,10,9.835692551912626,9.691402357746181,9.588327826366951,9.67354821317946,3.0438222447025507,2.6839394263817655
1479.4,10,10,9.84063942565758,9.694496453682337,9.925162270406533,9.746582677185755,3.022912089787675,2.6981772613139037
1479.6000000000001,10,10,9.844187049974428,9.696742999058186,9.770879861519106,9.923787977171216,2.936624688005573,2.598177261313881
1479.8000000000002,10,10,9.8479465557505,9.697731864738673,9.737196355879437,9.762672157908677,3.036624688005596,2.498177261313858
1480.0,10,10,9.852285389848385,9.698181057319887,10.05010259297261,9.761194854264538,2.9766241360910404,2.535070953488949
1480.2,10,10,9.855025010043965,9.69841315789128,9.88189953937844,9.85772596475276,2.896835084650916,2.4375231421512678
1480.4,10,10,9.856949788350128,9.697804173088912,9.875609613048491,9.692013788054686,2.8332311857310724,2.4523465129012774
1480.6000000000001,10,10,9.857248939645965,9.697364062045596,9.85084665440792,9.950478147341537,2.7332311857310496,2.3871004653341283
1480.8000000000002,10,10,9.85631828931184,9.696212301115038,9.89991112304847,9.503279998020384,2.7371183002037327,2.4146993378029373
1481.0,10,10,9.855551493010507,9.696136651048366,10.035181851378193,9.705504153982844,2.6741701483637863,2.4972732388476446
1481.2,10,10,9.853638229667236,9.696709586632153,9.78496300957713,9.743633327032743,2.6795677104311117,2.563490860123193
1481.4,10,10,9.853022615384385,9.698081971967394,9.706039956417584,9.648540658483949,2.7795677104311345,2.55475883639165
1481.6000000000001,10,10,9.853948821404677,9.69969395100106,10.011697658661415,9.631901305549071,2.8247590681450823,2.6506457657688327
1481.8000000000002,10,10,9.854092805879972,9.701832924459579,9.929837453614878,9.802980122900816,2.7247590681450595,2.5992878792921705
1482.0,10,10,9.852613835961565,9.702990994080203,9.8637836080885,9.664298689838407,2.6505532752494,2.581293397681474
1482.2,10,10,9.85153519541829,9.704953815112045,9.790796519212602,9.665730008016604,2.750391904488214,2.6812933976814968
1482.4,10,10,9.852134350051482,9.70788750589827,9.594889456995878,9.668257180730947,2.850391904488237,2.6881740052484027
1482.6000000000001,10,10,9.854143557903376,9.709915764249207,9.952762535275404,9.765930231590392,2.871024070971594,2.58817400524838
1482.8000000000002,10,10,9.855471062158355,9.711095106310124,9.795794468549515,9.577375033820296,2.8665875825204115,2.602710578205448
1483.0,10,10,9.85798004369581,9.712767002898437,9.835645175946008,9.804040927460703,2.9421056238635033,2.5728705599842265
1483.2,10,10,9.86168737428852,9.713914018107754,9.72379775202789,9.683080101985125,3.037415009797336,2.608436953059301
1483.4,10,10,9.865916259885866,9.716123089476318,9.907985619843796,9.706740877250313,2.972509037997311,2.66316971375366
1483.6000000000001,10,10,9.868530247834043,9.718916156809437,9.963037177772597,9.707267094878853,2.8725090379972884,2.7494720406323316
1483.8000000000002,10,10,9.869786620538994,9.722949489710809,9.806342629705387,9.681014347824055,2.856747334941411,2.8494720406323544
1484.0,10,10,9.872170298861569,9.727418676544305,9.656174903522032,9.664050340853827,2.95674733494132,2.8037855065684654
1484.2,10,10,9.876230110528686,9.730859035615309,9.753690596584025,9.825176292214627,3.0567473349413428,2.70384809970385
1484.4,10,10,9.880611867847279,9.733042000160566,10.002820055470897,9.638451993689646,2.9773130860073134,2.603848099703827
1484.6000000000001,10,10,9.883340838408795,9.734485256012649,9.845902004403753,9.65219552628975,2.885937463308963,2.63217178544618
1484.8000000000002,10,10,9.885151103189129,9.736807252233266,9.887676328951965,9.70021803528975,2.837987989598424,2.6502006854271123
1485.0,10,10,9.887118089946265,9.738304398358117,9.778956039837135,9.813205502236535,2.9315721985919465,2.5502006854272032
1485.2,10,10,9.889600986223625,9.738543878611486,9.918021338275615,9.881978697779118,2.8664849377030714,2.4502006854271805
1485.4,10,10,9.891000162305671,9.737878451612403,9.766087175585218,9.75370049960443,2.8812380752496223,2.4559439278217514
1485.6000000000001,10,10,9.893256244314424,9.73818995371898,9.962063107985642,9.680967415624437,2.8729741963411737,2.555943927821774
1485.8000000000002,10,10,9.895006469438114,9.739141658683911,9.721866381539524,9.919793078176266,2.91315353622467,2.5161856925354256
1486.0,10,10,9.897929566993966,9.739095962494924,9.8673156417553,9.831667216121804,2.9241971828329696,2.4841855977493417
1486.2,10,10,9.899823462519123,9.739759929320293,9.873207931465375,9.660061841774956,2.8816828015192737,2.5841855977493644
1486.4,10,10,9.900970334793428,9.741675545363192,9.889580084258473,9.651527286011921,2.7880065687510176,2.684185597749387
1486.6000000000001,10,10,9.901170753122598,9.744836820954736,9.693180106840304,9.595109520518244,2.8183389319287517,2.78418559774941
1486.8000000000002,10,10,9.902852010219592,9.749223940284812,9.813145686457878,9.615309589828533,2.9183389319287745,2.8633573902777663
1487.0,10,10,9.906215401591272,9.753357520067002,9.7429419426588,9.784019259972801,3.0183389319286835,2.7634076728965877
1487.2,10,10,9.910335949788424,9.756434551627757,9.966336020327379,9.545826208836544,2.970298943802078,2.743962035478387
1487.4,10,10,9.912908935456185,9.760314473080232,10.009395476672085,9.69727102701874,2.870298943802055,2.84396203547841
1487.6000000000001,10,10,9.913834543921636,9.764511936372344,9.952323980816336,9.667983868006235,2.7702989438020325,2.772251040713304
1487.8000000000002,10,10,9.913623729930823,9.767465095278615,9.864755264962302,9.78352451279671,2.779149181607791,2.6722510407132813
1488.0,10,10,9.913801780171209,9.76950801154066,9.870051622602688,9.675248011061441,2.7632884988926034,2.6789222831182196
1488.2,10,10,9.914558716355536,9.772122534388398,9.954429031821551,9.826518359674278,2.857834901878011,2.666055317514327
1488.4,10,10,9.915463272309086,9.77371109090353,9.94360695805105,9.764148536631847,2.7670323779102897,2.566055317514304
1488.6000000000001,10,10,9.914708503296842,9.774999780682924,9.97626043824926,9.73289368498606,2.667032377910267,2.6327567137988934
1488.8000000000002,10,10,9.913719879149994,9.77740114379684,9.829966635256973,9.708718962614453,2.7518639179867583,2.7324729708173456
1489.0,10,10,9.914369449207754,9.779890348757025,9.783671020837168,9.910882171967488,2.825619680995281,2.640646370891212
1489.2,10,10,9.91461388198668,9.781117170160458,10.00561209636426,9.883863521955258,2.7256196809952584,2.540646370891189
1489.4,10,10,9.913190894806483,9.781079262187575,9.88081524595417,9.761072726521936,2.6256196809952357,2.4406463708911663
1489.6000000000001,10,10,9.910096779315516,9.77977556213094,10.00169344329847,9.98504997364843,2.525619680995213,2.3406463708911436
1489.8000000000002,10,10,9.905524847012469,9.777686957466763,9.954462808744992,9.839972195680756,2.4942679959541456,2.364526437991672
1490.0,10,10,9.901894002208833,9.776660265333673,9.762812196441509,9.635167974192896,2.5942679959540547,2.464526437991581
1490.2,10,10,9.899926787628903,9.776775076377202,9.940871493830679,9.78187465489762,2.6942679959540774,2.507139671936967
1490.4,10,10,9.89962159008794,9.776902115276648,9.722551171635194,9.707328664632954,2.7942679959541,2.549641024755518
1490.6000000000001,10,10,9.90055935208152,9.778176037214129,9.90462256344075,9.685992535159327,2.79411406909481,2.6496410247555406
1490.8000000000002,10,10,9.90033524228276,9.780676274618253,9.86180436085479,9.694151062810088,2.737789024390234,2.7240495825962934
1491.0,10,10,9.899182226687778,9.784028123861068,9.87772268821071,9.66263133763813,2.6423347930203223,2.8166434278802104
1491.2,10,10,9.896714530764124,9.787489327295921,9.93067441558631,9.941314099190043,2.6261746340247787,2.727340287189403
1491.4,10,10,9.893740124427373,9.789753782855039,10.050035969560192,9.737266381808903,2.529890238394201,2.6761123417418027
1491.6000000000001,10,10,9.890121916977263,9.791842707851943,9.978756160807322,9.765078445780457,2.5847769455598177,2.627473004575294
1491.8000000000002,10,10,9.888098142407978,9.792742170507255,9.737272517090581,10.011530356594744,2.6847769455598405,2.5274730045752714
1492.0,10,10,9.887475258283779,9.792394693878828,10.014121858178303,9.796473417171192,2.7053360140629987,2.4513779923922385
1492.2,10,10,9.88696891713247,9.792324217165982,9.88740596392448,9.722257324711354,2.7740497925672427,2.5513779923922613
1492.4,10,10,9.887987169781926,9.79307197090687,9.829101390230601,9.986994259548151,2.826350855306306,2.533975859325226
1492.6000000000001,10,10,9.88952413580514,9.792775650382385,9.758879911837502,10.023722047557655,2.8980795397576125,2.433975859325203
1492.8000000000002,10,10,9.891782400871113,9.791458718816104,10.222599023023776,9.684537675564558,2.8519706296439153,2.420006661371868
1493.0,10,10,9.89247601821682,9.79098982789751,9.95573795282431,9.839126051064131,2.7519706296440063,2.513508464539023
1493.2,10,10,9.89149581881441,9.79045859288108,10.000965827775156,9.954243050391748,2.6519706296439836,2.415231371173518
1493.4,10,10,9.890405888751818,9.788666735120078,9.653291262630601,9.960593196950654,2.745963578578723,2.3152313711734953
1493.6000000000001,10,10,9.890955875277188,9.78611007982903,9.918483884063257,9.917122005535715,2.8459635785787456,2.310583309062757
1493.8000000000002,10,10,9.893141574791468,9.784262862943594,9.850202832168762,9.716491955532367,2.9459635785787683,2.4103555672067047
1494.0,10,10,9.896405080485897,9.783678386602519,9.728839237975677,9.611186638653397,2.9298741404771538,2.510355567206614
1494.2,10,10,9.898281355770784,9.784352907310415,9.862880847958882,9.90439835325259,2.8298841894264153,2.6103555672066365
1494.4,10,10,9.89958049963195,9.785326273888597,9.874829016611317,9.797267700380042,2.8704019035084882,2.536075769270536
1494.6000000000001,10,10,9.902105995373685,9.785411162289956,9.751399334660377,9.831769354591774,2.969607330049544,2.5255860442793097
1494.8000000000002,10,10,9.90519244863255,9.78627266930662,9.861277167065658,9.633291718929495,2.9078627200130587,2.625276515674171
1495.0,10,10,9.906672741276992,9.788360983813284,9.950322067361293,9.792210206527555,2.8078627200131496,2.6959412585507794
1495.2,10,10,9.9071570275076,9.790796910836228,9.963503484888315,9.811132290050988,2.8058047078772095,2.7167223809631778
1495.4,10,10,9.906974176939633,9.794033844723533,10.048562959072482,9.594278365249,2.706586497796253,2.8159412026743778
1495.6000000000001,10,10,9.905151722847465,9.797616354277771,10.048048822019162,9.927102250278233,2.60658649779623,2.747148517396737
1495.8000000000002,10,10,9.90169592647849,9.799954641023456,9.963627076580865,9.85606564712566,2.5176499189622343,2.6471485173967144
1496.0,10,10,9.898438643509705,9.80101878946225,9.95807296322703,9.825232073997437,2.6176499452507307,2.5471485173968054
1496.2,10,10,9.896651103902142,9.800815115678287,9.869357154824018,9.890141730204283,2.674337062087185,2.4471485173967826
1496.4,10,10,9.895976428584738,9.799354774334397,9.892406429934168,9.816550392354861,2.772879706159209,2.357372222128666
1496.6000000000001,10,10,9.8958084358955,9.796800281676116,9.994788521850525,9.905835374215936,2.7076501199642373,2.260426218599729
1496.8000000000002,10,10,9.8941074036366,9.793778137734895,10.038191904473349,9.78553115578446,2.657472450666726,2.3187069139509573
1497.0,10,10,9.89311038183969,9.791955834329489,9.865024874562677,9.805611764907644,2.757472450666635,2.4187069139508663
1497.2,10,10,9.893764375857684,9.79138872178515,9.769416459198455,9.834799393865474,2.857472450666658,2.518706913950889
1497.4,10,10,9.89607340735504,9.792078014220076,9.87926484480139,9.898584021027734,2.9574724506666805,2.618706913950912
1497.6000000000001,10,10,9.899654898750004,9.79331311691971,9.893780965820962,9.876356698317634,2.9689593612651928,2.568161701696304
1497.8000000000002,10,10,9.902947227068617,9.793372783181141,9.892110602564285,9.912672747343711,2.969903623435887,2.4681617016962814
1498.0,10,10,9.905450637962435,9.79219347412142,9.937456601871345,9.817276112592516,2.8715615037088966,2.384693827361149
1498.2,10,10,9.907264870894503,9.791210789043518,9.818506777944469,9.694843904905701,2.9263543584896485,2.4843464566787756
1498.4,10,10,9.909730205336091,9.791487836280357,9.963624254044742,9.764832385548903,2.87829312508032,2.5843464566787984
1498.6000000000001,10,10,9.910638806312063,9.793019903952343,9.891117475268649,9.669539362893325,2.7782931250802974,2.684346456678821
1498.8000000000002,10,10,9.910328855682389,9.795294904474643,9.782690089721447,9.89456513320662,2.780625026220742,2.6575383181067878
1499.0,10,10,9.91101512772812,9.797144262137751,9.923207659025932,9.589977537105058,2.804151680057206,2.7036323333842924
1499.2,10,10,9.91229631940501,9.799802828049156,9.840288919486923,9.959247001254216,2.8987380709126156,2.6982621356293257
1499.4,10,10,9.914148377811044,9.801603844780523,10.051273368258263,9.681494051134068,2.8364116574124862,2.660571595838909
1499.6000000000001,10,10,9.915928659593344,9.803330582231165,9.754138256386744,9.930859615231967,2.9281119829232884,2.6079950158795726
1499.8000000000002,10,10,9.919365144481619,9.80420790942364,9.81750873879619,9.743414216973914,3.0245455551023097,2.6114188389351702
1500.0,10,10,9.922734059897397,9.806051418452437,10.177240167964092,9.79759734185183,2.924527737277728,2.7114188389350793
