Time_s,h1_ref,h2_ref,h1_bilinear_koopman_nmpc,h2_bilinear_koopman_nmpc,v1_pump,v2_pump
0.0,12.0,12.0,12.388169305516136,12.692248974015813,2.5,2.5
0.20002667022269635,12.009426019256072,12.009426019256072,12.373848792749799,12.684105297181267,2.0,2.0
0.4000533404453927,12.018851945456325,12.018851945456325,12.349749037129527,12.667552793914245,1.5,1.5
0.600080010668089,12.028277685545861,12.028277685545861,12.3272522893876,12.640630250541008,1.559472842013899,1.0
0.8001066808907854,12.037703146471618,12.037703146471618,12.29879267064254,12.609000738347996,1.4600272315366105,0.5
1.0001333511134818,12.04712823518329,12.04712823518329,12.282979136075,12.573959727819,1.9600272315366105,0.0
1.200160021336178,12.056552858634248,12.056552858634248,12.256960348345935,12.537836741253294,1.4600272315366105,0.0
1.4001866915588745,12.06597692378245,12.06597692378245,12.241395845115774,12.500382308657969,1.9600272315366105,0.0
1.6002133617815708,12.075400337591374,12.075400337591374,12.23148016811937,12.462891384239942,2.4600272315366105,0.0
1.800240032004267,12.084823007030918,12.084823007030918,12.22305231264759,12.425464261501757,2.474002679820943,0.0
2.0002667022269636,12.094244839078339,12.094244839078339,12.217085110950025,12.388193716353113,2.974002679820943,0.0
2.20029337244966,12.103665740719155,12.103665740719155,12.222682776233235,12.358783895720816,3.474002679820943,0.5
2.400320042672356,12.11308561894807,12.11308561894807,12.231386312379886,12.332997574180105,3.974002679820943,0.9217136517324542
2.6003467128950524,12.122504380769893,12.122504380769893,12.240295909171534,12.316093005557926,3.474002679820943,1.4217136517324542
2.800373383117749,12.13192193320045,12.13192193320045,12.254185210771569,12.303846426186782,3.974002679820943,1.9217136517324542
3.0004000533404453,12.141338183267514,12.141338183267514,12.256447228165595,12.288495102189094,3.474002679820943,1.5665050308343673
3.2004267235631416,12.150753038011707,12.150753038011707,12.260232889078388,12.278233752733765,3.1361267656289007,2.0665050308343673
3.400453393785838,12.160166404487434,12.160166404487434,12.273956478159018,12.274400744481301,3.6361267656289007,2.5665050308343673
3.600480064008534,12.169578189763783,12.169578189763783,12.289117773416635,12.274951232675651,4.136126765628901,3.0665050308343673
3.800506734231231,12.178988300925461,12.178988300925461,12.311829034377482,12.280167716208224,4.073664737609921,3.5665050308343673
4.000533404453927,12.188396645073698,12.188396645073698,12.338456509315815,12.285594405714646,4.573664737609921,3.1684430241868373
4.200560074676623,12.197803129327168,12.197803129327168,12.354463482659495,12.294027321044965,4.073664737609921,3.6684430241868373
4.40058674489932,12.207207660822908,12.207207660822908,12.375370787423957,12.298748604971403,4.573664737609921,3.1684430241868373
4.600613415122016,12.216610146717231,12.216610146717231,12.387779624527324,12.304266313745726,4.073664737609921,3.6684430241868373
4.800640085344712,12.22601049418665,12.22601049418665,12.397468446916164,12.308761837163813,3.5736647376099206,3.1684430241868373
5.0006667555674085,12.235408610428777,12.235408610428777,12.398654699829617,12.319023241697328,3.0736647376099206,3.6684430241868373
5.200693425790105,12.244804402663267,12.244804402663267,12.386972556423508,12.33649509922372,2.5736647376099206,4.168443024186837
5.400720096012802,12.254197778132706,12.254197778132706,12.38751317054572,12.359361896824488,3.0736647376099206,4.668443024186837
5.600746766235498,12.263588644103544,12.263588644103544,12.38018682416097,12.37641853416304,2.5736647376099206,4.168443024186837
5.800773436458194,12.272976907867006,12.272976907867006,12.378945318496802,12.40040985711588,3.0736647376099206,4.668443024186837
6.000800106680891,12.282362476740003,12.282362476740003,12.373082506754562,12.417090108985123,2.5736647376099206,4.168443024186837
6.200826776903587,12.291745258066053,12.291745258066053,12.37598362507375,12.432166406483082,3.0736647376099206,4.024560190431137
6.400853447126283,12.301125159216193,12.301125159216193,12.385360012265187,12.452926910745482,3.5736647376099206,4.509646844972449
6.6008801173489795,12.310502087589892,12.310502087589892,12.38569666513199,12.469165197629776,3.0736647376099206,4.009646844972449
6.800906787571676,12.319875950615973,12.319875950615973,12.381504772985153,12.488607394820558,2.931348034527636,4.509646844972449
7.000933457794372,12.329246655753513,12.329246655753513,12.386649660835422,12.502389913891234,3.431348034527636,4.009646844972449
7.200960128017068,12.338614110492768,12.338614110492768,12.401129406592068,12.513477635342918,3.931348034527636,3.5096468449724494
7.400986798239765,12.347978222356083,12.347978222356083,12.423270800040626,12.527520728826309,4.17361629544338,4.009646844972449
7.601013468462462,12.357338898898806,12.357338898898806,12.434742044816593,12.533356327283823,3.67361629544338,3.5096468449724494
7.801040138685158,12.366696047710194,12.366696047710194,12.449765461970369,12.53842250244999,4.17361629544338,3.358947616172033
8.001066808907854,12.376049576414337,12.376049576414337,12.47697904786404,12.550980713733656,4.67361629544338,3.858947616172033
8.20109347913055,12.385399392671056,12.385399392671056,12.503183051404845,12.557281693552659,4.633429873171652,3.358947616172033
8.401120149353247,12.394745404176833,12.394745404176833,12.522645671514454,12.556080712860783,4.133429873171652,2.858947616172033
8.601146819575943,12.4040875186657,12.4040875186657,12.530634143875513,12.547291094667386,3.633429873171652,2.358947616172033
8.80117348979864,12.413425643910166,12.413425643910166,12.548542363417914,12.543724911094134,4.133429873171652,2.858947616172033
9.001200160021336,12.422759687722127,12.422759687722127,12.573610694317027,12.548535899519422,4.633429873171652,3.358947616172033
9.201226830244032,12.432089557953766,12.432089557953766,12.59554117791611,12.544896740712995,4.133429873171652,2.858947616172033
9.401253500466728,12.441415162498469,12.441415162498469,12.622043610000853,12.545728593234555,4.633429873171652,3.2264711758058824
9.601280170689424,12.450736409291736,12.450736409291736,12.647170314929994,12.541417380676215,4.271916749276674,2.7264711758058824
9.80130684091212,12.460053206312086,12.460053206312086,12.65864027686241,12.544703596066055,3.7719167492766736,3.2264711758058824
10.001333511134817,12.469365461581969,12.469365461581969,12.662652527670577,12.547522422009658,3.2719167492766736,3.1392173366639806
10.201360181357513,12.478673083168673,12.478673083168673,12.673252477989594,12.55298182765887,3.5766014391933494,3.5821192888482107
10.40138685158021,12.487975979185226,12.487975979185226,12.689536584384083,12.559896217378272,4.076601439193349,3.554987873136667
10.601413521802906,12.497274057791312,12.497274057791312,12.698435912135322,12.570770537232542,3.5766014391933494,4.0549878731366675
10.801440192025604,12.506567227194173,12.506567227194173,12.697151322798756,12.58160663066793,3.0766014391933494,3.5549878731366675
11.0014668622483,12.515855395649517,12.515855395649517,12.692026673355132,12.59532805437093,2.5766014391933494,4.0549878731366675
11.201493532470996,12.525138471462416,12.525138471462416,12.674880730433202,12.60894351581915,2.0766014391933494,3.9852212349391234
11.401520202693693,12.534416362988226,12.534416362988226,12.661656520219315,12.62014522704845,2.1476697968110363,3.493167239114026
11.601546872916389,12.543688978633481,12.543688978633481,12.65933543846563,12.62497397764326,2.6476697968110363,3.257576625265603
11.801573543139085,12.552956226856796,12.552956226856796,12.641253935976485,12.640478484134038,2.1476697968110363,3.757576625265603
12.001600213361781,12.562218016169778,12.562218016169778,12.629205021781388,12.657048444786877,2.2337827852871786,4.257576625265603
12.201626883584478,12.571474255137925,12.571474255137925,12.625944741996015,12.667085142590595,2.7337827852871786,3.757576625265603
12.401653553807174,12.580724852381529,12.580724852381529,12.621617831251204,12.68282551525265,2.7775481885348565,4.257576625265603
12.60168022402987,12.58996971657658,12.58996971657658,12.627923098664159,12.693316356418844,3.2775481885348565,3.757576625265603
12.801706894252566,12.59920875645566,12.59920875645566,12.637988967631697,12.699806346871448,3.7775481885348565,3.3831250293564814
13.001733564475263,12.608441880808858,12.608441880808858,12.646569619857525,12.700448675193634,3.2775481885348565,2.8831250293564814
13.201760234697959,12.617668998484659,12.617668998484659,12.657205647388741,12.708950878642007,3.7775481885348565,3.3831250293564814
13.401786904920655,12.626890018390844,12.626890018390844,12.676288170688915,12.719593797176104,4.2775481885348565,3.8831250293564814
13.601813575143352,12.636104849495398,12.636104849495398,12.690451668441993,12.736428513231097,3.7775481885348565,4.383125029356481
13.801840245366048,12.645313400827401,12.645313400827401,12.692346200794105,12.754696093140646,3.2775481885348565,4.427482883996772
14.001866915588744,12.654515581477927,12.654515581477927,12.695096740302679,12.777646011380133,3.0423982736046695,4.927482883996772
14.20189358581144,12.663711300600946,12.663711300600946,12.707284706238465,12.796311477999438,3.5423982736046695,4.427482883996772
14.401920256034137,12.672900467414212,12.672900467414212,12.722324042247847,12.80654991887304,4.042398273604669,3.927482883996772
14.601946926256833,12.682082991200174,12.682082991200174,12.729229348042171,12.813795308588679,3.542398273604669,3.427482883996772
14.80197359647953,12.691258781306853,12.691258781306853,12.745968879433518,12.826784473080622,4.042398273604669,3.927482883996772
15.002000266702227,12.700427747148751,12.700427747148751,12.755719544950294,12.841343516272625,3.542398273604669,4.128033669958569
15.202026936924923,12.709589798207743,12.709589798207743,12.771731401312719,12.860112415646693,4.042398273604669,4.628033669958569
15.40205360714762,12.718744844033962,12.718744844033962,12.778508109845019,12.885264745827701,3.542398273604669,5.128033669958569
15.602080277370316,12.727892794246705,12.727892794246705,12.782008108236113,12.905863276619005,3.203442996858435,4.628033669958569
15.802106947593012,12.737033558535312,12.737033558535312,12.794785481144103,12.920477911472275,3.703442996858435,4.128033669958569
16.00213361781571,12.746167046660071,12.746167046660071,12.798654607608498,12.942165260723076,3.3920761349885615,4.628033669958569
16.202160288038403,12.755293168453097,12.755293168453097,12.809426501655256,12.954601657710299,3.8920761349885615,4.128033669958569
16.4021869582611,12.764411833819226,12.764411833819226,12.833222794531071,12.963469788095368,4.392076134988562,3.628033669958569
16.602213628483796,12.773522952736911,12.773522952736911,12.85154848627871,12.965822160361977,3.892076134988562,3.128033669958569
16.802240298706494,12.782626435259104,12.782626435259104,12.87436888162304,12.957987760194943,4.392076134988562,2.628033669958569
17.002266968929188,12.79172219151414,12.79172219151414,12.88518694906805,12.959302973065904,3.892076134988562,3.128033669958569
17.202293639151886,12.800810131706633,12.800810131706633,12.909209934470178,12.966217178723916,4.392076134988562,3.628033669958569
17.402320309374584,12.809890166118361,12.809890166118361,12.942831351630353,12.96468022538493,4.732012157686263,3.128033669958569
17.60234697959728,12.818962205109147,12.818962205109147,12.96203080378907,12.972753143362983,4.232012157686263,3.628033669958569
17.802373649819977,12.828026159117748,12.828026159117748,12.973954588282025,12.971862467661229,3.7320121576862633,3.128033669958569
18.00240032004267,12.837081938662735,12.837081938662735,12.994558039951437,12.969736880729979,4.232012157686263,2.628033669958569
18.20242699026537,12.846129454343384,12.846129454343384,13.007017829284084,12.959882555012863,3.7320121576862633,2.128033669958569
18.402453660488064,12.855168616840547,12.855168616840547,13.022635704475968,12.953501470594556,4.041519117680488,2.628033669958569
18.602480330710762,12.86419933691755,12.86419933691755,13.029277008371759,12.954996168358937,3.5415191176804877,3.128033669958569
18.802507000933456,12.873221525421055,12.873221525421055,13.036204588018554,12.95112927465206,3.6223016170278246,2.628033669958569
19.002533671156154,12.882235093281956,12.882235093281956,13.04056994928674,12.954520202401342,3.1223016170278246,3.128033669958569
19.20256034137885,12.891239951516248,12.891239951516248,13.042382987272704,12.962569579655952,3.0728715980746886,3.628033669958569
19.402587011601547,12.90023601122591,12.90023601122591,13.038862262116195,12.978337178570982,2.7289528779550727,4.128033669958569
19.60261368182424,12.909223183599789,12.909223183599789,13.043092100324213,12.996575964223492,3.2289528779550727,4.267768928809599
19.80264035204694,12.918201379914457,12.918201379914457,13.036300616174278,13.016312988864064,2.7289528779550727,4.767768928809599
20.002667022269634,12.92717051153511,12.92717051153511,13.025932735027402,13.028250458455558,2.603890311339812,4.267768928809599
20.202693692492332,12.93613048991643,12.93613048991643,13.025006706152748,13.038584377817434,3.103890311339812,3.7677689288095992
20.402720362715026,12.945081226603458,12.945081226603458,13.035023222707641,13.043951414818949,3.603890311339812,3.2677689288095992
20.602747032937724,12.954022633232478,12.954022633232478,13.042189686240443,13.054564762327997,3.3018140031641674,3.7677689288095992
20.80277370316042,12.962954621531876,12.962954621531876,13.040706909006621,13.071883155374891,2.8018140031641674,4.267768928809599
21.002800373383117,12.971877103323024,12.971877103323024,13.029567457576631,13.081510760971916,2.3932918559993137,3.7677689288095992
21.20282704360581,12.98078999052114,12.98078999052114,13.028276819856432,13.093462065168355,2.8932918559993137,4.267768928809599
21.40285371382851,12.98969319513616,12.98969319513616,13.04104092821684,13.106248683438467,3.3932918559993137,4.106697618722705
21.602880384051208,12.998586629273618,12.998586629273618,13.052993701052557,13.11578077507177,3.8932918559993137,3.6066976187227047
21.802907054273902,13.007470205135492,13.007470205135492,13.06961296405978,13.117255364276344,4.029992827155575,3.1066976187227047
22.0029337244966,13.016343835021093,13.016343835021093,13.078031780371935,13.114554797194295,3.529992827155575,2.6066976187227047
22.202960394719295,13.025207431327916,13.025207431327916,13.097579054755284,13.118886551667401,4.029992827155575,3.1066976187227047
22.402987064941993,13.034060906552511,13.034060906552511,13.105985232173884,13.121178932839296,3.529992827155575,3.228180477638563
22.603013735164687,13.042904173291348,13.042904173291348,13.112063480267876,13.12728849675146,3.6139146850684476,3.3634319512800825
22.803040405387385,13.051737144241674,13.051737144241674,13.126075977013814,13.130019235703907,4.113914685068448,2.8634319512800825
23.00306707561008,13.060559732202378,13.060559732202378,13.154919538019488,13.13539188997902,4.613914685068448,3.3634319512800825
23.203093745832778,13.069371850074857,13.069371850074857,13.177244407986166,13.131715272488385,4.113914685068448,2.8634319512800825
23.403120416055472,13.078173410863865,13.078173410863865,13.188499613080204,13.138389442239278,3.6139146850684476,3.3634319512800825
23.60314708627817,13.086964327678382,13.086964327678382,13.204647424913022,13.145385304525835,4.082538729809176,3.8634319512800825
23.803173756500865,13.095744513732468,13.095744513732468,13.215233362149448,13.16333296604543,3.674618635517864,4.3634319512800825
24.003200426723563,13.104513882346119,13.104513882346119,13.217357434741604,13.18759804645699,3.174618635517864,4.8634319512800825
24.203227096946257,13.113272346946118,13.113272346946118,13.229907615578044,13.21741514571043,3.674618635517864,5.3634319512800825
24.403253767168955,13.122019821066903,13.122019821066903,13.229444721734028,13.250294419241191,3.174618635517864,5.6138096787498215
24.60328043739165,13.130756218351408,13.130756218351408,13.236622082224054,13.278006622329011,3.352004160953743,5.319078823403629
24.803307107614348,13.139481452551921,13.139481452551921,13.237494257158474,13.301886008733577,3.120269721722266,4.819078823403629
25.003333777837042,13.148195437530935,13.148195437530935,13.244426053860202,13.317966985711015,3.5906119273310626,4.319078823403629
25.20336044805974,13.156898087261998,13.156898087261998,13.241300162477252,13.329547828015555,3.0906119273310626,3.819078823403629
25.403387118282435,13.165589315830559,13.165589315830559,13.250568395930697,13.34277276387409,3.5906119273310626,4.319078823403629
25.603413788505133,13.174269037434824,13.174269037434824,13.251659320425048,13.355666985328764,3.0906119273310626,3.819078823403629
25.80344045872783,13.182937166386596,13.182937166386596,13.256358732830979,13.360235221897709,3.116354571262171,3.319078823403629
26.003467128950525,13.191593617112124,13.191593617112124,13.265826341472145,13.365097468190163,3.616354571262171,3.5540579135868073
26.203493799173224,13.200238304152945,13.200238304152945,13.27070172307854,13.380701439713803,3.116354571262171,4.054057913586807
26.403520469395918,13.208871142166732,13.208871142166732,13.288012640669146,13.389672115927818,3.616354571262171,3.5540579135868073
26.603547139618616,13.217492045928136,13.217492045928136,13.298901967577091,13.404286150238383,3.9504303492459516,4.054057913586807
26.80357380984131,13.22610093032962,13.22610093032962,13.310413090326934,13.409431174142723,3.4504303492459516,3.5540579135868073
27.00360048006401,13.234697710382312,13.234697710382312,13.31530925644842,13.409627315789553,3.2125631245847903,3.0540579135868073
27.203627150286703,13.24328230121683,13.24328230121683,13.327093118750152,13.40554069107608,3.7125631245847903,2.5540579135868073
27.4036538205094,13.251854618084131,13.251854618084131,13.343840863274453,13.409242193299104,4.21256312458479,3.0540579135868073
27.603680490732096,13.260414576356345,13.260414576356345,13.355549942850784,13.408980759330701,3.71256312458479,2.5540579135868073
27.803707160954794,13.268962091527602,13.268962091527602,13.370023086135431,13.411685780690851,3.924725860499449,3.0540579135868073
28.003733831177488,13.27749707921488,13.27749707921488,13.375503585713375,13.407522587112611,3.424725860499449,2.5540579135868073
28.203760501400186,13.286019455158828,13.286019455158828,13.393536272485244,13.39595594576414,3.924725860499449,2.0540579135868073
28.40378717162288,13.2945291352246,13.2945291352246,13.395079329492148,13.387884624083982,3.424725860499449,2.5540579135868073
28.60381384184558,13.303026035402691,13.303026035402691,13.406992362659425,13.386776049235827,3.924725860499449,2.7772382232879345
28.803840512068273,13.31151007180976,13.31151007180976,13.410998894398562,13.391957461164047,3.424725860499449,3.2772382232879345
29.00386718229097,13.319981160689455,13.319981160689455,13.431091771490241,13.404764543570964,3.924725860499449,3.7772382232879345
29.203893852513666,13.328439218413251,13.328439218413251,13.449460905438642,13.419088726648909,4.0951405883199525,4.2772382232879345
29.403920522736364,13.33688416148127,13.33688416148127,13.471948585439577,13.44291706104067,4.464471705473314,4.7772382232879345
29.60394719295906,13.345315906523101,13.345315906523101,13.485346366904997,13.469499593466956,3.964471705473314,4.898856911091322
29.803973863181756,13.353734370298628,13.353734370298628,13.49386709709199,13.48740558035666,3.464471705473314,4.398856911091322
30.004000533404454,13.362139469698853,13.362139469698853,13.501344074750278,13.499169839310836,3.5302731822190654,3.898856911091322
30.20402720362715,13.37053112174671,13.37053112174671,13.50109099774622,13.505581761032914,3.0302731822190654,3.398856911091322
30.404053873849847,13.378909243597894,13.378909243597894,13.506642387884463,13.512907045163336,3.369501119774652,3.898856911091322
30.60408054407254,13.387273752541667,13.387273752541667,13.500298323547971,13.518594505714912,2.869501119774652,3.398856911091322
30.80410721429524,13.395624566001684,13.395624566001684,13.49550332035007,13.519996549856987,2.749979539720302,3.0526591147251327
31.004133884517934,13.403961601536807,13.403961601536807,13.497214304641963,13.513224050362304,3.249979539720302,2.5526591147251327
31.204160554740632,13.412284776841913,13.412284776841913,13.498713282038144,13.51290256730895,2.749979539720302,3.0526591147251327
31.404187224963326,13.420594009748712,13.420594009748712,13.494707523415016,13.517678520907086,2.7127684496200533,3.5526591147251327
31.604213895186025,13.428889218226555,13.428889218226555,13.489945212108392,13.531058116309122,2.7782327767582573,4.052659114725133
31.80424056540872,13.43717032038325,13.43717032038325,13.476424432861853,13.550251559362852,2.2782327767582573,4.552659114725133
32.00426723563142,13.44543723446586,13.44543723446586,13.471843578587054,13.564408602913703,2.7782327767582573,4.052659114725133
32.204293905854115,13.453689878861521,13.453689878861521,13.477609669491613,13.580340118384958,3.2782327767582573,4.300112793676343
32.404320576076806,13.461928172098236,13.461928172098236,13.491604594162125,13.591942614591556,3.7782327767582573,3.800112793676343
32.604347246299504,13.470152032845695,13.470152032845695,13.515550735548674,13.609732329721567,4.278232776758257,4.300112793676343
32.8043739165222,13.47836137991606,13.47836137991606,13.548813013446932,13.618826772175304,4.778232776758257,3.800112793676343
33.0044005867449,13.48655613226478,13.48655613226478,13.571132931086769,13.635326351330814,4.278232776758257,4.300112793676343
33.20442725696759,13.49473620899139,13.49473620899139,13.584682187647386,13.646025138231575,3.778232776758257,3.800112793676343
33.40445392719029,13.502901529340296,13.502901529340296,13.605551349485387,13.650245215887173,4.278232776758257,3.300112793676343
33.60448059741299,13.511052012701589,13.511052012701589,13.619587464443184,13.662052841737626,3.778232776758257,3.800112793676343
33.804507267635685,13.519187578611835,13.519187578611835,13.62903995165448,13.676550701121073,3.4568068227655235,3.9755534941622415
34.004533937858376,13.527308146754867,13.527308146754867,13.630279348347452,13.696296759221326,2.9568068227655235,4.4755534941622415
34.204560608081074,13.535413636962579,13.535413636962579,13.637241697440711,13.706466471187854,3.369441145568915,3.9755534941622415
34.40458727830377,13.543503969215717,13.543503969215717,13.630410229290561,13.715339621636291,2.869441145568915,3.779892617909224
34.60461394852647,13.55157906364467,13.55157906364467,13.633468007600214,13.71919885430704,3.369441145568915,3.279892617909224
34.80464061874917,13.55963884053026,13.55963884053026,13.632618778465792,13.727366485448474,2.869441145568915,3.779892617909224
35.00466728897186,13.567683220304527,13.567683220304527,13.642338564743243,13.740361546645204,3.369441145568915,4.2798926179092245
35.20469395919456,13.575712123551515,13.575712123551515,13.6574128994353,13.751210083370237,3.869441145568915,3.7798926179092245
35.404720629417255,13.583725471008051,13.583725471008051,13.665641925209327,13.754789620597103,3.369441145568915,3.2798926179092245
35.60474729963995,13.591723183564541,13.591723183564541,13.679746454924675,13.754826589592927,3.869441145568915,3.076108737918345
35.804773969862644,13.599705182265733,13.599705182265733,13.701798817104294,13.752361254211324,4.369441145568915,2.576108737918345
36.00480064008534,13.607671388311514,13.607671388311514,13.715647280675938,13.74105201566929,3.8694411455689153,2.076108737918345
36.20482731030804,13.615621723057675,13.615621723057675,13.719234796727195,13.736799154763544,3.3694411455689153,2.576108737918345
36.40485398053074,13.623556108016691,13.623556108016691,13.715261079619962,13.737906038771664,2.8694411455689153,3.076108737918345
36.60488065075343,13.631474464858503,13.631474464858503,13.720106078431714,13.74375618613276,3.0557242598410412,3.5293137571642244
36.80490732097613,13.639376715411277,13.639376715411277,13.729482257649822,13.759487865541212,3.5557242598410412,4.029313757164225
37.004933991198826,13.647262781662192,13.647262781662192,13.733164872750674,13.779120830813689,3.0557242598410412,4.529313757164225
37.204960661421524,13.655132585758196,13.655132585758196,13.743611165903271,13.78998061131597,3.5557242598410412,4.029313757164225
37.404987331644215,13.662986050006785,13.662986050006785,13.76186287176042,13.793728851855741,4.055724259841041,3.529313757164225
37.60501400186691,13.670823096876763,13.670823096876763,13.769505383134199,13.7929749987324,3.555724259841041,3.029313757164225
37.80504067208961,13.67864364899901,13.67864364899901,13.769550418024554,13.799852830627708,3.121028671195003,3.529313757164225
38.00506734231231,13.686447629167247,13.686447629167247,13.774675619451408,13.801558242153916,3.374039366111153,3.029313757164225
38.205094012535,13.6942349603388,13.6942349603388,13.78667478174591,13.799429251125273,3.874039366111153,2.637720656805145
38.4051206827577,13.702005565635352,13.702005565635352,13.795636395223367,13.799778124183666,3.374039366111153,3.137720656805145
38.605147352980396,13.70975936834371,13.70975936834371,13.793712561821142,13.8095213688398,2.874039366111153,3.637720656805145
38.805174023203094,13.71749629191656,13.71749629191656,13.78428433825093,13.80940465080381,2.6368811607072677,3.137720656805145
39.00520069342579,13.725216259973227,13.725216259973227,13.789549620508481,13.81680864955184,3.1368811607072677,3.637720656805145
39.20522736364848,13.732919196300415,13.732919196300415,13.789018472525894,13.819848560576382,3.2654353330268733,3.137720656805145
39.40525403387118,13.74060502485298,13.74060502485298,13.799382294574617,13.827001670461286,3.7654353330268733,3.637720656805145
39.60528070409388,13.748273669754663,13.748273669754663,13.821737020369605,13.836804408905001,4.265435333026874,4.137720656805145
39.80530737431658,13.755925055298846,13.755925055298846,13.84179666465315,13.85197418401529,4.040056851359756,4.185549606502622
40.00533404453927,13.763559105949303,13.763559105949303,13.864724741065437,13.86011631131501,4.480882755150442,3.6855496065026223
40.205360714761966,13.77117574634094,13.77117574634094,13.878865243042679,13.861394584862365,3.980882755150442,3.1855496065026223
40.405387384984664,13.77877490128054,13.77877490128054,13.898730654779529,13.86456319386812,4.136417464250706,2.915773575852464
40.60541405520736,13.786356495747508,13.786356495747508,13.910649750833183,13.859091401937677,3.636417464250706,2.415773575852464
40.80544072543005,13.79392045489461,13.79392045489461,13.915232310392696,13.85628092223148,3.136417464250706,2.915773575852464
41.00546739565275,13.801466704048714,13.801466704048714,13.9162076272942,13.844643675809394,3.0633942643529477,2.415773575852464
41.20549406587545,13.808995168711515,13.808995168711515,13.904347877858116,13.830043310797375,2.5633942643529477,1.915773575852464
41.40552073609815,13.816505774560296,13.816505774560296,13.896056818886251,13.82609029673059,2.6949991063562027,2.415773575852464
41.60554740632084,13.823998447448634,13.823998447448634,13.898564694561944,13.823456495602027,3.1949991063562027,2.915773575852464
41.805574076543536,13.83147311340715,13.83147311340715,13.910505042318068,13.830181030006747,3.6949991063562027,3.415773575852464
42.005600746766234,13.83892969864423,13.83892969864423,13.924656673195356,13.840816008148217,3.841792328925395,3.915773575852464
42.20562741698893,13.846368129546763,13.846368129546763,13.945188574770837,13.850493501226524,4.341792328925395,3.799555025229199
42.40565408721162,13.853788332680857,13.853788332680857,13.964694026836721,13.866119754691537,4.198153606211442,4.299555025229199
42.60568075743432,13.861190234792566,13.861190234792566,13.97487213262418,13.889775227742147,3.6981536062114424,4.799555025229199
42.80570742765702,13.868573762808625,13.868573762808625,13.975015508947699,13.90882999174127,3.1981536062114424,4.299555025229199
43.00573409787972,13.875938843837153,13.875938843837153,13.974779688931086,13.924940005099424,2.890919668694844,4.202669211618042
43.205760768102415,13.883285405168387,13.883285405168387,13.978411420164715,13.94719958332462,3.390919668694844,4.702669211618042
43.405787438325106,13.890613374275393,13.890613374275393,13.989145322375794,13.966159469646627,3.653517277456621,4.202669211618042
43.605814108547804,13.897922678814785,13.897922678814785,13.999100454437924,13.984532731202018,3.153517277456621,4.702669211618042
43.8058407787705,13.905213246627435,13.905213246627435,13.98946358841077,13.999919439562941,2.653517277456621,4.202669211618042
44.0058674489932,13.912485005739192,13.912485005739192,13.980050975861369,14.008545553840968,2.3279707297259815,3.7026692116180424
44.20589411921589,13.919737884361586,13.919737884361586,13.975488719041724,14.010349157323358,2.8279707297259815,3.2026692116180424
44.40592078943859,13.926971810892542,13.926971810892542,13.978074142792904,14.021299665650938,3.3279707297259815,3.7026692116180424
44.60594745966129,13.934186713917082,13.934186713917082,13.994969711556006,14.019839155189516,3.8279707297259815,3.2026692116180424
44.805974129883985,13.941382522208032,13.941382522208032,13.99965765375065,14.025449047861644,3.3279707297259815,3.5095984110261194
45.006000800106676,13.948559164726728,13.948559164726728,14.01613039366627,14.033633149128187,3.8279707297259815,3.7254269201869143
45.206027470329374,13.955716570623714,13.955716570623714,14.031298952090697,14.050165840159597,4.072504337279487,4.225426920186914
45.40605414055207,13.96285466923944,13.96285466923944,14.043361041871458,14.05937776921167,3.5725043372794874,3.725426920186914
45.60608081077477,13.96997339010497,13.96997339010497,14.042560094398839,14.074655315723854,3.0725043372794874,4.2181613036145045
45.80610748099746,13.977072662942657,13.977072662942657,14.050175333037917,14.09562195966118,3.5725043372794874,4.7181613036145045
46.00613415122016,13.984152417666857,13.984152417666857,14.04702782463478,14.109437573633999,3.0725043372794874,4.2181613036145045
46.20616082144286,13.991212584384616,13.991212584384616,14.057509769631462,14.130054119056314,3.5725043372794874,4.7181613036145045
46.406187491665555,13.998253093396348,13.998253093396348,14.068393313775925,14.143259451695359,3.897090812651326,4.2181613036145045
46.606214161888246,14.005273875196544,14.005273875196544,14.074398714103774,14.145933148740975,3.397090812651326,3.7181613036145045
46.806240832110944,14.012274860474434,14.012274860474434,14.088957700658652,14.148481808581014,3.897090812651326,3.2181613036145045
47.00626750233364,14.019255980114696,14.019255980114696,14.09321649260944,14.140365825198948,3.397090812651326,2.7181613036145045
47.20629417255634,14.02621716519812,14.02621716519812,14.093081954714652,14.134360472689265,3.1326856621284236,2.8411513648839435
47.40632084277904,14.033158347002288,14.033158347002288,14.101677681100545,14.137257536344102,3.6326856621284236,3.2107817706288566
47.60634751300173,14.040079457002271,14.040079457002271,14.101908489206616,14.136964606909318,3.1326856621284236,2.7107817706288566
47.80637418322443,14.04698042687129,14.04698042687129,14.115520710104946,14.137749710414013,3.6219402951971134,3.2107817706288566
48.006400853447126,14.053861188481388,14.053861188481388,14.138463586579801,14.14679145048145,4.121940295197113,3.6626870133483562
48.206427523669824,14.060721673904116,14.060721673904116,14.166243868829413,14.151959778919528,4.621940295197113,3.640943950062891
48.406454193892515,14.067561815411192,14.067561815411192,14.18196289715812,14.159729802825296,4.121940295197113,3.617193706764232
48.60648086411521,14.074381545475173,14.074381545475173,14.190389587296613,14.159946758786322,3.6219402951971134,3.117193706764232
48.80650753433791,14.081180796770125,14.081180796770125,14.201052294496291,14.165353815795841,3.551012282441489,3.406126492634044
49.00653420456061,14.087959502172286,14.087959502172286,14.219901902035394,14.174772184737325,4.051012282441489,3.906126492634044
49.2065608747833,14.094717594760724,14.094717594760724,14.226866893462127,14.190105680293563,3.551012282441489,4.406126492634044
49.406587545006,14.101455007818004,14.101455007818004,14.24473636282197,14.213023066781282,4.051012282441489,4.906126492634044
49.606614215228696,14.108171674830842,14.108171674830842,14.259088352658711,14.231831131118382,3.551012282441489,4.406126492634044
49.806640885451394,14.114867529490768,14.114867529490768,14.258996257144057,14.253605242047497,3.051012282441489,4.906126492634044
50.006667555674085,14.121542505694771,14.121542505694771,14.248123672954032,14.269150523019437,2.551012282441489,4.406126492634044
50.20669422589678,14.12819653754596,14.12819653754596,14.244519255583443,14.280185606894234,3.051012282441489,3.906126492634044
50.40672089611948,14.134829559354213,14.134829559354213,14.248851612381438,14.284245858134833,3.1491672297177646,3.406126492634044
50.60674756634218,14.14144150563682,14.14144150563682,14.242004470801856,14.292818491353158,2.7349962282974727,3.9002725907102254
50.80677423656487,14.148032311119133,14.148032311119133,14.24424734171188,14.296192735157417,3.2349962282974727,3.4002725907102254
51.00680090678757,14.154601910735217,14.154601910735217,14.246081840672469,14.304646674295272,3.3225413140452895,3.656146839163962
51.206827577010266,14.161150239628478,14.161150239628478,14.244743693344732,14.31604813955595,2.8225413140452895,4.156146839163962
51.406854247232964,14.167677233152318,14.167677233152318,14.246610220182584,14.32269562809617,3.0446515749795373,3.656146839163962
51.60688091745566,14.174182826870764,14.174182826870764,14.23879813465409,14.322431724042014,2.5446515749795373,3.156146839163962
51.80690758767835,14.180666956559108,14.180666956559108,14.224993312824191,14.326730288673417,2.3629609969141967,3.656146839163962
52.00693425790105,14.187129558204536,14.187129558204536,14.221201274750856,14.339563241258354,2.8629609969141967,4.156146839163962
52.20696092812375,14.19357056800677,14.19357056800677,14.22676017956064,14.343440125203584,3.3629609969141967,3.656146839163962
52.40698759834645,14.199989922378684,14.199989922378684,14.22441919672338,14.357146117963277,2.8629609969141967,4.0557252147458325
52.60701426856914,14.206387557946949,14.206387557946949,14.212074596508003,14.364433125120367,2.3629609969141967,3.5557252147458325
52.807040938791836,14.212763411552638,14.212763411552638,14.20706544477085,14.370100904755718,2.8629609969141967,3.4328370111092434
53.007067609014534,14.21911742025187,14.21911742025187,14.211434493776366,14.367536535317688,3.3629609969141967,2.9328370111092434
53.20709427923723,14.225449521316415,14.225449521316415,14.225891218811718,14.368290349414163,3.8629609969141967,3.3976337160138455
53.40712094945992,14.231759652234324,14.231759652234324,14.247232003484259,14.3671956966262,4.362960996914197,2.8976337160138455
53.60714761968262,14.238047750710544,14.238047750710544,14.269787647209716,14.370911231060896,4.659420607198344,3.3976337160138455
53.80717428990532,14.244313754667527,14.244313754667527,14.283407858004505,14.36892150548754,4.159420607198344,2.8976337160138455
54.00720096012802,14.250557602245847,14.250557602245847,14.311347776338234,14.373070373301344,4.659420607198344,3.3976337160138455
54.20722763035071,14.256779231804813,14.256779231804813,14.330963697613832,14.373255483631198,4.159420607198344,3.0519419396706122
54.407254300573406,14.262978581923079,14.262978581923079,14.340234286316923,14.363338102420984,3.659420607198344,2.5519419396706122
54.607280970796104,14.26915559139924,14.26915559139924,14.35700776665065,14.361446011731687,4.159420607198344,3.0519419396706122
54.8073076410188,14.275310199252447,14.275310199252447,14.367211596007797,14.366405119368096,3.932456562560753,3.5519419396706122
55.00733431124149,14.281442344723,14.281442344723,14.389258481082342,14.362404665898966,4.432456562560753,3.0519419396706122
55.20736098146419,14.287551967272963,14.287551967272963,14.402123621131414,14.355628630738595,3.932456562560753,2.5519419396706122
55.40738765168689,14.293639006586739,14.293639006586739,14.40746707668201,14.354405890412695,3.432456562560753,3.0519419396706122
55.60741432190959,14.299703402571685,14.299703402571685,14.422549814481954,14.360482533709071,3.838838651637363,3.5519419396706122
55.807440992132285,14.3057450953587,14.3057450953587,14.44478583849632,14.361863072060748,4.338838651637364,3.0519419396706122
56.007467662354976,14.311764025302809,14.311764025302809,14.458651357390789,14.369644834475604,3.8388386516373636,3.5519419396706122
56.207494332577674,14.317760132983757,14.317760132983757,14.464051176124778,14.370690335677144,3.3388386516373636,3.0519419396706122
56.40752100280037,14.323733359206601,14.323733359206601,14.473950362892882,14.379850930926722,3.677081073928074,3.5519419396706122
56.60754767302307,14.329683645002284,14.329683645002284,14.47682763514806,14.390927597872244,3.177081073928074,4.051941939670613
56.80757434324576,14.335610931628224,14.335610931628224,14.471496784070437,14.409631258982069,2.677081073928074,4.551941939670613
57.00760101346846,14.341515160568893,14.341515160568893,14.457814782857415,14.422306842035221,2.177081073928074,4.051941939670613
57.20762768369116,14.347396273536392,14.347396273536392,14.451080849182224,14.431234495685228,2.677081073928074,3.7958666515026493
57.407654353913856,14.353254212471027,14.353254212471027,14.447244319779395,14.42955257225416,3.177081073928074,3.2958666515026493
57.60768102413655,14.359088919541886,14.359088919541886,14.441780449550635,14.44219548043754,2.677081073928074,3.7958666515026493
57.807707694359244,14.364900337147409,14.364900337147409,14.44101428510322,14.447528103575475,3.177081073928074,3.2958666515026493
58.00773436458194,14.37068840791595,14.37068840791595,14.43611755310133,14.45471460102243,2.677081073928074,3.7958666515026493
58.20776103480464,14.376453074706347,14.376453074706347,14.4342542998033,14.4572993284051,3.067091597855954,3.2958666515026493
58.40778770502733,14.382194280608498,14.382194280608498,14.427725077543979,14.451713763164355,2.567091597855954,2.7958666515026493
58.60781437525003,14.387911968943904,14.387911968943904,14.428269311343147,14.44213255681829,3.067091597855954,2.2958666515026493
58.80784104547273,14.393606083266235,14.393606083266235,14.432993184795226,14.43842562010017,3.5096907415594845,2.7958666515026493
59.007867715695426,14.399276567361891,14.399276567361891,14.433889866860026,14.42954643015698,3.0096907415594845,2.2958666515026493
59.20789438591812,14.40492336525056,14.40492336525056,14.433721908099375,14.412343179121832,3.1254413308374467,1.7958666515026493
59.407921056140815,14.410546421185764,14.410546421185764,14.445945826554173,14.40415518494141,3.6254413308374467,2.2958666515026493
59.60794772636351,14.4161456796554,14.4161456796554,14.450992880826137,14.40020915947913,3.1254413308374467,2.7958666515026493
59.80797439658621,14.421721085382316,14.421721085382316,14.46013723667109,14.400343301321504,3.6254413308374467,3.147203829668203
60.00800106680891,14.427272583324829,14.427272583324829,14.460160598660993,14.40848924466614,3.1254413308374467,3.647203829668203
60.2080277370316,14.432800118677282,14.432800118677282,14.46677207630863,14.409728390106437,3.6254413308374467,3.147203829668203
60.4080544072543,14.438303636870579,14.438303636870579,14.481228933665063,14.415244418430627,4.125441330837447,3.647203829668203
60.608081077476996,14.443783083572733,14.443783083572733,14.487651596772016,14.428471252519252,3.6254413308374467,4.147203829668203
60.808107747699694,14.449238404689392,14.449238404689392,14.503877770009067,14.440738467224923,4.125441330837447,4.230203530325825
61.008134417922385,14.454669546364379,14.454669546364379,14.508253501577311,14.458289288139845,3.6254413308374467,4.730203530325825
61.20816108814508,14.46007645498022,14.46007645498022,14.513810053761706,14.488650837424483,3.343939671344259,5.230203530325825
61.40818775836778,14.465459077158677,14.465459077158677,14.510088991103851,14.5187198128394,2.843939671344259,5.3785961316728
61.60821442859048,14.470817359761273,14.470817359761273,14.512268247953312,14.542411106640534,3.343939671344259,4.8785961316728
61.80824109881317,14.476151249889817,14.476151249889817,14.527455154830466,14.560601480279924,3.843939671344259,4.3785961316728
62.00826776903587,14.481460694886925,14.481460694886925,14.54989079086758,14.582341212653729,4.343939671344259,4.8785961316728
62.208294439258566,14.486745642336542,14.486745642336542,14.568076092184361,14.598103685278193,4.21774177432744,4.3785961316728
62.408321109481264,14.49200604006446,14.49200604006446,14.578789463534616,14.607558834074428,3.7177417743274397,3.8785961316727997
62.608347779703955,14.497241836138826,14.497241836138826,14.583366342729333,14.60915802948365,3.2177417743274397,3.3785961316727997
62.80837444992665,14.502452978870668,14.502452978870668,14.591700348609509,14.617164414991219,3.7177417743274397,3.8785961316727997
63.00840112014935,14.507639416814389,14.507639416814389,14.595599295899593,14.621205396372194,3.2177417743274397,3.3785961316727997
63.20842779037205,14.51280109876829,14.51280109876829,14.588068702614374,14.620334269674812,2.7177417743274397,2.8785961316727997
63.40845446059474,14.517937973775064,14.517937973775064,14.576751112144905,14.622223800356165,2.732331817377017,3.3785961316727997
63.60848113081744,14.52304999112231,14.52304999112231,14.574817056353062,14.631516848358563,3.232331817377017,3.8785961316727997
63.808507801040136,14.52813710034302,14.52813710034302,14.574736712007772,14.634767110243963,3.185085842218749,3.3785961316727997
64.00853447126283,14.53319925121609,14.53319925121609,14.567127492492565,14.632790931016688,2.685085842218749,2.8785961316727997
64.20856114148553,14.538236393766807,14.538236393766807,14.569146617231237,14.634264826860178,3.185085842218749,3.3785961316727997
64.40858781170823,14.543248478267351,14.543248478267351,14.560723355050794,14.631884317045506,2.685085842218749,2.8785961316727997
64.60861448193093,14.548235455237275,14.548235455237275,14.562296080962057,14.63293862506419,3.185085842218749,3.3785961316727997
64.80864115215361,14.553197275444003,14.553197275444003,14.575929674955685,14.631890658871043,3.685085842218749,2.8785961316727997
65.00866782237631,14.55813388990331,14.55813388990331,14.577269168494158,14.633369634919267,3.254831675836535,3.3785961316727997
65.20869449259901,14.563045249879812,14.563045249879812,14.586399191386093,14.640085560737242,3.5812520687156284,3.8785961316727997
65.4087211628217,14.567931306887436,14.567931306887436,14.599626455457011,14.6553963074521,4.081252068715628,4.3785961316728
65.6087478330444,14.572792012689913,14.572792012689913,14.600447158045645,14.677612082242543,3.581252068715628,4.8785961316728
65.8087745032671,14.577627319301241,14.577627319301241,14.618225115336056,14.693615208938542,4.081252068715628,4.3785961316728
66.0088011734898,14.582437178986169,14.582437178986169,14.627308375018453,14.702686597799609,3.581252068715628,3.8785961316727997
66.2088278437125,14.587221544260663,14.587221544260663,14.6374552352848,14.705142542865888,3.71474244562422,3.3785961316727997
66.40885451393518,14.591980367892372,14.591980367892372,14.63892907239283,14.703607950175094,3.21474244562422,2.8785961316727997
66.60888118415788,14.596713602901104,14.596713602901104,14.647910496185473,14.69475498266436,3.6407822423957916,2.3785961316727997
66.80890785438058,14.601421202559278,14.601421202559278,14.64800656178481,14.68375572734046,3.1407822423957916,2.3487492859817194
67.00893452460328,14.606103120392394,14.606103120392394,14.649922455415595,14.670676855614612,3.2086393842771024,1.8487492859817194
67.20896119482597,14.61075931017949,14.61075931017949,14.657692336321759,14.662192573849858,3.3770108054894155,2.3487492859817194
67.40898786504867,14.615389725953595,14.615389725953595,14.669444105726045,14.660271781914362,3.8770108054894155,2.8487492859817194
67.60901453527137,14.619994322002183,14.619994322002183,14.675161217112162,14.650777808880218,3.3770108054894155,2.3487492859817194
67.80904120549407,14.624573052867632,14.624573052867632,14.684056459569804,14.648749214260446,3.7386689360865457,2.8487492859817194
68.00906787571675,14.629125873347661,14.629125873347661,14.686328552737452,14.6504660822826,3.2386689360865457,3.3487492859817194
68.20909454593945,14.633652738495789,14.633652738495789,14.682312446762761,14.661877493787664,2.7386689360865457,3.8487492859817194
68.40912121616215,14.638153603621763,14.638153603621763,14.68384830909502,14.666588121496208,3.2386689360865457,3.3487492859817194
68.60914788638485,14.642628424292017,14.642628424292017,14.696852364235214,14.672524662371648,3.7386689360865457,3.8487492859817194
68.80917455660754,14.647077156330095,14.647077156330095,14.704348497413232,14.68706940077927,3.3424646490545946,4.34874928598172
69.00920122683024,14.651499755817099,14.651499755817099,14.70237201611069,14.706764580082679,2.8424646490545946,4.84874928598172
69.20922789705294,14.655896179092114,14.655896179092114,14.710160226741435,14.736248166935638,3.3424646490545946,5.34874928598172
69.40925456727564,14.660266382752646,14.660266382752646,14.701786295044451,14.75530532705483,2.8424646490545946,4.84874928598172
69.60928123749834,14.664610323655044,14.664610323655044,14.704597858526164,14.7730765583385,3.217327638608455,4.34874928598172
69.80930790772102,14.668927958914928,14.668927958914928,14.701365628188713,14.7802828979742,2.904707896604283,3.84874928598172
70.00933457794372,14.673219245907617,14.673219245907617,14.70404373459982,14.778498284646183,3.404707896604283,3.34874928598172
70.20936124816642,14.677484142268547,14.677484142268547,14.69988159749433,14.775772389206114,2.904707896604283,2.84874928598172
70.40938791838911,14.68172260589368,14.68172260589368,14.705180428869383,14.77927740343321,3.404707896604283,3.34874928598172
70.60941458861181,14.685934594939939,14.685934594939939,14.71734872393707,14.786575181272536,3.904707896604283,3.7255546555427657
70.80944125883451,14.690120067825601,14.690120067825601,14.736314630874842,14.800708972173885,4.4047078966042825,4.225554655542766
71.00946792905721,14.694278983230722,14.694278983230722,14.747501301582368,14.806577449946566,3.9047078966042825,3.7255546555427657
71.2094945992799,14.69841130009754,14.69841130009754,14.750137113968997,14.809018996673183,3.4047078966042825,3.2255546555427657
71.40952126950259,14.702516977630875,14.702516977630875,14.746752037166049,14.80712049724901,2.9047078966042825,2.927450655300949
71.60954793972529,14.706595975298539,14.706595975298539,14.752592398519724,14.806252954130532,3.4047078966042825,3.427450655300949
71.80957460994799,14.710648252831737,14.710648252831737,14.748871958620233,14.815752138335789,2.9047078966042825,3.927450655300949
72.00960128017068,14.714673770225456,14.714673770225456,14.755671874709591,14.820564187161803,3.4047078966042825,3.427450655300949
72.20962795039338,14.71867248773887,14.71867248773887,14.766425506038303,14.820355725550124,3.9047078966042825,2.927450655300949
72.40965462061608,14.722644365895722,14.722644365895722,14.76785882529069,14.819844788471901,3.4047078966042825,3.427450655300949
72.60968129083878,14.726589365484724,14.726589365484724,14.76587196994396,14.829397141839754,2.9247700911934436,3.927450655300949
72.80970796106148,14.73050744755994,14.73050744755994,14.753637753811972,14.832711738271499,2.4247700911934436,3.427450655300949
73.00973463128418,14.734398573441165,14.734398573441165,14.74566190218649,14.833775740915318,2.9247700911934436,3.395169109833581
73.20976130150686,14.738262704714316,14.738262704714316,14.751061421727202,14.830462096787349,3.4247700911934436,2.895169109833581
73.40978797172956,14.742099803231802,14.742099803231802,14.763309714687674,14.822068530362623,3.9247700911934436,2.395169109833581
73.60981464195225,14.745909831112915,14.745909831112915,14.767886815105696,14.80730206449961,3.4247700911934436,1.895169109833581
73.80984131217495,14.749692750744181,14.749692750744181,14.780762326550475,14.798302804870321,3.9247700911934436,2.395169109833581
74.00986798239765,14.753448524779758,14.753448524779758,14.783260657781101,14.795679728125684,3.4247700911934436,2.895169109833581
74.20989465262035,14.757177116141785,14.757177116141785,14.79347754063956,14.788511098002784,3.9247700911934436,2.395169109833581
74.40992132284305,14.760878488020753,14.760878488020753,14.797840347847629,14.787015602084063,3.4247700911934436,2.895169109833581
74.60994799306575,14.764552603875874,14.764552603875874,14.816298210134248,14.792099063589324,3.9247700911934436,3.395169109833581
74.80997466328843,14.768199427435434,14.768199427435434,14.821916771198717,14.804889362594883,3.4247700911934436,3.895169109833581
75.01000133351113,14.771818922697157,14.771818922697157,14.835620886055084,14.8195303573983,3.9247700911934436,4.3951691098335814
75.21002800373383,14.775411053928563,14.775411053928563,14.835643308338454,14.83430574835314,3.4247700911934436,4.258149843513271
75.41005467395652,14.778975785667306,14.778975785667306,14.82469952260538,14.839919903328818,2.9247700911934436,3.758149843513271
75.61008134417922,14.78251308272154,14.78251308272154,14.828933010386917,14.852460276311069,3.4247700911934436,4.258149843513271
75.81010801440192,14.78602291017026,14.78602291017026,14.83013770466825,14.85875848748944,3.1139938422695086,3.758149843513271
76.01013468462462,14.789505233363645,14.789505233363645,14.837994195576144,14.863189888568552,3.6139938422695086,3.258149843513271
76.21016135484732,14.792960017923406,14.792960017923406,14.847540540183706,14.868266481665065,4.113993842269508,3.758149843513271
76.41018802507,14.796387229743122,14.796387229743122,14.852590357339468,14.869660793359264,3.613993842269508,3.258149843513271
76.6102146952927,14.799786834988566,14.799786834988566,14.850906386685955,14.87671096040751,3.113993842269508,3.758149843513271
76.8102413655154,14.803158800098068,14.803158800098068,14.858080990605306,14.879355424238216,3.5516022813868453,3.258149843513271
77.0102680357381,14.80650309178281,14.80650309178281,14.864527009141078,14.874258541905402,3.6233336198661754,2.758149843513271
77.21029470596079,14.809819677027182,14.809819677027182,14.876451687697307,14.874751863146948,3.960588932037714,3.258149843513271
77.41032137618349,14.813108523089095,14.813108523089095,14.894401523984309,14.866602554237637,4.26806178230064,2.758149843513271
77.61034804640619,14.81636959750031,14.81636959750031,14.90369834579077,14.856365155902056,3.7680617823006397,2.385672233828561
77.81037471662889,14.819602868066754,14.819602868066754,14.905082899538806,14.83632755907587,3.2680617823006397,1.885672233828561
78.01040138685158,14.82280830286884,14.82280830286884,14.908775978738204,14.827832225577612,3.370017166183145,2.385672233828561
78.21042805707427,14.825985870261782,14.825985870261782,14.921991994258377,14.824724999415325,3.870017166183145,2.885672233828561
78.41045472729697,14.82913553887591,14.82913553887591,14.920848236995202,14.82829988998726,3.370017166183145,3.385672233828561
78.61048139751966,14.832257277616975,14.832257277616975,14.915790929704226,14.827612057759593,2.870017166183145,2.885672233828561
78.81050806774236,14.835351055666457,14.835351055666457,14.919916116554274,14.828645407482913,3.370017166183145,3.385672233828561
79.01053473796506,14.83841684248187,14.83841684248187,14.923893633613561,14.836817045576831,3.5444049379241753,3.885672233828561
79.21056140818776,14.841454607797068,14.841454607797068,14.939580308284256,14.843011328100514,4.044404937924176,3.6548564100844416
79.41058807841046,14.844464321622537,14.844464321622537,14.946623775625026,14.842050078528949,3.5444049379241758,3.1548564100844416
79.61061474863315,14.847445954245693,14.847445954245693,14.941987252164116,14.846090665251678,3.0444049379241758,3.6548564100844416
79.81064141885584,14.850399476231175,14.850399476231175,14.92871231787425,14.857955043418677,2.5444049379241758,3.866025904370981
80.01066808907854,14.853324858421143,14.853324858421143,14.909056278706032,14.86246974996579,2.0444049379241758,3.4249140888276313
80.21069475930123,14.856222071935552,14.856222071935552,14.901304232573722,14.874029326467594,2.5444049379241758,3.9249140888276313
80.41072142952393,14.859091088172447,14.859091088172447,14.898732120471248,14.888665435161009,3.0444049379241758,4.424914088827631
80.61074809974663,14.861931878808242,14.861931878808242,14.898904658686371,14.912486772346961,3.3110117472196716,4.924914088827631
80.81077476996933,14.86474441579801,14.86474441579801,14.909935331902092,14.925431932717673,3.8110117472196716,4.424914088827631
81.01080144019203,14.867528671375734,14.867528671375734,14.930389189460607,14.950267250881257,4.311011747219672,4.919072896552343
81.21082811041472,14.87028461805461,14.87028461805461,14.943227608716205,14.966249525905992,3.8110117472196716,4.419072896552343
81.41085478063742,14.873012228627301,14.873012228627301,14.9454234600126,14.975007812922707,3.3110117472196716,3.9190728965523434
81.6108814508601,14.875711476166213,14.875711476166213,14.937096862426655,14.97739606052068,2.8110117472196716,3.4190728965523434
81.8109081210828,14.878382334023756,14.878382334023756,14.941681249808884,14.97353869252373,3.3110117472196716,2.9190728965523434
82.0109347913055,14.88102477583261,14.88102477583261,14.936553382566805,14.963184021429086,2.8110117472196716,2.4396959896757147
82.2109614615282,14.883638775505986,14.883638775505986,14.938012942161489,14.950216349733704,3.3110117472196716,2.1145367309971
82.4109881317509,14.886224307237882,14.886224307237882,14.931557328320972,14.942098724571398,2.8110117472196716,2.6145367309971
82.6110148019736,14.888781345503336,14.888781345503336,14.935084858494958,14.940294040780591,3.3110117472196716,3.1145367309971
82.8110414721963,14.891309865058682,14.891309865058682,14.923422046239319,14.945368510144915,2.8110117472196716,3.6145367309971
83.01106814241899,14.893809840941795,14.893809840941795,14.908690995185173,14.941650132838822,2.3110117472196716,3.1145367309971
83.21109481264168,14.896281248472345,14.896281248472345,14.899852494459356,14.939436416147045,2.4857124259737633,2.988826805736181
83.41112148286437,14.898724063252029,14.898724063252029,14.896610766669458,14.927792887866488,2.9857124259737633,2.488826805736181
83.61114815308707,14.901138261164823,14.901138261164823,14.899154619196112,14.916538570403251,3.4857124259737633,1.9888268057361809
83.81117482330977,14.90352381837721,14.90352381837721,14.910676390948266,14.906466319018866,3.9857124259737633,2.488826805736181
84.01120149353247,14.905880711338426,14.905880711338426,14.929148164315551,14.904587032045658,4.485712425973763,2.988826805736181
84.21122816375517,14.908208916780682,14.908208916780682,14.941684075719845,14.903763253793267,3.9857124259737633,3.1736535479678496
84.41125483397786,14.910508411719405,14.910508411719405,14.946060310051472,14.896985453040703,3.5991319647939672,2.6736535479678496
84.61128150420056,14.912779173453453,14.912779173453453,14.950703889662291,14.897639140377889,3.2560332921937065,3.1736535479678496
84.81130817442325,14.915021179565347,14.915021179565347,14.962428553432026,14.901838958803397,3.7560332921937065,3.6736535479678496
85.01133484464594,14.91723440792149,14.91723440792149,14.96251057309441,14.902758810471664,3.2560332921937065,3.1736535479678496
85.21136151486864,14.919418836672385,14.919418836672385,14.974154339524024,14.907797998406418,3.7560332921937065,3.4164536156988987
85.41138818509134,14.921574444252853,14.921574444252853,14.981659694772253,14.917665062842852,3.634908702926241,3.9164536156988987
85.61141485531404,14.92370120938224,14.92370120938224,14.981070306463725,14.922138463142941,3.134908702926241,3.4164536156988987
85.81144152553674,14.925799111064642,14.925799111064642,14.969099783584788,14.919495939475437,2.634908702926241,3.053810020376933
86.01146819575943,14.927868128589083,14.927868128589083,14.964489628128828,14.925357654090963,3.134908702926241,3.553810020376933
86.21149486598213,14.929908241529757,14.929908241529757,14.96741795912648,14.920560842717242,3.634908702926241,3.053810020376933
86.41152153620483,14.931919429746198,14.931919429746198,14.966587693515601,14.925992477795338,3.134908702926241,3.553810020376933
86.61154820642751,14.933901673383499,14.933901673383499,14.97155413634982,14.926945362417433,3.634908702926241,3.053810020376933
86.81157487665021,14.935854952872496,14.935854952872496,14.96521666214829,14.931476919960753,3.134908702926241,3.553810020376933
87.01160154687291,14.937779248929967,14.937779248929967,14.95637920659279,14.939337192823302,2.634908702926241,4.0538100203769325
87.21162821709561,14.939674542558823,14.939674542558823,14.935260368896735,14.941102622274018,2.134908702926241,3.5538100203769325
87.4116548873183,14.941540815048288,14.941540815048288,14.92697085938766,14.941431396977952,2.634908702926241,3.0538100203769325
87.611681557541,14.943378047974097,14.943378047974097,14.926555176879248,14.947971967102243,3.134908702926241,3.5538100203769325
87.8117082277637,14.945186223198665,14.945186223198665,14.934196732440999,14.956388249613891,3.634908702926241,4.0538100203769325
88.0117348979864,14.946965322871272,14.946965322871272,14.94959275419479,14.961539399979245,4.134908702926241,3.5538100203769325
88.21176156820908,14.94871532942824,14.94871532942824,14.960064685862852,14.960702256679724,3.634908702926241,3.0538100203769325
88.41178823843178,14.950436225593101,14.950436225593101,14.960864071643243,14.95208282190666,3.134908702926241,2.5538100203769325
88.61181490865448,14.95212799437678,14.95212799437678,14.970609425144728,14.952296230195241,3.634908702926241,3.0538100203769325
88.81184157887718,14.953790619077747,14.953790619077747,14.985151601242649,14.945281409617188,4.134908702926241,2.5538100203769325
89.01186824909988,14.955424083282187,14.955424083282187,15.006556365687478,14.94476726912084,4.634908702926241,3.0538100203769325
89.21189491932257,14.957028370864172,14.957028370864172,15.02312775974392,14.94746899038095,4.134908702926241,3.5538100203769325
89.41192158954527,14.958603465985806,14.958603465985806,15.027772354619483,14.959782157657,3.634908702926241,4.0538100203769325
89.61194825976797,14.96014935309739,14.96014935309739,15.02489301370666,14.966759724133913,3.134908702926241,3.5538100203769325
89.81197492999067,14.961666016937574,14.961666016937574,15.009300026125894,14.96770158363243,2.634908702926241,3.0538100203769325
90.01200160021335,14.963153442533505,14.963153442533505,15.00333761833235,14.970838326882781,2.9360165326134062,3.5538100203769325
90.21202827043605,14.964611615200976,14.964611615200976,15.004406632337906,14.969385566404851,3.2190603887462554,3.0538100203769325
90.41205494065875,14.966040520544574,14.966040520544574,14.99467151670322,14.972054588656599,2.7190603887462554,3.5538100203769325
90.61208161088145,14.96744014445782,14.96744014445782,14.994192456577277,14.982258067745303,3.2190603887462554,4.0538100203769325
90.81210828110414,14.968810473123305,14.968810473123305,14.982805410713143,14.98664388075965,2.7190603887462554,3.5538100203769325
91.01213495132684,14.970151493012832,14.970151493012832,14.980587771592797,14.986909349527716,3.2190603887462554,3.0538100203769325
91.21216162154954,14.971463190887544,14.971463190887544,14.982256672223308,14.992138404389431,3.7190603887462554,3.4643461207644437
91.41218829177224,14.972745553798061,14.972745553798061,14.982712841798499,14.98980869001677,3.2190603887462554,2.9643461207644437
91.61221496199492,14.973998569084603,14.973998569084603,14.978963046925736,14.99502656078208,2.9855301579804556,3.4643461207644437
91.81224163221762,14.975222224377118,14.975222224377118,14.968041414047166,14.99150824103139,2.4855301579804556,2.9643461207644437
92.01226830244032,14.976416507595399,14.976416507595399,14.948063776047956,14.99568326559745,1.9855301579804556,3.4643461207644437
92.21229497266302,14.97758140694921,14.97758140694921,14.934308288384084,15.003469841104428,2.4855301579804556,3.9643461207644437
92.41232164288571,14.978716910938397,14.978716910938397,14.93591206253001,15.008011600795053,2.9855301579804556,3.4643461207644437
92.61234831310841,14.979823008353007,14.979823008353007,14.941776947382936,15.005545725045101,3.4855301579804556,2.9643461207644437
92.81237498333111,14.980899688273391,14.980899688273391,14.953826698780048,14.999623058349451,3.9855301579804556,2.4643461207644437
93.01240165355381,14.98194694007032,14.98194694007032,14.970774931818415,14.997898718385615,4.485530157980456,2.9643461207644437
93.21242832377649,14.982964753405083,14.982964753405083,14.98152950964573,15.000233081246057,3.985530157980456,3.4643461207644437
93.41245499399919,14.983953118229596,14.983953118229596,15.002037554511498,15.00617390422689,4.485530157980456,3.9643461207644437
93.61248166422189,14.984912024786496,14.984912024786496,15.013327538254192,15.011448262786217,3.985530157980456,3.662691145960008
93.81250833444459,14.985841463609237,14.985841463609237,15.014891487285583,15.009461105013564,3.485530157980456,3.162691145960008
94.01253500466728,14.986741425522187,14.986741425522187,15.02440187716264,15.00376065556233,3.7892263580962546,2.662691145960008
94.21256167488998,14.987611901640713,14.987611901640713,15.027302825911136,15.004163116380424,3.2892263580962546,3.162691145960008
94.41258834511268,14.98845288337128,14.98845288337128,15.027607449302453,14.995016871844062,3.2947581699738353,2.662691145960008
94.61261501533538,14.989264362411522,14.989264362411522,15.023335521396245,14.989466447542041,2.7947581699738353,3.1182757539102517
94.81264168555808,14.990046330750332,14.990046330750332,15.007850186916274,14.992761432530491,2.2947581699738353,3.4657848373748994
95.01266835578076,14.99079878066794,14.99079878066794,15.002371322202698,15.00378558079952,2.656940530579682,3.9657848373748994
95.21269502600346,14.99152170473599,14.99152170473599,15.001007232194539,15.003691187739486,3.156940530579682,3.4657848373748994
95.41272169622616,14.992215095817608,14.992215095817608,15.007236160688414,15.012763027557913,3.656940530579682,3.9657848373748994
95.61274836644886,14.99287894706748,14.99287894706748,15.005887003198474,15.012487366864695,3.156940530579682,3.4657848373748994
95.81277503667155,14.993513251931914,14.993513251931914,14.996397329141397,15.011049365299725,2.656940530579682,2.9657848373748994
96.01280170689425,14.994118004148907,14.994118004148907,14.993411255709024,15.002497104702115,3.156940530579682,2.4657848373748994
96.21282837711695,14.994693197748207,14.994693197748207,14.998178099706317,14.999704089677055,3.656940530579682,2.9657848373748994
96.41285504733965,14.995238827051374,14.995238827051374,15.013302223522432,15.002727862531392,4.156940530579682,3.4657848373748994
96.61288171756233,14.995754886671826,14.995754886671826,15.019510696535939,15.004039688851977,3.656940530579682,2.9657848373748994
96.81290838778503,14.996241371514905,14.996241371514905,15.015861496708188,15.010707899370907,3.3358352128083837,3.3890925214666776
97.01293505800773,14.996698276777927,14.996698276777927,15.012061093691655,15.015253126423014,2.8358352128083837,3.57835849244125
97.21296172823043,14.997125597950212,14.997125597950212,15.014367133556913,15.01416106997102,3.3358352128083837,3.07835849244125
97.41298839845312,14.997523330813152,14.997523330813152,15.00951082091211,15.01923132927854,3.1180541430249247,3.57835849244125
97.61301506867582,14.997891471440235,14.997891471440235,15.01689242650728,15.016677337160777,3.6180541430249247,3.07835849244125
97.81304173889852,14.998230016197095,14.998230016197095,15.014761655075505,15.009265424750087,3.1180541430249247,2.57835849244125
98.01306840912122,14.998538961741536,14.998538961741536,15.00593017350942,14.9936306017681,2.8071247023830606,2.07835849244125
98.21309507934392,14.998818305023581,14.998818305023581,15.007737562011577,14.973289223311417,3.3071247023830606,1.5783584924412501
98.4131217495666,14.999068043285488,14.999068043285488,15.021635748979316,14.957681746482015,3.8071247023830606,2.07835849244125
98.6131484197893,14.999288174061785,14.999288174061785,15.02204278647439,14.952208051499829,3.3071247023830606,2.57835849244125
98.813175090012,14.999478695179288,14.999478695179288,15.012687991100114,14.953986377693237,2.8071247023830606,3.07835849244125
99.0132017602347,14.999639604757132,14.999639604757132,14.99909654296921,14.961243133685286,2.3071247023830606,3.57835849244125
99.21322843045739,14.999770901206778,14.999770901206778,14.991478478664561,14.973261519892471,2.8071247023830606,4.07835849244125
99.41325510068009,14.99987258323204,14.99987258323204,14.99400199539027,14.977325384331209,3.3071247023830606,3.57835849244125
99.61328177090279,14.999944649829088,14.999944649829088,14.98052821260227,14.976826914004947,2.8071247023830606,3.07835849244125
99.81330844112549,14.999987100286464,14.999987100286464,14.974022548750392,14.970146079770183,3.143679573060945,2.6804660461954177
100.01333511134817,14.999999934185087,14.999999934185087,14.95805374253823,14.968193305962142,2.643679573060945,3.1804660461954177
100.21336178157087,14.999983151398261,14.999983151398261,14.955056342918308,14.975086395966038,3.143679573060945,3.6804660461954177
100.41338845179357,14.999936752091667,14.999936752091667,14.948336393880695,14.98555252847902,2.643679573060945,4.180466046195417
100.61341512201626,14.999860736723369,14.999860736723369,14.941489015835534,14.988690150349044,2.755413913155153,3.6804660461954173
100.81344179223896,14.999755106043809,14.999755106043809,14.933278680750494,15.000077420535378,2.9368465914692194,4.069537948861557
101.01346846246166,14.999619861095798,14.999619861095798,14.935888916805814,15.005141514394058,3.4368465914692194,3.569537948861557
101.21349513268436,14.999455003214504,14.999455003214504,14.947407101137358,15.00366194625896,3.9368465914692194,3.069537948861557
101.41352180290706,14.99926053402744,14.99926053402744,14.954986685029551,14.999137733301867,3.4368465914692194,2.569537948861557
101.61354847312974,14.999036455454455,14.999036455454455,14.944867628884339,14.984086989954685,2.9368465914692194,2.069537948861557
101.81357514335244,14.998782769707699,14.998782769707699,14.941918889302643,14.970585999064225,3.4368465914692194,2.2275822536967183
102.01360181357514,14.99849947929162,14.99849947929162,14.954457560123158,14.963540073818594,3.9368465914692194,2.7275822536967183
102.21362848379783,14.998186587002923,14.998186587002923,14.961627385689779,14.947478994467803,3.622406697676247,2.2275822536967183
102.41365515402053,14.997844095930553,14.997844095930553,14.974088975066328,14.941247079974083,4.122406697676247,2.7275822536967183
102.61368182424323,14.99747200945566,14.99747200945566,14.977753815173596,14.941793725354797,3.6224066976762472,3.2275822536967183
102.81370849446593,14.997070331251564,14.997070331251564,14.968444898642119,14.935892391609176,3.1224066976762472,2.7275822536967183
103.01373516468863,14.99663906528373,14.99663906528373,14.956432503818558,14.939399358862326,2.6224066976762472,3.2275822536967183
103.21376183491132,14.99617821580971,14.99617821580971,14.936004494320406,14.947489095991813,2.1224066976762472,3.7275822536967183
103.41378850513401,14.995687787379119,14.995687787379119,14.927856539978894,14.953736667860912,2.6224066976762472,3.6102981933551206
103.6138151753567,14.995167784833573,14.995167784833573,14.927901979409489,14.956201197892955,3.1224066976762472,3.1102981933551206
103.8138418455794,14.994618213306662,14.994618213306662,14.934803483255427,14.94760905560053,3.6224066976762472,2.6102981933551206
104.0138685158021,14.994039078223878,14.994039078223878,14.931961584260815,14.932950663610386,3.1224066976762472,2.1102981933551206
104.2138951860248,14.993430385302576,14.993430385302576,14.933664244692748,14.923106228841188,3.6224066976762472,2.6102981933551206
104.4139218562475,14.992792140551911,14.992792140551911,14.93043828328467,14.921438065820634,3.1224066976762472,3.1102981933551206
104.6139485264702,14.992124350272782,14.992124350272782,14.92032828932293,14.926707678853433,2.6224066976762472,3.6102981933551206
104.8139751966929,14.991427021057769,14.991427021057769,14.898440653147642,14.927735665812756,2.1224066976762472,3.428017036980214
105.01400186691558,14.990700159791063,14.990700159791063,14.884431535813961,14.935368806641765,2.6224066976762472,3.928017036980214
105.21402853713828,14.989943773648404,14.989943773648404,14.877250169564757,14.950362221583168,3.1224066976762472,4.428017036980214
105.41405520736097,14.989157870097014,14.989157870097014,14.881524872905961,14.97230297286151,3.6224066976762472,4.928017036980214
105.61408187758367,14.988342456895506,14.988342456895506,14.881023824180192,14.98126364409716,3.4511568426014088,4.428017036980214
105.81410854780637,14.987497542093829,14.987497542093829,14.893546392358957,14.991378625892974,3.9511568426014088,3.928017036980214
106.01413521802907,14.986623134033175,14.986623134033175,14.915378879544129,15.004412848750775,4.451156842601408,4.080079822789994
106.21416188825177,14.985719241345901,14.985719241345901,14.926630828201338,15.012149757331844,3.9511568426014083,3.580079822789994
106.41418855847446,14.984785872955442,14.984785872955442,14.943628983922132,15.009426654094332,4.451156842601408,3.080079822789994
106.61421522869715,14.98382303807622,14.98382303807622,14.974683356141474,15.002612439962448,4.951156842601408,2.580079822789994
106.81424189891985,14.982830746213569,14.982830746213569,14.992384659007827,14.994622990740224,4.451156842601408,2.3603037553960013
107.01426856914254,14.981809007163616,14.981809007163616,15.021580662795015,14.989011326023505,4.951156842601408,2.8603037553960013
107.21429523936524,14.980757831013204,14.980757831013204,15.042295997847475,14.991509396682755,4.451156842601408,3.3603037553960013
107.41432190958794,14.979677228139781,14.979677228139781,15.061999117878404,15.000055507778258,4.314996490288042,3.8603037553960013
107.61434857981064,14.978567209211313,14.978567209211313,15.0682407355552,15.009366727341527,3.814996490288042,4.007261245916103
107.81437525003334,14.977427785186153,14.977427785186153,15.069464191380627,15.015873183939442,3.314996490288042,3.507261245916103
108.01440192025603,14.97625896731296,14.97625896731296,15.060498997074948,15.013036246006582,2.814996490288042,3.007261245916103
108.21442859047873,14.975060767130572,14.975060767130572,15.044389782574218,15.020401771236823,2.314996490288042,3.507261245916103
108.41445526070142,14.973833196467892,14.973833196467892,15.033514409988635,15.03007986411791,2.814996490288042,4.007261245916103
108.61448193092411,14.97257626744378,14.97257626744378,15.038932941484637,15.034340671452213,3.314996490288042,3.507261245916103
108.81450860114681,14.971289992466925,14.971289992466925,15.029007340464794,15.031877711525834,2.8351153199467927,3.007261245916103
109.01453527136951,14.969974384235732,14.969974384235732,15.017356869530328,15.027586318831474,2.3351153199467927,3.0615871525429514
109.21456194159221,14.968629455738181,14.968629455738181,14.991051307751935,15.017947824148203,1.8351153199467927,2.5615871525429514
109.4145886118149,14.967255220251719,14.967255220251719,14.97418672430507,15.013082535529028,2.3351153199467927,3.0615871525429514
109.6146152820376,14.965851691343111,14.965851691343111,14.957159897985132,15.005380278607392,2.3493923053648422,2.5615871525429514
109.8146419522603,14.964418882868312,14.964418882868312,14.947362082207324,15.007379458042987,2.8493923053648422,3.0615871525429514
110.01466862248299,14.96295680897234,14.96295680897234,14.943342599822515,15.011682679883233,3.287447595582871,3.5615871525429514
110.21469529270568,14.961465484089121,14.961465484089121,14.944253395865413,15.011589145567811,3.366222520848247,3.2987481915504455
110.41472196292838,14.959944922941354,14.959944922941354,14.938210582707642,15.022317172829995,2.866222520848247,3.7987481915504455
110.61474863315108,14.958395140540366,14.958395140540366,14.938621760229285,15.02173619484807,3.366222520848247,3.2987481915504455
110.81477530337378,14.956816152185967,14.956816152185967,14.928878188045195,15.016039078610799,2.866222520848247,2.7987481915504455
111.01480197359648,14.955207973466287,14.955207973466287,14.928417731011214,15.004758245721463,3.290859066463024,2.2987481915504455
111.21482864381917,14.953570620257636,14.953570620257636,14.936322275793405,14.998540398160468,3.790859066463024,2.6123484758042954
111.41485531404187,14.951904108724342,14.951904108724342,14.938198977367724,14.998622249967314,3.290859066463024,3.1123484758042954
111.61488198426457,14.950208455318583,14.950208455318583,14.949261096087879,14.99362144660356,3.790859066463024,2.6123484758042954
111.81490865448725,14.948483676780238,14.948483676780238,14.94370105990149,14.976599042963326,3.290859066463024,2.1123484758042954
112.01493532470995,14.94672979013672,14.94672979013672,14.95022762066245,14.957135499210105,3.790859066463024,1.6123484758042954
112.21496199493265,14.944946812702794,14.944946812702794,14.950439958909067,14.932795093738587,3.290859066463024,1.1123484758042954
112.41498866515535,14.943134762080422,14.943134762080422,14.946218245377022,14.902297274746301,3.2049362005450686,0.6123484758042954
112.61501533537805,14.941293656158585,14.941293656158585,14.945148400763182,14.880610885301824,3.2929554444920344,1.1123484758042954
112.81504200560074,14.939423513113098,14.939423513113098,14.954126767101359,14.859300745847515,3.7929554444920344,1.6123484758042954
113.01506867582344,14.937524351406443,14.937524351406443,14.951209309920836,14.845512792815184,3.2929554444920344,2.1123484758042954
113.21509534604614,14.935596189787578,14.935596189787578,14.939849560160313,14.83719445670183,2.7929554444920344,2.6123484758042954
113.41512201626882,14.933639047291756,14.933639047291756,14.918961406859237,14.83762609364718,2.3727386448185577,3.1123484758042954
113.61514868649152,14.931652943240335,14.931652943240335,14.910032637154785,14.838571961459525,2.8727386448185577,3.6123484758042954
113.81517535671422,14.929637897240589,14.929637897240589,14.902945430733274,14.838212602680885,3.1289703636748563,3.1123484758042954
114.01520202693692,14.92759392918551,14.92759392918551,14.894828094765899,14.830383141896839,3.236678632635355,2.6123484758042954
114.21522869715962,14.925521059253622,14.925521059253622,14.888189271124384,14.82907706009031,2.736678632635355,3.1123484758042954
114.41525536738231,14.92341930790877,14.92341930790877,14.868776978286919,14.837631267600065,2.236678632635355,3.6123484758042954
114.61528203760501,14.921288695899921,14.921288695899921,14.846985175073318,14.841759932233758,2.1583733438864448,3.497730840680487
114.81530870782771,14.919129244260969,14.919129244260969,14.818185712466663,14.850661369787613,1.8106343168616912,3.997730840680487
115.0153353780504,14.916940974310512,14.916940974310512,14.800042800804796,14.856472489774205,2.310634316861691,3.497730840680487
115.2153620482731,14.91472390765165,14.91472390765165,14.79274460665781,14.866263055200573,2.810634316861691,3.997730840680487
115.41538871849579,14.912478066171774,14.912478066171774,14.789745188844833,14.869795674208703,3.310634316861691,3.497730840680487
115.61541538871849,14.910203472042344,14.910203472042344,14.780105807805038,14.86833091537366,2.810634316861691,2.997730840680487
115.81544205894119,14.907900147718673,14.907900147718673,14.77486619995086,14.863649870673271,2.9158096268908236,2.930358199144864
116.01546872916389,14.905568115939705,14.905568115939705,14.771624124325212,14.864026679041448,3.4158096268908236,3.430358199144864
116.21549539938658,14.903207399727794,14.903207399727794,14.777577594531218,14.862581740048718,3.9158096268908236,3.326632872591014
116.41552206960928,14.900818022388467,14.900818022388467,14.793348013814908,14.867645682049732,4.415809626890823,3.811368248791756
116.61554873983198,14.898400007510208,14.898400007510208,14.806498716507232,14.866301307818459,3.915809626890823,3.311368248791756
116.81557541005466,14.895953378964206,14.895953378964206,14.819222922239991,14.860356612059787,4.415809626890823,2.8715175258989083
117.01560208027736,14.893478160904145,14.893478160904145,14.83351436006724,14.861802770549636,3.915809626890823,3.3715175258989083
117.21562875050006,14.890974377765938,14.890974377765938,14.833850240856227,14.866048710794178,3.415809626890823,3.6634446060176185
117.41565542072276,14.888442054267507,14.888442054267507,14.829341469046545,14.865447102410144,3.0422799135799465,3.1634446060176185
117.61568209094546,14.885881215408528,14.885881215408528,14.81582005904455,14.86859113776253,2.5422799135799465,3.6634446060176185
117.81570876116815,14.88329188647019,14.88329188647019,14.809750446802441,14.867108864315691,3.0422799135799465,3.1634446060176185
118.01573543139085,14.880674093014939,14.880674093014939,14.810453355565878,14.858437501440378,3.5422799135799465,2.6634446060176185
118.21576210161355,14.87802786088623,14.87802786088623,14.803702570034623,14.859633180558479,3.0422799135799465,3.1634446060176185
118.41578877183623,14.875353216208271,14.875353216208271,14.809128014815943,14.852361544620496,3.5422799135799465,2.6634446060176185
118.61581544205893,14.872650185385769,14.872650185385769,14.80626525141969,14.842109813010884,3.0422799135799465,2.2238276020288943
118.81584211228163,14.869918795103661,14.869918795103661,14.80856666764114,14.837905904660547,3.5422799135799465,2.7238276020288943
119.01586878250433,14.867159072326857,14.867159072326857,14.801323615751734,14.83536075566214,3.0422799135799465,3.2238276020288943
119.21589545272703,14.86437104429997,14.86437104429997,14.805718094300213,14.834805519731779,3.5422799135799465,2.8836829092889005
119.41592212294972,14.861554738547051,14.861554738547051,14.8206969005665,14.83535784093329,4.0422799135799465,3.3836829092889005
119.61594879317242,14.858710182871315,14.858710182871315,14.824367550418856,14.83049006169425,3.5422799135799465,2.8836829092889005
119.81597546339512,14.855837405354865,14.855837405354865,14.836748479895027,14.831869191658614,4.0422799135799465,3.3836829092889005
120.01600213361782,14.85293643435842,14.85293643435842,14.84134310694207,14.836800941843926,3.5422799135799465,3.8836829092889005
120.2160288038405,14.850007298521026,14.850007298521026,14.832775466403223,14.852015317761673,3.0422799135799465,4.3836829092889005
120.4160554740632,14.847050026759783,14.847050026759783,14.820238698654357,14.858328749093452,2.5422799135799465,3.8836829092889005
120.6160821442859,14.844064648269557,14.844064648269557,14.813068480152465,14.87300906414626,3.0422799135799465,4.3836829092889005
120.8161088145086,14.841051192522682,14.841051192522682,14.817730764927079,14.879218106917502,3.5422799135799465,3.8836829092889005
121.0161354847313,14.838009689268686,14.838009689268686,14.830224034918528,14.87878647958448,4.0422799135799465,3.3836829092889005
121.21616215495399,14.834940168533985,14.834940168533985,14.834279858685743,14.875655964553767,3.5422799135799465,2.8836829092889005
121.41618882517669,14.831842660621588,14.831842660621588,14.827757208427444,14.865790242809307,3.0422799135799465,2.3836829092889005
121.61621549539939,14.828717196110802,14.828717196110802,14.817162680663175,14.858826248955896,2.5422799135799465,2.79485195989558
121.81624216562207,14.825563805856927,14.825563805856927,14.792031465833807,14.845165665187809,2.0422799135799465,2.29485195989558
122.01626883584477,14.822382520990953,14.822382520990953,14.781072753274861,14.828490532337172,2.5422799135799465,2.0841190919364094
122.21629550606747,14.819173372919252,14.819173372919252,14.757294058738188,14.814897860907214,2.0422799135799465,1.9537248309757793
122.41632217629017,14.81593639332327,14.81593639332327,14.743801151096411,14.791502588781107,2.5422799135799465,1.6829935240965854
122.61634884651286,14.812671614159205,14.812671614159205,14.73667777144348,14.778505300962896,3.0422799135799465,2.1829935240965854
122.81637551673556,14.809379067657707,14.809379067657707,14.737822681759953,14.771070648434288,3.5422799135799465,2.6829935240965854
123.01640218695826,14.806058786323547,14.806058786323547,14.728927952563613,14.756123857039121,3.0422799135799465,2.1829935240965854
123.21642885718096,14.802710802935302,14.802710802935302,14.714593134714875,14.749212911271908,2.5422799135799465,2.6829935240965854
123.41645552740364,14.79933515054503,14.79933515054503,14.710583248023077,14.75035055029215,3.0422799135799465,3.1829935240965854
123.61648219762634,14.795931862477941,14.795931862477941,14.70541164855717,14.756036036774574,3.1392014957789667,3.6829935240965854
123.81650886784904,14.792500972332077,14.792500972332077,14.709686692991399,14.752756418184475,3.6392014957789667,3.1829935240965854
124.01653553807174,14.789042513977968,14.789042513977968,14.723743924060932,14.744205367972253,4.139201495778966,2.6829935240965854
124.21656220829443,14.785556521558306,14.785556521558306,14.727319581696054,14.727209967757775,3.6392014957789662,2.1898154386385356
124.41658887851713,14.782043029487607,14.782043029487607,14.720530984521934,14.705346783823137,3.1392014957789662,1.6898154386385356
124.61661554873983,14.778502072451865,14.778502072451865,14.718029658020464,14.690813689345985,3.1609320416522872,2.1898154386385356
124.81664221896253,14.774933685408218,14.774933685408218,14.714422389972025,14.687518315640782,3.282410813476983,2.6898154386385356
125.01666888918523,14.771337903584602,14.771337903584602,14.720382522675193,14.687210839983372,3.782410813476983,3.1898154386385356
125.21669555940791,14.767714762479397,14.767714762479397,14.720631671068352,14.691659334944555,3.8548436025969384,3.561932406370577
125.41672222963061,14.76406429786108,14.76406429786108,14.741374784283826,14.702111321365091,4.354843602596938,3.8514871504768733
125.6167488998533,14.76038654576787,14.76038654576787,14.75974426237019,14.705096053153303,4.435599809891389,3.3514871504768733
125.816775570076,14.75668154250738,14.75668154250738,14.771588637571346,14.702073879266889,3.9355998098913894,2.8514871504768733
126.0168022402987,14.752949324656248,14.752949324656248,14.776653994197924,14.705605583707413,3.4355998098913894,3.3514871504768733
126.2168289105214,14.749189929059781,14.749189929059781,14.7681743919549,14.713761884173216,2.9355998098913894,3.8514871504768733
126.4168555807441,14.745403392831596,14.745403392831596,14.76581941576665,14.72995634929008,3.2454014112830434,4.351487150476873
126.6168822509668,14.741589753353242,14.741589753353242,14.757889458209144,14.738760217010945,2.7454014112830434,3.8514871504768733
126.81690892118948,14.737749048273841,14.737749048273841,14.740216654361495,14.739651423657012,2.2454014112830434,3.3514871504768733
127.01693559141218,14.733881315509711,14.733881315509711,14.729438505761133,14.735292778235952,2.7454014112830434,2.8514871504768733
127.21696226163488,14.729986593243995,14.729986593243995,14.707596930187142,14.730900267276203,2.2454014112830434,2.840290030065814
127.41698893185757,14.72606491992628,14.72606491992628,14.678184139682342,14.719233984382086,1.7454014112830434,2.340290030065814
127.61701560208027,14.722116334272226,14.722116334272226,14.654290750174757,14.715493076567117,2.2454014112830434,2.840290030065814
127.81704227230297,14.718140875263169,14.718140875263169,14.644132018198762,14.701987432734702,2.7454014112830434,2.340290030065814
128.01706894252567,14.714138582145754,14.714138582145754,14.643714785661826,14.696461121686617,3.2454014112830434,2.840290030065814
128.21709561274835,14.71010949443153,14.71010949443153,14.63201779006178,14.699526543863719,2.7454014112830434,3.340290030065814
128.41712228297106,14.706053651896573,14.706053651896573,14.627615434558578,14.693455423208752,2.8095569927511774,2.840290030065814
128.61714895319375,14.701971094581092,14.701971094581092,14.629649881068723,14.68203851013972,3.3095569927511774,2.340290030065814
128.81717562341646,14.69786186278902,14.69786186278902,14.638293700889497,14.666289829037728,3.8095569927511774,1.9943059582583293
129.01720229363914,14.69372599708764,14.69372599708764,14.652217637238175,14.64452337868972,4.163075482391808,1.4943059582583293
129.21722896386186,14.689563538307159,14.689563538307159,14.65437127465364,14.628811966622225,3.6630754823918084,1.9943059582583293
129.41725563408454,14.685374527540326,14.685374527540326,14.65091086298433,14.619374981241789,3.1630754823918084,2.4943059582583293
129.61728230430722,14.681159006142009,14.681159006142009,14.656565774653286,14.61966752487205,3.6630754823918084,2.9943059582583293
129.81730897452994,14.676917015728801,14.676917015728801,14.649463146713623,14.622126058711732,3.1630754823918084,3.4943059582583293
130.01733564475262,14.672648598178604,14.672648598178604,14.652007393415314,14.621545359728202,3.6630754823918084,2.9943059582583293
130.21736231497533,14.66835379563021,14.66835379563021,14.652949194057825,14.61112501947188,3.1630754823918084,2.4943059582583293
130.41738898519802,14.664032650482891,14.664032650482891,14.641294587088478,14.599034153343629,2.6630754823918084,1.9943059582583293
130.61741565542073,14.65968520539598,14.65968520539598,14.622155969379902,14.575079306048325,2.2217047419346803,1.4943059582583293
130.8174423256434,14.655311503288454,14.655311503288454,14.59778363645549,14.560913821749047,1.7217047419346803,1.9943059582583293
131.0174689958661,14.650911587338495,14.650911587338495,14.583863645986396,14.549837554309478,2.2217047419346803,2.4943059582583293
131.2174956660888,14.646485500983081,14.646485500983081,14.567942192416833,14.545084407520633,2.238178907644895,2.9943059582583293
131.4175223363115,14.64203328791755,14.64203328791755,14.554914779615265,14.54857398277977,2.738178907644895,3.4943059582583293
131.6175490065342,14.637554992095167,14.637554992095167,14.551012763149142,14.560943830222756,3.238178907644895,3.9943059582583293
131.8175756767569,14.633050657726692,14.633050657726692,14.549482200316262,14.562970209435594,3.3087622501900817,3.4943059582583293
132.0176023469796,14.628520329279944,14.628520329279944,14.548813759287762,14.562757758832333,3.2577668025862883,2.9943059582583293
132.21762901720228,14.623964051479362,14.623964051479362,14.55368051623804,14.566387878128634,3.6955453624934673,3.4943059582583293
132.417655687425,14.619381869305563,14.619381869305563,14.5479067953985,14.566669006204645,3.1955453624934673,2.9943059582583293
132.61768235764768,14.614773827994897,14.614773827994897,14.534790575074112,14.568038497296998,2.6955453624934673,3.4943059582583293
132.81770902787036,14.610139973039,14.610139973039,14.527086734089915,14.566087463437272,2.9620423326703706,2.9943059582583293
133.01773569809308,14.60548035018435,14.60548035018435,14.5182739241437,14.56838464781884,3.0044140739519185,3.2437023346721663
133.21776236831576,14.600795005431811,14.600795005431811,14.518349612891345,14.565147567731538,3.5044140739519185,2.7437023346721663
133.41778903853847,14.596083985036172,14.596083985036172,14.51017217419795,14.567962738140249,3.0044140739519185,3.2437023346721663
133.61781570876116,14.59134733550571,14.59134733550571,14.512624044228485,14.566140973810196,3.5044140739519185,3.3657155377072714
133.81784237898387,14.58658510360171,14.58658510360171,14.525494625559995,14.564211720898685,4.004414073951919,2.8657155377072714
134.01786904920655,14.581797336338013,14.581797336338013,14.527252440710335,14.553154637842832,3.504414073951919,2.3657155377072714
134.21789571942927,14.576984080980555,14.576984080980555,14.53896055441341,14.546644407451257,4.004414073951919,2.8657155377072714
134.41792238965195,14.572145385046891,14.572145385046891,14.53757730508705,14.539958379565979,3.504414073951919,2.3657155377072714
134.61794905987463,14.567281296305737,14.567281296305737,14.538909801092926,14.52891995623655,3.5015773604371496,2.238846760727238
134.81797573009734,14.562391862776487,14.562391862776487,14.535720974721105,14.50853571961144,3.0015773604371496,1.7388467607272382
135.01800240032003,14.557477132728748,14.557477132728748,14.520595087172207,14.497150960082369,2.5015773604371496,2.238846760727238
135.21802907054274,14.552537154681858,14.552537154681858,14.498376388348618,14.479444147554693,2.0015773604371496,1.7388467607272382
135.41805574076542,14.547571977404413,14.547571977404413,14.488645770121597,14.467574608533443,2.5015773604371496,2.238846760727238
135.61808241098814,14.542581649913775,14.542581649913775,14.480328738090046,14.462739364014267,3.0015773604371496,2.301041324087171
135.81810908121082,14.5375662214756,14.5375662214756,14.481848698482803,14.457370211038167,3.360400354792513,2.801041324087171
136.0181357514335,14.532525741603344,14.532525741603344,14.487435089676008,14.459493537286034,3.860400354792513,3.301041324087171
136.21816242165622,14.52746026005778,14.52746026005778,14.492297411888789,14.46832560703063,3.7135361552362705,3.73296799387401
136.4181890918789,14.522369826846493,14.522369826846493,14.490303682134222,14.467896919765947,3.2135361552362705,3.23296799387401
136.6182157621016,14.517254492223412,14.517254492223412,14.480457945667178,14.466939463099353,2.7135361552362705,3.2552033511767324
136.8182424323243,14.512114306688286,14.512114306688286,14.463333460369373,14.462599034439702,2.2135361552362705,2.7552033511767324
137.018269102547,14.506949320986203,14.506949320986203,14.450295523680635,14.46246094772478,2.286010269680577,3.2552033511767324
137.2182957727697,14.501759586107084,14.501759586107084,14.437626752904485,14.456385443132222,2.786010269680577,2.7552033511767324
137.4183224429924,14.496545153285176,14.496545153285176,14.418110121196385,14.444013301921393,2.286010269680577,2.288672717034637
137.6183491132151,14.491306073998556,14.491306073998556,14.39057590531504,14.426073924513252,1.786010269680577,1.788672717034637
137.81837578343777,14.48604239996861,14.48604239996861,14.370931206633426,14.41523173604728,2.286010269680577,2.288672717034637
138.01840245366049,14.480754183159533,14.480754183159533,14.348023355187973,14.406611303271115,2.1080235696497183,2.788672717034637
138.21842912388317,14.47544147577781,14.47544147577781,14.330985539486612,14.40484475600176,2.6080235696497183,3.0715250165073926
138.41845579410588,14.470104330271706,14.470104330271706,14.322559657598314,14.398079394871608,2.8529493086733826,2.5715250165073926
138.61848246432857,14.464742799330738,14.464742799330738,14.309189253207078,14.396554299275516,2.4870116756830476,3.0715250165073926
138.81850913455128,14.459356935885168,14.459356935885168,14.304232755034057,14.391731546131046,2.9870116756830476,2.903278647695307
139.01853580477396,14.453946793105471,14.453946793105471,14.288975218191688,14.381979126790357,2.4870116756830476,2.403278647695307
139.21856247499667,14.448512424401814,14.448512424401814,14.2833905896567,14.371856554682514,2.9870116756830476,2.5045231417280944
139.41858914521936,14.443053883423527,14.443053883423527,14.286781326400622,14.36008931854814,3.4870116756830476,2.484012843068629
139.61861581544204,14.437571224058578,14.437571224058578,14.298812483697587,14.357705071630553,3.9870116756830476,2.984012843068629
139.81864248566475,14.432064500433029,14.432064500433029,14.316974705295303,14.354039561297434,4.487011675683048,2.8355611060560966
140.01866915588744,14.42653376691052,14.42653376691052,14.32570379082888,14.354028290041445,3.987011675683048,3.3355611060560966
140.21869582611015,14.420979078091714,14.420979078091714,14.328732732059802,14.3584618763161,3.487011675683048,3.624749019216787
140.41872249633283,14.41540048881377,14.41540048881377,14.32702767374873,14.373307125757696,3.1385019580220344,4.124749019216787
140.61874916655555,14.4097980541498,14.4097980541498,14.331925399176745,14.379200280586874,3.6385019580220344,3.624749019216787
140.81877583677823,14.404171829408314,14.404171829408314,14.33988929130485,14.380671949419987,3.8814128571563025,3.3749100187036114
141.01880250700094,14.398521870132695,14.398521870132695,14.337013654459348,14.371076356419058,3.3814128571563025,2.8749100187036114
141.21882917722363,14.392848232100633,14.392848232100633,14.326685458584883,14.360407577549456,2.8814128571563025,2.3749100187036114
141.4188558474463,14.387150971323578,14.387150971323578,14.310072888694311,14.358418879393172,2.3814128571563025,2.8749100187036114
141.61888251766902,14.381430144046188,14.381430144046188,14.306222809222724,14.346929805376277,2.8814128571563025,2.3749100187036114
141.8189091878917,14.375685806745787,14.375685806745787,14.286872690100969,14.331017943056128,2.3814128571563025,1.8749100187036114
142.01893585811442,14.36991801613178,14.36991801613178,14.26238276000911,14.310615081986166,1.8814128571563025,1.5091944248528932
142.2189625283371,14.364126829145118,14.364126829145118,14.244248763068617,14.298234370924693,2.3814128571563025,2.0091944248528932
142.4189891985598,14.358312302957719,14.358312302957719,14.239517720339878,14.285950751253187,2.8814128571563025,2.099151162391171
142.6190158687825,14.35247449497192,14.35247449497192,14.24204627122817,14.265990798190105,3.3814128571563025,1.5991511623911712
142.81904253900518,14.346613462819896,14.346613462819896,14.251980270418324,14.2509130924673,3.8814128571563025,1.8571151742346745
143.0190692092279,14.340729264363095,14.340729264363095,14.259148000729326,14.22737781934461,3.589955038089352,1.3571151742346745
143.21909587945058,14.33482195769167,14.33482195769167,14.253858634162635,14.212392561864059,3.2445725344486425,1.8571151742346745
143.4191225496733,14.328891601123905,14.328891601123905,14.240742632663899,14.204165400655313,2.7445725344486425,2.3571151742346745
143.61914921989597,14.322938253205635,14.322938253205635,14.22160742543224,14.188196612538091,2.3077144072827585,1.8571151742346745
143.8191758901187,14.316961972709674,14.316961972709674,14.211668935610104,14.168983780614958,2.7075719775831595,1.7864851789441074
144.01920256034137,14.310962818635227,14.310962818635227,14.204872801701828,14.157022144676896,3.2075719775831595,2.2864851789441074
144.21922923056408,14.304940850207316,14.304940850207316,14.209870822536635,14.154259249768614,3.7075719775831595,2.7864851789441074
144.41925590078677,14.298896126876194,14.298896126876194,14.222226966367675,14.157692992059086,4.207571977583159,3.2864851789441074
144.61928257100945,14.292828708316746,14.292828708316746,14.224054398422808,14.164183375600555,3.707571977583159,3.7864851789441074
144.81930924123216,14.28673865442792,14.28673865442792,14.219544687638031,14.176590978468267,3.207571977583159,4.286485178944107
145.01933591145485,14.28062602533212,14.28062602533212,14.223955602189598,14.184452866951435,3.707571977583159,3.7864851789441074
145.21936258167756,14.274490881374618,14.274490881374618,14.219188251207607,14.18642012831687,3.207571977583159,3.2864851789441074
145.41938925190024,14.268333283122956,14.268333283122956,14.222021548520772,14.192067686318223,3.707571977583159,3.7864851789441074
145.61941592212295,14.262153291366356,14.262153291366356,14.22891018685981,14.204153177221253,3.873223627988673,4.286485178944107
145.81944259234564,14.25595096711511,14.25595096711511,14.22767093388336,14.216348011087227,3.373223627988673,3.7864851789441074
146.01946926256835,14.249726371599978,14.249726371599978,14.219061559499837,14.220972043017232,2.873223627988673,3.2864851789441074
146.21949593279103,14.243479566271594,14.243479566271594,14.215149631705193,14.216487518875958,3.373223627988673,2.7864851789441074
146.41952260301372,14.237210612799847,14.237210612799847,14.206558480406184,14.217341082464651,2.873223627988673,3.236039936057568
146.61954927323643,14.23091957307328,14.23091957307328,14.194735176448203,14.211550282158251,2.5958386798037836,2.736039936057568
146.8195759434591,14.224606509198473,14.224606509198473,14.180960368610313,14.201404133183157,2.650278751349507,2.236039936057568
147.01960261368183,14.218271483499441,14.218271483499441,14.160165312972273,14.197030830008226,2.150278751349507,2.736039936057568
147.2196292839045,14.211914558517005,14.211914558517005,14.130376812480403,14.185958927847096,1.6502787513495072,2.236039936057568
147.41965595412722,14.205535797008181,14.205535797008181,14.106328317355462,14.181353776447196,2.1065860064927495,2.736039936057568
147.6196826243499,14.199135261945562,14.199135261945562,14.091873509582333,14.172350589379144,2.6065860064927495,2.613779310319525
147.8197092945726,14.192713016516695,14.192713016516695,14.070988129686153,14.158879532000254,2.1065860064927495,2.113779310319525
148.0197359647953,14.186269124123454,14.186269124123454,14.055324026407463,14.149821569723136,2.6065860064927495,2.37275637305056
148.219762635018,14.17980364838142,14.17980364838142,14.042291097429006,14.143989561406835,2.3318564040224605,2.87275637305056
148.4197893052407,14.173316653119246,14.173316653119246,14.028775070477177,14.130156819673836,2.8318564040224605,2.37275637305056
148.61981597546338,14.166808202378036,14.166808202378036,14.018936269538841,14.112532631087145,2.8825730776004725,1.87275637305056
148.8198426456861,14.1602783604107,14.1602783604107,14.015058012213348,14.089576414006626,3.3825730776004725,1.37275637305056
149.01986931590878,14.153727191681334,14.153727191681334,14.008315343197609,14.070137867631692,2.8825730776004725,1.6154473475424793
149.2198959861315,14.147154760864575,14.147154760864575,14.007755364043721,14.053059462069363,3.2572525578741107,2.1154473475424793
149.41992265635417,14.140561132844962,14.140561132844962,13.99854697823691,14.037313964051274,2.7572525578741107,1.6646345818394064
149.61994932657686,14.133946372716299,14.133946372716299,13.995337926104021,14.025212104361849,3.2572525578741107,2.1646345818394064
149.81997599679957,14.127310545781008,14.127310545781008,13.984977487948036,14.017827215654625,2.7572525578741107,2.5583436769568433
150.02000266702225,14.120653717549494,14.120653717549494,13.98420714496765,14.01759112159323,3.2572525578741107,3.0583436769568433
150.22002933724497,14.113975953739487,14.113975953739487,13.974153850658173,14.019285915781111,2.7572525578741107,3.192085472669524
150.42005600746765,14.107277320275397,14.107277320275397,13.970539812020421,14.023853661694883,3.2572525578741107,3.619719176004244
150.62008267769036,14.100557883287664,14.100557883287664,13.963828045138312,14.025196145389218,2.7572525578741107,3.119719176004244
150.82010934791305,14.093817709112113,14.093817709112113,13.960825994361734,14.019183562511783,3.197455856031237,2.619719176004244
151.02013601813576,14.087056864289277,14.087056864289277,13.96232825410704,14.004068368340441,3.697455856031237,2.119719176004244
151.22016268835844,14.080275415563769,14.080275415563769,13.972941450202118,13.99191065851788,4.197455856031237,2.163725223819329
151.42018935858113,14.073473429883597,14.073473429883597,13.986837971145055,13.9739797628319,4.223684246756773,1.6637252238193292
151.62021602880384,14.066650974399522,14.066650974399522,13.99989288742481,13.952200441804868,4.237093166564244,1.1637252238193292
151.82024269902652,14.059808116464385,14.059808116464385,14.005075089968386,13.928360956630044,3.737093166564244,1.1505165001228326
152.02026936924923,14.052944923632442,14.052944923632442,14.019127867025029,13.910579125009933,4.237093166564244,1.6505165001228326
152.22029603947192,14.046061463658704,14.046061463658704,14.025011439101768,13.898228489739424,3.737093166564244,2.1505165001228326
152.42032270969463,14.039157804498261,14.039157804498261,14.021897236928583,13.878371270549682,3.237093166564244,1.7445840572272746
152.62034937991731,14.032234014305619,14.032234014305619,14.007520205121082,13.86997462524148,2.737093166564244,2.2445840572272746
152.82037605014,14.025290161434011,14.025290161434011,13.992981799499457,13.86569374105896,2.4977914072679264,2.7445840572272746
153.0204027203627,14.018326314434749,14.018326314434749,13.969239249867938,13.856807392587235,1.9977914072679264,2.2445840572272746
153.2204293905854,14.011342542056518,14.011342542056518,13.954877373341592,13.849175263093935,2.4977914072679264,2.613064963084147
153.4204560608081,14.004338913244716,14.004338913244716,13.941817497609653,13.84880237058529,2.68913631505341,3.113064963084147
153.6204827310308,13.997315497140768,13.997315497140768,13.936144502217992,13.839692269488959,3.18913631505341,2.613064963084147
153.8205094012535,13.990272363081447,13.990272363081447,13.92629769305514,13.837559958961727,2.68913631505341,3.113064963084147
154.0205360714762,13.983209580598183,13.983209580598183,13.902096365646232,13.84610377171805,2.18913631505341,3.613064963084147
154.2205627416989,13.976127219416377,13.976127219416377,13.888891033605104,13.861161564651557,2.68913631505341,4.113064963084147
154.42058941192158,13.969025349454721,13.969025349454721,13.883099549112996,13.869208804155788,3.18913631505341,3.9015758976820414
154.62061608214427,13.961904040824498,13.961904040824498,13.885414339052755,13.872466978405972,3.4109923200679293,3.4015758976820414
154.82064275236698,13.954763363828896,13.954763363828896,13.890099299313318,13.870446238333823,3.9109923200679293,2.9015758976820414
155.02066942258966,13.947603388962312,13.947603388962312,13.89021287380614,13.870642204715555,3.4109923200679293,3.4015758976820414
155.22069609281237,13.940424186909652,13.940424186909652,13.887688738569482,13.868483878676928,3.384067534430806,2.9015758976820414
155.42072276303506,13.933225828545647,13.933225828545647,13.893244901047375,13.862375829101875,3.872761652848917,2.689857196217989
155.62074943325777,13.926008384934132,13.926008384934132,13.891846490229533,13.866768657872138,3.372761652848917,3.189857196217989
155.82077610348045,13.918771927327361,13.918771927327361,13.882506209959041,13.861301025068355,2.872761652848917,2.689857196217989
156.02080277370317,13.9115165271653,13.9115165271653,13.867832814215255,13.862022871960418,2.647618799267265,3.189857196217989
156.22082944392585,13.90424225607492,13.90424225607492,13.859041565147631,13.865746262405553,2.9486291584178654,3.4884752684491285
156.42085611414853,13.896949185869486,13.896949185869486,13.846782486281613,13.864356755808826,2.4486291584178654,2.9884752684491285
156.62088278437125,13.889637388547854,13.889637388547854,13.824845824640674,13.85462229294234,1.9486291584178654,2.4884752684491285
156.82090945459393,13.882306936293766,13.882306936293766,13.794836510515063,13.839650994872903,1.4486291584178654,1.9884752684491285
157.02093612481664,13.874957901475115,13.874957901475115,13.772754251694089,13.818096564165064,1.9486291584178654,1.4884752684491285
157.22096279503933,13.867590356643259,13.867590356643259,13.755970327946036,13.800313038304827,2.4486291584178654,1.9884752684491285
157.42098946526204,13.860204374532282,13.860204374532282,13.741177838052343,13.790197031607587,2.5228820223909603,2.4884752684491285
157.62101613548472,13.852800028058294,13.852800028058294,13.73847636145598,13.779506119361885,3.0228820223909603,2.384713834309478
157.8210428057074,13.84537739031869,13.84537739031869,13.741506693246208,13.76728828143668,3.5228820223909603,1.884713834309478
158.02106947593012,13.83793653459145,13.83793653459145,13.753629809357532,13.745773832206744,4.02288202239096,1.384713834309478
158.2210961461528,13.830477534334406,13.830477534334406,13.756584643693822,13.714614779785084,3.5228820223909603,0.9602476543653743
158.42112281637552,13.82300046318451,13.82300046318451,13.749943112601242,13.686176589979159,3.0228820223909603,0.8256041564531829
158.6211494865982,13.815505394957123,13.815505394957123,13.750648020084567,13.664769761052716,3.5228820223909603,1.3256041564531829
158.8211761568209,13.807992403645269,13.807992403645269,13.74443768831396,13.646369962362906,3.0228820223909603,1.8256041564531829
159.0212028270436,13.800461563418917,13.800461563418917,13.729770903133721,13.628636663990143,2.5228820223909603,1.3256041564531829
159.2212294972663,13.792912948624245,13.792912948624245,13.703464556854959,13.61197739798005,2.0228820223909603,1.8256041564531829
159.421256167489,13.785346633782908,13.785346633782908,13.685812076208707,13.601929721172084,2.5228820223909603,2.3256041564531826
159.62128283771168,13.777762693591288,13.777762693591288,13.679014970237215,13.597376643640844,3.0228820223909603,2.8256041564531826
159.8213095079344,13.770161202919784,13.770161202919784,13.668333951758349,13.596787442661046,2.5228820223909603,3.3256041564531826
160.02133617815707,13.762542236812049,13.762542236812049,13.644273068367085,13.605494135130115,2.0228820223909603,3.8256041564531826
160.22136284837978,13.754905870484258,13.754905870484258,13.634032296251062,13.617819018361638,2.5228820223909603,4.325604156453182
160.42138951860247,13.747252179324365,13.747252179324365,13.62561046205774,13.639920195737213,2.766478448254202,4.825604156453182
160.62141618882518,13.739581238891361,13.739581238891361,13.616918140133274,13.667116205100474,2.7823663108848318,5.325604156453182
160.82144285904786,13.731893124914526,13.731893124914526,13.613922585372036,13.688853675730314,3.2823663108848318,4.825604156453182
161.02146952927058,13.724187913292674,13.724187913292674,13.623331056749409,13.704880825634248,3.7823663108848318,4.325604156453182
161.22149619949326,13.716465680093421,13.716465680093421,13.618675603120801,13.712857961483007,3.2823663108848318,3.825604156453182
161.42152286971594,13.70872650155242,13.70872650155242,13.626579399002773,13.715027553753313,3.7823663108848318,3.325604156453182
161.62154953993866,13.700970454072607,13.700970454072607,13.62246304567214,13.709053669568638,3.2823663108848318,2.825604156453182
161.82157621016134,13.693197614223457,13.693197614223457,13.615881383816236,13.694236007994903,2.7823663108848318,2.325604156453182
162.02160288038405,13.685408058740228,13.685408058740228,13.616017060568895,13.680724996630634,3.2823663108848318,2.0160615208326966
162.22162955060674,13.67760186452319,13.67760186452319,13.622507130388433,13.66063422655213,3.7823663108848318,1.5160615208326966
162.42165622082945,13.669779108636874,13.669779108636874,13.63946556057014,13.638127649578923,4.282366310884831,1.1930627215799414
162.62168289105213,13.661939868309322,13.661939868309322,13.642952244375316,13.622172204068303,3.7823663108848313,1.6930627215799414
162.82170956127484,13.654084220931301,13.654084220931301,13.637849037499,13.610040300702149,3.2823663108848313,2.1006636893217703
163.02173623149753,13.646212244055564,13.646212244055564,13.625691736510769,13.592833275778206,2.7823663108848313,1.6006636893217703
163.2217629017202,13.638324015396062,13.638324015396062,13.603956703035083,13.5840288317963,2.2823663108848313,2.1006636893217703
163.42178957194292,13.630419612827197,13.630419612827197,13.582170492978552,13.563510704916329,1.9506369604720168,1.6006636893217703
163.6218162421656,13.622499114383036,13.622499114383036,13.552410131359068,13.550191943693868,1.4506369604720168,1.9694384701834586
163.82184291238832,13.614562598256551,13.614562598256551,13.529187044444587,13.542164394797277,1.8814773793218902,2.4694384701834586
164.021869582611,13.606610142798846,13.606610142798846,13.493938673840553,13.538136083052244,1.3814773793218902,2.9694384701834586
164.22189625283372,13.598641826518378,13.598641826518378,13.46864073253482,13.529447952139785,1.8814773793218902,2.4694384701834586
164.4219229230564,13.59065772808019,13.59065772808019,13.447775105557188,13.51749403743075,2.2304822733156073,2.091645999640111
164.62194959327908,13.582657926305126,13.582657926305126,13.418299743452627,13.511870325313811,1.7304822733156073,2.591645999640111
164.8219762635018,13.574642500169057,13.574642500169057,13.398762427377296,13.499262291728819,2.2304822733156073,2.091645999640111
165.02200293372448,13.566611528802108,13.566611528802108,13.382158213816743,13.49302210560754,2.7304822733156073,2.591645999640111
165.2220296039472,13.55856509148786,13.55856509148786,13.376133279990224,13.490824524514776,3.2304822733156073,3.091645999640111
165.42205627416988,13.550503267662586,13.550503267662586,13.384883246997937,13.48193969777021,3.7304822733156073,2.591645999640111
165.6220829443926,13.542426136914452,13.542426136914452,13.380308811147795,13.478349835194537,3.2304822733156073,3.091645999640111
165.82210961461527,13.534333778982743,13.534333778982743,13.372143447675382,13.469965063442936,3.009929708141794,2.61677318762012
166.02213628483798,13.526226273757064,13.526226273757064,13.374681482863052,13.468010662877372,3.509929708141794,3.11677318762012
166.22216295506067,13.51810370127656,13.51810370127656,13.383446627130601,13.461507992039593,4.009929708141794,2.61677318762012
166.42218962528335,13.50996614172913,13.50996614172913,13.387303310710715,13.448453157763266,3.5099297081417937,2.11677318762012
166.62221629550606,13.501813675450617,13.501813675450617,13.394677888237986,13.430750451421513,4.009929708141794,1.6167731876201201
166.82224296572875,13.493646382924036,13.493646382924036,13.396732697416175,13.40670931508018,3.5099297081417937,1.1167731876201201
167.02226963595146,13.485464344778762,13.485464344778762,13.386867829383709,13.38695022654258,3.0099297081417937,1.6167731876201201
167.22229630617414,13.477267641789753,13.477267641789753,13.377774134380605,13.373539029351246,2.5099297081417937,2.11677318762012
167.42232297639686,13.469056354876733,13.469056354876733,13.350879576979265,13.357216394710166,2.0099297081417937,1.6167731876201201
167.62234964661954,13.460830565103404,13.460830565103404,13.33399526920937,13.345035534223848,2.5099297081417937,2.11677318762012
167.82237631684225,13.45259035367664,13.45259035367664,13.31138497699455,13.327186449771038,2.4189918872104204,1.6167731876201201
168.02240298706494,13.444335801945702,13.444335801945702,13.299501796292336,13.315408019590329,2.9189918872104204,2.11677318762012
168.22242965728762,13.436066991401406,13.436066991401406,13.300609027347841,13.310314713139169,3.4189918872104204,2.61677318762012
168.42245632751033,13.427784003675338,13.427784003675338,13.309098427275952,13.309579681226962,3.9189918872104204,2.826187981477143
168.62248299773302,13.419486920539056,13.419486920539056,13.32602842693004,13.302079370601072,4.41899188721042,2.326187981477143
168.82250966795573,13.411175823903253,13.411175823903253,13.342016021274516,13.285774540342008,4.232455320135345,1.8261879814771431
169.0225363381784,13.402850795816985,13.402850795816985,13.344619112686221,13.27484379814183,3.7324553201353448,2.326187981477143
169.22256300840112,13.394511918466822,13.394511918466822,13.339280097848988,13.273364179028237,3.2324553201353448,2.826187981477143
169.4225896786238,13.38615927417608,13.38615927417608,13.328019838269148,13.262962689320082,2.7324553201353448,2.326187981477143
169.6226163488465,13.377792945403968,13.377792945403968,13.3234597674729,13.254025756772554,2.9291448096859165,2.5617363722354183
169.8226430190692,13.369413014744794,13.369413014744794,13.309613571421398,13.251454697354635,2.6455823440780923,2.7069514955648657
170.0226696892919,13.361019564927155,13.361019564927155,13.299087236451554,13.252349741400543,2.650934604859576,3.2069514955648657
170.2226963595146,13.352612678813104,13.352612678813104,13.277954518822108,13.24793692121277,2.150934604859576,2.7069514955648657
170.42272302973728,13.344192439397347,13.344192439397347,13.251270807276182,13.23854437664747,1.650934604859576,2.2335512668292674
170.62274969996,13.33575892980641,13.33575892980641,13.227499134488644,13.222857563039714,2.150934604859576,1.7335512668292674
170.82277637018268,13.32731223329783,13.32731223329783,13.197806621745208,13.212180588402394,1.8873640525554145,2.2335512668292674
171.0228030404054,13.318852433259325,13.318852433259325,13.182948024061531,13.199519404434437,2.3873640525554145,1.7335512668292674
171.22282971062808,13.310379613207978,13.310379613207978,13.175870257986517,13.187302077249301,2.8873640525554145,2.2335512668292674
171.42285638085076,13.301893856789405,13.301893856789405,13.162165348872533,13.168631290185074,2.671990284732156,1.7335512668292674
171.62288305107347,13.293395247776933,13.293395247776933,13.160553314534837,13.147749803725741,3.171990284732156,1.2335512668292674
171.82290972129616,13.284883870070777,13.284883870070777,13.162134361717195,13.13347465191143,3.671990284732156,1.7335512668292674
172.02293639151887,13.276359807697201,13.276359807697201,13.17317947840573,13.122589106952866,4.171990284732156,2.2335512668292674
172.22296306174155,13.2678231448077,13.2678231448077,13.176435831689686,13.119586612036512,3.671990284732156,2.7335512668292674
172.42298973196426,13.259273965678162,13.259273965678162,13.171808568312207,13.123808327627025,3.171990284732156,3.2335512668292674
172.62301640218695,13.250712354708039,13.250712354708039,13.15855060789713,13.119701190366822,2.671990284732156,2.7335512668292674
172.82304307240966,13.242138396419511,13.242138396419511,13.136197860574022,13.112393345518932,2.171990284732156,2.496069000391828
173.02306974263234,13.233552175456657,13.233552175456657,13.126445253169589,13.1145371025847,2.671990284732156,2.996069000391828
173.22309641285503,13.224953776584613,13.224953776584613,13.113079636509495,13.112414762505447,2.5869231644729838,2.91501348034282
173.42312308307774,13.216343284688739,13.216343284688739,13.08825957134467,13.10908089509084,2.0869231644729838,2.928413846423959
173.62314975330042,13.207720784773779,13.207720784773779,13.077769550641621,13.106914600703735,2.5869231644729838,2.944330251899974
173.82317642352314,13.199086361963026,13.199086361963026,13.071110714131018,13.09742511848437,3.0869231644729838,2.444330251899974
174.02320309374582,13.190440101497478,13.190440101497478,13.070756523870212,13.084476643840288,3.4483123386902745,1.944330251899974
174.22322976396853,13.181782088734993,13.181782088734993,13.069025681995475,13.076018410662448,3.3824188128461308,2.444330251899974
174.42325643419122,13.173112409149454,13.173112409149454,13.079677327578189,13.073726297895888,3.8824188128461308,2.61120627516179
174.6232831044139,13.164431148329921,13.164431148329921,13.094093639249142,13.0601881015538,4.382418812846131,2.281212566172432
174.8233097746366,13.155738391979785,13.155738391979785,13.100017317890716,13.054753338618097,3.882418812846131,2.781212566172432
175.0233364448593,13.147034225915927,13.147034225915927,13.101553939697501,13.048411557868402,3.382418812846131,2.281212566172432
175.223363115082,13.138318736067863,13.138318736067863,13.091062422063807,13.045412492867504,2.882418812846131,2.678534662028262
175.4233897853047,13.129592008476903,13.129592008476903,13.074584530384946,13.050950694726955,2.382418812846131,3.178534662028262
175.6234164555274,13.120854129295298,13.120854129295298,13.068531515322041,13.047970012929984,2.882418812846131,2.678534662028262
175.8234431257501,13.112105184785388,13.112105184785388,13.048403620160522,13.037536759176863,2.382418812846131,2.178534662028262
176.0234697959728,13.103345261318752,13.103345261318752,13.024073991384434,13.017611257014531,1.8824188128461312,1.678534662028262
176.22349646619548,13.094574445375367,13.094574445375367,13.005176477505152,12.997115992674672,2.177651393818504,1.399880183688934
176.42352313641817,13.085792823542725,13.085792823542725,12.995118668779954,12.98482744927501,2.677651393818504,1.899880183688934
176.62354980664088,13.077000482515004,13.077000482515004,12.991503744216539,12.961965054450237,3.177651393818504,1.399880183688934
176.82357647686356,13.068197509092215,13.068197509092215,12.981571111831357,12.945733642845475,2.677651393818504,1.899880183688934
177.02360314708628,13.059383990179317,13.059383990179317,12.965011940722437,12.927174477104682,2.3964584014321986,1.399880183688934
177.22362981730896,13.050560012785386,13.050560012785386,12.947022419075036,12.917267259745605,2.0765958910173166,1.899880183688934
177.42365648753167,13.041725664022744,13.041725664022744,12.93044932499758,12.912587756423832,2.388775201900516,2.399880183688934
177.62368315775436,13.032881031106106,13.032881031106106,12.921327429532987,12.901382502649305,2.888775201900516,2.245338269942821
177.82370982797707,13.024026201351708,13.024026201351708,12.917919003819854,12.884882596106596,3.388775201900516,1.7453382699428208
178.02373649819975,13.015161262176456,13.015161262176456,12.908905731433826,12.875132890942348,2.888775201900516,2.245338269942821
178.22376316842244,13.006286301097054,13.006286301097054,12.908158369718809,12.859738129397385,3.388775201900516,1.7453382699428208
178.42378983864515,12.997401405729152,12.997401405729152,12.901942676672737,12.853790544625005,2.888775201900516,2.245338269942821
178.62381650886783,12.988506663786467,12.988506663786467,12.899847574268865,12.85015805593256,3.388775201900516,2.745338269942821
178.82384317909055,12.979602163079923,12.979602163079923,12.892109567512817,12.856546826778109,2.888775201900516,3.245338269942821
179.02386984931323,12.97068799151679,12.97068799151679,12.876755837857447,12.852307208797104,2.388775201900516,2.745338269942821
179.22389651953594,12.961764237099807,12.961764237099807,12.867815153268399,12.847668715716834,2.888775201900516,2.245338269942821
179.42392318975863,12.952830987926323,12.952830987926323,12.866795804063884,12.84418282996676,3.388775201900516,2.745338269942821
179.62394985998134,12.94388833218741,12.94388833218741,12.856542443436615,12.83378297884197,2.888775201900516,2.245338269942821
179.82397653020402,12.934936358167016,12.934936358167016,12.8395639345563,12.825237075727635,2.388775201900516,2.1408948770308225
180.0240032004267,12.925975154241076,12.925975154241076,12.823753612611624,12.820876012460415,2.458190679806312,2.6408948770308225
180.22402987064942,12.917004808876639,12.917004808876639,12.801171223950133,12.80941956992178,1.9581906798063118,2.1408948770308225
180.4240565408721,12.90802541063101,12.90802541063101,12.784984768320827,12.793594302517427,2.458190679806312,1.7833787884827388
180.6240832110948,12.899037048150863,12.899037048150863,12.778745423545697,12.782089758389013,2.958190679806312,2.2833787884827386
180.8241098813175,12.890039810171366,12.890039810171366,12.762968969655622,12.766659179395244,2.458190679806312,1.7833787884827386
181.0241365515402,12.88103378551531,12.88103378551531,12.75925142760852,12.758260419105316,2.958190679806312,2.2833787884827386
181.2241632217629,12.872019063092232,12.872019063092232,12.753579613389153,12.74431325608465,3.166843713607621,1.7833787884827386
181.42418989198558,12.86299573189753,12.86299573189753,12.754893682597661,12.720225688450972,3.666843713607621,1.2833787884827386
181.6242165622083,12.853963881011598,12.853963881011598,12.75457216905966,12.708170279224325,3.166843713607621,1.7833787884827386
181.82424323243097,12.84492359959893,12.84492359959893,12.746462068338884,12.695844953088235,3.159342230847131,2.2833787884827386
182.02426990265369,12.835874976907249,12.835874976907249,12.749026107502806,12.69135776594352,3.659342230847131,2.7833787884827386
182.22429657287637,12.826818102266635,12.826818102266635,12.745813020124801,12.683992900902107,3.159342230847131,2.2833787884827386
182.42432324309908,12.81775306508862,12.81775306508862,12.748003447497895,12.681439123645701,3.5636072028183023,2.7833787884827386
182.62434991332177,12.808679954865328,12.808679954865328,12.753074061027785,12.673099934494761,3.965719478398284,2.2833787884827386
182.82437658354448,12.799598861168574,12.799598861168574,12.755191574830672,12.66887198067736,3.465719478398284,2.7833787884827386
183.02440325376716,12.790509873648997,12.790509873648997,12.74464082879703,12.661021231936724,2.965719478398284,2.2833787884827386
183.22442992398985,12.781413082035156,12.781413082035156,12.730964260892645,12.645382331194234,2.465719478398284,1.7833787884827386
183.42445659421256,12.772308576132657,12.772308576132657,12.703393566392899,12.637437086512229,1.965719478398284,2.2833787884827386
183.62448326443524,12.76319644582327,12.76319644582327,12.689154785164899,12.635646490672947,2.465719478398284,2.7833787884827386
183.82450993465795,12.754076781064027,12.754076781064027,12.68198905153285,12.642154195474504,2.965719478398284,3.2833787884827386
184.02453660488064,12.744949671886344,12.744949671886344,12.661138018092014,12.639336589489554,2.465719478398284,2.7833787884827386
184.22456327510335,12.735815208395127,12.735815208395127,12.635305293312433,12.643264134427602,1.965719478398284,3.2833787884827386
184.42458994532603,12.726673480767893,12.726673480767893,12.619572104896537,12.639429552998495,2.465719478398284,2.7833787884827386
184.62461661554875,12.717524579253867,12.717524579253867,12.612241851947966,12.63158608148874,2.965719478398284,2.2833787884827386
184.82464328577143,12.708368594173097,12.708368594173097,12.593456502522729,12.627966167722251,2.465719478398284,2.7833787884827386
185.0246699559941,12.69920561591556,12.69920561591556,12.588009051233719,12.630189335487865,2.965719478398284,3.2833787884827386
185.22469662621683,12.690035734940274,12.690035734940274,12.589701985281003,12.641878441147204,3.1112223853377583,3.7833787884827386
185.4247232964395,12.680859041774402,12.680859041774402,12.589980478463481,12.646896434923317,3.6112223853377583,3.2833787884827386
185.62474996666222,12.671675627012355,12.671675627012355,12.588975869556808,12.64921490177476,3.1112223853377583,2.7833787884827386
185.8247766368849,12.66248558131491,12.66248558131491,12.576801082335885,12.64415235942925,2.6112223853377583,2.2833787884827386
186.02480330710762,12.653288995408293,12.653288995408293,12.567079646414069,12.630967106334255,2.855939701924596,1.7833787884827386
186.2248299773303,12.644085960083306,12.644085960083306,12.566263736987954,12.607931703669415,3.355939701924596,1.2833787884827386
186.42485664755299,12.634876566194418,12.634876566194418,12.554415273564851,12.57914757730862,2.855939701924596,0.7833787884827387
186.6248833177757,12.625660904658872,12.625660904658872,12.534721397709006,12.559360468981895,2.355939701924596,1.2833787884827386
186.82490998799838,12.616439066455788,12.616439066455788,12.508284314690414,12.529997909525699,1.8581540818474327,0.7833787884827386
187.0249366582211,12.607211142625259,12.607211142625259,12.47426646528896,12.511438159658542,1.3581540818474327,1.2833787884827386
187.22496332844378,12.59797722426746,12.59797722426746,12.432014220491826,12.482348595554429,0.8581540818474327,0.7833787884827386
187.4249899986665,12.588737402541746,12.588737402541746,12.39629532622988,12.456178354617169,1.3581540818474327,1.2833787884827386
187.62501666888917,12.57949176866575,12.57949176866575,12.370599398972393,12.441334327228628,1.8581540818474327,1.7833787884827386
187.8250433391119,12.570240413914481,12.570240413914481,12.353856049277018,12.426210942080884,2.3581540818474327,1.6995309565644288
188.02507000933457,12.560983429619435,12.560983429619435,12.343137734019724,12.406003330837782,2.8581540818474327,1.1995309565644288
188.22509667955725,12.551720907167676,12.551720907167676,12.324282737805474,12.393120060127682,2.3581540818474327,1.6995309565644288
188.42512334977997,12.54245293800094,12.54245293800094,12.316684166445485,12.382502550087777,2.8581540818474327,2.1995309565644288
188.62515002000265,12.533179613614742,12.533179613614742,12.310107725218277,12.37694890365777,3.020098143403206,2.6995309565644288
188.82517669022536,12.523901025557459,12.523901025557459,12.313118451022477,12.37894523378892,3.520098143403206,3.1995309565644288
189.02520336044805,12.514617265429436,12.514617265429436,12.324385074412094,12.38251603985098,4.020098143403207,3.3082854450648203
189.22523003067076,12.505328424882075,12.505328424882075,12.329710449563791,12.379650084961838,3.5834741738779576,3.2331257212672755
189.42525670089344,12.496034595616935,12.496034595616935,12.340134813114826,12.376059790351098,4.083474173877958,2.7331257212672755
189.62528337111615,12.486735869384823,12.486735869384823,12.344041171327552,12.38420281276727,3.583474173877958,3.2331257212672755
189.82531004133884,12.477432337984894,12.477432337984894,12.340858764166631,12.3833812149924,3.083474173877958,2.7331257212672755
190.02533671156152,12.468124093263736,12.468124093263736,12.344422811515917,12.376434568358626,3.583474173877958,2.2331257212672755
190.22536338178423,12.458811227114465,12.458811227114465,12.342755100805439,12.35907161178976,3.799010439452898,1.7331257212672755
190.42539005200692,12.449493831475833,12.449493831475833,12.349068584134335,12.337472768494925,3.7243628901854633,1.2331257212672755
190.62541672222963,12.440171998331296,12.440171998331296,12.349941059664632,12.32299697456424,3.2243628901854633,1.7331257212672755
190.8254433924523,12.430845819708125,12.430845819708125,12.334672247354709,12.315443209199291,2.7243628901854633,2.2331257212672755
191.02547006267503,12.421515387676486,12.421515387676486,12.31721929840308,12.312268038535045,2.2243628901854633,2.7331257212672755
191.2254967328977,12.41218079434854,12.41218079434854,12.287351499681828,12.31407562478184,1.7243628901854633,3.2331257212672755
191.4255234031204,12.402842131877527,12.402842131877527,12.269666782688056,12.311754828742336,2.2243628901854633,2.7331257212672755
191.6255500733431,12.393499492456856,12.393499492456856,12.261370954623569,12.31701717884916,2.7243628901854633,3.2331257212672755
191.8255767435658,12.384152968319203,12.384152968319203,12.258686560839154,12.315034981686441,3.2243628901854633,2.7331257212672755
192.0256034137885,12.37480265173559,12.37480265173559,12.253844104991453,12.306272046654698,2.942807681794582,2.2331257212672755
192.2256300840112,12.365448635014484,12.365448635014484,12.257617906986267,12.294758427764373,3.442807681794582,1.9474160815892412
192.4256567542339,12.356091010500872,12.356091010500872,12.269844979066045,12.276831108750722,3.942807681794582,1.4474160815892412
192.62568342445658,12.34672987057537,12.34672987057537,12.270463606480504,12.249837029008123,3.6411793767545886,0.9474160815892412
192.8257100946793,12.337365307653284,12.337365307653284,12.26324685424859,12.232091292655875,3.1411793767545886,1.4474160815892412
193.02573676490198,12.327997414183729,12.327997414183729,12.253519679480382,12.219882631134594,2.6411793767545886,1.9474160815892412
193.22576343512466,12.318626282648687,12.318626282648687,12.227685566525667,12.205896582688661,2.1411793767545886,2.147773522371536
193.42579010534737,12.309252005562112,12.309252005562112,12.21551053256535,12.191875871646305,2.6411793767545886,1.6477735223715362
193.62581677557006,12.299874675469013,12.299874675469013,12.212690678758268,12.170235415842722,3.1411793767545886,1.1477735223715362
193.82584344579277,12.290494384944534,12.290494384944534,12.214170704051458,12.159126126019498,3.1893187873420885,1.6477735223715362
194.02587011601545,12.281111226593053,12.281111226593053,12.201719939483885,12.148288058298775,2.6893187873420885,2.147773522371536
194.22589678623817,12.271725293047252,12.271725293047252,12.180216733320423,12.14224961373035,2.3003818271857055,2.5546513668053654
194.42592345646085,12.262336676967214,12.262336676967214,12.170857980024556,12.133621135108433,2.8003818271857055,2.0546513668053654
194.62595012668356,12.252945471039505,12.252945471039505,12.152312527186695,12.115765855843156,2.3003818271857055,1.5546513668053654
194.82597679690625,12.243551767976257,12.243551767976257,12.14398275407175,12.105901243959746,2.8003818271857055,2.0546513668053654
195.02600346712893,12.234155660514256,12.234155660514256,12.135207470840765,12.100759001723818,3.3003818271857055,2.5546513668053654
195.22603013735164,12.224757241414023,12.224757241414023,12.125395438857337,12.102538955701863,2.8003818271857055,3.0546513668053654
195.42605680757433,12.215356603458899,12.215356603458899,12.11221378267774,12.09601825591168,2.3003818271857055,2.5546513668053654
195.62608347779704,12.205953839454134,12.205953839454134,12.101346770154247,12.097166797492875,2.8003818271857055,3.0546513668053654
195.82611014801972,12.196549042225966,12.196549042225966,12.087091132337571,12.093495514958827,2.3003818271857055,2.7726775638682244
196.02613681824243,12.1871423046207,12.1871423046207,12.063918540831855,12.096216813760464,1.8003818271857055,2.8312276816509785
196.22616348846512,12.177733719503804,12.177733719503804,12.031613251685403,12.088308354702205,1.3003818271857055,2.3312276816509785
196.42619015868783,12.168323379758982,12.168323379758982,12.0026701118324,12.07059402850159,1.8003818271857055,1.8312276816509785
196.62621682891051,12.15891137828726,12.15891137828726,11.981940964864895,12.05416902156836,2.3003818271857055,1.5780963989891719
196.8262434991332,12.149497808006068,12.149497808006068,11.97410420623376,12.030632232319984,2.8003818271857055,1.0780963989891719
197.0262701693559,12.140082761848323,12.140082761848323,11.974532968054763,12.00246432143033,3.3003818271857055,0.5780963989891719
197.2262968395786,12.13066633276152,12.13066633276152,11.978118546156312,11.977656786077487,3.7066915388268806,0.785450154771348
197.4263235098013,12.121248613706793,12.121248613706793,11.990157715957354,11.942378935959463,4.206691538826881,0.28545015477134805
197.626350180024,12.111829697658022,12.111829697658022,12.012496162526938,11.91032706686585,4.706691538826881,0.1472218756561057
197.8263768502467,12.102409677600901,12.102409677600901,12.029548448490374,11.880221927796269,4.206691538826881,0.6472218756561057
198.0264035204694,12.092988646532024,12.092988646532024,12.038236135320737,11.860065969923157,3.706691538826881,1.1472218756561057
198.22643019069207,12.083566697457961,12.083566697457961,12.033690495675325,11.845540233039255,3.206691538826881,1.6472218756561057
198.42645686091478,12.074143923394345,12.074143923394345,12.019104059202087,11.836680925590993,2.706691538826881,2.147221875656106
198.62648353113747,12.064720417364965,12.064720417364965,12.001457095203328,11.836187250640428,2.330279228137978,2.647221875656106
198.82651020136018,12.055296272400822,12.055296272400822,11.975774156264647,11.841672650679605,1.8606583171374134,3.147221875656106
199.02653687158286,12.045871581539231,12.045871581539231,11.954874577287262,11.84191960033227,2.0532691457231644,2.870139096734738
199.22656354180558,12.036446437822896,12.036446437822896,11.936665006450747,11.84854264625432,2.3516117825911484,3.370139096734738
199.42659021202826,12.027020934298992,12.027020934298992,11.926084867201418,11.857953779364115,2.7467808692448066,3.870139096734738
199.62661688225097,12.017595164018244,12.017595164018244,11.924291688606887,11.863101282193446,3.2467808692448066,3.370139096734738
199.82664355247366,12.008169220034015,12.008169220034015,11.910764555612177,11.865482025636354,2.7467808692448066,2.870139096734738
200.02667022269634,11.998743195401376,11.998743195401376,11.908594746435794,11.859730162594412,3.2467808692448066,2.410421413669957
200.22669689291905,11.9893171831762,11.9893171831762,11.909472682440901,11.861633176233246,3.3190036117800923,2.910421413669957
200.42672356314173,11.979891276414234,11.979891276414234,11.902663262659763,11.860062681982532,2.8190036117800923,2.7018881840330256
200.62675023336445,11.970465568170185,11.970465568170185,11.885023538066655,11.863073346800649,2.3190036117800923,3.0080259835794427
200.82677690358713,11.961040151496805,11.961040151496805,11.878656739779336,11.865250024608835,2.8190036117800923,3.1659374110846135
201.02680357380984,11.951615119443955,11.951615119443955,11.865319034577851,11.876452540916247,2.3190036117800923,3.6659374110846135
201.22683024403253,11.942190565057716,11.942190565057716,11.850961967036653,11.878770363404792,2.5111297099138334,3.1659374110846135
201.42685691425524,11.932766581379436,11.932766581379436,11.82747222581139,11.874571567526317,2.0111297099138334,2.6659374110846135
201.62688358447792,11.923343261444844,11.923343261444844,11.80789774764973,11.865636643340096,2.1915709882538748,2.1659374110846135
201.8269102547006,11.913920698283107,11.913920698283107,11.787255491790862,11.863975916812581,2.0598003370414673,2.6659374110846135
202.02693692492332,11.90449898491592,11.90449898491592,11.777714696269992,11.849776671112247,2.5598003370414673,2.1659374110846135
202.226963595146,11.895078214356596,11.895078214356596,11.771095474082076,11.846314928724093,2.6925115689141914,2.6659374110846135
202.42699026536872,11.885658479609136,11.885658479609136,11.755112036563379,11.833776697866927,2.1925115689141914,2.1659374110846135
202.6270169355914,11.876239873667314,11.876239873667314,11.728465368899899,11.816159269631253,1.997809754225936,1.6659374110846135
202.8270436058141,11.866822489513764,11.866822489513764,11.714284167688163,11.792178346401398,2.497809754225936,1.1659374110846135
203.0270702760368,11.857406420119055,11.857406420119055,11.712142260001036,11.765023606786036,2.997809754225936,0.6659374110846135
203.22709694625948,11.84799175844078,11.84799175844078,11.71731326875399,11.743909892157518,3.497809754225936,1.1659374110846135
203.4271236164822,11.838578597422627,11.838578597422627,11.727796427797927,11.728326779010274,3.997809754225936,1.6659374110846135
203.62715028670488,11.829167029993478,11.829167029993478,11.730041302979922,11.718086093149177,3.497809754225936,2.1659374110846135
203.8271769569276,11.81975714906648,11.81975714906648,11.735545441524732,11.707159223398246,3.7969347708413967,1.6659374110846135
204.02720362715027,11.810349047538127,11.810349047538127,11.73797426902196,11.686932920744802,3.2969347708413967,1.1659374110846135
204.22723029737298,11.80094281828735,11.80094281828735,11.74438073078226,11.676196645648911,3.7969347708413967,1.6659374110846135
204.42725696759567,11.791538554174595,11.791538554174595,11.742556327590242,11.653285179709705,3.2969347708413967,1.1659374110846135
204.62728363781838,11.782136348040908,11.782136348040908,11.735360046768776,11.637686911986783,2.7969347708413967,1.6659374110846135
204.82731030804106,11.77273629270702,11.77273629270702,11.725323600366794,11.627689797383653,2.5925373469279607,2.1659374110846135
205.02733697826375,11.763338480972424,11.763338480972424,11.701961980474417,11.62526743431675,2.0925373469279607,2.6659374110846135
205.22736364848646,11.753943005614468,11.753943005614468,11.688155606622894,11.626284019076039,2.5925373469279607,3.1659374110846135
205.42739031870914,11.744549959387438,11.744549959387438,11.68625504671759,11.632908375312317,3.0925373469279607,3.3790091791901493
205.62741698893186,11.735159435021627,11.735159435021627,11.679174934019846,11.63160534843577,2.5925373469279607,2.8790091791901493
205.82744365915454,11.725771525222443,11.725771525222443,11.663807192531607,11.622543468860055,2.5149288897983175,2.3790091791901493
206.02747032937725,11.716386322669477,11.716386322669477,11.655123065484482,11.610722363844644,2.931188845762412,1.8790091791901493
206.22749699959994,11.707003920015598,11.707003920015598,11.640583704843424,11.60078908843855,2.431188845762412,2.3790091791901493
206.42752366982265,11.697624409886028,11.697624409886028,11.615970402199757,11.585503725275325,1.9311888457624118,1.8790091791901493
206.62755034004533,11.688247884877438,11.688247884877438,11.597226896802715,11.570726412882895,2.066148665155954,1.539913329857927
206.82757701026802,11.678874437557026,11.678874437557026,11.58556485266099,11.560481048139103,2.566148665155954,2.039913329857927
207.02760368049073,11.669504160461608,11.669504160461608,11.57818575705826,11.54703307945449,3.066148665155954,1.539913329857927
207.2276303507134,11.660137146096702,11.660137146096702,11.565246954860894,11.526264894027051,2.566148665155954,1.039913329857927
207.42765702093612,11.650773486935616,11.650773486935616,11.553878875098597,11.509569204772925,2.472628725343976,1.539913329857927
207.6276836911588,11.641413275418536,11.641413275418536,11.5329305786159,11.500315559728271,1.9726287253439758,2.039913329857927
207.82771036138152,11.63205660395161,11.63205660395161,11.518968528271838,11.498429540128859,2.472628725343976,2.539913329857927
208.0277370316042,11.622703564906038,11.622703564906038,11.500424086374634,11.499020433265814,1.9726287253439758,3.039913329857927
208.2277637018269,11.613354250617162,11.613354250617162,11.474228918744723,11.498408067249972,1.9931077062650844,2.7888024482363614
208.4277903720496,11.604008753383548,11.604008753383548,11.442255981623996,11.495106327451536,1.4931077062650844,2.584721170759013
208.62781704227228,11.594667165466086,11.594667165466086,11.417515147253285,11.485088275401893,1.8911840164619877,2.084721170759013
208.827843712495,11.585329579087064,11.585329579087064,11.402056160472327,11.483374295031329,2.3911840164619877,2.584721170759013
209.02787038271768,11.575996086429274,11.575996086429274,11.393821267696765,11.475514676776251,2.8911840164619877,2.084721170759013
209.2278970529404,11.566666779635089,11.566666779635089,11.394495136529477,11.470144898524174,3.3911840164619877,2.539783636088082
209.42792372316308,11.55734175080556,11.55734175080556,11.40420693310077,11.469541342986368,3.8911840164619877,3.0047946239545147
209.6279503933858,11.5480210919995,11.5480210919995,11.425479039002054,11.476241026186848,4.391184016461988,3.5047946239545147
209.82797706360847,11.53870489523259,11.53870489523259,11.437800981395464,11.47810659475448,3.891184016461988,3.0047946239545147
210.02800373383116,11.529393252476453,11.529393252476453,11.439319310710301,11.474634924313758,3.391184016461988,2.5047946239545147
210.22803040405387,11.520086255657752,11.520086255657752,11.432396044743351,11.46443708840611,2.891184016461988,2.0047946239545147
210.42805707427655,11.510783996657294,11.510783996657294,11.413204886530414,11.455591755896185,2.391184016461988,2.3229640862640264
210.62808374449926,11.501486567309104,11.501486567309104,11.413140739998347,11.444059429112528,2.891184016461988,1.8229640862640264
210.82811041472195,11.492194059399534,11.492194059399534,11.396750595303248,11.427087469211616,2.391184016461988,1.3229640862640264
211.02813708494466,11.48290656466634,11.48290656466634,11.374695337339181,11.405109717386198,1.8911840164619882,0.8229640862640264
211.22816375516734,11.473624174797804,11.473624174797804,11.358918758585334,11.385962059536284,2.391184016461988,1.3229640862640264
211.42819042539006,11.464346981431795,11.464346981431795,11.35375955589716,11.374555536457983,2.891184016461988,1.8229640862640264
211.62821709561274,11.45507507615489,11.45507507615489,11.350683445193923,11.368151606064172,2.7939204713543404,2.3229640862640264
211.82824376583542,11.445808550501457,11.445808550501457,11.351305595026659,11.353838580549949,3.2939204713543404,1.8229640862640264
212.02827043605814,11.436547495952757,11.436547495952757,11.343761374176925,11.338550300401096,2.7939204713543404,1.3229640862640264
212.22829710628082,11.427292003936039,11.427292003936039,11.326329394895364,11.323136024037124,2.2939204713543404,1.8229640862640264
212.42832377650353,11.418042165823637,11.418042165823637,11.324423167629144,11.315493063138412,2.7939204713543404,2.3229640862640264
212.62835044672622,11.408798072932067,11.408798072932067,11.30560260935891,11.306547199241459,2.2939204713543404,1.8229640862640264
212.82837711694893,11.399559816521128,11.399559816521128,11.29787301295368,11.301592623279456,2.7939204713543404,2.3229640862640264
213.0284037871716,11.390327487793005,11.390327487793005,11.286344113672365,11.28773317994848,2.2939204713543404,1.904323772320405
213.2284304573943,11.381101177891352,11.381101177891352,11.276568003148212,11.283819835162923,2.4122893935258496,2.4043237723204047
213.428457127617,11.371880977900414,11.371880977900414,11.264447971269146,11.285449106373603,2.9122893935258496,2.8931024247964903
213.6284837978397,11.362666978844112,11.362666978844112,11.250164527821171,11.294027965871322,2.4122893935258496,3.3931024247964903
213.8285104680624,11.353459271685155,11.353459271685155,11.239773937422198,11.300379422471574,2.4793873440327996,3.3948995495196126
214.0285371382851,11.344257947324131,11.344257947324131,11.23810707058298,11.302330302893848,2.9793873440327996,2.8948995495196126
214.2285638085078,11.335063096598619,11.335063096598619,11.243165319232194,11.297308097412417,3.4793873440327996,2.3948995495196126
214.42859047873048,11.32587481028229,11.32587481028229,11.242198582251769,11.287262237394524,2.9793873440327996,1.8948995495196126
214.6286171489532,11.316693179084005,11.316693179084005,11.233580104840836,11.271789984560526,2.4793873440327996,1.3948995495196126
214.82864381917588,11.307518293646929,11.307518293646929,11.22081841960106,11.246389021298643,2.6920786971377537,0.8948995495196126
215.02867048939856,11.29835024454763,11.29835024454763,11.201282486164878,11.227132183269639,2.1920786971377537,1.3948995495196126
215.22869715962128,11.289189122295182,11.289189122295182,11.193041150596937,11.215779157179314,2.6920786971377537,1.8948995495196126
215.42872382984396,11.280035017330285,11.280035017330285,11.177544744102713,11.203303466055255,2.1920786971377537,2.2364420036841466
215.62875050006667,11.27088802002435,11.27088802002435,11.158059163603802,11.189351422473731,2.049790747381878,1.7364420036841466
215.82877717028936,11.26174822067863,11.26174822067863,11.138161744389718,11.18176008035163,2.1491346392407342,2.2364420036841466
216.02880384051207,11.252615709523315,11.252615709523315,11.125966092215258,11.167200828708578,2.624073170530325,1.7364420036841466
216.22883051073475,11.243490576716642,11.243490576716642,11.107571494548525,11.148875235655497,2.124073170530325,1.2364420036841466
216.42885718095746,11.234372912344009,11.234372912344009,11.099627414344601,11.123319820086877,2.624073170530325,0.893144955891173
216.62888385118015,11.225262806417085,11.225262806417085,11.083685551405615,11.091919086489437,2.1429435197755082,0.39314495589117304
216.82891052140283,11.21616034887292,11.21616034887292,11.073983578008447,11.070210721683196,2.6429435197755082,0.893144955891173
217.02893719162554,11.207065629573052,11.207065629573052,11.068641850189758,11.04824708094916,3.1429435197755082,1.216114090056281
217.22896386184823,11.197978738302636,11.197978738302636,11.054492968349509,11.033527100802045,2.6429435197755082,1.716114090056281
217.42899053207094,11.188899764769538,11.188899764769538,11.035008022293585,11.026410098476894,2.1429435197755082,2.216114090056281
217.62901720229362,11.179828798603461,11.179828798603461,11.01888452434623,11.021527020728458,2.4578962417217323,2.716114090056281
217.82904387251634,11.170765929355055,11.170765929355055,11.005535709358854,11.013736599687988,2.600759718465065,2.216114090056281
218.02907054273902,11.161711246495043,11.161711246495043,11.00657112979036,11.009255646312056,3.100759718465065,2.716114090056281
218.22909721296173,11.152664839413323,11.152664839413323,10.990259664211468,11.001110604070982,2.600759718465065,2.216114090056281
218.42912388318442,11.143626797418092,11.143626797418092,10.988340468879237,10.992805085949277,3.100759718465065,2.2773852113374375
218.6291505534071,11.134597209734972,11.134597209734972,10.979850179669699,10.990053938142514,2.870679847212524,2.6330867639261863
218.8291772236298,11.125576165506113,11.125576165506113,10.965055374019883,10.985740731156895,2.370679847212524,2.390962142046796
219.0292038938525,11.11656375378933,11.11656375378933,10.943703571831284,10.98627954226326,1.8706798472125241,2.890962142046796
219.2292305640752,11.107560063557212,11.107560063557212,10.919779187249114,10.99524962038736,1.8892912307194565,3.390962142046796
219.4292572342979,11.098565183696248,11.098565183696248,10.890775400920429,10.997331732022886,1.3920567500410792,2.890962142046796
219.6292839045206,11.089579203005949,11.089579203005949,10.869052910722536,10.993041573068501,1.8920567500410792,2.390962142046796
219.8293105747433,11.080602210197972,11.080602210197972,10.850927696333844,10.994730746281984,2.392056750041079,2.890962142046796
220.02933724496597,11.071634293895242,11.071634293895242,10.839815491524982,10.991936939464473,2.1985114760412356,2.390962142046796
220.22936391518869,11.06267554263108,11.06267554263108,10.83167252258098,10.980926673768819,2.6985114760412356,1.8909621420467961
220.42939058541137,11.053726044848327,11.053726044848327,10.829632081936783,10.97515389955526,3.155742631299109,2.390962142046796
220.62941725563408,11.044785888898474,11.044785888898474,10.817804195366698,10.977605630940197,2.655742631299109,2.828235974890328
220.82944392585676,11.03585516304078,11.03585516304078,10.812232170351383,10.968855155127017,2.791667876810334,2.328235974890328
221.02947059607948,11.02693395544142,11.02693395544142,10.815191651123634,10.956614540512772,3.291667876810334,1.8282359748903279
221.22949726630216,11.018022354172594,11.018022354172594,10.821750021572136,10.938154813312027,3.473456962814779,1.3282359748903279
221.42952393652487,11.00912044721166,11.00912044721166,10.82800100004373,10.924829620979715,3.6781621845122126,1.8282359748903279
221.62955060674756,11.000228322440291,11.000228322440291,10.828937847396395,10.907868156706458,3.1781621845122126,1.3282359748903279
221.82957727697024,10.99134606764357,10.99134606764357,10.835420032312816,10.893622333243886,3.6781621845122126,1.454157350683605
222.02960394719295,10.982473770509149,10.982473770509149,10.841017467548976,10.871347057778756,3.5199923992139004,0.954157350683605
222.22963061741564,10.973611518626372,10.973611518626372,10.83971850107172,10.851750718630601,3.0199923992139004,1.454157350683605
222.42965728763835,10.96475939948542,10.96475939948542,10.846807937385874,10.829245533252505,3.483538605266335,0.954157350683605
222.62968395786103,10.955917500476437,10.955917500476437,10.843519186421851,10.802070121855726,2.983538605266335,0.45415735068360497
222.82971062808375,10.947085908888669,10.947085908888669,10.833578025825668,10.767779399433616,2.483538605266335,0.0
223.02973729830643,10.93826471190961,10.93826471190961,10.821284226322383,10.73733739214889,2.4527688869577786,0.5
223.22976396852914,10.929453996624137,10.929453996624137,10.816689553901393,10.713046309747137,2.9527688869577786,1.0
223.42979063875183,10.920653850013641,10.920653850013641,10.805048120062178,10.699358038723826,2.4527688869577786,1.5
223.6298173089745,10.911864358955187,10.911864358955187,10.800506241930039,10.692582640399344,2.9527688869577786,2.0
223.82984397919722,10.903085610220636,10.903085610220636,10.800118772197338,10.686265134443598,3.4527688869577786,2.5
224.0298706494199,10.894317690475807,10.894317690475807,10.792374447876734,10.691733969004487,2.9527688869577786,3.0
224.22989731964262,10.885560686279607,10.885560686279607,10.777131318557085,10.689704965986351,2.472350999348745,2.6463761792326266
224.4299239898653,10.876814684083184,10.876814684083184,10.771774633356827,10.69409362409807,2.972350999348745,3.1463761792326266
224.629950660088,10.868079770229073,10.868079770229073,10.772812354268943,10.69351998477611,3.472350999348745,2.6463761792326266
224.8299773303107,10.859356030950341,10.859356030950341,10.775679328121901,10.686455908916399,3.465709088995377,2.1463761792326266
225.03000400053338,10.850643552369739,10.850643552369739,10.772602406189232,10.684298618147352,2.965709088995377,2.6463761792326266
225.2300306707561,10.841942420498842,10.841942420498842,10.761680692531694,10.678209155718022,2.555054712057239,2.1463761792326266
225.43005734097878,10.833252721237223,10.833252721237223,10.741036924900094,10.674988029492697,2.055054712057239,2.6463761792326266
225.6300840112015,10.824574540371572,10.824574540371572,10.730827221650804,10.670635882551386,2.555054712057239,2.1463761792326266
225.83011068142417,10.81590796357488,10.81590796357488,10.718539547027435,10.656051857150244,2.51223540476484,1.6463761792326266
226.03013735164689,10.807253076405571,10.807253076405571,10.698171580642256,10.647421009263265,2.01223540476484,2.1463761792326266
226.23016402186957,10.798609964306676,10.798609964306676,10.687619482699088,10.646684114607034,2.51223540476484,2.6463761792326266
226.43019069209228,10.789978712604972,10.789978712604972,10.666039389350493,10.652791328444732,2.01223540476484,3.1463761792326266
226.63021736231497,10.781359406510148,10.781359406510148,10.651021239807537,10.651530759153989,2.51223540476484,2.6463761792326266
226.83024403253765,10.772752131113968,10.772752131113968,10.639481868515379,10.65832019663833,2.483691849686897,2.8318184072459998
227.03027070276036,10.76415697138942,10.76415697138942,10.621007997833981,10.65479822282832,2.0309020347726117,2.3318184072459998
227.23029737298305,10.75557401218989,10.75557401218989,10.597087245142436,10.655933553120425,1.7112280845770245,2.73578065220386
227.43032404320576,10.747003338248309,10.747003338248309,10.584290163958048,10.653157421085535,2.1034152295653192,2.23578065220386
227.63035071342844,10.738445034176337,10.738445034176337,10.572941850861673,10.651740152350039,2.6034152295653192,2.3161224761049817
227.83037738365115,10.729899184463504,10.729899184463504,10.577271164779617,10.639216767746172,3.1034152295653192,1.8161224761049817
228.03040405387384,10.721365873476394,10.721365873476394,10.582021302403284,10.627996248633762,3.6034152295653192,1.3161224761049817
228.23043072409655,10.712845185457805,10.712845185457805,10.595835735738628,10.602679957488501,4.10341522956532,0.8395207845774533
228.43045739431923,10.704337204525919,10.704337204525919,10.603783428765292,10.588247288878295,3.6034152295653197,1.3395207845774533
228.63048406454192,10.695842014673469,10.695842014673469,10.604516770742144,10.56501242764903,3.1034152295653197,0.8395207845774533
228.83051073476463,10.68735969976691,10.68735969976691,10.598204490505944,10.547558163616985,2.6034152295653197,1.3395207845774533
229.0305374049873,10.678890343545596,10.678890343545596,10.597922700539568,10.534581479842885,3.1034152295653197,1.8395207845774533
229.23056407521003,10.67043402962095,10.67043402962095,10.607662892724917,10.51699430011159,3.6034152295653197,1.3395207845774533
229.4305907454327,10.661990841475635,10.661990841475635,10.611458099652342,10.505715799858452,3.1034152295653197,1.8395207845774533
229.63061741565542,10.653560862462735,10.653560862462735,10.603510696828579,10.494560253259896,2.6034152295653197,1.8566030314447406
229.8306440858781,10.645144175804933,10.645144175804933,10.584414129733586,10.482839282905257,2.1034152295653197,1.7585328389565442
230.0306707561008,10.636740864593685,10.636740864593685,10.575338201428895,10.475853515319292,2.6034152295653197,2.0275436771497435
230.2306974263235,10.628351011788398,10.628351011788398,10.555329936888818,10.476131175627785,2.1034152295653197,2.5275436771497435
230.4307240965462,10.619974700215618,10.619974700215618,10.529007672496865,10.478262987693975,1.6034152295653197,3.0275436771497435
230.6307507667689,10.61161201256821,10.61161201256821,10.5099824535655,10.473060232037358,2.1034152295653197,2.5275436771497435
230.83077743699158,10.603263031404541,10.603263031404541,10.497694348484261,10.476487637972333,2.6034152295653197,3.0275436771497435
231.0308041072143,10.594927839147658,10.594927839147658,10.478747661435818,10.477276999456624,2.1034152295653197,2.5902639669516176
231.23083077743698,10.586606518084487,10.586606518084487,10.465674634388671,10.470952512690948,2.6034152295653197,2.0902639669516176
231.4308574476597,10.578299150365014,10.578299150365014,10.462859753903034,10.469041810699203,3.1034152295653197,2.5902639669516176
231.63088411788237,10.570005818001473,10.570005818001473,10.451930456696173,10.457101570119045,2.6034152295653197,2.0902639669516176
231.83091078810506,10.561726602867537,10.561726602867537,10.449072002717887,10.455918166400478,3.1034152295653197,2.5902639669516176
232.03093745832777,10.553461586697509,10.553461586697509,10.451157199289787,10.459466717028684,3.181414810062892,3.0902639669516176
232.23096412855045,10.545210851085523,10.545210851085523,10.46014235754843,10.458330608555904,3.681414810062892,2.5902639669516176
232.43099079877317,10.536974477484723,10.536974477484723,10.46358548589284,10.45340575546257,3.181414810062892,2.0902639669516176
232.63101746899585,10.528752547206478,10.528752547206478,10.471250629688726,10.453684396115378,3.681414810062892,2.5902639669516176
232.83104413921856,10.52054514141956,10.52054514141956,10.469588946710502,10.445842771880564,3.181414810062892,2.0902639669516176
233.03107080944125,10.51235234114936,10.51235234114936,10.455930004971764,10.431196734477313,2.681414810062892,1.5902639669516176
233.23109747966396,10.504174227277073,10.504174227277073,10.438561521204727,10.409987197941017,2.181414810062892,1.252871308178624
233.43112414988664,10.496010880538908,10.496010880538908,10.413163823809892,10.386299353406544,1.681414810062892,0.9170741113058407
233.63115082010933,10.487862381525296,10.487862381525296,10.400559533101417,10.369305447097508,2.181414810062892,1.4170741113058407
233.83117749033204,10.47972881068008,10.47972881068008,10.389039123140726,10.350428511095007,2.551655881821815,0.9170741113058407
234.03120416055472,10.47161024829973,10.47161024829973,10.388732431325442,10.330291252529731,3.051655881821815,1.4170741113058405
234.23123083077743,10.46350677453255,10.46350677453255,10.387563751982812,10.323650190470454,3.328244457826403,1.9170741113058405
234.43125750100012,10.455418469377891,10.455418469377891,10.378195107416113,10.323174823433936,2.828244457826403,2.335935411034795
234.63128417122283,10.447345412685348,10.447345412685348,10.367122296835957,10.316135567583135,2.545843488342452,1.8359354110347952
234.83131084144551,10.439287684153985,10.439287684153985,10.366981558991382,10.312308070652666,3.045843488342452,2.335935411034795
235.03133751166823,10.431245363331536,10.431245363331536,10.35729108567041,10.30787970841656,2.545843488342452,2.4157296373333486
235.2313641818909,10.423218529613639,10.423218529613639,10.355221399190778,10.316147529363274,2.9421535276589634,2.9157296373333486
235.4313908521136,10.415207262243026,10.415207262243026,10.348868482135021,10.324864955302337,2.848214168439736,3.4157296373333486
235.6314175223363,10.407211640308761,10.407211640308761,10.337663211322402,10.327744533438626,2.348214168439736,2.9157296373333486
235.831444192559,10.399231742745457,10.399231742745457,10.3142102058335,10.338864034371381,1.848214168439736,3.4157296373333486
236.0314708627817,10.391267648332482,10.391267648332482,10.289444034448682,10.34261413007802,1.348214168439736,2.9157296373333486
236.2314975330044,10.383319435693203,10.383319435693203,10.269169039803934,10.341234562289905,1.848214168439736,2.4157296373333486
236.4315242032271,10.375387183294187,10.375387183294187,10.255781911996984,10.334706255424019,2.348214168439736,1.9157296373333486
236.63155087344978,10.367470969444451,10.367470969444451,10.25260944602844,10.319309876858116,2.848214168439736,1.4157296373333486
236.83157754367247,10.359570872294663,10.359570872294663,10.24278504768311,10.308549670039861,2.348214168439736,1.8812557840256254
237.03160421389518,10.35168696983639,10.35168696983639,10.238030128439936,10.294648530384483,2.848214168439736,1.3812557840256254
237.23163088411786,10.34381933990132,10.34381933990132,10.22623308398777,10.275436958313913,2.348214168439736,0.8812557840256254
237.43165755434057,10.335968060160495,10.335968060160495,10.221916152302825,10.25690453949522,2.848214168439736,1.3812557840256254
237.63168422456326,10.328133208123546,10.328133208123546,10.224540504259865,10.232028915243166,3.348214168439736,0.8812557840256254
237.83171089478597,10.320314861137923,10.320314861137923,10.229943651333443,10.216504302716977,3.3844874859600313,1.3812557840256254
238.03173756500865,10.312513096388134,10.312513096388134,10.225332488195063,10.192692934823967,2.8844874859600313,0.8812557840256254
238.23176423523137,10.304727990894987,10.304727990894987,10.212678172630357,10.176106756783208,2.3844874859600313,1.3812557840256252
238.43179090545405,10.296959621514825,10.296959621514825,10.199545547435758,10.164947000874484,2.3837820130375347,1.8812557840256252
238.63181757567673,10.289208064938762,10.289208064938762,10.177176231174174,10.161739154312661,1.8837820130375347,2.381255784025625
238.83184424589945,10.281473397691943,10.281473397691943,10.162747338123191,10.166456495377984,2.3837820130375347,2.881255784025625
239.03187091612213,10.273755696132769,10.273755696132769,10.159770951384157,10.161712645395236,2.8837820130375347,2.381255784025625
239.23189758634484,10.266055036452155,10.266055036452155,10.163962157236508,10.155478464378735,3.3837820130375347,1.8812557840256252
239.43192425656753,10.258371494672774,10.258371494672774,10.177748550852634,10.153304690826397,3.754156165399092,2.340893944287695
239.63195092679024,10.25070514664831,10.25070514664831,10.178411065194796,10.142524966368464,3.254156165399092,1.840893944287695
239.83197759701292,10.243056068062703,10.243056068062703,10.16706914309293,10.12984736144084,2.754156165399092,1.340893944287695
240.03200426723564,10.235424334429405,10.235424334429405,10.167807386429782,10.119199661849084,3.1100449959529803,1.840893944287695
240.23203093745832,10.227810021090637,10.227810021090637,10.159495560391797,10.115961977544595,2.6100449959529803,2.340893944287695
240.432057607681,10.220213203216641,10.220213203216641,10.157290061954724,10.107397039036652,3.1100449959529803,1.840893944287695
240.63208427790372,10.21263395580494,10.21263395580494,10.148926178861792,10.103324068843666,2.6100449959529803,2.340893944287695
240.8321109481264,10.205072353679597,10.205072353679597,10.13156050571674,10.092294183029972,2.1100449959529803,1.840893944287695
241.0321376183491,10.19752847149048,10.19752847149048,10.107996570779006,10.084207948233432,1.617660826488475,2.340893944287695
241.2321642885718,10.190002383712521,10.190002383712521,10.077114568760653,10.074093458450308,1.3413742332893313,1.840893944287695
241.4321909587945,10.182494164644975,10.182494164644975,10.0572673330014,10.060012700024314,1.8413742332893313,1.340893944287695
241.6322176290172,10.1750038884107,10.1750038884107,10.042254581521597,10.047601260632932,2.341374233289331,1.840893944287695
241.83224429923987,10.167531628955416,10.167531628955416,10.018679847911228,10.032035399757389,1.841374233289331,1.435510459469155
242.0322709694626,10.160077460046976,10.160077460046976,10.004953240418686,10.013695491849681,2.341374233289331,0.935510459469155
242.23229763968527,10.152641455274642,10.152641455274642,9.996632987949477,9.98611349507115,2.841374233289331,0.435510459469155
242.43232430990798,10.145223688048352,10.145223688048352,9.999289209459427,9.96773629601054,3.341374233289331,0.935510459469155
242.63235098013067,10.137824231598003,10.137824231598003,10.011012522762963,9.940572393003775,3.841374233289331,0.4355104594691551
242.83237765035338,10.130443158972719,10.130443158972719,10.016441594658248,9.924499158857886,3.341374233289331,0.9355104594691552
243.03240432057606,10.123080543040139,10.123080543040139,10.009573604122531,9.90619406046673,2.841374233289331,1.4355104594691555
243.23243099079878,10.115736456485688,10.115736456485688,10.013325457020068,9.897073352873084,3.341374233289331,1.9355104594691555
243.43245766102146,10.108410971811873,10.108410971811873,10.009609262156204,9.89627121910994,2.841374233289331,2.4355104594691555
243.63248433124414,10.10110416133755,10.10110416133755,9.99541112256728,9.902612514215283,2.341374233289331,2.9355104594691555
243.83251100146686,10.093816097197223,10.093816097197223,9.988316953554273,9.91241340500088,2.841374233289331,3.4355104594691555
244.03253767168954,10.086546851340332,10.086546851340332,9.97544304824551,9.931107428876174,2.4612317823173546,3.9355104594691555
244.23256434191225,10.07929649553053,10.07929649553053,9.95776165905972,9.937835289748291,2.3261012415088205,3.4355104594691555
244.43259101213494,10.072065101344991,10.072065101344991,9.939418215546336,9.94188793115919,1.8261012415088205,2.9355104594691555
244.63261768235765,10.064852740173688,10.064852740173688,9.92389747993865,9.939426901208702,2.3261012415088205,2.4355104594691555
244.83264435258033,10.057659483218705,10.057659483218705,9.921212340984601,9.946542548977282,2.8261012415088205,2.9355104594691555
245.03267102280304,10.050485401493518,10.050485401493518,9.927707038348005,9.95693535644899,3.3261012415088205,3.4355104594691555
245.23269769302573,10.043330565822302,10.043330565822302,9.925671550501159,9.960549526202783,3.088452419963405,2.9355104594691555
245.4327243632484,10.03619504683923,10.03619504683923,9.934010218417875,9.959982565986689,3.588452419963405,2.4355104594691555
245.63275103347112,10.029078914987778,10.029078914987778,9.934297541536322,9.96296876827161,3.088452419963405,2.9355104594691555
245.8327777036938,10.02198224052003,10.02198224052003,9.940519871785314,9.958485439208083,3.4462938150543954,2.4355104594691555
246.03280437391652,10.014905093495974,10.014905093495974,9.944782722683641,9.94733404231053,3.1448403754396894,1.9355104594691555
246.2328310441392,10.007847543782828,10.007847543782828,9.942730352416964,9.932397552398093,3.0543271542073893,1.4355104594691555
246.43285771436192,10.000809661054337,10.000809661054337,9.931229363620222,9.92063957710322,2.5543271542073893,1.9355104594691555
246.6328843845846,9.993791514790086,9.993791514790086,9.931062088792714,9.918981837383068,3.0543271542073893,2.4355104594691555
246.83291105480728,9.986793174274823,9.986793174274823,9.924340353375039,9.923925967962012,2.841688395498595,2.9355104594691555
247.03293772503,9.979814708597761,9.979814708597761,9.91422755475132,9.936281036319636,2.341688395498595,3.4355104594691555
247.23296439525268,9.972856186651917,9.972856186651917,9.893543209148374,9.940369555364144,1.8416883954985952,2.9355104594691555
247.4329910654754,9.965917677133405,9.965917677133405,9.881413947281457,9.936569250370258,2.341688395498595,2.4355104594691555
247.63301773569808,9.95899924854078,9.95899924854078,9.880587602877162,9.942502069326782,2.841688395498595,2.9355104594691555
247.8330444059208,9.95210096917435,9.95210096917435,9.875541846048693,9.952326717829015,2.8622681964131145,3.4355104594691555
248.03307107614347,9.945222907135507,9.945222907135507,9.867556872886562,9.960624244693205,2.3622681964131145,2.9355104594691555
248.23309774636618,9.938365130326055,9.938365130326055,9.848850038020899,9.973555245637119,1.8622681964131145,3.4355104594691555
248.43312441658887,9.93152770644753,9.93152770644753,9.820648412055471,9.97787811925949,1.3622681964131145,2.9355104594691555
248.63315108681155,9.924710703000551,9.924710703000551,9.80340553452734,9.975453308875668,1.8622681964131145,2.4355104594691555
248.83317775703426,9.91791418728413,9.91791418728413,9.7921568607441,9.965386646399509,2.3622681964131145,1.9355104594691555
249.03320442725695,9.911138226395025,9.911138226395025,9.78753803167412,9.95166380573922,2.8622681964131145,1.5981692509581489
249.23323109747966,9.904382887227072,9.904382887227072,9.782087539764015,9.932758254504193,2.4829132684316058,1.0981692509581489
249.43325776770234,9.897648236470525,9.897648236470525,9.78101993278111,9.90804555220186,2.9829132684316058,0.5981692509581489
249.63328443792506,9.890934340611397,9.890934340611397,9.792697716020959,9.884188477403985,3.4829132684316058,0.9318396232959074
249.83331110814774,9.8842412659308,9.8842412659308,9.793692734221404,9.86965194203129,2.9829132684316058,1.4118467724499435
250.03333777837045,9.877569078504303,9.877569078504303,9.782192727742729,9.859780750653409,2.4829132684316058,1.9118467724499435
250.23336444859314,9.870917844201262,9.870917844201262,9.779036741575256,9.846599268970165,2.9829132684316058,1.4118467724499435
250.43339111881582,9.864287628684188,9.864287628684188,9.78692826194998,9.828719783565555,3.4829132684316058,1.2082334927533258
250.63341778903853,9.857678497408077,9.857678497408077,9.789748014676551,9.820261299832994,2.9829132684316058,1.7082334927533258
250.83344445926122,9.851090515619793,9.851090515619793,9.798867750207341,9.809361694378126,3.4829132684316058,1.8747324463990152
251.03347112948393,9.844523748357393,9.844523748357393,9.797590987695795,9.796188136199298,2.9829132684316058,1.374732446399015
251.2334977997066,9.837978260449509,9.837978260449509,9.805089008608697,9.772950496730713,3.4829132684316058,0.8747324463990148
251.43352446992932,9.83145411651469,9.83145411651469,9.821966544929605,9.743583238241722,3.9829132684316058,0.3747324463990147
251.633551140152,9.824951380960783,9.824951380960783,9.829838728318741,9.721403220221537,3.4829132684316058,0.8747324463990147
251.83357781037472,9.818470117984276,9.818470117984276,9.827463351807154,9.694079688523578,2.9829132684316058,0.3747324463990147
252.0336044805974,9.81201039156968,9.81201039156968,9.81374181356693,9.673879459581894,2.4829132684316058,0.8747324463990147
252.2336311508201,9.805572265488895,9.805572265488895,9.794711776547414,9.65654056051242,2.1668083512207463,1.3747324463990147
252.4336578210428,9.799155803300568,9.799155803300568,9.769426338682818,9.647985869625145,1.6668083512207463,1.8747324463990147
252.63368449126548,9.792761068349488,9.792761068349488,9.754607310568618,9.643578393097043,2.1668083512207463,2.3747324463990145
252.8337111614882,9.786388123765935,9.786388123765935,9.727619219366584,9.648879831797622,1.6668083512207463,2.8747324463990145
253.03373783171088,9.780037032465078,9.780037032465078,9.713595795957763,9.645954703827691,2.1668083512207463,2.3747324463990145
253.2337645019336,9.773707857146345,9.773707857146345,9.69661013468926,9.64986121985031,2.141979926190265,2.8747324463990145
253.43379117215628,9.767400660292799,9.767400660292799,9.690709187316978,9.647496836005232,2.641979926190265,2.3747324463990145
253.63381784237896,9.76111550417053,9.76111550417053,9.676551129514007,9.649648039639349,2.141979926190265,2.8747324463990145
253.83384451260167,9.754852450828036,9.754852450828036,9.653350257322728,9.6462065661251,1.641979926190265,2.3747324463990145
254.03387118282436,9.748611562095617,9.748611562095617,9.633649799823562,9.650621911613124,1.7311430668285008,2.8747324463990145
254.23389785304707,9.742392899584747,9.742392899584747,9.61204624377876,9.647297051549828,1.3548903281167164,2.3747324463990145
254.43392452326975,9.73619652468749,9.73619652468749,9.586642564841098,9.649038767749516,1.8548903281167164,2.8747324463990145
254.63395119349246,9.730022498575872,9.730022498575872,9.57418371686643,9.648436281204573,2.354890328116716,2.4492755506170223
254.83397786371515,9.723870882201293,9.723870882201293,9.56366893180338,9.649588599200227,2.577770801779905,2.682232600234411
255.03400453393786,9.717741736293917,9.717741736293917,9.555771888848696,9.643178839668384,2.357184064637116,2.182232600234411
255.23403120416054,9.711635121362074,9.711635121362074,9.55015460338762,9.627447008757548,2.857184064637116,1.682232600234411
255.43405787438323,9.70555109769166,9.70555109769166,9.5399956080049,9.608420918010278,2.357184064637116,1.182232600234411
255.63408454460594,9.699489725345554,9.699489725345554,9.536134860468028,9.596033361265986,2.857184064637116,1.682232600234411
255.83411121482862,9.693451064163007,9.693451064163007,9.537244216149192,9.593289457331865,3.357184064637116,2.182232600234411
256.03413788505134,9.687435173759061,9.687435173759061,9.558481766345498,9.584218686534204,3.857184064637116,1.9664643907708141
256.23416455527405,9.681442113523964,9.681442113523964,9.560072294965444,9.578587506388269,3.357184064637116,1.9759245884648615
256.4341912254967,9.675471942622579,9.675471942622579,9.574950430258014,9.566360952569461,3.857184064637116,1.4759245884648615
256.6342178957194,9.669524719993795,9.669524719993795,9.587845039235859,9.55913728411093,3.792049031742073,1.9759245884648613
256.83424456594213,9.663600504349956,9.663600504349956,9.608017097519964,9.557952829220664,4.171522558184762,2.4759245884648613
257.0342712361648,9.657699354176275,9.657699354176275,9.617041740667236,9.551958094719742,3.671522558184762,1.9759245884648613
257.2342979063875,9.651821327730254,9.651821327730254,9.616363506521838,9.539394324031976,3.171522558184762,1.4759245884648613
257.4343245766102,9.645966483041112,9.645966483041112,9.608669759727679,9.533661512342066,2.671522558184762,1.9759245884648613
257.6343512468329,9.640134877909219,9.640134877909219,9.595877614728787,9.52068337026129,2.171522558184762,1.4759245884648613
257.8343779170556,9.634326569905515,9.634326569905515,9.579565862126936,9.506947431727946,2.1759488643561977,1.2824572520005186
258.0344045872783,9.628541616370942,9.628541616370942,9.571483325595596,9.4962763070782,2.3823967536947084,1.7824572520005186
258.234431257501,9.622780074415884,9.622780074415884,9.554451903225162,9.490054543750695,1.8823967536947084,2.2824572520005186
258.4344579277237,9.617042000919604,9.617042000919604,9.526535627886812,9.492871636083327,1.3823967536947084,2.7824572520005186
258.63448459794637,9.611327452529675,9.611327452529675,9.50549479586967,9.490303179899483,1.8823967536947084,2.2824572520005186
258.8345112681691,9.605636485661424,9.605636485661424,9.487577183066765,9.498787548136262,1.8095628780063104,2.7824572520005186
259.0345379383918,9.599969156497377,9.599969156497377,9.475145773389148,9.497222141852486,2.3095628780063104,2.2824572520005186
259.23456460861445,9.594325520986706,9.594325520986706,9.46510441719472,9.484765031602668,2.4484083175526994,1.7824572520005186
259.43459127883716,9.588705634844668,9.588705634844668,9.46625081586059,9.466800469027246,2.9484083175526994,1.2824572520005186
259.6346179490599,9.58310955355207,9.58310955355207,9.466152934480755,9.455772110195301,2.8694542283926694,1.7824572520005186
259.8346446192826,9.577537332354702,9.577537332354702,9.470806127146707,9.451086405514932,3.3694542283926694,2.219635474581243
260.03467128950524,9.571989026262807,9.571989026262807,9.483313907695171,9.441419103380097,3.8694542283926694,1.719635474581243
260.23469795972795,9.56646469005053,9.56646469005053,9.509931850389362,9.437413261445345,4.369454228392669,2.219635474581243
260.43472462995067,9.560964378255385,9.560964378255385,9.52702542381216,9.433050287944491,3.8694542283926694,1.9800639818285917
260.6347513001733,9.555488145177705,9.555488145177705,9.538578509037192,9.430435157487059,3.3694542283926694,2.4800639818285917
260.83477797039603,9.550036044880118,9.550036044880118,9.53786156271088,9.43495696106983,2.8694542283926694,2.9800639818285917
261.03480464061874,9.544608131187001,9.544608131187001,9.548330767490473,9.43702267956635,3.3694542283926694,2.599546594715245
261.23483131084146,9.539204457683963,9.539204457683963,9.547948853815923,9.433744977128836,2.8694542283926694,2.099546594715245
261.4348579810641,9.533825077717305,9.533825077717305,9.535880397880746,9.424087377283067,2.3694542283926694,1.5995465947152452
261.6348846512868,9.528470044393494,9.528470044393494,9.521010697278744,9.4219587036267,1.8694542283926694,2.099546594715245
261.83491132150954,9.523139410578644,9.523139410578644,9.507038030921413,9.414229246065984,2.1043115789448477,1.5995465947152452
262.0349379917322,9.517833228897992,9.517833228897992,9.485212586695907,9.408024426771922,1.6043115789448477,2.099546594715245
262.2349646619549,9.512551551735374,9.512551551735374,9.462533668305895,9.409531742074495,1.5720839702980558,2.4213168924296817
262.4349913321776,9.507294431232719,9.507294431232719,9.448527559653114,9.414035678208702,2.072083970298056,2.9213168924296817
262.63501800240033,9.502061919289522,9.502061919289522,9.441104165910732,9.42325033185016,2.572083970298056,3.4213168924296817
262.835044672623,9.496854067562339,9.496854067562339,9.422376468083236,9.428857920023285,2.072083970298056,2.989004604892541
263.0350713428457,9.491670927464268,9.491670927464268,9.407847039561993,9.44314100637829,2.0038458415887854,3.489004604892541
263.2350980130684,9.48651255016446,9.48651255016446,9.400113876432918,9.445965637648404,2.3780182151897127,2.989004604892541
263.4351246832911,9.481378986587588,9.481378986587588,9.397051231015451,9.444124402562318,2.8780182151897127,2.489004604892541
263.6351513535138,9.476270287413373,9.476270287413373,9.390285966936874,9.451177843274762,2.3780182151897127,2.989004604892541
263.8351780237365,9.471186503076057,9.471186503076057,9.372454801880327,9.448284363616231,1.8780182151897127,2.489004604892541
264.0352046939592,9.466127683763922,9.466127683763922,9.364869236563816,9.440883708950171,2.3780182151897127,1.989004604892541
264.23523136418186,9.461093879418794,9.461093879418794,9.365182560714775,9.432396972927311,2.8780182151897127,1.8094052789576485
264.43525803440457,9.456085139735535,9.456085139735535,9.366691025890296,9.417169239247766,3.1396360365448723,1.3094052789576485
264.6352847046273,9.45110151416157,9.45110151416157,9.36946909079637,9.406418718139784,2.7814846788527636,1.8094052789576485
264.83531137485,9.44614305189639,9.44614305189639,9.375414697851157,9.395909996650486,3.2814846788527636,1.594175726393317
265.03533804507265,9.441209801891073,9.441209801891073,9.390613354782793,9.389382920331785,3.7814846788527636,2.094175726393317
265.23536471529536,9.436301812847784,9.436301812847784,9.414697126668433,9.390831911000443,4.281484678852763,2.594175726393317
265.4353913855181,9.431419133219318,9.431419133219318,9.430883408218286,9.384260292260372,3.781484678852763,2.094175726393317
265.63541805574073,9.426561811208607,9.426561811208607,9.444943747809488,9.386329371345612,3.6745718526376745,2.594175726393317
265.83544472596344,9.42172989476824,9.42172989476824,9.463812045005605,9.380396584225904,4.1745718526376745,2.094175726393317
266.03547139618615,9.416923431600004,9.416923431600004,9.471383874484907,9.38251837209021,3.6745718526376745,2.5096836308356707
266.23549806640887,9.4121424691544,9.4121424691544,9.476302081180624,9.38641102577042,3.1745718526376745,2.7282281170229106
266.4355247366315,9.407387054630187,9.407387054630187,9.472494804883764,9.390750519911945,2.6745718526376745,3.2217660792340856
266.63555140685423,9.402657234973898,9.402657234973898,9.459179220474775,9.396147910055419,2.1745718526376745,2.7217660792340856
266.83557807707695,9.397953056879402,9.397953056879402,9.437270570026373,9.394377526204194,1.6745718526376745,2.2217660792340856
267.0356047472996,9.393274566787415,9.393274566787415,9.412367529567423,9.386430477037816,1.5868740180351493,1.7217660792340856
267.2356314175223,9.388621810885066,9.388621810885066,9.400077869958096,9.37220503479752,2.0868740180351493,1.2217660792340856
267.435658087745,9.38399483510542,9.38399483510542,9.392524731854934,9.34875391208427,2.5868740180351493,0.7217660792340856
267.63568475796774,9.379393685127045,9.379393685127045,9.38245464452234,9.338233631884831,2.393976898315447,1.2217660792340856
267.8357114281904,9.374818406373546,9.374818406373546,9.379227240411797,9.330692781120858,2.893976898315447,1.7217660792340856
268.0357380984131,9.370269044013117,9.370269044013117,9.370869421020332,9.314482126637088,2.393976898315447,1.2217660792340856
268.2357647686358,9.365745642958103,9.365745642958103,9.358391670119182,9.304949307423323,1.8939768983154468,1.7217660792340856
268.43579143885853,9.361248247864559,9.361248247864559,9.335651328187355,9.29257550796559,1.3939768983154468,1.2953754764628778
268.6358181090812,9.356776903131797,9.356776903131797,9.307259220677798,9.281451805786906,1.2802327058878578,1.7953754764628778
268.8358447793039,9.352331652901952,9.352331652901952,9.284662536007474,9.275737850081672,1.7802327058878578,2.295375476462878
269.0358714495266,9.347912541059552,9.347912541059552,9.272723323288055,9.266028797715267,2.25616741380338,1.795375476462878
269.23589811974927,9.34351961123108,9.34351961123108,9.273060837488963,9.256630908741187,2.75616741380338,1.5707034904510968
269.435924789972,9.339152906784545,9.339152906784545,9.281079047735927,9.240769612478802,3.25616741380338,1.0707034904510968
269.6359514601947,9.334812470829046,9.334812470829046,9.292989382247118,9.227912233415326,3.75616741380338,1.5707034904510968
269.8359781304174,9.33049834621437,9.33049834621437,9.301872650526745,9.224625972473278,3.25616741380338,2.0707034904510966
270.03600480064006,9.326210575530533,9.326210575530533,9.315840324059032,9.222381326571451,3.75616741380338,2.2312029760403282
270.23603147086277,9.321949201107392,9.321949201107392,9.314071665099876,9.225448512943696,3.25616741380338,2.7312029760403282
270.4360581410855,9.317714265014208,9.317714265014208,9.327828126458533,9.23542249361056,3.75616741380338,3.2312029760403282
270.63608481130814,9.31350580905924,9.31350580905924,9.33464087451538,9.24033410755788,3.25616741380338,2.7312029760403282
270.83611148153085,9.309323874789328,9.309323874789328,9.333101562823245,9.236737130332724,2.75616741380338,2.2312029760403282
271.03613815175356,9.305168503489481,9.305168503489481,9.32247861181994,9.240288778655774,2.25616741380338,2.7312029760403282
271.2361648219763,9.301039736182474,9.301039736182474,9.309396775319579,9.237935737496981,2.4594318551357284,2.2312029760403282
271.43619149219893,9.29693761362845,9.29693761362845,9.308754740102907,9.24456514836674,2.7767843861821637,2.7312029760403282
271.63621816242164,9.292862176324492,9.292862176324492,9.310939569023748,9.255758056419088,2.870595815384189,3.2312029760403282
271.83624483264435,9.288813464504253,9.288813464504253,9.309854033451689,9.259079615105355,2.771153606365219,2.7312029760403282
272.036271502867,9.284791518137542,9.284791518137542,9.297603765494772,9.263445798847624,2.271153606365219,2.982374768568782
272.2362981730897,9.280796376929933,9.280796376929933,9.280617362792913,9.26283624135007,1.771153606365219,2.482374768568782
272.43632484331243,9.276828080322375,9.276828080322375,9.270392883581602,9.256569166465756,2.271153606365219,1.982374768568782
272.63635151353515,9.272886667490795,9.272886667490795,9.252968420305564,9.247023764657355,1.771153606365219,1.482374768568782
272.8363781837578,9.268972177345727,9.268972177345727,9.231053291707862,9.22810420763998,1.6782044339563917,0.9823747685687819
273.0364048539805,9.26508464853191,9.26508464853191,9.214831555352182,9.215319137614298,1.746309785947829,1.4823747685687818
273.2364315242032,9.261224119427922,9.261224119427922,9.202310813621187,9.197335236110696,2.2463097859478287,0.9823747685687818
273.43645819442594,9.257390628145783,9.257390628145783,9.191466922400277,9.18516884114239,2.115132048354832,1.4823747685687818
273.6364848646486,9.253584212530601,9.253584212530601,9.181165003848387,9.165571798266875,2.1787902931885474,0.9823747685687818
273.8365115348713,9.249804910160176,9.249804910160176,9.178571679346943,9.151068961638508,2.6787902931885474,1.4823747685687818
274.036538205094,9.24605275834465,9.24605275834465,9.168563436320706,9.141391026013203,2.1787902931885474,1.5825565937792827
274.2365648753167,9.242327794126123,9.242327794126123,9.158384858031924,9.134655251411875,2.37635957288769,1.9294573290882542
274.4365915455394,9.238630054278293,9.238630054278293,9.142981987867286,9.131899235049447,1.9537421383704667,2.263187441717163
274.6366182157621,9.23495957530609,9.23495957530609,9.137099295028117,9.12179381674207,2.4537421383704667,1.7631874417171631
274.8366448859848,9.23131639344533,9.23131639344533,9.137793833379936,9.108233414547014,2.9537421383704667,1.2631874417171631
275.03667155620747,9.22770054466233,9.22770054466233,9.145792035808922,9.098602466246962,3.4537421383704667,1.7631874417171631
275.2366982264302,9.224112064653578,9.224112064653578,9.161391480347532,9.097761641884254,3.9537421383704667,2.263187441717163
275.4367248966529,9.220550988845371,9.220550988845371,9.178498821144471,9.101091465627503,3.7276748287517893,2.763187441717163
275.63675156687555,9.217017352393464,9.217017352393464,9.188548267811063,9.098496850096572,3.30706063970706,2.263187441717163
275.83677823709826,9.213511190182722,9.213511190182722,9.191114780520246,9.102268903860121,3.119361348254212,2.763187441717163
276.03680490732097,9.210032536826782,9.210032536826782,9.188568562566074,9.105917144945913,2.619361348254212,2.6457155441008804
276.2368315775437,9.206581426667704,9.206581426667704,9.19322424916782,9.114920082571699,3.119361348254212,3.1457155441008804
276.43685824776634,9.20315789377564,9.20315789377564,9.191937250945703,9.117484843143483,2.619361348254212,2.6457155441008804
276.63688491798905,9.199761971948487,9.199761971948487,9.178989886421737,9.125138920066654,2.119361348254212,3.1457155441008804
276.83691158821176,9.19639369471156,9.19639369471156,9.175791686872412,9.134680295795055,2.619361348254212,3.268079856563602
277.0369382584344,9.193053095317266,9.193053095317266,9.16587109597404,9.14207047920988,2.119361348254212,2.768079856563602
277.23696492865713,9.189740206744762,9.189740206744762,9.142983108084874,9.138281726368138,1.6193613482542124,2.268079856563602
277.43699159887984,9.186455061699647,9.186455061699647,9.130058136605752,9.126708579489787,2.119361348254212,1.768079856563602
277.63701826910255,9.183197692613621,9.183197692613621,9.127103917881888,9.12552479687874,2.619361348254212,2.268079856563602
277.8370449393252,9.179968131644177,9.179968131644177,9.1312028721981,9.120456184611426,3.119361348254212,1.768079856563602
278.0370716095479,9.17676641067428,9.17676641067428,9.135381825114617,9.11916808385106,3.0404903722416647,2.268079856563602
278.23709827977063,9.173592561312052,9.173592561312052,9.139879324806738,9.110495373351277,3.092778449084316,1.768079856563602
278.43712494999335,9.170446614890457,9.170446614890457,9.135092632963879,9.112015743558677,2.592778449084316,2.268079856563602
278.637151620216,9.167328602467,9.167328602467,9.125932055130463,9.117062499885108,2.092778449084316,2.768079856563602
278.8371782904387,9.164238554823413,9.164238554823413,9.124730193359401,9.1271726258704,2.592778449084316,3.268079856563602
279.0372049606614,9.161176502465352,9.161176502465352,9.118889569117098,9.129403991671898,2.502379968323443,2.768079856563602
279.2372316308841,9.1581424756221,9.1581424756221,9.124174138256556,9.129413937532949,3.002379968323443,2.68569714188828
279.4372583011068,9.15513650424626,9.15513650424626,9.11780561447681,9.127700075271811,2.502379968323443,2.18569714188828
279.6372849713295,9.152158618013472,9.152158618013472,9.113399123324069,9.127026761096547,2.55037044420027,2.68569714188828
279.8373116415522,9.149208846322109,9.149208846322109,9.118493933894445,9.13456935447555,3.05037044420027,3.18569714188828
280.0373383117749,9.146287218292994,9.146287218292994,9.127831349310066,9.15252654541272,3.55037044420027,3.68569714188828
280.2373649819976,9.143393762769103,9.143393762769103,9.140778043958868,9.162301553872734,3.5587669362247007,3.18569714188828
280.4373916522203,9.140528508315292,9.140528508315292,9.14593098765945,9.164768383506077,3.0587669362247007,2.68569714188828
280.63741832244295,9.13769148321801,9.13769148321801,9.142832700611274,9.166724968555924,2.5587669362247007,2.18569714188828
280.83744499266567,9.134882715485016,9.134882715485016,9.131899640608069,9.166833724841203,2.0587669362247007,2.1947347159387234
281.0374716628884,9.13210223284511,9.13210223284511,9.112179265287551,9.15758308145226,1.5587669362247007,1.6947347159387234
281.2374983331111,9.129350062747848,9.129350062747848,9.092941928804228,9.140539388610417,1.8152958803711983,1.1947347159387234
281.43752500333375,9.126626232363288,9.126626232363288,9.069854392107784,9.131561731529692,1.3152958803711983,1.6947347159387234
281.63755167355646,9.123930768581701,9.123930768581701,9.057815640144327,9.1164927918622,1.8152958803711983,1.1947347159387234
281.83757834377917,9.121263698013324,9.121263698013324,9.051427729397961,9.09181641163223,2.315295880371198,0.7281000087375031
282.0376050140019,9.11862504698809,9.11862504698809,9.048935632951766,9.073541126782894,2.815295880371198,1.2281000087375031
282.23763168422454,9.116014841555362,9.116014841555362,9.06021370993602,9.066926846878651,3.315295880371198,1.7281000087375031
282.43765835444725,9.113433107483688,9.113433107483688,9.06472554513349,9.052409213179066,2.8221304476879814,1.2281000087375031
282.63768502466996,9.110879870260534,9.110879870260534,9.05626395142047,9.034933228807313,2.3221304476879814,1.15840819414557
282.8377116948926,9.108355155092045,9.108355155092045,9.038530507298201,9.025411445710661,1.8221304476879814,1.65840819414557
283.03773836511533,9.105858986902785,9.105858986902785,9.029287370333527,9.022895425752079,2.3221304476879814,2.15840819414557
283.23776503533804,9.103391390335496,9.103391390335496,9.031420031020582,9.026408279636174,2.8221304476879814,2.65840819414557
283.43779170556076,9.100952389750859,9.100952389750859,9.036437225945544,9.036933440031316,3.3221304476879814,3.15840819414557
283.6378183757834,9.098542009227241,9.098542009227241,9.040500154101217,9.043873794826556,3.0376054710603513,3.1744282697298045
283.8378450460061,9.096160272560475,9.096160272560475,9.033481628890392,9.05859610913403,2.5376054710603513,3.6744282697298045
284.03787171622884,9.093807203263605,9.093807203263605,9.038561422834501,9.07190329138661,3.0373912807617067,3.1744282697298045
284.2378983864515,9.091482824566672,9.091482824566672,9.032371089439884,9.085330052538223,2.5373912807617067,3.6744282697298045
284.4379250566742,9.089187159416475,9.089187159416475,9.039121804390804,9.09371849283122,3.0373912807617067,3.1744282697298045
284.6379517268969,9.086920230476341,9.086920230476341,9.037671311923685,9.096557025026836,2.5373912807617067,2.6744282697298045
284.8379783971196,9.084682060125918,9.084682060125918,9.044269155680782,9.093783304287294,3.0373912807617067,2.1744282697298045
285.0380050673423,9.082472670460929,9.082472670460929,9.055764372789573,9.085881876210118,3.5373912807617067,1.6744282697298045
285.238031737565,9.080292083292978,9.080292083292978,9.0598812610236,9.069961239778072,3.0373912807617067,1.1744282697298045
285.4380584077877,9.078140320149316,9.078140320149316,9.064722999729222,9.053418723336025,2.878139728312683,0.8213862677971967
285.63808507801036,9.076017402272647,9.076017402272647,9.059835916093018,9.038101420920146,2.378139728312683,1.3213862677971968
285.8381117482331,9.073923350620898,9.073923350620898,9.04405055570058,9.015915255565961,1.878139728312683,0.8213862677971968
286.0381384184558,9.071858185867026,9.071858185867026,9.027711526624127,9.002854921083953,1.8272910533869422,1.3213862677971968
286.2381650886785,9.06982192839881,9.06982192839881,9.019227981865683,8.99583380324234,2.327291053386942,1.8213862677971968
286.43819175890116,9.067814598318648,9.067814598318648,9.001510807189538,8.980326753713827,1.8272910533869422,1.326443999287041
286.63821842912387,9.065836215443365,9.065836215443365,8.979885787116821,8.973261440364812,1.6160751533403142,1.826443999287041
286.8382450993466,9.063886799304006,9.063886799304006,8.972863386807163,8.971702575600672,2.116075153340314,2.326443999287041
287.0382717695693,9.061966369145656,9.061966369145656,8.952270584257874,8.972379493709127,1.6160751533403142,2.826443999287041
287.23829843979195,9.060074943927237,9.060074943927237,8.94000640072179,8.98037282345222,2.116075153340314,2.946397585811351
287.43832511001466,9.058212542321336,9.058212542321336,8.935253565031905,8.99279543628737,2.616075153340314,3.2058746737207113
287.6383517802374,9.056379182714002,9.056379182714002,8.938105777720207,9.009543139468084,3.116075153340314,3.7058746737207113
287.83837845046,9.054574883204586,9.054574883204586,8.951878072600557,9.018696116799937,3.616075153340314,3.2058746737207113
288.03840512068274,9.05279966160554,9.05279966160554,8.974668966993688,9.03788466925624,4.116075153340314,3.7058746737207113
288.23843179090545,9.051053535442263,9.051053535442263,8.988264007094937,9.048586365316526,3.616075153340314,3.2058746737207113
288.43845846112816,9.049336521952906,9.049336521952906,9.009013958028051,9.050689143790793,4.116075153340314,2.7058746737207113
288.6384851313508,9.047648638088225,9.047648638088225,9.039255950805229,9.059423795433423,4.315297341279187,3.169232601229195
288.83851180157353,9.04598990051139,9.04598990051139,9.05707889377785,9.066831468664114,3.8152973412791873,3.184777106681918
289.03853847179624,9.044360325597841,9.044360325597841,9.070617122384204,9.07403396712964,3.3152973412791873,2.684777106681918
289.2385651420189,9.042759929435114,9.042759929435114,9.073041898772143,9.084842788709265,2.8152973412791873,3.184777106681918
289.4385918122416,9.041188727822686,9.041188727822686,9.064788800520358,9.087535974945732,2.3152973412791873,2.684777106681918
289.6386184824643,9.039646736271816,9.039646736271816,9.068719706805533,9.095801167730647,2.8152973412791873,3.184777106681918
289.83864515268704,9.0381339700054,9.0381339700054,9.084398981486018,9.09971933710456,3.3152973412791873,2.684777106681918
290.0386718229097,9.036650443957813,9.036650443957813,9.087543588921982,9.099089304355434,2.8152973412791873,2.184777106681918
290.2386984931324,9.03519617277476,9.03519617277476,9.084622402283399,9.091415092263892,2.536156410644372,1.684777106681918
290.4387251633551,9.033771170813143,9.033771170813143,9.09024654126364,9.075877443479285,3.036156410644372,1.184777106681918
290.63875183357777,9.032375452140904,9.032375452140904,9.086364109037778,9.05286908805898,2.536156410644372,0.6847771066819179
290.8387785038005,9.0310090305369,9.0310090305369,9.06675445658277,9.025849959841032,2.036156410644372,0.18477710668191794
291.0388051740232,9.029671919490754,9.029671919490754,9.049804877773504,9.005812855613883,1.536156410644372,0.6847771066819179
291.2388318442459,9.028364132202734,9.028364132202734,9.024982569961283,8.991818063984182,1.1789597344726155,1.184777106681918
291.43885851446856,9.027085681583614,9.027085681583614,9.004591580736555,8.983905646680714,1.6789597344726155,1.684777106681918
291.6388851846913,9.025836580254554,9.025836580254554,8.995574099351165,8.984116122345712,2.1789597344726155,2.184777106681918
291.838911854914,9.024616840546965,9.024616840546965,8.9910313655187,8.982199143083658,2.6789597344726155,2.2104802888601878
292.0389385251367,9.023426474502397,9.023426474502397,8.998211699432778,8.971322501146282,3.165031632094306,1.7104802888601878
292.23896519535936,9.022265493872416,9.022265493872416,9.012986238454289,8.967415172673196,3.665031632094306,2.2104802888601878
292.43899186558207,9.021133910118488,9.021133910118488,9.018974433177828,8.96938351967387,3.4271855239323887,2.7104802888601878
292.6390185358048,9.020031734411868,9.020031734411868,9.02256047001189,8.980464356543136,2.9271855239323887,3.2104802888601878
292.83904520602744,9.018958977633485,9.018958977633485,9.01616642053237,8.985895186764223,2.4271855239323887,2.8099027543352313
293.03907187625015,9.017915650373839,9.017915650373839,9.007737222820406,8.985132281753819,2.3041421439964602,2.3099027543352313
293.23909854647286,9.016901762932896,9.016901762932896,9.000621558749405,8.989857877644132,2.8041421439964602,2.8099027543352313
293.4391252166956,9.015917325319986,9.015917325319986,9.009137217091896,8.98937769557192,3.3041421439964602,2.3099027543352313
293.6391518869182,9.0149623472537,9.0149623472537,9.010668483266613,8.992918635462257,2.8041421439964602,2.8099027543352313
293.83917855714094,9.014036838161802,9.014036838161802,8.999165718225607,8.994601083925742,2.3041421439964602,2.4294117814474996
294.03920522736365,9.013140807181127,9.013140807181127,8.999092272241858,9.003645355069171,2.8041421439964602,2.9294117814474996
294.2392318975863,9.0122742631575,9.0122742631575,9.009543136633438,9.001367264320338,3.3041421439964602,2.478756541491787
294.439258567809,9.011437214645643,9.011437214645643,9.01197915525611,9.001571779341734,2.871291237813976,2.598308532980696
294.63928523803173,9.010629669909086,9.010629669909086,9.010752689693966,8.993488717846882,2.371291237813976,2.098308532980696
294.83931190825444,9.009851636920098,9.009851636920098,9.015381274547972,8.99371480062747,2.871291237813976,2.598308532980696
295.0393385784771,9.009103123359598,9.009103123359598,9.022458190262132,8.987489879566946,3.075803260997605,2.098308532980696
295.2393652486998,9.008384136617083,9.008384136617083,9.021119862279175,8.988532128823818,2.575803260997605,2.598308532980696
295.4393919189225,9.007694683790556,9.007694683790556,9.009672118049409,8.982161062002582,2.211274675688228,2.098308532980696
295.6394185891452,9.00703477168645,9.00703477168645,9.013287900812907,8.98463464703852,2.711274675688228,2.598308532980696
295.8394452593679,9.006404406819572,9.006404406819572,9.001301919611732,8.980189150541984,2.211274675688228,2.098308532980696
296.0394719295906,9.005803595413024,9.005803595413024,8.979541495078424,8.976838235808074,1.711274675688228,2.18923800359246
296.2394985998133,9.00523234339816,9.00523234339816,8.966529667263039,8.978126910290696,2.211274675688228,2.68923800359246
296.439525270036,9.004690656414502,9.004690656414502,8.957428678206549,8.98390376521833,2.1646299702527805,2.997744812016963
296.6395519402587,9.004178539809713,9.004178539809713,8.951807258551474,8.98326334971598,2.6646299702527805,2.497744812016963
296.8395786104814,9.003695998639524,9.003695998639524,8.960650902294153,8.978372584220212,3.1646299702527805,2.1044097959034636
297.0396052807041,9.003243037667692,9.003243037667692,8.975326220136061,8.98009593563843,3.6646299702527805,2.6044097959034636
297.23963195092676,9.002819661365953,9.002819661365953,8.997853104413599,8.988759469128832,4.164629970252781,3.0476265308793127
297.4396586211495,9.002425873913973,9.002425873913973,9.011253277412647,8.999751721434238,3.664629970252781,3.3993991114654203
297.6396852913722,9.002061679199311,9.002061679199311,9.03164934155465,9.022601623960231,4.164629970252781,3.8993991114654203
297.83971196159484,9.001727080817382,9.001727080817382,9.04698276623298,9.035213816313513,3.664629970252781,3.3993991114654203
298.03973863181756,9.001422082071414,9.001422082071414,9.053987633976128,9.054831061384998,3.164629970252781,3.8993991114654203
298.23976530204027,9.001146685972431,9.001146685972431,9.057404234628724,9.06468566078115,2.979791210424498,3.3993991114654203
298.439791972263,9.000900895239202,9.000900895239202,9.052181230585838,9.08420174609098,2.479791210424498,3.8993991114654203
298.63981864248564,9.00068471229823,9.00068471229823,9.03970271120058,9.096498298182185,1.979791210424498,3.3993991114654203
298.83984531270835,9.000498139283723,9.000498139283723,9.033345937032292,9.101361823145051,2.479791210424498,2.8993991114654203
299.03987198293106,9.000341178037573,9.000341178037573,9.023960469308728,9.102601167475177,1.979791210424498,2.3993991114654203
299.2398986531537,9.000213830109333,9.000213830109333,9.020019880576626,9.097104992938542,2.430135394788536,1.8993991114654203
299.43992532337643,9.000116096756216,9.000116096756216,9.021787586691524,9.08463171171075,2.930135394788536,1.3993991114654203
299.63995199359914,9.000047978943067,9.000047978943067,9.015711194201115,9.06438784987901,2.430135394788536,0.8993991114654204
299.83997866382185,9.00000947734236,9.00000947734236,8.998987563980918,9.042156464294376,1.930135394788536,0.612627593576255
300.0400053340445,9.000000592334189,9.000000592334189,8.994849909617983,9.02588597542292,2.430135394788536,0.9836300424594746
300.2400320042672,9.000021324006273,9.000021324006273,8.996409564056986,9.012466309140017,2.930135394788536,1.4836300424594746
300.44005867448993,9.000071672153943,9.000071672153943,9.011757085500074,8.998109681968671,3.430135394788536,1.1747101944704044
300.6400853447126,9.00015163628015,9.00015163628015,9.015543476427512,8.991624400960978,2.930135394788536,1.6747101944704044
300.8401120149353,9.000261215595469,9.000261215595469,9.017257798458932,8.978079206990735,3.005399910041211,1.1747101944704044
301.040138685158,9.00040040901811,9.00040040901811,9.027754541489868,8.969425588483357,3.505399910041211,1.6747101944704044
301.2401653553807,9.000569215173922,9.000569215173922,9.03552812912631,8.955434909669476,3.005399910041211,1.1747101944704044
301.4401920256034,9.00076763239641,9.00076763239641,9.030906849342593,8.948878096487944,2.505399910041211,1.6747101944704044
301.6402186958261,9.00099565872676,9.00099565872676,9.016023076275058,8.945930357338701,2.005399910041211,2.1747101944704044
301.8402453660488,9.001253291913839,9.001253291913839,9.009046962982959,8.949398721454838,2.505399910041211,2.6747101944704044
302.0402720362715,9.001540529414235,9.001540529414235,9.014344488266836,8.944272596611421,3.005399910041211,2.1747101944704044
302.2402987064942,9.001857368392272,9.001857368392272,9.026226839974516,8.936676500705147,3.3741434088922233,1.6747101944704044
302.4403253767169,9.002203805720047,9.002203805720047,9.025779124191999,8.936558349366916,2.8741434088922233,2.1747101944704044
302.6403520469396,9.002579837977446,9.002579837977446,9.04171113159582,8.937185140982947,3.3741434088922233,2.6747101944704044
302.84037871716225,9.002985461452196,9.002985461452196,9.047818722853576,8.943557923838732,3.224435708293796,2.698358975770012
303.04040538738496,9.003420672139889,9.003420672139889,9.059476964765281,8.942083574918161,3.30265702761282,2.198358975770012
303.2404320576077,9.003885465744027,9.003885465744027,9.079570207411468,8.942983126552056,3.80265702761282,2.698358975770012
303.4404587278304,9.004379837676058,9.004379837676058,9.090316858645975,8.941058453966416,3.30265702761282,2.198358975770012
303.64048539805304,9.004903783055429,9.004903783055429,9.088169837559338,8.944748817688836,2.80265702761282,2.698358975770012
303.84051206827576,9.005457296709636,9.005457296709636,9.078674250906413,8.950006935130196,2.3573110867240894,2.9507360891622687
304.04053873849847,9.006040373174262,9.006040373174262,9.069145616184949,8.956155242084403,2.1550356997737485,2.4507360891622687
304.2405654087211,9.006653006693043,9.006653006693043,9.062874275320162,8.963700003204536,2.290086118954546,2.9507360891622687
304.44059207894384,9.00729519121792,9.00729519121792,9.048293911931596,8.977793080332074,1.7900861189545458,3.4507360891622687
304.64061874916655,9.007966920409105,9.007966920409105,9.03833398833512,8.986267228072267,1.9336869348000634,2.9507360891622687
304.84064541938926,9.008668187635129,9.008668187635129,9.031428440865794,8.999353114573594,2.4336869348000634,3.4507360891622687
305.0406720896119,9.009398985972922,9.009398985972922,9.015499864855935,9.006780664772698,1.9336869348000634,2.9507360891622687
305.24069875983463,9.010159308207879,9.010159308207879,9.013332812297579,9.021244633068104,2.4336869348000634,3.4507360891622687
305.44072543005734,9.010949146833923,9.010949146833923,9.016110875934798,9.040521665741547,2.9336869348000634,3.9507360891622687
305.64075210028,9.011768494053584,9.011768494053584,9.030583452054463,9.052596413054664,3.4336869348000634,3.4507360891622687
305.8407787705027,9.012617341778082,9.012617341778082,9.038060519817826,9.062097469325519,2.9336869348000634,2.9507360891622687
306.0408054407254,9.013495681627399,9.013495681627399,9.034719607200866,9.064927246613705,2.4336869348000634,2.4507360891622687
306.24083211094813,9.01440350493036,9.01440350493036,9.040763933093201,9.058873915865286,2.9336869348000634,1.9507360891622687
306.4408587811708,9.015340802724726,9.015340802724726,9.035845543834052,9.048217045458552,2.4336869348000634,1.616076225308238
306.6408854513935,9.016307565757282,9.016307565757282,9.044353926653145,9.03980966680996,2.9336869348000634,1.8290534174782105
306.8409121216162,9.017303784483921,9.017303784483921,9.054954575537453,9.040984173336359,3.4336869348000634,2.3290534174782103
307.0409387918389,9.018329449069741,9.018329449069741,9.062551401581462,9.032344041843796,3.1613812944060715,1.8290534174782103
307.2409654620616,9.01938454938915,9.01938454938915,9.059501009120028,9.015713497040238,2.688512580148886,1.3290534174782103
307.4409921322843,9.020469075025954,9.020469075025954,9.06266900215046,9.009507480774808,2.84224805399293,1.8290534174782103
307.641018802507,9.021583015273471,9.021583015273471,9.075960827133366,9.00578581151293,3.34224805399293,2.3290534174782103
307.84104547272966,9.022726359134625,9.022726359134625,9.076691832792706,9.009168741412699,2.84224805399293,2.8290534174782103
308.0410721429524,9.023899095322065,9.023899095322065,9.084062652719192,9.00722183194957,3.34224805399293,2.3290534174782103
308.2410988131751,9.02510121225827,9.02510121225827,9.095124306908216,9.013573507209617,3.2307793680127594,2.8290534174782103
308.4411254833978,9.02633269807567,9.02633269807567,9.098136687458659,9.025174073261962,2.7307793680127594,3.3290534174782103
308.64115215362045,9.027593540616753,9.027593540616753,9.100848306847825,9.033842219913367,3.0930113902109064,3.1275471273591187
308.84117882384317,9.028883727434192,9.028883727434192,9.09608904074096,9.048684682954386,2.5930113902109064,3.6275471273591187
309.0412054940659,9.030203245790968,9.030203245790968,9.099977671391615,9.060054606970253,3.0930113902109064,3.1275471273591187
309.24123216428853,9.031552082660497,9.031552082660497,9.115136938197018,9.061742127264406,3.174200063719086,2.6275471273591187
309.44125883451125,9.032930224726751,9.032930224726751,9.11285014887706,9.058268522519187,2.674200063719086,2.1275471273591187
309.64128550473396,9.034337658384395,9.034337658384395,9.106047911747188,9.0605359285405,2.174200063719086,2.6275471273591187
309.84131217495667,9.035774369738924,9.035774369738924,9.08948324875542,9.058659132289677,1.674200063719086,2.1275471273591187
310.0413388451793,9.037240344606795,9.037240344606795,9.072137405843701,9.062739100208306,1.641371917688306,2.6275471273591187
310.24136551540204,9.038735568515568,9.038735568515568,9.066280509216057,9.058457723908033,2.141371917688306,2.1275471273591187
310.44139218562475,9.04026002670405,9.04026002670405,9.068859990903274,9.047210346002618,2.641371917688306,1.6275471273591187
310.6414188558474,9.041813704122443,9.041813704122443,9.059047858509825,9.030320728788046,2.141371917688306,1.1275471273591187
310.8414455260701,9.043396585432486,9.043396585432486,9.057111803652356,9.022551415979349,2.641371917688306,1.6275471273591187
311.04147219629283,9.045008655007614,9.045008655007614,9.064370391152675,9.018649295193628,3.141371917688306,2.1275471273591187
311.24149886651554,9.046649896933108,9.046649896933108,9.078567059105149,9.021710864367135,3.641371917688306,2.6275471273591187
311.4415255367382,9.04832029500625,9.04832029500625,9.091010117939305,9.033299426014212,3.225482655204045,3.1275471273591187
311.6415522069609,9.05001983273649,9.05001983273649,9.087115643323214,9.04729070252958,2.725482655204045,3.6275471273591187
311.8415788771836,9.051748493345602,9.051748493345602,9.090241360373621,9.057059743494591,2.7814448361430353,3.1275471273591187
312.04160554740633,9.053506259767858,9.053506259767858,9.099969572754915,9.061749944104623,3.2814448361430353,2.8939247395419305
312.241632217629,9.055293114650176,9.055293114650176,9.104539158852456,9.064039955790136,2.7814448361430353,2.3939247395419305
312.4416588878517,9.057109040352325,9.057109040352325,9.097113913206364,9.064204053717813,2.2814448361430353,2.4811253231873103
312.6416855580744,9.058954018947066,9.058954018947066,9.099429741135689,9.057867795307025,2.7814448361430353,1.9811253231873103
312.84171222829707,9.060828032220352,9.060828032220352,9.110306230586378,9.061473199694005,3.2546679031192447,2.4811253231873103
313.0417388985198,9.062731061671492,9.062731061671492,9.111483552567561,9.055089369183563,2.8722652082197433,1.9811253231873103
313.2417655687425,9.064663088513345,9.064663088513345,9.104724949463428,9.056826816311633,2.3722652082197433,2.4811253231873103
313.4417922389652,9.066624093672502,9.066624093672502,9.10930246569185,9.055866519887049,2.8722652082197433,2.5392823327769127
313.64181890918786,9.068614057789471,9.068614057789471,9.097576676087373,9.062717908412871,2.3722652082197433,3.0392823327769127
313.8418455794106,9.07063296121887,9.07063296121887,9.094033718814194,9.078250290378936,2.5192654278491595,3.5392823327769127
314.0418722496333,9.072680784029622,9.072680784029622,9.097220602654055,9.087225620099767,3.0192654278491595,3.0392823327769127
314.24189891985594,9.074757506005152,9.074757506005152,9.10406444745674,9.090655902538016,3.0366492719801363,2.5392823327769127
314.44192559007865,9.076863106643588,9.076863106643588,9.105900737715006,9.096919279414994,2.8405428381184454,3.0392823327769127
314.64195226030137,9.078997565157957,9.078997565157957,9.103412666411447,9.110240097462768,2.5387208750413506,3.3106287800323266
314.8419789305241,9.081160860476398,9.081160860476398,9.108410567898193,9.1139378728734,3.0387208750413506,2.8106287800323266
315.04200560074673,9.083352971242363,9.083352971242363,9.10550336133136,9.1255226828741,2.5387208750413506,3.3106287800323266
315.24203227096945,9.085573875814834,9.085573875814834,9.113416445685818,9.142103355692079,3.0387208750413506,3.8106287800323266
315.44205894119216,9.087823552268533,9.087823552268533,9.114157230617197,9.16432946374822,2.698424050813922,4.271599995431093
315.6420856114148,9.09010197839414,9.09010197839414,9.121541619924955,9.182737693724846,3.100700205324879,3.7715999954310933
315.8421122816375,9.09240913169851,9.09240913169851,9.125745461578132,9.196115826354664,3.0602453156831024,3.4857510962061093
316.04213895186024,9.094744989404902,9.094744989404902,9.143579104812398,9.19999680291806,3.5602453156831024,2.9857510962061093
316.24216562208295,9.097109528453188,9.097109528453188,9.150831539631263,9.209586893236667,3.0602453156831024,3.2393930682075043
316.4421922923056,9.099502725500102,9.099502725500102,9.156392621103546,9.214405975609395,3.0696103323959227,2.7393930682075043
316.6422189625283,9.101924556919453,9.101924556919453,9.166913868411369,9.22438074181496,3.1800580810043177,3.2393930682075043
316.84224563275103,9.10437499880237,9.10437499880237,9.179875766557831,9.230300803529152,3.4397824273385633,2.7393930682075043
317.04227230297374,9.106854026957532,9.106854026957532,9.186782447218981,9.226987107161944,2.9397824273385633,2.2393930682075043
317.2422989731964,9.109361616911398,9.109361616911398,9.184212191905097,9.219675866240397,2.4397824273385633,1.7393930682075043
317.4423256434191,9.111897743908477,9.111897743908477,9.176989201662712,9.207878050562579,2.1328733845188057,1.5243151274931943
317.6423523136418,9.114462382911535,9.114462382911535,9.183456872155253,9.191273691574697,2.6328733845188057,1.1811832766935746
317.8423789838645,9.117055508601872,9.117055508601872,9.177205812003855,9.170529732990369,2.1328733845188057,0.6811832766935746
318.0424056540872,9.11967709537956,9.11967709537956,9.168141278275684,9.15528506399675,2.201755806664356,1.1811832766935746
318.2424323243099,9.122327117363692,9.122327117363692,9.165769782801497,9.146059859722996,2.701755806664356,1.6811832766935746
318.4424589945326,9.125005548392647,9.125005548392647,9.178260163381376,9.140969189226274,3.201755806664356,2.1811832766935746
318.64248566475527,9.12771236202434,9.12771236202434,9.179402247283008,9.133309060763144,2.701755806664356,1.9709267668997477
318.842512334978,9.130447531536488,9.130447531536488,9.185501167762233,9.131125253770202,3.201755806664356,2.4709267668997477
319.0425390052007,9.133211029926873,9.133211029926873,9.196212146226525,9.134937659411653,3.394449623610797,2.9709267668997477
319.24256567542335,9.136002829913604,9.136002829913604,9.197003664941825,9.134975258630512,2.894449623610797,2.4709267668997477
319.44259234564606,9.138822903935397,9.138822903935397,9.21388520858469,9.140385010324522,3.394449623610797,2.9709267668997477
319.6426190158688,9.141671224151835,9.141671224151835,9.214875796875512,9.1525602282513,2.894449623610797,3.4709267668997477
319.8426456860915,9.144547762443647,9.144547762443647,9.210021772908513,9.173074204324708,2.394449623610797,3.9571031374467065
320.04267235631414,9.147452490412991,9.147452490412991,9.20414935352137,9.193894309170764,2.102699381385631,4.171912413952601
320.24269902653685,9.15038537938373,9.15038537938373,9.20626522589254,9.210592671471568,2.602699381385631,3.8662810376854853
320.44272569675957,9.153346400401713,9.153346400401713,9.200690945125896,9.220455618977017,2.102699381385631,3.3662810376854853
320.6427523669823,9.156335524235057,9.156335524235057,9.197601362206544,9.225322668552872,2.602699381385631,2.8662810376854853
320.84277903720493,9.159352721374455,9.159352721374455,9.202882372512095,9.232436763791148,3.102699381385631,3.109748785458313
321.04280570742765,9.162397962033445,9.162397962033445,9.215148875229032,9.232014599962895,3.602699381385631,2.609748785458313
321.24283237765036,9.165471216148715,9.165471216148715,9.22380017050151,9.23644408336188,3.102699381385631,2.857469634903514
321.442859047873,9.168572453380394,9.168572453380394,9.2276781138411,9.24501907056652,2.75619089468313,3.357469634903514
321.6428857180957,9.171701643112364,9.171701643112364,9.238340677549735,9.24931692369064,3.25619089468313,2.857469634903514
321.84291238831844,9.174858754452545,9.174858754452545,9.235396354049936,9.260979150149383,2.75619089468313,3.357469634903514
322.04293905854115,9.178043756233215,9.178043756233215,9.241959350106582,9.264980491966039,3.25619089468313,2.857469634903514
322.2429657287638,9.181256617011304,9.181256617011304,9.243421749098035,9.277374967471395,2.75619089468313,3.357469634903514
322.4429923989865,9.184497305068716,9.184497305068716,9.238884296058332,9.284696484393342,2.25619089468313,2.857469634903514
322.64301906920923,9.18776578841264,9.18776578841264,9.242677814154874,9.284290177114586,2.75619089468313,2.357469634903514
322.8430457394319,9.191062034775857,9.191062034775857,9.241939308923328,9.279609257392398,2.490780559865173,2.282920770634261
323.0430724096546,9.194386011617077,9.194386011617077,9.251776979203111,9.283107407958758,2.990780559865173,2.782920770634261
323.2430990798773,9.197737686121231,9.197737686121231,9.266500550732509,9.28084457291016,3.490780559865173,2.282920770634261
323.4431257501,9.201117025199828,9.201117025199828,9.273269814092721,9.287095526782233,2.990780559865173,2.782920770634261
323.6431524203227,9.204523995491257,9.204523995491257,9.272910844832673,9.295142524454832,2.490780559865173,2.9564628594697284
323.8431790905454,9.207958563361128,9.207958563361128,9.263639354021313,9.30043019386035,1.9907805598651729,2.6356141239040363
324.0432057607681,9.211420694902603,9.211420694902603,9.2507123453187,9.298241836294263,1.8599036497957124,2.2333116604075656
324.24323243099076,9.214910355936727,9.214910355936727,9.244602739377637,9.289206413737041,2.3599036497957124,1.7333116604075656
324.44325910121347,9.218427512012767,9.218427512012767,9.239699640713274,9.271810144384487,2.247199813093264,1.2333116604075656
324.6432857714362,9.221972128408556,9.221972128408556,9.2462134976388,9.262081618535198,2.7464070701130145,1.7333116604075656
324.8433124416589,9.225544170130831,9.225544170130831,9.250088171396035,9.258607750249338,3.2464070701130145,2.2333116604075656
325.04333911188155,9.229143601915574,9.229143601915574,9.269091116486518,9.257021153486836,3.4286394086046803,2.320250181806717
325.24336578210426,9.232770388228376,9.232770388228376,9.288151180494546,9.260898994379353,3.9286394086046803,2.820250181806717
325.443392452327,9.236424493264773,9.236424493264773,9.307080249785143,9.26066113142779,3.4286394086046803,2.4636520030886175
325.6434191225497,9.240105880950601,9.240105880950601,9.314101576066573,9.267030678211956,2.9286394086046803,2.932474605039377
325.84344579277234,9.243814514942361,9.243814514942361,9.32841231914924,9.2798815054085,3.4286394086046803,3.432474605039377
326.04347246299506,9.24755035862757,9.24755035862757,9.348022683826269,9.298688357669091,3.784331364640927,3.9117632955836097
326.24349913321777,9.251313375125125,9.251313375125125,9.370700036749934,9.31045568279718,4.284331364640927,3.4117632955836097
326.4435258034404,9.255103527285668,9.255103527285668,9.390594154705983,9.314426685784982,3.784331364640927,2.9117632955836097
326.64355247366314,9.258920777691948,9.258920777691948,9.40155168895804,9.312283368341978,3.284331364640927,2.4117632955836097
326.84357914388585,9.262765088659194,9.262765088659194,9.403217287563038,9.31889769948079,2.784331364640927,2.9117632955836097
327.04360581410856,9.266636422235493,9.266636422235493,9.392749576851955,9.317667203092942,2.284331364640927,2.4117632955836097
327.2436324843312,9.270534740202152,9.270534740202152,9.378467026385724,9.309041378919284,1.7843313646409271,1.9117632955836097
327.4436591545539,9.274460004074086,9.274460004074086,9.369708069452471,9.311969829893552,2.01239763654517,2.4117632955836097
327.64368582477664,9.278412175100192,9.278412175100192,9.351945632169567,9.312083304883188,1.51239763654517,2.4029389321232966
327.8437124949993,9.282391214263733,9.282391214263733,9.338033108717099,9.316216479619008,2.01239763654517,2.9029389321232966
328.043739165222,9.286397082282724,9.286397082282724,9.332861913615469,9.318798946106122,2.51239763654517,2.4029389321232966
328.2437658354447,9.290429739610321,9.290429739610321,9.339975819824517,9.325109834462232,3.01239763654517,2.9029389321232966
328.44379250566743,9.294489146435208,9.294489146435208,9.349832976303153,9.332466124713882,3.2358950744250725,3.0705037703955984
328.6438191758901,9.298575262681991,9.298575262681991,9.349942040506182,9.344177586732288,2.7358950744250725,3.349629302145111
328.8438458461128,9.3026880480116,9.3026880480116,9.36310138809955,9.360783112396133,3.2358950744250725,3.849629302145111
329.0438725163355,9.306827461821674,9.306827461821674,9.365940781484186,9.385043489680982,2.7358950744250725,4.349629302145111
329.24389918655817,9.310993463246973,9.310993463246973,9.357734865905027,9.401371313938116,2.2358950744250725,3.849629302145111
329.4439258567809,9.315186011159785,9.315186011159785,9.359759010044906,9.417702915237166,2.7358950744250725,3.7003307230877014
329.6439525270036,9.319405064170308,9.319405064170308,9.364886933054237,9.4344138575288,3.0757356167688954,3.7198320607949396
329.8439791972263,9.323650580627092,9.323650580627092,9.366491180672096,9.444447790888658,2.5757356167688954,3.2198320607949396
330.04400586744896,9.327922518617424,9.327922518617424,9.373758722275905,9.445551652176668,3.0757356167688954,2.7198320607949396
330.24403253767167,9.332220835967757,9.332220835967757,9.389747874067181,9.44305474611277,3.5757356167688954,2.2198320607949396
330.4440592078944,9.336545490244122,9.336545490244122,9.396381584876801,9.436932555496746,3.0757356167688954,1.7198320607949396
330.6440858781171,9.340896438752539,9.340896438752539,9.399136089929621,9.433833274485112,2.71001518944012,2.2198320607949396
330.84411254833975,9.34527363853945,9.34527363853945,9.400381506363242,9.435282161576195,2.502129945296207,2.6658055942809598
331.04413921856246,9.349677046392138,9.349677046392138,9.39588325954944,9.444651797332579,2.002129945296207,3.1658055942809598
331.2441658887852,9.354106618839156,9.354106618839156,9.37764025448363,9.461385072421773,1.5021299452962071,3.6658055942809598
331.44419255900783,9.358562312150745,9.358562312150745,9.362673030717819,9.469808946577468,1.7398327501558217,3.1658055942809598
331.64421922923054,9.36304408233929,9.36304408233929,9.354494796075306,9.471997172579531,2.2398327501558217,2.6658055942809598
331.84424589945326,9.367551885159726,9.367551885159726,9.355206788681373,9.466406926607966,2.7398327501558217,2.1658055942809598
332.04427256967597,9.372085676109993,9.372085676109993,9.36871420574129,9.466278309311228,3.2398327501558217,2.6658055942809598
332.2442992398986,9.376645410431468,9.376645410431468,9.374971709694885,9.477716818107684,3.0027321257255215,3.1658055942809598
332.44432591012134,9.381231043109418,9.381231043109418,9.394610825414478,9.48016736983422,3.5027321257255215,2.6658055942809598
332.64435258034405,9.385842528873422,9.385842528873422,9.419424293260912,9.484830244754468,4.0027321257255215,2.756892574016439
332.8443792505667,9.390479822197836,9.390479822197836,9.452761658433822,9.487257435073834,4.434098061892346,2.632442497140572
333.0444059207894,9.395142877302247,9.395142877302247,9.47144899920208,9.481400480527835,3.934098061892346,2.132442497140572
333.2444325910121,9.399831648151904,9.399831648151904,9.482854792005568,9.477510747543587,3.434098061892346,2.2425235044097835
333.44445926123484,9.40454608845819,9.40454608845819,9.489557014641695,9.481332276339707,3.163763025456682,2.7425235044097835
333.6444859314575,9.409286151679071,9.409286151679071,9.507409325778797,9.491946911825734,3.663763025456682,3.2425235044097835
333.8445126016802,9.414051791019562,9.414051791019562,9.533528537055297,9.494651134814326,4.1637630254566815,2.7425235044097835
334.0445392719029,9.418842959432176,9.418842959432176,9.547911757435887,9.504516612986606,3.6637630254566815,3.2425235044097835
334.2445659421256,9.423659609617408,9.423659609617408,9.55741115078725,9.512138166259636,3.1637630254566815,3.002989856198853
334.4445926123483,9.428501694024183,9.428501694024183,9.555752333140623,9.525076128891998,2.6637630254566815,3.502989856198853
334.644619282571,9.433369164850337,9.433369164850337,9.545072897825644,9.53201266565207,2.1637630254566815,3.002989856198853
334.8446459527937,9.438261974043087,9.438261974043087,9.534448656334956,9.537597433835327,1.9215458106715881,2.75177865853008
335.04467262301637,9.443180073299494,9.443180073299494,9.520105933594506,9.543204204832724,1.7920549352876578,2.784017972089086
335.2446992932391,9.448123414066968,9.448123414066968,9.51164013717253,9.539682149009806,2.292054935287658,2.284017972089086
335.4447259634618,9.453091947543713,9.453091947543713,9.495495912883198,9.535500075969281,1.944427468014036,2.0996784226914427
335.6447526336845,9.458085624679232,9.458085624679232,9.494040630768747,9.52459914574576,2.444427468014036,1.5996784226914427
335.84477930390716,9.463104396174796,9.463104396174796,9.502883568294184,9.522313255446033,2.944427468014036,2.0996784226914427
336.0448059741299,9.468148212483952,9.468148212483952,9.517389672314085,9.523325414197615,3.444427468014036,2.5996784226914427
336.2448326443526,9.473217023812989,9.473217023812989,9.520733940903453,9.518266776028279,2.944427468014036,2.148225305301138
336.44485931457524,9.478310780121443,9.478310780121443,9.515892513336363,9.518840618982946,2.7183657242623047,2.2744562031313333
336.64488598479795,9.483429431122588,9.483429431122588,9.528276211114807,9.524156348096657,3.2183657242623047,2.7744562031313333
336.84491265502066,9.488572926283931,9.488572926283931,9.547141942633319,9.535811813959915,3.7183657242623047,3.2744562031313333
337.0449393252434,9.493741214827708,9.493741214827708,9.576199764131458,9.540788087466805,4.218365724262305,2.7744562031313333
337.24496599546603,9.498934245731393,9.498934245731393,9.593913580209785,9.55338170351161,3.7183657242623047,3.2744562031313333
337.44499266568874,9.5041519677282,9.5041519677282,9.618429679438329,9.564888908555846,4.218365724262305,3.1663773955513337
337.64501933591146,9.509394329307582,9.509394329307582,9.629361616894084,9.57731925521416,3.7183657242623047,3.32517809793122
337.8450460061341,9.514661278715748,9.514661278715748,9.6565988101195,9.587676621538828,4.218365724262305,3.2740867044254647
338.0450726763568,9.519952763956168,9.519952763956168,9.671338312299763,9.607502630782564,3.7183657242623047,3.7740867044254647
338.24509934657954,9.52526873279009,9.52526873279009,9.683057312529117,9.625528782305658,3.2183657242623047,3.8387577583791765
338.44512601680225,9.530609132737055,9.530609132737055,9.68808865622192,9.646903435739986,2.7183657242623047,4.1428829379130585
338.6451526870249,9.535973911075411,9.535973911075411,9.697656598261952,9.658873811810667,3.2183657242623047,3.6428829379130585
338.8451793572476,9.54136301484284,9.54136301484284,9.703115278520645,9.66979003321159,2.7183657242623047,3.1428829379130585
339.04520602747033,9.546776390836879,9.546776390836879,9.696248843553317,9.673659709485234,2.2183657242623047,2.6428829379130585
339.245232697693,9.552213985615438,9.552213985615438,9.696989382083332,9.682700772266323,2.7183657242623047,3.1428829379130585
339.4452593679157,9.557675745497342,9.557675745497342,9.69168637742889,9.68445728563686,2.2183657242623047,2.6428829379130585
339.6452860381384,9.563161616562848,9.563161616562848,9.672211290192097,9.693503010534771,1.7183657242623047,3.1428829379130585
339.8453127083611,9.56867154465418,9.56867154465418,9.64722645098477,9.69284537714027,1.2183657242623047,2.6428829379130585
340.0453393785838,9.574205475376068,9.574205475376068,9.632819451043325,9.690373579389613,1.7183657242623047,2.1428829379130585
340.2453660488065,9.579763354096283,9.579763354096283,9.62457964794717,9.693010728664154,2.2183657242623047,2.6428829379130585
340.4453927190292,9.585345125946176,9.585345125946176,9.628135540350076,9.689006461627917,2.7183657242623047,2.1428829379130585
340.6454193892519,9.590950735821218,9.590950735821218,9.63694613246905,9.68461790302634,3.2183657242623047,2.053583231951195
340.84544605947457,9.596580128381547,9.596580128381547,9.640390824511693,9.68599019876019,2.7183657242623047,2.553583231951195
341.0454727296973,9.60223324805251,9.60223324805251,9.651883898234974,9.695309149004144,3.2183657242623047,3.0288921422111343
341.24549939992,9.607910039025219,9.607910039025219,9.653531466130111,9.694007965795995,2.7183657242623047,2.5288921422111343
341.44552607014265,9.613610445257095,9.613610445257095,9.647779070122937,9.701951373069345,2.2183657242623047,3.0288921422111343
341.64555274036536,9.619334410472423,9.619334410472423,9.651503490045199,9.702139878217762,2.7183657242623047,2.5618867014509865
341.8455794105881,9.62508187816291,9.62508187816291,9.649517394191294,9.710114976256492,2.2183657242623047,3.0618867014509865
342.0456060808108,9.63085279158824,9.63085279158824,9.64846981782947,9.720187200463606,2.7183657242623047,3.5618867014509865
342.24563275103344,9.636647093776634,9.636647093776634,9.644859140098315,9.74177197028063,2.2183657242623047,4.0618867014509865
342.44565942125615,9.64246472752542,9.64246472752542,9.642907652639593,9.753290593945133,2.7183657242623047,3.5618867014509865
342.64568609147886,9.648305635401586,9.648305635401586,9.65218189509547,9.761105036008578,3.2183657242623047,3.0618867014509865
342.8457127617015,9.654169759742352,9.654169759742352,9.64867706928017,9.770512805442563,2.7183657242623047,3.112736587620236
343.04573943192423,9.66005704265574,9.66005704265574,9.656150176771275,9.77375069646489,3.2183657242623047,2.612736587620236
343.24576610214694,9.665967426021151,9.665967426021151,9.672165526641024,9.766953893444837,3.7183657242623047,2.112736587620236
343.44579277236966,9.671900851489927,9.671900851489927,9.694532672827707,9.755647230102152,3.960211537445082,1.6179771659460305
343.6458194425923,9.67785726048593,9.67785726048593,9.710383737711284,9.750989589214194,3.460211537445082,1.955697427579456
343.845846112815,9.683836594206134,9.683836594206134,9.724039664211421,9.752648587071766,3.293114578019677,2.455697427579456
344.04587278303774,9.689838793621188,9.689838793621188,9.743224519788576,9.756668255468577,3.793114578019677,2.955697427579456
344.2458994532604,9.695863799476005,9.695863799476005,9.756035199927256,9.755842581396651,3.293114578019677,2.455697427579456
344.4459261234831,9.701911552290353,9.701911552290353,9.754721054362086,9.757209547156544,2.793114578019677,2.690937272882419
344.6459527937058,9.707981992359429,9.707981992359429,9.767495195792886,9.753508029086527,3.293114578019677,2.190937272882419
344.84597946392853,9.71407505975446,9.71407505975446,9.786068505200166,9.757354107794846,3.793114578019677,2.690937272882419
345.0460061341512,9.720190694323293,9.720190694323293,9.793985470649353,9.759668792214313,3.293114578019677,2.2645251858229654
345.2460328043739,9.726328835690987,9.726328835690987,9.802455710441512,9.763410443268576,3.4937820878759815,2.7645251858229654
345.4460594745966,9.732489423260404,9.732489423260404,9.811284522841424,9.773280942369688,3.245764365337335,3.2645251858229654
345.6460861448193,9.738672396212813,9.738672396212813,9.810010211749951,9.788498182859684,2.745764365337335,3.6273729995682507
345.846112815042,9.744877693508496,9.744877693508496,9.822419877211543,9.811367517218878,3.245764365337335,4.127372999568251
346.0461394852647,9.751105253887333,9.751105253887333,9.845301321223674,9.830552169537658,3.745764365337335,4.055549365419896
346.2461661554874,9.757355015869427,9.757355015869427,9.852803420418871,9.840976822792864,3.245764365337335,3.555549365419896
346.44619282571006,9.763626917755698,9.763626917755698,9.852367121895886,9.848812109567248,2.745764365337335,3.055549365419896
346.64621949593277,9.769920897628497,9.769920897628497,9.863792496741402,9.85952561948736,3.1613366796496303,3.555549365419896
346.8462461661555,9.776236893352213,9.776236893352213,9.878849035496595,9.879937393888847,3.6613366796496303,4.055549365419896
347.0462728363782,9.782574842573895,9.782574842573895,9.886015649486984,9.905131980606106,3.1613366796496303,4.555549365419896
347.24629950660085,9.788934682723855,9.788934682723855,9.891414825786134,9.92437980892825,3.0674617041251246,4.055549365419896
347.44632617682356,9.7953163510163,9.7953163510163,9.88781888542155,9.93821631310701,2.5674617041251246,3.555549365419896
347.6463528470463,9.80171978444994,9.80171978444994,9.883892110404226,9.946219414122549,2.557142794663577,3.055549365419896
347.84637951726893,9.808144919808614,9.808144919808614,9.872408723320872,9.959253204008192,2.057142794663577,3.555549365419896
348.04640618749164,9.814591693661917,9.814591693661917,9.868688328285673,9.966330846521565,2.557142794663577,3.055549365419896
348.24643285771435,9.821060042365826,9.821060042365826,9.861347404664091,9.96717972682418,2.057142794663577,2.7499864405680996
348.44645952793707,9.82754990206332,9.82754990206332,9.862726081972903,9.964600888228711,2.557142794663577,2.2499864405680996
348.6464861981597,9.83406120868502,9.83406120868502,9.869299936899907,9.953850446013993,2.88632143792164,1.7731663456801594
348.84651286838243,9.84059389794982,9.84059389794982,9.887266165166022,9.940378968164861,3.38632143792164,1.4805747988825186
349.04653953860515,9.847147905365517,9.847147905365517,9.890671361657597,9.921229444031107,2.88632143792164,0.9805747988825186
349.2465662088278,9.853723166229447,9.853723166229447,9.898864726235065,9.90815307387526,3.38632143792164,1.4805747988825186
349.4465928790505,9.860319615629136,9.860319615629136,9.920548441785611,9.905075225108195,3.88632143792164,1.9805747988825186
349.6466195492732,9.866937188442925,9.866937188442925,9.929160527085365,9.90584074097009,3.38632143792164,2.4805747988825186
349.84664621949594,9.873575819340623,9.873575819340623,9.933218507185732,9.91175657978633,2.88632143792164,2.9805747988825186
350.0466728897186,9.880235442784144,9.880235442784144,9.948855393632,9.923309667186693,3.38632143792164,3.257370177529491
350.2466995599413,9.886915993028168,9.886915993028168,9.97001853836701,9.936011739140552,3.88632143792164,3.4841578581330412
350.446726230164,9.89361740412077,9.89361740412077,10.002074170228603,9.942336092433909,4.38632143792164,2.9841578581330412
350.64675290038673,9.900339609904089,9.900339609904089,10.021170431145576,9.952409256702316,3.88632143792164,3.4841578581330412
350.8467795706094,9.90708254401497,9.90708254401497,10.03375837907687,9.972657727781142,3.38632143792164,3.9841578581330412
351.0468062408321,9.91384613988563,9.91384613988563,10.035857293403803,9.99544621503444,2.88632143792164,4.331446513061044
351.2468329110548,9.9206303307443,9.9206303307443,10.04550640311396,10.013214919957589,3.0076797134702584,3.831446513061044
351.44685958127747,9.927435049615896,9.927435049615896,10.046476932716658,10.023755348687553,2.5076797134702584,3.331446513061044
351.6468862515002,9.93426022932268,9.93426022932268,10.051757476777935,10.041430528425089,3.0076797134702584,3.831446513061044
351.8469129217229,9.941105802484918,9.941105802484918,10.063287705471168,10.067673432996521,3.319533355528733,4.331446513061044
352.0469395919456,9.947971701521542,9.947971701521542,10.062461822957534,10.083739742921086,2.819533355528733,3.831446513061044
352.24696626216826,9.954857858650826,9.954857858650826,10.05895965316447,10.092839128436745,2.319533355528733,3.331446513061044
352.44699293239097,9.961764205891054,9.961764205891054,10.064224700817533,10.095769853233115,2.819533355528733,2.831446513061044
352.6470196026137,9.96869067506119,9.96869067506119,10.07042692848469,10.106148066215264,3.1941818744503214,3.331446513061044
352.84704627283634,9.975637197781538,9.975637197781538,10.08913684495052,10.125636847156008,3.6941818744503214,3.831446513061044
353.04707294305905,9.982603705474446,9.982603705474446,10.09749535511261,10.135788819989905,3.1941818744503214,3.331446513061044
353.24709961328176,9.989590129364952,9.989590129364952,10.097603926146796,10.140673524999041,2.6941818744503214,2.888455230315039
353.4471262835045,9.996596400481483,9.996596400481483,10.095752828351378,10.150472046986822,2.546256994418719,3.388455230315039
353.64715295372713,10.003622449656524,10.003622449656524,10.082209577564711,10.156865823857292,2.046256994418719,2.888455230315039
353.84717962394984,10.010668207527317,10.010668207527317,10.080061108131185,10.155937490170569,2.546256994418719,2.388455230315039
354.04720629417255,10.017733604536526,10.017733604536526,10.089841402471064,10.15994005519894,3.0413575730743676,2.888455230315039
354.24723296439527,10.024818570932936,10.024818570932936,10.099914439863237,10.173539770320167,3.4304734234257617,3.388455230315039
354.4472596346179,10.031923036772135,10.031923036772135,10.123617436237652,10.178792348690244,3.9304734234257617,2.888455230315039
354.64728630484063,10.039046931917218,10.039046931917218,10.13761432489927,10.189468757873188,3.4304734234257617,3.388455230315039
354.84731297506335,10.046190186039462,10.046190186039462,10.155578764985858,10.19065283181164,3.68352237824337,2.888455230315039
355.047339645286,10.053352728619021,10.053352728619021,10.162922785673622,10.189380639003906,3.18352237824337,2.388455230315039
355.2473663155087,10.060534488945645,10.060534488945645,10.167777710295383,10.194397504995615,2.68352237824337,2.888455230315039
355.4473929857314,10.067735396119351,10.067735396119351,10.177591024155879,10.193617909409044,3.18352237824337,2.3990219908325012
355.64741965595414,10.074955379051136,10.074955379051136,10.188874531270052,10.185907653487208,3.4841112573475135,1.8990219908325012
355.8474463261768,10.082194366463675,10.082194366463675,10.207951829133458,10.180667858452255,3.489422490582605,2.3990219908325012
356.0474729963995,10.089452286892032,10.089452286892032,10.226192193452349,10.17207871678761,3.989422490582605,2.093639504334799
356.2474996666222,10.096729068684358,10.096729068684358,10.244034816328881,10.16166738147687,3.902497045934365,1.7420047509647705
356.4475263368449,10.104024640002594,10.104024640002594,10.25545251511843,10.160124233758113,3.402497045934365,2.2420047509647705
356.6475530070676,10.111338928823194,10.111338928823194,10.2596279207719,10.161584268685262,2.902497045934365,2.7420047509647705
356.8475796772903,10.118671862937827,10.118671862937827,10.271986331198944,10.169038296433678,3.402497045934365,3.2420047509647705
357.047606347513,10.12602336995409,10.12602336995409,10.27465494165231,10.184339549360033,2.902497045934365,3.7420047509647705
357.24763301773567,10.133393377296223,10.133393377296223,10.276586201885937,10.192597127430131,2.402497045934365,3.2420047509647705
357.4476596879584,10.140781812205828,10.140781812205828,10.269609127316937,10.196603455690635,1.902497045934365,2.7420047509647705
357.6476863581811,10.148188601742588,10.148188601742588,10.26400977106329,10.206797322019634,2.402497045934365,3.2420047509647705
357.84771302840375,10.155613672784982,10.155613672784982,10.261778332082658,10.215277072923772,2.480636727629785,3.5229706074305494
358.04773969862646,10.16305695203101,10.16305695203101,10.26568263106431,10.221432036352233,2.8258228417189226,3.0229706074305494
358.24776636884917,10.170518365998916,10.170518365998916,10.258528168849814,10.232869352582108,2.3258228417189226,3.5229706074305494
358.4477930390719,10.177997841027915,10.177997841027915,10.262399220137896,10.237499215682133,2.8258228417189226,3.0229706074305494
358.64781970929454,10.18549530327892,10.18549530327892,10.275376221032076,10.24326143724918,3.3258228417189226,3.1983583008601872
358.84784637951725,10.19301067873527,10.19301067873527,10.288994031809661,10.257745598123773,3.480038660636179,3.6983583008601872
359.04787304973996,10.200543893203458,10.200543893203458,10.309362217913254,10.265011333720354,3.980038660636179,3.1983583008601872
359.2478997199627,10.208094872313872,10.208094872313872,10.33933463206777,10.277112772807198,4.480038660636179,3.4260407781529496
359.44792639018533,10.21566354152151,10.21566354152151,10.358633058394751,10.294108006101668,3.980038660636179,3.9260407781529496
359.64795306040804,10.223249826106748,10.223249826106748,10.375638153738949,10.307175401093813,3.480038660636179,3.4260407781529496
359.84797973063075,10.230853651176044,10.230853651176044,10.384318513749516,10.313932904198452,2.980038660636179,2.9260407781529496
360.0480064008534,10.2384749416627,10.2384749416627,10.383100989022273,10.323195208974331,2.480038660636179,3.4260407781529496
360.2480330710761,10.246113622327593,10.246113622327593,10.387166698307608,10.328404948067309,2.980038660636179,2.9260407781529496
360.44805974129883,10.253769617759923,10.253769617759923,10.387319242293538,10.339789997945385,2.480038660636179,3.4260407781529496
360.64808641152155,10.26144285237795,10.26144285237795,10.369975382201066,10.344367178067554,1.980038660636179,2.9260407781529496
360.8481130817442,10.269133250429746,10.269133250429746,10.349128385037929,10.3509831226377,1.480038660636179,3.3439188182080226
361.0481397519669,10.276840735993943,10.276840735993943,10.341121825170111,10.35854521442251,1.980038660636179,2.8439188182080226
361.2481664221896,10.284565232980482,10.284565232980482,10.339889496383366,10.369551437463754,2.480038660636179,3.3439188182080226
361.4481930924123,10.29230666513136,10.29230666513136,10.340715246303775,10.379488386360887,2.980038660636179,3.8439188182080226
361.648219762635,10.30006495602139,10.30006495602139,10.356643656547416,10.388749870169763,3.480038660636179,3.3439188182080226
361.8482464328577,10.307840029058951,10.307840029058951,10.369083917352594,10.39591146717397,3.557268565809676,3.4180506885526425
362.0482731030804,10.315631807486742,10.315631807486742,10.376180789760259,10.413272952189823,3.057268565809676,3.9180506885526425
362.2482997733031,10.323440214382547,10.323440214382547,10.396082983720586,10.421478051124696,3.557268565809676,3.4180506885526425
362.4483264435258,10.331265172659982,10.331265172659982,10.416999718787233,10.428070192708102,4.057268565809676,3.3562314492455707
362.6483531137485,10.339106605069276,10.339106605069276,10.43491328340586,10.446976054860349,3.557268565809676,3.8562314492455707
362.84837978397115,10.346964434198007,10.346964434198007,10.458739983622557,10.45419401939713,4.057268565809676,3.3562314492455707
363.04840645419387,10.354838582471897,10.354838582471897,10.473174454529081,10.470773935974936,3.557268565809676,3.8562314492455707
363.2484331244166,10.362728972155551,10.362728972155551,10.477570940742426,10.493891533772457,3.057268565809676,4.356231449245571
363.4484597946393,10.370635525353235,10.370635525353235,10.496797357575192,10.521423155536322,3.557268565809676,4.856231449245571
363.64848646486195,10.378558164009645,10.378558164009645,10.50259979009003,10.542002363506167,3.057268565809676,4.356231449245571
363.84851313508466,10.38649680991069,10.38649680991069,10.50729906613155,10.558320872088455,2.557268565809676,3.8562314492455707
364.04853980530737,10.394451384684235,10.394451384684235,10.517501716704501,10.56869919070573,3.057268565809676,3.3562314492455707
364.2485664755301,10.402421809800899,10.402421809800899,10.526305850986319,10.576324468900895,3.1423441564236274,3.069561215749932
364.44859314575274,10.410408006574821,10.410408006574821,10.52450077038146,10.588991841332682,2.6423441564236274,3.569561215749932
364.64861981597545,10.418409896164444,10.418409896164444,10.52838455761302,10.607516925595538,2.911020719472356,4.069561215749932
364.84864648619816,10.426427399573283,10.426427399573283,10.542120915040345,10.61600406554751,3.411020719472356,3.569561215749932
365.0486731564208,10.434460437650706,10.434460437650706,10.55260743922463,10.62225286558433,2.9858260898951716,3.069561215749932
365.24869982664353,10.442508931092735,10.442508931092735,10.553075332602859,10.623893651481477,2.4858260898951716,2.569561215749932
365.44872649686624,10.450572800442792,10.450572800442792,10.558644734964886,10.62790627675408,2.9809231942097973,3.069561215749932
365.64875316708896,10.458651966092518,10.458651966092518,10.553023750116536,10.642374429020084,2.489109999754868,3.569561215749932
365.8487798373116,10.466746348282538,10.466746348282538,10.565756441599387,10.662882520770648,2.989109999754868,4.069561215749932
366.0488065075343,10.474855867103265,10.474855867103265,10.55730355368123,10.688016134162146,2.489109999754868,4.569561215749932
366.24883317775704,10.482980442495673,10.482980442495673,10.56143569854948,10.706926341267767,2.989109999754868,4.069561215749932
366.4488598479797,10.491119994252095,10.491119994252095,10.574800728365977,10.71847255619992,3.489109999754868,3.569561215749932
366.6488865182024,10.499274442017017,10.499274442017017,10.597258376706714,10.724626992170602,3.989109999754868,3.352637628152017
366.8489131884251,10.507443705287864,10.507443705287864,10.610963158692254,10.729180875141646,3.489109999754868,2.852637628152017
367.0489398586478,10.5156277034158,10.5156277034158,10.639806372333341,10.72676718568848,3.989109999754868,2.392834077808923
367.2489665288705,10.523826355606522,10.523826355606522,10.663994109392725,10.721152239846552,4.091638679133246,2.163923084888807
367.4489931990932,10.532039580921065,10.532039580921065,10.696864435441402,10.720323719528668,4.591638679133246,2.663923084888807
367.6490198693159,10.540267298276587,10.540267298276587,10.72320935891147,10.715152444461829,4.091638679133246,2.163923084888807
367.84904653953856,10.548509426447183,10.548509426447183,10.738865950159818,10.714366404179652,3.591638679133246,2.663923084888807
368.0490732097613,10.556765884064676,10.556765884064676,10.764386450038703,10.714397388566043,4.091638679133246,2.4742198362110193
368.249099879984,10.565036589619433,10.565036589619433,10.77738238729083,10.718414378400585,3.591638679133246,2.9742198362110193
368.4491265502067,10.573321461461152,10.573321461461152,10.782424813812263,10.728739978681766,3.091638679133246,3.4742198362110193
368.64915322042935,10.581620417799682,10.581620417799682,10.78332546979244,10.746314125978857,2.591638679133246,3.9742198362110193
368.84917989065207,10.589933376705835,10.589933376705835,10.773314347443671,10.759832071280247,2.091638679133246,3.4742198362110193
369.0492065608748,10.598260256112175,10.598260256112175,10.773220706610823,10.76571989814566,2.591638679133246,2.9742198362110193
369.2492332310975,10.606600973813846,10.606600973813846,10.762885697198925,10.764282533158973,2.14836426817834,2.4742198362110193
369.44925990132015,10.61495544746937,10.61495544746937,10.766305103596961,10.766380381570025,2.4957679851801986,2.8394231787078024
369.64928657154286,10.623323594601484,10.623323594601484,10.76707868769871,10.761895134836596,2.6000429990130116,2.3394231787078024
369.84931324176557,10.631705332597914,10.631705332597914,10.775483688680728,10.753410390758452,3.1000429990130116,2.1878740558692766
370.0493399119882,10.640100578712229,10.640100578712229,10.778242673511164,10.752272348794996,2.6000429990130116,2.2540185579336827
370.24936658221094,10.648509250064642,10.648509250064642,10.773425424943216,10.751998434697953,2.176678195730154,2.7540185579336827
370.44939325243365,10.656931263642823,10.656931263642823,10.766741924087846,10.762013241340348,2.4128114720980265,3.2540185579336827
370.64941992265636,10.665366536302733,10.665366536302733,10.772531645710602,10.762042723882821,2.9128114720980265,2.7540185579336827
370.849446592879,10.673814984769423,10.673814984769423,10.782046666033633,10.769456657694285,3.4128114720980265,3.2540185579336827
371.04947326310173,10.682276525637885,10.682276525637885,10.799120425351356,10.772302878858333,3.4339427323209266,2.984506761550454
371.24949993332444,10.690751075373852,10.690751075373852,10.814914587070273,10.787426946976579,3.8003517715781356,3.484506761550454
371.4495266035471,10.699238550314625,10.699238550314625,10.821580617462926,10.80256362736679,3.3003517715781356,3.984506761550454
371.6495532737698,10.707738866669915,10.707738866669915,10.840731384613074,10.826100380477076,3.8003517715781356,4.484506761550454
371.8495799439925,10.716251940522653,10.716251940522653,10.857868331863125,10.844081920921424,3.901169726268771,3.9845067615504544
372.04960661421524,10.72477768782983,10.72477768782983,10.870516886310707,10.857861539311845,3.401169726268771,3.4845067615504544
372.2496332844379,10.733316024423313,10.733316024423313,10.87121105292117,10.862503362928582,2.901169726268771,2.9845067615504544
372.4496599546606,10.741866866010696,10.741866866010696,10.884674907932979,10.868386718815252,3.401169726268771,3.168299917655652
372.6496866248833,10.750430128176117,10.750430128176117,10.90608096341185,10.86575937953078,3.901169726268771,2.668299917655652
372.84971329510597,10.759005726381083,10.759005726381083,10.917061482605318,10.863209203962615,3.401169726268771,2.168299917655652
373.0497399653287,10.767593575965337,10.767593575965337,10.918202645841367,10.852835824963002,2.901169726268771,1.668299917655652
373.2497666355514,10.776193592147662,10.776193592147662,10.925254162101517,10.842823025648181,3.1424982198985827,1.645087910479143
373.4497933057741,10.78480569002673,10.78480569002673,10.922013898333798,10.832511007224598,2.6424982198985827,2.145087910479143
373.64981997599676,10.793429784581937,10.793429784581937,10.92739068814727,10.832965227238985,3.1424982198985827,2.645087910479143
373.8498466462195,10.802065790674257,10.802065790674257,10.94147720630658,10.83942036200841,3.6424982198985827,3.145087910479143
374.0498733164422,10.810713623047059,10.810713623047059,10.947406631543393,10.850734573015963,3.1424982198985827,3.418767870089487
374.2498999866649,10.819373196326968,10.819373196326968,10.942851297548064,10.865929048635278,2.6424982198985827,3.918767870089487
374.44992665688756,10.828044425024688,10.828044425024688,10.9493983843569,10.889231812807443,3.1424982198985827,4.4187678700894875
374.64995332711027,10.83672722353587,10.83672722353587,10.966678946143924,10.903141479727543,3.6424982198985827,3.9187678700894875
374.849979997333,10.845421506141946,10.845421506141946,10.977243128687709,10.92130352511966,3.177150068632186,4.4187678700894875
375.05000666755564,10.854127187010961,10.854127187010961,10.98995484455849,10.939954064901489,3.677150068632186,4.210924837344012
375.25003333777835,10.86284418019845,10.86284418019845,11.000882612261503,10.952801981909017,3.177150068632186,3.7109248373440122
375.45006000800106,10.871572399648262,10.871572399648262,10.997401925509958,10.971672328488252,2.677150068632186,4.210924837344012
375.6500866782238,10.880311759193418,10.880311759193418,10.985062287392628,10.991991526999886,2.177150068632186,4.3102693501624945
375.8501133484464,10.889062172556955,10.889062172556955,10.982970724061182,11.008540542349209,2.677150068632186,3.8102693501624945
376.05014001866914,10.897823553352797,10.897823553352797,10.990640171322484,11.011529322222325,3.177150068632186,3.3102693501624945
376.25016668889185,10.906595815086591,10.906595815086591,11.009125667599948,11.020735171450104,3.669369753158581,3.150570135314026
376.4501933591145,10.915378871156557,10.915378871156557,11.031145678021359,11.03517917967248,4.1693697531585805,3.650570135314026
376.6502200293372,10.924172634854362,10.924172634854362,11.049570694049915,11.041311574569809,3.6693697531585805,3.150570135314026
376.85024669955993,10.932977019365959,10.932977019365959,11.071316186650346,11.053702884004458,4.1693697531585805,3.650570135314026
377.05027336978264,10.941791937772448,10.941791937772448,11.089505919329458,11.060784413926118,3.6693697531585805,3.150570135314026
377.2503000400053,10.95061730305094,10.95061730305094,11.095833198049458,11.07645309204302,3.203844782793748,3.650570135314026
377.450326710228,10.959453028075412,10.959453028075412,11.095587148717831,11.092860328095616,2.703844782793748,4.150570135314026
377.6503533804507,10.968299025617563,10.968299025617563,11.083934882814674,11.103651365758923,2.203844782793748,3.650570135314026
377.8503800506734,10.977155208347682,10.977155208347682,11.0889921049283,11.124167615251134,2.703844782793748,4.150570135314026
378.0504067208961,10.98602148883551,10.98602148883551,11.08440672717311,11.14739017207815,2.203844782793748,4.454593087632553
378.2504333911188,10.994897779551097,10.994897779551097,11.085084850735967,11.159651555277781,2.703844782793748,3.954593087632553
378.4504600613415,11.003783992865674,11.003783992865674,11.096457291026601,11.169389373875953,3.203844782793748,3.454593087632553
378.6504867315642,11.012680041052507,11.012680041052507,11.108000059296508,11.175239571755053,3.703844782793748,3.2095525628118327
378.8505134017869,11.021585836287775,11.021585836287775,11.12042671719606,11.173852082004956,3.203844782793748,2.7095525628118327
379.0505400720096,11.030501290651431,11.030501290651431,11.139527499665348,11.16992290650199,3.703844782793748,2.2095525628118327
379.2505667422323,11.03942631612807,11.03942631612807,11.148177128724546,11.158315582245994,3.203844782793748,1.9188398155818902
379.45059341245496,11.048360824607798,11.048360824607798,11.16433110629462,11.158698190918795,3.703844782793748,2.41883981558189
379.6506200826777,11.057304727887107,11.057304727887107,11.18739344855972,11.163956218107016,4.203844782793748,2.91883981558189
379.8506467529004,11.066257937669738,11.066257937669738,11.203275737461666,11.17333390404142,3.703844782793748,3.41883981558189
380.05067342312304,11.075220365567551,11.075220365567551,11.215580860459422,11.185325293984247,3.203844782793748,3.4645935976880287
380.25070009334576,11.08419192310142,11.08419192310142,11.232110707253868,11.1909050155422,3.703844782793748,2.9645935976880287
380.45072676356847,11.093172521702066,11.093172521702066,11.255321652835562,11.191154191463953,4.203844782793748,2.4645935976880287
380.6507534337912,11.10216207271097,11.10216207271097,11.274307254460524,11.195535059065572,3.703844782793748,2.9645935976880287
380.85078010401384,11.111160487381225,11.111160487381225,11.28151777792595,11.203616930573105,3.203844782793748,3.4645935976880287
381.05080677423655,11.12016767687843,11.12016767687843,11.292328399480926,11.22137554393287,3.703844782793748,3.9645935976880287
381.25083344445926,11.129183552281546,11.129183552281546,11.299691927818476,11.232434238296475,3.203844782793748,3.4645935976880287
381.4508601146819,11.138208024583786,11.138208024583786,11.305749874624542,11.241666966545043,2.9075446682605155,3.415107948172195
381.6508867849046,11.147241004693507,11.147241004693507,11.302115873435076,11.244817480748372,2.4075446682605155,2.915107948172195
381.85091345512734,11.156282403435052,11.156282403435052,11.287347361589081,11.25204118982337,1.9075446682605155,3.415107948172195
382.05094012535005,11.165332131549668,11.165332131549668,11.28053362724279,11.264317908681443,2.4075446682605155,3.915107948172195
382.2509667955727,11.17439009969637,11.17439009969637,11.277011219972302,11.284508455810343,2.483360547764755,4.415107948172195
382.4509934657954,11.183456218452825,11.183456218452825,11.266348135034963,11.299544995450796,1.9833605477647551,3.915107948172195
382.65102013601813,11.192530398316237,11.192530398316237,11.26491782609035,11.3157237395988,2.483360547764755,4.22632126991074
382.8510468062408,11.201612549704222,11.201612549704222,11.251275604822906,11.328504679627189,1.9833605477647551,3.7263212699107404
383.0510734764635,11.21070258295571,11.21070258295571,11.251794526360118,11.33652360198844,2.483360547764755,3.2263212699107404
383.2511001466862,11.219800408331816,11.219800408331816,11.240952297451255,11.338870991984624,2.197185622373957,2.7263212699107404
383.4511268169089,11.22890593601672,11.22890593601672,11.229649768902775,11.344144147850288,2.111070288210151,3.2263212699107404
383.6511534871316,11.238019076118569,11.238019076118569,11.227597111841709,11.358846329222867,2.611070288210151,3.7263212699107404
383.8511801573543,11.247139738670366,11.247139738670366,11.235375966122586,11.364537158039235,3.111070288210151,3.2263212699107404
384.051206827577,11.256267833630844,11.256267833630844,11.251638742082243,11.379563204803846,3.611070288210151,3.7263212699107404
384.2512334977997,11.26540327088536,11.26540327088536,11.273263257707598,11.386753383161556,4.111070288210151,3.2263212699107404
384.4512601680224,11.274545960246783,11.274545960246783,11.299347639104125,11.400212636403563,4.161917334141658,3.7263212699107404
384.6512868382451,11.283695811456406,11.283695811456406,11.331497929894043,11.40961924983204,4.661917334141658,3.3675283675758134
384.8513135084678,11.292852734184795,11.292852734184795,11.359058100369086,11.41793905760311,4.3481026533637115,3.552830033716084
385.05134017869045,11.302016638032713,11.302016638032713,11.39172004198946,11.434912913259872,4.48412025322406,4.052830033716084
385.25136684891316,11.311187432532012,11.311187432532012,11.409584058506763,11.454567064293114,3.9841202532240603,4.449987751325344
385.4513935191359,11.32036502714651,11.32036502714651,11.420961675530213,11.470019689064033,3.4841202532240603,3.9499877513253443
385.6514201893586,11.32954933127289,11.32954933127289,11.442614631095374,11.480376175954351,3.9841202532240603,3.4499877513253443
385.85144685958124,11.338740254241603,11.338740254241603,11.460658530027132,11.489247621726234,3.4841202532240603,3.3281247752936793
386.05147352980396,11.34793770531776,11.34793770531776,11.486017733350558,11.490624826232706,3.9841202532240603,2.8281247752936793
386.25150020002667,11.35714159370202,11.35714159370202,11.496609117898714,11.497596821613735,3.6182753686722067,3.3281247752936793
386.4515268702493,11.366351828531482,11.366351828531482,11.499255495196838,11.502873820905977,3.1182753686722067,3.1090801838902826
386.65155354047204,11.37556831888061,11.37556831888061,11.503154407071422,11.510740640842199,2.754020818598065,3.6090801838902826
386.85158021069475,11.384790973762103,11.384790973762103,11.509323315709267,11.518799641017155,3.254020818598065,3.1090801838902826
387.05160688091746,11.394019702127801,11.394019702127801,11.514264339179931,11.519084233779935,2.754020818598065,2.6090801838902826
387.2516335511401,11.403254412869586,11.403254412869586,11.520767422775261,11.519844281963252,3.254020818598065,3.1090801838902826
387.45166022136283,11.412495014820285,11.412495014820285,11.537495559604027,11.517783926158051,3.754020818598065,2.6959060533909485
387.65168689158554,11.421741416754564,11.421741416754564,11.54534832046678,11.519511674496284,3.254020818598065,2.79113693614296
387.8517135618082,11.430993527389818,11.430993527389818,11.54377006107835,11.526427344951005,2.754020818598065,3.29113693614296
388.0517402320309,11.440251255387105,11.440251255387105,11.53855584157722,11.530528624912494,2.4275533920638788,3.0023664347227843
388.2517669022536,11.449514509352012,11.449514509352012,11.53951251113962,11.54023526747462,2.9275533920638788,3.5023664347227843
388.45179357247633,11.458783197835581,11.458783197835581,11.54223355773166,11.55651255314671,2.8922306031197227,4.002366434722784
388.651820242699,11.468057229335194,11.468057229335194,11.553150083634977,11.571079592599528,3.3922306031197227,3.936781012020227
388.8518469129217,11.477336512295496,11.477336512295496,11.56775523254993,11.576097289332331,3.8922306031197227,3.436781012020227
389.0518735831444,11.486620955109283,11.486620955109283,11.590277892287176,11.575980541126501,4.392230603119723,2.936781012020227
389.2519002533671,11.495910466118413,11.495910466118413,11.625782803050367,11.581170074223675,4.892230603119723,3.0293747648673817
389.4519269235898,11.505204953614703,11.505204953614703,11.655839888442145,11.578190440931204,4.392230603119723,2.5293747648673817
389.6519535938125,11.514504325840853,11.514504325840853,11.672733990090766,11.582328794581034,3.8922306031197227,3.0293747648673817
389.8519802640352,11.52380849099133,11.52380849099133,11.67908118465502,11.583977037378443,3.3922306031197227,2.613162979502053
390.05200693425786,11.533117357213289,11.533117357213289,11.681450318577973,11.588518304140457,2.8922306031197227,3.113162979502053
390.2520336044806,11.542430832607474,11.542430832607474,11.692488044637063,11.595059645782113,3.3922306031197227,3.2533613283951603
390.4520602747033,11.551748825229126,11.551748825229126,11.711755400580518,11.606436530339739,3.8922306031197227,3.7533613283951603
390.652086944926,11.561071243088895,11.561071243088895,11.719966646146329,11.613591320947297,3.3922306031197227,3.2533613283951603
390.85211361514865,11.570397994153728,11.570397994153728,11.74050492683571,11.628754068367865,3.8922306031197227,3.7533613283951603
391.05214028537137,11.579728986347817,11.579728986347817,11.753481665932188,11.645046087114432,3.541716424065692,4.204450706426536
391.2521669555941,11.589064127553467,11.589064127553467,11.767219675068342,11.671640872377127,3.5061938706413587,4.704450706426536
391.45219362581673,11.59840332561203,11.59840332561203,11.768976272841508,11.703082521601173,3.0061938706413587,5.204450706426536
391.65222029603945,11.60774648832481,11.60774648832481,11.765426109158389,11.729043753585948,2.5709176810033445,4.704450706426536
391.85224696626216,11.617093523453965,11.617093523453965,11.757400224537609,11.744711288794036,2.0709176810033445,4.204450706426536
392.05227363648487,11.62644433872343,11.62644433872343,11.734080384397453,11.75591845278996,1.5709176810033445,3.7044507064265364
392.2523003067075,11.635798841819811,11.635798841819811,11.724239651697001,11.76285940400077,2.0709176810033445,3.696062143172776
392.45232697693024,11.645156940393322,11.645156940393322,11.71767420404821,11.773343985641418,2.5709176810033445,3.196062143172776
392.65235364715295,11.654518542058668,11.654518542058668,11.721139664337404,11.778089674776469,3.0709176810033445,3.376872851415045
392.85238031737566,11.66388355439598,11.66388355439598,11.735240545392744,11.793837792708427,3.5709176810033445,3.876872851415045
393.0524069875983,11.67325188495171,11.67325188495171,11.740087145481215,11.806967984716836,3.0709176810033445,3.636348131292941
393.25243365782103,11.682623441239562,11.682623441239562,11.740809867012633,11.823957733250822,2.9201028450621855,4.057269553292223
393.45246032804374,11.691998130741386,11.691998130741386,11.741397862865295,11.834484418411988,2.5296212163842013,3.5572695532922234
393.6524869982664,11.701375860908103,11.701375860908103,11.741106829545815,11.837178653313305,3.0296212163842013,3.0572695532922234
393.8525136684891,11.710756539160617,11.710756539160617,11.741972227228642,11.833245806545172,2.5296212163842013,2.5572695532922234
394.0525403387118,11.720140072890725,11.720140072890725,11.749425392745486,11.836158181042773,3.0296212163842013,2.9466468086800703
394.25256700893453,11.72952636946204,11.72952636946204,11.762026390718585,11.842763344940952,3.5296212163842013,3.4466468086800703
394.4525936791572,11.738915336210889,11.738915336210889,11.784763559500849,11.855778496139758,4.029621216384202,3.9466468086800703
394.6526203493799,11.748306880447252,11.748306880447252,11.817123361635279,11.869660634535412,4.529621216384202,3.9646926996586256
394.8526470196026,11.757700909455654,11.757700909455654,11.839165483821171,11.886472753687844,4.029621216384202,4.32390916305863
395.05267368982527,11.76709733049609,11.76709733049609,11.85230448964448,11.900101005262373,3.529621216384202,3.82390916305863
395.252700360048,11.776496050804946,11.776496050804946,11.868711706266595,11.9081332338326,4.029621216384202,3.32390916305863
395.4527270302707,11.785896977595904,11.785896977595904,11.880154081738928,11.921748893076039,3.529621216384202,3.82390916305863
395.6527537004934,11.795300018060864,11.795300018060864,11.883047382507781,11.927920406560162,3.029621216384202,3.32390916305863
395.85278037071606,11.804705079370857,11.804705079370857,11.894674996950826,11.927123152725237,3.529621216384202,2.82390916305863
396.0528070409388,11.814112068676975,11.814112068676975,11.893750967077807,11.924429885643633,3.029621216384202,2.32390916305863
396.2528337111615,11.823520893111262,11.823520893111262,11.884708750542277,11.923301715624364,2.529621216384202,2.82390916305863
396.45286038138414,11.832931459787652,11.832931459787652,11.885142445191274,11.927938700974682,3.029621216384202,3.2004363035605254
396.65288705160685,11.842343675802883,11.842343675802883,11.88334727108896,11.925447099182575,2.529621216384202,2.7004363035605254
396.85291372182957,11.8517574482374,11.8517574482374,11.891219440288213,11.931905966856366,3.029621216384202,3.2004363035605254
397.0529403920523,11.861172684156292,11.861172684156292,11.906993715102978,11.92871295064721,3.529621216384202,2.7004363035605254
397.25296706227493,11.870589290610194,11.870589290610194,11.927720773488009,11.931885872828065,4.029621216384202,3.2004363035605254
397.45299373249765,11.880007174636217,11.880007174636217,11.959576329310936,11.944658342228069,4.529621216384202,3.7004363035605254
397.65302040272036,11.889426243258855,11.889426243258855,11.992437263234635,11.953244976289298,4.619005890102837,3.2004363035605254
397.85304707294307,11.898846403490907,11.898846403490907,12.034287209004727,11.964532869587096,5.119005890102837,3.7004363035605254
398.0530737431657,11.908267562334398,11.908267562334398,12.068217912079138,11.984587570048054,4.619005890102837,4.200436303560526
398.25310041338844,11.917689626781494,11.917689626781494,12.091711784212007,12.002372835582024,4.119005890102837,4.00148996929708
398.45312708361115,11.927112503815417,11.927112503815417,12.108766750853025,12.023672318423205,3.782659951798599,4.50148996929708
398.6531537538338,11.93653610041137,11.93653610041137,12.112241191828652,12.037007038263985,3.282659951798599,4.00148996929708
398.8531804240565,11.945960323537456,11.945960323537456,12.130697849514668,12.060243189799062,3.782659951798599,4.50148996929708
399.05320709427923,11.955385080155587,11.955385080155587,12.137161448113627,12.075022246794243,3.282659951798599,4.00148996929708
399.25323376450194,11.96481027722241,11.96481027722241,12.139547212644379,12.084308865178397,3.0321873848061434,3.5014899692970802
399.4532604347246,11.974235821690222,11.974235821690222,12.137118066336845,12.099347623711603,2.5321873848061434,3.9156619144276914
399.6532871049473,11.9836616205079,11.9836616205079,12.123583672378441,12.113795473433044,2.0321873848061434,4.106346378215573
399.85331377517,11.993087580621795,11.993087580621795,12.120252927385959,12.125176075005347,2.4353308467634385,3.606346378215573
400.0533404453927,12.00251360897667,12.00251360897667,12.117752948126894,12.129597086803415,2.9353308467634385,3.106346378215573
400.2533671156154,12.011939612516628,12.011939612516628,12.133934800402495,12.138798641157637,3.4353308467634385,3.606346378215573
400.4533937858381,12.021365498185999,12.021365498185999,12.135469856549204,12.145823792072035,3.269299954547705,3.382085207474212
400.6534204560608,12.030791172930286,12.030791172930286,12.136807857365351,12.145059336827723,2.769299954547705,2.882085207474212
400.85344712628347,12.040216543697069,12.040216543697069,12.145651996070836,12.140665437653471,3.269299954547705,2.382085207474212
401.0534737965062,12.049641517436939,12.049641517436939,12.144534142316806,12.130935725753062,2.769299954547705,1.882085207474212
401.2535004667289,12.059066001104394,12.059066001104394,12.152203083622295,12.12398252121917,3.269299954547705,2.382085207474212
401.45352713695155,12.068489901658776,12.068489901658776,12.167751672211061,12.113438226059579,3.769299954547705,1.882085207474212
401.65355380717426,12.077913126065187,12.077913126065187,12.194843844517798,12.106905635372259,4.269299954547705,2.382085207474212
401.853580477397,12.087335581295399,12.087335581295399,12.228616586790018,12.108615454748529,4.769299954547705,2.882085207474212
402.0536071476197,12.09675717432878,12.09675717432878,12.255805750726761,12.117206133358764,4.269299954547705,3.382085207474212
402.25363381784234,12.106177812153202,12.106177812153202,12.269075184028994,12.129163267863655,3.769299954547705,3.8476236248286213
402.45366048806505,12.115597401765985,12.115597401765985,12.278114697048512,12.134241214840834,3.269299954547705,3.3476236248286213
402.65368715828777,12.125015850174782,12.125015850174782,12.291355614467047,12.14806572944509,3.3687646830900864,3.674815117995755
402.8537138285105,12.134433064398513,12.134433064398513,12.308200167501319,12.162733434683112,3.8687646830900864,4.174815117995755
403.05374049873313,12.143848951468284,12.143848951468284,12.324807969297789,12.185237501392722,3.900516217014951,4.674815117995755
403.25376716895585,12.15326341842831,12.15326341842831,12.351076456212796,12.219594200580683,4.198614663085186,5.174815117995755
403.45379383917856,12.162676372336819,12.162676372336819,12.365245418340292,12.249009845000097,3.698614663085186,4.982516771615417
403.6538205094012,12.172087720266973,12.172087720266973,12.373268542975758,12.270898583398095,3.198614663085186,4.482516771615417
403.8538471796239,12.181497369307799,12.181497369307799,12.389125493184766,12.285046535485542,3.698614663085186,3.9825167716154173
404.05387384984664,12.19090522656509,12.19090522656509,12.398509242442652,12.294861540551627,3.198614663085186,3.4825167716154173
404.25390052006935,12.20031119916232,12.20031119916232,12.394150847060532,12.310347158205134,2.698614663085186,3.9825167716154173
404.453927190292,12.209715194241578,12.209715194241578,12.382211009307614,12.319181118181483,2.198614663085186,3.4825167716154173
404.6539538605147,12.21911711896448,12.21911711896448,12.382889837780905,12.3343597845639,2.4868197813459054,3.9825167716154173
404.85398053073743,12.228516880513071,12.228516880513071,12.385623813306863,12.347436934614743,2.9868197813459054,3.8432378512165926
405.0540072009601,12.237914386090754,12.237914386090754,12.397905101051085,12.359715833997624,3.4868197813459054,3.3432378512165926
405.2540338711828,12.247309542923208,12.247309542923208,12.401486887162287,12.359549360352318,2.9868197813459054,2.8432378512165926
405.4540605414055,12.256702258259294,12.256702258259294,12.39464668650432,12.369176266524718,2.4868197813459054,3.3117020407109017
405.6540872116282,12.266092439371983,12.266092439371983,12.397393077829104,12.378675004658586,2.9868197813459054,3.76764273295966
405.8541138818509,12.275479993559248,12.275479993559248,12.409284047589166,12.396190249813213,3.4868197813459054,4.26764273295966
406.0541405520736,12.284864828145018,12.284864828145018,12.42902753516177,12.406512644908732,3.9381444589098153,3.7676427329596596
406.2541672222963,12.294246850480055,12.294246850480055,12.450377096578139,12.414449010797393,3.9664489888764827,3.581054483286476
406.45419389251896,12.303625967942889,12.303625967942889,12.457029926073233,12.418229113502315,3.4664489888764827,3.081054483286476
406.65422056274167,12.31300208794073,12.31300208794073,12.473036441235298,12.415518325983243,3.9664489888764827,2.581054483286476
406.8542472329644,12.322375117910372,12.322375117910372,12.482482996941481,12.41867586358256,3.4664489888764827,2.8624091315368605
407.0542739031871,12.331744965319128,12.331744965319128,12.486860333375034,12.414379112035542,2.9664489888764827,2.3624091315368605
407.25430057340975,12.341111537665713,12.341111537665713,12.500869297025842,12.417254912638832,3.4664489888764827,2.8624091315368605
407.45432724363246,12.350474742481186,12.350474742481186,12.519766588374104,12.42515436054025,3.9664489888764827,3.3624091315368605
407.6543539138552,12.359834487329847,12.359834487329847,12.526211047281112,12.428537428252254,3.4664489888764827,2.8624091315368605
407.8543805840779,12.369190679810156,12.369190679810156,12.531000926464186,12.435028270401817,3.1946094432494134,3.3624091315368605
408.05440725430054,12.378543227555637,12.378543227555637,12.532977801565982,12.446987641821227,2.863688681711026,3.8624091315368605
408.25443392452325,12.387892038235805,12.387892038235805,12.53385163513586,12.453770575558016,2.804438792675018,3.3624091315368605
408.45446059474597,12.39723701955706,12.39723701955706,12.546340711712169,12.467206959942573,3.304438792675018,3.8624091315368605
408.6544872649686,12.40657807926361,12.40657807926361,12.5430341662999,12.481385069482783,2.804438792675018,4.262525225619083
408.85451393519133,12.415915125138378,12.415915125138378,12.551292981243677,12.506325595017596,3.304438792675018,4.762525225619083
409.05454060541405,12.42524806500391,12.42524806500391,12.555725458928752,12.526151583889407,2.804438792675018,4.262525225619083
409.25456727563676,12.43457680672329,12.43457680672329,12.548009116297077,12.54124702207423,2.304438792675018,4.1693095551218855
409.4545939458594,12.443901258201043,12.443901258201043,12.545238665297408,12.553737361231407,2.542295764447292,3.6693095551218855
409.6546206160821,12.453221327384059,12.453221327384059,12.549991909626893,12.556540655264342,3.042295764447292,3.1693095551218855
409.85464728630484,12.462536922262478,12.462536922262478,12.541410450446797,12.548476408910515,2.542295764447292,2.6693095551218855
410.0546739565275,12.471847950870618,12.471847950870618,12.544022784714945,12.550198586192785,3.042295764447292,3.1693095551218855
410.2547006267502,12.481154321287875,12.481154321287875,12.557235201357535,12.561768120049345,3.542295764447292,3.6693095551218855
410.4547272969729,12.490455941639633,12.490455941639633,12.562346328937629,12.577253210709928,3.042295764447292,4.1693095551218855
410.65475396719563,12.499752720098167,12.499752720098167,12.571253796537361,12.58617637883356,3.5311731537071065,3.6693095551218855
410.8547806374183,12.509044564883553,12.509044564883553,12.595448879758532,12.606320169446725,4.0311731537071065,4.1693095551218855
411.054807307641,12.518331384264577,12.518331384264577,12.607691748071334,12.62830270708806,3.5311731537071065,4.61418797001981
411.2548339778637,12.527613086559633,12.527613086559633,12.627284081123484,12.646841260687705,4.0311731537071065,4.11418797001981
411.45486064808637,12.53688958013763,12.53688958013763,12.652185138711735,12.667934291666477,4.3875058007242655,4.61418797001981
411.6548873183091,12.546160773418913,12.546160773418913,12.667893528051778,12.686500895577566,3.8875058007242655,4.416128317374132
411.8549139885318,12.55542657487613,12.55542657487613,12.676797588811493,12.699484388827795,3.3966789889677806,3.916128317374132
412.0549406587545,12.564686893035173,12.564686893035173,12.676544932501832,12.704919446219213,2.8966789889677806,3.416128317374132
412.25496732897716,12.57394163647606,12.57394163647606,12.687813019733031,12.701015537964917,3.3966789889677806,2.916128317374132
412.45499399919987,12.583190713833856,12.583190713833856,12.688353638544891,12.704879090120217,2.8966789889677806,3.416128317374132
412.6550206694226,12.592434033799547,12.592434033799547,12.68396741535617,12.70748398524088,2.515424388726386,2.916128317374132
412.8550473396453,12.601671505120969,12.601671505120969,12.685843002027315,12.71271423281671,3.015424388726386,3.416128317374132
413.05507400986795,12.610903036603688,12.610903036603688,12.69479565010136,12.715490616594625,3.515424388726386,2.916128317374132
413.25510068009066,12.620128537111917,12.620128537111917,12.715936224447876,12.722673207792893,4.015424388726386,3.416128317374132
413.4551273503134,12.629347915569403,12.629347915569403,12.742655368874445,12.728269264344464,4.515424388726386,3.1749837158375054
413.65515402053603,12.638561080960333,12.638561080960333,12.762193370581253,12.731779802775021,4.015424388726386,3.0527096900520037
413.85518069075874,12.647767942330233,12.647767942330233,12.775868023845552,12.737196801562677,3.5154243887263856,3.5527096900520037
414.05520736098146,12.656968408786865,12.656968408786865,12.79309147504264,12.741477591172751,3.8818050719684134,3.0527096900520037
414.25523403120417,12.666162389501114,12.666162389501114,12.809015017005612,12.751456049853333,4.072936888004614,3.5527096900520037
414.4552607014268,12.675349793707904,12.675349793707904,12.821552298003793,12.766378335189419,3.572936888004614,4.052709690052003
414.65528737164954,12.684530530707077,12.684530530707077,12.849391715519449,12.775682682538706,4.072936888004614,3.552709690052003
414.85531404187225,12.693704509864299,12.693704509864299,12.861759389537808,12.788033949909916,3.572936888004614,3.766027126925181
415.0553407120949,12.702871640611946,12.702871640611946,12.880749526457752,12.793496207977844,4.072936888004614,3.266027126925181
415.2553673823176,12.71203183245001,12.71203183245001,12.892760697588713,12.792724181914076,3.572936888004614,2.766027126925181
415.4553940525403,12.721184994946986,12.721184994946986,12.897563658707497,12.798079812159115,3.072936888004614,3.266027126925181
415.65542072276304,12.730331037740756,12.730331037740756,12.894304045178732,12.807772682391958,2.8826909568758996,3.766027126925181
415.8554473929857,12.73946987053949,12.73946987053949,12.899471879347036,12.815394580236083,3.3826909568758996,3.266027126925181
416.0554740632084,12.748601403122553,12.748601403122553,12.92149992632312,12.812050235894555,3.8826909568758996,2.766027126925181
416.2555007334311,12.757725545341353,12.757725545341353,12.928786813917043,12.81777553193697,3.3826909568758996,3.266027126925181
416.4555274036538,12.766842207120277,12.766842207120277,12.932564901267124,12.819999674282625,2.8826909568758996,3.321744256460491
416.6555540738765,12.775951298457558,12.775951298457558,12.94543786761892,12.82863555427459,3.3826909568758996,3.821744256460491
416.8555807440992,12.785052729426159,12.785052729426159,12.947641167443876,12.847966389822357,2.8826909568758996,4.321744256460491
417.0556074143219,12.794146410174674,12.794146410174674,12.953332648611852,12.861854499359419,3.3826909568758996,3.821744256460491
417.25563408454457,12.803232250928204,12.803232250928204,12.964834633726216,12.87885746125979,3.5894230919253762,4.321744256460491
417.4556607547673,12.812310161989258,12.812310161989258,12.98239600862442,12.892863589884513,4.089423091925376,3.821744256460491
417.65568742499,12.821380053738615,12.821380053738615,12.997058653247365,12.911521942728749,3.589423091925376,4.321744256460491
417.8557140952127,12.830441836636233,12.830441836636233,13.001775175738256,12.92228274429221,3.089423091925376,3.821744256460491
418.05574076543536,12.839495421222113,12.839495421222113,13.012179567209397,12.937724638697233,3.589423091925376,3.7818988547361907
418.2557674356581,12.848540718117203,12.848540718117203,13.016390210494055,12.959333429497702,3.1637358049579247,4.281898854736191
418.4557941058808,12.857577638024265,12.857577638024265,13.01137869554648,12.983710618059273,2.6637358049579247,4.781898854736191
418.65582077610344,12.866606091728752,12.866606091728752,13.013883855165245,13.01321735329448,2.9628000555297174,5.281898854736191
418.85584744632615,12.875625990099712,12.875625990099712,13.02288153409064,13.036673768482384,3.4628000555297174,4.781898854736191
419.05587411654886,12.884637244090644,12.884637244090644,13.039488200328556,13.050447509156779,3.9628000555297174,4.281898854736191
419.2559007867716,12.893639764740382,12.893639764740382,13.051503393950988,13.06303164017838,3.4628000555297174,3.781898854736191
419.45592745699423,12.902633463173986,12.902633463173986,13.068161536402117,13.066364403963538,3.9628000555297174,3.281898854736191
419.65595412721694,12.91161825060361,12.91161825060361,13.0821224336945,13.063650487498226,3.4628000555297174,2.781898854736191
419.85598079743966,12.920594038329376,12.920594038329376,13.084973824595409,13.058461595784278,3.2355938364535284,2.281898854736191
420.0560074676623,12.929560737740255,12.929560737740255,13.082771069066126,13.0541021066993,2.7355938364535284,2.781898854736191
420.256034137885,12.938518260314941,12.938518260314941,13.083001789799939,13.051709820393055,2.7465890051196764,2.6901999944565267
420.45606080810774,12.947466517622725,12.947466517622725,13.09029562175267,13.055436217676936,3.148279636110542,3.1901999944565267
420.65608747833045,12.95640542132436,12.95640542132436,13.099058142046047,13.067436418246478,3.5456018059219754,3.6901999944565267
420.8561141485531,12.965334883172941,12.965334883172941,13.101771118713026,13.083099228789731,3.0456018059219754,4.190199994456527
421.0561408187758,12.974254815014787,12.974254815014787,13.113593440130895,13.108796502581106,3.5456018059219754,4.690199994456527
421.2561674889985,12.983165128790285,12.983165128790285,13.126659104884805,13.123652888490534,3.5170831247181407,4.190199994456527
421.4561941592212,12.99206573653478,12.99206573653478,13.134291447516953,13.132162406314103,3.2774110547598476,3.6901999944565267
421.6562208294439,13.00095655037944,13.00095655037944,13.148515426083478,13.145248815695222,3.7774110547598476,3.960533511662335
421.8562474996666,13.009837482552117,13.009837482552117,13.16953705276378,13.164814743617354,4.277411054759847,4.4605335116623355
422.0562741698893,13.018708445378218,13.018708445378218,13.185667966818064,13.177429216230399,3.777411054759847,4.190694275777311
422.256300840112,13.027569351281562,13.027569351281562,13.19064829421276,13.198821919772376,3.277411054759847,4.644520857531111
422.4563275103347,13.036420112785267,13.036420112785267,13.18658563395941,13.217007940473888,2.911688639818543,4.144520857531111
422.6563541805574,13.045260642512588,13.045260642512588,13.179532457739949,13.230799320009556,2.411688639818543,3.915220169874618
422.8563808507801,13.054090853187796,13.054090853187796,13.16259067889047,13.24058713429786,1.9116886398185429,3.415220169874618
423.05640752100277,13.062910657637028,13.062910657637028,13.156183178939687,13.242961069791422,2.411688639818543,2.915220169874618
423.2564341912255,13.071719968789163,13.071719968789163,13.138217683503004,13.236690308799838,1.9116886398185429,2.415220169874618
423.4564608614482,13.080518699676665,13.080518699676665,13.130890163873483,13.225384411275725,2.411688639818543,1.915220169874618
423.65648753167085,13.089306763436444,13.089306763436444,13.13087866713154,13.221148737016044,2.911688639818543,2.415220169874618
423.85651420189356,13.09808407331073,13.09808407331073,13.137841391607518,13.223305924862391,3.411688639818543,2.915220169874618
424.0565408721163,13.106850542647916,13.106850542647916,13.157683085865852,13.217690098480341,3.911688639818543,2.415220169874618
424.256567542339,13.115606084903405,13.115606084903405,13.188136472780341,13.215112717816687,4.411688639818543,2.7148756962604246
424.45659421256164,13.124350613640482,13.124350613640482,13.211449436193721,13.20537174962131,3.911688639818543,2.2148756962604246
424.65662088278435,13.133084042531165,13.133084042531165,13.22104981229779,13.192968421037882,3.411688639818543,1.7148756962604246
424.85664755300706,13.141806285357044,13.141806285357044,13.236006386336275,13.180086224599284,3.911688639818543,2.2148756962604246
425.0566742232297,13.150517256010142,13.150517256010142,13.244658145151652,13.18018497093787,3.411688639818543,2.7148756962604246
425.25670089345243,13.159216868493765,13.159216868493765,13.24951800038383,13.179394122793132,3.388065992355398,2.8506112998891795
425.45672756367514,13.167905036923349,13.167905036923349,13.251165601172731,13.182263743402759,2.888065992355398,3.3506112998891795
425.65675423389786,13.176581675527308,13.176581675527308,13.253216235929708,13.194614632351964,2.949719948969644,3.8506112998891795
425.8567809041205,13.185246698647878,13.185246698647878,13.262760601855058,13.211494288455876,3.449719948969644,4.350611299889179
426.0568075743432,13.193900020741978,13.193900020741978,13.27521431084317,13.223044826292972,3.949719948969644,3.850611299889179
426.25683424456594,13.202541556382025,13.202541556382025,13.284265715912017,13.239647127507078,3.449719948969644,4.350611299889179
426.4568609147886,13.211171220256809,13.211171220256809,13.291958614497075,13.262336986517383,3.363286914920121,4.6292415855124345
426.6568875850113,13.219788927172308,13.219788927172308,13.291347441859552,13.27749475551912,2.863286914920121,4.1292415855124345
426.856914255234,13.228394592052554,13.228394592052554,13.293043351340264,13.284156714705064,3.363286914920121,3.6292415855124345
427.05694092545673,13.236988129940451,13.236988129940451,13.307389950876725,13.29904706355803,3.863286914920121,4.1292415855124345
427.2569675956794,13.245569455998629,13.245569455998629,13.31510433721453,13.32335405068236,3.363286914920121,4.6292415855124345
427.4569942659021,13.254138485510278,13.254138485510278,13.322170603449022,13.337566547337037,3.2467038772774406,4.1292415855124345
427.6570209361248,13.262695133879975,13.262695133879975,13.336086172957755,13.354121297545712,3.7467038772774406,4.6292415855124345
427.8570476063475,13.271239316634531,13.271239316634531,13.357943008849809,13.36917153232311,4.24670387727744,4.1292415855124345
428.0570742765702,13.279770949423822,13.279770949423822,13.374317954658961,13.376899589649055,3.74670387727744,3.6292415855124345
428.2571009467929,13.288289948021616,13.288289948021616,13.385880789434468,13.377418857156599,3.7848626862452885,3.1292415855124345
428.4571276170156,13.29679622832641,13.29679622832641,13.407931260793086,13.384865949006118,4.2848626862452885,3.6292415855124345
428.65715428723826,13.30528970636226,13.30528970636226,13.42240475407681,13.397951622180946,3.7848626862452885,4.1292415855124345
428.85718095746097,13.313770298279607,13.313770298279607,13.430743955737041,13.415634091924103,3.2848626862452885,4.6292415855124345
429.0572076276837,13.322237920356113,13.322237920356113,13.424144462683483,13.430748982894855,2.7848626862452885,4.1292415855124345
429.2572342979064,13.330692488997471,13.330692488997471,13.431921724452915,13.450129226410903,3.2848626862452885,4.6292415855124345
429.45726096812905,13.339133920738249,13.339133920738249,13.43779327204721,13.465167524257964,3.5153730722294734,4.1292415855124345
429.65728763835176,13.347562132242702,13.347562132242702,13.44354657425088,13.481342609021757,3.0153730722294734,4.258104721907877
429.8573143085745,13.355977040305596,13.355977040305596,13.45397613430061,13.491988150449663,3.5153730722294734,3.758104721907877
430.05734097879713,13.364378561853034,13.364378561853034,13.460364175941294,13.494179476816143,3.2881830732783492,3.258104721907877
430.25736764901984,13.372766613943277,13.372766613943277,13.464050661159954,13.492350840215442,3.2970546907411316,2.758104721907877
430.45739431924255,13.381141113767557,13.381141113767557,13.475079413020083,13.497253306143426,3.2865175093159795,3.258104721907877
430.65742098946527,13.389501978650893,13.389501978650893,13.476020996562516,13.493693680043876,2.7865175093159795,2.758104721907877
430.8574476596879,13.397849126052915,13.397849126052915,13.481347375179094,13.496175544902748,3.2865175093159795,3.258104721907877
431.05747432991063,13.406182473568679,13.406182473568679,13.496293847497656,13.491733357692969,3.7865175093159795,2.758104721907877
431.25750100013335,13.414501938929469,13.414501938929469,13.498679218434948,13.49454636939812,3.2865175093159795,3.177489469196403
431.45752767035606,13.42280744000362,13.42280744000362,13.516133538621515,13.49899923118738,3.7865175093159795,3.5043749439872975
431.6575543405787,13.431098894797323,13.431098894797323,13.523269804502062,13.510761437554887,3.2865175093159795,4.0043749439872975
431.8575810108014,13.439376221455449,13.439376221455449,13.524607923914436,13.515641956690237,3.3453841840860967,3.5043749439872975
432.05760768102414,13.447639338262329,13.447639338262329,13.538690386429426,13.51836703356374,3.8453841840860967,3.0043749439872975
432.2576343512468,13.455888163642584,13.455888163642584,13.54103655026657,13.512793997213887,3.3453841840860967,2.5043749439872975
432.4576610214695,13.46412261616193,13.46412261616193,13.541915327054706,13.511952175514363,2.8453841840860967,3.0043749439872975
432.6576876916922,13.472342614527962,13.472342614527962,13.54883289778561,13.52143469410966,3.3453841840860967,3.5043749439872975
432.85771436191493,13.480548077590978,13.480548077590978,13.560855478455323,13.52145652470401,3.694155705814845,3.0043749439872975
433.0577410321376,13.48873892434477,13.48873892434477,13.587106678569056,13.524504010290686,4.194155705814845,3.210646861378365
433.2577677023603,13.496915073927426,13.496915073927426,13.599233988450338,13.522441581483113,3.694155705814845,2.710646861378365
433.457794372583,13.505076445622127,13.505076445622127,13.604583391767834,13.525785894801093,3.194155705814845,3.210646861378365
433.65782104280567,13.513222958857943,13.513222958857943,13.601046362555158,13.533209961019514,2.694155705814845,3.710646861378365
433.8578477130284,13.521354533210637,13.521354533210637,13.596143366458383,13.54491322299144,2.7220434682037102,4.210646861378365
434.0578743832511,13.529471088403447,13.529471088403447,13.600646467428199,13.565392397421006,3.2220434682037102,4.710646861378365
434.2579010534738,13.537572544307881,13.537572544307881,13.616064866108761,13.59489270947698,3.7220434682037102,5.210646861378365
434.45792772369646,13.54565882094451,13.54565882094451,13.61808487172573,13.617940324608389,3.2220434682037102,4.710646861378365
434.65795439391917,13.55372983848377,13.55372983848377,13.621885692469652,13.633977237677355,3.314100307255296,4.210646861378365
434.8579810641419,13.561785517246726,13.561785517246726,13.634657768932243,13.644082564848564,3.814100307255296,3.7106468613783647
435.05800773436454,13.569825777705871,13.569825777705871,13.654836533586357,13.66013243031779,4.299974533523243,4.210646861378365
435.25803440458725,13.577850540485922,13.577850540485922,13.677115353288553,13.671235542374571,4.258340339913585,3.7106468613783647
435.45806107480996,13.585859726364585,13.585859726364585,13.6995711407469,13.683885939688894,4.415865929986815,4.210646861378365
435.6580877450327,13.59385325627334,13.59385325627334,13.715792545239278,13.689582325491441,3.915865929986815,3.7106468613783647
435.85811441525533,13.601831051298232,13.601831051298232,13.72619922929896,13.70195886450134,3.415865929986815,3.998594390725848
436.05814108547804,13.609793032680649,13.609793032680649,13.722225426943574,13.70867708693472,2.915865929986815,3.498594390725848
436.25816775570075,13.617739121818087,13.617739121818087,13.727845962215662,13.722790751532031,3.415865929986815,3.998594390725848
436.45819442592347,13.625669240264937,13.625669240264937,13.731853428313153,13.731191012421869,3.0618398256117367,3.498594390725848
436.6582210961461,13.633583309733254,13.633583309733254,13.732219028772317,13.737058516327679,2.6513104558529856,3.6104490122505433
436.85824776636883,13.64148125209354,13.64148125209354,13.719041046998317,13.735844695112698,2.1513104558529856,3.1104490122505433
437.05827443659155,13.649362989375495,13.649362989375495,13.712934713686554,13.743378829064975,2.6513104558529856,3.6104490122505433
437.2583011068142,13.657228443768808,13.657228443768808,13.71056318501907,13.745053570391322,3.1513104558529856,3.1104490122505433
437.4583277770369,13.665077537623919,13.665077537623919,13.721008985700067,13.74120508921619,3.6513104558529856,2.6104490122505433
437.6583544472596,13.672910193452774,13.672910193452774,13.741885352033513,13.740775715819533,4.151310455852986,3.1104490122505433
437.85838111748234,13.680726333929602,13.680726333929602,13.768475762300007,13.7474856184158,4.651310455852986,3.6104490122505433
438.058407787705,13.68852588189168,13.68852588189168,13.793009742870789,13.763460226821378,4.151310455852986,4.110449012250543
438.2584344579277,13.696308760340084,13.696308760340084,13.811397893396025,13.784778983734363,4.079262647606038,4.610449012250543
438.4584611281504,13.704074892440465,13.704074892440465,13.83226029157714,13.801979083028185,4.023678689745959,4.296336215396237
438.6584877983731,13.711824201523779,13.711824201523779,13.843094148727982,13.824569688008308,3.5236786897459593,4.796336215396237
438.8585144685958,13.719556611087086,13.719556611087086,13.843318949888014,13.845389632278508,3.0236786897459593,4.296336215396237
439.0585411388185,13.727272044794262,13.727272044794262,13.852086603464583,13.856027479880332,3.5236786897459593,3.796336215396237
439.2585678090412,13.734970426476785,13.734970426476785,13.852100238425486,13.858967106590327,3.0236786897459593,3.296336215396237
439.45859447926387,13.742651680134468,13.742651680134468,13.86266381140236,13.856453256319659,3.5236786897459593,2.796336215396237
439.6586211494866,13.75031572993622,13.75031572993622,13.868164163310045,13.861698198595077,3.1615026262744585,3.296336215396237
439.8586478197093,13.757962500220792,13.757962500220792,13.878557010845123,13.857717657867653,3.6615026262744585,2.796336215396237
440.05867448993195,13.765591915497511,13.765591915497511,13.883279027596302,13.861006887012056,3.1615026262744585,3.296336215396237
440.25870116015466,13.77320390044705,13.77320390044705,13.877346433871004,13.873417040415545,2.6615026262744585,3.796336215396237
440.45872783037737,13.780798379922153,13.780798379922153,13.883764839311658,13.887825783552806,3.1615026262744585,3.9407065498719414
440.6587545006001,13.78837527894838,13.78837527894838,13.880795329472935,13.89286921183052,2.6615026262744585,3.4407065498719414
440.85878117082274,13.795934522724849,13.795934522724849,13.864553705452629,13.906787786353844,2.1615026262744585,3.9407065498719414
441.05880784104545,13.80347603662498,13.80347603662498,13.860612388014594,13.923816263464106,2.6615026262744585,4.440706549871941
441.25883451126816,13.810999746197222,13.810999746197222,13.86012295577889,13.946397887999812,2.8843699798531186,4.940706549871941
441.4588611814909,13.818505577165796,13.818505577165796,13.869426466186631,13.965259895276672,3.3843699798531186,4.440706549871941
441.65888785171353,13.825993455431416,13.825993455431416,13.882505485869226,13.97795841655057,3.761634711081679,3.9407065498719414
441.85891452193624,13.833463307072039,13.833463307072039,13.90506043465591,13.983117904224509,4.261634711081679,3.4407065498719414
442.05894119215895,13.840915058343583,13.840915058343583,13.917776379158356,13.991225832295404,3.803884581483621,3.9407065498719414
442.2589678623816,13.848348635680649,13.848348635680649,13.9401733154149,13.996266139012675,4.30388458148362,3.4407065498719414
442.4589945326043,13.85576396569727,13.85576396569727,13.952097510160204,14.006873453811293,3.8038845814836204,3.9407065498719414
442.65902120282703,13.863160975187606,13.863160975187606,13.959600113151533,14.011377145704918,3.3038845814836204,3.4407065498719414
442.85904787304975,13.870539591126692,13.870539591126692,13.972861517807583,14.010763392953606,3.6312104989669476,2.9407065498719414
443.0590745432724,13.877899740671136,13.877899740671136,13.983729492725377,14.00509685393159,3.5331259794958254,2.4407065498719414
443.2591012134951,13.885241351159868,13.885241351159868,13.99921244542331,14.002362551445266,4.033125979495825,2.9407065498719414
443.4591278837178,13.892564350114826,13.892564350114826,14.00751833797287,14.005977919395084,3.533125979495825,3.4407065498719414
443.6591545539405,13.899868665241687,13.899868665241687,14.02329953729017,14.020435071794173,4.033125979495825,3.9407065498719414
443.8591812241632,13.907154224430585,13.907154224430585,14.035565320868377,14.039341066662148,3.7764655110450436,4.440706549871941
444.0592078943859,13.914420955756814,13.914420955756814,14.03781830506596,14.066656736852975,3.2764655110450436,4.940706549871941
444.2592345646086,13.921668787481538,13.921668787481538,14.028671531748634,14.083728813696482,2.7764655110450436,4.440706549871941
444.4592612348313,13.928897648052507,13.928897648052507,14.014964715430152,14.093893830066744,2.2764655110450436,3.9407065498719414
444.659287905054,13.936107466104755,13.936107466104755,14.0092272705897,14.100203419098305,2.7764655110450436,3.4407065498719414
444.8593145752767,13.943298170461308,13.943298170461308,14.01625944036809,14.112169594151009,3.2764655110450436,3.9407065498719414
445.05934124549935,13.950469690133888,13.950469690133888,14.008789301328544,14.116929817447637,2.7764655110450436,3.4407065498719414
445.25936791572207,13.957621954323615,13.957621954323615,14.014330576001573,14.128327682622771,3.2764655110450436,3.9407065498719414
445.4593945859448,13.964754892421702,13.964754892421702,14.028865392096046,14.13384560034723,3.7764655110450436,3.4407065498719414
445.6594212561675,13.97186843401015,13.97186843401015,14.03836771795198,14.133622052600963,3.7067070845082166,2.9407065498719414
445.85944792639015,13.97896250886245,13.97896250886245,14.05124766445865,14.13936678143458,3.718047940096171,3.4407065498719414
446.05947459661286,13.986037046944274,13.986037046944274,14.055104266653416,14.137822230481307,3.218047940096171,2.9407065498719414
446.25950126683557,13.993091978414164,13.993091978414164,14.055551914716938,14.12602537589115,2.9293977407604594,2.4407065498719414
446.4595279370583,14.00012723362422,14.00012723362422,14.047077488796285,14.122690361827638,2.4293977407604594,2.9407065498719414
446.65955460728094,14.007142743120795,14.007142743120795,14.03113356434052,14.115479523503895,2.2091606437380316,2.4407065498719414
446.85958127750365,14.014138437645178,14.014138437645178,14.023995896560086,14.110604619549791,2.7091606437380316,2.786029586452615
447.05960794772636,14.021114248134271,14.021114248134271,14.031449019597272,14.10234897886168,3.2091606437380316,2.286029586452615
447.259634617949,14.028070105721273,14.028070105721273,14.046995580907332,14.0965753405552,3.7091606437380316,2.786029586452615
447.45966128817173,14.035005941736376,14.035005941736376,14.056967271171821,14.092639699426512,3.899892806558301,2.8442514235587155
447.65968795839444,14.041921687707415,14.041921687707415,14.079190493312606,14.097397581710423,4.3998928065583005,3.3442514235587155
447.85971462861716,14.048817275360564,14.048817275360564,14.098508671336324,14.106730735993162,3.8998928065583005,3.8442514235587155
448.0597412988398,14.055692636621004,14.055692636621004,14.124338821116465,14.126369768901412,4.3998928065583005,4.344251423558715
448.2597679690625,14.062547703613598,14.062547703613598,14.138574617369004,14.147405807842539,3.8998928065583005,4.844251423558715
448.45979463928524,14.069382408663557,14.069382408663557,14.146667380823436,14.163783664882168,3.762385192672164,4.344251423558715
448.6598213095079,14.07619668429711,14.07619668429711,14.149521184452889,14.173550457624007,3.262385192672164,3.923511338937587
448.8598479797306,14.082990463242169,14.082990463242169,14.15200462510362,14.187820733990549,3.20243745914272,4.423511338937587
449.0598746499533,14.089763678428994,14.089763678428994,14.165249200184164,14.19466543018182,3.70243745914272,3.923511338937587
449.259901320176,14.096516262990857,14.096516262990857,14.169448829301537,14.202687936696043,3.20243745914272,3.423511338937587
449.4599279903987,14.103248150264694,14.103248150264694,14.173215069750913,14.20286000062532,3.70243745914272,2.923511338937587
449.6599546606214,14.10995927379178,14.10995927379178,14.175808515141023,14.206888598630952,3.289070564929471,3.423511338937587
449.8599813308441,14.116649567318369,14.116649567318369,14.168402641264997,14.203006683246691,2.789070564929471,2.923511338937587
450.06000800106676,14.123318964796347,14.123318964796347,14.166805274664094,14.19304737259352,3.131395284958678,2.423511338937587
450.2600346712895,14.129967400383904,14.129967400383904,14.17741047122945,14.1893809772747,3.631395284958678,2.923511338937587
450.4600613415122,14.136594808446162,14.136594808446162,14.178216844738115,14.192385985487867,3.131395284958678,3.423511338937587
450.6600880117349,14.143201123555828,14.143201123555828,14.187880230006588,14.195313329680557,3.631395284958678,3.4279068745089383
450.86011468195755,14.14978628049385,14.14978628049385,14.19755986027358,14.190381271221543,3.607637005695756,2.9279068745089383
451.06014135218027,14.156350214250057,14.156350214250057,14.196718419277095,14.196238238601389,3.107637005695756,3.4279068745089383
451.260168022403,14.16289286002379,14.16289286002379,14.186645195815885,14.191788825818344,2.607637005695756,2.9279068745089383
451.4601946926257,14.169414153224555,14.169414153224555,14.187889826711531,14.198076832524519,3.107637005695756,3.4279068745089383
451.66022136284835,14.17591402947265,14.17591402947265,14.199138288269715,14.209064729455658,3.607637005695756,3.9279068745089383
451.86024803307106,14.18239242459982,14.18239242459982,14.211340747393724,14.227401582561434,3.8227429010412566,4.427906874508938
452.06027470329377,14.188849274649858,14.188849274649858,14.231345685401,14.239404534977973,4.322742901041257,3.9279068745089383
452.2603013735164,14.195284515879266,14.195284515879266,14.244062610676568,14.254545053963843,3.8227429010412566,4.427906874508938
452.46032804373914,14.201698084757869,14.201698084757869,14.26541967157769,14.270911115431092,4.322742901041257,4.415406410962943
452.66035471396185,14.208089917969453,14.208089917969453,14.281211125560693,14.282643931981132,4.28821198634405,3.9154064109629427
452.86038138418456,14.214459952412374,14.214459952412374,14.29552221533172,14.287751383224599,3.7882119863440504,3.4154064109629427
453.0604080544072,14.220808125200197,14.220808125200197,14.30397883320426,14.299483709203638,3.784350451191948,3.9154064109629427
453.26043472462993,14.22713437366231,14.22713437366231,14.309012212969707,14.304292430069198,3.284350451191948,3.5411575232271497
453.46046139485264,14.233438635344541,14.233438635344541,14.323930360905198,14.305126856396335,3.784350451191948,3.0411575232271497
453.6604880650753,14.239720848009773,14.239720848009773,14.32840115341597,14.311869473776131,3.284350451191948,3.5411575232271497
453.860514735298,14.24598094963857,14.24598094963857,14.339646282900553,14.32305077239005,3.699217074205083,3.9765884424409847
454.0605414055207,14.252218878429776,14.252218878429776,14.343492414328072,14.330819795557929,3.199217074205083,3.4765884424409847
454.26056807574344,14.25843457280113,14.25843457280113,14.353867911995037,14.342489054952987,3.699217074205083,3.9765884424409847
454.4605947459661,14.264627971389874,14.264627971389874,14.35494833802313,14.347532699024283,3.199217074205083,3.4765884424409847
454.6606214161888,14.270799013053367,14.270799013053367,14.366136760452614,14.347895303797763,3.699217074205083,2.9765884424409847
454.8606480864115,14.276947636869671,14.276947636869671,14.368588592710458,14.354961706828133,3.199217074205083,3.4765884424409847
455.06067475663417,14.283073782138164,14.283073782138164,14.364630204904316,14.366273325021181,2.699217074205083,3.9765884424409847
455.2607014268569,14.28917738838014,14.28917738838014,14.365801161211072,14.381589286473146,3.199217074205083,4.476588442440985
455.4607280970796,14.295258395339403,14.295258395339403,14.376857278838678,14.396019064094725,3.699217074205083,3.9765884424409847
455.6607547673023,14.301316742982861,14.301316742982861,14.38685095500646,14.399701583631199,3.543188850259673,3.533537247733884
455.86078143752496,14.307352371501118,14.307352371501118,14.396020712722581,14.409640672137666,3.7615623669325338,4.033537247733884
456.0608081077477,14.313365221309073,14.313365221309073,14.39910001029658,14.41453289651112,3.2615623669325338,3.533537247733884
456.2608347779704,14.319355233046496,14.319355233046496,14.394034833012,14.414871477273914,2.7615623669325338,3.033537247733884
456.4608614481931,14.325322347578624,14.325322347578624,14.40078886523488,14.407436565869434,3.2615623669325338,2.533537247733884
456.66088811841576,14.33126650599673,14.33126650599673,14.408018996732098,14.39448796669503,3.7615623669325338,2.033537247733884
456.86091478863847,14.337187649618729,14.337187649618729,14.410851735266135,14.38538876705403,3.2615623669325338,2.533537247733884
457.0609414588612,14.343085719989736,14.343085719989736,14.401408580591344,14.388040773184823,2.7615623669325338,3.033537247733884
457.26096812908384,14.348960658882648,14.348960658882648,14.400759801997536,14.396707357866214,3.2615623669325338,3.533537247733884
457.46099479930655,14.35481240829873,14.35481240829873,14.41195075914352,14.401157834967158,3.7615623669325338,3.5179806039147286
457.66102146952926,14.36064091046817,14.36064091046817,14.429004502889313,14.41273941734055,4.261562366932534,3.8702976309373445
457.861048139752,14.366446107850667,14.366446107850667,14.439574954564792,14.430724633677151,3.7615623669325338,4.370297630937344
458.0610748099746,14.372227943135975,14.372227943135975,14.44623297436912,14.438946542440222,3.2615623669325338,3.870297630937344
458.26110148019734,14.3779863592445,14.3779863592445,14.457752863227599,14.4442974926438,3.7615623669325338,3.370297630937344
458.46112815042005,14.383721299327842,14.383721299327842,14.473720458624188,14.454909104212755,3.9628721743809803,3.870297630937344
458.6611548206427,14.389432706769357,14.389432706769357,14.480936286926875,14.457481002572589,3.4628721743809803,3.370297630937344
458.8611814908654,14.395120525184728,14.395120525184728,14.493799635080416,14.45380725973492,3.8884420791410323,3.227417154002364
459.06120816108813,14.400784698422509,14.400784698422509,14.496523158755162,14.455284073738998,3.3884420791410323,3.235116912717126
459.26123483131084,14.40642517056469,14.40642517056469,14.506822946823313,14.463438135873565,3.8884420791410323,3.735116912717126
459.4612615015335,14.412041885927232,14.412041885927232,14.5101598804633,14.477294475772045,3.3884420791410323,4.235116912717126
459.6612881717562,14.417634789060646,14.417634789060646,14.507083722830746,14.48613512191041,2.8884420791410323,3.7351169127171264
459.8613148419789,14.423203824750505,14.423203824750505,14.50767194610417,14.489142209867133,2.7496620885173804,3.2351169127171264
460.0613415122016,14.42874893801802,14.42874893801802,14.51072130692368,14.486187541095466,3.2496620885173804,2.7351169127171264
460.2613681824243,14.434270074120562,14.434270074120562,14.502308432164455,14.487573373369703,2.7496620885173804,3.2351169127171264
460.461394852647,14.439767178552216,14.439767178552216,14.504689972321177,14.485548165838981,3.1274354107032614,2.8014204445234947
460.6614215228697,14.445240197044306,14.445240197044306,14.517890021820534,14.487261224473894,3.6274354107032614,3.3014204445234947
460.8614481930924,14.450689075565947,14.450689075565947,14.518785946873574,14.484939773375608,3.1274354107032614,2.8014204445234947
461.0614748633151,14.456113760324557,14.456113760324557,14.52590584118337,14.487912117549325,3.6274354107032614,3.3014204445234947
461.2615015335378,14.461514197766412,14.461514197766412,14.531271553187922,14.499420036907704,3.1274354107032614,3.8014204445234947
461.4615282037605,14.466890334577158,14.466890334577158,14.524518894343144,14.511221271367997,2.6274354107032614,4.074024778733984
461.66155487398316,14.472242117682342,14.472242117682342,14.524711421015473,14.530463353030603,3.1274354107032614,4.574024778733984
461.8615815442059,14.477569494247938,14.477569494247938,14.513236769335265,14.552813873855028,2.6274354107032614,4.883573371628896
462.0616082144286,14.482872411680866,14.482872411680866,14.511871217941497,14.568670248257352,3.1274354107032614,4.383573371628896
462.26163488465124,14.488150817629512,14.488150817629512,14.506696187201987,14.589565730594924,2.6274354107032614,4.883573371628896
462.46166155487396,14.493404659984247,14.493404659984247,14.512395927757998,14.605787089255328,3.1274354107032614,4.383573371628896
462.66168822509667,14.498633886877933,14.498633886877933,14.522731606525628,14.616008253844692,3.6274354107032614,3.883573371628896
462.8617148953194,14.503838446686451,14.503838446686451,14.541080107214563,14.622752503549346,3.9461294838525487,3.383573371628896
463.06174156554204,14.509018288029194,14.509018288029194,14.545732395704585,14.618782841713395,3.4461294838525487,2.883573371628896
463.26176823576475,14.514173359769586,14.514173359769586,14.559275345669853,14.618850993146925,3.9461294838525487,3.0895968823869944
463.46179490598746,14.519303611015577,14.519303611015577,14.566148238788207,14.614613630432727,3.4461294838525487,2.720162140094522
463.6618215762101,14.524408991120154,14.524408991120154,14.563064622832194,14.613586198452928,2.9461294838525487,3.070239470247192
463.8618482464328,14.52948944968184,14.52948944968184,14.566458413873587,14.619494768215342,3.4461294838525487,3.570239470247192
464.06187491665554,14.534544936545181,14.534544936545181,14.579012575939037,14.61811785682782,3.9461294838525487,3.070239470247192
464.26190158687825,14.539575401801258,14.539575401801258,14.6006925672607,14.622516072204524,4.446129483852548,3.570239470247192
464.4619282571009,14.544580795788166,14.544580795788166,14.612415936962057,14.627938721967867,3.9461294838525482,3.554145614944778
464.6619549273236,14.549561069091514,14.549561069091514,14.631527219030769,14.630551412751997,4.446129483852548,3.054145614944778
464.86198159754633,14.5545161725449,14.5545161725449,14.660707034157987,14.633147420731724,4.892574229035902,3.554145614944778
465.062008267769,14.559446057230412,14.559446057230412,14.682200835003757,14.635501782056307,4.392574229035902,3.054145614944778
465.2620349379917,14.564350674479103,14.564350674479103,14.69741109837655,14.624606210020461,3.892574229035902,2.554145614944778
465.4620616082144,14.569229975871465,14.569229975871465,14.716288176822655,14.61465163340906,4.243733053051005,2.054145614944778
465.6620882784371,14.574083913237924,14.574083913237924,14.733296915358896,14.609994921057252,3.743733053051005,2.554145614944778
465.8621149486598,14.578912438659296,14.578912438659296,14.734292471656712,14.60865980633443,3.243733053051005,3.054145614944778
466.0621416188825,14.583715504467277,14.583715504467277,14.72449807471285,14.601696573727791,2.743733053051005,2.554145614944778
466.2621682891052,14.5884930632449,14.5884930632449,14.715219386783675,14.601893370820491,2.4981617329705146,3.054145614944778
466.4621949593279,14.593245067827015,14.593245067827015,14.697020703670436,14.607855790811154,1.9981617329705146,3.554145614944778
466.6622216295506,14.597971471300742,14.597971471300742,14.682817619751587,14.618021477530545,2.4981617329705146,4.054145614944778
466.8622482997733,14.60267222700595,14.60267222700595,14.682094020843483,14.637235132335304,2.9981617329705146,4.554145614944778
467.062274969996,14.6073472885357,14.6073472885357,14.686895625149818,14.648923639809581,3.4981617329705146,4.054145614944778
467.26230164021865,14.611996609736716,14.611996609736716,14.686087267677118,14.65817164910288,2.9981617329705146,3.554145614944778
467.46232831044136,14.616620144709836,14.616620144709836,14.690561217725653,14.670070288632166,3.4981617329705146,4.054145614944778
467.6623549806641,14.621217847810467,14.621217847810467,14.684342969218807,14.678666747844204,2.9981617329705146,3.9858530862595773
467.8623816508868,14.62578967364903,14.62578967364903,14.674433030544654,14.687640364371758,2.4981617329705146,3.4858530862595773
468.06240832110944,14.630335577091415,14.630335577091415,14.660725198903439,14.69222215096417,1.9981617329705146,3.4609515969044313
468.26243499133216,14.634855513259426,14.634855513259426,14.648857246919851,14.688757279537963,2.4981617329705146,2.9609515969044313
468.46246166155487,14.639349437531218,14.639349437531218,14.643632499660935,14.6804872217814,2.9981617329705146,2.4609515969044313
468.6624883317775,14.64381730554174,14.64381730554174,14.649488311826666,14.679590274882537,3.4981617329705146,2.9609515969044313
468.86251500200024,14.648259073183182,14.648259073183182,14.663669101638945,14.683310472498542,3.9981617329705146,3.4609515969044313
469.06254167222295,14.652674696605395,14.652674696605395,14.674373937043011,14.684123670112331,3.6968009298310047,3.254312073875852
469.26256834244566,14.657064132216338,14.657064132216338,14.675529553250607,14.691824552452545,3.1968009298310047,3.754312073875852
469.4625950126683,14.661427336682491,14.661427336682491,14.687809494338497,14.707278742516076,3.6968009298310047,4.254312073875852
469.66262168289103,14.665764266929312,14.665764266929312,14.701306718785542,14.716954228435648,3.820389272202275,3.7543120738758518
469.86264835311374,14.670074880141629,14.670074880141629,14.708284430041246,14.717378765795294,3.320389272202275,3.2543120738758518
470.06267502333645,14.67435913376408,14.67435913376408,14.709664556268985,14.72642992558994,3.145439561144832,3.7543120738758518
470.2627016935591,14.678616985501534,14.678616985501534,14.719071899391833,14.740852806172237,3.645439561144832,4.254312073875852
470.4627283637818,14.68284839331951,14.68284839331951,14.737461565557266,14.747426052595785,4.145439561144832,3.7543120738758518
470.66275503400453,14.687053315444576,14.687053315444576,14.761896095304758,14.749966861216114,4.645439561144832,3.2543120738758518
470.8627817042272,14.691231710364784,14.691231710364784,14.780816779340313,14.744942539184608,4.284127020891322,2.7543120738758518
471.0628083744499,14.695383536830061,14.695383536830061,14.788581541229146,14.746446696547814,3.7841270208913222,3.2543120738758518
471.2628350446726,14.69950875385263,14.69950875385263,14.795462105828477,14.754366100584397,3.2841270208913222,3.7543120738758518
471.4628617148953,14.703607320707398,14.703607320707398,14.790533430260908,14.754658645914137,2.7841270208913222,3.2543120738758518
471.662888385118,14.707679196932382,14.707679196932382,14.778182749148257,14.749044969254015,2.362684507227642,2.7543120738758518
471.8629150553407,14.711724342329088,14.711724342329088,14.76619219750724,14.739552900292443,2.70791109473282,2.2543120738758518
472.0629417255634,14.715742716962913,14.715742716962913,14.746492005543747,14.73472617323891,2.20791109473282,2.7543120738758518
472.26296839578606,14.719734281163545,14.719734281163545,14.742518410833387,14.734682032376528,2.70791109473282,3.2543120738758518
472.4629950660088,14.72369899552535,14.72369899552535,14.747515266693796,14.742302314008587,3.20791109473282,3.7543120738758518
472.6630217362315,14.727636820907758,14.727636820907758,14.751812076191035,14.743451603834716,3.2999626648733393,3.2543120738758518
472.8630484064542,14.731547718435662,14.731547718435662,14.747470266952929,14.738141800888155,2.7999626648733393,2.7543120738758518
473.06307507667685,14.735431649499782,14.735431649499782,14.751788438776211,14.737590153827757,3.2999626648733393,3.175358507959501
473.26310174689957,14.739288575757065,14.739288575757065,14.740353881728957,14.746628051210834,2.7999626648733393,3.675358507959501
473.4631284171223,14.74311845913105,14.74311845913105,14.742945481513562,14.753104391675382,3.2999626648733393,3.5402575811602115
473.66315508734493,14.746921261812256,14.746921261812256,14.751010186943992,14.762843052849984,3.7999626648733393,4.040257581160212
473.86318175756765,14.750696946258543,14.750696946258543,14.752432434866003,14.778394275252571,3.2999626648733393,4.540257581160212
474.06320842779036,14.754445475195492,14.754445475195492,14.761379088089491,14.788239710284149,3.7999626648733393,4.040257581160212
474.26323509801307,14.758166811616768,14.758166811616768,14.78257972065541,14.79510432772775,4.299962664873339,3.7076703469444108
474.4632617682357,14.761860918784484,14.761860918784484,14.797162484359202,14.80891929019222,3.7999626648733393,4.207670346944411
474.66328843845844,14.765527760229572,14.765527760229572,14.822988741032338,14.828748917002615,4.299962664873339,4.707670346944411
474.86331510868115,14.769167299752134,14.769167299752134,14.831277084407304,14.854924476418187,3.7999626648733393,5.207670346944411
475.06334177890386,14.772779501421804,14.772779501421804,14.848425510708594,14.868530327031891,4.299962664873339,4.707670346944411
475.2633684491265,14.776364329578099,14.776364329578099,14.862097344292625,14.886304799205417,3.7999626648733393,4.673435516161361
475.46339511934923,14.779921748830779,14.779921748830779,14.881275104670726,14.89658649410218,4.299962664873339,4.173435516161361
475.66342178957194,14.783451724060184,14.783451724060184,14.889067467334472,14.903414853494597,3.7999626648733393,3.673435516161361
475.8634484597946,14.786954220417593,14.786954220417593,14.894743375208868,14.91806317014395,3.2999626648733393,4.173435516161361
476.0634751300173,14.790429203325562,14.790429203325562,14.905817372743474,14.924590114800747,3.7999626648733393,3.673435516161361
476.26350180024,14.793876638478263,14.793876638478263,14.913150928322974,14.937432053756615,3.539321458016026,4.173435516161361
476.46352847046273,14.797296491841827,14.797296491841827,14.918116571510579,14.94726023485543,3.4036642531588464,3.673435516161361
476.6635551406854,14.800688729654683,14.800688729654683,14.930861597251878,14.944556576544404,3.6693538079322434,3.173435516161361
476.8635818109081,14.80405331842788,14.80405331842788,14.930503024627155,14.951693010712555,3.1693538079322434,3.673435516161361
477.0636084811308,14.807390224945431,14.807390224945431,14.936160254478137,14.951937447960967,3.5435340159911553,3.173435516161361
477.26363515135347,14.81069941626463,14.81069941626463,14.932060373396794,14.94390441439663,3.0435340159911553,2.673435516161361
477.4636618215762,14.813980859716382,14.813980859716382,14.934221273758382,14.933839936309901,3.342911831754921,2.173435516161361
477.6636884917989,14.81723452290553,14.81723452290553,14.929938275868718,14.913639899895061,2.842911831754921,1.6734355161613612
477.8637151620216,14.820460373711166,14.820460373711166,14.913842101575277,14.901704718173429,2.342911831754921,2.173435516161361
478.06374183224426,14.82365838028695,14.82365838028695,14.909268043380559,14.896924900783267,2.842911831754921,2.673435516161361
478.263768502467,14.826828511061436,14.826828511061436,14.892275640086757,14.896744848490945,2.342911831754921,3.173435516161361
478.4637951726897,14.829970734738362,14.829970734738362,14.884331136675867,14.906345287950893,2.750703120362238,3.673435516161361
478.66382184291234,14.833085020296979,14.833085020296979,14.884843366799057,14.90782592674326,3.250703120362238,3.173435516161361
478.86384851313505,14.83617133699235,14.83617133699235,14.875728337154053,14.914379430380592,2.750703120362238,3.673435516161361
479.06387518335777,14.839229654355648,14.839229654355648,14.87334116456755,14.92675163434742,3.250703120362238,4.173435516161361
479.2639018535805,14.842259942194467,14.842259942194467,14.866305784321968,14.939308920038858,2.750703120362238,4.148956192627452
479.46392852380313,14.845262170593108,14.845262170593108,14.866259352717892,14.947171460747594,3.250703120362238,3.648956192627452
479.66395519402585,14.84823630991289,14.84823630991289,14.873565531447573,14.945761206538224,3.750703120362238,3.148956192627452
479.86398186424856,14.851182330792428,14.851182330792428,14.875672205036803,14.941522045228133,3.250703120362238,2.648956192627452
480.06400853447127,14.85410020414793,14.85410020414793,14.874581376674545,14.92979042857238,3.1425518143173696,2.148956192627452
480.2640352046939,14.856989901173483,14.856989901173483,14.881121736003506,14.924971441528381,3.6425518143173696,2.648956192627452
480.46406187491664,14.859851393341337,14.859851393341337,14.89467107744351,14.91058069177394,4.14255181431737,2.148956192627452
480.66408854513935,14.862684652402187,14.862684652402187,14.900468323856085,14.90727636547199,3.64255181431737,2.648956192627452
480.864115215362,14.86548965038545,14.86548965038545,14.91730256483182,14.906829369712517,4.14255181431737,3.148956192627452
481.0641418855847,14.868266359599549,14.868266359599549,14.924636843425208,14.91185009860817,3.64255181431737,3.633999635299865
481.26416855580743,14.871014752632172,14.871014752632172,14.93943948822331,14.913576825470852,4.14255181431737,3.133999635299865
481.46419522603014,14.873734802350555,14.873734802350555,14.965473244785228,14.910321385367313,4.64255181431737,2.804359400332128
481.6642218962528,14.876426481901744,14.876426481901744,14.988169254737791,14.897862485632361,4.14255181431737,2.304359400332128
481.8642485664755,14.879089764712864,14.879089764712864,14.997856826458351,14.893705479072281,3.64255181431737,2.804359400332128
482.0642752366982,14.88172462449138,14.88172462449138,15.00083437642161,14.884341141085018,3.14255181431737,2.304359400332128
482.2643019069209,14.88433103522535,14.88433103522535,14.99555791105144,14.877356018487964,2.64255181431737,2.804359400332128
482.4643285771436,14.886908971183692,14.886908971183692,14.978096773496112,14.868490641797724,2.14255181431737,2.304359400332128
482.6643552473663,14.889458406916436,14.889458406916436,14.968413770096012,14.863911414302006,2.64255181431737,2.804359400332128
482.864381917589,14.891979317254965,14.891979317254965,14.949503472101629,14.856725600952139,2.14255181431737,2.394598648005191
483.06440858781167,14.894471677312277,14.894471677312277,14.937452163306,14.838703152309144,2.4827031111849425,1.894598648005191
483.2644352580344,14.896935462483224,14.896935462483224,14.9301993077951,14.829539904337734,2.9827031111849425,2.394598648005191
483.4644619282571,14.899370648444759,14.899370648444759,14.930947883294802,14.827400116289462,3.4827031111849425,2.894598648005191
483.66448859847975,14.901777211156162,14.901777211156162,14.93034847003723,14.828031797862776,2.9827031111849425,3.394598648005191
483.86451526870246,14.904155126859298,14.904155126859298,14.918315737221153,14.834233060360058,2.4827031111849425,3.894598648005191
484.0645419389252,14.906504372078842,14.906504372078842,14.905905879957823,14.841469785909489,2.7493946155590225,3.6918747123853093
484.2645686091479,14.908824923622507,14.908824923622507,14.905742555679074,14.85554678817338,3.2493946155590225,4.191874712385309
484.46459527937054,14.911116758581278,14.911116758581278,14.898223474744803,14.875319813742568,2.7493946155590225,4.691874712385309
484.66462194959325,14.913379854329634,14.913379854329634,14.897415335063412,14.900124548535102,2.8758725047425875,5.191874712385309
484.86464861981597,14.915614188525776,14.915614188525776,14.902469104459431,14.920792983625107,3.3758725047425875,4.855351340978047
485.0646752900387,14.917819739111849,14.917819739111849,14.91131261494486,14.946854644978275,3.8758725047425875,5.355351340978047
485.26470196026133,14.919996484314147,14.919996484314147,14.911808896777666,14.9694850886311,3.3758725047425875,4.855351340978047
485.46472863048405,14.922144402643351,14.922144402643351,14.919809659512667,14.989804474645236,3.8758725047425875,4.926447128691131
485.66475530070676,14.924263472894717,14.924263472894717,14.926534520786765,15.005859590822958,3.3758725047425875,4.426447128691131
485.8647819709294,14.926353674148297,14.926353674148297,14.937617570128566,15.013855427607524,3.8758725047425875,3.926447128691131
486.0648086411521,14.928414985769148,14.928414985769148,14.957814269167672,15.019888804815496,4.3758725047425875,3.426447128691131
486.26483531137484,14.930447387407533,14.930447387407533,14.970918013833792,15.018231273733798,3.8758725047425875,2.926447128691131
486.46486198159755,14.932450858999113,14.932450858999113,14.992311386744158,15.019396756460358,4.3758725047425875,3.426447128691131
486.6648886518202,14.934425380765159,14.934425380765159,14.997667661388993,15.015864205095081,3.8758725047425875,2.926447128691131
486.8649153220429,14.936370933212745,14.936370933212745,15.003836300691438,15.008781208243677,3.3758725047425875,2.426447128691131
487.06494199226563,14.938287497134928,14.938287497134928,15.000360121644233,14.993901409394008,2.8758725047425875,1.926447128691131
487.2649686624883,14.94017505361095,14.94017505361095,14.985645135966772,14.984877303245943,2.3758725047425875,2.426447128691131
487.464995332711,14.942033584006428,14.942033584006428,14.961827398778352,14.970299371079738,1.8758725047425875,1.926447128691131
487.6650220029337,14.943863069973517,14.943863069973517,14.94412318405155,14.956112017910979,2.3758725047425875,1.8639837196569444
487.8650486731564,14.94566349345112,14.94566349345112,14.938717976987967,14.943338577670632,2.8758725047425875,2.3639837196569444
488.0650753433791,14.947434836665039,14.947434836665039,14.941421503772874,14.939999944144308,3.3758725047425875,2.8639837196569444
488.2651020136018,14.949177082128172,14.949177082128172,14.950449188868935,14.930920302815956,3.8758725047425875,2.4837710272729705
488.4651286838245,14.950890212640672,14.950890212640672,14.962377276052417,14.9294401385502,3.480852585367571,2.9837710272729705
488.66515535404716,14.952574211290123,14.952574211290123,14.955439096682314,14.921448397508685,2.980852585367571,2.4837710272729705
488.86518202426987,14.954229061451706,14.954229061451706,14.945292973071059,14.920317162835012,2.480852585367571,2.9837710272729705
489.0652086944926,14.955854746788361,14.955854746788361,14.943688961014958,14.928251200843285,2.980852585367571,3.4837710272729705
489.2652353647153,14.957451251250951,14.957451251250951,14.932357415782583,14.934645959502097,2.480852585367571,3.9837710272729705
489.46526203493795,14.95901855907842,14.95901855907842,14.928481005652174,14.941524932785804,2.980852585367571,3.4837710272729705
489.66528870516066,14.960556654797944,14.960556654797944,14.915756363902652,14.950500433348054,2.480852585367571,3.9837710272729705
489.8653153753834,14.962065523225093,14.962065523225093,14.910469160745315,14.968171119418246,2.980852585367571,4.4837710272729705
490.0653420456061,14.963545149463968,14.963545149463968,14.906474502250303,14.978698139105502,2.8172265783893327,3.9837710272729705
490.26536871582874,14.964995518907367,14.964995518907367,14.908300182083886,14.995362125317305,3.3172265783893327,4.4837710272729705
490.46539538605145,14.966416617236906,14.966416617236906,14.92017883397697,15.005880010212877,3.8172265783893327,3.9837710272729705
490.66542205627417,14.967808430423181,14.967808430423181,14.922031952698052,15.009197484687254,3.3172265783893327,3.4837710272729705
490.8654487264968,14.96917094472589,14.96917094472589,14.930713421442658,15.010591171654935,3.8172265783893327,3.3626227062900096
491.06547539671953,14.970504146693985,14.970504146693985,14.936873209789812,15.006739373070252,3.664358436746551,2.8626227062900096
491.26550206694225,14.971808023165787,14.971808023165787,14.932988070020121,14.998130570461496,3.164358436746551,2.3626227062900096
491.46552873716496,14.97308256126913,14.97308256126913,14.941384716697707,14.993836847350202,3.664358436746551,2.795373688637122
491.6655554073876,14.974327748421484,14.974327748421484,14.940815723666631,14.995309771692197,3.286841616331957,3.295373688637122
491.8655820776103,14.975543572330077,14.975543572330077,14.945078918744064,15.003528862021968,3.2211002727113596,3.7558532505403477
492.06560874783304,14.976730020992015,14.976730020992015,14.957620034938046,15.01304012995741,3.7211002727113596,3.770469241636559
492.2656354180557,14.977887082694407,14.977887082694407,14.96039219640834,15.01421315780695,3.2211002727113596,3.270469241636559
492.4656620882784,14.979014746014474,14.979014746014474,14.973246049017945,15.012436258868027,3.7211002727113596,2.770469241636559
492.6656887585011,14.980112999819667,14.980112999819667,14.968380886117513,15.012578159321887,3.2211002727113596,3.270469241636559
492.86571542872383,14.981181833267776,14.981181833267776,14.960865827712807,15.00709355350496,2.7211002727113596,2.843584250301636
493.0657420989465,14.982221235807026,14.982221235807026,14.963200029950837,14.992546680297782,3.2211002727113596,2.343584250301636
493.2657687691692,14.983231197176202,14.983231197176202,14.962740309689758,14.990183970657666,3.539055639016489,2.843584250301636
493.4657954393919,14.984211707404736,14.984211707404736,14.958781403330317,14.978832999672429,3.039055639016489,2.343584250301636
493.66582210961457,14.985162756812802,14.985162756812802,14.947930337495885,14.973120802351485,2.539055639016489,2.843584250301636
493.8658487798373,14.986084336011425,14.986084336011425,14.944345831590015,14.96206670983667,3.039055639016489,2.343584250301636
494.06587545006,14.986976435902564,14.986976435902564,14.935140244290489,14.958210876129346,2.7765280283059655,2.843584250301636
494.2659021202827,14.987839047679206,14.987839047679206,14.936874507105587,14.958160193401039,3.2765280283059655,3.2453233414230622
494.46592879050536,14.98867216282545,14.98867216282545,14.924096191408008,14.966128213082145,2.7765280283059655,3.7453233414230622
494.66595546072807,14.989475773116592,14.989475773116592,14.92321363987386,14.976680532891661,3.2765280283059655,4.245323341423062
494.8659821309508,14.990249870619209,14.990249870619209,14.929709788741034,14.980603672139054,3.7765280283059655,3.7453233414230622
495.0660088011735,14.99099444769123,14.99099444769123,14.939510247198195,14.989870137724113,3.723877566103605,4.007414539054777
495.26603547139615,14.991709496982024,14.991709496982024,14.954152817309302,15.00787720867615,4.019256956729016,4.507414539054777
495.46606214161886,14.992395011432457,14.992395011432457,14.967525436160264,15.01778620669398,4.068975567431784,4.007414539054777
495.6660888118416,14.993050984274976,14.993050984274976,14.983810816447642,15.021769240374063,4.32738726314545,3.5074145390547766
495.86611548206423,14.993677409033667,14.993677409033667,14.995929278137579,15.029913400980657,3.82738726314545,4.007414539054777
496.06614215228694,14.994274279524323,14.994274279524323,14.994913853645013,15.046534298209588,3.32738726314545,4.507414539054777
496.26616882250966,14.994841589854497,14.994841589854497,15.00693962285946,15.071919504529571,3.82738726314545,4.829517915899957
496.46619549273237,14.995379334423575,14.995379334423575,15.005491339458072,15.08324201520979,3.32738726314545,4.329517915899957
496.666222162955,14.99588750792282,14.99588750792282,14.997670364256587,15.089430538338085,2.82738726314545,3.829517915899957
496.86624883317774,14.996366105335428,14.996366105335428,14.981744767171538,15.10520223310148,2.32738726314545,4.329517915899957
497.06627550340045,14.99681512193657,14.99681512193657,14.973252646589437,15.114978827704304,2.410685510292073,3.829517915899957
497.2663021736231,14.99723455329346,14.99723455329346,14.966851333258523,15.117483796318009,2.910685510292073,3.329517915899957
497.4663288438458,14.99762439526537,14.99762439526537,14.966486258069695,15.113143770950892,3.410685510292073,2.829517915899957
497.6663555140685,14.997984644003692,14.997984644003692,14.960769382804209,15.102942653963105,3.0031166902170345,2.329517915899957
497.86638218429124,14.998315295951969,14.998315295951969,14.945615085207397,15.086570810549036,2.5031166902170345,1.8295179158999568
498.0664088545139,14.998616347845928,14.998616347845928,14.943663955651562,15.069589095223021,3.0031166902170345,1.8685529465574007
498.2664355247366,14.998887796713516,14.998887796713516,14.927327719952062,15.047822623052696,2.5031166902170345,1.3685529465574007
498.4664621949593,14.99912963987493,14.99912963987493,14.924100043531485,15.032802127145903,3.0031166902170345,1.8685529465574007
498.666488865182,14.999341874942637,14.999341874942637,14.92830986325926,15.010896265885325,3.5031166902170345,1.3685529465574007
498.8665155354047,14.999524499821401,14.999524499821401,14.93998686509582,14.993603180282097,4.003116690217034,1.8685529465574007
499.0665422056274,14.999677512708313,14.999677512708313,14.95969434145407,14.977957543000144,4.503116690217034,2.3685529465574007
499.2665688758501,14.999800912092795,14.999800912092795,14.969524384603362,14.973286486439957,4.003116690217034,2.8685529465574007
499.46659554607277,14.999894696756613,14.999894696756613,14.984281290357515,14.964027513161117,4.503116690217034,2.3685529465574007
499.6666222162955,14.999958865773909,14.999958865773909,15.00712564272569,14.962364988208407,4.743184142293047,2.8685529465574007
499.8666488865182,14.999993418511192,14.999993418511192,15.021704198170534,14.961987467266885,4.243184142293047,3.3685529465574007
500.0666755567409,14.999998354627348,14.999998354627348,15.028641834629065,14.967535307252465,3.743184142293047,3.8685529465574007
500.26670222696356,14.999973674073644,14.999973674073644,15.027938348321099,14.980755460942998,3.243184142293047,4.287625366250568
500.4667288971863,14.999919377093736,14.999919377093736,15.034639759221912,15.001109856314072,3.743184142293047,4.787625366250568
500.666755567409,14.999835464223656,14.999835464223656,15.052599397687612,15.014915525136717,4.243184142293047,4.287625366250568
500.86678223763164,14.99972193629181,14.99972193629181,15.058997334170245,15.034944434263757,3.7437355813015927,4.787625366250568
501.06680890785435,14.99957879441897,14.99957879441897,15.056215674614815,15.04978594622304,3.2437355813015927,4.287625366250568
501.26683557807706,14.999406040018266,14.999406040018266,15.048577357549489,15.05754693022176,2.7437355813015927,3.787625366250568
501.4668622482998,14.99920367479517,14.99920367479517,15.030618841539324,15.069535681036307,2.2437355813015927,4.287625366250568
501.66688891852243,14.998971700747479,14.998971700747479,15.00634837022184,15.07777698287081,1.7437355813015927,3.787625366250568
501.86691558874514,14.998710120165292,14.998710120165292,14.972811795809292,15.07654538330619,1.2437355813015927,3.287625366250568
502.06694225896786,14.998418935630994,14.998418935630994,14.932704315476032,15.073892314823274,0.7437355813015927,2.787625366250568
502.2669689291905,14.998098150019223,14.998098150019223,14.894668633313202,15.05928214082689,1.2437355813015927,2.287625366250568
502.4669955994132,14.997747766496849,14.997747766496849,14.875479271428194,15.051646281698618,1.7437355813015927,2.787625366250568
502.66702226963594,14.997367788522938,14.997367788522938,14.856238117188303,15.039779566893559,2.2437355813015927,2.287625366250568
502.86704893985865,14.99695821984872,14.99695821984872,14.849150135777979,15.024035541984707,2.7437355813015927,1.787625366250568
503.0670756100813,14.99651906451755,14.99651906451755,14.848766625436651,14.998728377142562,3.2437355813015927,1.287625366250568
503.267102280304,14.996050326864871,14.996050326864871,14.856485916148106,14.97466784894368,3.7437355813015927,1.4992526210332433
503.4671289505267,14.995552011518168,14.995552011518168,14.862796782506935,14.956109830974837,3.833721129413867,1.9992526210332433
503.66715562074944,14.995024123396922,14.995024123396922,14.866071235863599,14.949265483621726,3.333721129413867,2.4992526210332433
503.8671822909721,14.994466667712569,14.994466667712569,14.873774306671413,14.9481718887758,3.833721129413867,2.9220978938325834
504.0672089611948,14.993879649968434,14.993879649968434,14.879066041424645,14.953927585065959,3.6377352218605097,3.4220978938325834
504.2672356314175,14.993263075959696,14.993263075959696,14.892111210023257,14.965101742022226,4.13773522186051,3.9220978938325834
504.4672623016402,14.99261695177331,14.99261695177331,14.914649640552625,14.975652323579565,4.445097519700312,3.9995085176675937
504.6672889718629,14.991941283787964,14.991941283787964,14.942184975039545,14.994720246197517,4.945097519700312,4.499508517667594
504.8673156420856,14.991236078674007,14.991236078674007,14.961205577524332,15.0101609147745,4.445097519700312,4.435847872482688
505.0673423123083,14.990501343393385,14.990501343393385,14.970807536948866,15.020569852895179,3.9450975197003118,3.9358478724826877
505.26736898253097,14.989737085199572,14.989737085199572,14.989993493276314,15.023930078774532,4.445097519700312,3.4358478724826877
505.4673956527537,14.988943311637499,14.988943311637499,14.99660501630465,15.016255293626692,3.9450975197003118,2.9358478724826877
505.6674223229764,14.988120030543483,14.988120030543483,15.011862501411148,15.006682673733549,4.445097519700312,2.4358478724826877
505.86744899319905,14.987267250045141,14.987267250045141,15.019768558971705,14.997854441593129,3.9450975197003118,2.623533415558614
506.06747566342176,14.986384978561317,14.986384978561317,15.020119491726042,14.987007853694394,3.4450975197003118,2.123533415558614
506.2675023336445,14.985473224801998,14.985473224801998,15.012360705739379,14.982469761243188,2.9450975197003118,2.623533415558614
506.4675290038672,14.984531997768226,14.984531997768226,15.00260338097449,14.981428244325786,2.772643618542338,3.123533415558614
506.66755567408984,14.983561306752007,14.983561306752007,14.985762219786697,14.987148561969246,2.272643618542338,3.623533415558614
506.86758234431255,14.982561161336227,14.982561161336227,14.9793233727698,15.00145036524826,2.772643618542338,4.123533415558613
507.06760901453526,14.981531571394548,14.981531571394548,14.968874964938667,15.006882262154411,2.5605030033292238,3.6235334155586134
507.2676356847579,14.98047254709132,14.98047254709132,14.967148022305112,15.006445805759501,3.0605030033292238,3.1235334155586134
507.46766235498063,14.979384098881473,14.979384098881473,14.953203775470005,14.999378389146173,2.5605030033292238,2.6235334155586134
507.66768902520334,14.978266237510416,14.978266237510416,14.948027877924089,14.98664851818777,3.0605030033292238,2.1235334155586134
507.86771569542606,14.97711897401393,14.97711897401393,14.939632400254744,14.977973803156711,2.5605030033292238,2.6235334155586134
508.0677423656487,14.975942319718067,14.975942319718067,14.935775042552478,14.969399169279688,3.0605030033292238,2.3345620322928746
508.2677690358714,14.974736286239024,14.974736286239024,14.937799923212337,14.952123294595443,3.5605030033292238,1.8345620322928746
508.46779570609414,14.97350088548304,14.97350088548304,14.950849141536962,14.94310656379944,4.060503003329224,2.3345620322928746
508.66782237631685,14.972236129646273,14.972236129646273,14.960442419965316,14.93945399156468,3.5605030033292238,2.8345620322928746
508.8678490465395,14.970942031214683,14.970942031214683,14.951462444705562,14.929095123307464,3.0605030033292238,2.3345620322928746
509.0678757167622,14.969618602963905,14.969618602963905,14.939776127678305,14.926317083183518,2.5605030033292238,2.8345620322928746
509.26790238698493,14.968265857959127,14.968265857959127,14.936435842901028,14.927401240655785,3.0605030033292238,3.3345620322928746
509.4679290572076,14.966883809554954,14.966883809554954,14.92536037337917,14.92119140209,2.5605030033292238,2.8345620322928746
509.6679557274303,14.96547247139529,14.96547247139529,14.921978727897478,14.924079403957158,3.0605030033292238,3.3345620322928746
509.867982397653,14.964031857413179,14.964031857413179,14.917516495338543,14.920154862618967,2.8468407698864224,2.8345620322928746
510.0680090678757,14.9625619818307,14.9625619818307,14.916439593449704,14.924323521074346,3.3468407698864224,3.3345620322928746
510.2680357380984,14.961062859158796,14.961062859158796,14.930789002236395,14.917186081349879,3.8171903517128425,2.8345620322928746
510.4680624083211,14.959534504197151,14.959534504197151,14.929193282396517,14.918296445727181,3.3171903517128425,3.3345620322928746
510.6680890785438,14.957976932034033,14.957976932034033,14.938803030427263,14.908916527808213,3.8171903517128425,2.8345620322928746
510.86811574876646,14.956390158046151,14.956390158046151,14.945043614100888,14.913443028558246,3.3171903517128425,3.334562032292875
511.06814241898917,14.954774197898505,14.954774197898505,14.937944837926052,14.919820040666815,2.8171903517128425,3.834562032292875
511.2681690892119,14.953129067544216,14.953129067544216,14.939399845101459,14.923341283851464,3.3171903517128425,3.334562032292875
511.4681957594346,14.951454783224392,14.951454783224392,14.947278653179833,14.921469699429725,3.8171903517128425,2.834562032292875
511.66822242965725,14.94975136146795,14.94975136146795,14.956242684550396,14.922029311386012,4.084353692007463,3.2694225014916865
511.86824909987996,14.948018819091457,14.948018819091457,14.965882937241464,14.917640817050591,3.919526040784054,2.7694225014916865
512.0682757701027,14.94625717319897,14.94625717319897,14.968012394701999,14.914937473477371,3.419526040784054,3.244073863863444
512.2683024403253,14.944466441181861,14.944466441181861,14.96433323592612,14.92575741342286,2.919526040784054,3.744073863863444
512.4683291105481,14.94264664071864,14.94264664071864,14.967220594173238,14.939722678492851,3.419526040784054,4.244073863863444
512.6683557807708,14.940797789774802,14.940797789774802,14.957588285920773,14.958642169388153,2.919526040784054,4.547279989816112
512.8683824509934,14.938919906602619,14.938919906602619,14.956241999501186,14.97075211824177,3.2779960074983525,4.047279989816112
513.0684091212162,14.937013009740987,14.937013009740987,14.961560347866955,14.970549367136975,3.7779960074983525,3.5472799898161123
513.2684357914388,14.935077118015228,14.935077118015228,14.958601712437481,14.968843501357306,3.2779960074983525,3.0472799898161123
513.4684624616615,14.933112250536906,14.933112250536906,14.964412908452841,14.962591634953888,3.4533016577689444,2.5472799898161123
513.6684891318843,14.931118426703643,14.931118426703643,14.95800123737475,14.948751589573748,2.9533016577689444,2.0472799898161123
513.8685158021069,14.929095666198924,14.929095666198924,14.948791109234707,14.940962898756387,2.4533016577689444,2.5472799898161123
514.0685424723296,14.927043988991903,14.927043988991903,14.921697219714218,14.930937695636418,1.9533016577689444,2.0472799898161123
514.2685691425523,14.924963415337206,14.924963415337206,14.907163922716897,14.920705427484855,2.4533016577689444,2.5472799898161123
514.468595812775,14.922853965774735,14.922853965774735,14.901062975618638,14.919864518652675,2.9533016577689444,3.0472799898161123
514.6686224829978,14.920715661129453,14.920715661129453,14.900762826916809,14.927268402313587,3.4533016577689444,3.5472799898161123
514.8686491532204,14.918548522511198,14.918548522511198,14.91073656228984,14.933308902236067,3.9533016577689444,3.6999494576750376
515.0686758234431,14.916352571314457,14.916352571314457,14.911353079685854,14.933527820076383,3.4533016577689444,3.1999494576750376
515.2687024936658,14.914127829218158,14.914127829218158,14.905961168180678,14.921914952178453,2.9533016577689444,2.6999494576750376
515.4687291638885,14.911874318185468,14.911874318185468,14.89537083874084,14.907511792793425,2.4533016577689444,2.1999494576750376
515.6687558341112,14.909592060463565,14.909592060463565,14.890167798062155,14.900033546095338,2.9533016577689444,2.6999494576750376
515.8687825043339,14.907281078583413,14.907281078583413,14.886985369117145,14.89852311938773,3.0832122833556657,3.1999494576750376
516.0688091745566,14.90494139535956,14.90494139535956,14.870424130162872,14.89249563816413,2.5832122833556657,2.6999494576750376
516.2688358447792,14.90257303388989,14.90257303388989,14.869175443984938,14.893756682530377,3.009885489312834,3.1724908659137543
516.468862515002,14.900176017555408,14.900176017555408,14.873107587589997,14.889519365484231,3.509885489312834,3.045135321483113
516.6688891852247,14.897750370020011,14.897750370020011,14.863510198046635,14.880390653878793,3.009885489312834,2.545135321483113
516.8689158554474,14.895296115230245,14.895296115230245,14.86747493443485,14.87452622451327,3.509885489312834,2.683157903400724
517.0689425256701,14.892813277415074,14.892813277415074,14.86398722730189,14.865010807639656,3.009885489312834,2.183157903400724
517.2689691958927,14.890301881085643,14.890301881085643,14.86560767300754,14.854729102427708,3.509885489312834,2.683157903400724
517.4689958661155,14.887761951035026,14.887761951035026,14.877692813637461,14.855552244373895,4.009885489312834,3.183157903400724
517.6690225363382,14.885193512337999,14.885193512337999,14.880764452442994,14.864183717714502,3.5098854893128344,3.683157903400724
517.8690492065608,14.882596590350772,14.882596590350772,14.891822319484803,14.863715178101902,4.009885489312834,3.183157903400724
518.0690758767836,14.879971210710753,14.879971210710753,14.895357801308423,14.868804888418111,3.5098854893128344,3.647110176110059
518.2691025470062,14.877317399336292,14.877317399336292,14.889408485584212,14.871738054750736,3.0098854893128344,3.147110176110059
518.4691292172289,14.874635182426424,14.874635182426424,14.89173955618392,14.875491506258141,3.5098854893128344,3.647110176110059
518.6691558874517,14.871924586460601,14.871924586460601,14.885738665312218,14.876187045895657,3.0098854893128344,3.147110176110059
518.8691825576743,14.869185638198454,14.869185638198454,14.871546729460094,14.870452411364125,2.5098854893128344,3.0972602450614555
519.069209227897,14.866418364679502,14.866418364679502,14.869059575460943,14.864954984908062,3.0098854893128344,2.754050045120757
519.2692358981197,14.863622793222902,14.863622793222902,14.853353845324646,14.86313731695948,2.5098854893128344,3.254050045120757
519.4692625683424,14.860798951427178,14.860798951427178,14.850830620168155,14.85551585422787,3.0098854893128344,2.754050045120757
519.6692892385652,14.857946867169936,14.857946867169936,14.831024106053192,14.842887187321868,2.5098854893128344,2.254050045120757
519.8693159087878,14.855066568607612,14.855066568607612,14.817310368689412,14.825421979396706,2.6108258766860564,1.7540500451207568
520.0693425790105,14.852158084175167,14.852158084175167,14.797882262350923,14.810950916392972,2.1108258766860564,2.254050045120757
520.2693692492333,14.849221442585824,14.849221442585824,14.784754537550995,14.804129586976154,2.6108258766860564,2.754050045120757
520.4693959194559,14.846256672830783,14.846256672830783,14.784221929638104,14.806182592536842,3.1108258766860564,3.254050045120757
520.6694225896786,14.84326380417893,14.84326380417893,14.789636108372319,14.810931415487168,3.6108258766860564,3.754050045120757
520.8694492599013,14.840242866176544,14.840242866176544,14.800631484546743,14.824219306848093,4.0053656589676,4.254050045120756
521.069475930124,14.83719388864702,14.83719388864702,14.814117506705408,14.832926379437904,4.087187447863622,3.7540500451207564
521.2695026003466,14.83411690169056,14.83411690169056,14.825908744485623,14.835683802737602,4.198509304351147,3.2540500451207564
521.4695292705694,14.83101193568388,14.83101193568388,14.830791292741534,14.828205221059955,3.6985093043511474,2.7540500451207564
521.6695559407921,14.827879021279923,14.827879021279923,14.828343769137463,14.82985664197188,3.1985093043511474,3.2540500451207564
521.8695826110148,14.824718189407527,14.824718189407527,14.816059119167873,14.838087479012597,2.6985093043511474,3.7540500451207564
522.0696092812375,14.821529471271154,14.821529471271154,14.808846643236674,14.856036617991876,3.1985093043511474,4.254050045120756
522.2696359514601,14.818312898350555,14.818312898350555,14.79932549362323,14.87261364949927,2.6985093043511474,4.62159246747507
522.4696626216829,14.815068502400473,14.815068502400473,14.778304043153007,14.883589123201537,2.1985093043511474,4.12159246747507
522.6696892919056,14.81179631545033,14.81179631545033,14.7594361305397,14.887491991203367,2.6985093043511474,3.62159246747507
522.8697159621282,14.808496369803903,14.808496369803903,14.760914167937287,14.888960285182634,3.1985093043511474,3.224306839057231
523.069742632351,14.805168698039006,14.805168698039006,14.768167168890137,14.884177483427244,3.6985093043511474,2.724306839057231
523.2697693025736,14.801813333007182,14.801813333007182,14.763626609921829,14.875482392942512,3.1985093043511474,2.388437047153701
523.4697959727963,14.798430307833359,14.798430307833359,14.752854776600838,14.860237439210584,2.8297803244414155,1.888437047153701
523.6698226430191,14.795019655915532,14.795019655915532,14.751202930272452,14.841028622921165,3.3297803244414155,1.6312735297751109
523.8698493132417,14.791581410924444,14.791581410924444,14.746202376713358,14.81004522582278,2.8297803244414155,1.1312735297751109
524.0698759834644,14.78811560680323,14.78811560680323,14.727175700543237,14.778602527615,2.3297803244414155,0.6312735297751109
524.2699026536872,14.784622277767099,14.784622277767099,14.717617039841732,14.749524473866073,2.8297803244414155,1.1312735297751106
524.4699293239098,14.781101458303002,14.781101458303002,14.701802060102706,14.729072593586272,2.3297803244414155,1.6312735297751106
524.6699559941326,14.777553183169267,14.777553183169267,14.675074341976508,14.71786988123887,1.9973711142559332,2.1312735297751106
524.8699826643552,14.773977487395284,14.773977487395284,14.659660788476938,14.714140188476508,2.497371114255933,2.6312735297751106
525.0700093345779,14.770374406281135,14.770374406281135,14.651208946579334,14.713347630190201,2.997371114255933,3.1312735297751106
525.2700360048007,14.76674397539726,14.76674397539726,14.656191583993383,14.71813976232991,3.497371114255933,3.6312735297751106
525.4700626750233,14.763086230584108,14.763086230584108,14.658204326721304,14.715212420680974,3.21195992359043,3.1312735297751106
525.670089345246,14.759401207951766,14.759401207951766,14.662373007688439,14.720897375232237,3.71195992359043,3.6312735297751106
525.8701160154687,14.755688943879623,14.755688943879623,14.662609931222049,14.720513174861157,3.21195992359043,3.1312735297751106
526.0701426856914,14.751949475016001,14.751949475016001,14.659859488340945,14.715868862214613,3.0213629185852966,2.6312735297751106
526.270169355914,14.74818283827779,14.74818283827779,14.657260417325432,14.713622871282451,3.201915038957496,3.1312735297751106
526.4701960261368,14.744389070850087,14.744389070850087,14.664155068204135,14.709928638830956,3.701915038957496,2.6312735297751106
526.6702226963595,14.740568210185836,14.740568210185836,14.664765292493282,14.69573833562689,3.201915038957496,2.1312735297751106
526.8702493665822,14.736720294005444,14.736720294005444,14.651518797134985,14.689052297921453,2.7338358903997126,2.6312735297751106
527.0702760368049,14.732845360296421,14.732845360296421,14.647665333267977,14.675605212071442,3.2338358903997126,2.1312735297751106
527.2703027070276,14.728943447312998,14.728943447312998,14.642942661255786,14.656410787494838,2.943785007275665,1.6312735297751106
527.4703293772503,14.725014593575752,14.725014593575752,14.64618919275031,14.646566195322434,3.443785007275665,2.1312735297751106
527.670356047473,14.72105883787123,14.72105883787123,14.651812853375379,14.640225273953009,3.943785007275665,2.6312735297751106
527.8703827176956,14.717076219251553,14.717076219251553,14.656872979850135,14.628848792538912,3.443785007275665,2.1312735297751106
528.0704093879184,14.71306677703404,14.71306677703404,14.66251997271106,14.621229909867283,3.943785007275665,2.6312735297751106
528.2704360581411,14.709030550800827,14.709030550800827,14.664698207348412,14.607479204194181,3.443785007275665,2.1312735297751106
528.4704627283637,14.704967580398462,14.704967580398462,14.672449135002436,14.600319160230493,3.8923572594940055,2.6312735297751106
528.6704893985865,14.700877905937514,14.700877905937514,14.674831441820517,14.591592128605194,3.3923572594940055,2.1312735297751106
528.8705160688091,14.696761567792187,14.696761567792187,14.670946674858065,14.584795933009973,3.048811992592009,2.6312735297751106
529.0705427390318,14.692618606599915,14.692618606599915,14.657308161137319,14.572882232070047,2.548811992592009,2.1312735297751106
529.2705694092546,14.688449063260952,14.688449063260952,14.654326478576513,14.567116002660542,3.048811992592009,2.6312735297751106
529.4705960794772,14.684252978937991,14.684252978937991,14.640549970478714,14.554663208064248,2.548811992592009,2.300491294864052
529.6706227497,14.680030395055729,14.680030395055729,14.632275993650591,14.550867349832247,2.884104019773645,2.800491294864052
529.8706494199226,14.675781353300486,14.675781353300486,14.632693174062945,14.551512389791366,3.384104019773645,3.300491294864052
530.0706760901453,14.67150589561977,14.67150589561977,14.643257593176095,14.561382515148532,3.884104019773645,3.800491294864052
530.2707027603681,14.667204064221876,14.667204064221876,14.645514080783828,14.573773753075196,3.384104019773645,4.300491294864052
530.4707294305907,14.662875901575472,14.662875901575472,14.637291508152481,14.579835081002432,2.884104019773645,3.8004912948640523
530.6707561008134,14.658521450409168,14.658521450409168,14.61863148645219,14.579873323343424,2.384104019773645,3.3004912948640523
530.8707827710361,14.654140753711099,14.654140753711099,14.613315658531622,14.589330768517558,2.884104019773645,3.8004912948640523
531.0708094412588,14.64973385472851,14.64973385472851,14.597680155462756,14.589734504213466,2.384104019773645,3.3004912948640523
531.2708361114815,14.645300796967309,14.645300796967309,14.593689888245684,14.58542917238618,2.884104019773645,2.8004912948640523
531.4708627817042,14.640841624191658,14.640841624191658,14.57757777842417,14.58677188887113,2.384104019773645,3.3004912948640523
531.6708894519269,14.636356380423535,14.636356380423535,14.550693957541274,14.587632904906567,1.8841040197736452,2.966925344109085
531.8709161221497,14.631845109942287,14.631845109942287,14.526898342817645,14.575680194843152,1.709852254346752,2.466925344109085
532.0709427923723,14.62730785728421,14.62730785728421,14.514878817636848,14.571459672082776,2.2098522543467523,2.966925344109085
532.270969462595,14.622744667242102,14.622744667242102,14.491808716368162,14.577017292160994,2.243731750497982,3.466925344109085
532.4709961328177,14.618155584864812,14.618155584864812,14.477237727673822,14.573780410721657,2.5848272432255954,2.966925344109085
532.6710228030404,14.61354065545682,14.61354065545682,14.474190811098236,14.565365402396951,3.0848272432255954,2.466925344109085
532.871049473263,14.608899924577758,14.608899924577758,14.461946885760032,14.56449279034316,2.5848272432255954,2.966925344109085
533.0710761434858,14.604233438041982,14.604233438041982,14.457299918410994,14.555533070433482,3.0848272432255954,2.7185593263009684
533.2711028137085,14.599541241918116,14.599541241918116,14.458628909109345,14.543311223110553,3.5848272432255954,2.2185593263009684
533.4711294839311,14.594823382528597,14.594823382528597,14.45206866413892,14.522788116070954,3.0848272432255954,1.7185593263009684
533.6711561541539,14.590079906449208,14.590079906449208,14.44209389328667,14.510028704066244,2.5848272432255954,2.2185593263009684
533.8711828243765,14.585310860508631,14.585310860508631,14.43613157797387,14.502658053180491,3.0848272432255954,2.7185593263009684
534.0712094945992,14.580516291787978,14.580516291787978,14.440568642578803,14.506731026185406,3.5848272432255954,3.2185593263009684
534.271236164822,14.575696247620325,14.575696247620325,14.435031422034292,14.513183908497524,3.0848272432255954,3.7185593263009684
534.4712628350446,14.570850775590255,14.570850775590255,14.438847766981223,14.525104301037254,3.5848272432255954,4.218559326300968
534.6712895052674,14.565979923533373,14.565979923533373,14.431514207488972,14.537627545337896,3.0848272432255954,4.112126090399778
534.87131617549,14.561083739535846,14.561083739535846,14.436636749336644,14.541447738510652,3.5848272432255954,3.6121260903997783
535.0713428457127,14.556162271933925,14.556162271933925,14.437015986853813,14.53953754277399,3.5037628831241796,3.1121260903997783
535.2713695159355,14.551215569313454,14.551215569313454,14.451938296598144,14.533097350074417,4.00376288312418,2.6121260903997783
535.4713961861581,14.546243680509424,14.546243680509424,14.4587051400065,14.52134194377953,3.50376288312418,2.1121260903997783
535.6714228563808,14.541246654605452,14.541246654605452,14.45749026450282,14.501988942809902,3.00376288312418,1.6121260903997783
535.8714495266036,14.536224540933318,14.536224540933318,14.455416433659293,14.49083332352496,3.50376288312418,2.1121260903997783
536.0714761968262,14.531177389072486,14.531177389072486,14.447731154805188,14.482340676991305,3.00376288312418,2.6121260903997783
536.2715028670489,14.526105248849584,14.526105248849584,14.445692760709015,14.467776587294688,3.50376288312418,2.1121260903997783
536.4715295372716,14.521008170337943,14.521008170337943,14.436138155252692,14.45786103890505,3.070419885402552,2.6121260903997783
536.6715562074943,14.515886203857093,14.515886203857093,14.439384132823179,14.45575435356123,3.570419885402552,2.844728203100354
536.8715828777171,14.510739399972252,14.510739399972252,14.431295392090654,14.449159810353994,3.1588439077771406,2.5248303880225675
537.0716095479397,14.50556780949385,14.50556780949385,14.419102836755332,14.432880739556447,2.6588439077771406,2.0248303880225675
537.2716362181624,14.50037148347701,14.50037148347701,14.415590539991841,14.410465464491018,3.1588439077771406,1.5248303880225675
537.4716628883851,14.495150473221045,14.495150473221045,14.417866548647899,14.39557453764172,3.6588439077771406,2.0248303880225675
537.6716895586078,14.48990483026897,14.48990483026897,14.411410547313018,14.390088472436448,3.1588439077771406,2.4570624361618028
537.8717162288305,14.484634606406967,14.484634606406967,14.399719088237772,14.384981819145862,2.6588439077771406,2.9570624361618028
538.0717428990532,14.479339853663893,14.479339853663893,14.37675401968425,14.376534694293689,2.1588439077771406,2.4570624361618028
538.2717695692759,14.474020624310759,14.474020624310759,14.365584918347471,14.37428455808633,2.6588439077771406,2.9570624361618028
538.4717962394985,14.468676970860212,14.468676970860212,14.363868648580354,14.378646273736074,3.1588439077771406,3.4570624361618028
538.6718229097213,14.46330894606602,14.46330894606602,14.366762261000538,14.379700230400879,3.5901863758321477,3.5280681072920066
538.871849579944,14.457916602922554,14.457916602922554,14.363785967938531,14.372128370234169,3.0901863758321477,3.0280681072920066
539.0718762501666,14.452499994664258,14.452499994664258,14.365530511257793,14.376193541263628,3.5901863758321477,3.5280681072920066
539.2719029203894,14.447059174765123,14.447059174765123,14.359487243840668,14.371254704518767,3.0901863758321477,3.0280681072920066
539.471929590612,14.441594196938176,14.441594196938176,14.353514079463494,14.375595930396344,3.1474303500912297,3.5280681072920066
539.6719562608348,14.436105115134922,14.436105115134922,14.332339121603798,14.37497169178313,2.6474303500912297,3.0280681072920066
539.8719829310575,14.430591983544833,14.430591983544833,14.317622448466619,14.367948825224758,2.4448802972109105,2.5280681072920066
540.0720096012801,14.425054856594809,14.425054856594809,14.293452735562964,14.367072836668928,1.9448802972109105,3.0280681072920066
540.2720362715029,14.419493788948625,14.419493788948625,14.277358172894338,14.360642041809504,2.4448802972109105,2.5280681072920066
540.4720629417255,14.41390883550642,14.41390883550642,14.269559331860178,14.358375258535641,2.9448802972109105,3.0280681072920066
540.6720896119482,14.40830005140413,14.40830005140413,14.253861135801705,14.348766225660354,2.5917665553582774,2.5280681072920066
540.872116282171,14.40266749201295,14.40266749201295,14.250359621618296,14.332568632161461,3.0917665553582774,2.0280681072920066
541.0721429523936,14.397011212938802,14.397011212938802,14.253798712661396,14.318610761757226,3.5917665553582774,1.9863031369187873
541.2721696226163,14.391331270021762,14.391331270021762,14.24816198632245,14.308526149795547,3.235927307268408,2.4863031369187873
541.472196292839,14.385627719335524,14.385627719335524,14.25398946576763,14.305248258818565,3.735927307268408,2.9863031369187873
541.6722229630617,14.379900617186848,14.379900617186848,14.256362527609593,14.309200065453194,3.7511794175201705,3.4863031369187873
541.8722496332845,14.374150020114994,14.374150020114994,14.264475465526047,14.30793140097104,4.25117941752017,2.9863031369187873
542.0722763035071,14.368375984891175,14.368375984891175,14.272532831327503,14.29928310695192,3.8649376401707163,2.4863031369187873
542.2723029737298,14.362578568517982,14.362578568517982,14.278613810199897,14.285623219873383,3.8260491292044674,1.9863031369187873
542.4723296439525,14.356757828228837,14.356757828228837,14.271411418679262,14.271334248563624,3.3260491292044674,2.2649493154335083
542.6723563141752,14.350913821487424,14.350913821487424,14.273497202032328,14.251563768404536,3.630093053770055,1.7649493154335083
542.8723829843979,14.345046605987111,14.345046605987111,14.279229892595591,14.241842731649415,3.8861099826700953,2.2649493154335083
543.0724096546206,14.33915623965039,14.33915623965039,14.283353828463884,14.223334092597328,3.3861099826700953,1.7649493154335083
543.2724363248433,14.333242780628304,14.333242780628304,14.278164667563845,14.212274278034464,3.137602176098061,2.2649493154335083
543.4724629950659,14.327306287299876,14.327306287299876,14.279585509732968,14.205966233012896,3.637602176098061,2.7649493154335083
543.6724896652887,14.321346818271522,14.321346818271522,14.274216291119012,14.200178841254775,3.137602176098061,2.2649493154335083
543.8725163355114,14.315364432376487,14.315364432376487,14.262683414084135,14.184323818874427,2.637602176098061,1.7649493154335083
544.072543005734,14.309359188674254,14.309359188674254,14.243595743439245,14.17361215024029,2.360002048491228,2.2649493154335083
544.2725696759568,14.303331146449953,14.303331146449953,14.222423472210819,14.168458575456478,2.1507311607907638,2.7649493154335083
544.4725963461794,14.297280365213805,14.297280365213805,14.211669212863132,14.166857599679872,2.6507311607907638,3.2649493154335083
544.6726230164022,14.2912069047005,14.2912069047005,14.202542318322372,14.161366195599738,3.1507311607907638,2.7649493154335083
544.8726496866249,14.285110824868635,14.285110824868635,14.188710720480259,14.165167102020705,2.6507311607907638,3.195573926870744
545.0726763568475,14.278992185900103,14.278992185900103,14.181503326813223,14.161058401099558,3.1507311607907638,2.695573926870744
545.2727030270703,14.272851048199497,14.272851048199497,14.180445143417309,14.162225044243247,3.6507311607907638,3.195573926870744
545.472729697293,14.26668747239355,14.26668747239355,14.177252936766457,14.17264557734048,3.1507311607907638,3.695573926870744
545.6727563675156,14.260501519330482,14.260501519330482,14.179065900785172,14.173556724311558,3.6507311607907638,3.195573926870744
545.8727830377384,14.254293250079435,14.254293250079435,14.174136414445366,14.17607281542785,3.1507311607907638,3.1866346148633053
546.072809707961,14.248062725929868,14.248062725929868,14.17729973154555,14.170060889451657,3.6507311607907638,2.6866346148633053
546.2728363781837,14.241810008390939,14.241810008390939,14.194048310011413,14.159272735353472,4.150731160790764,2.1866346148633053
546.4728630484065,14.235535159190901,14.235535159190901,14.196910274130836,14.146132739258965,3.650731160790764,2.1937558319635
546.6728897186291,14.229238240276507,14.229238240276507,14.191441473703645,14.140751830965327,3.150731160790764,2.4925400574680325
546.8729163888519,14.222919313812374,14.222919313812374,14.175955933497473,14.127162825711082,2.650731160790764,1.9925400574680325
547.0729430590745,14.216578442180396,14.216578442180396,14.15685684218469,14.117631716160378,2.150731160790764,2.4925400574680325
547.2729697292972,14.210215687979105,14.210215687979105,14.146428905536423,14.117031393118214,2.650731160790764,2.9925400574680325
547.47299639952,14.203831114023062,14.203831114023062,14.142630536369454,14.110710633617403,3.150731160790764,2.4925400574680325
547.6730230697426,14.197424783342248,14.197424783342248,14.129450651190655,14.108472215364118,2.650731160790764,2.9925400574680325
547.8730497399653,14.19099675918142,14.19099675918142,14.118913748921067,14.101803761885462,2.517357353725341,2.4925400574680325
548.073076410188,14.184547104999501,14.184547104999501,14.095240854403452,14.086872621836788,2.017357353725341,1.9925400574680325
548.2731030804107,14.178075884468955,14.178075884468955,14.07992044751976,14.06980712628365,2.517357353725341,1.4925400574680325
548.4731297506333,14.171583161475155,14.171583161475155,14.060871504639262,14.051457606649253,2.186384060731304,1.9925400574680325
548.6731564208561,14.165069000115738,14.165069000115738,14.051899741581293,14.043309890609335,2.686384060731304,2.4925400574680325
548.8731830910788,14.158533464700003,14.158533464700003,14.031284346192113,14.030683351595426,2.186384060731304,1.9925400574680325
549.0732097613014,14.15197661974825,14.15197661974825,14.018024284251036,14.024137419580722,2.686384060731304,2.4925400574680325
549.2732364315242,14.145398529991144,14.145398529991144,14.013821871062293,14.02419223440622,3.186384060731304,2.9925400574680325
549.4732631017469,14.138799260369101,14.138799260369101,14.014208683794955,14.029010764124171,3.686384060731304,3.4925400574680325
549.6732897719696,14.13217887603161,14.13217887603161,14.01119931378173,14.029865803804672,3.186384060731304,2.9925400574680325
549.8733164421923,14.12553744233663,14.12553744233663,14.015342233260114,14.019109547006844,3.686384060731304,2.4925400574680325
550.0733431124149,14.118875024849908,14.118875024849908,14.030461043558835,14.002641465247944,4.186384060731304,1.9925400574680325
550.2733697826377,14.11219168934435,14.11219168934435,14.03359027274285,13.996987726521358,3.686384060731304,2.4925400574680325
550.4733964528604,14.105487501799377,14.105487501799377,14.028565355106357,13.99206769065821,3.186384060731304,2.9925400574680325
550.673423123083,14.098762528400263,14.098762528400263,14.0146833324966,13.99638667404909,2.686384060731304,3.4925400574680325
550.8734497933058,14.092016835537477,14.092016835537477,13.999466278352779,13.994886404807222,2.4030324964653316,2.9925400574680325
551.0734764635284,14.08525048980605,14.08525048980605,13.97472085850178,13.988000294334533,1.9030324964653316,2.584808115567052
551.2735031337511,14.078463558004884,14.078463558004884,13.958287115780061,13.979169226892564,2.4030324964653316,2.5727790112733793
551.4735298039739,14.071656107136132,14.071656107136132,13.94154620392595,13.966290280578345,2.459049097831115,2.0760436340405715
551.6735564741965,14.064828204404503,14.064828204404503,13.931971382423125,13.956903976676081,2.959049097831115,2.554421097821498
551.8735831444193,14.05797991721661,14.05797991721661,13.913656093301064,13.954751016313159,2.459049097831115,3.054421097821498
552.0736098146419,14.051111313180316,14.051111313180316,13.890452109306446,13.949756667993716,1.959049097831115,2.554421097821498
552.2736364848646,14.04422246010405,14.04422246010405,13.875045653508568,13.937469275974516,2.459049097831115,2.054421097821498
552.4736631550874,14.037313425996139,14.037313425996139,13.869270236513204,13.917651564204956,2.959049097831115,1.554421097821498
552.67368982531,14.030384279064158,14.030384279064158,13.870417772523863,13.907687636188644,3.459049097831115,2.054421097821498
552.8737164955327,14.023435087714223,14.023435087714223,13.859465340591582,13.89924222126917,2.959049097831115,2.554421097821498
553.0737431657554,14.016465920550338,14.016465920550338,13.863944713042684,13.885565416065539,3.459049097831115,2.054421097821498
553.2737698359781,14.009476846373722,14.009476846373722,13.852820882328917,13.864539669428924,2.959049097831115,1.554421097821498
553.4737965062008,14.002467934182112,14.002467934182112,13.850226047393956,13.85424314081411,3.305010012258408,2.054421097821498
553.6738231764235,13.995439253169087,13.995439253169087,13.844371031282845,13.844373094560117,3.0244608469118086,2.3917737878297105
553.8738498466462,13.9883908727234,13.9883908727234,13.825236581614142,13.841285078129472,2.5244608469118086,2.8917737878297105
554.0738765168688,13.981322862428273,13.981322862428273,13.815019397450987,13.844520542515966,3.0244608469118086,3.3917737878297105
554.2739031870916,13.97423529206071,13.97423529206071,13.817053681920672,13.85484789050899,3.5244608469118086,3.8917737878297105
554.4739298573143,13.967128231590845,13.967128231590845,13.827839547440533,13.857624549295371,4.024460846911809,3.3917737878297105
554.673956527537,13.960001751181188,13.960001751181188,13.831103179690743,13.853779999421281,3.5244608469118086,2.8917737878297105
554.8739831977597,13.952855921185996,13.952855921185996,13.838890287141894,13.842767688569351,3.6202211627019683,2.3917737878297105
555.0740098679823,13.945690812150533,13.945690812150533,13.836419755366338,13.83707922992278,3.3241142897326093,2.8917737878297105
555.2740365382051,13.938506494810385,13.938506494810385,13.834827913456637,13.829711821031012,3.220132109834229,2.3917737878297105
555.4740632084278,13.93130304009079,13.93130304009079,13.838924957490725,13.826978851559668,3.720132109834229,2.8917737878297105
555.6740898786504,13.924080519105893,13.924080519105893,13.831194262025816,13.817110491565119,3.220132109834229,2.3917737878297105
555.8741165488732,13.916839003158067,13.916839003158067,13.822537610895637,13.812744538988772,2.720132109834229,2.8917737878297105
556.0741432190958,13.909578563737227,13.909578563737227,13.81730220705504,13.817542171621112,3.220132109834229,3.3917737878297105
556.2741698893185,13.902299272520084,13.902299272520084,13.808791421841208,13.817007682221753,2.720132109834229,2.8917737878297105
556.4741965595413,13.895001201369462,13.895001201369462,13.786262998526633,13.818742283191389,2.220132109834229,3.3917737878297105
556.6742232297639,13.887684422333596,13.887684422333596,13.77633113738128,13.817617553617568,2.720132109834229,2.8917737878297105
556.8742498999867,13.880349007645396,13.880349007645396,13.756167333042749,13.807229450267432,2.220132109834229,2.3917737878297105
557.0742765702093,13.872995029721759,13.872995029721759,13.74871450544107,13.79799509649229,2.720132109834229,2.434884323343432
557.274303240432,13.86562256116283,13.86562256116283,13.737353284340863,13.7943461672303,2.723208493452192,2.934884323343432
557.4743299106548,13.858231674751309,13.858231674751309,13.731766782086124,13.794576783772975,3.1961203177543704,3.135933280963443
557.6743565808774,13.850822443451722,13.850822443451722,13.717105437148023,13.788347833192551,2.6961203177543704,2.635933280963443
557.8743832511001,13.843394940409688,13.843394940409688,13.714264124011084,13.7750636580575,3.1961203177543704,2.135933280963443
558.0744099213229,13.835949238951214,13.835949238951214,13.70595318784775,13.758745752004952,2.6961203177543704,1.9620320678426406
558.2744365915455,13.828485412581975,13.828485412581975,13.693024665080275,13.734670210841236,2.4245754120993586,1.4620320678426406
558.4744632617682,13.821003534986566,13.821003534986566,13.671167653285304,13.714653830150455,1.9245754120993586,1.6497765497333141
558.6744899319909,13.813503680027793,13.813503680027793,13.657171766148375,13.690777375998108,2.4245754120993586,1.1497765497333141
558.8745166022136,13.805985921745947,13.805985921745947,13.631816221126725,13.670191908968608,2.0643425769063506,1.6497765497333141
559.0745432724364,13.798450334358046,13.798450334358046,13.613727618266797,13.659943346054527,2.4576273531254818,2.149776549733314
559.274569942659,13.790896992257144,13.790896992257144,13.604386741934139,13.654220333156562,2.9576273531254818,2.649776549733314
559.4745966128817,13.783325970011553,13.783325970011553,13.586747795335878,13.65535951006871,2.4576273531254818,3.149776549733314
559.6746232831044,13.775737342364138,13.775737342364138,13.577605511389514,13.653401254028017,2.671772785090816,2.649776549733314
559.8746499533271,13.76813118423157,13.76813118423157,13.574465400046126,13.641635216740505,3.171772785090816,2.149776549733314
560.0746766235497,13.760507570703579,13.760507570703579,13.572614239882064,13.635171728307707,3.4654485580219623,2.367726187359304
560.2747032937725,13.752866577042212,13.752866577042212,13.57308627992106,13.624041542613456,3.625655581856356,2.415262721117507
560.4747299639952,13.745208278681126,13.745208278681126,13.585476499786502,13.621021811349834,4.125655581856356,2.915262721117507
560.6747566342178,13.737532751224782,13.737532751224782,13.603292524947815,13.626371700501197,4.625655581856356,3.415262721117507
560.8747833044406,13.72984007044774,13.72984007044774,13.611056152203995,13.626323356500812,4.125655581856356,2.915262721117507
561.0748099746633,13.72213031229391,13.72213031229391,13.613420326943588,13.626429043487137,3.625655581856356,3.415262721117507
561.2748366448859,13.714403552875787,13.714403552875787,13.608942872709314,13.628335770165382,3.125655581856356,2.915262721117507
561.4748633151087,13.7066598684737,13.7066598684737,13.611381740876762,13.632664078087139,3.625655581856356,3.415262721117507
561.6748899853313,13.698899335535083,13.698899335535083,13.60925342004962,13.62965680936896,3.125655581856356,2.915262721117507
561.8749166555541,13.691122030673682,13.691122030673682,13.59708737746656,13.634881785819388,2.9169133165486247,3.415262721117507
562.0749433257768,13.68332803066884,13.68332803066884,13.575972660155731,13.634884286424036,2.4169133165486247,2.915262721117507
562.2749699959994,13.6755174124647,13.6755174124647,13.571035706210328,13.639931850448882,2.70220941830608,3.415262721117507
562.4749966662222,13.667690253169468,13.667690253169468,13.562711183135933,13.638938559794878,2.906443140537768,3.180026781951181
562.6750233364448,13.659846630054659,13.659846630054659,13.547723630034131,13.633279543660612,2.406443140537768,2.680026781951181
562.8750500066675,13.651986620554313,13.651986620554313,13.538842234873867,13.61941686608053,2.906443140537768,2.180026781951181
563.0750766768903,13.64411030226423,13.64411030226423,13.538661809500471,13.613233926183451,3.406443140537768,2.680026781951181
563.2751033471129,13.636217752941242,13.636217752941242,13.546822892032441,13.602743130291577,3.906443140537768,2.329101214764388
563.4751300173356,13.628309050502393,13.628309050502393,13.54667232076174,13.58610835045047,3.406443140537768,1.8291012147643881
563.6751566875583,13.6203842730242,13.6203842730242,13.538183880212225,13.565478923310328,2.906443140537768,1.3291012147643881
563.875183357781,13.612443498741884,13.612443498741884,13.52178323450624,13.55085179086923,2.406443140537768,1.8291012147643881
564.0752100280038,13.604486806048579,13.604486806048579,13.509491494885072,13.529460354730146,2.906443140537768,1.3291012147643881
564.2752366982264,13.596514273494583,13.596514273494583,13.494430028770388,13.502688792669494,2.7996399344813483,0.8291012147643881
564.4752633684491,13.588525979786553,13.588525979786553,13.481533734499912,13.478313728831612,2.4660956053338117,1.3291012147643881
564.6752900386718,13.580522003786752,13.580522003786752,13.474347876896628,13.462808605225177,2.9660956053338117,1.8291012147643881
564.8753167088945,13.572502424512269,13.572502424512269,13.474731728513548,13.440374316005347,3.4660956053338117,1.3291012147643881
565.0753433791172,13.564467321134217,13.564467321134217,13.462550336525158,13.420888536616568,2.9660956053338117,1.8291012147643881
565.2753700493399,13.556416772976974,13.556416772976974,13.449587702703448,13.413026178451643,2.7341637236066436,2.329101214764388
565.4753967195626,13.548350859517399,13.548350859517399,13.428863005050317,13.39869517911195,2.365347397638664,1.8291012147643881
565.6754233897852,13.54026966038403,13.54026966038403,13.40514699648255,13.387439073010956,2.0436730002145285,2.329101214764388
565.875450060008,13.532173255356309,13.532173255356309,13.388208835075822,13.372630632978765,2.5436730002145285,1.9122357336175482
566.0754767302307,13.524061724363804,13.524061724363804,13.374535848851648,13.360423954690859,2.5831989279113228,2.4122357336175484
566.2755034004533,13.515935147485406,13.515935147485406,13.363020368925216,13.348894858119094,2.5931461283135007,1.9122357336175484
566.4755300706761,13.507793604948532,13.507793604948532,13.341081196877392,13.33915321390946,2.0931461283135007,2.4122357336175484
566.6755567408987,13.499637177128363,13.499637177128363,13.314498580399093,13.337712968948216,1.8577195906444963,2.9122357336175484
566.8755834111215,13.49146594454701,13.49146594454701,13.298953320581022,13.341744680564812,2.3577195906444963,3.4122357336175484
567.0756100813442,13.483279987872756,13.483279987872756,13.288108922503012,13.340514756093372,2.8577195906444963,2.9122357336175484
567.2756367515668,13.475079387919235,13.475079387919235,13.280504847144925,13.344949703539406,2.886859671688573,3.4122357336175484
567.4756634217896,13.466864225644642,13.466864225644642,13.278693104459371,13.35411237543487,3.386859671688573,3.9122357336175484
567.6756900920122,13.458634582150946,13.458634582150946,13.28380291754112,13.358849019538313,3.505323191478863,3.4122357336175484
567.8757167622349,13.450390538683065,13.450390538683065,13.291752065406929,13.357139357519717,4.005323191478864,2.9122357336175484
568.0757434324577,13.442132176628077,13.442132176628077,13.31160785201791,13.348342191869547,4.505323191478864,2.4122357336175484
568.2757701026803,13.43385957751443,13.43385957751443,13.328766208530295,13.344183439492324,4.260675183315861,2.3358172838421005
568.475796772903,13.425572823011107,13.425572823011107,13.338117289415484,13.328041236855622,3.8661610771391572,1.8358172838421005
568.6758234431258,13.417271994926843,13.417271994926843,13.349728457795079,13.305304155207619,3.9655578779040903,1.3358172838421005
568.8758501133484,13.40895717520932,13.40895717520932,13.353946522568396,13.287790977866214,3.4655578779040903,1.6243095788932504
569.0758767835712,13.400628445944324,13.400628445944324,13.349998274185563,13.27463263112423,2.9655578779040903,2.1243095788932504
569.2759034537938,13.392285889354996,13.392285889354996,13.33218812132552,13.271369819056146,2.4655578779040903,2.6243095788932504
569.4759301240165,13.383929587800951,13.383929587800951,13.311242677389686,13.27440297676571,1.9655578779040903,3.1243095788932504
569.6759567942393,13.375559623777505,13.375559623777505,13.29731592608992,13.280648175347359,2.4655578779040903,3.6243095788932504
569.8759834644619,13.367176079914868,13.367176079914868,13.284806574879173,13.283885402573873,2.738911681068104,3.1243095788932504
570.0760101346846,13.358779038977296,13.358779038977296,13.266099393496647,13.294342097300554,2.238911681068104,3.6243095788932504
570.2760368049073,13.350368583862295,13.350368583862295,13.24221958703303,13.29341537071157,1.738911681068104,3.1243095788932504
570.47606347513,13.341944797599806,13.341944797599806,13.217934814513177,13.285578165961244,2.238911681068104,2.6243095788932504
570.6760901453526,13.333507763351374,13.333507763351374,13.201993587594105,13.275073358169715,2.738911681068104,2.1243095788932504
570.8761168155754,13.325057564409324,13.325057564409324,13.20101543367409,13.255814532434446,3.238911681068104,1.6243095788932504
571.0761434857981,13.316594284195961,13.316594284195961,13.190401562809134,13.246862665550601,2.738911681068104,2.1243095788932504
571.2761701560207,13.308118006262719,13.308118006262719,13.170417658990118,13.22633447325493,2.238911681068104,1.6243095788932504
571.4761968262435,13.299628814289347,13.299628814289347,13.154794785297813,13.21301494106286,2.5452423798325556,2.1243095788932504
571.6762234964662,13.291126792083102,13.291126792083102,13.14529168558366,13.201541335449857,3.0452423798325556,2.202155044354598
571.8762501666889,13.282612023577876,13.282612023577876,13.143532840588149,13.181191373368844,3.5452423798325556,1.702155044354598
572.0762768369116,13.274084592833422,13.274084592833422,13.135182643198673,13.158202329000554,3.0452423798325556,1.202155044354598
572.2763035071342,13.265544584034487,13.265544584034487,13.121818640870323,13.142424212405524,2.5452423798325556,1.702155044354598
572.476330177357,13.256992081489985,13.256992081489985,13.11778446359006,13.134201686495846,3.0452423798325556,2.202155044354598
572.6763568475797,13.248427169632183,13.248427169632183,13.118823837658526,13.122106990580185,3.5452423798325556,2.105845739882356
572.8763835178023,13.239849933015847,13.239849933015847,13.132915612222332,13.117231447175397,4.045242379832556,2.605845739882356
573.0764101880251,13.231260456317415,13.231260456317415,13.132383592670571,13.106372160940124,3.5452423798325556,2.105845739882356
573.2764368582477,13.222658824334172,13.222658824334172,13.123760934812863,13.101439277240361,3.0452423798325556,2.4852620372710845
573.4764635284704,13.214045121983395,13.214045121983395,13.116514750473268,13.097474361924899,3.0324093778069243,2.6730546929155246
573.6764901986932,13.205419434301513,13.205419434301513,13.102415536346475,13.086390617984948,2.5324093778069243,2.1730546929155246
573.8765168689158,13.196781846443303,13.196781846443303,13.083824387985748,13.075244566379588,2.1706627016702096,2.126622212414631
574.0765435391386,13.188132443680995,13.188132443680995,13.057673503679677,13.057991982965838,1.8690613801449192,1.626622212414631
574.2765702093612,13.17947131140348,13.17947131140348,13.043564973074124,13.045672724737623,2.3690613801449194,2.126622212414631
574.4765968795839,13.170798535115436,13.170798535115436,13.021830857792573,13.039205076736303,2.082906835631889,2.5497299598831793
574.6766235498067,13.162114200436484,13.162114200436484,12.996999056079922,13.036941283877297,1.7688222042200297,2.747930105698091
574.8766502200293,13.153418393100377,13.153418393100377,12.977857428276877,13.026217459452766,2.1695164411916763,2.247930105698091
575.076676890252,13.144711198954099,13.144711198954099,12.96165304594823,13.012164724540593,2.6695164411916763,1.747930105698091
575.2767035604747,13.13599270395707,13.13599270395707,12.955788299766501,13.000210666929275,3.1695164411916763,2.247930105698091
575.4767302306974,13.12726299418027,13.12726299418027,12.962549413587556,12.98464168931188,3.6695164411916763,1.8492473320024203
575.67675690092,13.118522155805387,13.118522155805387,12.95733984398188,12.97648979214079,3.1695164411916763,2.3492473320024203
575.8767835711428,13.10977027512397,13.10977027512397,12.956804790061385,12.963103235547912,3.6695164411916763,1.8492473320024203
576.0768102413655,13.101007438536598,13.101007438536598,12.969211327393573,12.95428324108198,4.169516441191677,2.3492473320024203
576.2768369115881,13.09223373255199,13.09223373255199,12.974257253721914,12.940234256742547,3.6695164411916767,2.1051467356993983
576.4768635818109,13.083449243786177,13.083449243786177,12.974134499292095,12.934379649522981,3.4066488816920213,2.6051467356993983
576.6768902520336,13.074654058961649,13.074654058961649,12.964496030726869,12.924293646663646,2.9066488816920213,2.1051467356993983
576.8769169222563,13.06584826490647,13.06584826490647,12.962627479671328,12.918665340914634,3.3210534171031716,2.6051467356993983
577.076943592479,13.057031948553469,13.057031948553469,12.955592093833259,12.919682113355275,3.0512244730306435,3.1051467356993983
577.2769702627016,13.048205196939325,13.048205196939325,12.93993189578811,12.91416357867585,2.5512244730306435,2.6051467356993983
577.4769969329244,13.039368097203749,13.039368097203749,12.93136410920427,12.917202824826104,3.0512244730306435,3.1051467356993983
577.6770236031471,13.030520736588617,13.030520736588617,12.916740821633852,12.914250282493446,2.5512244730306435,2.6051467356993983
577.8770502733697,13.021663202437093,13.021663202437093,12.895561446598318,12.914963964274865,2.0512244730306435,2.894461506660362
578.0770769435925,13.012795582192771,13.012795582192771,12.878742905916491,12.919096614535647,2.5512244730306435,3.2175389463340722
578.2771036138151,13.003917963398845,13.003917963398845,12.85680892560959,12.915181819774293,2.0512244730306435,2.7175389463340722
578.4771302840378,12.995030433697186,12.995030433697186,12.839094043789926,12.918559650478203,2.5512244730306435,3.2175389463340722
578.6771569542606,12.98613308082752,12.98613308082752,12.819610777216743,12.92556223375597,2.0521422648584657,3.7175389463340722
578.8771836244832,12.977225992626552,12.977225992626552,12.795164738925925,12.928832743519877,1.5521422648584657,3.2175389463340722
579.077210294706,12.96830925702709,12.96830925702709,12.775987664630541,12.922456969106381,2.0521422648584657,2.7175389463340722
579.2772369649286,12.959382962057196,12.959382962057196,12.75361035265914,12.911960551735676,1.6335391118563294,2.2175389463340722
579.4772636351513,12.950447195839288,12.950447195839288,12.729234244011963,12.897172190176974,2.1335391118563294,1.7175389463340722
579.6772903053741,12.94150204658929,12.94150204658929,12.7181728605258,12.873772702028722,2.6335391118563294,1.2175389463340722
579.8773169755967,12.932547602615774,12.932547602615774,12.713519448598039,12.847620641740134,3.1335391118563294,0.7175389463340722
580.0773436458194,12.923583952319047,12.923583952319047,12.715556908615119,12.823758080401406,3.6335391118563294,1.2175389463340722
580.2773703160422,12.914611184190317,12.914611184190317,12.713664951965852,12.795065791564008,3.1335391118563294,0.7175389463340722
580.4773969862648,12.905629386810809,12.905629386810809,12.713473330283508,12.769793032910567,3.6335391118563294,1.2024243529564216
580.6774236564875,12.896638648850875,12.896638648850875,12.721178691297135,12.752671056848671,3.92499294235018,1.7024243529564216
580.8774503267102,12.887639059069134,12.887639059069134,12.723855902564221,12.742257187244023,3.42499294235018,2.2024243529564216
581.0774769969329,12.878630706311599,12.878630706311599,12.733343369572829,12.732465336824331,3.92499294235018,2.1071760705737517
581.2775036671555,12.869613679510792,12.869613679510792,12.73292056407664,12.716546158109274,3.42499294235018,1.6071760705737517
581.4775303373783,12.860588067684857,12.860588067684857,12.728113035602519,12.708819047594034,3.075936899594147,2.1071760705737517
581.677557007601,12.851553959936703,12.851553959936703,12.731804620320418,12.702811873240904,3.575936899594147,2.6071760705737517
581.8775836778237,12.842511445453104,12.842511445453104,12.726979209970967,12.68908802377044,3.075936899594147,2.1071760705737517
582.0776103480464,12.833460613503837,12.833460613503837,12.713669148745677,12.682612061058379,2.575936899594147,2.6071760705737517
582.277637018269,12.82440155344078,12.82440155344078,12.6924297130102,12.670898798487565,2.075936899594147,2.2067252921099847
582.4776636884918,12.815334354697042,12.815334354697042,12.6733767182124,12.657418516111637,2.2627180935360993,1.8832706086393924
582.6776903587145,12.806259106786092,12.806259106786092,12.661915186157321,12.6372496014701,2.7627180935360993,1.7107952174731114
582.8777170289371,12.797175899300848,12.797175899300848,12.661026321657598,12.629970323695511,3.2627180935360993,2.2107952174731116
583.0777436991599,12.788084821912808,12.788084821912808,12.667142064047367,12.624212374385397,3.7627180935360993,2.7107952174731116
583.2777703693826,12.778985964371174,12.778985964371174,12.666166494239226,12.616173723681568,3.2627180935360993,2.2107952174731116
583.4777970396052,12.769879416501945,12.769879416501945,12.671531162997944,12.602038882811652,3.7627180935360993,1.7107952174731116
583.677823709828,12.760765268207042,12.760765268207042,12.671504613553694,12.595615788822416,3.2627180935360993,2.2107952174731116
583.8778503800506,12.751643609463427,12.751643609463427,12.658785208699184,12.593954093715842,2.7627180935360993,2.637971229326104
584.0778770502734,12.74251453032219,12.74251453032219,12.639868177390163,12.591735668809614,2.2627180935360993,3.137971229326104
584.277903720496,12.733378120907703,12.733378120907703,12.627546127502074,12.602976548055947,2.7627180935360993,3.637971229326104
584.4779303907187,12.724234471416686,12.724234471416686,12.622370505630975,12.61004867859467,2.951170019460435,3.5866069645239738
584.6779570609415,12.715083672117329,12.715083672117329,12.611572935408766,12.610122859471844,2.9006822406379755,3.0866069645239738
584.8779837311641,12.705925813348426,12.705925813348426,12.613641368003378,12.608048585281047,3.4006822406379755,2.5866069645239738
585.0780104013868,12.696760985518447,12.696760985518447,12.609289994500857,12.5957811907026,2.9006822406379755,2.0866069645239738
585.2780370716096,12.687589279104664,12.687589279104664,12.589590419258796,12.589481483239467,2.4006822406379755,2.5866069645239738
585.4780637418322,12.678410784652272,12.678410784652272,12.578819597289478,12.580106684329468,2.9006822406379755,2.0866069645239738
585.6780904120549,12.669225592773461,12.669225592773461,12.580743499725667,12.576772702641964,3.4006822406379755,2.5866069645239738
585.8781170822776,12.66003379414654,12.66003379414654,12.580101766830218,12.56810889361661,3.4471672325192353,2.4432884691294867
586.0781437525003,12.650835479515061,12.650835479515061,12.575428430318292,12.566152505718328,2.9471672325192353,2.9432884691294867
586.278170422723,12.64163073968688,12.64163073968688,12.55899230594755,12.563710274454426,2.4471672325192353,2.543233813391544
586.4781970929457,12.632419665533291,12.632419665533291,12.53376509062714,12.563582206503089,1.9471672325192353,2.9542531153802276
586.6782237631684,12.623202347988133,12.623202347988133,12.522417201007379,12.55998194446135,2.4471672325192353,2.4542531153802276
586.8782504333911,12.613978878046867,12.613978878046867,12.514101491550482,12.556422803516188,2.9471672325192353,2.9542531153802276
587.0782771036138,12.604749346765697,12.604749346765697,12.505833209389445,12.551984853325155,2.4471672325192353,2.4542531153802276
587.2783037738365,12.595513845260676,12.595513845260676,12.501456467374037,12.541934645211745,2.9471672325192353,2.2529048776628593
587.4783304440592,12.586272464706775,12.586272464706775,12.490273857583823,12.522526753310396,2.4471672325192353,1.7529048776628593
587.6783571142819,12.577025296337027,12.577025296337027,12.468842144069166,12.512538748081566,1.9471672325192353,2.2529048776628593
587.8783837845045,12.567772431441586,12.567772431441586,12.450924860784898,12.503535217086593,2.4471672325192353,2.2256669167675964
588.0784104547273,12.558513961366849,12.558513961366849,12.426814698187425,12.488377899257609,1.9471672325192353,1.7256669167675964
588.27843712495,12.549249977514558,12.549249977514558,12.389090491361479,12.468269682322482,1.4471672325192353,1.2256669167675964
588.4784637951726,12.539980571340873,12.539980571340873,12.370367474827928,12.44102837157024,1.8991303084717455,0.7256669167675964
588.6784904653954,12.53070583435549,12.53070583435549,12.347833243385464,12.420178524728447,2.3991303084717455,1.2256669167675964
588.878517135618,12.521425858120745,12.521425858120745,12.338703812479732,12.404069744857521,2.8991303084717455,1.7256669167675964
589.0785438058408,12.512140734250671,12.512140734250671,12.322248672719946,12.393858838082712,2.3991303084717455,1.9170074977151899
589.2785704760635,12.502850554410148,12.502850554410148,12.312937964867938,12.379424548324574,2.8991303084717455,2.0684660539450412
589.4785971462861,12.493555410313949,12.493555410313949,12.301116647941118,12.36016007733853,3.1028642542082494,1.5684660539450412
589.6786238165089,12.484255393725858,12.484255393725858,12.295817403574425,12.345589725102387,2.9611940633895486,1.850304975135657
589.8786504867315,12.474950596457777,12.474950596457777,12.291368637290718,12.335340142320838,3.4611940633895486,2.350304975135657
590.0786771569542,12.46564111036878,12.46564111036878,12.286866474959897,12.333530090463816,2.9611940633895486,2.850304975135657
590.278703827177,12.45632702736425,12.45632702736425,12.287986557474822,12.326492284358594,3.4611940633895486,2.350304975135657
590.4787304973996,12.447008439394947,12.447008439394947,12.287047295995027,12.32131769462917,3.3641014250519383,2.810717875139802
590.6787571676223,12.437685438456102,12.437685438456102,12.27665838394353,12.311250254245303,2.8641014250519383,2.310717875139802
590.878783837845,12.428358116586503,12.428358116586503,12.272543150129405,12.294673593374643,3.3641014250519383,1.8107178751398019
591.0788105080677,12.419026565867616,12.419026565867616,12.273107419067447,12.290074839558605,3.2227754064285037,2.310717875139802
591.2788371782904,12.40969087842264,12.40969087842264,12.268975261921694,12.27677197805624,3.213256023345458,1.8107178751398019
591.4788638485131,12.400351146415613,12.400351146415613,12.278599230946133,12.26868953635928,3.713256023345458,2.310717875139802
591.6788905187358,12.39100746205051,12.39100746205051,12.2937582387338,12.263976760696844,4.213256023345458,2.6584410876756226
591.8789171889586,12.381659917570314,12.381659917570314,12.29734817380728,12.25395143170557,3.7132560233454583,2.1584410876756226
592.0789438591812,12.372308605256132,12.372308605256132,12.29711638598587,12.2474312489721,3.2132560233454583,2.5695003560338363
592.2789705294039,12.362953617426252,12.362953617426252,12.285412574823614,12.245812878788518,2.7132560233454583,2.821601381812674
592.4789971996266,12.353595046435245,12.353595046435245,12.28215652730558,12.242987719420922,3.2132560233454583,2.6410624963178617
592.6790238698493,12.34423298467308,12.34423298467308,12.272207815410889,12.247036720616682,2.7132560233454583,3.1410624963178617
592.879050540072,12.334867524564164,12.334867524564164,12.262265263738099,12.245191234762233,2.6530897732878485,2.6410624963178617
593.0790772102947,12.32549875856645,12.32549875856645,12.240640217052675,12.248388000110968,2.1530897732878485,3.1410624963178617
593.2791038805174,12.316126779170562,12.316126779170562,12.225678761685389,12.254736722821013,2.3407997837786594,3.483879145334168
593.47913055074,12.30675167889881,12.30675167889881,12.19842521439874,12.257136636355655,1.8407997837786594,2.983879145334168
593.6791572209628,12.297373550304325,12.297373550304325,12.18246992713311,12.251069720165537,2.3407997837786594,2.483879145334168
593.8791838911854,12.287992485970147,12.287992485970147,12.155442319955684,12.238696319284687,1.8407997837786594,1.9838791453341682
594.0792105614082,12.278608578508278,12.278608578508278,12.133310564045678,12.222010419121196,1.8529095226453802,1.4838791453341682
594.2792372316309,12.26922192055881,12.26922192055881,12.120451750103097,12.207077161415949,2.3529095226453802,1.9838791453341682
594.4792639018535,12.25983260478897,12.25983260478897,12.107484648168295,12.202657542761498,2.64701193974026,2.483879145334168
594.6792905720763,12.250440723892227,12.250440723892227,12.085904878782152,12.202664013720653,2.14701193974026,2.983879145334168
594.879317242299,12.241046370587387,12.241046370587387,12.073871902227793,12.206451621070663,2.64701193974026,3.225208220631325
595.0793439125216,12.23164963761765,12.23164963761765,12.06669398203491,12.2041786079958,3.14701193974026,2.725208220631325
595.2793705827444,12.222250617749706,12.222250617749706,12.073658866140464,12.195975735613185,3.64701193974026,2.225208220631325
595.479397252967,12.212849403772841,12.212849403772841,12.090987400658566,12.190014732819343,4.14701193974026,2.4125638458508303
595.6794239231897,12.203446088497982,12.203446088497982,12.099048987664832,12.179227529844699,3.64701193974026,1.9125638458508303
595.8794505934125,12.194040764756805,12.194040764756805,12.093639985837346,12.158995545683744,3.14701193974026,1.4125638458508303
596.0794772636351,12.184633525400821,12.184633525400821,12.10276093726502,12.137107384794465,3.64701193974026,0.9125638458508303
596.2795039338578,12.175224463300454,12.175224463300454,12.098548280207782,12.117972953410106,3.14701193974026,1.4125638458508303
596.4795306040805,12.165813671344106,12.165813671344106,12.103590491992465,12.09073658278709,3.64701193974026,0.9125638458508303
596.6795572743032,12.156401242437276,12.156401242437276,12.098649697479196,12.060100684526873,3.14701193974026,0.4125638458508303
596.879583944526,12.146987269501608,12.146987269501608,12.084103719946583,12.024242808463184,2.64701193974026,0.0
597.0796106147486,12.137571845474005,12.137571845474005,12.062650412915369,11.992995272908455,2.14701193974026,0.5000000000000002
597.2796372849713,12.12815506330568,12.12815506330568,12.034536349585501,11.968834201626013,1.87767004024809,1.0000000000000004
597.479663955194,12.118737015961257,12.118737015961257,12.019459521286363,11.953352920107749,2.37767004024809,1.5000000000000007
597.6796906254167,12.109317796417862,12.109317796417862,12.004912688662813,11.94104016807855,2.377675772549378,2.000000000000001
597.8797172956394,12.09989749766418,12.09989749766418,11.998330801004318,11.936483159664782,2.877675772549378,2.500000000000001
598.0797439658621,12.090476212699548,12.090476212699548,11.989788099618389,11.937177031006804,2.540729417801975,3.000000000000001
598.2797706360848,12.081054034533059,12.081054034533059,11.98448017107487,11.931101105583284,3.040729417801975,2.5840896162112728
598.4797973063074,12.071631056182603,12.071631056182603,11.98030693951974,11.924552795022763,3.298355359746176,2.3883377249570743
598.6798239765302,12.062207370673972,12.062207370673972,11.96863913907062,11.912121726594279,2.8001097863281768,1.8883377249570743
598.8798506467529,12.052783071039958,12.052783071039958,11.954076696564439,11.908474063011614,2.549768647585364,2.3883377249570743
599.0798773169756,12.043358250319384,12.043358250319384,11.951388497438703,11.908904747494384,3.049768647585364,2.8883377249570743
599.2799039871983,12.033933001556258,12.033933001556258,11.946441488641039,11.900813029518066,3.008645589607185,2.3883377249570743
599.4799306574209,12.02450741779878,12.02450741779878,11.926995992153127,11.888593645576307,2.508645589607185,1.8883377249570743
599.6799573276437,12.015081592098463,12.015081592098463,11.926550289856571,11.879379291199804,3.008645589607185,2.313864048291413
599.8799839978664,12.005655617509225,12.005655617509225,11.910660968858698,11.864155921486132,2.508645589607185,1.8138640482914128
600.080010668089,11.996229587086436,11.996229587086436,11.903930430281598,11.857077226006933,3.008645589607185,2.313864048291413
600.2800373383118,11.986803593886023,11.986803593886023,11.892557795269164,11.859810949034859,2.508645589607185,2.813864048291413
600.4800640085344,11.977377730963553,11.977377730963553,11.886518109157604,11.854873066791482,3.008645589607185,2.4357283407933683
600.6800906787571,11.967952091373297,11.967952091373297,11.875393505733323,11.84792858510373,2.508645589607185,1.9357283407933683
600.8801173489799,11.958526768167317,11.958526768167317,11.85306268326201,11.836155534046199,2.008645589607185,1.934389358364672
601.0801440192025,11.949101854394575,11.949101854394575,11.829095921779542,11.830596290465932,1.8987322517399017,2.434389358364672
601.2801706894252,11.939677443099965,11.939677443099965,11.812400723206839,11.82912666252044,2.3987322517399017,2.7099819488528847
601.480197359648,11.930253627323427,11.930253627323427,11.786118876780066,11.819712533283738,1.8987322517399017,2.2099819488528847
601.6802240298706,11.920830500099038,11.920830500099038,11.770148447538055,11.814572011080319,2.3987322517399017,2.4535305289497433
601.8802507000934,11.911408154454053,11.911408154454053,11.763775758300794,11.804169134570387,2.8987322517399017,1.9535305289497433
602.080277370316,11.901986683408026,11.901986683408026,11.765001103049649,11.787118614341393,3.3987322517399017,1.4535305289497433
602.2803040405387,11.892566179971883,11.892566179971883,11.757618442066263,11.76047235977004,2.8987322517399017,0.9535305289497433
602.4803307107615,11.883146737146976,11.883146737146976,11.753375613202575,11.73103205934894,3.3987322517399017,0.45353052894974333
602.6803573809841,11.87372844792421,11.87372844792421,11.764860353585824,11.707834264785639,3.8987322517399017,0.9535305289497433
602.8803840512068,11.864311405283082,11.864311405283082,11.767450367769843,11.683601833266216,3.3987322517399017,0.45353052894974333
603.0804107214295,11.85489570219079,11.85489570219079,11.760769887329687,11.657107905596513,2.8987322517399017,0.9535305289497433
603.2804373916522,11.845481431601316,11.845481431601316,11.7390631554158,11.638630650685908,2.3987322517399017,1.4535305289497433
603.4804640618748,11.836068686454487,11.836068686454487,11.728003850337284,11.626534851468788,2.8987322517399017,1.9535305289497433
603.6804907320976,11.826657559675073,11.826657559675073,11.726360332884349,11.62033059497368,3.3987322517399017,2.4535305289497433
603.8805174023203,11.817248144171877,11.817248144171877,11.716683654532522,11.623137410247569,2.8987322517399017,2.9535305289497433
604.080544072543,11.807840532836792,11.807840532836792,11.711636276818602,11.618081976596978,3.018663920113315,2.4535305289497433
604.2805707427657,11.798434818543921,11.798434818543921,11.704505045273093,11.616044567150606,3.173746843626013,2.6982750102971504
604.4805974129883,11.789031094148617,11.789031094148617,11.702029544522826,11.620684888155694,3.2208361049089564,3.1982750102971504
604.6806240832111,11.779629452486596,11.779629452486596,11.691120714888987,11.618746631397455,2.7208361049089564,2.6982750102971504
604.8806507534338,11.77022998637302,11.77022998637302,11.68069703481683,11.611736880175066,2.8107132555768874,2.1982750102971504
605.0806774236564,11.76083278860157,11.76083278860157,11.662139429439208,11.599594541384997,2.3107132555768874,1.6982750102971504
605.2807040938792,11.751437951943524,11.751437951943524,11.65011483935765,11.58950247606519,2.8107132555768874,2.1982750102971504
605.4807307641018,11.742045569146867,11.742045569146867,11.639391122905984,11.585562144528762,2.3107132555768874,2.467672140064983
605.6807574343245,11.732655732935347,11.732655732935347,11.614661742725584,11.587330831300012,1.8107132555768874,2.967672140064983
605.8807841045473,11.723268536007568,11.723268536007568,11.594364334184625,11.58539926262272,1.965913006683842,2.9310167064020454
606.0808107747699,11.713884071036096,11.713884071036096,11.583070877402987,11.58212866591527,2.465913006683842,2.4310167064020454
606.2808374449926,11.704502430666508,11.704502430666508,11.57698770641688,11.583718996454822,2.965913006683842,2.9310167064020454
606.4808641152154,11.695123707516501,11.695123707516501,11.579298587887077,11.591296347511232,3.465913006683842,3.4310167064020454
606.680890785438,11.685747994174983,11.685747994174983,11.576071127946843,11.593795515749651,2.965913006683842,2.9310167064020454
606.8809174556608,11.676375383201131,11.676375383201131,11.575201432350065,11.596016261160491,3.0388764024966592,3.0801910030756243
607.0809441258834,11.667005967123513,11.667005967123513,11.565049123058191,11.593471685655384,2.5388764024966592,2.5801910030756243
607.2809707961061,11.657639838439145,11.657639838439145,11.5407603638004,11.586997034360225,2.0388764024966592,2.0801910030756243
607.4809974663289,11.648277089612584,11.648277089612584,11.521335262806002,11.585952722613396,2.232886886497157,2.5801910030756243
607.6810241365515,11.63891781307504,11.63891781307504,11.50907928735729,11.576148135988863,2.732886886497157,2.0801910030756243
607.8810508067742,11.629562101223419,11.629562101223419,11.489428872135415,11.563357117923369,2.232886886497157,1.6744538920695642
608.0810774769969,11.620210046419453,11.620210046419453,11.465261421776816,11.544773304342172,1.7328868864971572,1.1940141622502631
608.2811041472196,11.610861740988772,11.610861740988772,11.433984869669159,11.515441807487798,1.464906498150363,0.6940141622502631
608.4811308174422,11.601517277219981,11.601517277219981,11.406169523969842,11.484002444178705,1.6690120101016173,0.19401416225026313
608.681157487665,11.592176747363757,11.592176747363757,11.390927447160733,11.455484739126202,2.1690120101016173,0.6940141622502631
608.8811841578877,11.582840243631958,11.582840243631958,11.377485849847664,11.424769088465334,2.6690120101016173,0.19401416225026324
609.0812108281104,11.573507858196672,11.573507858196672,11.380351602924106,11.398898661592666,3.1690120101016173,0.6940141622502632
609.2812374983331,11.564179683189355,11.564179683189355,11.36951755148655,11.380830521565276,2.6690120101016173,1.1940141622502631
609.4812641685558,11.554855810699877,11.554855810699877,11.364417328771319,11.365790814124829,3.1690120101016173,1.6940141622502631
609.6812908387785,11.545536332775637,11.545536332775637,11.358631333606183,11.357337607368013,2.824118435491288,2.194014162250263
609.8813175090012,11.536221341420658,11.536221341420658,11.337513135317685,11.354148338239177,2.324118435491288,2.694014162250263
610.0813441792238,11.526910928594665,11.526910928594665,11.334642322721812,11.350974427628131,2.824118435491288,2.7463253811172894
610.2813708494466,11.517605186212176,11.517605186212176,11.3320915121659,11.340431821199164,3.324118435491288,2.2463253811172894
610.4813975196693,11.508304206141617,11.508304206141617,11.337318501532938,11.340951228745467,3.824118435491288,2.7463253811172894
610.6814241898919,11.499008080204383,11.499008080204383,11.352275684443658,11.330953083086204,4.324118435491288,2.2463253811172894
610.8814508601147,11.489716900173951,11.489716900173951,11.357070260653922,11.32791439215813,3.824118435491288,2.7463253811172894
611.0814775303373,11.480430757774993,11.480430757774993,11.359472921391337,11.335174754094444,3.324118435491288,3.2463253811172894
611.28150420056,11.47114974468242,11.47114974468242,11.352893478044674,11.338263929640537,2.824118435491288,2.9376140660252057
611.4815308707828,11.461873952520508,11.461873952520508,11.352095987188507,11.337101911325336,3.324118435491288,2.4376140660252057
611.6815575410054,11.452603472862013,11.452603472862013,11.359969286459938,11.328197456337481,3.824118435491288,1.9376140660252057
611.8815842112282,11.443338397227219,11.443338397227219,11.355738839207884,11.3126101510514,3.324118435491288,1.8395181468030017
612.0816108814508,11.434078817083082,11.434078817083082,11.36899100562125,11.290973471328458,3.824118435491288,1.3395181468030017
612.2816375516735,11.424824823842288,11.424824823842288,11.36817297159121,11.27820962581195,3.324118435491288,1.8395181468030017
612.4816642218963,11.415576508862369,11.415576508862369,11.357395173088715,11.27475483405914,2.824118435491288,2.3395181468030017
612.6816908921189,11.406333963444819,11.406333963444819,11.33967334667587,11.277830072417757,2.324118435491288,2.8395181468030017
612.8817175623416,11.397097278834154,11.397097278834154,11.333921731338867,11.273945180109,2.824118435491288,2.3395181468030017
613.0817442325643,11.387866546217031,11.387866546217031,11.313065351667055,11.27545389576914,2.324118435491288,2.8395181468030017
613.281770902787,11.378641856721364,11.378641856721364,11.289489441080402,11.271992944242035,1.964705008969396,2.3395181468030017
613.4817975730097,11.369423301415393,11.369423301415393,11.27052317659123,11.265191900733571,2.189169756208111,2.3917867583005514
613.6818242432324,11.360210971306797,11.360210971306797,11.246689095777143,11.251852656811735,1.689169756208111,1.8917867583005514
613.8818509134551,11.351004957341813,11.351004957341813,11.229218003101979,11.24681785956815,2.127081068947698,2.3917867583005514
614.0818775836779,11.341805350404314,11.341805350404314,11.218718462854394,11.248582318603614,2.627081068947698,2.8917867583005514
614.2819042539005,11.332612241314933,11.332612241314933,11.200748636476602,11.257664335068435,2.127081068947698,3.3917867583005514
614.4819309241232,11.323425720830135,11.323425720830135,11.190273175156987,11.257780699854928,2.627081068947698,2.8917867583005514
614.6819575943459,11.314245879641351,11.314245879641351,11.17132988525416,11.252541063604498,2.127081068947698,2.3917867583005514
614.8819842645686,11.305072808374078,11.305072808374078,11.16093326109364,11.23710978191405,2.627081068947698,1.8917867583005514
615.0820109347912,11.295906597586972,11.295906597586972,11.155262613293804,11.220279395379169,2.6949629471205676,1.6182654812764765
615.282037605014,11.286747337770956,11.286747337770956,11.142678449931534,11.197532101507033,2.4458432913138513,1.1182654812764765
615.4820642752367,11.277595119348348,11.277595119348348,11.136151783301454,11.177149863202633,2.9458432913138513,1.6182654812764765
615.6820909454593,11.268450032671936,11.268450032671936,11.122384364181112,11.169291330699219,2.4458432913138513,2.1182654812764765
615.8821176156821,11.2593121680241,11.2593121680241,11.11980660012845,11.157734594802445,2.9458432913138513,2.0795902112993314
616.0821442859047,11.250181615615945,11.250181615615945,11.12280788512253,11.143570889475585,3.4072687070610588,1.7678517275627192
616.2821709561274,11.241058465586363,11.241058465586363,11.114546821648148,11.138287729571312,2.9072687070610588,2.2678517275627192
616.4821976263502,11.231942808001174,11.231942808001174,11.100818650822816,11.126997706585534,2.623650210634481,1.7678517275627192
616.6822242965728,11.222834732852244,11.222834732852244,11.10196862274844,11.10470432240772,3.123650210634481,1.2678517275627192
616.8822509667956,11.213734330056559,11.213734330056559,11.089862464417497,11.07924292104016,2.623650210634481,0.7678517275627194
617.0822776370183,11.204641689455396,11.204641689455396,11.08780295360714,11.060693627838008,3.123650210634481,1.2678517275627192
617.2823043072409,11.195556900813376,11.195556900813376,11.078323959093058,11.049428246207494,2.623650210634481,1.7450343067867338
617.4823309774637,11.1864800538176,11.1864800538176,11.074843358084747,11.043930550984825,3.123650210634481,2.192905931398919
617.6823576476863,11.177411238076791,11.177411238076791,11.081190315141507,11.044150281813291,3.623650210634481,2.692905931398919
617.882384317909,11.168350543120367,11.168350543120367,11.074926263586713,11.048506588003134,3.123650210634481,3.192905931398919
618.0824109881318,11.159298058397574,11.159298058397574,11.068223260849521,11.048224042357047,3.1463329119510126,2.692905931398919
618.2824376583544,11.150253873276622,11.150253873276622,11.063403000996662,11.052521600744923,2.6463329119510126,3.192905931398919
618.4824643285771,11.14121807704377,11.14121807704377,11.063607419561686,11.060958775475562,3.1463329119510126,3.692905931398919
618.6824909987998,11.132190758902462,11.132190758902462,11.054559009755545,11.064954038998545,2.6463329119510126,3.192905931398919
618.8825176690225,11.123172007972453,11.123172007972453,11.052419457318484,11.063440864085651,3.1463329119510126,2.692905931398919
619.0825443392453,11.114161913288909,11.114161913288909,11.043319285520733,11.056373288364052,2.6463329119510126,2.192905931398919
619.2825710094679,11.105160563801553,11.105160563801553,11.042746806076655,11.042459305106904,3.1463329119510126,1.692905931398919
619.4825976796906,11.09616804837376,11.09616804837376,11.03274561532842,11.020291982904393,2.6463329119510126,1.192905931398919
619.6826243499133,11.087184455781696,11.087184455781696,11.008827575793866,11.001926713632628,2.1463329119510126,1.2777360737299646
619.882651020136,11.078209874713446,11.078209874713446,10.991055817747355,10.977387623220519,1.9500292191678201,0.7777360737299646
620.0826776903587,11.06924439376813,11.06924439376813,10.96048501563593,10.95779457510751,1.4500292191678201,1.2777360737299646
620.2827043605814,11.06028810145502,11.06028810145502,10.939210265882235,10.946917333147594,1.9500292191678201,1.7777360737299646
620.4827310308041,11.05134108619269,11.05134108619269,10.911607181703411,10.930179499659427,1.5064430584451454,1.31158000810332
620.6827577010267,11.042403436308113,11.042403436308113,10.892870283952675,10.918911122723157,2.0064430584451456,1.81158000810332
620.8827843712495,11.033475240035813,11.033475240035813,10.866329728523546,10.913100063191298,1.5064430584451456,2.31158000810332
621.0828110414722,11.02455658551699,11.02455658551699,10.847033573297505,10.900926479589378,2.0064430584451456,1.81158000810332
621.2828377116948,11.01564756079864,11.01564756079864,10.836160965843355,10.89520917585217,2.5064430584451456,2.31158000810332
621.4828643819176,11.00674825383269,11.00674825383269,10.831887861826672,10.882865131244536,3.0064430584451456,1.81158000810332
621.6828910521402,10.997858752475137,10.997858752475137,10.82055282066575,10.87355185093846,2.5064430584451456,2.31158000810332
621.882917722363,10.988979144485164,10.988979144485164,10.813577022739409,10.873140593018217,3.0064430584451456,2.81158000810332
622.0829443925857,10.980109517524305,10.980109517524305,10.818966724842,10.866381178095251,3.5064430584451456,2.31158000810332
622.2829710628083,10.971249959155536,10.971249959155536,10.81744308600341,10.86500869205808,3.0064430584451456,2.81158000810332
622.4829977330311,10.962400556842441,10.962400556842441,10.806559249828167,10.857057839976617,2.5064430584451456,2.31158000810332
622.6830244032537,10.953561397948354,10.953561397948354,10.802905420621306,10.856602660936181,3.0064430584451456,2.81158000810332
622.8830510734764,10.944732569735462,10.944732569735462,10.791798203249627,10.85119562118307,2.5064430584451456,2.31158000810332
623.0830777436992,10.935914159363982,10.935914159363982,10.77203051250917,10.840251537709026,2.0064430584451456,1.81158000810332
623.2831044139218,10.927106253891282,10.927106253891282,10.759428156717586,10.834634678113698,2.5064430584451456,2.31158000810332
623.4831310841445,10.918308940271015,10.918308940271015,10.754527179538531,10.825461584544046,3.0064430584451456,1.81158000810332
623.6831577543672,10.909522305352267,10.909522305352267,10.76012440717995,10.805896096391878,3.436767025991224,1.31158000810332
623.8831844245899,10.900746435878718,10.900746435878718,10.767812946992699,10.795330797989797,3.519919355713654,1.81158000810332
624.0832110948127,10.891981418487749,10.891981418487749,10.761880564146859,10.780261392996875,3.019919355713654,1.3578599831432876
624.2832377650353,10.883227339709627,10.883227339709627,10.746549513749875,10.768624965091352,2.519919355713654,1.8578599831432876
624.483264435258,10.874484285966613,10.874484285966613,10.735560040080072,10.761187589185791,2.4463871772238326,2.099920996935079
624.6832911054807,10.865752343572128,10.865752343572128,10.731627570711867,10.759172303995818,2.9463871772238326,2.599920996935079
624.8833177757034,10.857031598729915,10.857031598729915,10.719729871242832,10.764424129201407,2.4463871772238326,3.099920996935079
625.0833444459261,10.848322137533158,10.848322137533158,10.713658389853485,10.763660585782933,2.9463871772238326,2.599920996935079
625.2833711161488,10.839624045963642,10.839624045963642,10.71475778100077,10.768674289261435,3.09438040454159,3.099920996935079
625.4833977863715,10.830937409890929,10.830937409890929,10.705251325693249,10.774373501489892,2.59438040454159,3.2818569128786748
625.6834244565941,10.82226231507147,10.82226231507147,10.70153828066964,10.776119508243099,2.9511691497913852,2.7818569128786748
625.8834511268169,10.813598847147775,10.813598847147775,10.687278410824192,10.770797795129678,2.4511691497913852,2.2818569128786748
626.0834777970396,10.8049470916476,10.8049470916476,10.676422190315401,10.768272260372571,2.487762254891817,2.338296511832077
626.2835044672622,10.796307133983047,10.796307133983047,10.677769424372327,10.75854666007702,2.987762254891817,1.9621857439593628
626.483531137485,10.787679059449747,10.787679059449747,10.667635956794276,10.746022600105862,2.487762254891817,1.4621857439593628
626.6835578077076,10.779062953226035,10.779062953226035,10.663655301052477,10.738555901613202,2.987762254891817,1.9621857439593628
626.8835844779304,10.770458900372073,10.770458900372073,10.652949800608814,10.721681134894762,2.487762254891817,1.4621857439593628
627.0836111481531,10.761866985829048,10.761866985829048,10.651288699403674,10.704502848594021,2.987762254891817,1.1513344586327787
627.2836378183757,10.7532872944183,10.7532872944183,10.636921528838508,10.67926160240607,2.487762254891817,0.6513344586327787
627.4836644885985,10.7447199108405,10.7447199108405,10.631359686627725,10.646740678565083,2.987762254891817,0.1753242113219381
627.6836911588211,10.73616491967483,10.73616491967483,10.636054285345717,10.61973022694837,3.487762254891817,0.6753242113219381
627.8837178290438,10.72762240537811,10.72762240537811,10.634350386347515,10.58995066667072,2.987762254891817,0.1753242113219381
628.0837444992666,10.719092452283991,10.719092452283991,10.637514105883321,10.564495164344585,3.487762254891817,0.6753242113219381
628.2837711694892,10.710575144602135,10.710575144602135,10.639540862262903,10.544404473101428,3.3167423773791067,1.0829269888600388
628.4837978397119,10.702070566417342,10.702070566417342,10.638219158534095,10.530297373135447,3.197908775545658,1.5829269888600388
628.6838245099347,10.69357880168875,10.69357880168875,10.629012477700815,10.521608743481917,2.697908775545658,2.082926988860039
628.8838511801573,10.685099934249006,10.685099934249006,10.613418284826185,10.52153496190219,2.493321346013678,2.582926988860039
629.0838778503801,10.67663404780343,10.67663404780343,10.610179074263213,10.524116828355318,2.993321346013678,3.082926988860039
629.2839045206027,10.668181225929192,10.668181225929192,10.601393244235187,10.521670195771943,2.493321346013678,2.582926988860039
629.4839311908254,10.65974155207448,10.65974155207448,10.599976885965226,10.515683146992659,2.8865503769198857,2.106858300567087
629.6839578610482,10.651315109557679,10.651315109557679,10.589012016984173,10.516509538147448,2.3865503769198857,2.606858300567087
629.8839845312708,10.642901981566565,10.642901981566565,10.574601314497981,10.510844184034948,2.07358447143222,2.106858300567087
630.0840112014935,10.634502251157457,10.634502251157457,10.546332621313782,10.508030777122732,1.5735844714322198,2.606858300567087
630.2840378717162,10.626116001254411,10.626116001254411,10.522218347178717,10.503262846422286,2.07358447143222,2.106858300567087
630.4840645419389,10.617743314648415,10.617743314648415,10.499139613637798,10.490950924345531,1.7978661300464829,1.6068583005670871
630.6840912121615,10.609384273996538,10.609384273996538,10.486346180344457,10.481500989015595,2.297866130046483,2.106858300567087
630.8841178823843,10.601038961821137,10.601038961821137,10.46399189540012,10.480049679845424,1.840651500665599,2.606858300567087
631.084144552607,10.592707460509052,10.592707460509052,10.45273828968342,10.472320775256703,2.340651500665599,2.106858300567087
631.2841712228296,10.584389852310768,10.584389852310768,10.447618324472598,10.471443678779032,2.840651500665599,2.606858300567087
631.4841978930524,10.576086219339604,10.576086219339604,10.436845854125979,10.467168008138552,2.4126005953125857,2.4437511363173696
631.684224563275,10.56779664357094,10.56779664357094,10.412679575581597,10.469175746118957,1.9126005953125857,2.9437511363173696
631.8842512334978,10.559521206841344,10.559521206841344,10.384610515453792,10.467847745060874,1.4126005953125857,2.6287823650122535
632.0842779037205,10.551259990847843,10.551259990847843,10.368152518721192,10.473145073519634,1.9126005953125857,3.1287823650122535
632.2843045739431,10.54301307714704,10.54301307714704,10.356602217666692,10.469926015873089,2.4126005953125857,2.6287823650122535
632.4843312441659,10.534780547154348,10.534780547154348,10.351283411378638,10.463155588109856,2.9126005953125857,2.1287823650122535
632.6843579143886,10.526562482143195,10.526562482143195,10.349431990246025,10.450066608398958,2.9868025756311694,1.6287823650122535
632.8843845846112,10.518358963244193,10.518358963244193,10.341836297769047,10.443810298230915,2.4868025756311694,2.1287823650122535
633.084411254834,10.510170071444353,10.510170071444353,10.333694505798164,10.427423609970365,2.7335403597978063,1.6287823650122535
633.2844379250566,10.501995887586299,10.501995887586299,10.335794441542797,10.407399591889023,3.2335403597978063,1.1287823650122535
633.4844645952793,10.493836492367434,10.493836492367434,10.326235194131103,10.380086389474908,2.7867038372533153,0.6287823650122535
633.6844912655021,10.485691966339173,10.485691966339173,10.327416543936954,10.358925376176291,3.2867038372533153,1.1287823650122535
633.8845179357247,10.477562389906149,10.477562389906149,10.337238261640481,10.344634619410387,3.6134226239048672,1.6287823650122535
634.0845446059475,10.469447843325387,10.469447843325387,10.344547172751152,10.339358616278526,3.6912460120750143,2.1287823650122535
634.2845712761701,10.461348406705559,10.461348406705559,10.358863252496402,10.326423643593573,4.191246012075014,1.683696768906023
634.4845979463928,10.453264160006151,10.453264160006151,10.370562999285887,10.320088564934757,3.932452598804402,2.1836967689060227
634.6846246166156,10.445195183036688,10.445195183036688,10.389600510525185,10.310676925668474,4.432452598804402,2.2050018984454476
634.8846512868382,10.437141555455964,10.437141555455964,10.395447608557014,10.307259994597478,3.932452598804402,2.7050018984454476
635.0846779570609,10.429103356771234,10.429103356771234,10.395319294591314,10.30934587005551,3.432452598804402,2.688214069936972
635.2847046272836,10.421080666337428,10.421080666337428,10.4003333212055,10.304218075667341,3.557637199001604,2.188214069936972
635.4847312975063,10.413073563356386,10.413073563356386,10.399549377320959,10.304185642950786,3.057637199001604,2.688214069936972
635.684757967729,10.405082126876058,10.405082126876058,10.385137063609031,10.304775481018964,2.557637199001604,2.820073414205226
635.8847846379517,10.397106435789727,10.397106435789727,10.384767180965012,10.302469608255633,2.74969115023932,2.320073414205226
636.0848113081744,10.389146568835248,10.389146568835248,10.372896195765614,10.296716367561963,2.24969115023932,1.820073414205226
636.2848379783971,10.38120260459424,10.38120260459424,10.361667022657407,10.283645573501104,2.4011188172720717,1.320073414205226
636.4848646486198,10.373274621491344,10.373274621491344,10.34044425436414,10.272317206398688,1.9011188172720717,1.67736674550452
636.6848913188425,10.365362697793417,10.365362697793417,10.314283411184112,10.264526726488157,1.4011188172720717,2.17736674550452
636.8849179890652,10.357466911608775,10.357466911608775,10.291835831288605,10.261085109223993,1.6903202862477607,2.0239600659431787
637.0849446592879,10.349587340886433,10.349587340886433,10.258442701964334,10.261010306673787,1.1903202862477604,2.446287943744273
637.2849713295105,10.341724063415313,10.341724063415313,10.229704332622862,10.265347441538834,1.6903202862477604,2.946287943744273
637.4849979997333,10.333877156823482,10.333877156823482,10.20657943327687,10.276586240254744,1.8386513526513066,3.446287943744273
637.685024669956,10.326046698577406,10.326046698577406,10.194622919549053,10.279102944899725,2.338651352651307,2.946287943744273
637.8850513401786,10.31823276598115,10.31823276598115,10.192328729182899,10.275870776812273,2.838651352651307,2.446287943744273
638.0850780104014,10.31043543617565,10.31043543617565,10.178215618344506,10.265301566803663,2.338651352651307,1.9462879437442728
638.285104680624,10.302654786137932,10.302654786137932,10.17361436564122,10.248538245613874,2.838651352651307,1.4462879437442728
638.4851313508467,10.29489089268035,10.29489089268035,10.164394659046945,10.240880339548974,2.338651352651307,1.9462879437442728
638.6851580210695,10.287143832449829,10.287143832449829,10.15898452590805,10.231334942879739,2.838651352651307,1.8087345952293958
638.8851846912921,10.27941368192713,10.27941368192713,10.16112018267957,10.218272894220993,3.338651352651307,1.3087345952293958
639.0852113615149,10.271700517426055,10.271700517426055,10.171172600301931,10.206333451579745,3.838651352651307,1.4351252022730876
639.2852380317375,10.264004415092742,10.264004415092742,10.179126489373509,10.192963256891307,3.58106922321454,1.9351252022730876
639.4852647019602,10.256325450904864,10.256325450904864,10.174564712217913,10.183524790101036,3.08106922321454,1.4351252022730876
639.685291372183,10.24866370067091,10.24866370067091,10.162296821010884,10.17670758184187,2.58106922321454,1.9351252022730876
639.8853180424056,10.241019240029438,10.241019240029438,10.144659978655838,10.159760154296729,2.08106922321454,1.4351252022730876
640.0853447126283,10.233392144448308,10.233392144448308,10.121330132983637,10.13990899783761,1.6872227280660563,0.9351252022730876
640.285371382851,10.225782489223947,10.225782489223947,10.10805155336753,10.112687002394118,2.1872227280660566,0.4351252022730876
640.4853980530737,10.218190349480622,10.218190349480622,10.088794487339404,10.092228251533092,1.6872227280660566,0.9351252022730876
640.6854247232964,10.210615800169666,10.210615800169666,10.075981629120623,10.073464759804727,2.1872227280660566,1.4351252022730876
640.8854513935191,10.203058916068755,10.203058916068755,10.071068371941372,10.06295577007286,2.6872227280660566,1.9351252022730876
641.0854780637418,10.195519771781196,10.195519771781196,10.067705105635902,10.057427525022314,3.1872227280660566,2.4351252022730874
641.2855047339646,10.187998441735129,10.187998441735129,10.059090449451947,10.060788457360342,2.7056706532170294,2.9351252022730874
641.4855314041872,10.180495000182855,10.180495000182855,10.059923202272039,10.057368309157496,3.2056706532170294,2.4351252022730874
641.6855580744099,10.173009521200061,10.173009521200061,10.05081443947675,10.049615674376529,2.7056706532170294,1.9351252022730874
641.8855847446326,10.165542078685103,10.165542078685103,10.033570449126604,10.04596302178325,2.2056706532170294,2.4351252022730874
642.0856114148553,10.158092746358289,10.158092746358289,10.03160675102025,10.037749440069828,2.7056706532170294,1.9351252022730874
642.285638085078,10.150661597761129,10.150661597761129,10.028848079954132,10.035235574660236,3.2056706532170294,2.4351252022730874
642.4856647553007,10.143248706255616,10.143248706255616,10.020900635173595,10.028338739821454,2.7056706532170294,1.9351252022730874
642.6856914255234,10.135854145023517,10.135854145023517,10.021600235550315,10.02424283700066,3.2056706532170294,2.4351252022730874
642.885718095746,10.12847798706563,10.12847798706563,10.029098724760738,10.02860610159058,3.5250848971947755,2.9351252022730874
643.0857447659688,10.121120305201067,10.121120305201067,10.030316052957266,10.027428349550998,3.0250848971947755,2.4351252022730874
643.2857714361915,10.113781172066556,10.113781172066556,10.039408055303996,10.022974827487406,3.5250848971947755,1.9351252022730874
643.4857981064141,10.106460660115694,10.106460660115694,10.034906697274456,10.018579412508126,3.0250848971947755,2.4351252022730874
643.6858247766369,10.099158841618245,10.099158841618245,10.0257739776879,10.008908709495186,2.5250848971947755,1.9351252022730874
643.8858514468595,10.091875788659433,10.091875788659433,10.007133901447157,10.00498737898838,2.0250848971947755,2.4351252022730874
644.0858781170823,10.084611573139224,10.084611573139224,9.996769354921547,9.997491723456122,2.5250848971947755,1.9351252022730874
644.285904787305,10.07736626677162,10.07736626677162,9.974260048153543,9.98994966524208,2.0250848971947755,2.3095734287310523
644.4859314575276,10.070139941083937,10.070139941083937,9.947622153526346,9.982097402183728,1.5250848971947755,1.8095734287310523
644.6859581277504,10.06293266741611,10.06293266741611,9.93020471406402,9.97787616809202,2.0250848971947755,2.3095734287310523
644.885984797973,10.055744516920003,10.055744516920003,9.92177141864659,9.966727220884904,2.5250848971947755,1.8095734287310523
645.0860114681957,10.048575560558678,10.048575560558678,9.901507913236205,9.952737980975995,2.0250848971947755,1.3095734287310523
645.2860381384185,10.041425869105705,10.041425869105705,9.892396487028057,9.941309552980439,2.5250848971947755,1.8095734287310523
645.4860648086411,10.034295513144484,10.034295513144484,9.893872028197334,9.937234566860045,3.0250848971947755,2.3095734287310523
645.6860914788638,10.027184563067513,10.027184563067513,9.895752980938457,9.938209887845028,3.2374834545741344,2.518933126453635
645.8861181490865,10.020093089075715,10.020093089075715,9.909466174809419,9.942340325835271,3.7374834545741344,3.018933126453635
646.0861448193092,10.013021161177752,10.013021161177752,9.914905472405085,9.954053620633335,3.2374834545741344,3.518933126453635
646.286171489532,10.005968849189305,10.005968849189305,9.913739951055263,9.960964990571574,2.7374834545741344,3.018933126453635
646.4861981597546,9.998936222732418,9.998936222732418,9.906725107030892,9.963337231740892,2.604055768144294,2.518933126453635
646.6862248299773,9.991923351234782,9.991923351234782,9.890933212511761,9.959588278269072,2.104055768144294,2.018933126453635
646.8862515002,9.984930303929065,9.984930303929065,9.882786440104445,9.94380969370562,2.604055768144294,1.5189331264536352
647.0862781704227,9.97795714985224,9.97795714985224,9.872586642501547,9.925093456097452,2.104055768144294,1.2513282884456511
647.2863048406454,9.971003957844877,9.971003957844877,9.869082179919246,9.912461149270625,2.604055768144294,1.7513282884456511
647.4863315108681,9.964070796550468,9.964070796550468,9.863951546461049,9.906347297736659,3.104055768144294,2.2513282884456514
647.6863581810908,9.957157734414778,9.957157734414778,9.870121118233195,9.89601712178961,3.358466321955105,1.7822643014846742
647.8863848513134,9.950264839685131,9.950264839685131,9.88180547795053,9.892705368125263,3.5829800797266182,2.282264301484674
648.0864115215362,9.94339218040976,9.94339218040976,9.885116997573896,9.881661686601511,3.3121801294745667,1.7822643014846742
648.2864381917589,9.936539824437133,9.936539824437133,9.882368671397824,9.872995862115374,2.8121801294745667,1.9261175306955138
648.4864648619815,9.929707839415274,9.929707839415274,9.866007120999516,9.870320561623508,2.3121801294745667,2.426117530695514
648.6864915322043,9.922896292791096,9.922896292791096,9.84316863993732,9.864555024526423,1.8121801294745667,2.00452216364765
648.8865182024269,9.916105251809753,9.916105251809753,9.832834081984709,9.849259796761842,2.3121801294745667,1.5045221636476498
649.0865448726497,9.90933478351395,9.90933478351395,9.814863391883474,9.829954367108868,1.8121801294745667,1.0045221636476498
649.2865715428724,9.902584954743304,9.902584954743304,9.789655779044564,9.80740604478892,1.3121801294745667,0.5045221636476498
649.486598213095,9.895855832133662,9.895855832133662,9.765866448576451,9.788652260918951,1.8121801294745665,1.0045221636476498
649.6866248833178,9.889147482116456,9.889147482116456,9.750339959286633,9.776633212505102,2.3121801294745663,1.5045221636476498
649.8866515535404,9.882459970918068,9.882459970918068,9.74323905162085,9.768505802317136,2.8121801294745663,2.00452216364765
650.0866782237631,9.87579336455913,9.87579336455913,9.748968849045454,9.763143503720926,3.3121801294745663,1.8740688940197208
650.2867048939859,9.8691477288539,9.8691477288539,9.744653776864187,9.759667295886706,2.8121801294745663,2.3740688940197208
650.4867315642085,9.862523129409619,9.862523129409619,9.746745780473576,9.759659834030497,3.3121801294745663,2.332209640593506
650.6867582344312,9.855919631625847,9.855919631625847,9.753671135444469,9.763246878743164,3.3178082065998966,2.832209640593506
650.886784904654,9.84933730069382,9.84933730069382,9.752502381673288,9.762514893360475,2.8178082065998966,2.332209640593506
651.0868115748766,9.842776201595822,9.842776201595822,9.75904192413971,9.754767998167129,3.3178082065998966,2.0025825719556676
651.2868382450994,9.836236399104514,9.836236399104514,9.773511981508126,9.753554272106477,3.8178082065998966,2.5025825719556676
651.486864915322,9.829717957782332,9.829717957782332,9.780017167315421,9.760898966800546,3.3178082065998966,3.0025825719556676
651.6868915855447,9.823220941980816,9.823220941980816,9.777487386899125,9.761250339505482,2.8178082065998966,2.5025825719556676
651.8869182557675,9.816745415839987,9.816745415839987,9.761958220605909,9.755643382268177,2.3178082065998966,2.0025825719556676
652.0869449259901,9.810291443287728,9.810291443287728,9.742894721671227,9.742950079640423,1.8178082065998966,1.5025825719556676
652.2869715962128,9.803859088039125,9.803859088039125,9.732393691932065,9.734457588653719,2.3178082065998966,2.0025825719556676
652.4869982664355,9.797448413595863,9.797448413595863,9.71653797073211,9.719487122979826,1.8178082065998966,1.5025825719556676
652.6870249366582,9.791059483245583,9.791059483245583,9.700252269342744,9.70052346545599,2.10374344332115,1.0025825719556676
652.8870516068808,9.784692360061277,9.784692360061277,9.677567534580021,9.685320163386924,1.6037434433211502,1.5025825719556676
653.0870782771036,9.778347106900627,9.778347106900627,9.642820743367135,9.677875128026523,1.1037434433211502,2.0025825719556676
653.2871049473263,9.772023786405436,9.772023786405436,9.620894566940821,9.663247373061392,1.6037434433211502,1.5025825719556676
653.4871316175489,9.765722461000964,9.765722461000964,9.606032063397915,9.658204963884836,2.10374344332115,2.0025825719556676
653.6871582877717,9.759443192895333,9.759443192895333,9.599782262826743,9.654914207588519,2.60374344332115,2.5025825719556676
653.8871849579944,9.753186044078921,9.753186044078921,9.586379283300213,9.659247194496153,2.10374344332115,3.0025825719556676
654.0872116282171,9.746951076323727,9.746951076323727,9.57865917380307,9.661101169728406,2.60374344332115,2.5025825719556676
654.2872382984398,9.740738351182783,9.740738351182783,9.579734602503306,9.652664672350936,3.10374344332115,2.0025825719556676
654.4872649686624,9.73454792998953,9.73454792998953,9.574217964225268,9.644471255186074,2.60374344332115,1.7594883855144965
654.6872916388852,9.728379873857218,9.728379873857218,9.576474917209817,9.63875810596847,3.10374344332115,2.2594883855144965
654.8873183091079,9.722234243678315,9.722234243678315,9.571458816942648,9.630355250341788,2.60374344332115,1.7594883855144965
655.0873449793305,9.716111100123886,9.716111100123886,9.572970785282154,9.624483245084155,3.10374344332115,2.2594883855144965
655.2873716495533,9.710010503642996,9.710010503642996,9.583707667098182,9.62415739127245,3.60374344332115,2.7594883855144965
655.4873983197759,9.703932514462142,9.703932514462142,9.601300456046708,9.619825295161636,4.10374344332115,2.4249382300572506
655.6874249899986,9.69787719258461,9.69787719258461,9.621543218173452,9.627365067982018,4.073337493860059,2.9249382300572506
655.8874516602214,9.691844597789931,9.691844597789931,9.632460443899307,9.626264922074675,3.573337493860059,2.4249382300572506
656.087478330444,9.685834789633262,9.685834789633262,9.63130025992274,9.614285934862714,3.073337493860059,1.9249382300572506
656.2875050006668,9.679847827444796,9.679847827444796,9.628017861004079,9.596814926151938,2.573337493860059,1.4249382300572506
656.4875316708894,9.673883770329201,9.673883770329201,9.616127948309305,9.578354338574147,2.073337493860059,0.9249382300572506
656.6875583411121,9.667942677165009,9.667942677165009,9.608472170201901,9.5639672707033,2.573337493860059,1.4249382300572506
656.8875850113349,9.662024606604046,9.662024606604046,9.606275407317481,9.553028702094556,3.073337493860059,1.9249382300572506
657.0876116815575,9.656129617070865,9.656129617070865,9.601541628359692,9.540832869712311,2.573337493860059,1.9021634740787239
657.2876383517802,9.65025776676215,9.65025776676215,9.582840848768232,9.539768394668034,2.073337493860059,2.4021634740787237
657.487665022003,9.644409113646145,9.644409113646145,9.571467975212858,9.529894689215777,2.573337493860059,1.9021634740787237
657.6876916922256,9.638583715462097,9.638583715462097,9.556699990248903,9.526497571325395,2.073337493860059,2.4021634740787237
657.8877183624483,9.632781629719666,9.632781629719666,9.550120488942627,9.52582586933241,2.573337493860059,2.239604127092668
658.087745032671,9.627002913698368,9.627002913698368,9.535366122093887,9.527976605954763,2.073337493860059,2.739604127092668
658.2877717028937,9.621247624447012,9.621247624447012,9.530252721856723,9.535393172598166,2.573337493860059,3.239604127092668
658.4877983731163,9.61551581878313,9.61551581878313,9.531316488276218,9.551254453695456,3.073337493860059,3.739604127092668
658.6878250433391,9.609807553292413,9.609807553292413,9.543381220661887,9.559923446491918,3.573337493860059,3.239604127092668
658.8878517135618,9.604122884328172,9.604122884328172,9.549785111788916,9.561733898056515,3.4939729828792654,2.739604127092668
659.0878783837845,9.598461868010752,9.598461868010752,9.551750482101045,9.570915688963927,2.9939729828792654,3.239604127092668
659.2879050540072,9.592824560227008,9.592824560227008,9.556268716774724,9.574738999858939,3.1252171854881903,2.739604127092668
659.4879317242298,9.587211016629725,9.587211016629725,9.568884314207818,9.582224954164824,3.4746313572609093,3.239604127092668
659.6879583944526,9.58162129263709,9.58162129263709,9.566731230467395,9.58383878095656,2.9746313572609093,2.739604127092668
659.8879850646753,9.57605544343214,9.57605544343214,9.561125361659863,9.576508307227677,2.4746313572609093,2.239604127092668
660.0880117348979,9.570513523962209,9.570513523962209,9.54395319615151,9.56689206722053,1.9746313572609093,1.7396041270926679
660.2880384051207,9.564995588938391,9.564995588938391,9.517587943019484,9.550285835733517,1.4746313572609093,1.2396041270926679
660.4880650753433,9.55950169283501,9.55950169283501,9.498616544230444,9.527953548660001,1.9746313572609093,0.7396041270926679
660.688091745566,9.554031889889059,9.554031889889059,9.49183111359397,9.503624505550933,2.4746313572609093,0.5736046648430346
660.8881184157888,9.54858623409968,9.54858623409968,9.477215161427262,9.482126140660379,2.1823200099110998,1.0736046648430346
661.0881450860114,9.543164779227643,9.543164779227643,9.454729915159193,9.455453701346828,1.6823200099110998,0.5736046648430346
661.2881717562342,9.53776757879478,9.53776757879478,9.44264461572109,9.436622241836217,2.1823200099110998,1.0736046648430346
661.4881984264568,9.532394686083496,9.532394686083496,9.435535906758806,9.422061564832646,2.6823200099110998,1.5736046648430346
661.6882250966795,9.52704615413621,9.52704615413621,9.436286983056378,9.422540484599558,3.1823200099110998,2.0736046648430344
661.8882517669023,9.521722035754856,9.521722035754856,9.43750853881151,9.425248986922144,2.6823200099110998,2.5736046648430344
662.0882784371249,9.516422383500348,9.516422383500348,9.440445667667616,9.432206299376665,3.1823200099110998,3.0736046648430344
662.2883051073476,9.511147249692069,9.511147249692069,9.444207712570439,9.433343827602243,2.9759863408819216,2.5736046648430344
662.4883317775704,9.505896686407336,9.505896686407336,9.43339283589979,9.434148918206278,2.4759863408819216,2.4808420450141657
662.688358447793,9.500670745480923,9.500670745480923,9.432827056576842,9.425388324225125,2.9759863408819216,1.9808420450141657
662.8883851180157,9.495469478504507,9.495469478504507,9.435172123635052,9.426504195804581,3.4759863408819216,2.4808420450141657
663.0884117882384,9.490292936826183,9.490292936826183,9.439658967667492,9.417773811459906,3.294014005213791,1.9808420450141657
663.2884384584611,9.48514117154996,9.48514117154996,9.434813255347798,9.406026362711064,2.794014005213791,1.4808420450141657
663.4884651286837,9.480014233535242,9.480014233535242,9.439862838779595,9.393872236872015,3.294014005213791,1.582324822313686
663.6884917989065,9.474912173396328,9.474912173396328,9.43846235722341,9.387044311113062,2.794014005213791,2.0823248223136863
663.8885184691292,9.469835041501929,9.469835041501929,9.426737384710526,9.389846500444698,2.294014005213791,2.5823248223136863
664.0885451393519,9.464782887974648,9.464782887974648,9.410459450683565,9.395189350935652,1.794014005213791,3.0823248223136863
664.2885718095746,9.459755762690504,9.459755762690504,9.393440426830393,9.402814914342615,2.212022852076396,2.7999249395921355
664.4885984797972,9.454753715278425,9.454753715278425,9.375942506250063,9.400153124473023,1.7120228520763958,2.2999249395921355
664.68862515002,9.449776795119764,9.449776795119764,9.3588751162938,9.390148668405908,1.964981826438747,1.7999249395921355
664.8886518202427,9.444825051347822,9.444825051347822,9.349072719524182,9.374754695994653,2.464981826438747,1.2999249395921355
665.0886784904653,9.439898532847343,9.439898532847343,9.330466724519361,9.368985810941693,1.964981826438747,1.7999249395921355
665.2887051606881,9.43499728825404,9.43499728825404,9.305488732317922,9.367494539740072,1.464981826438747,2.2999249395921355
665.4887318309108,9.430121365954129,9.430121365954129,9.291652662798233,9.357795346102556,1.964981826438747,1.7999249395921355
665.6887585011334,9.425270814083824,9.425270814083824,9.283293647561718,9.354544262538827,2.464981826438747,2.2999249395921355
665.8887851713562,9.42044568052888,9.42044568052888,9.273145413301553,9.35957290135398,1.964981826438747,2.7999249395921355
666.0888118415788,9.415646012924128,9.415646012924128,9.265529801670132,9.356713939585175,2.464981826438747,2.2999249395921355
666.2888385118016,9.410871858652975,9.410871858652975,9.264170216372555,9.36310326269483,2.964981826438747,2.7999249395921355
666.4888651820243,9.406123264846968,9.406123264846968,9.274249554720937,9.360551478698254,3.464981826438747,2.2999249395921355
666.6888918522469,9.401400278385314,9.401400278385314,9.28845293240235,9.350174984718702,3.713951826009284,1.7999249395921355
666.8889185224697,9.39670294589441,9.39670294589441,9.298671537924672,9.332347039070097,3.213951826009284,1.2999249395921355
667.0889451926923,9.3920313137474,9.3920313137474,9.29382582484654,9.319929798293508,2.713951826009284,1.7999249395921355
667.288971862915,9.387385428063705,9.387385428063705,9.284648379391195,9.316852566463755,2.258391619872614,2.2999249395921355
667.4889985331378,9.382765334708566,9.382765334708566,9.280186253523743,9.321645140943867,2.758391619872614,2.7999249395921355
667.6890252033604,9.378171079292606,9.378171079292606,9.273755202552334,9.334159244420626,2.502052465599892,3.2999249395921355
667.8890518735831,9.373602707171369,9.373602707171369,9.259457456943776,9.338134663694442,2.002052465599892,2.7999249395921355
668.0890785438058,9.369060263444858,9.369060263444858,9.25488886976342,9.345676897899839,2.502052465599892,3.0299707992168505
668.2891052140285,9.364543792957129,9.364543792957129,9.25410437089886,9.357007973491138,3.002052465599892,3.5299707992168505
668.4891318842512,9.360053340295803,9.360053340295803,9.24590216334237,9.36199515284993,2.502052465599892,3.0299707992168505
668.6891585544739,9.355588949791658,9.355588949791658,9.245982242650909,9.371487236134351,3.002052465599892,3.5299707992168505
668.8891852246966,9.35115066551818,9.35115066551818,9.258992443117428,9.377448633312667,3.502052465599892,3.0299707992168505
669.0892118949193,9.346738531291122,9.346738531291122,9.261072147079327,9.3782081318945,3.002052465599892,2.5299707992168505
669.289238565142,9.342352590668087,9.342352590668087,9.277041786297671,9.373170867207063,3.4898481580513256,2.0299707992168505
669.4892652353647,9.337992886948083,9.337992886948083,9.280986781947332,9.35920561796323,2.9898481580513256,1.5299707992168505
669.6892919055874,9.333659463171097,9.333659463171097,9.270938927415662,9.339423713780162,2.4898481580513256,1.0299707992168505
669.8893185758101,9.329352362117685,9.329352362117685,9.259931397729279,9.327102498390639,1.9898481580513256,1.5299707992168505
670.0893452460327,9.325071626308535,9.325071626308535,9.255201824900512,9.30684586036391,2.4898481580513256,1.0299707992168505
670.2893719162555,9.320817298004043,9.320817298004043,9.259347249468957,9.285286639439477,2.9898481580513256,0.5299707992168505
670.4893985864782,9.316589419203918,9.316589419203918,9.25380517482867,9.268750334520261,2.4898481580513256,1.0299707992168505
670.6894252567008,9.31238803164674,9.31238803164674,9.25710276838135,9.256845223100648,2.9898481580513256,1.5299707992168505
670.8894519269236,9.308213176809572,9.308213176809572,9.247439106162293,9.250056183025022,2.4898481580513256,2.0299707992168505
671.0894785971462,9.304064895907537,9.304064895907537,9.248470699088898,9.251655299832597,2.8436239350334107,2.5299707992168505
671.289505267369,9.299943229893408,9.299943229893408,9.241658235821694,9.24719570704385,2.3436239350334107,2.0299707992168505
671.4895319375917,9.295848219457222,9.295848219457222,9.223257602402654,9.244743124610212,1.8436239350334107,2.5299707992168505
671.6895586078143,9.291779905025852,9.291779905025852,9.206956104434116,9.2383484762494,1.6836713461510706,2.0299707992168505
671.8895852780371,9.287738326762629,9.287738326762629,9.179625990902409,9.23699698230008,1.1836713461510706,2.5299707992168505
672.0896119482597,9.283723524566941,9.283723524566941,9.164273360040788,9.22962923309512,1.6836713461510706,2.0299707992168505
672.2896386184824,9.279735538073831,9.279735538073831,9.157620848239995,9.228333511616357,2.183671346151071,2.5299707992168505
672.4896652887052,9.275774406653614,9.275774406653614,9.15454106116181,9.224576573756602,2.5417792445317042,2.488955708253123
672.6896919589278,9.271840169411487,9.271840169411487,9.156743423926951,9.21672769175179,3.0417792445317042,1.988955708253123
672.8897186291505,9.267932865187138,9.267932865187138,9.161514532590461,9.21961986003232,3.4037505279815385,2.488955708253123
673.0897452993732,9.264052532554366,9.264052532554366,9.166345455882873,9.210873737236955,2.9037505279815385,1.988955708253123
673.2897719695959,9.260199209820708,9.260199209820708,9.171390136169387,9.200503545813223,3.167965257591724,1.488955708253123
673.4897986398186,9.256372935027045,9.256372935027045,9.16684442390802,9.194433243358276,2.667965257591724,1.988955708253123
673.6898253100413,9.252573745947231,9.252573745947231,9.152407503275134,9.194171665018427,2.167965257591724,2.488955708253123
673.889851980264,9.248801680087738,9.248801680087738,9.14598147283864,9.188600862164806,2.667965257591724,1.988955708253123
674.0898786504868,9.245056774687257,9.245056774687257,9.143411523119141,9.176424027367617,2.6836595947580175,1.488955708253123
674.2899053207094,9.241339066716353,9.241339066716353,9.14874736317756,9.168855333183604,3.1836595947580175,1.988955708253123
674.4899319909321,9.237648592877092,9.237648592877092,9.141424388491252,9.171362152768301,2.6836595947580175,2.488955708253123
674.6899586611548,9.233985389602669,9.233985389602669,9.13636882674177,9.178415136624821,2.578380394828587,2.988955708253123
674.8899853313775,9.23034949305707,9.23034949305707,9.138334847090494,9.185985807816248,3.078380394828587,3.079167508380008
675.0900120016001,9.226740939134697,9.226740939134697,9.13180196362574,9.197600743349192,2.578380394828587,3.579167508380008
675.2900386718229,9.223159763460014,9.223159763460014,9.137399845857715,9.20556240184693,3.078380394828587,3.079167508380008
675.4900653420456,9.219606001387213,9.219606001387213,9.140360230122933,9.209114206643045,2.974815291785423,2.579167508380008
675.6900920122682,9.216079687999844,9.216079687999844,9.131481433697136,9.2029379046756,2.474815291785423,2.079167508380008
675.890118682491,9.212580858110476,9.212580858110476,9.131861984179977,9.194684748497837,2.7109265018039657,1.5791675083800079
676.0901453527136,9.209109546260363,9.209109546260363,9.133183183086102,9.173568297052183,2.867671873246203,1.0791675083800079
676.2901720229364,9.205665786719084,9.205665786719084,9.133086112495818,9.161036889876524,2.7822507689684914,1.5791675083800079
676.4901986931591,9.202249613484227,9.202249613484227,9.122290589021953,9.154357624958692,2.2822507689684914,2.079167508380008
676.6902253633817,9.198861060281029,9.198861060281029,9.10992809597707,9.156066429176066,1.9709139449743818,2.579167508380008
676.8902520336045,9.195500160562066,9.195500160562066,9.105784081617598,9.157497845209862,2.4709139449743818,2.4118426517162996
677.0902787038272,9.192166947506909,9.192166947506909,9.107159662854986,9.1629817364786,2.9709139449743818,2.9118426517162996
677.2903053740498,9.188861454021799,9.188861454021799,9.116033422635079,9.161531208811876,3.2028441443973628,2.4118426517162996
677.4903320442726,9.185583712739321,9.185583712739321,9.120245396409095,9.159844759510586,2.9290491516426753,2.2931636742581682
677.6903587144952,9.18233375601809,9.18233375601809,9.137254661366129,9.1514823402696,3.4290491516426753,1.7931636742581682
677.8903853847179,9.179111615942421,9.179111615942421,9.140759967816003,9.137278737741454,3.4475058582016307,1.2931636742581682
678.0904120549407,9.175917324322018,9.175917324322018,9.153607769667314,9.114441093053587,3.3999881166985766,0.7931636742581682
678.2904387251633,9.172750912691658,9.172750912691658,9.170818997206029,9.099591135470822,3.8999881166985766,1.2931636742581682
678.490465395386,9.16961241231088,9.16961241231088,9.17610120296439,9.092886851525513,3.3999881166985766,1.7931636742581682
678.6904920656087,9.166501854163677,9.166501854163677,9.180528037616721,9.090793878734427,3.0925574116414993,2.2931636742581682
678.8905187358314,9.163419268958194,9.163419268958194,9.17794478387357,9.099983947354787,2.5925574116414993,2.7931636742581682
679.0905454060542,9.160364687126412,9.160364687126412,9.163158734176077,9.09784658518199,2.0925574116414993,2.2931636742581682
679.2905720762768,9.157338138823865,9.157338138823865,9.157644760810266,9.088710033857556,2.5925574116414993,1.7931636742581682
679.4905987464995,9.15433965392933,9.15433965392933,9.14624190613937,9.08133739618754,2.0925574116414993,1.750085137475539
679.6906254167222,9.151369262044533,9.151369262044533,9.14447499512397,9.077733029382435,2.5925574116414993,2.250085137475539
679.8906520869449,9.148426992493867,9.148426992493867,9.135669954418603,9.071987604086708,2.3477167271073274,1.7500851374755388
680.0906787571676,9.145512874324085,9.145512874324085,9.11687127840684,9.067022917204133,1.8477167271073274,2.250085137475539
680.2907054273903,9.14262693630403,9.14262693630403,9.10563498709073,9.072874922377288,2.0266592867557978,2.750085137475539
680.490732097613,9.139769206924342,9.139769206924342,9.100528183900755,9.081048899208298,2.5266592867557978,3.0920392861137325
680.6907587678356,9.13693971439718,9.13693971439718,9.087059455525276,9.092185613053331,2.0266592867557978,3.205500905381051
680.8907854380584,9.134138486655939,9.134138486655939,9.084075379126086,9.095345140148398,2.5266592867557978,2.705500905381051
681.090812108281,9.13136555135498,9.13136555135498,9.087488135343131,9.092837426952675,3.0266592867557978,2.205500905381051
681.2908387785038,9.128620935869357,9.128620935869357,9.080391763682426,9.08544001430098,2.5266592867557978,1.7055009053810508
681.4908654487265,9.125904667294542,9.125904667294542,9.081287261899135,9.070050760249051,3.0266592867557978,1.2055009053810508
681.6908921189491,9.123216772446156,9.123216772446156,9.072079138272438,9.050691013121195,2.5266592867557978,0.983985564356334
681.8909187891719,9.120557277859714,9.120557277859714,9.074844064619827,9.039273863460345,3.0266592867557978,1.483985564356334
682.0909454593946,9.117926209790353,9.117926209790353,9.0776131411743,9.031854416246711,2.9737296921287233,1.983985564356334
682.2909721296172,9.115323594212583,9.115323594212583,9.072698045065742,9.0326255844046,2.4737296921287233,2.4839855643563338
682.49099879984,9.112749456820016,9.112749456820016,9.057396009540494,9.033734217822706,2.2851902505459187,2.3157536490256936
682.6910254700626,9.110203823025124,9.110203823025124,9.057385823894814,9.03900394571643,2.7851902505459187,2.8157536490256936
682.8910521402853,9.107686717958991,9.107686717958991,9.062381068029325,9.052007095054654,3.2851902505459187,3.3157536490256936
683.0910788105081,9.10519816647105,9.10519816647105,9.063903244369692,9.054880004190347,2.7851902505459187,2.8157536490256936
683.2911054807307,9.102738193128854,9.102738193128854,9.052312080038991,9.064397922996626,2.2851902505459187,3.283172474469957
683.4911321509534,9.100306822217819,9.100306822217819,9.039819789318228,9.06753478257703,2.015128027524983,2.783172474469957
683.6911588211761,9.097904077740994,9.097904077740994,9.036184873794827,9.076744930184304,2.515128027524983,3.283172474469957
683.8911854913988,9.095529983418826,9.095529983418826,9.039844311898852,9.092599339149993,3.015128027524983,3.783172474469957
684.0912121616216,9.093184562688915,9.093184562688915,9.035179240635218,9.119747839582423,2.515128027524983,4.283172474469957
684.2912388318442,9.090867838705789,9.090867838705789,9.021512238108295,9.135315814786614,2.093653623826868,3.783172474469957
684.4912655020669,9.088579834340681,9.088579834340681,9.013808920531273,9.14493614377127,2.593653623826868,3.283172474469957
684.6912921722896,9.08632057218129,9.08632057218129,9.004544518083264,9.149029640711179,2.093653623826868,2.783172474469957
684.8913188425123,9.08409007453157,9.08409007453157,9.002670445558755,9.145012583221394,2.593653623826868,2.283172474469957
685.091345512735,9.081888363411503,9.081888363411503,9.008970713929722,9.138852657021204,3.093653623826868,1.783172474469957
685.2913721829577,9.079715460556885,9.079715460556885,9.024627758761527,9.123355803844802,3.5201676533440978,1.283172474469957
685.4913988531804,9.077571387419113,9.077571387419113,9.04696939400539,9.101856745852528,4.020167653344098,0.783172474469957
685.691425523403,9.075456165164962,9.075456165164962,9.064428119909174,9.086371053751945,3.7410881750613942,1.2831724744699569
685.8914521936258,9.073369814676392,9.073369814676392,9.070273404280805,9.077520566226475,3.2410881750613942,1.7831724744699566
686.0914788638485,9.071312356550335,9.071312356550335,9.067151038662239,9.064083015817989,2.7410881750613942,1.2831724744699566
686.2915055340712,9.069283811098483,9.069283811098483,9.058025001737885,9.058570821685624,2.2410881750613942,1.7831724744699566
686.4915322042939,9.067284198347107,9.067284198347107,9.042561577588463,9.042829087943629,1.7410881750613942,1.2831724744699566
686.6915588745165,9.065313538036838,9.065313538036838,9.018657647672255,9.033255527156872,1.4347715707748558,1.7831724744699566
686.8915855447393,9.063371849622483,9.063371849622483,9.005963198870388,9.032793113385493,1.9347715707748558,2.2831724744699566
687.091612214962,9.061459152272839,9.061459152272839,8.99750811261789,9.037272946795982,2.434771570774856,2.7831724744699566
687.2916388851846,9.059575464870486,9.059575464870486,9.00267664902466,9.040887374718272,2.934771570774856,2.8057702181413307
687.4916655554074,9.05772080601162,9.05772080601162,8.998761239570973,9.046668882761162,2.434771570774856,3.3057702181413307
687.69169222563,9.05589519400586,9.05589519400586,8.985872308632233,9.052902188324849,1.9347715707748558,2.8057702181413307
687.8917188958527,9.05409864687606,9.05409864687606,8.979208382456745,9.063667086246218,2.434771570774856,3.3057702181413307
688.0917455660755,9.052331182358149,9.052331182358149,8.963870987727143,9.068629053826866,1.9347715707748558,2.8057702181413307
688.2917722362981,9.050592817900936,9.050592817900936,8.95833472366831,9.079010765580263,2.434771570774856,3.281655013714529
688.4917989065208,9.048883570665957,9.048883570665957,8.961549058993882,9.083118314818652,2.934771570774856,2.781655013714529
688.6918255767436,9.047203457527287,9.047203457527287,8.974274364983865,9.087186966394963,3.434771570774856,2.753508528238946
688.8918522469662,9.04555249507139,9.04555249507139,8.978229799444547,9.084903689692615,3.027186207534755,2.253508528238946
689.091878917189,9.043930699596947,9.043930699596947,8.985100332248207,9.074388205551342,3.1068397507531103,1.753508528238946
689.2919055874116,9.042338087114691,9.042338087114691,8.983406977411658,9.061018300191835,2.6228844152024453,1.253508528238946
689.4919322576343,9.040774673347258,9.040774673347258,8.987978702578769,9.050461605807921,3.1228844152024453,1.753508528238946
689.6919589278571,9.039240473729024,9.039240473729024,8.997320397846908,9.037309701019028,3.0774197609090077,1.4108439511509818
689.8919855980797,9.03773550340596,9.03773550340596,9.004780772356707,9.025175856235066,3.1958422799442903,1.3151810654704101
690.0920122683024,9.036259777235479,9.036259777235479,9.020790290315052,9.003722617746613,3.6958422799442903,0.8151810654704101
690.2920389385251,9.034813309786283,9.034813309786283,9.032539054366712,8.988984833901382,3.379430628618841,1.3151810654704101
690.4920656087478,9.033396115338233,9.033396115338233,9.035751203524079,8.981769618294907,2.879430628618841,1.8151810654704101
690.6920922789704,9.032008207882196,9.032008207882196,9.030490748918336,8.982355427562945,2.379430628618841,2.3151810654704104
690.8921189491932,9.030649601119912,9.030649601119912,9.025136353876746,8.989152204184576,2.0002346194100786,2.8151810654704104
691.0921456194159,9.029320308463856,9.029320308463856,9.001985580657283,8.986347322801178,1.680433643707113,2.3151810654704104
691.2921722896386,9.02802034303711,9.02802034303711,8.995504712771952,8.985864806307273,2.1804336437071132,2.2853835069644153
691.4921989598613,9.02674971767323,9.02674971767323,8.991151259367605,8.991718749062857,2.6804336437071132,2.7853835069644153
691.692225630084,9.02550844491612,9.02550844491612,8.984081423962675,8.990280427796034,2.1804336437071132,2.2853835069644153
691.8922523003067,9.02429653701991,9.02429653701991,8.96343525161629,8.996879383182565,1.6804336437071132,2.7853835069644153
692.0922789705294,9.023114005948832,9.023114005948832,8.950758294536124,8.996444587216317,2.1804336437071132,2.2853835069644153
692.292305640752,9.021960863377101,9.021960863377101,8.950566078446371,8.989042539198419,2.6804336437071132,1.7853835069644153
692.4923323109748,9.020837120688805,9.020837120688805,8.952430648720014,8.976010819105936,3.1804336437071132,1.2853835069644153
692.6923589811975,9.01974278897779,9.01974278897779,8.971969670809774,8.965249622991056,3.6804336437071132,1.7853835069644153
692.8923856514201,9.018677879047548,9.018677879047548,8.989495392553923,8.947209080894048,3.9203296321556036,1.2853835069644153
693.0924123216429,9.017642401411111,9.017642401411111,9.008542406546626,8.939601130578259,3.79359731563109,1.7853835069644153
693.2924389918655,9.016636366290955,9.016636366290955,9.017686607307068,8.937289803182631,3.29359731563109,2.2853835069644153
693.4924656620882,9.015659783618888,9.015659783618888,9.016063564823336,8.931772081493042,2.79359731563109,1.7853835069644153
693.692492332311,9.014712663035954,9.014712663035954,9.01968797208971,8.917900882382392,3.132996311648954,1.2853835069644153
693.8925190025336,9.01379501389235,9.01379501389235,9.017774018470055,8.91148081580043,2.632996311648954,1.7853835069644153
694.0925456727564,9.012906845247313,9.012906845247313,9.028725759574439,8.913211955524133,3.132996311648954,2.2853835069644153
694.292572342979,9.01204816586905,9.01204816586905,9.037501817069069,8.917455778269696,3.0989676326099547,2.7853835069644153
694.4925990132017,9.011218984234638,9.011218984234638,9.052865260940315,8.9206338491118,3.5989676326099547,2.2853835069644153
694.6926256834245,9.010419308529949,9.010419308529949,9.06143212004709,8.926033401363108,3.0989676326099547,2.7853835069644153
694.8926523536471,9.009649146649565,9.009649146649565,9.057361397208725,8.93705236752781,2.5989676326099547,3.146564567371677
695.0926790238698,9.008908506196697,9.008908506196697,9.052378685373759,8.953452170861517,2.806544465611851,3.646564567371677
695.2927056940925,9.008197394483123,9.008197394483123,9.063645755248972,8.976532356685683,3.306544465611851,4.1465645673716764
695.4927323643152,9.007515818529093,9.007515818529093,9.083447220087953,9.001818523232556,3.806544465611851,4.362088965119387
695.6927590345379,9.006863785063288,9.006863785063288,9.090701421642141,9.02009240975801,3.306544465611851,3.862088965119387
695.8927857047606,9.006241300522726,9.006241300522726,9.09312932954485,9.030159659660091,2.806544465611851,3.362088965119387
696.0928123749833,9.00564837105272,9.00564837105272,9.084602128618783,9.03560005366129,2.306544465611851,2.862088965119387
696.292839045206,9.005085002506803,9.005085002506803,9.069614748510187,9.033233026010226,1.806544465611851,2.362088965119387
696.4928657154287,9.00455120044668,9.00455120044668,9.05151730101681,9.042131822283938,1.7745933250229065,2.862088965119387
696.6928923856514,9.004046970142166,9.004046970142166,9.043770197693448,9.042082934908839,2.2745933250229067,2.362088965119387
696.8929190558741,9.00357231657114,9.00357231657114,9.040458245079282,9.049438497195329,2.7745933250229067,2.862088965119387
697.0929457260968,9.003127244419487,9.003127244419487,9.029476737306156,9.045413096273345,2.2745933250229067,2.362088965119387
697.2929723963194,9.002711758081062,9.002711758081062,9.01570033907138,9.045968325109198,1.9477688139088924,2.5678057683813664
697.4929990665422,9.002325861657642,9.002325861657642,9.010800599756186,9.04310795688633,2.4477688139088927,2.0678057683813664
697.6930257367649,9.001969558958887,9.001969558958887,9.006046106635928,9.029816556919844,2.371496290407782,1.5678057683813664
697.8930524069875,9.001642853502295,9.001642853502295,9.010561306938094,9.022876666649259,2.871496290407782,2.0678057683813664
698.0930790772103,9.001345748513177,9.001345748513177,9.005051512740854,9.011461207922522,2.554628753461161,1.5678057683813664
698.293105747433,9.001078246924624,9.001078246924624,8.993413499402218,8.993867272012379,2.054628753461161,1.0678057683813664
698.4931324176556,9.000840351377473,9.000840351377473,8.974976915109197,8.980283980916168,1.742788586761288,1.4468885065498818
698.6931590878784,9.000632064220282,9.000632064220282,8.963522551559484,8.962216779984805,2.242788586761288,0.9468885065498818
698.893185758101,9.000453387509308,9.000453387509308,8.963537964782432,8.947279703406277,2.742788586761288,1.4468885065498818
699.0932124283238,9.000304323008491,9.000304323008491,8.949342737977576,8.935308525075207,2.242788586761288,1.381801112886719
699.2932390985465,9.000184872189427,9.000184872189427,8.952586899264144,8.930598948045823,2.6898669546506926,1.881801112886719
699.4932657687691,9.000095036231365,9.000095036231365,8.963759102711629,8.932684465054443,3.1898669546506926,2.381801112886719
699.6932924389919,9.000034816021184,9.000034816021184,8.964842930079662,8.930889376585757,2.6898669546506926,1.9603084193485998
699.8933191092145,9.000004212153392,9.000004212153392,8.970492635686071,8.932969347169525,3.1898669546506926,2.4603084193486
700.0933457794372,9.000003224930117,9.000003224930117,8.983151374353028,8.929604327037595,3.3876101353258887,1.9603084193485998
700.29337244966,9.000031854361108,9.000031854361108,8.986852997363727,8.928883666421557,2.8876101353258887,2.4603084193486
700.4933991198826,9.000090100163725,9.000090100163725,9.000478403837743,8.935226429444691,3.3876101353258887,2.9603084193486
700.6934257901053,9.000177961762951,9.000177961762951,9.00530896560205,8.947751005737464,2.8876101353258887,3.4603084193486
700.893452460328,9.000295438291403,9.000295438291403,9.017010429300692,8.951876166834598,3.3876101353258887,2.9603084193486
701.0934791305507,9.000442528589318,9.000442528589318,9.023120248828349,8.955072734342828,2.93456844839312,2.4603084193486
701.2935058007735,9.000619231204592,9.000619231204592,9.018573819168976,8.948193690884862,2.43456844839312,1.9603084193485998
701.4935324709961,9.000825544392775,9.000825544392775,9.02098850488318,8.93876640405815,2.93456844839312,1.696528825919974
701.6935591412188,9.001061466117097,9.001061466117097,9.012446455909078,8.934008602834153,2.4595236217138616,2.196528825919974
701.8935858114415,9.001326994048483,9.001326994048483,9.017977792593454,8.939320203308402,2.9595236217138616,2.696528825919974
702.0936124816642,9.00162212556558,9.00162212556558,9.017591031363839,8.947835903248118,2.4595236217138616,3.196528825919974
702.2936391518869,9.001946857754785,9.001946857754785,9.01261285357677,8.965307731715782,2.5222618193424173,3.696528825919974
702.4936658221096,9.002301187410264,9.002301187410264,9.019716557336993,8.987167296663268,3.0222618193424173,4.196528825919974
702.6936924923323,9.002685111033998,9.002685111033998,9.03310998557891,9.018277112983808,3.5222618193424173,4.696528825919974
702.8937191625549,9.0030986248358,9.0030986248358,9.039307205851083,9.039450251476966,3.0222618193424173,4.196528825919974
703.0937458327777,9.003541724733372,9.003541724733372,9.035973788191136,9.05563484940813,2.522413075616879,3.696528825919974
703.2937725030004,9.004014406352328,9.004014406352328,9.030106715201569,9.069144033571373,2.022413075616879,3.4613257276337746
703.493799173223,9.004516665026246,9.004516665026246,9.014974705923827,9.077220275277051,1.5224130756168792,2.9613257276337746
703.6938258434458,9.005048495796718,9.005048495796718,9.005783256462756,9.076727207911421,2.022413075616879,2.4613257276337746
703.8938525136684,9.005609893413382,9.005609893413382,9.000923361574966,9.070776249827015,2.522413075616879,1.9613257276337746
704.0938791838912,9.006200852333999,9.006200852333999,9.005331610966977,9.054864477450353,3.022413075616879,1.4613257276337746
704.2939058541139,9.006821366724484,9.006821366724484,9.018009802449095,9.035647012752856,3.522413075616879,0.9613257276337746
704.4939325243365,9.007471430458976,9.007471430458976,9.041851530981582,9.02367698535883,4.022413075616879,1.4613257276337746
704.6939591945593,9.0081510371199,9.0081510371199,9.06879556769798,9.02003420802818,4.159405180210621,1.9613257276337746
704.8939858647819,9.008860179998022,9.008860179998022,9.082996525208925,9.021465616146143,3.659405180210621,2.4613257276337746
705.0940125350046,9.009598852092521,9.009598852092521,9.087090215662881,9.029742671173004,3.159405180210621,2.9613257276337746
705.2940392052274,9.01036704611106,9.01036704611106,9.086688758079205,9.029810900982291,2.659405180210621,2.4613257276337746
705.49406587545,9.01116475446985,9.01116475446985,9.074059801771828,9.023967930266716,2.159405180210621,1.9613257276337746
705.6940925456727,9.011991969293728,9.011991969293728,9.057329386972832,9.026543773010843,1.6594051802106211,2.4613257276337746
705.8941192158954,9.012848682416246,9.012848682416246,9.050870483303571,9.03457287842547,2.159405180210621,2.9613257276337746
706.0941458861181,9.013734885379733,9.013734885379733,9.037267714691321,9.036806332299292,1.6594051802106211,2.4613257276337746
706.2941725563409,9.014650569435393,9.014650569435393,9.030993388168906,9.041932877648321,2.159405180210621,2.9613257276337746
706.4941992265635,9.01559572554338,9.01559572554338,9.03031354310169,9.049653792539985,2.659405180210621,3.344034828802794
706.6942258967862,9.016570344372898,9.016570344372898,9.03749302318957,9.063439318407987,3.159405180210621,3.844034828802794
706.894252567009,9.017574416302288,9.017574416302288,9.050687450345501,9.080179441951874,3.659405180210621,3.5960114321722134
707.0942792372316,9.018607931419123,9.018607931419123,9.061052842376748,9.088334485595432,3.159405180210621,3.0960114321722134
707.2943059074543,9.019670879520303,9.019670879520303,9.079202354933408,9.105731905054611,3.659405180210621,3.5854257830521252
707.494332577677,9.020763250112164,9.020763250112164,9.089406159472984,9.112503145756344,3.159405180210621,3.0854257830521252
707.6943592478997,9.021885032410573,9.021885032410573,9.093566799216232,9.124751556943131,2.659405180210621,3.5854257830521252
707.8943859181223,9.023036215341035,9.023036215341035,9.096667667147212,9.130490745709658,2.8715683385655706,3.0854257830521252
708.0944125883451,9.024216787538816,9.024216787538816,9.091423734047265,9.130962875276865,2.3715683385655706,2.5854257830521252
708.2944392585678,9.02542673734903,9.02542673734903,9.075423125701917,9.129607376276972,1.8715683385655706,2.0854257830521252
708.4944659287905,9.026666052826778,9.026666052826778,9.070742695941346,9.12315698164411,2.3715683385655706,1.98709105917104
708.6944925990132,9.027934721737257,9.027934721737257,9.074602699336614,9.113960418019342,2.8715683385655706,1.7491611821767774
708.8945192692358,9.029232731555872,9.029232731555872,9.082467063538227,9.095936164839825,3.3715683385655706,1.2491611821767774
709.0945459394586,9.030560069468379,9.030560069468379,9.094917200143026,9.08191675331178,3.2081641363666513,1.7491611821767774
709.2945726096813,9.031916722370992,9.031916722370992,9.10539085634392,9.077104600633751,3.6690302267482338,2.2491611821767776
709.4945992799039,9.033302676870523,9.033302676870523,9.10979496515128,9.078237500624708,3.1690302267482338,2.4095880379064627
709.6946259501267,9.034717919284514,9.034717919284514,9.107265646711532,9.0713182564274,2.6690302267482338,1.9095880379064627
709.8946526203493,9.036162435641366,9.036162435641366,9.097376445509372,9.064982457034674,2.1690302267482338,1.7493651529192067
710.094679290572,9.037636211680482,9.037636211680482,9.076829423623417,9.050175366012368,1.6690302267482338,1.2493651529192067
710.2947059607948,9.039139232852412,9.039139232852412,9.06932123535138,9.04105661692457,2.1690302267482338,1.7493651529192067
710.4947326310174,9.040671484318985,9.040671484318985,9.075012820305144,9.037855860586244,2.6690302267482338,2.2493651529192067
710.6947593012401,9.042232950953462,9.042232950953462,9.079867944890374,9.044091289621226,3.1690302267482338,2.7493651529192067
710.8947859714629,9.043823617340692,9.043823617340692,9.07516034240083,9.05560693545508,2.6690302267482338,3.2493651529192067
711.0948126416855,9.045443467777249,9.045443467777249,9.078486231054335,9.05903181163974,2.796548807066071,2.7493651529192067
711.2948393119083,9.0470924862716,9.0470924862716,9.088399421025212,9.05452855511355,3.296548807066071,2.2707578454741686
711.4948659821309,9.048770656544256,9.048770656544256,9.106550983615232,9.04817707629023,3.796548807066071,1.9368484239193975
711.6948926523536,9.05047796202794,9.05047796202794,9.114268641143527,9.04912114917206,3.296548807066071,2.4368484239193973
711.8949193225764,9.052214385867739,9.052214385867739,9.116099803801987,9.042835157744696,2.796548807066071,1.9368484239193973
712.094945992799,9.05397991092128,9.05397991092128,9.11842649608359,9.034535243658373,2.7869556523958203,1.8127845105227216
712.2949726630217,9.055774519758895,9.055774519758895,9.119975895760417,9.033338734541159,2.717715704799728,2.3127845105227216
712.4949993332444,9.0575981946638,9.0575981946638,9.124757917159348,9.037435055364847,3.217715704799728,2.8127845105227216
712.6950260034671,9.059450917632251,9.059450917632251,9.138694799214557,9.035619227787565,3.717715704799728,2.3127845105227216
712.8950526736897,9.06133267037375,9.06133267037375,9.16149521818137,9.029843966915852,3.926688479091436,1.8127845105227216
713.0950793439125,9.0632434343112,9.0632434343112,9.175209974269247,9.027050819692356,3.426688479091436,2.3127845105227216
713.2951060141352,9.065183190581106,9.065183190581106,9.191556725875484,9.023958816615785,3.53390482602458,2.19097372094407
713.4951326843579,9.067151920033746,9.067151920033746,9.191483901590956,9.013757224402491,3.03390482602458,1.6909737209440698
713.6951593545806,9.069149603233374,9.069149603233374,9.185151675428846,9.009302255679822,2.53390482602458,2.19097372094407
713.8951860248033,9.071176220458407,9.071176220458407,9.175871189176172,9.012451755561978,2.03390482602458,2.69097372094407
714.095212695026,9.073231751701615,9.073231751701615,9.166362264794877,9.023089576447482,1.9695860954689064,3.19097372094407
714.2952393652487,9.07531617667032,9.07531617667032,9.16053062987529,9.026343824486721,2.469586095468906,2.69097372094407
714.4952660354713,9.077429474786607,9.077429474786607,9.1641228145413,9.03545993849715,2.969586095468906,2.999479565364286
714.6952927056941,9.079571625187512,9.079571625187512,9.177258543846118,9.051753463975995,3.469586095468906,3.499479565364286
714.8953193759168,9.081742606725236,9.081742606725236,9.178223875742058,9.060539454217164,2.969586095468906,2.999479565364286
715.0953460461394,9.083942397967352,9.083942397967352,9.173672123430828,9.070409362791978,2.469586095468906,3.3755796329451706
715.2953727163622,9.08617097719702,9.08617097719702,9.159593469513528,9.078352271323173,1.9695860954689062,2.962065268075744
715.4953993865848,9.088428322413193,9.088428322413193,9.15667393506271,9.089812088205361,2.469586095468906,3.462065268075744
715.6954260568075,9.090714411330847,9.090714411330847,9.14356777176294,9.094177146121664,1.9695860954689062,2.962065268075744
715.8954527270303,9.093029221381185,9.093029221381185,9.138134225175678,9.095863251612474,2.469586095468906,2.462065268075744
716.0954793972529,9.095372729711874,9.095372729711874,9.121541766912372,9.102865677984251,1.9695860954689062,2.962065268075744
716.2955060674757,9.097744913187267,9.097744913187267,9.104062830409001,9.115064064954558,1.4695860954689062,3.462065268075744
716.4955327376983,9.10014574838862,9.10014574838862,9.093826090630186,9.134854558871355,1.9695860954689062,3.962065268075744
716.695559407921,9.102575211614345,9.102575211614345,9.084446243656483,9.142686988494352,2.469586095468906,3.462065268075744
716.8955860781438,9.105033278880224,9.105033278880224,9.087478444147639,9.148207604045027,2.969586095468906,2.962065268075744
717.0956127483664,9.10751992591965,9.10751992591965,9.082281939899634,9.161204497782856,2.469586095468906,3.462065268075744
717.2956394185891,9.110035128183881,9.110035128183881,9.091643579171352,9.172725772313477,2.969586095468906,3.274037032291968
717.4956660888118,9.112578860842262,9.112578860842262,9.106567376653604,9.190697122653118,3.469586095468906,3.774037032291968
717.6956927590345,9.115151098782484,9.115151098782484,9.113120541773847,9.201164666479746,2.969586095468906,3.274037032291968
717.8957194292572,9.117751816610822,9.117751816610822,9.111761351409983,9.207078686180315,2.469586095468906,2.774037032291968
718.0957460994799,9.1203809886524,9.1203809886524,9.099366152214456,9.206028865837764,1.9695860954689062,2.274037032291968
718.2957727697026,9.123038588951426,9.123038588951426,9.097198010958447,9.19485446217593,2.469586095468906,1.774037032291968
718.4957994399253,9.125724591271467,9.125724591271467,9.10349167099515,9.182676654409523,2.969586095468906,1.274037032291968
718.695826110148,9.128438969095688,9.128438969095688,9.111270400023828,9.173783042229628,2.9176609792731725,1.774037032291968
718.8958527803707,9.131181695627133,9.131181695627133,9.124958036222683,9.171158492091122,3.4176609792731725,2.274037032291968
719.0958794505934,9.13395274378898,9.13395274378898,9.14420904268926,9.175726737408791,3.8365426419846385,2.774037032291968
719.2959061208161,9.136752086224803,9.136752086224803,9.172264167587397,9.170218165872162,4.3365426419846385,2.274037032291968
719.4959327910387,9.13957969529886,9.13957969529886,9.194659780609774,9.174243055695332,3.8365426419846385,2.774037032291968
719.6959594612615,9.142435543096342,9.142435543096342,9.200825938827439,9.178482055361949,3.3365426419846385,2.658486434440185
719.8959861314842,9.145319601423669,9.145319601423669,9.213262787879513,9.188207538765052,3.6657066891376275,3.158486434440185
720.0960128017068,9.148231841808755,9.148231841808755,9.227250996875151,9.203538873305883,3.455022497204305,3.658486434440185
720.2960394719296,9.151172235501303,9.151172235501303,9.250076551380266,9.214883781892613,3.955022497204305,3.235533682696713
720.4960661421522,9.154140753473067,9.154140753473067,9.262494188952994,9.217174771350228,3.455022497204305,2.735533682696713
720.6960928123749,9.157137366418162,9.157137366418162,9.265475002546465,9.225894247377308,2.955022497204305,3.235533682696713
720.8961194825977,9.160162044753342,9.160162044753342,9.261792562923075,9.230926042815991,2.455022497204305,2.735533682696713
721.0961461528203,9.163214758618285,9.163214758618285,9.266998097882487,9.240828337687681,2.955022497204305,3.235533682696713
721.2961728230431,9.166295477875906,9.166295477875906,9.27809369733212,9.24531486273445,3.1271175801868742,2.735533682696713
721.4961994932657,9.169404172112639,9.169404172112639,9.278496007487298,9.25455424342188,2.6271175801868742,3.235533682696713
721.6962261634884,9.172540810638742,9.172540810638742,9.268475000012335,9.259206933888967,2.1271175801868742,2.735533682696713
721.8962528337112,9.175705362488603,9.175705362488603,9.262281192997126,9.272656704997171,2.279311055230512,3.235533682696713
722.0962795039338,9.178897796421044,9.178897796421044,9.2458832399766,9.2822932097396,1.779311055230512,3.243704229533665
722.2963061741565,9.182118080919622,9.182118080919622,9.231814226818303,9.286730755944063,1.984166990435643,2.743704229533665
722.4963328443793,9.185366184192961,9.185366184192961,9.227318504558921,9.284946733272067,2.484166990435643,2.243704229533665
722.6963595146019,9.188642074175032,9.188642074175032,9.235456977823763,9.273758748646689,2.925990253319637,1.743704229533665
722.8963861848246,9.191945718525508,9.191945718525508,9.245598836818987,9.266915440627033,3.425990253319637,1.9970854101302766
723.0964128550473,9.195277084630055,9.195277084630055,9.26886112656057,9.261555700763632,3.925990253319637,1.9551466634241736
723.29643952527,9.19863613960066,9.19863613960066,9.281395377524609,9.250665981316686,3.425990253319637,1.4551466634241736
723.4964661954928,9.20202285027597,9.20202285027597,9.289795250865284,9.24650564064616,3.0936154618985467,1.9551466634241736
723.6964928657154,9.205437183221601,9.205437183221601,9.29258133776715,9.248119423109962,2.5936154618985467,2.2272177673558966
723.8965195359381,9.208879104730475,9.208879104730475,9.286712256532828,9.235692836332106,2.371440641586067,1.7272177673558966
724.0965462061608,9.212348580823157,9.212348580823157,9.291131215471433,9.216120763190057,2.871440641586067,1.2272177673558966
724.2965728763835,9.215845577248187,9.215845577248187,9.287981868786925,9.192224271075476,2.371440641586067,0.7272177673558966
724.4965995466061,9.219370059482417,9.219370059482417,9.286442011997392,9.164764117236322,2.7065694127825286,0.2272177673558966
724.6966262168289,9.222921992731349,9.222921992731349,9.293148709373167,9.145005734053747,3.1102154693805497,0.7272177673558966
724.8966528870516,9.226501341929486,9.226501341929486,9.307269401492976,9.130440918125409,3.6102154693805497,1.2272177673558966
725.0966795572742,9.230108071740677,9.230108071740677,9.316876471768747,9.118992601544132,3.1102154693805497,1.7272177673558966
725.296706227497,9.233742146558459,9.233742146558459,9.313377991841147,9.116423653573364,2.6102154693805497,2.2272177673558966
725.4967328977197,9.237403530506413,9.237403530506413,9.31978371947687,9.122109826992567,3.1102154693805497,2.7272177673558966
725.6967595679423,9.241092187438522,9.241092187438522,9.316067835083759,9.126160439851978,2.6102154693805497,2.752026708516734
725.8967862381651,9.244808080939519,9.244808080939519,9.323408676906562,9.135072417471582,3.1057918512381057,3.252026708516734
726.0968129083877,9.248551174325254,9.248551174325254,9.3207953937755,9.152489069859945,2.6057918512381057,3.752026708516734
726.2968395786105,9.252321430643054,9.252321430643054,9.311553419423122,9.17123554634802,2.1057918512381057,3.8187275131992693
726.4968662488332,9.256118812672085,9.256118812672085,9.309999004315051,9.182611401991318,2.6057918512381057,3.3187275131992693
726.6968929190558,9.259943282923723,9.259943282923723,9.308106113943579,9.197615850271324,2.5895174360760898,3.8187275131992693
726.8969195892786,9.263794803641927,9.263794803641927,9.313536384559455,9.224324315076569,2.7830680436075776,4.318727513199269
727.0969462595012,9.267673336803597,9.267673336803597,9.326061947167707,9.24996395659352,3.2830680436075776,4.665049575672521
727.2969729297239,9.27157884411897,9.27157884411897,9.344693663299743,9.283301999394537,3.7830680436075776,5.165049575672521
727.4969995999467,9.275511287031991,9.275511287031991,9.350511705010664,9.31151197362173,3.2830680436075776,4.665049575672521
727.6970262701693,9.279470626720672,9.279470626720672,9.351890818204113,9.342463820810739,2.7830680436075776,5.075651179194095
727.897052940392,9.283456824097511,9.283456824097511,9.348453826682684,9.380331147011061,2.2830680436075776,5.526445445310562
728.0970796106147,9.28746983980986,9.28746983980986,9.349807873241884,9.411920766837293,2.7830680436075776,5.026445445310562
728.2971062808374,9.291509634240304,9.291509634240304,9.341510923509013,9.436957918130656,2.2830680436075776,4.526445445310562
728.4971329510602,9.295576167507075,9.295576167507075,9.340870865117578,9.451999826096472,2.7830680436075776,4.026445445310562
728.6971596212828,9.29966939946442,9.29966939946442,9.35208109711885,9.466472245934439,3.2830680436075776,3.5264454453105616
728.8971862915055,9.303789289703019,9.303789289703019,9.368019383660906,9.4730821425485,3.7830680436075776,3.0264454453105616
729.0972129617282,9.307935797550378,9.307935797550378,9.380744473188148,9.473466152641159,3.2830680436075776,2.5264454453105616
729.2972396319509,9.312108882071216,9.312108882071216,9.382483572090123,9.468631454339471,2.7830680436075776,2.0264454453105616
729.4972663021736,9.316308502067894,9.316308502067894,9.380173952099359,9.47223647515888,2.2830680436075776,2.5264454453105616
729.6972929723963,9.320534616080801,9.320534616080801,9.367743354041822,9.466116887485535,1.7830680436075776,2.0264454453105616
729.897319642619,9.32478718238877,9.32478718238877,9.364765750636513,9.4585550644472,2.2830680436075776,1.5264454453105616
730.0973463128416,9.329066159009498,9.329066159009498,9.364389226297599,9.453928512651315,2.6661027602507743,1.9939558368177561
730.2973729830644,9.333371503699949,9.333371503699949,9.369223771569487,9.442671228744222,3.1661027602507743,1.4939558368177561
730.4973996532871,9.337703173956774,9.337703173956774,9.388279274331296,9.435155191212468,3.6661027602507743,1.9939558368177561
730.6974263235097,9.342061127016732,9.342061127016732,9.407415362370221,9.434220650596167,4.166102760250775,2.2635907333755307
730.8974529937325,9.346445319857118,9.346445319857118,9.422645542862924,9.426373449416639,3.6661027602507748,1.7635907333755307
731.0974796639551,9.350855709196173,9.350855709196173,9.43208581617209,9.423638674369146,3.1661027602507748,2.2504432263312633
731.2975063341779,9.355292251493529,9.355292251493529,9.434472781530113,9.42542460698848,3.0406895361313584,2.4841593424106456
731.4975330044006,9.35975490295062,9.35975490295062,9.4372357679861,9.418360086191436,2.5406895361313584,1.9841593424106456
731.6975596746232,9.364243619511136,9.364243619511136,9.429523897236493,9.40477078598985,2.0406895361313584,1.4841593424106456
731.897586344846,9.368758356861441,9.368758356861441,9.428052781780812,9.401214637414272,2.5406895361313584,1.9841593424106456
732.0976130150686,9.37329907043101,9.37329907043101,9.434065310086908,9.401694513858418,3.0406895361313584,2.4841593424106456
732.2976396852913,9.377865715392883,9.377865715392883,9.433759659169688,9.39627856046449,2.7729900560075276,2.127061668181529
732.4976663555141,9.382458246664097,9.382458246664097,9.443511121491941,9.39491114547186,3.2729900560075276,2.627061668181529
732.6976930257367,9.387076618906132,9.387076618906132,9.465549702580434,9.399576618095004,3.7729900560075276,2.8707729527810844
732.8977196959594,9.391720786525362,9.391720786525362,9.489728077434417,9.410277278762447,4.272990056007528,3.3707729527810844
733.0977463661822,9.396390703673504,9.396390703673504,9.522250024085903,9.428308319867204,4.467621684183463,3.8707729527810844
733.2977730364048,9.401086324248062,9.401086324248062,9.54432917461622,9.43735343340746,3.967621684183463,3.3707729527810844
733.4977997066276,9.405807601892805,9.405807601892805,9.56086528203734,9.452417725578258,3.467621684183463,3.8707729527810844
733.6978263768502,9.41055448999819,9.41055448999819,9.567121056544,9.463351620945813,2.967621684183463,3.3707729527810844
733.8978530470729,9.415326941701856,9.415326941701856,9.565755198265997,9.481817030773747,2.467621684183463,3.8707729527810844
734.0978797172957,9.420124909889072,9.420124909889072,9.556666576167997,9.492478767813317,1.967621684183463,3.514867614963068
734.2979063875183,9.424948347193194,9.424948347193194,9.553098409726347,9.505122991716584,2.467621684183463,3.014867614963068
734.497933057741,9.429797205996147,9.429797205996147,9.545754753693057,9.502440638170144,1.967621684183463,2.514867614963068
734.6979597279637,9.434671438428891,9.434671438428891,9.543607891110069,9.498853715896228,2.467621684183463,2.014867614963068
734.8979863981864,9.439570996371884,9.439570996371884,9.529409389578746,9.498405397880626,1.967621684183463,2.2626749292592243
735.098013068409,9.444495831455573,9.444495831455573,9.518380926909279,9.499102300234114,2.1744416687119585,2.7626749292592243
735.2980397386318,9.449445895060858,9.449445895060858,9.520133591523251,9.497328859337726,2.6744416687119585,2.2626749292592243
735.4980664088545,9.45442113831958,9.45442113831958,9.511022822921928,9.494860015318697,2.1744416687119585,2.2715779070353883
735.6980930790771,9.459421512114996,9.459421512114996,9.512073994343679,9.498161814720838,2.6744416687119585,2.7715779070353883
735.8981197492999,9.464446967082282,9.464446967082282,9.521663620826859,9.507501120721267,3.1744416687119585,3.168214976850734
736.0981464195225,9.469497453608984,9.469497453608984,9.523681195363794,9.524330549922862,2.6744416687119585,3.668214976850734
736.2981730897453,9.474572921835556,9.474572921835556,9.52671332600774,9.531475221355338,2.980813476620419,3.168214976850734
736.498199759968,9.47967332165581,9.47967332165581,9.533324593979694,9.54679086340931,2.7993948946767553,3.668214976850734
736.6982264301906,9.48479860271743,9.48479860271743,9.545549865358923,9.557147345262878,3.2993948946767553,3.1832633216481843
736.8982531004134,9.489948714422471,9.489948714422471,9.545220229513586,9.571368422414093,2.7993948946767553,3.6832633216481843
737.098279770636,9.495123605927851,9.495123605927851,9.549525281094278,9.58229952177957,2.951471559431352,3.1832633216481843
737.2983064408587,9.50032322614586,9.50032322614586,9.561442228309051,9.585422901776468,3.451471559431352,2.6832633216481843
737.4983331110815,9.50554752374466,9.50554752374466,9.586324208572917,9.594415974945148,3.947088909377154,3.1832633216481843
737.6983597813041,9.510796447148785,9.510796447148785,9.601019911551434,9.607914923236397,3.447088909377154,3.518176354865065
737.8983864515268,9.516069944539666,9.516069944539666,9.60829816800711,9.61822849244692,2.947088909377154,3.018176354865065
738.0984131217496,9.52136796385613,9.52136796385613,9.618711567619401,9.630995333353264,3.1531207234740823,3.4790798986400455
738.2984397919722,9.52669045279492,9.52669045279492,9.617282327850731,9.638072366830773,2.6531207234740823,2.9790798986400455
738.498466462195,9.532037358811207,9.532037358811207,9.62534660299216,9.638392109400376,3.1531207234740823,2.4790798986400455
738.6984931324176,9.53740862911911,9.53740862911911,9.626701408035402,9.643798094143545,2.6531207234740823,2.9790798986400455
738.8985198026403,9.542804210692221,9.542804210692221,9.617757086399793,9.641858926378038,2.335120272464646,2.4790798986400455
739.0985464728631,9.548224050264128,9.548224050264128,9.623599687495757,9.645183103757642,2.835120272464646,2.9790798986400455
739.2985731430857,9.553668094328934,9.553668094328934,9.636427907572857,9.659854111703483,3.335120272464646,3.4790798986400455
739.4985998133084,9.559136289141785,9.559136289141785,9.641771498299214,9.670764927746246,2.835120272464646,3.2484616392125223
739.6986264835311,9.56462858071942,9.56462858071942,9.644926617418918,9.68381785920837,2.8534832057805994,3.540828130646084
739.8986531537538,9.570144914840673,9.570144914840673,9.637949315753149,9.688046149947976,2.3534832057805994,3.040828130646084
740.0986798239765,9.575685237047036,9.575685237047036,9.641276371400005,9.696220625539235,2.8534832057805994,2.886438865958532
740.2987064941992,9.581249492643183,9.581249492643183,9.653079400987966,9.69742181205241,3.3534832057805994,2.619839111449286
740.4987331644219,9.586837626697505,9.586837626697505,9.675824444804645,9.706593486921784,3.8534832057805994,3.119839111449286
740.6987598346445,9.592449584042665,9.592449584042665,9.690107442316592,9.704788354611148,3.538518011761897,2.619839111449286
740.8987865048673,9.598085309276145,9.598085309276145,9.701356429979656,9.700288278610437,3.038518011761897,2.119839111449286
741.09881317509,9.603744746760766,9.603744746760766,9.71846294513423,9.703539512713585,3.538518011761897,2.619839111449286
741.2988398453127,9.609427840625274,9.609427840625274,9.726104348036012,9.699301992901505,3.038518011761897,2.119839111449286
741.4988665155354,9.615134534764863,9.615134534764863,9.731403720980285,9.68870738210838,2.648105862483162,1.7526221754439884
741.698893185758,9.620864772841742,9.620864772841742,9.727034194900876,9.671729966953357,2.4000678199834744,1.2526221754439884
741.8989198559808,9.626618498285696,9.626618498285696,9.729843508747814,9.66398289278086,2.9000678199834744,1.7526221754439884
742.0989465262035,9.632395654294626,9.632395654294626,9.74864137062246,9.661253370810964,3.4000678199834744,2.2526221754439884
742.2989731964261,9.63819618383513,9.63819618383513,9.76514893825959,9.661319545006963,3.6667814487307036,2.7526221754439884
742.4989998666489,9.644020029643054,9.644020029643054,9.771339635400889,9.671511669835118,3.1667814487307036,3.2526221754439884
742.6990265368715,9.649867134224055,9.649867134224055,9.774253375718752,9.68619726695786,2.6667814487307036,3.7526221754439884
742.8990532070942,9.655737439854184,9.655737439854184,9.762915711155898,9.6966674301133,2.1667814487307036,3.479897274577638
743.099079877317,9.661630888580442,9.661630888580442,9.75823950935373,9.702253595003722,2.268552181163876,2.979897274577638
743.2991065475396,9.66754742222135,9.66754742222135,9.760250965836994,9.719228705357517,2.3499294950204477,3.479897274577638
743.4991332177624,9.673486982367544,9.673486982367544,9.758441089470303,9.725484868298855,2.269721893871494,2.979897274577638
743.699159887985,9.679449510382318,9.679449510382318,9.742043480325671,9.734250100126864,1.7697218938714938,3.2945532056025955
743.8991865582077,9.685434947402236,9.685434947402236,9.736314763021088,9.739592831612756,2.269721893871494,2.7945532056025955
744.0992132284305,9.691443234337697,9.691443234337697,9.719219677664388,9.735883202399084,1.8657790371639165,2.2945532056025955
744.2992398986531,9.697474311873515,9.697474311873515,9.713263814406343,9.740765863621402,2.3657790371639162,2.7945532056025955
744.4992665688758,9.703528120469514,9.703528120469514,9.70426013843791,9.751229195483578,2.1972105177269223,3.2945532056025955
744.6992932390986,9.709604600361114,9.709604600361114,9.706214957636131,9.755947329895685,2.6972105177269223,2.7945532056025955
744.8993199093212,9.715703691559913,9.715703691559913,9.710712351221021,9.74803802937468,3.1972105177269223,2.2945532056025955
745.0993465795439,9.721825333854284,9.721825333854284,9.726420823124613,9.739687457962376,3.6972105177269223,1.7945532056025955
745.2993732497666,9.727969466809988,9.727969466809988,9.755527479599703,9.734679731641043,4.197210517726923,2.2945532056025955
745.4993999199893,9.734136029770722,9.734136029770722,9.774836465499135,9.740473559626537,3.8844384352142285,2.7945532056025955
745.6994265902119,9.740324961858775,9.740324961858775,9.802946515252987,9.751646117936263,4.3844384352142285,3.2945532056025955
745.8994532604347,9.746536201975594,9.746536201975594,9.822554749260036,9.768132543484496,3.8844384352142285,3.7945532056025955
746.0994799306574,9.752769688802394,9.752769688802394,9.848655398466576,9.791173379437904,4.3844384352142285,4.294553205602595
746.2995066008801,9.75902536080077,9.75902536080077,9.872292968227299,9.809292674817666,3.8844384352142285,3.794553205602595
746.4995332711028,9.765303156213294,9.765303156213294,9.885331854945301,9.818762841212664,3.3844384352142285,3.294553205602595
746.6995599413254,9.771603013064135,9.771603013064135,9.895198816269016,9.824579861567578,3.6514081358885866,2.8167766137040284
746.8995866115482,9.77792486915967,9.77792486915967,9.905418078393717,9.83245654996501,3.1514081358885866,3.3167766137040284
747.0996132817709,9.784268662089081,9.784268662089081,9.908683066558499,9.850540357728836,2.886681647245588,3.8167766137040284
747.2996399519935,9.790634329225,9.790634329225,9.921960787686713,9.85867837894554,3.3816789497029953,3.3167766137040284
747.4996666222163,9.797021807724107,9.797021807724107,9.927967744484759,9.875739647078452,2.8816789497029953,3.8167766137040284
747.699693292439,9.803431034527744,9.803431034527744,9.922240029807508,9.884949999892852,2.3816789497029953,3.3167766137040284
747.8997199626616,9.809861946362567,9.809861946362567,9.928637593374246,9.88663292708355,2.8816789497029953,2.8167766137040284
748.0997466328844,9.816314479741143,9.816314479741143,9.931272319380254,9.884664427910694,2.7930252690984436,2.3167766137040284
748.299773303107,9.822788570962585,9.822788570962585,9.935656585811458,9.88638926429616,3.07770188932327,2.8167766137040284
748.4997999733298,9.829284156113182,9.829284156113182,9.944660153068291,9.89484334235871,3.062473896891494,3.3167766137040284
748.6998266435525,9.835801171067033,9.835801171067033,9.945092923904111,9.912685106953584,2.562473896891494,3.8167766137040284
748.8998533137751,9.842339551486674,9.842339551486674,9.945323971658109,9.934029898220045,2.773081158728803,4.316776613704029
749.0998799839979,9.848899232823722,9.848899232823722,9.955868715089162,9.950657038590007,3.273081158728803,3.816776613704029
749.2999066542205,9.8554801503195,9.8554801503195,9.958311752207937,9.960865633160472,2.773081158728803,3.316776613704029
749.4999333244432,9.862082239005685,9.862082239005685,9.952641182570064,9.964217295353134,2.273081158728803,2.816776613704029
749.699959994666,9.868705433704955,9.868705433704955,9.93972965911912,9.974687928440146,1.773081158728803,3.316776613704029
749.8999866648886,9.875349669031607,9.875349669031607,9.932497134453063,9.990878942818888,2.273081158728803,3.816776613704029
750.1000133351113,9.882014879392232,9.882014879392232,9.935918917517494,9.999927584451841,2.773081158728803,3.316776613704029
750.300040005334,9.888700998986357,9.888700998986357,9.94032017104808,10.00023583880827,3.273081158728803,2.816776613704029
750.5000666755567,9.89540796180707,9.89540796180707,9.942163363130215,9.99736777265065,2.773081158728803,2.316776613704029
750.7000933457794,9.902135701641706,9.902135701641706,9.949783099952695,9.983895619260444,3.203264944971643,1.8167766137040289
750.9001200160021,9.908884152072481,9.908884152072481,9.963323027225586,9.980899294229877,3.503642631162753,2.316776613704029
751.1001466862248,9.915653246477142,9.915653246477142,9.968162555206744,9.978573558897569,3.003642631162753,2.293685222235113
751.3001733564475,9.922442918029653,9.922442918029653,9.984213209045864,9.96651057476317,3.503642631162753,1.793685222235113
751.5002000266702,9.929253099700805,9.929253099700805,9.993007361623532,9.964651389388614,3.003642631162753,2.293685222235113
751.7002266968929,9.936083724258939,9.936083724258939,9.991634290511918,9.964186910613439,2.503642631162753,2.793685222235113
751.9002533671156,9.94293472427057,9.94293472427057,10.002150468340222,9.96435791314049,3.003642631162753,2.293685222235113
752.1002800373383,9.94980603210105,9.94980603210105,10.018003125674737,9.966864616726843,3.503642631162753,2.793685222235113
752.3003067075609,9.95669757991526,9.95669757991526,10.024148380314402,9.972323777834882,3.003642631162753,3.293685222235113
752.5003333777837,9.96360929967827,9.96360929967827,10.030300731687333,9.987342369096913,2.920436843342909,3.793685222235113
752.7003600480064,9.970541123155993,9.970541123155993,10.041290477707909,10.001705947605897,3.420436843342909,3.8247859797211525
752.900386718229,9.977492981915885,9.977492981915885,10.066879436289508,10.011185601372349,3.920436843342909,3.3247859797211525
753.1004133884518,9.984464807327612,9.984464807327612,10.094797162883587,10.013236587416607,4.420436843342909,2.8247859797211525
753.3004400586744,9.99145653056371,9.99145653056371,10.11307316010771,10.026947049574149,3.920436843342909,3.3247859797211525
753.5004667288972,9.998468082600299,9.998468082600299,10.12191211684268,10.035181181593172,3.420436843342909,3.2900557637976724
753.7004933991199,10.005499394217722,10.005499394217722,10.127531114282913,10.051140836201382,2.920436843342909,3.7900557637976724
753.9005200693425,10.012550396001267,10.012550396001267,10.123944417594439,10.071652448038998,2.420436843342909,4.290055763797673
754.1005467395653,10.019621018341839,10.019621018341839,10.115772404917152,10.088349508512003,1.9204368433429089,3.790055763797673
754.300573409788,10.02671119143663,10.02671119143663,10.109691663897767,10.098390865295103,2.420436843342909,3.290055763797673
754.5006000800106,10.033820845289828,10.033820845289828,10.098293164530642,10.10295366619358,1.9900460979497352,3.0255923880293363
754.7006267502334,10.04094990971331,10.04094990971331,10.092678495304995,10.11260821395102,2.490046097949735,3.5255923880293363
754.900653420456,10.048098314327316,10.048098314327316,10.094666482910934,10.129298808515625,2.990046097949735,4.025592388029336
755.1006800906787,10.055265988561162,10.055265988561162,10.091546680468392,10.15219989667094,2.490046097949735,4.525592388029336
755.3007067609014,10.062452861653934,10.062452861653934,10.078141293049587,10.16834159429365,2.0019866277420237,4.025592388029336
755.5007334311241,10.06965886265517,10.06965886265517,10.077003902246517,10.176609606604615,2.5019866277420237,3.5255923880293363
755.7007601013468,10.076883920425585,10.076883920425585,10.075697278009546,10.194599757114654,3.0019866277420237,4.025592388029336
755.9007867715695,10.084127963637759,10.084127963637759,10.088833193799545,10.220945918134358,3.5019866277420237,4.525592388029336
756.1008134417922,10.09139092077683,10.09139092077683,10.112730207249832,10.240902839321183,4.001986627742023,4.025592388029336
756.300840112015,10.098672720141236,10.098672720141236,10.14634372401386,10.258931594180977,4.501986627742023,4.116511171834597
756.5008667822376,10.105973289843378,10.105973289843378,10.166350597695697,10.27386602375338,4.001986627742023,3.6165111718345972
756.7008934524603,10.113292557810368,10.113292557810368,10.179868594970285,10.28031452529465,3.5019866277420233,3.1165111718345972
756.900920122683,10.120630451784722,10.120630451784722,10.196813452055832,10.278842404014402,3.616902229811155,2.6165111718345972
757.1009467929057,10.127986899325064,10.127986899325064,10.220368085458427,10.274369214453845,4.116902229811155,2.1165111718345972
757.3009734631283,10.13536182780687,10.13536182780687,10.238768601130909,10.275520520884735,3.6169022298111546,2.6165111718345972
757.5010001333511,10.142755164423155,10.142755164423155,10.251682759099264,10.280275434842133,3.5453841646547755,3.1165111718345972
757.7010268035738,10.150166836185207,10.150166836185207,10.269334021135052,10.28125538664143,3.5383509684006547,2.6165111718345972
757.9010534737964,10.157596769923307,10.157596769923307,10.275334587609763,10.279347790626241,3.0383509684006547,2.1165111718345972
758.1010801440192,10.165044892287458,10.165044892287458,10.283074023589936,10.277815654161847,2.904552833977458,2.6165111718345972
758.3011068142418,10.172511129748083,10.172511129748083,10.302356952947218,10.28318092373343,3.404552833977458,2.9877062049849608
758.5011334844646,10.179995408596785,10.179995408596785,10.309877603811263,10.281978867641067,2.904552833977458,2.4877062049849608
758.7011601546873,10.187497654947046,10.187497654947046,10.308885305220368,10.290541639842278,2.404552833977458,2.9877062049849608
758.9011868249099,10.195017794734978,10.195017794734978,10.299586380595878,10.304696071457611,1.904552833977458,3.4877062049849608
759.1012134951327,10.202555753720043,10.202555753720043,10.29916259403754,10.324105934005738,2.404552833977458,3.9877062049849608
759.3012401653554,10.21011145748578,10.21011145748578,10.305723980464037,10.336021900005397,2.904552833977458,3.4877062049849608
759.501266835578,10.217684831440558,10.217684831440558,10.304712400394482,10.340212012222255,2.404552833977458,2.9877062049849608
759.7012935058008,10.225275800818299,10.225275800818299,10.309968044997074,10.336598721032026,2.904552833977458,2.4877062049849608
759.9013201760234,10.232884290679209,10.232884290679209,10.32349279012021,10.334479714566148,3.404552833977458,2.3706453306591877
760.1013468462461,10.240510225910542,10.240510225910542,10.325421336305535,10.339992802826464,2.904552833977458,2.8706453306591877
760.3013735164689,10.24815353122733,10.24815353122733,10.317422735354047,10.351414826832379,2.4549945749625253,3.3706453306591877
760.5014001866915,10.255814131173096,10.255814131173096,10.323326938831755,10.356553405919296,2.8196743627290672,2.8706453306591877
760.7014268569142,10.263491950120656,10.263491950120656,10.335423304199644,10.365729015235688,3.3196743627290672,3.3706453306591877
760.9014535271369,10.271186912272828,10.271186912272828,10.34149368963901,10.372498508887912,3.1552700328554693,3.064407772197475
761.1014801973596,10.27889894166318,10.27889894166318,10.339774551035715,10.383822097808933,2.6552700328554693,3.1910032044684953
761.3015068675824,10.286627962156798,10.286627962156798,10.348337081896522,10.399156915939445,2.8836223500805436,3.6910032044684953
761.501533537805,10.294373897451019,10.294373897451019,10.348033829018933,10.408078191209995,2.6664292804883227,3.1910032044684953
761.7015602080277,10.3021366710762,10.3021366710762,10.347236236475037,10.40891006195445,2.713863880932252,2.709715660955989
761.9015868782504,10.309916206396473,10.309916206396473,10.359644602356127,10.40484873963271,3.213863880932252,2.209715660955989
762.1016135484731,10.317712426610473,10.317712426610473,10.360344634942356,10.404453229639708,2.713863880932252,2.709715660955989
762.3016402186958,10.325525254752137,10.325525254752137,10.35504456334613,10.402914047353098,2.6005384484988125,2.5498829885845513
762.5016668889185,10.333354613691444,10.333354613691444,10.367086002286849,10.406873202243665,3.1005384484988125,3.0498829885845513
762.7016935591412,10.341200426135163,10.341200426135163,10.386491351493081,10.416989305396918,3.6005384484988125,3.5498829885845513
762.9017202293638,10.349062614627641,10.349062614627641,10.395762135029603,10.42387234341631,3.1005384484988125,3.0498829885845513
763.1017468995866,10.356941101551564,10.356941101551564,10.407662916698417,10.430590462085203,3.6005384484988125,3.386354226467369
763.3017735698093,10.364835809128701,10.364835809128701,10.43552843147389,10.449219001044204,4.1005384484988125,3.886354226467369
763.501800240032,10.372746659420692,10.372746659420692,10.452145097170872,10.458071645827584,3.6005384484988125,3.386354226467369
763.7018269102547,10.380673574329808,10.380673574329808,10.463341366951415,10.460247372872255,3.5183812097013387,2.886354226467369
763.9018535804773,10.388616475599742,10.388616475599742,10.469038485451637,10.4599245429753,3.0183812097013387,2.386354226467369
764.1018802507001,10.396575284816356,10.396575284816356,10.481108540465955,10.4626378215481,3.5183812097013387,2.886354226467369
764.3019069209228,10.404549923408457,10.404549923408457,10.500502970812654,10.466315334010641,4.018381209701339,2.760274823508437
764.5019335911454,10.412540312648595,10.412540312648595,10.530395974739335,10.469949824841274,4.518381209701339,3.097699970059057
764.7019602613682,10.420546373653822,10.420546373653822,10.5484498344869,10.480932445418993,4.018381209701339,3.597699970059057
764.9019869315908,10.428568027386468,10.428568027386468,10.562702109252356,10.50143327700708,3.5183812097013387,4.0976999700590575
765.1020136018135,10.436605194654932,10.436605194654932,10.567466459233344,10.52620952613447,3.0183812097013387,4.5976999700590575
765.3020402720363,10.44465779611447,10.44465779611447,10.565271341610787,10.549025476688467,2.5183812097013387,4.384859474071182
765.5020669422589,10.452725752267945,10.452725752267945,10.571188926438472,10.569436114183446,3.0183812097013387,3.884859474071182
765.7020936124816,10.460808983466658,10.460808983466658,10.577836148507641,10.579588012666669,3.1252974805024527,3.5124366651078156
765.9021202827043,10.468907409911102,10.468907409911102,10.579469605066826,10.584485573735517,2.6252974805024527,3.0124366651078156
766.102146952927,10.477020951651754,10.477020951651754,10.584371842659644,10.598529137179021,3.1252974805024527,3.5124366651078156
766.3021736231498,10.485149528589886,10.485149528589886,10.586164588854674,10.600879808939604,2.6252974805024527,3.0124366651078156
766.5022002933724,10.493293060478308,10.493293060478308,10.594510714191161,10.603130493980517,3.1252974805024527,2.6902175497130916
766.7022269635951,10.501451466922223,10.501451466922223,10.600715808054543,10.611442130984722,3.003973187250878,3.1902175497130916
766.9022536338178,10.50962466737998,10.50962466737998,10.615732656602397,10.625632770989482,3.503973187250878,3.6902175497130916
767.1022803040405,10.517812581163863,10.517812581163863,10.622029386681092,10.644693505519575,3.003973187250878,4.190217549713092
767.3023069742632,10.526015127440923,10.526015127440923,10.637403171043589,10.65898514090997,3.503973187250878,3.6902175497130916
767.5023336444859,10.534232225233751,10.534232225233751,10.64453012938269,10.668164973992006,3.110548999457398,3.1902175497130916
767.7023603147086,10.542463793421266,10.542463793421266,10.66334419084517,10.670542099130087,3.610548999457398,2.6902175497130916
767.9023869849312,10.550709750739554,10.550709750739554,10.672279856599078,10.674719035195679,3.110548999457398,2.840423148362156
768.102413655154,10.55897001578264,10.55897001578264,10.687497382873046,10.685240507721298,3.610548999457398,3.340423148362156
768.3024403253767,10.567244507003288,10.567244507003288,10.694996884149424,10.70167751449124,3.110548999457398,3.840423148362156
768.5024669955994,10.57553314271384,10.57553314271384,10.696306616795814,10.710373132848735,2.610548999457398,3.340423148362156
768.7024936658221,10.583835841086978,10.583835841086978,10.688108460991232,10.727200402018868,2.110548999457398,3.840423148362156
768.9025203360447,10.59215252015657,10.59215252015657,10.68625102262922,10.734843070404205,2.610548999457398,3.340423148362156
769.1025470062675,10.600483097818465,10.600483097818465,10.69259806635636,10.747678683403217,3.110548999457398,3.840423148362156
769.3025736764902,10.608827491831287,10.608827491831287,10.695722689018345,10.770330731267956,2.610548999457398,4.340423148362156
769.5026003467128,10.617185619817265,10.617185619817265,10.705235967859213,10.784498446843834,3.110548999457398,3.840423148362156
769.7026270169356,10.62555739926306,10.62555739926306,10.723472625314603,10.794888286764888,3.610548999457398,3.340423148362156
769.9026536871582,10.63394274752054,10.63394274752054,10.744219528160704,10.809554745762956,4.110548999457398,3.840423148362156
770.1026803573809,10.642341581807635,10.642341581807635,10.758519425219914,10.833214719300647,3.6105489994573983,4.340423148362156
770.3027070276037,10.650753819209136,10.650753819209136,10.77964853342174,10.847853080804883,3.924622344982638,3.840423148362156
770.5027336978263,10.659179376677503,10.659179376677503,10.798449082766606,10.859261791026912,3.8697115609502633,3.340423148362156
770.702760368049,10.667618171033707,10.667618171033707,10.80823172339618,10.858982276894816,3.3697115609502633,2.840423148362156
770.9027870382718,10.676070118968049,10.676070118968049,10.817501336915912,10.85739341298931,2.8697115609502633,2.340423148362156
771.1028137084944,10.684535137040955,10.684535137040955,10.832660189146296,10.859948920096667,3.3697115609502633,2.840423148362156
771.3028403787172,10.69301314168384,10.69301314168384,10.84632336636169,10.859272201612933,3.3879171070114467,2.340423148362156
771.5028670489398,10.701504049199894,10.701504049199894,10.863277480234846,10.861991041902499,3.6131400005928564,2.840423148362156
771.7028937191625,10.71000777576494,10.71000777576494,10.886721461441898,10.85957877693492,4.113140000592857,2.340423148362156
771.9029203893853,10.71852423742825,10.71852423742825,10.898920620708724,10.863866082617966,3.613140000592857,2.840423148362156
772.1029470596079,10.727053350113358,10.727053350113358,10.905492229220176,10.871297539392176,3.113140000592857,3.340423148362156
772.3029737298306,10.73559502961892,10.73559502961892,10.907014716206033,10.885457071535917,2.613140000592857,3.8043273953994676
772.5030004000533,10.744149191619522,10.744149191619522,10.899854361448332,10.89566354099383,2.113140000592857,3.3043273953994676
772.703027070276,10.752715751666512,10.752715751666512,10.895685580559125,10.91414850403874,2.310668271428143,3.8043273953994676
772.9030537404986,10.761294625188857,10.761294625188857,10.893296000119449,10.921974787877755,2.6460187982318994,3.3043273953994676
773.1030804107214,10.769885727493957,10.769885727493957,10.899169333947139,10.92458253488194,3.1460187982318994,2.8043273953994676
773.3031070809441,10.778488973768479,10.778488973768479,10.904956048493952,10.923694563574037,2.999635375320411,2.6307845750158343
773.5031337511668,10.787104279079216,10.787104279079216,10.91288365508596,10.92899428001175,3.138284855492042,3.1307845750158343
773.7031604213895,10.795731558373895,10.795731558373895,10.924198812192378,10.929265773361385,3.512417124423423,2.6307845750158343
773.9031870916122,10.804370726482047,10.804370726482047,10.931290678277653,10.921618722168047,3.012417124423423,2.1307845750158343
774.1032137618349,10.813021698115833,10.813021698115833,10.943257935875373,10.921976579385476,3.512417124423423,2.6307845750158343
774.3032404320576,10.82168438787087,10.82168438787087,10.961081106392449,10.931620463188656,4.012417124423423,3.1307845750158343
774.5032671022802,10.830358710227115,10.830358710227115,10.975957801669157,10.942597821147684,3.512417124423423,3.518090398723831
774.703293772503,10.839044579549673,10.839044579549673,10.998204567013559,10.958122341564515,4.012417124423423,3.9283114394227505
774.9033204427257,10.847741910089647,10.847741910089647,11.011861316969568,10.966549164609418,3.512417124423423,3.4283114394227505
775.1033471129483,10.856450615985008,10.856450615985008,11.018480115324614,10.974376590079142,3.012417124423423,3.1678280456975845
775.3033737831711,10.865170611261426,10.865170611261426,11.016618470108183,10.972132800415102,2.557772886212322,2.6678280456975845
775.5034004533937,10.873901809833097,10.873901809833097,11.019871486551834,10.980270048604302,3.057772886212322,3.1678280456975845
775.7034271236164,10.88264412550364,10.88264412550364,11.02402080153886,10.981436943580581,3.105733254360135,2.6678280456975845
775.9034537938392,10.891397471966922,10.891397471966922,11.039991008654782,10.989980792363573,3.605733254360135,3.1678280456975845
776.1034804640618,10.90016176280789,10.90016176280789,11.046198029362436,10.998162272634183,3.1229569676456013,3.6678280456975845
776.3035071342846,10.908936911503478,10.908936911503478,11.059261940525493,11.011868149872543,3.6229569676456013,3.5247600572298876
776.5035338045072,10.917722831423394,10.917722831423394,11.062205834249438,11.02948926760715,3.1229569676456013,4.024760057229887
776.7035604747299,10.926519435831036,10.926519435831036,11.0642510113724,11.039300724176528,2.6229569676456013,3.524760057229887
776.9035871449527,10.93532663788432,10.93532663788432,11.071868760144163,11.045326079969508,3.1229569676456013,3.024760057229887
777.1036138151753,10.944144350636519,10.944144350636519,11.071977691996345,11.04434651855126,2.919808055580073,2.6938645165228348
777.303640485398,10.952972487037162,10.952972487037162,11.072641076975914,11.041046491193379,2.629839078531469,2.1938645165228348
777.5036671556207,10.961810959932876,10.961810959932876,11.080152949758077,11.040444580801188,3.129839078531469,2.6938645165228348
777.7036938258434,10.97065968206822,10.97065968206822,11.089408781453937,11.050795910327546,3.092661709206658,3.1938645165228348
777.9037204960661,10.979518566086595,10.979518566086595,11.088107104024987,11.056193157443555,2.627265019179854,2.950415623957295
778.1037471662888,10.988387524531074,10.988387524531074,11.092879788360513,11.056134811055827,3.127265019179854,2.450415623957295
778.3037738365115,10.997266469845268,10.997266469845268,11.111846100149108,11.0591392241875,3.627265019179854,2.950415623957295
778.5038005067343,11.006155314374197,11.006155314374197,11.119789362493961,11.068668729566022,3.2079352726299724,3.450415623957295
778.7038271769569,11.01505397036515,11.01505397036515,11.137504711194977,11.088109991135644,3.686144307133744,3.950415623957295
778.9038538471796,11.023962349968565,11.023962349968565,11.159384122972513,11.1134938423988,4.003756397494539,4.450415623957295
779.1038805174023,11.032880365238885,11.032880365238885,11.172658111963587,11.12668349420585,3.5037563974945387,3.950415623957295
779.303907187625,11.041807928135416,11.041807928135416,11.176366688031713,11.139316254372977,3.0037563974945387,3.853335801126201
779.5039338578476,11.05074495052322,11.05074495052322,11.180163184427112,11.146508629851114,3.065533088266096,3.539088349671514
779.7039605280704,11.059691344173972,11.059691344173972,11.189110562097625,11.152347720712442,3.04399713644293,3.039088349671514
779.9039871982931,11.068647020766818,11.068647020766818,11.205937926974112,11.151804538103098,3.5101128054741406,2.539088349671514
780.1040138685157,11.077611891889275,11.077611891889275,11.223185933860067,11.157539020893827,4.01011280547414,3.039088349671514
780.3040405387385,11.08658586903809,11.08658586903809,11.24162508115176,11.16720720061389,3.8529348422065075,3.539088349671514
780.5040672089611,11.095568863620102,11.095568863620102,11.252108654862464,11.17100542611295,3.3529348422065075,3.039088349671514
780.7040938791838,11.104560786953133,11.104560786953133,11.261013757898644,11.183076908898565,3.0899676867536865,3.539088349671514
780.9041205494066,11.11356155026687,11.11356155026687,11.278025674788976,11.197055515273185,3.5899676867536865,4.039088349671514
781.1041472196292,11.122571064703704,11.122571064703704,11.303440394887552,11.220728766390389,4.0899676867536865,4.539088349671514
781.304173889852,11.131589241319666,11.131589241319666,11.324490226270655,11.2378445675421,3.7430934840389263,4.039088349671514
781.5042005600747,11.140615991085234,11.140615991085234,11.330191427000985,11.244836088886938,3.2430934840389263,3.5390883496715144
781.7042272302973,11.14965122488628,11.14965122488628,11.335970381818008,11.249495294020575,3.1825858866574572,3.104789660946051
781.9042539005201,11.158694853524914,11.158694853524914,11.348510351935463,11.259623374461983,3.514977101702909,3.604789660946051
782.1042805707427,11.167746787720356,11.167746787720356,11.358507392335683,11.277036468682196,3.296315830587323,4.104789660946051
782.3043072409654,11.176806938109845,11.176806938109845,11.359591402190906,11.289658257130297,2.796315830587323,3.604789660946051
782.5043339111882,11.18587521524951,11.18587521524951,11.371999868259998,11.292564789096895,3.296315830587323,3.104789660946051
782.7043605814108,11.194951529615237,11.194951529615237,11.37285848963829,11.30484711293157,2.796315830587323,3.604789660946051
782.9043872516335,11.204035791603578,11.204035791603578,11.365746301836023,11.321944172648507,2.296315830587323,4.104789660946051
783.1044139218562,11.213127911532627,11.213127911532627,11.368217501400768,11.347857237228093,2.796315830587323,4.604789660946051
783.3044405920789,11.222227799642885,11.222227799642885,11.381824605532987,11.363812790466389,3.2040375544839765,4.104789660946051
783.5044672623017,11.231335366098188,11.231335366098188,11.401115717840614,11.373553586747736,3.7040375544839765,3.604789660946051
783.7044939325243,11.240450520986546,11.240450520986546,11.408240096171326,11.378401687570829,3.2040375544839765,3.104789660946051
783.904520602747,11.24957317432107,11.24957317432107,11.41040926888073,11.389983417410095,2.7040375544839765,3.3802036036252403
784.1045472729697,11.258703236040848,11.258703236040848,11.417214799685656,11.391598569962248,3.2040375544839765,2.8802036036252403
784.3045739431924,11.267840616011807,11.267840616011807,11.435599571026097,11.389804111674493,3.7040375544839765,2.3802036036252403
784.504600613415,11.276985224027648,11.276985224027648,11.446747742971468,11.388718696110047,3.2040375544839765,2.8802036036252403
784.7046272836378,11.286136969810716,11.286136969810716,11.461662232991861,11.396198544752435,3.6899994795550057,3.3802036036252403
784.9046539538605,11.295295763012875,11.295295763012875,11.467853501615759,11.41430857780264,3.1899994795550057,3.8802036036252403
785.1046806240831,11.304461513216427,11.304461513216427,11.473356316231039,11.43621545911758,3.2566635423422143,4.370613117395182
785.3047072943059,11.313634129934997,11.313634129934997,11.470009877917267,11.462697807585428,2.7566635423422143,4.7929784207033155
785.5047339645286,11.322813522614402,11.322813522614402,11.464589634898788,11.482343484516297,2.401003327389513,4.2929784207033155
785.7047606347513,11.331999600633589,11.331999600633589,11.448549426724828,11.50727896654117,1.901003327389513,4.572380887190582
785.904787304974,11.341192273305484,11.341192273305484,11.434704438356814,11.524339688100676,1.8962117010156534,4.072380887190582
786.1048139751966,11.350391449877929,11.350391449877929,11.428769653477401,11.534742683258242,2.3962117010156536,3.572380887190582
786.3048406454194,11.35959703953455,11.35959703953455,11.425446492094885,11.550682824868453,2.4944076124928034,4.072380887190582
786.5048673156421,11.368808951395653,11.368808951395653,11.43160635947276,11.559151177918306,2.9944076124928034,3.572380887190582
786.7048939858647,11.378027094519142,11.378027094519142,11.426144827346826,11.563074142428562,2.4944076124928034,3.072380887190582
786.9049206560875,11.387251377901404,11.387251377901404,11.435665503940362,11.571081611201059,2.9944076124928034,3.560600214451861
787.1049473263101,11.396481710478199,11.396481710478199,11.45081492888374,11.573734934900747,3.4944076124928034,3.060600214451861
787.3049739965328,11.405718001125567,11.405718001125567,11.470923183568344,11.58455076568443,3.9944076124928034,3.560600214451861
787.5050006667556,11.414960158660747,11.414960158660747,11.485160780517637,11.590950004626942,3.4944076124928034,3.4637996782840896
787.7050273369782,11.424208091843035,11.424208091843035,11.508694406152737,11.605628709791374,3.9944076124928034,3.951243187077432
787.9050540072009,11.433461709374722,11.433461709374722,11.52024720040421,11.611573097482012,3.4944076124928034,3.451243187077432
788.1050806774236,11.442720919901987,11.442720919901987,11.544127129051322,11.615010936250952,3.9944076124928034,2.951243187077432
788.3051073476463,11.451985632015775,11.451985632015775,11.57655949441038,11.61140319292271,4.494407612492803,2.451243187077432
788.5051340178691,11.461255754252742,11.461255754252742,11.602609633761817,11.61258428926758,3.994407612492803,2.951243187077432
788.7051606880917,11.470531195096108,11.470531195096108,11.617413818566526,11.607687047620848,3.494407612492803,2.451243187077432
788.9051873583144,11.479811862976604,11.479811862976604,11.623560986214029,11.600441936468819,2.994407612492803,1.951243187077432
789.1052140285371,11.489097666273363,11.489097666273363,11.636532919479325,11.594269202314285,3.494407612492803,2.451243187077432
789.3052406987598,11.498388513314799,11.498388513314799,11.645499812711387,11.59150860890869,3.1023674012952283,2.3236426498660627
789.5052673689825,11.50768431237955,11.50768431237955,11.64236872230315,11.592210655863761,2.6023674012952283,2.7597954196594823
789.7052940392052,11.516984971697365,11.516984971697365,11.642577971374699,11.595873988839495,3.1023674012952283,3.253617634558908
789.9053207094279,11.526290399450001,11.526290399450001,11.6383758817964,11.596298438927063,2.6023674012952283,2.753617634558908
790.1053473796505,11.535600503772159,11.535600503772159,11.6233373676025,11.602519600285126,2.1023674012952283,3.253617634558908
790.3053740498733,11.544915192752349,11.544915192752349,11.620824062501601,11.616076061639918,2.6023674012952283,3.753617634558908
790.505400720096,11.55423437443383,11.55423437443383,11.625560352824852,11.626299820673506,3.1023674012952283,3.6094356728830594
790.7054273903187,11.563557956815519,11.563557956815519,11.64028456002084,11.642375846962485,3.6023674012952283,4.109435672883059
790.9054540605414,11.572885847852866,11.572885847852866,11.666075045352938,11.655340054842114,4.102367401295228,3.609435672883059
791.105480730764,11.582217955458805,11.582217955458805,11.690610465702667,11.675852350480794,4.2284473473555595,4.109435672883059
791.3055074009868,11.591554187504642,11.591554187504642,11.708508484835917,11.699052255611889,3.7284473473555595,4.609435672883059
791.5055340712095,11.600894451820944,11.600894451820944,11.733549265113664,11.719239732175184,4.2284473473555595,4.109435672883059
791.7055607414321,11.610238656198494,11.610238656198494,11.751720683163594,11.731558453965558,3.792404894764931,3.609435672883059
791.9055874116549,11.619586708389173,11.619586708389173,11.762725478336067,11.74959656561066,3.292404894764931,4.109435672883059
792.1056140818775,11.628938516106862,11.628938516106862,11.761215319046737,11.770616816460864,2.792404894764931,4.609435672883059
792.3056407521002,11.638293987028383,11.638293987028383,11.768428479766715,11.790481033496379,3.292404894764931,4.109435672883059
792.505667422323,11.647653028794391,11.647653028794391,11.785217979593085,11.805430696080307,3.792404894764931,3.847865586164485
792.7056940925456,11.657015549010275,11.657015549010275,11.800986563842955,11.815021468548116,3.684795918025921,3.347865586164485
792.9057207627683,11.6663814552471,11.6663814552471,11.806450857019545,11.815300841783714,3.184795918025921,2.847865586164485
793.105747432991,11.67575065504251,11.67575065504251,11.801035087219661,11.823921049028492,2.684795918025921,3.347865586164485
793.3057741032137,11.685123055901595,11.685123055901595,11.806477226645907,11.826373803900163,2.6896895493565887,2.847865586164485
793.5058007734365,11.694498565297893,11.694498565297893,11.810769764123545,11.839005577479867,3.1896895493565887,3.347865586164485
793.7058274436591,11.703877090674217,11.703877090674217,11.812775071950924,11.841043061111524,2.976553063308551,3.143586817627961
793.9058541138818,11.713258539443624,11.713258539443624,11.821313727904965,11.840141288776604,3.476553063308551,2.643586817627961
794.1058807841046,11.722642818990312,11.722642818990312,11.838872133033082,11.846473781646367,3.834026749900663,3.143586817627961
794.3059074543272,11.73202983667052,11.73202983667052,11.851359214158803,11.844701656663789,3.334026749900663,2.643586817627961
794.5059341245499,11.741419499813464,11.741419499813464,11.866781459861073,11.848878708722456,3.428802378818804,3.143586817627961
794.7059607947726,11.750811715722248,11.750811715722248,11.877171448061024,11.860447704909607,3.2611551256707028,3.643586817627961
794.9059874649953,11.760206391674759,11.760206391674759,11.874439684826275,11.870842102409744,2.7611551256707028,3.4503938222888872
795.106014135218,11.769603434924612,11.769603434924612,11.865650797623239,11.873526640594056,2.315908685173914,2.9503938222888872
795.3060408054407,11.779002752702054,11.779002752702054,11.868538396185945,11.878479701675415,2.815908685173914,3.4503938222888872
795.5060674756634,11.788404252214857,11.788404252214857,11.87387782936955,11.889674537451372,3.315908685173914,3.9503938222888872
795.7060941458861,11.797807840649279,11.797807840649279,11.892996334023655,11.896746682547311,3.815908685173914,3.4503938222888872
795.9061208161088,11.807213425170934,11.807213425170934,11.913043508637655,11.910638114604652,3.940689290268755,3.9503938222888872
796.1061474863315,11.816620912925751,11.816620912925751,11.930332397902887,11.932740966674196,3.813071269414345,4.450393822288888
796.3061741565542,11.826030211040857,11.826030211040857,11.950276245559508,11.947153286057539,3.9536292615842874,3.9503938222888877
796.5062008267769,11.8354412266255,11.8354412266255,11.980146327625508,11.968672755119332,4.453629261584288,4.450393822288888
796.7062274969995,11.844853866771988,11.844853866771988,11.999622187331635,11.986061582963858,3.953629261584288,3.9503938222888877
796.9062541672223,11.85426803855659,11.85426803855659,12.007160413447043,12.00460808510254,3.453629261584288,4.450393822288888
797.106280837445,11.86368364904044,11.86368364904044,12.02442912244221,12.032011234759873,3.953629261584288,4.950393822288888
797.3063075076676,11.873100605270482,11.873100605270482,12.039616489653147,12.049719208392046,3.453629261584288,4.450393822288888
797.5063341778904,11.882518814280376,11.882518814280376,12.042112196611747,12.060717030912587,2.953629261584288,3.9503938222888877
797.706360848113,11.891938183091398,11.891938183091398,12.042722918557065,12.069550924472573,2.847720478219029,3.4503938222888877
797.9063875183357,11.90135861871339,11.90135861871339,12.052737764129795,12.07948210986476,3.347720478219029,3.43661626721919
798.1064141885585,11.910780028145663,11.910780028145663,12.056819512367117,12.082319399282964,2.851333334232711,2.93661626721919
798.3064408587811,11.920202318377896,11.920202318377896,12.069788513204813,12.081006187626794,3.351333334232711,2.472204995422223
798.5064675290039,11.9296253963911,11.9296253963911,12.07511069939793,12.073763502988093,3.012092942179679,1.972204995422223
798.7064941992265,11.939049169158478,11.939049169158478,12.077921544962509,12.073547610381368,3.1761173821054505,2.472204995422223
798.9065208694492,11.948473543646397,11.948473543646397,12.081304361428767,12.066920494871402,2.6761173821054505,1.972204995422223
799.106547539672,11.95789842681529,11.95789842681529,12.083106487523102,12.061317734883733,2.9174655131413187,2.472204995422223
799.3065742098946,11.967323725620531,11.967323725620531,12.091953393586563,12.064819192941144,3.4174655131413187,2.972204995422223
799.5066008801173,11.976749347013424,11.976749347013424,12.0975828577618,12.071634777707603,2.9174655131413187,3.472204995422223
799.70662755034,11.986175197942089,11.986175197942089,12.101768532379179,12.085587572270635,3.2415313319238512,3.972204995422223
799.9066542205627,11.995601185352355,11.995601185352355,12.11900796873119,12.106051913682428,3.7415313319238512,4.4722049954222225
800.1066808907854,12.005027216188724,12.005027216188724,12.123067115034333,12.127973405844857,3.2415313319238512,4.456755293781844
800.3067075610081,12.014453197395271,12.014453197395271,12.139336165363732,12.141505923527003,3.7415313319238512,3.9567552937818444
800.5067342312308,12.023879035916544,12.023879035916544,12.165047695369177,12.159757630454452,4.211144621278401,4.448064450325191
800.7067609014535,12.033304638698516,12.033304638698516,12.18035844935824,12.178382481445054,3.711144621278401,3.948064450325191
800.9067875716762,12.042729912689474,12.042729912689474,12.204989077706308,12.198015268961896,4.211144621278401,4.448064450325191
801.1068142418989,12.052154764840962,12.052154764840962,12.221933189703947,12.212977087191298,3.711144621278401,3.948064450325191
801.3068409121216,12.061579102108688,12.061579102108688,12.234841481695417,12.232338473475151,3.4006349475183737,4.448064450325191
801.5068675823443,12.07100283145343,12.07100283145343,12.25214490339303,12.248052309803573,3.9006349475183737,3.948064450325191
801.7068942525669,12.080425859841982,12.080425859841982,12.267127116390675,12.250113701854234,3.4006349475183737,3.448064450325191
801.9069209227897,12.089848094248058,12.089848094248058,12.27111407847012,12.255200336512628,2.9006349475183737,3.1026995020036368
802.1069475930124,12.099269441653199,12.099269441653199,12.2779660600996,12.263685976504378,3.4006349475183737,3.6026995020036368
802.306974263235,12.108689809047702,12.108689809047702,12.277011540337252,12.265628038252194,2.9006349475183737,3.1026995020036368
802.5070009334578,12.118109103431559,12.118109103431559,12.270076504761061,12.27459542331325,2.4006349475183737,3.6026995020036368
802.7070276036804,12.12752723181533,12.12752723181533,12.264679811067232,12.287766592186648,2.430075856245912,4.102699502003636
802.9070542739031,12.136944101221104,12.136944101221104,12.267784278004882,12.297737454038947,2.930075856245912,3.6026995020036363
803.1070809441259,12.146359618683396,12.146359618683396,12.274324230788718,12.298336663969605,3.430075856245912,3.1243822672997004
803.3071076143485,12.155773691250054,12.155773691250054,12.278999284523993,12.296563898393424,2.930075856245912,2.7258297638030826
803.5071342845713,12.165186225983213,12.165186225983213,12.292380780640025,12.301581729192943,3.430075856245912,3.2258297638030826
803.707160954794,12.174597129960166,12.174597129960166,12.299496704585865,12.29891581533519,3.493339854617083,2.7258297638030826
803.9071876250166,12.18400631027432,12.18400631027432,12.320641369726626,12.302181949649272,3.993339854617083,3.2258297638030826
804.1072142952394,12.193413674036103,12.193413674036103,12.332062930389498,12.314474994603898,3.493339854617083,3.7258297638030826
804.307240965462,12.202819128373857,12.202819128373857,12.33731947477369,12.328108155867186,2.993339854617083,3.8223573900486243
804.5072676356847,12.21222258043479,12.21222258043479,12.340446577182943,12.344574891696046,3.493339854617083,4.322357390048625
804.7072943059075,12.22162393738588,12.22162393738588,12.360803047895272,12.365852983937978,3.993339854617083,4.432924772403486
804.9073209761301,12.231023106414769,12.231023106414769,12.369442921834207,12.376808445878583,3.493339854617083,3.932924772403486
805.1073476463528,12.24041999473072,12.24041999473072,12.372857588480846,12.387615443870136,2.993339854617083,3.5910921776561286
805.3073743165755,12.249814509565502,12.249814509565502,12.3692624114431,12.39285801518515,2.493339854617083,3.0910921776561286
805.5074009867982,12.259206558174306,12.259206558174306,12.375452328462227,12.402608673356465,2.993339854617083,3.5910921776561286
805.707427657021,12.268596047836692,12.268596047836692,12.389547126458789,12.407170947487632,3.493339854617083,3.0910921776561286
805.9074543272436,12.27798288585746,12.27798288585746,12.40751173415377,12.404380859933864,3.993339854617083,2.5910921776561286
806.1074809974663,12.287366979567604,12.287366979567604,12.421453070876135,12.40945805442179,3.493339854617083,3.0910921776561286
806.307507667689,12.296748236325213,12.296748236325213,12.420030582512604,12.41952887307691,2.993339854617083,3.5910921776561286
806.5075343379117,12.306126563516358,12.306126563516358,12.42949962276287,12.433721455837844,3.229027007838198,4.091092177656129
806.7075610081343,12.315501868556058,12.315501868556058,12.426430913126051,12.44488034595241,2.729027007838198,3.5910921776561286
806.9075876783571,12.324874058889161,12.324874058889161,12.432162901355806,12.447732253036461,3.229027007838198,3.0910921776561286
807.1076143485798,12.334243041991252,12.334243041991252,12.433230783338214,12.455502376022498,2.729027007838198,3.5910921776561286
807.3076410188024,12.34360872536959,12.34360872536959,12.425382954522142,12.459545284696759,2.350842426071705,3.0910921776561286
807.5076676890252,12.352971016564013,12.352971016564013,12.425924903043136,12.466075184175667,2.850842426071705,3.5910921776561286
807.7076943592479,12.36232982314783,12.36232982314783,12.437156405312825,12.469279842285502,3.350842426071705,3.0910921776561286
807.9077210294705,12.371685052728768,12.371685052728768,12.438650798730318,12.467975179697618,2.850842426071705,2.59281563739296
808.1077476996933,12.381036612949874,12.381036612949874,12.447610775347426,12.469497621579448,3.350842426071705,3.09281563739296
808.3077743699159,12.39038441149038,12.39038441149038,12.448404461973134,12.479539766352584,2.850842426071705,3.59281563739296
808.5078010401387,12.399728356066701,12.399728356066701,12.456782745426889,12.49453555793883,3.350842426071705,4.09281563739296
808.7078277103614,12.409068354433268,12.409068354433268,12.474110850572426,12.50582816474897,3.850842426071705,3.5928156373929596
808.907854380584,12.418404314383487,12.418404314383487,12.503401722151464,12.514348490957863,4.350842426071705,3.4455221516739876
809.1078810508068,12.427736143750629,12.427736143750629,12.5358196881563,12.526715988783872,4.850842426071705,3.9455221516739876
809.3079077210294,12.437063750408731,12.437063750408731,12.574629531025229,12.545128775944644,5.350842426071705,3.9684776859323825
809.5079343912521,12.446387042273534,12.446387042273534,12.612891410072928,12.565884649268543,4.850842426071705,4.468477685932383
809.7079610614749,12.45570592730337,12.45570592730337,12.635837166510314,12.58161231736043,4.350842426071705,3.968477685932383
809.9079877316975,12.465020313500068,12.465020313500068,12.65677012398496,12.588334590134696,3.850842426071705,3.468477685932383
810.1080144019202,12.47433010890988,12.47433010890988,12.665001989232207,12.602484539688383,3.350842426071705,3.968477685932383
810.3080410721429,12.483635221624382,12.483635221624382,12.679738638109601,12.60790647256806,3.850842426071705,3.468477685932383
810.5080677423656,12.492935559781365,12.492935559781365,12.690269354343547,12.624271585705857,3.350842426071705,3.764513662787903
810.7080944125884,12.502231031565772,12.502231031565772,12.685992701543384,12.645340346637415,2.850842426071705,4.264513662787903
810.908121082811,12.51152154521057,12.51152154521057,12.675764280341415,12.659077666417234,2.350842426071705,3.764513662787903
811.1081477530337,12.520807008997693,12.520807008997693,12.662093133671569,12.679134942429503,1.8508424260717051,4.264513662787903
811.3081744232564,12.530087331258914,12.530087331258914,12.649097639927845,12.693238418629733,2.350842426071705,3.764513662787903
811.5082010934791,12.539362420376765,12.539362420376765,12.649419706767768,12.699610496435044,2.850842426071705,3.264513662787903
811.7082277637018,12.54863218478545,12.54863218478545,12.65742490606983,12.701483503516725,3.350842426071705,3.1101056878301696
811.9082544339245,12.55789653297174,12.55789653297174,12.65774386139654,12.699133743367433,2.850842426071705,2.6101056878301696
812.1082811041472,12.56715537347586,12.56715537347586,12.646483622585224,12.70440519355802,2.350842426071705,3.1101056878301696
812.3083077743698,12.576408614892424,12.576408614892424,12.646051603759359,12.715368187088414,2.850842426071705,3.6101056878301696
812.5083344445926,12.585656165871322,12.585656165871322,12.655338897439579,12.719389828201422,3.350842426071705,3.1101056878301696
812.7083611148153,12.594897935118606,12.594897935118606,12.670385158548866,12.727726925122612,3.7387009506978557,3.6101056878301696
812.9083877850379,12.604133831397421,12.604133831397421,12.67597392763011,12.733414851417802,3.2387009506978557,3.317423624187124
813.1084144552607,12.613363763528891,12.613363763528891,12.68577795521698,12.744196512544582,3.7387009506978557,3.817423624187124
813.3084411254833,12.622587640393007,12.622587640393007,12.705334599994776,12.760460510395056,4.238700950697855,4.317423624187124
813.5084677957061,12.631805370929557,12.631805370929557,12.718088738209879,12.771683296724742,3.7387009506978552,3.817423624187124
813.7084944659288,12.641016864138985,12.641016864138985,12.723472964370574,12.776865024366442,3.2387009506978552,3.317423624187124
813.9085211361514,12.650222029083329,12.650222029083329,12.7342118095827,12.772589833593987,3.7387009506978552,2.817423624187124
814.1085478063742,12.659420774887106,12.659420774887106,12.749897504454717,12.766497642918624,3.8287020962367246,2.317423624187124
814.3085744765968,12.668613010738175,12.668613010738175,12.77441568279566,12.769483021757223,4.328702096236725,2.817423624187124
814.5086011468195,12.67779864588869,12.67779864588869,12.793843822598632,12.765168314054826,3.828702096236725,2.317423624187124
814.7086278170423,12.686977589655962,12.686977589655962,12.819023483972584,12.765365478784238,4.328702096236725,2.817423624187124
814.9086544872649,12.696149751423354,12.696149751423354,12.849907800692925,12.770062375183631,4.828702096236725,3.317423624187124
815.1086811574876,12.70531504064119,12.70531504064119,12.875783267327973,12.780774842801694,4.328702096236725,3.817423624187124
815.3087078277104,12.714473366827646,12.714473366827646,12.893772842026253,12.795843764803708,3.828702096236725,4.317423624187124
815.508734497933,12.723624639569616,12.723624639569616,12.901719499798117,12.8043108364693,3.328702096236725,3.817423624187124
815.7087611681558,12.732768768523657,12.732768768523657,12.903114327029604,12.819950964191204,2.828702096236725,4.2249096978064244
815.9087878383784,12.741905663416826,12.741905663416826,12.910338995419584,12.841249829746237,3.328702096236725,4.7249096978064244
816.1088145086011,12.751035234047613,12.751035234047613,12.910899320885097,12.859073239605486,2.828702096236725,4.2249096978064244
816.3088411788239,12.760157390286812,12.760157390286812,12.900038672932899,12.870561885449456,2.328702096236725,3.7249096978064244
816.5088678490465,12.7692720420784,12.7692720420784,12.896018781934359,12.887098291069748,2.461798799881091,4.2249096978064244
816.7088945192692,12.778379099440457,12.778379099440457,12.88876433290985,12.896614151458598,2.5891534118395922,3.7249096978064244
816.9089211894919,12.787478472466033,12.787478472466033,12.894216292500479,12.900815037526677,3.0891534118395922,3.2249096978064244
817.1089478597146,12.79657007132403,12.79657007132403,12.900414417227864,12.910589048240382,3.0912315129727688,3.7249096978064244
817.3089745299372,12.805653806260105,12.805653806260105,12.911939216839121,12.911363842856032,3.5912315129727688,3.2249096978064244
817.50900120016,12.814729587597556,12.814729587597556,12.933765503272916,12.922496616479744,3.962674359137015,3.7249096978064244
817.7090278703827,12.823797325738184,12.823797325738184,12.955839439304647,12.926993467303031,4.0190441073552625,3.2249096978064244
817.9090545406053,12.832856931163208,12.832856931163208,12.96870648927853,12.928005017427276,3.5190441073552625,3.021208353068085
818.1090812108281,12.841908314434141,12.841908314434141,12.99125058412546,12.924112506472236,4.0190441073552625,2.521208353068085
818.3091078810507,12.850951386193643,12.850951386193643,13.001965561399391,12.926029778334922,3.5190441073552625,3.021208353068085
818.5091345512735,12.859986057166452,12.859986057166452,13.001801567371796,12.936479248096422,3.0190441073552625,3.521208353068085
818.7091612214962,12.86901223816022,12.86901223816022,13.011962499146174,12.949306356189371,3.5190441073552625,4.021208353068085
818.9091878917188,12.87802984006643,12.87802984006643,13.009525457307598,12.957932848545088,3.0190441073552625,3.5212083530680847
819.1092145619416,12.887038773861258,12.887038773861258,13.002780456490836,12.970070680711837,2.5190441073552625,3.8493214596643766
819.3092412321643,12.89603895060644,12.89603895060644,13.008636081891698,12.974519165705587,3.0190441073552625,3.3493214596643766
819.5092679023869,12.905030281450177,12.905030281450177,13.00264290345001,12.975475148127929,2.5190441073552625,2.8493214596643766
819.7092945726097,12.914012677628001,12.914012677628001,13.004333843391096,12.983443081583282,3.0190441073552625,3.3493214596643766
819.9093212428323,12.92298605046363,12.92298605046363,13.020507610621575,12.993447886784127,3.5190441073552625,3.8493214596643766
820.109347913055,12.931950311369887,12.931950311369887,13.029431443246025,13.004701415833125,3.320002374942468,4.044824086736558
820.3093745832778,12.940905371849533,12.940905371849533,13.03178776172706,13.027599299479332,2.8518507257326835,4.544824086736558
820.5094012535004,12.949851143496158,12.949851143496158,13.042595711245069,13.052025924977478,3.3518507257326835,5.044824086736558
820.7094279237232,12.958787537995068,12.958787537995068,13.037740338273299,13.071154652759526,2.8518507257326835,4.544824086736558
820.9094545939458,12.967714467124122,12.967714467124122,13.041747410043383,13.098334178063041,3.3518507257326835,5.023365786276274
821.1094812641685,12.97663184275464,12.97663184275464,13.03849188994104,13.12064608049116,2.8518507257326835,4.523365786276274
821.3095079343913,12.985539576852256,12.985539576852256,13.046248142725823,13.148126611721057,3.3518507257326835,5.023365786276274
821.5095346046139,12.99443758147777,12.99443758147777,13.062884305308172,13.165287448229083,3.8518507257326835,4.523365786276274
821.7095612748366,13.003325768788054,13.003325768788054,13.084812166442944,13.179715033760587,4.225464070335065,4.023365786276274
821.9095879450593,13.01220405103689,13.01220405103689,13.100464069127165,13.187389273091448,3.7653658519810635,3.5233657862762744
822.109614615282,13.02107234057584,13.02107234057584,13.105930668653041,13.19829229050226,3.2653658519810635,4.023365786276274
822.3096412855047,13.029930549855123,13.029930549855123,13.121352632641573,13.204331111512374,3.7653658519810635,3.5233657862762744
822.5096679557274,13.038778591424476,13.038778591424476,13.13686966185823,13.216341514707834,3.8917252763018126,4.023365786276274
822.7096946259501,13.047616377934002,13.047616377934002,13.161167388687142,13.222740800883404,4.391725276301813,3.5233657862762744
822.9097212961727,13.056443822135055,13.056443822135055,13.178379472611686,13.21920245826669,3.8917252763018126,3.0233657862762744
823.1097479663955,13.065260836881098,13.065260836881098,13.18587705773679,13.22586444419554,3.3917252763018126,3.327034486923707
823.3097746366182,13.074067335128522,13.074067335128522,13.204696023054668,13.225969314335241,3.8917252763018126,2.827034486923707
823.5098013068409,13.08286322993758,13.08286322993758,13.223197742656025,13.227658284106635,4.018227841012953,2.9756113408214246
823.7098279770636,13.091648434473175,13.091648434473175,13.23900002381767,13.220633232485374,4.009548643386765,2.4756113408214246
823.9098546472862,13.100422862005765,13.100422862005765,13.253592385002372,13.207304185439588,3.509548643386765,1.9756113408214246
824.109881317509,13.109186425912199,13.109186425912199,13.253998751368961,13.18946998889765,3.009548643386765,1.4756113408214246
824.3099079877317,13.11793903967656,13.11793903967656,13.26208097488533,13.175095940257956,3.509548643386765,1.9756113408214246
824.5099346579543,13.126680616891049,13.126680616891049,13.264998995559647,13.16789421469952,3.009548643386765,2.4756113408214246
824.7099613281771,13.13541107125682,13.13541107125682,13.277288726727761,13.168051239463466,3.509548643386765,2.9756113408214246
824.9099879983997,13.144130316584821,13.144130316584821,13.293658167040105,13.174695293039829,4.009548643386765,3.4756113408214246
825.1100146686224,13.152838266796676,13.152838266796676,13.304047006338712,13.185039279854559,3.644986846087084,3.9756113408214246
825.3100413388452,13.16153483592551,13.16153483592551,13.303128437756117,13.201367651603208,3.144986846087084,4.117137392604658
825.5100680090678,13.170219938116796,13.170219938116796,13.307035401912835,13.221114019484528,3.0939401267025386,4.459163795930996
825.7100946792906,13.178893487629228,13.178893487629228,13.298677658887534,13.244240661406915,2.5939401267025386,4.665994386281482
825.9101213495132,13.187555398835531,13.187555398835531,13.304351944696778,13.272587799589521,3.0939401267025386,5.165994386281482
826.1101480197359,13.19620558622335,13.19620558622335,13.306866902739907,13.295353296332973,2.8790473575817046,4.665994386281482
826.3101746899587,13.204843964396048,13.204843964396048,13.303739765917028,13.32062941423106,2.731030678559862,5.165994386281482
826.5102013601813,13.213470448073576,13.213470448073576,13.309196739790398,13.34296162799026,3.231030678559862,4.665994386281482
826.710228030404,13.222084952093319,13.222084952093319,13.306560263927205,13.356431906285403,2.731030678559862,4.165994386281482
826.9102547006268,13.230687391410928,13.230687391410928,13.310225075100584,13.379393984939723,3.231030678559862,4.665994386281482
827.1102813708494,13.239277681101147,13.239277681101147,13.321350376350825,13.393083376324558,3.731030678559862,4.165994386281482
827.3103080410721,13.247855736358673,13.247855736358673,13.32584592050725,13.402518052515443,3.231030678559862,3.665994386281482
827.5103347112948,13.256421472498992,13.256421472498992,13.330185528365368,13.416872260120416,3.229518676165466,4.165994386281482
827.7103613815175,13.264974804959184,13.264974804959184,13.342767610020196,13.438249849129484,3.729518676165466,4.665994386281482
827.9103880517401,13.273515649298803,13.273515649298803,13.364448518971399,13.455003226359002,4.12323636835859,4.165994386281482
828.1104147219629,13.282043921200682,13.282043921200682,13.376278580823826,13.463903648656325,3.62323636835859,3.665994386281482
828.3104413921856,13.290559536471763,13.290559536471763,13.393541393733795,13.464394971698477,3.9059592127883573,3.165994386281482
828.5104680624083,13.299062411043954,13.299062411043954,13.40255682661283,13.45948518462665,3.4059592127883573,2.665994386281482
828.710494732631,13.30755246097492,13.30755246097492,13.418270471789327,13.45365794705177,3.9059592127883573,2.165994386281482
828.9105214028536,13.31602960244896,13.31602960244896,13.446811401344505,13.441655833271035,4.405959212788357,2.1452533004774232
829.1105480730764,13.324493751777789,13.324493751777789,13.469183912577806,13.438535035009686,4.076128076462778,2.6452533004774232
829.3105747432991,13.332944825401382,13.332944825401382,13.481216314518115,13.438989474717253,3.576128076462778,3.0426104537906857
829.5106014135217,13.341382739888815,13.341382739888815,13.4854506129305,13.446250826900892,3.076128076462778,3.5426104537906857
829.7106280837445,13.349807411939068,13.349807411939068,13.498434111368203,13.44415706655321,3.576128076462778,3.0426104537906857
829.9106547539672,13.358218758381847,13.358218758381847,13.505106473132635,13.437504592621059,3.076128076462778,2.5426104537906857
830.1106814241898,13.366616696178417,13.366616696178417,13.516424678328722,13.426800469319788,3.576128076462778,2.0426104537906857
830.3107080944126,13.37500114242242,13.37500114242242,13.520556199035559,13.42244167106119,3.076128076462778,2.5426104537906857
830.5107347646352,13.38337201434068,13.38337201434068,13.519500770017906,13.426721473316917,2.8194630391786264,3.0426104537906857
830.710761434858,13.391729229294038,13.391729229294038,13.511630641019941,13.432390759285083,2.3194630391786264,3.5426104537906857
830.9107881050807,13.400072704778152,13.400072704778152,13.511008043073195,13.445177575469808,2.8194630391786264,4.042610453790686
831.1108147753033,13.408402358424329,13.408402358424329,13.516700825493396,13.4666728924216,3.3194630391786264,4.542610453790686
831.3108414455261,13.416718108000325,13.416718108000325,13.528477858620871,13.478264066223717,3.8194630391786264,4.042610453790686
831.5108681157487,13.42501987141115,13.42501987141115,13.53111437561563,13.498231692384612,3.3194630391786264,4.542610453790686
831.7108947859714,13.433307566699902,13.433307566699902,13.533011602376883,13.523582270929829,2.8194630391786264,5.042610453790686
831.9109214561942,13.441581112048567,13.441581112048567,13.53465910860339,13.540826069420522,3.3194630391786264,4.542610453790686
832.1109481264168,13.449840425778795,13.449840425778795,13.532101428292775,13.562868649142493,2.8194630391786264,4.549076525920953
832.3109747966395,13.458085426352762,13.458085426352762,13.539787063376014,13.577262360457839,3.3194630391786264,4.049076525920953
832.5110014668622,13.466316032373937,13.466316032373937,13.557880364489066,13.585850365537889,3.8194630391786264,3.7848557666090965
832.7110281370849,13.474532162587892,13.474532162587892,13.56279723790864,13.599587162151574,3.3194630391786264,4.208627807385355
832.9110548073076,13.482733735883109,13.482733735883109,13.580051721882935,13.624041358875116,3.8194630391786264,4.708627807385355
833.1110814775303,13.49092067129179,13.49092067129179,13.58850964285603,13.648076117659539,3.3194630391786264,4.694824821923386
833.311108147753,13.499092887990624,13.499092887990624,13.582085909535097,13.67292659131357,2.8194630391786264,5.194824821923386
833.5111348179757,13.507250305301632,13.507250305301632,13.574665758123837,13.694904953758199,2.3194630391786264,4.694824821923386
833.7111614881984,13.515392842692911,13.515392842692911,13.570495967928398,13.710647508466462,2.8194630391786264,4.194824821923386
833.911188158421,13.523520419779476,13.523520419779476,13.579885711027691,13.717292304431725,3.3194630391786264,3.694824821923386
834.1112148286438,13.531632956324032,13.531632956324032,13.59791784910174,13.720355209956823,3.8194630391786264,3.194824821923386
834.3112414988665,13.539730372237754,13.539730372237754,13.603725773856883,13.717741137484378,3.3194630391786264,2.694824821923386
834.5112681690891,13.547812587581104,13.547812587581104,13.617212261961278,13.717596597702201,3.8194630391786264,3.194824821923386
834.7112948393119,13.55587952256461,13.55587952256461,13.62227513652321,13.71511725364334,3.3194630391786264,2.694824821923386
834.9113215095346,13.563931097549638,13.563931097549638,13.622672386886865,13.708967007460092,2.8194630391786264,2.4052508926646174
835.1113481797572,13.571967233049195,13.571967233049195,13.61437594068134,13.69316049630593,2.3194630391786264,1.9052508926646174
835.31137484998,13.579987849728722,13.579987849728722,13.609774325084095,13.688225280493027,2.4406322165489236,2.4052508926646174
835.5114015202026,13.58799286840685,13.58799286840685,13.610649481197845,13.685753125727807,2.9406322165489236,2.9052508926646174
835.7114281904254,13.59598221005621,13.59598221005621,13.616022372853916,13.690118941759406,3.4406322165489236,3.4052508926646174
835.9114548606481,13.603955795804186,13.603955795804186,13.629454685326062,13.691352579422762,3.9406322165489236,2.9052508926646174
836.1114815308707,13.611913546933721,13.611913546933721,13.638562088171296,13.69360124908494,3.4406322165489236,3.4052508926646174
836.3115082010935,13.61985538488408,13.61985538488408,13.650468645670605,13.6931724762545,3.9406322165489236,2.9052508926646174
836.5115348713161,13.627781231251612,13.627781231251612,13.657230482381907,13.686948295682281,3.4406322165489236,2.4052508926646174
836.7115615415388,13.635691007790557,13.635691007790557,13.656255808969526,13.686379193394004,2.9406322165489236,2.9052508926646174
836.9115882117616,13.643584636413793,13.643584636413793,13.658157947729062,13.674919260745337,3.4406322165489236,2.4052508926646174
837.1116148819842,13.651462039193607,13.651462039193607,13.67589359799431,13.662153952628794,3.9406322165489236,1.9052508926646174
837.3116415522069,13.65932313836248,13.65932313836248,13.703389238181702,13.654131674666287,4.440632216548924,2.4052508926646174
837.5116682224296,13.667167856313847,13.667167856313847,13.735265692968694,13.655464565736878,4.940632216548924,2.9052508926646174
837.7116948926523,13.67499611560285,13.67499611560285,13.760231920477672,13.66214431884345,4.440632216548924,3.4052508926646174
837.911721562875,13.682807838947133,13.682807838947133,13.776250343187426,13.675329652483036,3.9406322165489236,3.9052508926646174
838.1117482330977,13.690602949227571,13.690602949227571,13.783728973700521,13.694069692733319,3.4406322165489236,4.4052508926646174
838.3117749033204,13.698381369489049,13.698381369489049,13.785017308785466,13.7169367027241,2.9406322165489236,4.730510649959429
838.5118015735432,13.70614302294123,13.70614302294123,13.774953188659945,13.742769018358755,2.4406322165489236,5.230510649959429
838.7118282437658,13.713887832959289,13.713887832959289,13.772808221333971,13.77840670537863,2.9406322165489236,5.730510649959429
838.9118549139885,13.721615723084694,13.721615723084694,13.779874028257847,13.806676876837908,3.4406322165489236,5.230510649959429
839.1118815842112,13.729326617025952,13.729326617025952,13.790556597063327,13.84125090861947,3.6805717678094125,5.730510649959429
839.3119082544339,13.737020438659345,13.737020438659345,13.801325264627794,13.866271813409165,3.7404889430293524,5.230510649959429
839.5119349246565,13.74469711202971,13.74469711202971,13.821266417146246,13.895889377449427,4.240488943029352,5.379311384475125
839.7119615948793,13.752356561351176,13.752356561351176,13.840460243908918,13.918105073696113,4.30516709034416,4.879311384475125
839.911988265102,13.759998711007901,13.759998711007901,13.854787760874007,13.938294465341215,3.8051670903441597,4.379311384475125
840.1120149353246,13.767623485554838,13.767623485554838,13.860386354682237,13.951637174529258,3.3051670903441597,3.879311384475125
840.3120416055474,13.775230809718472,13.775230809718472,13.85873645410485,13.95379889775747,2.8051670903441597,3.379311384475125
840.51206827577,13.782820608397554,13.782820608397554,13.846128228496193,13.95270639982812,2.3051670903441597,2.879311384475125
840.7120949459928,13.790392806663863,13.790392806663863,13.844885109551658,13.942822579489956,2.8051670903441597,2.379311384475125
840.9121216162155,13.79794732976292,13.79794732976292,13.836491434622998,13.941258354947447,2.3051670903441597,2.879311384475125
841.1121482864381,13.805484103114743,13.805484103114743,13.834846920076725,13.945611066649056,2.8051670903441597,3.379311384475125
841.3121749566609,13.81300305231459,13.81300305231459,13.841586595295373,13.9558571628717,3.3051670903441597,3.879311384475125
841.5122016268836,13.820504103133665,13.820504103133665,13.843616658218593,13.962585604153437,3.289736563965959,3.379311384475125
841.7122282971062,13.827987181519884,13.827987181519884,13.846478128818482,13.975292310621978,3.3493836767379057,3.879311384475125
841.912254967329,13.835452213598591,13.835452213598591,13.847815652608023,13.981542450335525,2.8493836767379057,3.379311384475125
842.1122816375516,13.842899125673272,13.842899125673272,13.856165235232922,13.982421129203333,3.3493836767379057,3.1337817496647005
842.3123083077743,13.850327844226312,13.850327844226312,13.87216512866782,13.98909910633079,3.8493836767379057,3.6337817496647005
842.512334977997,13.85773829591971,13.85773829591971,13.883399378733959,13.989709328824903,3.80481121947016,3.1337817496647005
842.7123616482197,13.865130407595778,13.865130407595778,13.894497913062905,13.991721587588486,3.5162090721486727,3.382724933150587
842.9123883184424,13.872504106277908,13.872504106277908,13.913500373951122,13.998799987396282,4.016209072148673,3.882724933150587
843.1124149886651,13.879859319171262,13.879859319171262,13.942192905330982,14.008579102638624,4.516209072148673,3.69190469303242
843.3124416588878,13.887195973663488,13.887195973663488,13.960988019554943,14.025793292950404,4.016209072148673,4.19190469303242
843.5124683291106,13.894513997325465,13.894513997325465,13.969933211179905,14.03417149367102,3.5162090721486727,3.69190469303242
843.7124949993332,13.90181331791198,13.90181331791198,13.988887981012164,14.034762260276585,4.016209072148673,3.19190469303242
843.9125216695559,13.909093863362479,13.909093863362479,14.018769505425805,14.044733167221452,4.516209072148673,3.69190469303242
844.1125483397786,13.91635556180175,13.91635556180175,14.035048259061448,14.046030214766745,4.016209072148673,3.19190469303242
844.3125750100013,13.92359834154064,13.92359834154064,14.040272110971634,14.05072688902522,3.5162090721486727,3.310480394438884
844.512601680224,13.930822131076772,13.930822131076772,14.056315527916459,14.048963087734492,4.016209072148673,2.810480394438884
844.7126283504467,13.93802685909525,13.93802685909525,14.062205218054947,14.053293630689819,3.5162090721486727,3.310480394438884
844.9126550206694,13.945212454469347,13.945212454469347,14.065656387525351,14.052802227362218,3.3066416216306354,3.2292707162719356
845.112681690892,13.95237884626122,13.95237884626122,14.06222079958959,14.059210137825493,2.8066416216306354,3.7292707162719356
845.3127083611148,13.95952596372262,13.95952596372262,14.050494805888116,14.074301732214185,2.3066416216306354,4.139328927490795
845.5127350313375,13.966653736295555,13.966653736295555,14.046497010874758,14.082719731705462,2.7692509161909706,3.639328927490795
845.7127617015602,13.973762093613036,13.973762093613036,14.051829958991883,14.100123880216174,3.1656115386494084,4.139328927490795
845.9127883717829,13.980850965499725,13.980850965499725,14.045132249077678,14.119904353014471,2.6656115386494084,4.639328927490795
846.1128150420055,13.987920281972661,13.987920281972661,14.04874408575822,14.131872789000218,3.1656115386494084,4.139328927490795
846.3128417122283,13.99496997324194,13.99496997324194,14.062534254481886,14.139764243522574,3.6656115386494084,3.639328927490795
846.512868382451,14.001999969711388,14.001999969711388,14.06222829122524,14.14220014636012,3.263216373453437,3.3280515811386
846.7128950526736,14.00901020197928,14.00901020197928,14.07363415068943,14.150543289113484,3.638151533874705,3.8280515811386
846.9129217228964,14.016000600839,14.016000600839,14.071680178510535,14.166586417152585,3.138151533874705,4.3280515811386
847.112948393119,14.022971097279724,14.022971097279724,14.083867840834653,14.173258233292371,3.638151533874705,3.8280515811386
847.3129750633417,14.02992162248712,14.02992162248712,14.086252092556435,14.17804755719342,3.138151533874705,3.3280515811386
847.5130017335645,14.03685210784402,14.03685210784402,14.101157317350628,14.179497559143279,3.638151533874705,2.8280515811386
847.7130284037871,14.043762484931078,14.043762484931078,14.121279642470759,14.173389562018132,4.138151533874705,2.6791306855659136
847.9130550740098,14.050652685527474,14.050652685527474,14.131538354294788,14.174966861368155,3.638151533874705,3.1791306855659136
848.1130817442325,14.05752264161158,14.05752264161158,14.1306692769815,14.18171612441525,3.138151533874705,3.6791306855659136
848.3131084144552,14.064372285361607,14.064372285361607,14.13931793343702,14.192934291614536,3.638151533874705,4.179130685565914
848.513135084678,14.071201549156315,14.071201549156315,14.159108274056695,14.202949645862248,4.138151533874705,3.679130685565914
848.7131617549006,14.078010365575642,14.078010365575642,14.177972087399842,14.205029783632584,4.012430744643578,3.179130685565914
848.9131884251233,14.084798667401397,14.084798667401397,14.19281986399153,14.207782136964784,3.798558988610912,3.1000111566061355
849.113215095346,14.091566387617917,14.091566387617917,14.211589113193066,14.197732212306061,4.239323837798566,2.6000111566061355
849.3132417655687,14.098313459412713,14.098313459412713,14.2250055478654,14.20080828676805,3.7393238377985663,3.1000111566061355
849.5132684357914,14.105039816177154,14.105039816177154,14.228214975843482,14.196229601877224,3.2393238377985663,2.630059241957425
849.7132951060141,14.111745391507108,14.111745391507108,14.247528070678706,14.196999441393098,3.7393238377985663,3.130059241957425
849.9133217762368,14.118430119203602,14.118430119203602,14.253910165856924,14.193723203120872,3.2393238377985663,2.630059241957425
850.1133484464594,14.125093933273469,14.125093933273469,14.250622039724975,14.184592257599105,2.7393238377985663,2.130059241957425
850.3133751166822,14.13173676793002,14.13173676793002,14.248937350853785,14.178736976308594,2.9615486185666517,2.630059241957425
850.5134017869049,14.138358557593666,14.138358557593666,14.251429936799703,14.178710191978215,3.4615486185666517,3.130059241957425
850.7134284571276,14.144959236892593,14.144959236892593,14.251753651482169,14.184891547380461,2.9615486185666517,3.630059241957425
850.9134551273503,14.151538740663376,14.151538740663376,14.263425746951034,14.18324835924918,3.4615486185666517,3.130059241957425
851.113481797573,14.158097003951653,14.158097003951653,14.258580799454204,14.191211634130376,2.9615486185666517,3.630059241957425
851.3135084677957,14.164633962012754,14.164633962012754,14.2555016866095,14.205058136077106,2.611853513645067,4.130059241957425
851.5135351380184,14.171149550312325,14.171149550312325,14.241905496710977,14.22425257297357,2.11624595487008,4.630059241957425
851.713561808241,14.177643704526995,14.177643704526995,14.232875459212423,14.23488644787457,2.61624595487008,4.130059241957425
851.9135884784638,14.184116360544987,14.184116360544987,14.214361688749081,14.241110386874917,2.11624595487008,3.630059241957425
852.1136151486864,14.190567454466757,14.190567454466757,14.209130719964282,14.25461863307677,2.61624595487008,4.130059241957425
852.3136418189091,14.196996922605635,14.196996922605635,14.209808728800072,14.262950065908754,3.11624595487008,3.630059241957425
852.5136684891319,14.20340470148844,14.20340470148844,14.216108533358863,14.266948686208218,3.61624595487008,3.130059241957425
852.7136951593545,14.20979072785611,14.20979072785611,14.22021296496718,14.275688703144818,3.518503575764058,3.630059241957425
852.9137218295772,14.216154938664339,14.216154938664339,14.234601208055098,14.277096898205357,4.018503575764058,3.130059241957425
853.1137484998,14.222497271084176,14.222497271084176,14.24502657840109,14.284300868635828,3.5185035757640577,3.630059241957425
853.3137751700226,14.228817662502665,14.228817662502665,14.257658723124079,14.28575943224977,4.018503575764058,3.130059241957425
853.5138018402454,14.235116050523462,14.235116050523462,14.276717151579572,14.292248719486503,4.0184807026662055,3.5364293762382246
853.713828510468,14.241392372967432,14.241392372967432,14.286995462091461,14.294177053298363,3.5184807026662055,3.0364293762382246
853.9138551806907,14.247646567873291,14.247646567873291,14.296291806900001,14.300053569696113,3.8720104540981928,3.5364293762382246
854.1138818509135,14.253878573498197,14.253878573498197,14.316979765045934,14.312558742066022,4.372010454098192,4.036429376238225
854.3139085211361,14.260088328318359,14.260088328318359,14.330417564799255,14.318375901868194,3.8720104540981923,3.5364293762382246
854.5139351913588,14.26627577102966,14.26627577102966,14.346028266196473,14.326926165831917,3.97847080995819,3.5572038295641843
854.7139618615815,14.272440840548256,14.272440840548256,14.349668184457105,14.341851963542107,3.47847080995819,4.057203829564184
854.9139885318042,14.278583476011162,14.278583476011162,14.366468284432028,14.355879553412853,3.97847080995819,4.248891314626655
855.1140152020268,14.28470361677688,14.28470361677688,14.375162010076561,14.376859221279096,3.625560407828974,4.748891314626655
855.3140418722496,14.290801202425985,14.290801202425985,14.374314581157666,14.391577316114885,3.125560407828974,4.248891314626655
855.5140685424723,14.29687617276171,14.29687617276171,14.36442985977259,14.409860068157254,2.6344683271094755,4.328367227596599
855.714095212695,14.302928467810563,14.302928467810563,14.366752754345399,14.414813212961826,3.1344683271094755,3.8283672275965994
855.9141218829177,14.308958027822902,14.308958027822902,14.377031296166601,14.41931419540952,3.6344683271094755,3.3283672275965994
856.1141485531404,14.314964793273528,14.314964793273528,14.376314790245157,14.424285630867239,3.1344683271094755,3.3184117163577875
856.3141752233631,14.320948704862284,14.320948704862284,14.369288842352772,14.419272241283881,2.6344683271094755,2.8184117163577875
856.5142018935858,14.32690970351462,14.32690970351462,14.370285546472099,14.424162150404081,3.1344683271094755,3.3184117163577875
856.7142285638084,14.332847730382198,14.332847730382198,14.360070884568335,14.420567403301776,2.6344683271094755,2.8184117163577875
856.9142552340312,14.338762726843465,14.338762726843465,14.345321954855091,14.423005065718096,2.1344683271094755,3.3184117163577875
857.1142819042539,14.34465463450421,14.34465463450421,14.322985825086846,14.428359514522827,1.6344683271094755,3.8184117163577875
857.3143085744765,14.35052339519818,14.35052339519818,14.311003199703736,14.441391194635594,2.1344683271094755,4.3184117163577875
857.5143352446993,14.356368950987633,14.356368950987633,14.305858579299954,14.461820362570792,2.6344683271094755,4.8184117163577875
857.7143619149219,14.362191244163895,14.362191244163895,14.303971729043127,14.48308406912148,3.1344683271094755,4.567355392861687
857.9143885851447,14.367990217247964,14.367990217247964,14.310243953254913,14.494486736333979,3.6344683271094755,4.067355392861687
858.1144152553674,14.373765812991046,14.373765812991046,14.330932881138194,14.499806002722355,4.1344683271094755,3.5673553928616872
858.31444192559,14.379517974375139,14.379517974375139,14.358195165522611,14.50091422140998,4.6344683271094755,3.0673553928616872
858.5144685958128,14.385246644613597,14.385246644613597,14.38932565502745,14.507424560407284,5.1344683271094755,3.5673553928616872
858.7144952660354,14.39095176715167,14.39095176715167,14.417678829467748,14.50800776970551,4.6344683271094755,3.0673553928616872
858.9145219362581,14.396633285667088,14.396633285667088,14.434186984188745,14.499011819158746,4.1344683271094755,2.5673553928616872
859.1145486064809,14.402291144070599,14.402291144070599,14.44279811699633,14.486037163802875,3.6344683271094755,2.0673553928616872
859.3145752767035,14.40792528650653,14.40792528650653,14.455014562141276,14.477256073993278,4.1344683271094755,2.5673553928616872
859.5146019469262,14.413535657353336,14.413535657353336,14.461651357313066,14.468808903261637,3.6344683271094755,2.185529979254097
859.714628617149,14.419122201224162,14.419122201224162,14.471171970487838,14.463240018049312,3.688447700014963,2.685529979254097
859.9146552873716,14.42468486296736,14.42468486296736,14.490127739084235,14.450864687935942,4.188447700014963,2.185529979254097
860.1146819575943,14.430223587667065,14.430223587667065,14.502644515846864,14.447663850741582,3.6884477000149634,2.685529979254097
860.314708627817,14.435738320643722,14.435738320643722,14.503535422151478,14.446937653845854,3.1884477000149634,3.185529979254097
860.5147352980397,14.44122900745462,14.44122900745462,14.516257025626611,14.449013622389288,3.6884477000149634,3.685529979254097
860.7147619682625,14.44669559389445,14.44669559389445,14.533947755918716,14.45205685239128,4.188447700014963,3.4463257415992983
860.9147886384851,14.452138025995813,14.452138025995813,14.551763674510227,14.461484167646736,4.213761252531357,3.9463257415992983
861.1148153087078,14.45755625002978,14.45755625002978,14.561327062235915,14.47624327755125,3.7137612525313566,4.446325741599298
861.3148419789305,14.462950212506406,14.462950212506406,14.58010926916677,14.495522427421141,4.213761252531357,4.463305965811524
861.5148686491532,14.468319860175253,14.468319860175253,14.589960563645178,14.506975831461407,3.7137612525313566,3.963305965811524
861.7148953193758,14.473665140025934,14.473665140025934,14.59370388431099,14.514703033567523,3.2137612525313566,3.463305965811524
861.9149219895986,14.478985999288632,14.478985999288632,14.605526963078168,14.52252280455233,3.7137612525313566,3.963305965811524
862.1149486598213,14.484282385434593,14.484282385434593,14.606504200820423,14.535944766562539,3.2137612525313566,4.463305965811524
862.3149753300439,14.48955424617669,14.48955424617669,14.615720458671122,14.555623750733648,3.70391597141477,4.686856863712616
862.5150020002667,14.49480152946991,14.49480152946991,14.63545604661044,14.568968704741982,4.203915971414769,4.186856863712616
862.7150286704893,14.500024183511865,14.500024183511865,14.64500071153979,14.58034014808162,3.7039159714147694,4.049300127456505
862.9150553407121,14.505222156743327,14.505222156743327,14.651943751097184,14.585107959606628,3.2039159714147694,3.5493001274565046
863.1150820109348,14.510395397848711,14.510395397848711,14.650978853565844,14.587800982191762,3.0629287138109174,3.0493001274565046
863.3151086811574,14.515543855756599,14.515543855756599,14.64214676610494,14.594814233421067,2.5629287138109174,3.5493001274565046
863.5151353513802,14.52066747964024,14.52066747964024,14.642259278437171,14.60078298925846,3.0629287138109174,3.6681862652800468
863.7151620216029,14.52576621891804,14.52576621891804,14.634272494596951,14.599260676959748,2.5629287138109174,3.1681862652800468
863.9151886918255,14.530840023254086,14.530840023254086,14.628772392784274,14.592582903103073,2.7144008705977094,2.6681862652800468
864.1152153620483,14.53588884255862,14.53588884255862,14.629288444628427,14.589159993807764,3.2144008705977094,3.1681862652800468
864.3152420322709,14.540912626988538,14.540912626988538,14.623199068198819,14.582788718418128,2.8086644404340104,2.702990646857835
864.5152687024936,14.545911326947895,14.545911326947895,14.62775564108402,14.581391578079987,3.3086644404340104,3.202990646857835
864.7152953727164,14.550884893088385,14.550884893088385,14.637319579399357,14.588554239168944,3.7164214027279,3.702990646857835
864.915322042939,14.555833276309823,14.555833276309823,14.639189611527406,14.604627779034452,3.2665352381325854,4.202990646857835
865.1153487131617,14.560756427760634,14.560756427760634,14.650605452913174,14.626799188279657,3.7665352381325854,4.702990646857835
865.3153753833844,14.565654298838346,14.565654298838346,14.668958204276686,14.64469791892148,4.266535238132585,4.783287881409969
865.5154020536071,14.570526841190054,14.570526841190054,14.69399246936013,14.662191308732575,4.766535238132585,4.283287881409969
865.7154287238299,14.575374006712906,14.575374006712906,14.714490351488083,14.682985497280225,4.266535238132585,4.783287881409969
865.9154553940525,14.580195747554573,14.580195747554573,14.725653106736377,14.696561189320647,3.9366538150845107,4.283287881409969
866.1154820642752,14.584992016113727,14.584992016113727,14.733828268873138,14.700726772701625,3.4366538150845107,3.7832878814099686
866.3155087344979,14.589762765040515,14.589762765040515,14.728558295197159,14.702245958899884,2.9366538150845107,3.2832878814099686
866.5155354047206,14.594507947237002,14.594507947237002,14.72382615916293,14.708239724868186,2.8397661436349,3.7832878814099686
866.7155620749433,14.59922751585767,14.59922751585767,14.725825492746306,14.716483814141904,3.3397661436349,3.6860623345543226
866.915588745166,14.60392142430986,14.60392142430986,14.720727643421435,14.730879393355337,2.8397661436349,4.186062334554323
867.1156154153887,14.608589626254227,14.608589626254227,14.719945821606398,14.741567604974382,3.3397661436349,4.102100228075866
867.3156420856113,14.61323207560522,14.61323207560522,14.717700265243217,14.749037755599929,2.8493170726835024,3.602100228075866
867.5156687558341,14.617848726531518,14.617848726531518,14.708863087617795,14.747255688196352,2.6969015012690005,3.102100228075866
867.7156954260568,14.622439533456483,14.622439533456483,14.697941952987586,14.740241612471369,2.4939865740009486,2.602100228075866
867.9157220962795,14.627004451058625,14.627004451058625,14.689927670643865,14.733628764518425,2.754261898049617,2.422188357169016
868.1157487665022,14.631543434272025,14.631543434272025,14.688751331390494,14.729415496560001,3.254261898049617,2.922188357169016
868.3157754367248,14.636056438286808,14.636056438286808,14.698054196566957,14.719814178569942,3.754261898049617,2.422188357169016
868.5158021069476,14.640543418549566,14.640543418549566,14.712557719996898,14.717900303163209,4.2542618980496165,2.922188357169016
868.7158287771703,14.6450043307638,14.6450043307638,14.722005740881224,14.711401722728661,3.8940749255983804,2.6444083245883747
868.9158554473929,14.649439130890368,14.649439130890368,14.727681062349092,14.711672820827106,3.3940749255983804,3.1444083245883747
869.1158821176157,14.653847775147913,14.653847775147913,14.742466154085642,14.719334074247584,3.8940749255983804,3.6444083245883747
869.3159087878383,14.65823022001328,14.65823022001328,14.749485366604647,14.71803032481499,3.3940749255983804,3.1444083245883747
869.515935458061,14.66258642222198,14.66258642222198,14.748921897589844,14.711915119922326,2.8940749255983804,2.6444083245883747
869.7159621282838,14.666916338768587,14.666916338768587,14.735699836992053,14.710937616845987,2.3940749255983804,3.1444083245883747
869.9159887985064,14.67121992690717,14.67121992690717,14.73401079728544,14.716944626000709,2.8940749255983804,3.6444083245883747
870.1160154687291,14.675497144151725,14.675497144151725,14.737361236921751,14.716983186440812,3.3940749255983804,3.1444083245883747
870.3160421389518,14.679747948276589,14.679747948276589,14.752152548776303,14.725339621421918,3.8940749255983804,3.6444083245883747
870.5160688091745,14.683972297316846,14.683972297316846,14.755655525915277,14.72579684497279,3.3940749255983804,3.1444083245883747
870.7160954793973,14.688170149568764,14.688170149568764,14.76780383731641,14.7211044103205,3.8940749255983804,2.816484291165855
870.9161221496199,14.692341463590175,14.692341463590175,14.768773422681734,14.711149550872024,3.3940749255983804,2.316484291165855
871.1161488198426,14.696486198200919,14.696486198200919,14.763125307873329,14.704308893210646,2.8940749255983804,2.816484291165855
871.3161754900653,14.700604312483227,14.700604312483227,14.769959800647058,14.706549422739274,3.3940749255983804,3.316484291165855
871.516202160288,14.704695765782132,14.704695765782132,14.765512815921358,14.715498811055662,2.8940749255983804,3.816484291165855
871.7162288305107,14.708760517705873,14.708760517705873,14.762468283385944,14.72869870009729,3.228627634105474,4.316484291165855
871.9162555007334,14.71279852812629,14.71279852812629,14.766909363437371,14.747621122687853,3.728627634105474,4.816484291165855
872.1162821709561,14.716809757179218,14.716809757179218,14.765196541017822,14.762273020814082,3.228627634105474,4.316484291165855
872.3163088411787,14.720794165264888,14.720794165264888,14.760115534999683,14.771840103523628,2.728627634105474,3.816484291165855
872.5163355114015,14.724751713048315,14.724751713048315,14.764689016400158,14.775532126577922,3.228627634105474,3.316484291165855
872.7163621816242,14.728682361459676,14.728682361459676,14.76757529995405,14.772305468619408,3.295808757160666,2.816484291165855
872.9163888518469,14.732586071694715,14.732586071694715,14.780554118146565,14.776757009838906,3.795808757160666,3.316484291165855
873.1164155220696,14.736462805215112,14.736462805215112,14.77949740907129,14.774978995937449,3.295808757160666,2.816484291165855
873.3164421922922,14.740312523748862,14.740312523748862,14.781442963703256,14.766034459955593,3.4576838791739233,2.5314342338674094
873.516468862515,14.744135189290674,14.744135189290674,14.790168530625591,14.748970253813583,3.9576838791739233,2.0314342338674094
873.7164955327377,14.747930764102309,14.747930764102309,14.815656395846089,14.73999344705835,4.457683879173923,2.5314342338674094
873.9165222029603,14.751699210712987,14.751699210712987,14.841841877738226,14.73436219184988,4.957683879173923,2.6843056620499954
874.1165488731831,14.755440491919746,14.755440491919746,14.861082294065914,14.726097957187005,4.457683879173923,2.5697122512463375
874.3165755434057,14.759154570787794,14.759154570787794,14.875256412255293,14.726350671428493,3.9576838791739233,3.0697122512463375
874.5166022136284,14.762841410650902,14.762841410650902,14.876985652807086,14.731350801993932,3.4576838791739233,3.5697122512463375
874.7166288838512,14.766500975111741,14.766500975111741,14.874860606033057,14.729978016496682,3.0073249528161066,3.0697122512463375
874.9166555540738,14.770133228042255,14.770133228042255,14.865863674196229,14.73302631185892,2.5073249528161066,3.5697122512463375
875.1166822242965,14.773738133584008,14.773738133584008,14.862400016571927,14.748710145644,3.0073249528161066,4.0697122512463375
875.3167088945193,14.777315656148556,14.777315656148556,14.85026566436384,14.76427615268648,2.5073249528161066,4.5697122512463375
875.5167355647419,14.780865760417772,14.780865760417772,14.83587352463921,14.77436105207155,2.4618500754227393,4.0697122512463375
875.7167622349647,14.784388411344217,14.784388411344217,14.834207027110494,14.777272072177642,2.9618500754227393,3.5697122512463375
875.9167889051873,14.787883574151472,14.787883574151472,14.8371462520687,14.774990935621856,3.4618500754227393,3.1137032769218287
876.11681557541,14.791351214334494,14.791351214334494,14.852906971766695,14.779688181878889,3.9618500754227393,3.6137032769218287
876.3168422456328,14.794791297659946,14.794791297659946,14.853640665811977,14.790181788143926,3.4618500754227393,3.949927225408039
876.5168689158554,14.798203790166538,14.798203790166538,14.850876952988699,14.796812803695294,2.962461797538813,3.863611342305271
876.7168955860781,14.801588658165365,14.801588658165365,14.836766716526546,14.805541020294664,2.462461797538813,3.7517280320189808
876.9169222563008,14.804945868240232,14.804945868240232,14.828739151955057,14.809472869902015,2.839207720490429,3.2517280320189808
877.1169489265235,14.808275387247996,14.808275387247996,14.825019929294902,14.804346407141617,3.1053199319617333,2.7517280320189808
877.3169755967461,14.811577182318883,14.811577182318883,14.828126845987954,14.800854025595292,3.6053199319617333,3.0543032240516292
877.5170022669689,14.81485122085682,14.81485122085682,14.833615383705446,14.80802811370654,3.325180145493959,3.5543032240516292
877.7170289371916,14.818097470539744,14.818097470539744,14.83055254475046,14.816729409389923,2.825180145493959,4.05430322405163
877.9170556074143,14.821315899319943,14.821315899319943,14.812000853632387,14.819607360735995,2.325180145493959,3.5543032240516297
878.117082277637,14.824506475424345,14.824506475424345,14.800080660206705,14.817879521992705,2.825180145493959,3.2061332271216867
878.3171089478597,14.827669167354856,14.827669167354856,14.804797573520197,14.823101751945646,3.325180145493959,3.7061332271216867
878.5171356180824,14.830803943888661,14.830803943888661,14.798186478522952,14.833852903125369,2.825180145493959,3.977883712408201
878.7171622883051,14.833910774078522,14.833910774078522,14.801902336967887,14.851388396509742,3.325180145493959,4.477883712408201
878.9171889585277,14.836989627253107,14.836989627253107,14.811503526425932,14.870718599408503,3.825180145493959,4.605888922996369
879.1172156287505,14.840040473017272,14.840040473017272,14.817899703503482,14.879749788475813,3.4314939006452567,4.105888922996369
879.3172422989732,14.84306328125237,14.84306328125237,14.8146401959907,14.899158573316521,2.9314939006452567,4.589430243329894
879.5172689691958,14.846058022116543,14.846058022116543,14.823507707280807,14.920784289820437,3.4314939006452567,5.089430243329894
879.7172956394186,14.849024666045032,14.849024666045032,14.836142383532763,14.941529691196552,3.9314939006452567,4.589430243329894
879.9173223096412,14.85196318375044,14.85196318375044,14.84049378155225,14.954530078144963,3.4314939006452567,4.089430243329894
880.1173489798639,14.854873546223056,14.854873546223056,14.853655595704119,14.973267974383507,3.9314939006452567,4.589430243329894
880.3173756500867,14.857755724731113,14.857755724731113,14.859337493522355,14.984151048603172,3.4314939006452567,4.205421527429134
880.5174023203093,14.860609690821084,14.860609690821084,14.873923621831688,14.989848248097257,3.9314939006452567,3.7054215274291344
880.7174289905321,14.863435416317968,14.863435416317968,14.895863301896325,15.0029287782212,4.431493900645257,4.126486801246962
880.9174556607547,14.86623287332555,14.86623287332555,14.909878156204163,15.007430019747913,3.9314939006452567,3.626486801246962
881.1174823309774,14.8690020342267,14.8690020342267,14.912244761906452,15.019859914013459,3.4314939006452567,4.126486801246962
881.3175090012002,14.871742871683626,14.871742871683626,14.925210239110156,15.02161771296555,3.7950918527180715,3.626486801246962
881.5175356714228,14.874455358638153,14.874455358638153,14.941220994071193,15.023440125769868,4.2950918527180715,3.126486801246962
881.7175623416455,14.877139468311992,14.877139468311992,14.94950732170269,15.014865050017988,3.7950918527180715,2.626486801246962
881.9175890118682,14.879795174206999,14.879795174206999,14.953841624605817,14.998657556432546,3.2950918527180715,2.126486801246962
882.1176156820909,14.882422450105434,14.882422450105434,14.9477607373914,14.978298195878114,2.7950918527180715,1.7800446226433975
882.3176423523136,14.88502127007023,14.88502127007023,14.9509321912087,14.955933761963083,3.2950918527180715,1.2800446226433975
882.5176690225363,14.887591608445245,14.887591608445245,14.947428233051507,14.938149624547554,2.7950918527180715,1.7800446226433975
882.717695692759,14.890133439855507,14.890133439855507,14.934583048927365,14.920608000534797,2.6344733480105402,1.9344076283314235
882.9177223629817,14.892646739207477,14.892646739207477,14.932262050595126,14.910521968373418,3.1344733480105402,2.4344076283314235
883.1177490332044,14.895131481689287,14.895131481689287,14.924070735585778,14.906540917163237,2.6344733480105402,2.9344076283314235
883.3177757034271,14.897587642770992,14.897587642770992,14.927451639191379,14.907091739793387,3.1344733480105402,3.4344076283314235
883.5178023736498,14.900015198204809,14.900015198204809,14.936020683350286,14.910334865403224,3.6344733480105402,3.506127716387116
883.7178290438725,14.902414124025356,14.902414124025356,14.950146498703706,14.908410379424463,4.13447334801054,3.006127716387116
883.9178557140951,14.904784396549886,14.904784396549886,14.969990404086403,14.89829879012957,4.4460886872840515,2.506127716387116
884.1178823843179,14.907125992378528,14.907125992378528,14.977853880486746,14.900484860544474,3.9460886872840515,3.006127716387116
884.3179090545406,14.909438888394515,14.909438888394515,14.984280515884473,14.890959557875524,3.4460886872840515,2.506127716387116
884.5179357247632,14.911723061764402,14.911723061764402,14.983060984647075,14.876879728218023,3.146153587731283,2.006127716387116
884.717962394986,14.913978489938316,14.913978489938316,14.98781333838258,14.870498368487787,3.646153587731283,2.506127716387116
884.9179890652086,14.916205150650146,14.916205150650146,14.984331276887852,14.869130537609053,3.146153587731283,3.006127716387116
885.1180157354313,14.918403021917793,14.918403021917793,14.987020079873501,14.874978671746986,3.646153587731283,3.506127716387116
885.3180424056541,14.92057208204337,14.92057208204337,14.992086227625384,14.885026413423928,3.605864360353272,4.006127716387116
885.5180690758767,14.922712309613413,14.922712309613413,14.987391918543672,14.900419000367519,3.105864360353272,4.506127716387116
885.7180957460995,14.924823683499115,14.924823683499115,14.978517380156411,14.904775443703194,2.605864360353272,4.006127716387116
885.9181224163221,14.926906182856502,14.926906182856502,14.978213137631187,14.923237942128747,3.105864360353272,4.506127716387116
886.1181490865448,14.928959787126669,14.928959787126669,14.969091036111507,14.94606414632657,2.605864360353272,4.929914714511669
886.3181757567676,14.930984476035963,14.930984476035963,14.956940200644919,14.95949720687939,2.415264392054631,4.429914714511669
886.5182024269902,14.932980229596193,14.932980229596193,14.942962727391537,14.979128542990916,2.389470128419593,4.651970648750243
886.7182290972129,14.934947028104823,14.934947028104823,14.935724018702379,14.993769837463558,2.889470128419593,4.151970648750243
886.9182557674357,14.936884852145166,14.936884852145166,14.93124017633182,15.003237369252046,2.9418107582481485,4.084141024039594
887.1182824376583,14.938793682586585,14.938793682586585,14.93769552598077,15.007434512100772,3.4418107582481485,3.737477744077316
887.318309107881,14.940673500584664,14.940673500584664,14.949504924296509,15.020244671080704,3.9418107582481485,4.2374777440773155
887.5183357781037,14.942524287581413,14.942524287581413,14.9679471270124,15.029668950974639,4.441810758248149,3.7374777440773155
887.7183624483264,14.944346025305439,14.944346025305439,14.998293638755912,15.031194601070213,4.895000465587494,3.2374777440773155
887.9183891185492,14.946138695772131,14.946138695772131,15.0157606823131,15.025013045045002,4.395000465587494,2.7374777440773155
888.1184157887718,14.947902281283834,14.947902281283834,15.027941304247376,15.015924947473078,3.8950004655874944,2.2374777440773155
888.3184424589945,14.949636764430032,14.949636764430032,15.027537277573849,14.9951341093154,3.3950004655874944,1.7374777440773155
888.5184691292172,14.951342128087509,14.951342128087509,15.026338323061863,14.983804466274565,2.8950004655874944,2.2374777440773155
888.7184957994399,14.953018355420523,14.953018355420523,15.010445205823913,14.979294553794428,2.3950004655874944,2.7374777440773155
888.9185224696625,14.954665429880976,14.954665429880976,15.01021804387279,14.98299477203903,2.8950004655874944,3.2374777440773155
889.1185491398853,14.956283335208575,14.956283335208575,14.997771360312655,14.985969858567598,2.3950004655874944,3.7374777440773155
889.318575810108,14.957872055430983,14.957872055430983,14.98528232176281,14.987635525150841,2.3097809541436733,3.2374777440773155
889.5186024803306,14.959431574863991,14.959431574863991,14.980769258573085,14.983735822143815,2.8097809541436733,2.9140238706619086
889.7186291505534,14.960961878111675,14.960961878111675,14.95952260772995,14.989616741417649,2.3097809541436733,3.4140238706619086
889.918655820776,14.962462950066522,14.962462950066522,14.941638326234905,14.98965833141119,2.069475008695337,2.9140238706619086
890.1186824909987,14.963934775909609,14.963934775909609,14.932795872119906,14.977990038493335,2.569475008695337,2.4140238706619086
890.3187091612215,14.965377341110738,14.965377341110738,14.929180566245522,14.974841481886328,3.069475008695337,2.9140238706619086
890.5187358314441,14.96679063142857,14.96679063142857,14.937779198398147,14.968145358663916,3.569475008695337,2.9439760887912385
890.7187625016669,14.968174632910785,14.968174632910785,14.946251634239403,14.973356723211454,4.069475008695337,3.4439760887912385
890.9187891718896,14.9695293318942,14.9695293318942,14.967867610136622,14.983872050106182,4.569475008695337,3.9439760887912385
891.1188158421122,14.970854715004918,14.970854715004918,15.000373050137513,14.988459292802,5.069475008695337,3.6452912676441884
891.318842512335,14.972150769158455,14.972150769158455,15.019717813793545,14.999466473418945,4.569475008695337,4.145291267644188
891.5188691825576,14.973417481559867,14.973417481559867,15.031942255654828,15.004535546610123,4.069475008695337,3.645291267644188
891.7188958527803,14.974654839703879,14.974654839703879,15.03925331809544,15.0090407043925,3.5694750086953366,3.145291267644188
891.9189225230031,14.97586283137501,14.97586283137501,15.037213280722147,15.013156649065587,3.0694750086953366,3.645291267644188
892.1189491932257,14.977041444647687,14.977041444647687,15.02556273562342,15.012196781722537,2.5694750086953366,3.145291267644188
892.3189758634484,14.978190667886373,14.978190667886373,15.01047650064329,15.00640439583667,2.0694750086953366,2.7241314681761377
892.5190025336711,14.979310489745675,14.979310489745675,15.001972620653454,15.002850443854168,2.5694750086953366,3.2241314681761377
892.7190292038938,14.98040089917045,14.98040089917045,14.999783571290054,15.004680220634425,3.0694750086953366,3.6414024907173657
892.9190558741166,14.98146188539593,14.98146188539593,15.007006410761765,15.003248974973387,3.5694750086953366,3.1414024907173657
893.1190825443392,14.982493437947817,14.982493437947817,14.999300967934154,14.995483786219618,3.0694750086953366,2.6414024907173657
893.3191092145619,14.983495546642386,14.983495546642386,14.997050667890871,14.994526790453842,3.065843283802095,3.1414024907173657
893.5191358847846,14.984468201586594,14.984468201586594,14.983817922373435,15.002129786014747,2.565843283802095,3.6414024907173657
893.7191625550073,14.985411393178165,14.985411393178165,14.96851818686082,15.001102182254556,2.074219232723186,3.1414024907173657
893.91918922523,14.9863251121057,14.9863251121057,14.956277625420896,15.003517529477579,2.574219232723186,3.6414024907173657
894.1192158954527,14.987209349348754,14.987209349348754,14.951181744259214,15.016430307737808,3.074219232723186,4.141402490717366
894.3192425656754,14.988064096177936,14.988064096177936,14.941843763522423,15.021384521981904,2.574219232723186,3.6414024907173657
894.519269235898,14.988889344154988,14.988889344154988,14.922899743500865,15.018999099060153,2.074219232723186,3.1414024907173657
894.7192959061208,14.989685085132876,14.989685085132876,14.911415037890396,15.021797172579955,2.574219232723186,3.6414024907173657
894.9193225763435,14.99045131125586,14.99045131125586,14.888488809130457,15.033460572121035,2.074219232723186,4.141402490717366
895.1193492465661,14.991188014959583,14.991188014959583,14.876542455246664,15.053196760753305,2.574219232723186,4.641402490717366
895.3193759167889,14.991895188971139,14.991895188971139,14.876671713840707,15.066682928000649,3.074219232723186,4.141402490717366
895.5194025870115,14.99257282630914,14.99257282630914,14.883140130883342,15.073562500856994,3.574219232723186,3.6414024907173657
895.7194292572343,14.993220920283797,14.993220920283797,14.89798516272026,15.087378316634872,4.074219232723186,4.141402490717366
895.919455927457,14.993839464496979,14.993839464496979,14.922853873233896,15.093019889820827,4.574219232723186,3.6414024907173657
896.1194825976796,14.994428452842275,14.994428452842275,14.949824952542395,15.092787701347614,4.844191278778226,3.1414024907173657
896.3195092679024,14.994987879505057,14.994987879505057,14.973841628029408,15.084280996961562,4.693652356739881,2.6414024907173657
896.519535938125,14.995517738962539,14.995517738962539,14.989146373667456,15.071816571681735,4.239045634947219,2.1414024907173657
896.7195626083477,14.996018025983826,14.996018025983826,15.002293676758542,15.066478563252627,4.01458546998223,2.593377995195673
896.9195892785705,14.99648873562997,14.99648873562997,15.010249170950852,15.068636192849308,3.5145854699822303,3.093377995195673
897.1196159487931,14.996929863254017,14.996929863254017,15.01582810343332,15.064492753855017,3.4844329883420495,2.7404657291783128
897.3196426190158,14.997341404501057,14.997341404501057,15.011589698033799,15.051306036464792,2.9844329883420495,2.2404657291783128
897.5196692892385,14.997723355308258,14.997723355308258,15.003707410560816,15.04810747513259,2.671111942944844,2.7404657291783128
897.7196959594612,14.998075711904916,14.998075711904916,15.001411247969086,15.047239231039514,3.171111942944844,3.2404657291783128
897.919722629684,14.998398470812484,14.998398470812484,14.995515432065977,15.046661593665423,2.671111942944844,3.1497525563877313
898.1197492999066,14.998691628844615,14.998691628844615,14.98285588052978,15.037520933542792,2.400437446911523,2.6497525563877313
898.3197759701293,14.998955183107181,14.998955183107181,14.975590921462533,15.031066738833136,2.900437446911523,2.5256188174792515
898.519802640352,14.999189130998321,14.999189130998321,14.968542274294219,15.029823782167167,2.9640836656885554,3.0256188174792515
898.7198293105747,14.999393470208442,14.999393470208442,14.960296490429444,15.028022714428786,2.8430350234564314,2.855698386595434
898.9198559807974,14.999568198720263,14.999568198720263,14.960363741505423,15.026957196565986,3.3430350234564314,3.266876325571072
899.1198826510201,14.999713314808826,14.999713314808826,14.969917942059151,15.033786965349929,3.8430350234564314,3.766876325571072
899.3199093212428,14.999828817041507,14.999828817041507,14.987963692324158,15.036531342174804,4.173550878248371,3.266876325571072
899.5199359914654,14.999914704278048,14.999914704278048,14.997617914902563,15.041508346353426,3.945326761510039,3.766876325571072
899.7199626616882,14.999970975670543,14.999970975670543,15.015375452290845,15.04921292091912,4.445326761510039,3.9041665248970583
899.9199893319109,14.999997630663476,14.999997630663476,15.026782307462357,15.050756077936315,3.9453267615100387,3.4041665248970583
900.1200160021335,14.999994668993695,14.999994668993695,15.031630094758857,15.062737682605002,3.4453267615100387,3.9041665248970583
900.3200426723563,14.999962090690444,14.999962090690444,15.043562489067815,15.068842209765478,3.9453267615100387,3.4041665248970583
900.520069342579,14.999899896075341,14.999899896075341,15.052031197772678,15.072439996297392,3.6458690314088913,3.6005480997509345
900.7200960128017,14.999808085762385,14.999808085762385,15.052640389999082,15.080450848991322,3.1458690314088913,3.784715641883638
900.9201226830244,14.99968666065795,14.99968666065795,15.042656307070779,15.079374324354363,2.6458690314088913,3.284715641883638
901.120149353247,14.99953562196077,14.99953562196077,15.041323722731514,15.072924038676348,3.1458690314088913,2.784715641883638
901.3201760234698,14.999354971161939,14.999354971161939,15.031382371891699,15.062803955974898,2.6458690314088913,2.284715641883638
901.5202026936925,14.999144710044876,14.999144710044876,15.016252905251077,15.041909825394832,2.1458690314088913,1.784715641883638
901.7202293639151,14.99890484068533,14.99890484068533,14.992229877449564,15.03229162491599,1.82508848831695,2.284715641883638
901.9202560341379,14.99863536545135,14.99863536545135,14.975103756902959,15.027415397789511,2.32508848831695,2.784715641883638
902.1202827043605,14.99833628700325,14.99833628700325,14.96714403047209,15.02026789038922,2.82508848831695,2.284715641883638
902.3203093745832,14.998007608293605,14.998007608293605,14.966135449762147,15.015875592572966,3.32508848831695,2.784715641883638
902.520336044806,14.997649332567207,14.997649332567207,14.961859410274501,15.017679735254022,2.82508848831695,3.284715641883638
902.7203627150286,14.997261463361031,14.997261463361031,14.96246176560912,15.025305940761553,3.32508848831695,3.784715641883638
902.9203893852514,14.996844004504219,14.996844004504219,14.956556873118982,15.028690124939518,2.82508848831695,3.284715641883638
903.120416055474,14.996396960118012,14.996396960118012,14.950212941572929,15.02183282190888,2.977611083187405,2.784715641883638
903.3204427256967,14.99592033461574,14.99592033461574,14.951269095024974,15.009201002979326,3.477611083187405,2.284715641883638
903.5204693959195,14.995414132702752,14.995414132702752,14.94041771548239,14.992148210610635,2.977611083187405,1.784715641883638
903.7204960661421,14.994878359376399,14.994878359376399,14.927638436304301,14.976911745991384,2.477611083187405,1.702026341150784
903.9205227363648,14.99431301992595,14.99431301992595,14.917056506400755,14.964421008849701,2.977611083187405,2.202026341150784
904.1205494065875,14.993718119932568,14.993718119932568,14.918924705776679,14.959469184639277,3.477611083187405,2.702026341150784
904.3205760768102,14.993093665269242,14.993093665269242,14.930392158860764,14.953238565813104,3.977611083187405,2.741632977104206
904.5206027470329,14.992439662100733,14.992439662100733,14.934575963243336,14.941220150544515,3.5942649854285147,2.241632977104206
904.7206294172556,14.991756116883506,14.991756116883506,14.932951407798695,14.935752294243052,3.2384037766278726,2.741632977104206
904.9206560874783,14.991043036365678,14.991043036365678,14.942324225068171,14.925240431221814,3.7135153747549605,2.241632977104206
905.1206827577009,14.990300427586941,14.990300427586941,14.95108515809976,14.920255075647317,4.2135153747549605,2.741632977104206
905.3207094279237,14.989528297878502,14.989528297878502,14.971083906445594,14.919910298412441,4.7135153747549605,3.1673334610875647
905.5207360981464,14.988726654863001,14.988726654863001,14.986756141663921,14.923902268224072,4.2135153747549605,3.6673334610875647
905.7207627683691,14.98789550645444,14.98789550645444,14.992663093560703,14.939275782659415,3.7135153747549605,4.167333461087565
905.9207894385918,14.987034860858104,14.987034860858104,15.001857220446148,14.956794658950162,3.891265709298488,4.667333461087565
906.1208161088144,14.986144726570489,14.986144726570489,15.002700604870087,14.968419469632682,3.391265709298488,4.167333461087565
906.3208427790372,14.985225112379199,14.985225112379199,14.995438016116132,14.975643846665662,2.891265709298488,3.6673334610875647
906.5208694492599,14.984276027362878,14.984276027362878,14.973828020289682,14.975454205918371,2.391265709298488,3.1673334610875647
906.7208961194825,14.98329748089111,14.98329748089111,14.965279486863514,14.968861482419989,2.891265709298488,2.6673334610875647
906.9209227897053,14.982289482624331,14.982289482624331,14.965706162085205,14.971328177156284,3.391265709298488,3.1673334610875647
907.1209494599279,14.981252042513727,14.981252042513727,14.954697734774516,14.968420144252132,2.891265709298488,2.6673334610875647
907.3209761301506,14.980185170801148,14.980185170801148,14.959133031095758,14.967363880349133,3.391265709298488,3.1673334610875647
907.5210028003734,14.979088878018992,14.979088878018992,14.965569837309163,14.971883608249756,3.891265709298488,3.617004435136106
907.721029470596,14.977963174990114,14.977963174990114,14.96545439691955,14.987562589836559,3.391265709298488,4.117004435136106
907.9210561408188,14.976808072827712,14.976808072827712,14.962827759618444,14.994419386780192,3.1860215335821875,3.7277390849640364
908.1210828110414,14.975623582935217,14.975623582935217,14.968663311530168,14.993819946359912,3.6860215335821875,3.2277390849640364
908.3211094812641,14.974409717006186,14.974409717006186,14.982249811861479,14.986873691897163,4.1860215335821875,2.7277390849640364
908.5211361514869,14.97316648702418,14.97316648702418,14.993739932333243,14.99120830972863,3.6860215335821875,3.2277390849640364
908.7211628217095,14.97189390526265,14.97189390526265,14.992595160674938,14.98676199951083,3.1860215335821875,2.7277390849640364
908.9211894919322,14.970591984284816,14.970591984284816,14.983362063702435,14.986387286388977,2.6860215335821875,3.2277390849640364
909.121216162155,14.969260736943536,14.969260736943536,14.976682283178668,14.991490235363939,3.1860215335821875,3.7277390849640364
909.3212428323776,14.967900176381189,14.967900176381189,14.966568608280951,14.990310948227423,2.8119369481853904,3.2277390849640364
909.5212695026003,14.966510316029542,14.966510316029542,14.944612714201016,14.982460480030142,2.3119369481853904,2.7277390849640364
909.721296172823,14.965091169609613,14.965091169609613,14.935549006238483,14.97288640696069,2.8119369481853904,2.2277390849640364
909.9213228430457,14.963642751131541,14.963642751131541,14.920691662311773,14.953652636774942,2.3119369481853904,1.7277390849640364
910.1213495132683,14.962165074894443,14.962165074894443,14.897260434577547,14.942530346857621,1.8119369481853904,2.2277390849640364
910.3213761834911,14.960658155486279,14.960658155486279,14.878516648882433,14.922341136858849,2.3119369481853904,1.7277390849640364
910.5214028537138,14.9591220077837,14.9591220077837,14.875443645551755,14.912214554203821,2.8119369481853904,2.2277390849640364
910.7214295239365,14.957556646951907,14.957556646951907,14.871732859702554,14.897482931871853,3.3119369481853904,1.9483210123652124
910.9214561941592,14.955962088444501,14.955962088444501,14.87824730934355,14.880487419564371,3.8119369481853904,1.9598492487210453
911.1214828643818,14.954338348003331,14.954338348003331,14.891767754466006,14.869422418130169,4.311936948185391,2.4598492487210453
911.3215095346046,14.952685441658328,14.952685441658328,14.904900020696857,14.862001346378355,4.15819209900561,2.9598492487210453
911.5215362048273,14.951003385727368,14.951003385727368,14.919444189752603,14.85125626642116,4.377494068014439,2.4598492487210453
911.7215628750499,14.949292196816087,14.949292196816087,14.940692549034837,14.849822228253306,4.877494068014439,2.9598492487210453
911.9215895452727,14.947551891817735,14.947551891817735,14.960913625214015,14.856087651880136,4.377494068014439,3.4598492487210453
912.1216162154954,14.945782487913002,14.945782487913002,14.968453063224404,14.854794425957841,3.877494068014439,2.9598492487210453
912.321642885718,14.943984002569845,14.943984002569845,14.985446429180145,14.858313579281605,4.075447014659833,3.4598492487210453
912.5216695559408,14.942156453543326,14.942156453543326,14.98476484386469,14.85336232599109,3.575447014659833,2.9598492487210453
912.7216962261634,14.940299858875424,14.940299858875424,14.979218984817477,14.856086068638586,3.075447014659833,3.4598492487210453
912.9217228963862,14.938414236894868,14.938414236894868,14.96910832925166,14.852646386184025,2.575447014659833,2.9598492487210453
913.1217495666089,14.936499606216952,14.936499606216952,14.948811400744313,14.855501924883898,2.075447014659833,3.4598492487210453
913.3217762368315,14.934555985743343,14.934555985743343,14.935446239870373,14.859434445239918,2.575447014659833,3.5487381317038307
913.5218029070543,14.932583394661908,14.932583394661908,14.917955721136424,14.861852732937106,2.075447014659833,3.6586326813774
913.7218295772769,14.930581852446519,14.930581852446519,14.892725371407755,14.860770819041486,2.0536181940013947,3.1586326813774
913.9218562474996,14.928551378856858,14.928551378856858,14.883781346315203,14.865354575640398,2.5536181940013947,3.6586326813774
914.1218829177224,14.926491993938223,14.926491993938223,14.882570540492722,14.865275744715177,3.0536181940013947,3.1586326813774
914.321909587945,14.924403718021335,14.924403718021335,14.870044534602178,14.868355094480037,2.6008159791380643,3.6586326813774
914.5219362581677,14.922286571722132,14.922286571722132,14.8617032483733,14.861483371682754,3.1008159791380643,3.1586326813774
914.7219629283904,14.920140575941563,14.920140575941563,14.867978374024007,14.855695943504285,3.6008159791380643,2.9935857985663556
914.9219895986131,14.917965751865392,14.917965751865392,14.871604142403918,14.856683940841346,3.522516709753749,3.2214950133349642
915.1220162688358,14.91576212096398,14.91576212096398,14.88317378037488,14.862435191517068,4.022516709753749,3.7214950133349642
915.3220429390585,14.913529704992072,14.913529704992072,14.882131274175011,14.864883663467404,3.5225167097537486,3.2214950133349642
915.5220696092812,14.911268525988593,14.911268525988593,14.876969476441177,14.872255757201508,3.0225167097537486,3.7214950133349642
915.722096279504,14.908978606276415,14.908978606276415,14.859768411189224,14.872528352148498,2.5225167097537486,3.2214950133349642
915.9221229497266,14.906659968462154,14.906659968462154,14.839784731229917,14.878995980933306,2.0225167097537486,3.7214950133349642
916.1221496199493,14.904312635435929,14.904312635435929,14.817642066493576,14.8800123863554,1.8305772263104092,3.2214950133349642
916.322176290172,14.90193663037115,14.90193663037115,14.801416054940564,14.882534362959172,2.330577226310409,3.486763673159405
916.5222029603947,14.899531976724283,14.899531976724283,14.794459129843727,14.878058904218301,2.830577226310409,2.986763673159405
916.7222296306173,14.897098698234618,14.897098698234618,14.772948803111657,14.881651072807761,2.330577226310409,3.486763673159405
916.9222563008401,14.894636818924035,14.894636818924035,14.763344942109729,14.890315995737081,2.830577226310409,3.986763673159405
917.1222829710628,14.892146363096773,14.892146363096773,14.761265169214488,14.895497546335628,3.330577226310409,3.486763673159405
917.3223096412854,14.88962735533918,14.88962735533918,14.768480863495041,14.904547385004248,3.830577226310409,3.986763673159405
917.5223363115082,14.887079820519475,14.887079820519475,14.785314314349966,14.908392792649655,4.3305772263104085,3.486763673159405
917.7223629817308,14.884503783787505,14.884503783787505,14.808460341346695,14.906088201097466,4.8305772263104085,2.986763673159405
917.9223896519536,14.881899270574495,14.881899270574495,14.823640997928496,14.89305488353461,4.3305772263104085,2.486763673159405
918.1224163221763,14.879266306592795,14.879266306592795,14.834908159731024,14.886547877382917,4.08280695452859,2.925235976419952
918.3224429923989,14.876604917835628,14.876604917835628,14.834758974889215,14.877789544719292,3.58280695452859,2.425235976419952
918.5224696626217,14.87391513057683,14.87391513057683,14.843140017908143,14.862642547562036,4.08280695452859,1.9252359764199518
918.7224963328443,14.871196971370598,14.871196971370598,14.853092544634773,14.854439211230408,3.9264654435150788,2.425235976419952
918.922523003067,14.868450467051222,14.868450467051222,14.857359742003386,14.850150540631311,3.514414169616303,2.925235976419952
919.1225496732898,14.86567564473282,14.86567564473282,14.849504387995939,14.851839684083773,3.014414169616303,3.425235976419952
919.3225763435124,14.86287253180907,14.86287253180907,14.835666434359254,14.849486766742466,2.514414169616303,2.925235976419952
919.5226030137351,14.860041155952949,14.860041155952949,14.828509508435312,14.838747740740981,3.014414169616303,2.650570712847146
919.7226296839578,14.857181545116443,14.857181545116443,14.81129302126911,14.825870392664177,2.716640116297022,2.150570712847146
919.9226563541805,14.854293727530285,14.854293727530285,14.808344008654174,14.81832686861366,3.216640116297022,2.650570712847146
920.1226830244032,14.851377731703671,14.851377731703671,14.796103607425259,14.802183229204443,2.716640116297022,2.150570712847146
920.3227096946259,14.84843358642398,14.84843358642398,14.778973585679323,14.79606000170393,2.216640116297022,2.650570712847146
920.5227363648486,14.845461320756485,14.845461320756485,14.766806790556759,14.78791236159337,2.716640116297022,2.5802710911211464
920.7227630350714,14.842460964044072,14.842460964044072,14.755172718175599,14.787749533094486,2.874400948579928,3.0802710911211464
920.922789705294,14.839432545906952,14.839432545906952,14.739953378401514,14.789359681716071,2.374400948579928,3.5802710911211464
921.1228163755167,14.836376096242361,14.836376096242361,14.71368415428701,14.799258378024614,1.874400948579928,4.080271091121146
921.3228430457394,14.833291645224264,14.833291645224264,14.699988562318971,14.814997247508542,2.374400948579928,4.553559270800276
921.5228697159621,14.830179223303073,14.830179223303073,14.687710231591776,14.825704804212982,2.874400948579928,4.053559270800276
921.7228963861847,14.827038861205327,14.827038861205327,14.688312039144746,14.838572617897757,3.374400948579928,4.239224114638126
921.9229230564075,14.823870589933398,14.823870589933398,14.69628990772394,14.841988104728616,3.874400948579928,3.7392241146381258
922.1229497266302,14.820674440765185,14.820674440765185,14.7136983463749,14.84385025996441,4.374400948579928,3.2921009465056947
922.3229763968528,14.817450445253805,14.817450445253805,14.738471387045545,14.844026001150613,4.874400948579928,3.149614739263778
922.5230030670756,14.814198635227275,14.814198635227275,14.754027723123178,14.837728618538272,4.374400948579928,2.9050889845016816
922.7230297372982,14.81091904278821,14.81091904278821,14.761918221310516,14.837697805629052,3.874400948579928,3.4050889845016816
922.923056407521,14.807611700313497,14.807611700313497,14.760443411791753,14.834953186568871,3.374400948579928,2.9050889845016816
923.1230830777437,14.80427664045398,14.80427664045398,14.753693382522936,14.822676233766193,2.874400948579928,2.4050889845016816
923.3231097479663,14.800913896134128,14.800913896134128,14.752081198618601,14.806780203472705,3.374400948579928,1.9050889845016816
923.5231364181891,14.797523500551721,14.797523500551721,14.74658393630987,14.785152253398712,2.874400948579928,1.4050889845016816
923.7231630884118,14.794105487177525,14.794105487177525,14.729056506677706,14.766233396495977,2.374400948579928,1.9050889845016816
923.9231897586344,14.790659889754945,14.790659889754945,14.703022271890783,14.747796770589206,1.874400948579928,1.7636384205946385
924.1232164288572,14.787186742299708,14.787186742299708,14.685547368666017,14.739804980322816,2.374400948579928,2.2636384205946385
924.3232430990798,14.783686079099523,14.783686079099523,14.674536873067439,14.733764267312887,2.874400948579928,2.7636384205946385
924.5232697693025,14.780157934713731,14.780157934713731,14.667775085924536,14.733766466059993,3.2655770962328803,3.2636384205946385
924.7232964395253,14.776602343972987,14.776602343972987,14.6579688652912,14.725342863054225,2.7655770962328803,2.7636384205946385
924.9233231097479,14.773019341978895,14.773019341978895,14.654067672670386,14.7122618065213,3.2655770962328803,2.2636384205946385
925.1233497799706,14.769408964103668,14.769408964103668,14.648837812681064,14.706205513490968,3.033664234052974,2.7636384205946385
925.3233764501933,14.76577124598978,14.76577124598978,14.634458578452168,14.70549333461302,2.5817285685468114,3.2636384205946385
925.523403120416,14.762106223549623,14.762106223549623,14.631949901396698,14.714715499775334,3.0817285685468114,3.7636384205946385
925.7234297906388,14.758413932965128,14.758413932965128,14.635025235494886,14.72969642702442,3.5817285685468114,4.136045017607445
925.9234564608614,14.75469441068744,14.75469441068744,14.643114123864704,14.735038885743055,4.081728568546811,3.6360450176074446
926.1234831310841,14.75094769343653,14.75094769343653,14.644782055502992,14.741068910041573,3.5817285685468114,3.606869487693351
926.3235098013068,14.747173818200846,14.747173818200846,14.647836244186758,14.739636192344014,3.6463252904696883,3.106869487693351
926.5235364715295,14.743372822236951,14.743372822236951,14.659134418908533,14.732025741504991,4.146325290469688,2.606869487693351
926.7235631417522,14.739544743069144,14.739544743069144,14.678732174688957,14.720821115391159,4.646325290469688,2.106869487693351
926.9235898119749,14.735689618489097,14.735689618489097,14.691597828504586,14.703843380979302,4.146325290469688,1.9306660259789084
927.1236164821976,14.731807486555486,14.731807486555486,14.692232019040826,14.68446958077879,3.6463252904696883,1.6407389203429865
927.3236431524202,14.727898385593603,14.727898385593603,14.703554146303688,14.658304343100331,4.146325290469688,1.1502574917874815
927.523669822643,14.723962354194981,14.723962354194981,14.726307712885486,14.638564868430013,4.646325290469688,1.6502574917874815
927.7236964928657,14.71999943121703,14.71999943121703,14.737880537604529,14.61190498525693,4.146325290469688,1.1502574917874815
927.9237231630884,14.71600965578263,14.71600965578263,14.754595950190044,14.58931024289176,4.469015198458268,1.6502574917874815
928.1237498333111,14.711993067279757,14.711993067279757,14.776951901156165,14.576499389594414,4.969015198458268,2.1502574917874817
928.3237765035337,14.707949705361088,14.707949705361088,14.79052625660882,14.570083218004411,4.469015198458268,2.6502574917874817
928.5238031737565,14.70387960994362,14.70387960994362,14.801283070670099,14.572883978828061,3.9690151984582682,3.1502574917874817
928.7238298439792,14.699782821208265,14.699782821208265,14.799446971499615,14.580340301217706,3.4690151984582682,3.6502574917874817
928.9238565142018,14.695659379599457,14.695659379599457,14.792493894557625,14.582607565249935,2.9690151984582682,3.289614179379728
929.1238831844246,14.691509325824754,14.691509325824754,14.774702303548443,14.59231730736567,2.4690151984582682,3.789614179379728
929.3239098546472,14.68733270085444,14.68733270085444,14.749054932251829,14.595853499264662,1.9690151984582682,3.289614179379728
929.5239365248699,14.68312954592111,14.68312954592111,14.728610305761435,14.590024952537405,2.4690151984582682,2.789614179379728
929.7239631950927,14.678899902519266,14.678899902519266,14.705292121363815,14.589691431439789,2.0941236345166367,3.0912299997678394
929.9239898653153,14.674643812404923,14.674643812404923,14.677403453178368,14.582713345242547,1.775281079693512,2.5912299997678394
930.124016535538,14.670361317595171,14.670361317595171,14.659646892026219,14.581645058245332,2.275281079693512,3.0912299997678394
930.3240432057607,14.666052460367776,14.666052460367776,14.643869087213558,14.586637288039267,2.6550774887303596,3.5912299997678394
930.5240698759834,14.661717283260767,14.661717283260767,14.623677378312408,14.594411810088632,2.35704067097782,4.091229999767839
930.7240965462062,14.657355829072003,14.657355829072003,14.602068483412475,14.60002679650566,1.85704067097782,3.5912299997678394
930.9241232164288,14.652968140858757,14.652968140858757,14.581424406179652,14.60033754334446,2.345632594336382,3.0912299997678394
931.1241498866515,14.648554261937289,14.648554261937289,14.576503103928221,14.607093181695324,2.832905878440571,3.5912299997678394
931.3241765568742,14.644114235882421,14.644114235882421,14.575396193751567,14.62178086831636,3.332905878440571,4.091229999767839
931.5242032270969,14.639648106527108,14.639648106527108,14.564955493137955,14.625012097440461,2.832905878440571,3.5912299997678394
931.7242298973196,14.635155917962,14.635155917962,14.558114652964976,14.636143033807764,2.8959294314576356,4.091229999767839
931.9242565675423,14.630637714535006,14.630637714535006,14.545212967675761,14.6402150906207,2.3959294314576356,3.5912299997678394
932.124283237765,14.626093540850869,14.626093540850869,14.530288109348085,14.639698529929563,2.58451143171815,3.0912299997678394
932.3243099079876,14.621523441770709,14.621523441770709,14.526163634793363,14.64256010079814,3.08451143171815,3.5130553702623937
932.5243365782104,14.616927462411585,14.616927462411585,14.525567677808393,14.64137372088196,3.171071414412526,3.0130553702623937
932.7243632484331,14.612305648146062,14.612305648146062,14.513958234578372,14.633552795582808,2.671071414412526,2.5130553702623937
932.9243899186558,14.607658044601743,14.607658044601743,14.512088082947612,14.619671796065466,3.171071414412526,2.0130553702623937
933.1244165888785,14.60298469766084,14.60298469766084,14.515898082968386,14.601392687210662,3.671071414412526,1.5130553702623937
933.3244432591011,14.598285653459698,14.598285653459698,14.516484531549176,14.576095439316322,3.171071414412526,1.0130553702623937
933.5244699293239,14.593560958388348,14.593560958388348,14.510211076278019,14.556596834038695,2.671071414412526,1.5130553702623937
933.7244965995466,14.588810659090075,14.588810659090075,14.508539009310768,14.534965377187968,3.171071414412526,1.5429217108661109
933.9245232697692,14.584034802460916,14.584034802460916,14.507113004447769,14.520596714269479,3.259092450717641,2.0036874014271233
934.124549939992,14.579233435649213,14.579233435649213,14.493400916155165,14.511421123041057,2.759092450717641,2.5036874014271233
934.3245766102146,14.574406606055165,14.574406606055165,14.46969255403387,14.502975069661646,2.259092450717641,2.5830554182832453
934.5246032804373,14.569554361330333,14.569554361330333,14.459110937351218,14.50055011948581,2.759092450717641,3.0830554182832453
934.7246299506601,14.564676749377188,14.564676749377188,14.439180206133,14.498195684580208,2.259092450717641,2.873272377894314
934.9246566208827,14.559773818348631,14.559773818348631,14.427733946741935,14.488006914974882,2.759092450717641,2.373272377894314
935.1246832911055,14.554845616647517,14.554845616647517,14.424721974007092,14.472215541169758,3.259092450717641,1.8732723778943141
935.3247099613282,14.549892192926183,14.549892192926183,14.419433348298325,14.462202732234832,2.759092450717641,2.373272377894314
935.5247366315508,14.54491359608596,14.54491359608596,14.418633138663134,14.459786963763387,3.259092450717641,2.873272377894314
935.7247633017736,14.539909875276692,14.539909875276692,14.422422319150002,14.449351479100068,3.759092450717641,2.373272377894314
935.9247899719962,14.534881079896259,14.534881079896259,14.420152616726794,14.433546920942044,3.259092450717641,1.8732723778943141
936.1248166422189,14.529827259590077,14.529827259590077,14.42506633435966,14.410059363089859,3.759092450717641,1.3732723778943141
936.3248433124417,14.524748464250614,14.524748464250614,14.440777702282157,14.39434199000782,4.259092450717641,1.8732723778943141
936.5248699826643,14.5196447440169,14.5196447440169,14.457705676044522,14.372618398562642,4.222434586428766,1.5739959678577549
936.724896652887,14.514516149274032,14.514516149274032,14.47075344441583,14.35842316551503,4.285083962055762,2.073995967857755
936.9249233231097,14.509362730652665,14.509362730652665,14.47566691229813,14.352871719305707,3.7850839620557624,2.573995967857755
937.1249499933324,14.504184539028532,14.504184539028532,14.473626422190828,14.351351482816849,3.2850839620557624,3.073995967857755
937.324976663555,14.498981625521925,14.498981625521925,14.462780644839716,14.350057767611254,2.7850839620557624,3.1329629564158465
937.5250033337778,14.493754041497187,14.493754041497187,14.445484604743235,14.352293137750614,2.2850839620557624,3.6329629564158465
937.7250300040005,14.488501838562232,14.488501838562232,14.418838462518055,14.364129498074137,1.7850839620557624,4.132962956415847
937.9250566742232,14.483225068568004,14.483225068568004,14.388552983846314,14.37005323826748,1.2850839620557624,3.632962956415847
938.1250833444459,14.477923783607984,14.477923783607984,14.359719893052453,14.371448408021125,1.7850839620557624,3.132962956415847
938.3251100146686,14.472598036017674,14.472598036017674,14.342671870881482,14.376946615157296,2.2850839620557624,3.632962956415847
938.5251366848913,14.467247878374064,14.467247878374064,14.32828564037671,14.390987171275576,2.7850839620557624,4.132962956415847
938.725163355114,14.461873363495142,14.461873363495142,14.32567516931529,14.397320765770127,3.2850839620557624,3.632962956415847
938.9251900253366,14.456474544439345,14.456474544439345,14.309938524983737,14.405121070155435,2.7850839620557624,3.716065310680474
939.1252166955594,14.451051474505045,14.451051474505045,14.30820010344492,14.406523366341673,3.2850839620557624,3.216065310680474
939.3252433657821,14.445604207230035,14.445604207230035,14.309832483420587,14.410657333606265,3.4874807136501915,3.716065310680474
939.5252700360047,14.440132796390978,14.440132796390978,14.303845084997524,14.416528213791368,2.9874807136501915,3.676943959168117
939.7252967062275,14.434637296002895,14.434637296002895,14.3111025425942,14.416099935378773,3.4874807136501915,3.176943959168117
939.9253233764501,14.42911776031863,14.42911776031863,14.30840178647684,14.419453157212189,2.9874807136501915,3.676943959168117
940.1253500466729,14.423574243828288,14.423574243828288,14.293345851770576,14.4213930354704,2.4874807136501915,3.177335608278795
940.3253767168956,14.418006801258745,14.418006801258745,14.285176892865248,14.425068682825867,2.9874807136501915,3.677335608278795
940.5254033871182,14.412415487573059,14.412415487573059,14.28046941720846,14.439884299770483,3.4874807136501915,4.177335608278796
940.725430057341,14.406800357969956,14.406800357969956,14.28901532125446,14.445198209878917,3.9874807136501915,3.6773356082787956
940.9254567275636,14.401161467883288,14.401161467883288,14.309172207562428,14.444193516639587,4.356824738159069,3.1773356082787956
941.1254833977863,14.395498872981461,14.395498872981461,14.313091237027873,14.43625534871686,3.8568247381590686,2.6773356082787956
941.3255100680091,14.389812629166906,14.389812629166906,14.312096847182916,14.430974366166218,3.3568247381590686,2.912894882069528
941.5255367382317,14.38410279257553,14.38410279257553,14.303087871061264,14.425180768939807,3.110785009233693,2.412894882069528
941.7255634084544,14.378369419576138,14.378369419576138,14.304168266414065,14.409859019904935,3.2343695319666335,1.9128948820695282
941.9255900786771,14.372612566769899,14.372612566769899,14.291658726535907,14.388194416737969,2.7343695319666335,1.4128948820695282
942.1256167488998,14.366832290989787,14.366832290989787,14.28540092274941,14.366156930311355,2.9695007493489793,1.6293155161454043
942.3256434191225,14.361028649300005,14.361028649300005,14.26512357346466,14.341995890698616,2.5738181964013425,1.1718755816902426
942.5256700893452,14.355201698995423,14.355201698995423,14.246514554950389,14.319755940713348,2.0738181964013425,1.6718755816902426
942.7256967595679,14.349351497601036,14.349351497601036,14.230620778173078,14.295530909645402,2.5496379288731927,1.1718755816902426
942.9257234297907,14.343478102871366,14.343478102871366,14.215451025747413,14.275078205352518,2.5937855039202944,1.6718755816902426
943.1257501000133,14.337581572789915,14.337581572789915,14.210033550273968,14.256133021562595,3.0937855039202944,1.7960756276223044
943.325776770236,14.33166196556857,14.33166196556857,14.216385952865952,14.242896502519281,3.5937855039202944,2.2296832229069743
943.5258034404587,14.325719339647046,14.325719339647046,14.21620267802958,14.236625630546623,3.331458168346937,2.7296832229069743
943.7258301106814,14.31975375369231,14.31975375369231,14.217326881582537,14.23885862238662,3.594835826560631,3.2215562882096274
943.925856780904,14.313765266597992,14.313765266597992,14.211414680548657,14.24376764361996,3.094835826560631,3.7215562882096274
944.1258834511268,14.307753937483799,14.307753937483799,14.216390824364636,14.241981683202908,3.5694352615862512,3.2215562882096274
944.3259101213495,14.301719825694954,14.301719825694954,14.210994198399646,14.241059567801384,3.0694352615862512,2.971094580448013
944.5259367915721,14.295662990801587,14.295662990801587,14.214892958278565,14.24519467155361,3.537692920748655,3.471094580448013
944.7259634617949,14.289583492598151,14.289583492598151,14.22626906947715,14.241712672921588,4.037692920748655,2.971094580448013
944.9259901320175,14.283481391102852,14.283481391102852,14.22704634814922,14.23214570586481,3.537692920748655,2.471094580448013
945.1260168022403,14.277356746557022,14.277356746557022,14.223604430797165,14.222085145755633,3.174965538725005,2.7295295610234747
945.326043472463,14.271209619424562,14.271209619424562,14.215674003474133,14.209131587589203,2.7971638393250897,2.2295295610234747
945.5260701426856,14.265040070391311,14.265040070391311,14.209245551998276,14.191313242720637,2.6988098051541867,1.7295295610234747
945.7260968129084,14.258848160364469,14.258848160364469,14.185153233778655,14.170702553202279,2.1988098051541867,1.2740611819765497
945.926123483131,14.25263395047199,14.25263395047199,14.169843409502056,14.151615819756522,2.6988098051541867,1.7740611819765497
946.1261501533537,14.246397502061974,14.246397502061974,14.151033240379231,14.140195732516691,2.1988098051541867,2.27406118197655
946.3261768235765,14.240138876702066,14.240138876702066,14.14016035756753,14.124533998293476,2.6988098051541867,1.77406118197655
946.5262034937991,14.233858136178846,14.233858136178846,14.136792166565197,14.110114270311765,3.1988098051541867,2.27406118197655
946.7262301640218,14.227555342497224,14.227555342497224,14.135292514243437,14.092040046889833,3.3029880955228306,1.77406118197655
946.9262568342446,14.221230557879814,14.221230557879814,14.141057420830359,14.08054167896402,3.8029880955228306,2.27406118197655
947.1262835044672,14.214883844766344,14.214883844766344,14.135826571161136,14.07466730891312,3.3029880955228306,2.660841136919818
947.3263101746899,14.208515265813014,14.208515265813014,14.131725394360952,14.075879675416545,3.277301152173804,3.160841136919818
947.5263368449126,14.202124883891889,14.202124883891889,14.120755598790966,14.083214883764134,2.777301152173804,3.660841136919818
947.7263635151353,14.195712762090286,14.195712762090286,14.100647508107716,14.082559030068442,2.277301152173804,3.160841136919818
947.9263901853581,14.189278963710132,14.189278963710132,14.09048674675431,14.074399787882845,2.777301152173804,2.660841136919818
948.1264168555807,14.182823552267363,14.182823552267363,14.084605384348002,14.059597832295612,3.277301152173804,2.160841136919818
948.3264435258034,14.176346591491274,14.176346591491274,14.074387939995344,14.042933700050645,2.777301152173804,1.6608411369198182
948.5264701960261,14.169848145323895,14.169848145323895,14.067214491226364,14.015573015203113,3.277301152173804,1.1608411369198182
948.7264968662488,14.163328277919389,14.163328277919389,14.070867942870784,13.995975561040092,3.777301152173804,1.6608411369198182
948.9265235364714,14.156787053643368,14.156787053643368,14.067271058854438,13.985586917528575,3.277301152173804,2.160841136919818
949.1265502066942,14.150224537072292,14.150224537072292,14.05730792192538,13.976936066539379,2.777301152173804,2.660841136919818
949.3265768769169,14.143640792992834,14.143640792992834,14.046936009025554,13.977731818295931,2.8687891200235933,3.160841136919818
949.5266035471395,14.137035886401215,14.137035886401215,14.03150967932159,13.983083695517749,2.3687891200235933,3.660841136919818
949.7266302173623,14.13040988250258,14.13040988250258,14.025093593857171,13.995816526160517,2.8687891200235933,4.160841136919818
949.926656887585,14.123762846710365,14.123762846710365,14.014115252107192,14.0141996929958,2.642677785053425,4.660841136919818
950.1266835578077,14.117094844645617,14.117094844645617,13.992518982789369,14.04210095984219,2.303743472992075,5.160841136919818
950.3267102280304,14.110405942136387,14.110405942136387,13.975299588009827,14.060447861922576,2.2175626160390527,4.660841136919818
950.526736898253,14.103696205217046,14.103696205217046,13.955290484224637,14.070238721830508,2.2432045855795257,4.160841136919818
950.7267635684758,14.096965700127647,14.096965700127647,13.945368455080576,14.075719185456103,2.7432045855795257,3.660841136919818
950.9267902386985,14.090214493313283,14.090214493313283,13.942287415697642,14.08878010135048,3.2432045855795257,4.160841136919818
951.1268169089211,14.08344265142341,14.08344265142341,13.947493347072102,14.09802297915305,3.7432045855795257,3.660841136919818
951.3268435791439,14.076650241311192,14.076650241311192,13.945959533474458,14.098821019373657,3.2432045855795257,3.160841136919818
951.5268702493665,14.069837330032861,14.069837330032861,13.945898289488674,14.092291066512244,3.461997624858777,2.660841136919818
951.7268969195892,14.063003984847041,14.063003984847041,13.955781733827372,14.082941837793145,3.961997624858777,2.160841136919818
951.926923589812,14.056150273214069,14.056150273214069,13.972642505826736,14.077655998721285,4.4619976248587765,2.660841136919818
952.1269502600346,14.049276262795361,14.049276262795361,13.983597454600938,14.077897126223831,3.9619976248587765,3.160841136919818
952.3269769302573,14.042382021452717,14.042382021452717,13.983542979438935,14.070663572218526,3.4619976248587765,2.660841136919818
952.52700360048,14.035467617247658,14.035467617247658,13.9932589739122,14.058319936375987,3.9619976248587765,2.160841136919818
952.7270302707027,14.028533118440777,14.028533118440777,13.995757720023823,14.039263124299524,3.4619976248587765,1.6608411369198182
952.9270569409255,14.021578593491018,14.021578593491018,13.987794330582112,14.022066774270774,2.9619976248587765,1.6087900717849088
953.1270836111481,14.014604111055052,14.014604111055052,13.987052233611735,13.999547874391574,3.4619976248587765,1.1087900717849088
953.3271102813708,14.007609739986563,14.007609739986563,13.982910068372174,13.966500911780669,2.9619976248587765,0.6306258007936771
953.5271369515935,14.000595549335575,14.000595549335575,13.966911110546315,13.941917773622444,2.4619976248587765,1.1306258007936771
953.7271636218162,13.99356160834779,13.99356160834779,13.940056630624227,13.921821684297587,1.9619976248587765,1.6306258007936771
953.9271902920389,13.98650798646388,13.98650798646388,13.922604842252767,13.8949255877575,2.2693397971137075,1.1306258007936771
954.1272169622616,13.97943475331881,13.97943475331881,13.915209651718287,13.875751400798485,2.7693397971137075,1.6306258007936771
954.3272436324843,13.97234197874116,13.97234197874116,13.913313527326586,13.860304926843535,3.2693397971137075,2.130625800793677
954.5272703027069,13.965229732752416,13.965229732752416,13.914176265266498,13.854033111177225,3.6020656647804303,2.630625800793677
954.7272969729297,13.958098085566304,13.958098085566304,13.920553735774037,13.84155023175509,4.10206566478043,2.130625800793677
954.9273236431524,13.950947107588076,13.950947107588076,13.92428399611075,13.834269380066013,3.6020656647804303,2.630625800793677
955.1273503133751,13.943776869413815,13.943776869413815,13.915116451217273,13.833412507773245,3.1020656647804303,3.130625800793677
955.3273769835978,13.936587441829763,13.936587441829763,13.89875820445998,13.828455862061658,2.6020656647804303,2.630625800793677
955.5274036538204,13.929378895811587,13.929378895811587,13.896532995112786,13.818639640997882,3.1020656647804303,2.130625800793677
955.7274303240432,13.922151302523696,13.922151302523696,13.880885296151762,13.79871727810515,2.6020656647804303,1.630625800793677
955.9274569942659,13.914904733318554,13.914904733318554,13.85757465204859,13.78067166328715,2.1020656647804303,1.6860934066917628
956.1274836644885,13.907639259735948,13.907639259735948,13.841117594434087,13.755723761990216,2.6020656647804303,1.1860934066917628
956.3275103347113,13.900354953502285,13.900354953502285,13.816233073353558,13.740712123478712,2.1020656647804303,1.6689710486920792
956.527537004934,13.893051886529916,13.893051886529916,13.800394941922029,13.726713382835511,2.6020656647804303,2.1689710486920792
956.7275636751566,13.885730130916379,13.885730130916379,13.776262116900698,13.710784234742277,2.1020656647804303,1.6689710486920792
956.9275903453794,13.87838975894372,13.87838975894372,13.759988166777301,13.70291123929685,2.6020656647804303,2.1689710486920792
957.127617015602,13.871030843077778,13.871030843077778,13.751623664125365,13.68551636509841,3.1020656647804303,1.6689710486920792
957.3276436858247,13.863653455967444,13.863653455967444,13.755682480763408,13.676747299981905,3.6020656647804303,2.1689710486920792
957.5276703560475,13.85625767044397,13.85625767044397,13.751172114648027,13.675147051447288,3.1020656647804303,2.6689710486920792
957.7276970262701,13.848843559520253,13.848843559520253,13.735062793554274,13.669285783028343,2.6020656647804303,2.695773350819401
957.9277236964929,13.84141119639008,13.84141119639008,13.731269061381909,13.670129431063218,3.1020656647804303,3.195773350819401
958.1277503667155,13.83396065442745,13.83396065442745,13.713144061303423,13.677055602153125,2.6020656647804303,3.695773350819401
958.3277770369382,13.826492007185813,13.826492007185813,13.71027861668423,13.67783129919231,3.1020656647804303,3.195773350819401
958.527803707161,13.819005328397358,13.819005328397358,13.701954726809765,13.683711092959241,2.6662553269533933,3.695773350819401
958.7278303773836,13.811500691972297,13.811500691972297,13.677784473985572,13.696773981958504,2.1662553269533933,4.195773350819401
958.9278570476063,13.803978171998114,13.803978171998114,13.66426594359241,13.702828289066527,2.6662553269533933,3.695773350819401
959.127883717829,13.796437842738843,13.796437842738843,13.645008358750802,13.70950612618793,2.1662553269533933,3.523599938770745
959.3279103880517,13.788879778634348,13.788879778634348,13.629828766236244,13.708092906879386,2.6662553269533933,3.023599938770745
959.5279370582743,13.781304054299559,13.781304054299559,13.629012504605786,13.697174514041052,3.1662553269533933,2.523599938770745
959.7279637284971,13.773710744523758,13.773710744523758,13.616859636025525,13.694822472297224,2.750315200120615,3.023599938770745
959.9279903987198,13.766099924269842,13.766099924269842,13.616425152892294,13.687378557364754,3.250315200120615,2.523599938770745
960.1280170689425,13.758471668673563,13.758471668673563,13.619909413231964,13.682712911512981,3.750315200120615,2.912035794312824
960.3280437391652,13.750826053042811,13.750826053042811,13.629094708021073,13.675440084400318,3.9533104326141326,2.4184578193215773
960.5280704093879,13.743163152856845,13.743163152856845,13.63532692023453,13.659243058249285,3.7178873066416784,1.9184578193215773
960.7280970796106,13.735483043765573,13.735483043765573,13.627339096476426,13.640505025761836,3.2178873066416784,1.4817692124403894
960.9281237498333,13.72778580158879,13.72778580158879,13.627983170665162,13.613786322788231,3.7178873066416784,0.9817692124403894
961.1281504200559,13.72007150231543,13.72007150231543,13.644618355747363,13.594181445365418,4.217887306641678,1.4817692124403894
961.3281770902787,13.712340222102814,13.712340222102814,13.645727291878107,13.571453181718404,3.7178873066416784,1.0677454345119701
961.5282037605014,13.704592037275916,13.704592037275916,13.64050347701054,13.557753549876802,3.2178873066416784,1.5677454345119701
961.728230430724,13.696827024326584,13.696827024326584,13.639235427548538,13.54542346215061,3.7178873066416784,2.06774543451197
961.9282571009468,13.6890452599128,13.6890452599128,13.639712623576704,13.540834101458007,3.2178873066416784,2.56774543451197
962.1282837711694,13.68124682085793,13.68124682085793,13.636017776496354,13.53385364217056,3.3187672436160573,2.4969616902689884
962.3283104413921,13.673431784149942,13.673431784149942,13.62467521887933,13.534009833704152,2.8187672436160573,2.9969616902689884
962.5283371116149,13.665600226940663,13.665600226940663,13.614795611912939,13.541128288769247,2.7892977875592666,3.4969616902689884
962.7283637818375,13.657752226545025,13.657752226545025,13.601699524846037,13.538260534473691,2.5296973916740852,2.9969616902689884
962.9283904520603,13.649887860440272,13.649887860440272,13.576780031047663,13.534181546267735,2.0296973916740852,2.4969616902689884
963.1284171222829,13.642007206265236,13.642007206265236,13.555019478353126,13.534066880378749,2.1585024583000747,2.9969616902689884
963.3284437925056,13.634110341819529,13.634110341819529,13.524118012804578,13.54129696960613,1.6585024583000747,3.4969616902689884
963.5284704627284,13.626197345062803,13.626197345062803,13.49997543313844,13.537464612550464,2.1585024583000747,2.9969616902689884
963.728497132951,13.618268294113982,13.618268294113982,13.48789885315949,13.533116653574806,2.6585024583000747,2.4969616902689884
963.9285238031737,13.610323267250461,13.610323267250461,13.48002736118367,13.534054208684397,2.7751937038016337,2.9969616902689884
964.1285504733964,13.602362342907362,13.602362342907362,13.475928260333282,13.522488687435244,3.2751937038016337,2.4969616902689884
964.3285771436191,13.594385599676755,13.594385599676755,13.469677455315278,13.5214346564697,2.7751937038016337,2.9969616902689884
964.5286038138418,13.586393116306875,13.586393116306875,13.4694978272451,13.518329388258884,3.2751937038016337,2.8100231178504655
964.7286304840645,13.578384971701334,13.578384971701334,13.465365315341417,13.508908308575043,3.1275681182823925,2.3100231178504655
964.9286571542872,13.57036124491838,13.57036124491838,13.468876323629845,13.498072294257243,3.6275681182823925,2.085693681546765
965.12868382451,13.562322015170071,13.562322015170071,13.466905846843288,13.491827356626947,3.1275681182823925,2.585693681546765
965.3287104947326,13.55426736182153,13.55426736182153,13.471964363240609,13.477085183811079,3.6275681182823925,2.085693681546765
965.5287371649553,13.546197364390132,13.546197364390132,13.476318928157294,13.471737456181126,3.774779968000837,2.585693681546765
965.728763835178,13.53811210254473,13.53811210254473,13.488777201244709,13.465176874572725,4.021088851120463,2.5076887919957196
965.9287905054007,13.530011656104891,13.530011656104891,13.491645815139123,13.46693627641998,3.5210888511204628,3.0076887919957196
966.1288171756233,13.521896105040069,13.521896105040069,13.501817329828343,13.464662726513847,4.021088851120463,2.5076887919957196
966.3288438458461,13.513765529468829,13.513765529468829,13.509062522745825,13.463272006325491,3.5210888511204628,3.0076887919957196
966.5288705160688,13.505620009658095,13.505620009658095,13.50206797683691,13.460603871911463,3.0210888511204628,2.8191661672334023
966.7288971862914,13.497459626022287,13.497459626022287,13.491714827610139,13.464280454569247,2.5210888511204628,3.215868386892834
966.9289238565142,13.48928445912258,13.48928445912258,13.46791497809169,13.45981865987199,2.0210888511204628,2.715868386892834
967.1289505267368,13.481094589666096,13.481094589666096,13.437033686725673,13.448917939013857,1.5961303790585752,2.215868386892834
967.3289771969595,13.472890098505095,13.472890098505095,13.40392220468995,13.430663906050535,1.2922718931332595,1.7158683868928342
967.5290038671823,13.464671066636187,13.464671066636187,13.357399762420984,13.407139964979184,0.7922718931332595,1.2158683868928342
967.7290305374049,13.456437575199544,13.456437575199544,13.324978924991532,13.38070232508162,1.2922718931332595,0.7158683868928342
967.9290572076277,13.448189705478065,13.448189705478065,13.299663494791321,13.357481165936743,1.7922718931332595,1.2158683868928342
968.1290838778503,13.439927538896617,13.439927538896617,13.28198095229006,13.338426415993135,2.2922718931332593,1.7158683868928342
968.329110548073,13.431651157021195,13.431651157021195,13.270238454245536,13.318609775869053,2.7922718931332593,1.6316928817839824
968.5291372182958,13.423360641558125,13.423360641558125,13.267545763326245,13.296435084217734,3.2922718931332593,1.1316928817839824
968.7291638885184,13.415056074353284,13.415056074353284,13.266491756485266,13.266797147796503,3.433287391206476,0.6316928817839824
968.9291905587411,13.406737537391253,13.406737537391253,13.267755817363902,13.242872763276331,3.696604806528493,1.1316928817839824
969.1292172289639,13.398405112794526,13.398405112794526,13.265649508969066,13.223955415642012,3.196604806528493,1.6316928817839824
969.3292438991865,13.39005888282271,13.39005888282271,13.253883475790143,13.209150058207292,2.696604806528493,1.7293941651568963
969.5292705694092,13.381698929871702,13.381698929871702,13.236717220021594,13.198795452875979,2.4513029635900625,2.2293941651568963
969.7292972396319,13.373325336472858,13.373325336472858,13.229043786832568,13.192623232701179,2.9513029635900625,2.356174393337392
969.9293239098546,13.364938185292218,13.364938185292218,13.210787879764583,13.188453122109706,2.4513029635900625,2.856174393337392
970.1293505800774,13.356537559129645,13.356537559129645,13.202702515761764,13.192593977549146,2.9513029635900625,3.356174393337392
970.3293772503,13.348123540918053,13.348123540918053,13.203761972766879,13.202693126223785,3.4513029635900625,3.7463956756669363
970.5294039205227,13.339696213722547,13.339696213722547,13.192721470128424,13.203789867522222,2.9513029635900625,3.2463956756669363
970.7294305907454,13.331255660739627,13.331255660739627,13.186515200158038,13.203930538279081,3.2153954351043943,2.7463956756669363
970.9294572609681,13.322801965296371,13.322801965296371,13.193219481401572,13.191171255689106,3.7153954351043943,2.2463956756669363
971.1294839311907,13.314335210849588,13.314335210849588,13.202977451448817,13.189897622130998,3.5715575008108953,2.7411393687567274
971.3295106014135,13.30585548098501,13.30585548098501,13.195861994647341,13.194109199115974,3.0715575008108953,3.2411393687567274
971.5295372716362,13.297362859416477,13.297362859416477,13.197817637559524,13.188944987632572,3.5715575008108953,2.7411393687567274
971.7295639418588,13.28885742998509,13.28885742998509,13.212290626358934,13.194925130094708,4.071557500810895,3.2411393687567274
971.9295906120816,13.280339276658388,13.280339276658388,13.217279029855105,13.190419072311453,3.5715575008108953,2.7411393687567274
972.1296172823043,13.271808483529536,13.271808483529536,13.213921546326093,13.19025984457977,3.0715575008108953,3.2411393687567274
972.3296439525269,13.263265134816468,13.263265134816468,13.199071171534815,13.187919003930046,2.5715575008108953,2.7411393687567274
972.5296706227497,13.25470931486108,13.25470931486108,13.191838089874185,13.179115112151697,3.0715575008108953,2.2411393687567274
972.7296972929723,13.246141108128388,13.246141108128388,13.198387327634007,13.176352286299402,3.5715575008108953,2.7411393687567274
972.9297239631951,13.237560599205677,13.237560599205677,13.191725200237848,13.166620183825284,3.0715575008108953,2.2411393687567274
973.1297506334178,13.228967872801707,13.228967872801707,13.182629805640927,13.149866849824443,2.5715575008108953,1.7411393687567274
973.3297773036404,13.220363013745832,13.220363013745832,13.176491323063475,13.13317908746047,2.881390272257053,1.7679896094743182
973.5298039738632,13.211746106987182,13.211746106987182,13.165956218169804,13.113917996132843,2.381390272257053,1.2679896094743182
973.7298306440858,13.20311723759384,13.20311723759384,13.137531954764995,13.099872629027637,1.881390272257053,1.7679896094743182
973.9298573143085,13.194476490751978,13.194476490751978,13.103337516138188,13.080679281713051,1.381390272257053,1.80464382791012
974.1298839845313,13.185823951765016,13.185823951765016,13.078339216695626,13.07069624183506,1.881390272257053,2.30464382791012
974.3299106547539,13.177159706052809,13.177159706052809,13.060479303506822,13.058638549250102,2.381390272257053,1.80464382791012
974.5299373249766,13.168483839150767,13.168483839150767,13.049813446090521,13.049566593833015,2.881390272257053,2.30464382791012
974.7299639951993,13.159796436709028,13.159796436709028,13.035867842003361,13.041685402667563,2.381390272257053,2.80464382791012
974.929990665422,13.151097584491625,13.151097584491625,13.025401366595085,13.031708929503612,2.881390272257053,2.30464382791012
975.1300173356448,13.142387368375605,13.142387368375605,13.011566807272347,13.01419081907205,2.381390272257053,1.80464382791012
975.3300440058674,13.133665874350221,13.133665874350221,12.994300717624705,13.002487884247286,2.5279470326467273,1.9295271948799693
975.5300706760901,13.124933188516062,13.124933188516062,12.99005710370441,12.981398295223551,3.0279470326467273,1.4295271948799693
975.7300973463128,13.116189397084186,13.116189397084186,12.993944042991998,12.967694944069077,3.5279470326467273,1.9295271948799693
975.9301240165355,13.107434586375316,13.107434586375316,12.99149277366685,12.9585878953669,3.0295268627463114,2.4295271948799693
976.1301506867582,13.098668842818938,13.098668842818938,12.99624911330921,12.94439533974062,3.5295268627463114,1.9295271948799693
976.3301773569809,13.089892252952472,13.089892252952472,12.991081505391271,12.939796621708743,3.0295268627463114,2.4295271948799693
976.5302040272036,13.081104903420432,13.081104903420432,12.978241942424388,12.935865500353852,2.5295268627463114,2.6782368161475114
976.7302306974262,13.072306880973535,13.072306880973535,12.973663716846314,12.93728618062532,3.0295268627463114,3.1782368161475114
976.930257367649,13.06349827246787,13.06349827246787,12.957997049503618,12.946911365523738,2.5295268627463114,3.6782368161475114
977.1302840378717,13.054679164864039,13.054679164864039,12.937593424459434,12.951278339903778,2.1768160868041546,3.1782368161475114
977.3303107080943,13.045849645226289,13.045849645226289,12.90715571905677,12.948774295714943,1.6768160868041546,2.6782368161475114
977.5303373783171,13.037009800721648,13.037009800721648,12.88659768447102,12.939605648173265,2.1768160868041546,2.1782368161475114
977.7303640485397,13.028159718619097,13.028159718619097,12.861969968003994,12.93338067943759,2.029864204918928,2.249950773708444
977.9303907187625,13.019299486288658,13.019299486288658,12.848547709920506,12.924751890662064,2.529864204918928,2.273997547617918
978.1304173889852,13.010429191200581,13.010429191200581,12.844808043856458,12.916993156672964,3.029864204918928,2.495459157898727
978.3304440592078,13.001548920924437,13.001548920924437,12.850894613649968,12.903606737338785,3.529864204918928,1.9954591578987269
978.5304707294306,12.992658763128292,12.992658763128292,12.85613198206659,12.895295837593185,3.619422882508883,2.4702589758438087
978.7304973996532,12.983758805577821,12.983758805577821,12.866029496033986,12.895069575187694,3.9503255745147325,2.9590489608098864
978.9305240698759,12.974849136135434,12.974849136135434,12.867892447687554,12.888773954976982,3.4503255745147325,2.4590489608098864
979.1305507400987,12.965929842759424,12.965929842759424,12.876586712699968,12.884425666217659,3.7787551611573695,2.9590489608098864
979.3305774103213,12.9570010135031,12.9570010135031,12.874865354436169,12.889308966212747,3.2787551611573695,3.4590489608098864
979.530604080544,12.948062736513908,12.948062736513908,12.859985834989166,12.885589589962214,2.7787551611573695,2.9590489608098864
979.7306307507667,12.93911510003255,12.93911510003255,12.85230958766899,12.876298043478762,2.9662556268513116,2.4590489608098864
979.9306574209894,12.930158192392156,12.930158192392156,12.849198899016104,12.862185762775956,3.3138487516385022,1.9590489608098864
980.1306840912122,12.921192102017354,12.921192102017354,12.841409806622853,12.84496143123243,2.8138487516385022,1.4590489608098864
980.3307107614348,12.912216917423448,12.912216917423448,12.82116219942498,12.821907907198266,2.3138487516385022,0.9590489608098864
980.5307374316575,12.90323272721551,12.90323272721551,12.810794970920185,12.796564354482406,2.5835096514743743,0.7809325349954334
980.7307641018803,12.894239620087514,12.894239620087514,12.793463003777314,12.771294399154824,2.8369215953295406,1.2809325349954332
980.9307907721029,12.885237684821481,12.885237684821481,12.772169303553838,12.75449107879113,2.3369215953295406,1.7809325349954332
981.1308174423256,12.876227010286568,12.876227010286568,12.761354324865778,12.7341221106208,2.8369215953295406,1.2809325349954332
981.3308441125483,12.867207685438208,12.867207685438208,12.758846549706508,12.718566261635846,2.983056885979548,1.7809325349954332
981.530870782771,12.858179799317256,12.858179799317256,12.767554386459372,12.706661608473516,3.483056885979548,2.2809325349954332
981.7308974529936,12.849143441049058,12.849143441049058,12.766904641951811,12.702329679247358,3.169798098294296,2.7809325349954332
981.9309241232164,12.840098699842606,12.840098699842606,12.753913050398102,12.707257034607592,2.669798098294296,3.2114566814743717
982.1309507934391,12.831045664989663,12.831045664989663,12.734753118089142,12.706078196022435,2.169798098294296,2.7114566814743717
982.3309774636617,12.821984425863857,12.821984425863857,12.719707747718338,12.698105936059381,2.669798098294296,2.2114566814743717
982.5310041338845,12.812915071919804,12.812915071919804,12.713505552022799,12.693572140040931,3.169798098294296,2.7114566814743717
982.7310308041071,12.803837692692252,12.803837692692252,12.700484216364993,12.698419130975084,2.669798098294296,3.2114566814743717
982.9310574743299,12.794752377795154,12.794752377795154,12.678551330460127,12.704735580897001,2.169798098294296,3.2655104458769806
983.1310841445526,12.785659216920829,12.785659216920829,12.654320049667641,12.70215839406593,1.899670523486941,2.7655104458769806
983.3311108147752,12.776558299839033,12.776558299839033,12.636827358320378,12.692195383433937,2.3996705234869413,2.2655104458769806
983.531137484998,12.767449716396097,12.767449716396097,12.62553821916231,12.681031774192583,2.5074977778523264,1.7655104458769806
983.7311641552207,12.75833355651405,12.75833355651405,12.621022081281346,12.658040521510964,3.0074977778523264,1.2655104458769806
983.9311908254433,12.749209910189702,12.749209910189702,12.605079731363466,12.640934604474175,2.5074977778523264,1.7655104458769806
984.1312174956661,12.740078867493771,12.740078867493771,12.59786312813954,12.632503925386784,3.0074977778523264,2.2655104458769806
984.3312441658887,12.730940518570003,12.730940518570003,12.58538816115281,12.618773960469257,2.5074977778523264,2.0717759142398022
984.5312708361114,12.721794953634276,12.721794953634276,12.572189841747587,12.599143654913656,2.4404525342421723,1.5717759142398022
984.7312975063342,12.712642262973686,12.712642262973686,12.56603579874383,12.574323813092896,2.9404525342421723,1.0717759142398022
984.9313241765568,12.7034825369457,12.7034825369457,12.56820095250874,12.556185796540728,3.4404525342421723,1.5717759142398022
985.1313508467796,12.694315865977217,12.694315865977217,12.577764352186696,12.54087827940556,3.9404525342421723,1.6854389739353204
985.3313775170022,12.68514234056372,12.68514234056372,12.575961982643399,12.526848546891955,3.4404525342421723,2.1854389739353204
985.5314041872249,12.675962051268344,12.675962051268344,12.572099628992442,12.515874605791629,2.9404525342421723,1.6854389739353204
985.7314308574477,12.666775088721002,12.666775088721002,12.56947791525651,12.505098800707724,3.4404525342421723,2.1854389739353204
985.9314575276703,12.657581543617496,12.657581543617496,12.570458349125905,12.502005562989604,3.7103374636823725,2.6854389739353204
986.131484197893,12.648381506718602,12.648381506718602,12.578237880164625,12.506417207902546,3.734137921352723,3.14756623408719
986.3315108681157,12.639175068849184,12.639175068849184,12.573966037500155,12.504177103986807,3.234137921352723,3.000453983777272
986.5315375383384,12.629962320897313,12.629962320897313,12.56203322892953,12.513472451150008,2.734137921352723,3.500453983777272
986.731564208561,12.620743353813337,12.620743353813337,12.567033663862555,12.511155071431002,3.234137921352723,3.000453983777272
986.9315908787838,12.611518258609001,12.611518258609001,12.554668654635913,12.508134212229924,2.734137921352723,2.500453983777272
987.1316175490065,12.602287126356568,12.602287126356568,12.54830239520342,12.49475835868653,3.234137921352723,2.000453983777272
987.3316442192291,12.593050048187877,12.593050048187877,12.538889658107271,12.476086570133484,2.734137921352723,1.500453983777272
987.5316708894519,12.583807115293476,12.583807115293476,12.520931331435614,12.451490787364012,2.234137921352723,1.000453983777272
987.7316975596746,12.574558418921724,12.574558418921724,12.492784512084826,12.434764439605637,1.734137921352723,1.500453983777272
987.9317242298973,12.565304050377852,12.565304050377852,12.458885521823372,12.410710229784575,1.234137921352723,1.000453983777272
988.13175090012,12.556044101023115,12.556044101023115,12.428116766741299,12.392401388264739,1.734137921352723,1.500453983777272
988.3317775703426,12.546778662273846,12.546778662273846,12.396900680713504,12.366046517414192,1.6739179383237892,1.000453983777272
988.5318042405654,12.537507825600569,12.537507825600569,12.374591509012633,12.348305196891381,2.173917938323789,1.500453983777272
988.7318309107881,12.528231682527114,12.528231682527114,12.354410466084444,12.321666509641615,2.133115706359326,1.0578377563629646
988.9318575810107,12.518950324629683,12.518950324629683,12.347479778543036,12.303858825843152,2.633115706359326,1.5578377563629646
989.1318842512335,12.509663843535957,12.509663843535957,12.343484908838166,12.291567357369779,3.0590909017745878,2.0578377563629644
989.3319109214561,12.500372330924215,12.500372330924215,12.336682999878537,12.273208928965577,2.8463362549566544,1.5578377563629644
989.5319375916788,12.491075878522384,12.491075878522384,12.327793871671354,12.261062144262239,2.936520994222636,2.0578377563629644
989.7319642619016,12.481774578107167,12.481774578107167,12.328883727747247,12.253965638959494,3.436520994222636,2.5578377563629644
989.9319909321242,12.472468521503139,12.472468521503139,12.340004447196987,12.25487567410539,3.936520994222636,3.0578377563629644
990.132017602347,12.463157800581806,12.463157800581806,12.357967734487703,12.266477039897682,4.4365209942226365,3.5578377563629644
990.3320442725696,12.453842507260742,12.453842507260742,12.365996238369377,12.280220536779595,3.9365209942226365,4.057837756362964
990.5320709427923,12.444522733502659,12.444522733502659,12.367064066678818,12.288788035341426,3.4365209942226365,3.5578377563629644
990.7320976130151,12.435198571314482,12.435198571314482,12.373967866399763,12.289903127663392,3.9199819964871367,3.0578377563629644
990.9321242832377,12.425870112746484,12.425870112746484,12.3879885886599,12.287640470698182,4.419981996487136,2.5578377563629644
991.1321509534604,12.416537449891335,12.416537449891335,12.394138124001321,12.28530917487711,3.9199819964871363,2.8859962210568586
991.3321776236832,12.407200674883216,12.407200674883216,12.394277277504745,12.289108697884858,3.4199819964871363,3.028291333371976
991.5322042939058,12.397859879896911,12.397859879896911,12.389485039229129,12.283654119865828,2.9199819964871363,2.528291333371976
991.7322309641285,12.38851515714688,12.38851515714688,12.385995670475829,12.277586885566064,3.4199819964871363,2.3896442332899035
991.9322576343512,12.37916659888636,12.37916659888636,12.378320863873235,12.264207764253154,2.9199819964871363,1.8896442332899035
992.1322843045739,12.369814297406467,12.369814297406467,12.362483639195327,12.245796112772146,2.4199819964871363,1.3896442332899035
992.3323109747965,12.360458345035253,12.360458345035253,12.338509625932828,12.22296430613522,1.9199819964871363,1.1413989815215833
992.5323376450193,12.351098834136813,12.351098834136813,12.30745326810853,12.200128288083718,1.4199819964871363,0.9067247040312174
992.732364315242,12.341735857110391,12.341735857110391,12.278457162805642,12.181695251973975,1.9199819964871363,1.4067247040312174
992.9323909854647,12.33236950638943,12.33236950638943,12.262163684790504,12.170158062457652,2.27450440767012,1.9067247040312174
993.1324176556874,12.322999874440692,12.322999874440692,12.255954052926306,12.152442930118433,2.77450440767012,1.4067247040312174
993.33244432591,12.31362705376332,12.31362705376332,12.236175071126668,12.141144633239989,2.27450440767012,1.9067247040312174
993.5324709961328,12.304251136887943,12.304251136887943,12.225333184796431,12.13518422124424,2.77450440767012,2.4067247040312174
993.7324976663555,12.294872216375769,12.294872216375769,12.209668295520112,12.134909681437502,2.27450440767012,2.9067247040312174
993.9325243365781,12.285490384817637,12.285490384817637,12.182812457574284,12.14263799452223,1.8886055102924255,3.4067247040312174
994.1325510068009,12.276105734833127,12.276105734833127,12.164845060248384,12.140747950905155,2.3886055102924253,2.9067247040312174
994.3325776770236,12.266718359069664,12.266718359069664,12.134851694596852,12.132729557449357,1.8886055102924253,2.4067247040312174
994.5326043472462,12.257328350201561,12.257328350201561,12.117135643857637,12.119117674197463,2.3886055102924253,1.9067247040312174
994.732631017469,12.24793580092913,12.24793580092913,12.089580821428452,12.111138470404224,1.8886055102924253,2.4067247040312174
994.9326576876916,12.238540803977774,12.238540803977774,12.075595414678123,12.096619702903963,2.3886055102924253,1.9067247040312174
995.1326843579144,12.229143452097041,12.229143452097041,12.069828155681147,12.076855107277119,2.8886055102924253,1.4067247040312174
995.332711028137,12.219743838059749,12.219743838059749,12.07014035458829,12.047746412774043,3.3886055102924253,0.9067247040312174
995.5327376983597,12.210342054661032,12.210342054661032,12.06081318327218,12.020149562553526,2.8886055102924253,0.6703152613813574
995.7327643685825,12.200938194717441,12.200938194717441,12.058995900833917,11.999892041468458,3.3886055102924253,1.1703152613813574
995.9327910388051,12.191532351066042,12.191532351066042,12.073705548566643,11.979636033424502,3.8886055102924253,1.3381961418978805
996.1328177090278,12.18212461656347,12.18212461656347,12.075293424630903,11.954721879782564,3.3886055102924253,0.8960403863246788
996.3328443792506,12.172715084085022,12.172715084085022,12.085131051564083,11.936951914750669,3.8886055102924253,1.3960403863246786
996.5328710494732,12.163303846523773,12.163303846523773,12.087705101631988,11.921479869066104,3.3886055102924253,1.8960403863246786
996.7328977196959,12.153890996789604,12.153890996789604,12.077291488068683,11.914303356815907,2.8886055102924253,2.3960403863246786
996.9329243899186,12.144476627808315,12.144476627808315,12.075922399742131,11.901939767938762,3.3886055102924253,1.8960403863246786
997.1329510601413,12.13506083252072,12.13506083252072,12.064490628908315,11.897475857518286,2.8886055102924253,2.3960403863246786
997.332977730364,12.125643703881696,12.125643703881696,12.049135052401354,11.897080436592555,2.3886055102924253,2.8960403863246786
997.5330044005867,12.116225334859289,12.116225334859289,12.022279587443327,11.894359415478329,1.8886055102924253,2.733071623298529
997.7330310708094,12.1068058184338,12.1068058184338,11.982425492928876,11.88792279296748,1.3886055102924253,2.2396638109405966
997.9330577410321,12.09738524759684,12.09738524759684,11.955895670994156,11.887592883330136,1.8886055102924253,2.7396638109405966
998.1330844112548,12.087963715350448,12.087963715350448,11.939225024626413,11.878891748494594,2.3886055102924253,2.2396638109405966
998.3331110814775,12.078541314706142,12.078541314706142,11.929898617304362,11.87845851472035,2.8886055102924253,2.7396638109405966
998.5331377517002,12.06911813868401,12.06911813868401,11.918819474878765,11.871163938501923,2.3886055102924253,2.2396638109405966
998.7331644219229,12.059694280311808,12.059694280311808,11.891808067904636,11.858286525653236,1.8886055102924253,1.7396638109405966
998.9331910921455,12.050269832624021,12.050269832624021,11.872494975999338,11.852322763891502,2.3886055102924253,2.2396638109405966
999.1332177623683,12.040844888660944,12.040844888660944,11.862969814915967,11.848518026790726,2.8886055102924253,2.7396638109405966
999.333244432591,12.031419541467784,12.031419541467784,11.84447905227053,11.84977272617258,2.3886055102924253,3.2396638109405966
999.5332711028136,12.021993884093732,12.021993884093732,11.835196987105416,11.85190292914334,2.8886055102924253,2.8593784558002766
999.7332977730364,12.01256800959102,12.01256800959102,11.818461557708208,11.845826139482114,2.3886055102924253,2.3593784558002766
999.933324443259,12.003142011014047,12.003142011014047,11.810422885445165,11.844307697735113,2.8886055102924253,2.8593784558002766
1000.1333511134818,11.993715981418418,11.993715981418418,11.812479625869821,11.84403812033498,3.3886055102924253,3.09135669089182
1000.3333777837045,11.984290013860065,11.984290013860065,11.823251764197646,11.843185237252895,3.8886055102924253,2.59135669089182
1000.5334044539271,11.974864201394286,11.974864201394286,11.823109891820636,11.846572756206598,3.3886055102924253,3.09135669089182
1000.7334311241499,11.965438637074854,11.965438637074854,11.834571066518919,11.844299837691015,3.8886055102924253,2.7270044915827665
1000.9334577943725,11.956013413953107,11.956013413953107,11.844461636834993,11.838046765052503,3.9891324302495854,2.2270044915827665
1001.1334844645952,11.946588625076998,11.946588625076998,11.861212075620681,11.83096407701999,4.332861197194821,2.241493728084805
1001.333511134818,11.937164363490192,11.937164363490192,11.871484925615702,11.815134419170386,3.8328611971948208,1.741493728084805
1001.5335378050406,11.927740722231164,11.927740722231164,11.868879427433464,11.795285857058056,3.3328611971948208,1.241493728084805
1001.7335644752633,11.918317794332252,11.918317794332252,11.862072335531526,11.768169761357274,2.8328611971948208,0.7414937280848051
1001.933591145486,11.908895672818751,11.908895672818751,11.843387792284135,11.74702582351448,2.3328611971948208,1.241493728084805
1002.1336178157087,11.899474450708007,11.899474450708007,11.82171347301917,11.733929559106384,1.8328611971948208,1.741493728084805
1002.3336444859314,11.890054221008473,11.890054221008473,11.796851403571205,11.72615648946382,1.763022132060449,2.241493728084805
1002.5336711561541,11.880635076718812,11.880635076718812,11.778092549295298,11.714136095300773,2.263022132060449,1.741493728084805
1002.7336978263768,11.871217110826978,11.871217110826978,11.769695157491961,11.708802253283283,2.763022132060449,1.9728967558533501
1002.9337244965996,11.861800416309274,11.861800416309274,11.753947957479138,11.706940806295755,2.4960848226060772,2.47289675585335
1003.1337511668222,11.852385086129472,11.852385086129472,11.74825460279205,11.699804255602876,2.9960848226060772,1.9728967558533501
1003.3337778370449,11.842971213237858,11.842971213237858,11.751166392052106,11.698118369406046,3.4960848226060772,2.47289675585335
1003.5338045072676,11.833558890570334,11.833558890570334,11.743608837246986,11.687130596489935,2.9960848226060772,1.9728967558533501
1003.7338311774903,11.824148211047515,11.824148211047515,11.733345715866859,11.6810085720194,2.625461444692729,2.47289675585335
1003.9338578477129,11.814739267573772,11.814739267573772,11.72417353632402,11.668804445613672,3.125461444692729,1.9728967558533501
1004.1338845179357,11.805332153036344,11.805332153036344,11.713206388657785,11.659113172982043,2.625461444692729,2.086319151866655
1004.3339111881584,11.795926960304426,11.795926960304426,11.696221602900037,11.650950381581701,2.125461444692729,2.1602964335791364
1004.533937858381,11.78652378222823,11.78652378222823,11.669782944220463,11.63411219097873,1.625461444692729,1.6602964335791364
1004.7339645286038,11.77712271163807,11.77712271163807,11.648263800625339,11.62551739218511,2.125461444692729,2.1602964335791364
1004.9339911988264,11.767723841343479,11.767723841343479,11.635736747952299,11.620709598905322,2.625461444692729,2.5075588762940133
1005.1340178690492,11.758327264132237,11.758327264132237,11.621771369364943,11.609240340085316,2.515988764469615,2.218636304544372
1005.3340445392719,11.748933072769526,11.748933072769526,11.618840877342956,11.608513793260213,3.015988764469615,2.718636304544372
1005.5340712094945,11.739541359996938,11.739541359996938,11.608786304949861,11.611879141639065,2.515988764469615,3.18781963438836
1005.7340978797173,11.730152218531607,11.730152218531607,11.592230846803432,11.60782453969258,2.015988764469615,2.68781963438836
1005.93412454994,11.720765741065295,11.720765741065295,11.580784641627577,11.600777079671273,2.515988764469615,2.18781963438836
1006.1341512201626,11.711382020263446,11.711382020263446,11.57255124682404,11.601083964882877,3.015988764469615,2.68781963438836
1006.3341778903854,11.702001148764296,11.702001148764296,11.572975859147112,11.604023545721617,3.2532291885292093,3.18781963438836
1006.534204560608,11.692623219177962,11.692623219177962,11.566262480976086,11.599215821355184,2.7532291885292093,2.68781963438836
1006.7342312308307,11.683248324085508,11.683248324085508,11.551760513965375,11.596910648807444,2.2532291885292093,2.682419879317312
1006.9342579010535,11.673876556038032,11.673876556038032,11.544394849141398,11.588293311343067,2.7532291885292093,2.182419879317312
1007.1342845712761,11.664508007555785,11.664508007555785,11.53043965483715,11.5736293322766,2.2532291885292093,1.6824198793173122
1007.3343112414989,11.65514277112721,11.65514277112721,11.514919581917695,11.554747798902852,2.353437731477716,1.385381678906812
1007.5343379117215,11.645780939208073,11.645780939208073,11.504564451824049,11.544734433309584,2.608639814285082,1.885381678906812
1007.7343645819442,11.636422604220513,11.636422604220513,11.502103290980537,11.538035163143014,3.108639814285082,2.3853816789068123
1007.934391252167,11.62706785855215,11.62706785855215,11.490389839346223,11.526502859381642,2.608639814285082,1.8853816789068123
1008.1344179223896,11.617716794555177,11.617716794555177,11.485770491099288,11.508886571600392,3.108639814285082,1.3853816789068123
1008.3344445926123,11.608369504545442,11.608369504545442,11.487740287952779,11.497516586762911,3.438075587365461,1.8853816789068123
1008.534471262835,11.599026080801517,11.599026080801517,11.478983622318479,11.490433976737133,3.0280170273274907,2.3853816789068123
1008.7344979330577,11.589686615563831,11.589686615563831,11.478466154873669,11.477041590900054,3.4139303106470966,1.8853816789068123
1008.9345246032804,11.580351201033716,11.580351201033716,11.47418073078755,11.460114219678887,2.9139303106470966,1.4429891276934128
1009.1345512735031,11.571019929372513,11.571019929372513,11.456882624624598,11.447294216703277,2.4139303106470966,1.9429891276934126
1009.3345779437258,11.56169289270068,11.56169289270068,11.449818659588178,11.430207705879138,2.9139303106470966,1.4429891276934126
1009.5346046139484,11.552370183096851,11.552370183096851,11.439643977935907,11.407536108855044,2.4139303106470966,0.9429891276934126
1009.7346312841712,11.543051892596942,11.543051892596942,11.417313934751236,11.38742594307582,1.9139303106470966,1.4429891276934126
1009.9346579543939,11.53373811319326,11.53373811319326,11.395579789571643,11.373277334477685,1.9879786198726694,1.9429891276934126
1010.1346846246166,11.524428936833553,11.524428936833553,11.368670210546362,11.36637638256639,1.4995458433084323,2.4429891276934126
1010.3347112948393,11.51512445542015,11.51512445542015,11.34561835681173,11.354368328011102,1.9995458433084323,1.9429891276934126
1010.5347379650619,11.505824760809015,11.505824760809015,11.321769937654132,11.334476962962281,1.7281784447412598,1.4429891276934126
1010.7347646352847,11.496529944808852,11.496529944808852,11.301749130444925,11.312295594029434,2.2281784447412596,1.2046598974473994
1010.9347913055074,11.487240099180225,11.487240099180225,11.289221577871015,11.299062009154651,2.7281784447412596,1.7046598974473994
1011.13481797573,11.4779553156346,11.4779553156346,11.28726161533744,11.29279271861689,3.2281784447412596,2.2046598974473994
1011.3348446459528,11.468675685833492,11.468675685833492,11.292524898978568,11.293141205354067,3.7281784447412596,2.7046598974473994
1011.5348713161754,11.459401301387533,11.459401301387533,11.295422071047904,11.284543982979201,3.672704374113046,2.2046598974473994
1011.7348979863981,11.450132253855562,11.450132253855562,11.317344803923126,11.282382498367918,4.172704374113046,2.7046598974473994
1011.9349246566209,11.44086863474373,11.44086863474373,11.317329214130332,11.275738810019764,3.672704374113046,2.2046598974473994
1012.1349513268435,11.431610535504614,11.431610535504614,11.330024522602834,11.271511638412628,4.172704374113046,2.7046598974473994
1012.3349779970663,11.422358047536278,11.422358047536278,11.334127308741904,11.275878573577193,3.672704374113046,3.2046598974473994
1012.535004667289,11.41311126218141,11.41311126218141,11.335617029875335,11.286198152523765,3.172704374113046,3.7046598974473994
1012.7350313375116,11.403870270726381,11.403870270726381,11.323228637391571,11.290609400172054,2.672704374113046,3.233513948265994
1012.9350580077344,11.39463516440037,11.39463516440037,11.32282154448131,11.301757879847173,3.172704374113046,3.710023786197863
1013.135084677957,11.38540603437447,11.38540603437447,11.31061839684247,11.305716644042274,2.672704374113046,3.210023786197863
1013.3351113481797,11.376182971760754,11.376182971760754,11.297513464659641,11.305688654103719,2.542133213842056,2.710023786197863
1013.5351380184024,11.366966067611404,11.366966067611404,11.277862755317258,11.309026788344338,2.042133213842056,3.164040360003893
1013.7351646886251,11.357755412917815,11.357755412917815,11.247336980468324,11.307176753549392,1.5421332138420558,2.664040360003893
1013.9351913588478,11.34855109860967,11.34855109860967,11.20895896623238,11.299153076923627,1.0421332138420558,2.164040360003893
1014.1352180290705,11.339353215554057,11.339353215554057,11.180219331003467,11.284207499409746,1.5421332138420558,1.6640403600038929
1014.3352446992932,11.3301618545546,11.3301618545546,11.162722203242526,11.264542095960017,2.042133213842056,1.1640403600038929
1014.5352713695158,11.320977106350508,11.320977106350508,11.152952438323199,11.233679952359953,2.410286791720251,0.664040360003893
1014.7352980397386,11.311799061615709,11.311799061615709,11.147727995020455,11.200995013728514,2.910286791720251,0.1640403600038931
1014.9353247099613,11.30262781095797,11.30262781095797,11.132374546266814,11.173774907030705,2.410286791720251,0.6640403600038931
1015.135351380184,11.293463444917966,11.293463444917966,11.124692774926656,11.15050309625628,2.826687354782674,1.164040360003893
1015.3353780504067,11.284306053968423,11.284306053968423,11.113023068517913,11.135465702094779,2.777352183745252,1.664040360003893
1015.5354047206293,11.275155728513196,11.275155728513196,11.10997773330866,11.124910936137061,2.931725313193521,2.1640403600038933
1015.7354313908521,11.266012558886384,11.266012558886384,11.113464440405183,11.121757002122944,3.431725313193521,2.6640403600038933
1015.9354580610748,11.256876635351459,11.256876635351459,11.110611750073526,11.114080624974848,2.931725313193521,2.1640403600038933
1016.1354847312974,11.247748048100341,11.247748048100341,11.116196187326732,11.111567145298219,3.431725313193521,2.6640403600038933
1016.3355114015202,11.23862688725253,11.23862688725253,11.111191244248882,11.101126490550417,2.931725313193521,2.1640403600038933
1016.5355380717428,11.229513242854216,11.229513242854216,11.113062977653994,11.088945865431599,3.431725313193521,1.6640403600038933
1016.7355647419655,11.22040720487738,11.22040720487738,11.106617038884824,11.069605338345491,2.931725313193521,1.1640403600038933
1016.9355914121883,11.211308863218907,11.211308863218907,11.108231004392998,11.056682927615048,3.1950827437565508,1.6640403600038933
1017.1356180824109,11.20221830769971,11.20221830769971,11.095121846109281,11.037481152289349,2.6950827437565508,1.2046545330917655
1017.3356447526337,11.193135628063832,11.193135628063832,11.076500342862387,11.021302189496861,2.1950827437565508,1.7046545330917655
1017.5356714228564,11.184060913977568,11.184060913977568,11.065252970379397,11.013205362297516,2.6950827437565508,2.2046545330917655
1017.735698093079,11.174994255028569,11.174994255028569,11.046905385263585,11.014317436283388,2.1950827437565508,2.7046545330917655
1017.9357247633018,11.165935740724956,11.165935740724956,11.034840894613636,11.009776880458686,2.6950827437565508,2.2046545330917655
1018.1357514335244,11.156885460494466,11.156885460494466,11.022154618080453,11.001431014998543,2.4352761361484436,1.8085681872994244
1018.3357781037471,11.147843503683532,11.147843503683532,11.021570186979186,10.997573957165784,2.9352761361484436,2.308568187299424
1018.5358047739699,11.138809959556413,11.138809959556413,11.024080688548404,10.993683299020441,3.4352761361484436,2.714286549925401
1018.7358314441925,11.129784917294334,11.129784917294334,11.021542967241237,10.996773420564153,2.9352761361484436,2.9941783119718686
1018.9358581144152,11.120768465994562,11.120768465994562,11.00721768490154,11.003065670148885,2.4352761361484436,3.1166074188932336
1019.1358847846379,11.111760694669577,11.111760694669577,11.002313137791333,11.016010322747563,2.9352761361484436,3.6166074188932336
1019.3359114548606,11.102761692246164,11.102761692246164,11.004581467396083,11.019873784175106,3.3016773961933046,3.1166074188932336
1019.5359381250832,11.093771547564513,11.093771547564513,11.000784994494513,11.01894352982566,2.8016773961933046,2.867854975625637
1019.735964795306,11.0847903493774,11.0847903493774,10.982021770997157,11.017169664282791,2.3016773961933046,2.647576236051138
1019.9359914655287,11.075818186349276,11.075818186349276,10.973103559017641,11.022537075007516,2.8016773961933046,3.147576236051138
1020.1360181357514,11.066855147055367,11.066855147055367,10.968268781306183,11.01954552108394,3.0259888625993714,2.647576236051138
1020.3360448059741,11.057901319980857,11.057901319980857,10.962229692064074,11.01339989517133,2.5259888625993714,2.147576236051138
1020.5360714761968,11.048956793519984,11.048956793519984,10.95978259598057,11.000502145442686,3.0259888625993714,1.6475762360511381
1020.7360981464195,11.04002165597514,11.04002165597514,10.958670417753618,10.978341202966575,3.040764187755494,1.1475762360511381
1020.9361248166422,11.031095995556056,11.031095995556056,10.965487507450774,10.95249509738712,3.540764187755494,0.6475762360511381
1021.1361514868648,11.022179900378902,11.022179900378902,10.963031533541514,10.920817965140502,3.125443074758336,0.1783829056684164
1021.3361781570876,11.013273458465388,11.013273458465388,10.953291912457992,10.89594079502589,2.625443074758336,0.6783829056684164
1021.5362048273103,11.004376757741959,11.004376757741959,10.954381029708006,10.864938909271851,3.125443074758336,0.322893857920139
1021.7362314975329,10.995489886038875,10.995489886038875,10.952258884485195,10.83964074640868,3.2638964181431604,0.822893857920139
1021.9362581677557,10.986612931089368,10.986612931089368,10.941420191970444,10.821168093069119,2.7638964181431604,1.322893857920139
1022.1362848379783,10.977745980528779,10.977745980528779,10.919536299082289,10.809488587597313,2.2638964181431604,1.822893857920139
1022.3363115082011,10.968889121893648,10.968889121893648,10.89203796187214,10.805294486946242,1.7638964181431607,2.322893857920139
1022.5363381784238,10.96004244262092,10.96004244262092,10.873637126626345,10.797027669711277,2.263896418143161,1.822893857920139
1022.7363648486464,10.95120603004705,10.95120603004705,10.865668504741397,10.780202208364992,2.763896418143161,1.346791624744639
1022.9363915188692,10.9423799714071,10.9423799714071,10.849180957581561,10.767692515766495,2.3730651587464298,1.846791624744639
1023.1364181890918,10.933564353833951,10.933564353833951,10.844670245999383,10.759446291588324,2.865214713818909,1.8885708438231228
1023.3364448593145,10.924759264357403,10.924759264357403,10.847053093901502,10.755909690007247,3.119427482256024,2.388570843823123
1023.5364715295373,10.915964789903297,10.915964789903297,10.851921304053198,10.753179560647474,3.5424731940237604,2.4334500059159767
1023.7364981997599,10.907181017292704,10.907181017292704,10.854262784599902,10.756994540923058,3.0424731940237604,2.9334500059159767
1023.9365248699826,10.898408033241045,10.898408033241045,10.854266380775343,10.761165180661576,3.1015402764510123,3.4334500059159767
1024.1365515402053,10.889645924357207,10.889645924357207,10.84331931531561,10.774409682405095,2.6015402764510123,3.886555173816739
1024.3365782104281,10.880894777142743,10.880894777142743,10.839083102465102,10.780656088867483,2.8230846093628905,3.386555173816739
1024.5366048806507,10.872154677990988,10.872154677990988,10.841073004453841,10.79537542843974,3.3230846093628905,3.886555173816739
1024.7366315508734,10.863425713186171,10.863425713186171,10.836200975816139,10.797201095057257,2.8230846093628905,3.386555173816739
1024.9366582210962,10.854707968902659,10.854707968902659,10.832332704810183,10.799294372209834,2.6031646661744845,2.886555173816739
1025.1366848913187,10.846001531204013,10.846001531204013,10.813873709391206,10.791716374675088,2.1031646661744845,2.386555173816739
1025.3367115615415,10.837306486042165,10.837306486042165,10.790635740967478,10.780124991495262,1.6031646661744845,1.8865551738167392
1025.5367382317643,10.828622919256594,10.828622919256594,10.77123025672143,10.771817675502684,1.9475237022495362,2.0566716895191455
1025.7367649019868,10.819950916573466,10.819950916573466,10.757141587839646,10.75753854881571,2.329484633353955,1.5566716895191455
1025.9367915722096,10.81129056360476,10.81129056360476,10.73181243778468,10.75034305257628,1.829484633353955,2.0566716895191455
1026.1368182424324,10.802641945847467,10.802641945847467,10.706550627377839,10.735598367970189,1.7205231758666766,1.5566716895191455
1026.336844912655,10.794005148682732,10.794005148682732,10.673580911358226,10.714724606340294,1.3174794554081775,1.0566716895191455
1026.5368715828777,10.78538025737497,10.78538025737497,10.653203386671475,10.69751359966147,1.8174794554081775,1.5566716895191455
1026.7368982531004,10.77676735707109,10.77676735707109,10.636383731940505,10.675567039796778,2.3174794554081775,1.0566716895191455
1026.936924923323,10.768166532799626,10.768166532799626,10.610239284631914,10.663067791006888,1.8174794554081775,1.5566716895191455
1027.1369515935457,10.75957786946986,10.75957786946986,10.599451432193723,10.655246425243348,2.3174794554081775,2.0566716895191455
1027.3369782637685,10.751001451871051,10.751001451871051,10.589857634833558,10.64096086139422,2.8174794554081775,1.5566716895191455
1027.537004933991,10.742437364671567,10.742437364671567,10.586448516320146,10.630561801973029,3.1149341672198947,2.0566716895191455
1027.7370316042138,10.733885692418013,10.733885692418013,10.57976055155183,10.61396948821777,2.8611559289994495,1.5566716895191455
1027.9370582744366,10.725346519534465,10.725346519534465,10.56946933026093,10.603380895128922,2.3611559289994495,2.0566716895191455
1028.1370849446591,10.716819930321599,10.716819930321599,10.564000055618141,10.588786479743098,2.8611559289994495,1.5566716895191455
1028.337111614882,10.708306008955836,10.708306008955836,10.568396087361032,10.581889019026816,3.3611559289994495,2.0566716895191455
1028.5371382851047,10.699804839488563,10.699804839488563,10.579739451303954,10.57146095371422,3.8611559289994495,1.9162291477852342
1028.7371649553274,10.691316505845268,10.691316505845268,10.58248255568606,10.555806128815474,3.3611559289994495,1.6576852611685338
1028.93719162555,10.682841091824734,10.682841091824734,10.584659650155317,10.535346635186722,3.2873559888315564,1.1576852611685338
1029.1372182957728,10.674378681098167,10.674378681098167,10.57697006124686,10.50930188428606,2.7873559888315564,0.6576852611685338
1029.3372449659955,10.66592935720843,10.66592935720843,10.564807493821377,10.488237495100313,2.5743705671233634,1.1576852611685338
1029.537271636218,10.65749320356919,10.65749320356919,10.557668401809446,10.464478544409365,3.0743705671233634,0.8627851886173027
1029.7372983064408,10.649070303464068,10.649070303464068,10.549911037000284,10.445142663426907,2.8087604877447756,1.3627851886173028
1029.9373249766636,10.640660740045867,10.640660740045867,10.53310583405803,10.422905408066246,2.3087604877447756,0.8627851886173029
1030.1373516468861,10.632264596335732,10.632264596335732,10.507387363471645,10.410087882892856,1.8087604877447756,1.3627851886173028
1030.337378317109,10.623881955222293,10.623881955222293,10.494864430732,10.399153239815345,2.3087604877447756,1.8627851886173028
1030.5374049873317,10.615512899460903,10.615512899460903,10.488605767427934,10.383168955454412,2.8087604877447756,1.3627851886173028
1030.7374316575542,10.607157511672819,10.607157511672819,10.472648339721724,10.36898668390562,2.3087604877447756,1.8627851886173028
1030.937458327777,10.598815874344314,10.598815874344314,10.453444455763751,10.366583907520925,1.8087604877447756,2.362785188617303
1031.1374849979998,10.59048806982595,10.59048806982595,10.426981831173379,10.3713551166551,1.6456698773051066,2.862785188617303
1031.3375116682223,10.582174180331727,10.582174180331727,10.403489525720666,10.379191480295804,1.7481311792934093,3.362785188617303
1031.537538338445,10.57387428793824,10.57387428793824,10.38771128636261,10.381683168837288,2.2481311792934093,2.862785188617303
1031.7375650086678,10.56558847458394,10.56558847458394,10.38052920150474,10.38834468617816,2.7481311792934093,3.362785188617303
1031.9375916788904,10.557316822068278,10.557316822068278,10.383510374490463,10.391862363193567,3.2481311792934093,2.8918065399001645
1032.1376183491132,10.549059412050882,10.549059412050882,10.382568784719107,10.394962791860936,2.921659667891874,2.9661670589532427
1032.337645019336,10.540816326050802,10.540816326050802,10.386461601471497,10.40911288499115,3.421659667891874,3.4661670589532427
1032.5376716895585,10.532587645445673,10.532587645445673,10.384709793879987,10.417314995854627,2.921659667891874,3.42658031940488
1032.7376983597812,10.5243734514709,10.5243734514709,10.386076066617662,10.434279570540191,3.2979791975807013,3.92658031940488
1032.937725030004,10.516173825218889,10.516173825218889,10.398873793983476,10.445864829156163,3.7979791975807013,3.42658031940488
1033.1377517002265,10.507988847638234,10.507988847638234,10.404495514767522,10.45029187483685,3.2979791975807013,2.92658031940488
1033.3377783704493,10.499818599532892,10.499818599532892,10.39791878463367,10.442705273850043,3.026904577174985,2.42658031940488
1033.537805040672,10.491663161561426,10.491663161561426,10.39809045142193,10.43656140136829,3.4447519046498907,1.9265803194048798
1033.7378317108949,10.483522614236188,10.483522614236188,10.410969392919773,10.423806400434712,3.9447519046498907,1.4784578395812584
1033.9378583811174,10.475397037922528,10.475397037922528,10.416241871982804,10.401433872992772,3.4447519046498907,0.9784578395812584
1034.1378850513402,10.46728651283798,10.46728651283798,10.41797973370944,10.3774400657376,3.565225620198511,0.743493515488878
1034.337911721563,10.459191119051507,10.459191119051507,10.418577613151477,10.360845967527933,3.065225620198511,1.243493515488878
1034.5379383917855,10.451110936482701,10.451110936482701,10.411255808482226,10.343325560308655,2.565225620198511,1.2792000312016008
1034.7379650620082,10.443046044900951,10.443046044900951,10.394535689020959,10.334661927196818,2.065225620198511,1.7792000312016008
1034.937991732231,10.434996523924722,10.434996523924722,10.372819592190305,10.332231001135423,1.8573377868190217,2.2792000312016008
1035.1380184024536,10.426962453020735,10.426962453020735,10.351793987347072,10.321723900362475,2.3573377868190217,1.7792000312016008
1035.3380450726763,10.418943911503158,10.418943911503158,10.330787151110009,10.316536212605577,1.8573377868190217,2.2792000312016008
1035.538071742899,10.410940978532874,10.410940978532874,10.30253790384022,10.318925869401893,1.3573377868190217,2.7792000312016008
1035.7380984131216,10.402953733116677,10.402953733116677,10.285152327033124,10.31597979763229,1.8573377868190217,2.2792000312016008
1035.9381250833444,10.394982254106461,10.394982254106461,10.260164810089858,10.316801191283126,1.5523641114304194,2.746595155533669
1036.1381517535672,10.387026620198503,10.387026620198503,10.241126460145875,10.326893265396356,2.0523641114304194,3.246595155533669
1036.3381784237897,10.379086909932646,10.379086909932646,10.232467835513921,10.327577084202625,2.5523641114304194,2.746595155533669
1036.5382050940125,10.371163201691498,10.371163201691498,10.218130511126235,10.320375321787193,2.236338604569823,2.246595155533669
1036.7382317642353,10.36325557369975,10.36325557369975,10.216744974835377,10.310469495803114,2.736338604569823,1.7465951555336692
1036.9382584344578,10.35536410402331,10.35536410402331,10.216589882726128,10.29070573733466,3.236338604569823,1.2465951555336692
1037.1382851046806,10.347488870568554,10.347488870568554,10.220604397828984,10.265324802781011,3.1448762701098354,0.7465951555336692
1037.3383117749033,10.3396299510816,10.3396299510816,10.215769240270676,10.238492510572843,2.88719026293292,0.24659515553366917
1037.5383384451259,10.331787423147503,10.331787423147503,10.213675149305054,10.214758368897504,3.1452444615768167,0.7465951555336692
1037.7383651153486,10.323961364189477,10.323961364189477,10.221353792220517,10.197527654332541,3.6452444615768167,1.2465951555336692
1037.9383917855714,10.316151851468176,10.316151851468176,10.216318836609524,10.172616223301619,3.1452444615768167,0.7465951555336692
1038.138418455794,10.3083589620809,10.3083589620809,10.204355746177718,10.145582943494006,2.6452444615768167,0.24659515553366917
1038.3384451260167,10.300582772960823,10.300582772960823,10.18509638192213,10.12201379206018,2.1452444615768167,0.7465951555336692
1038.5384717962395,10.292823360876266,10.292823360876266,10.177887848824554,10.102303935948596,2.6452444615768167,1.2465951555336692
1038.7384984664623,10.285080802429924,10.285080802429924,10.175102641918004,10.079918596208666,3.1452444615768167,0.7465951555336692
1038.9385251366848,10.27735517405811,10.27735517405811,10.176130223239541,10.063431521857858,3.153064181794618,1.2465951555336692
1039.1385518069076,10.269646552029979,10.269646552029979,10.167463276266522,10.049692892966752,2.653064181794618,1.4031582037112855
1039.3385784771303,10.26195501244682,10.26195501244682,10.161327500745852,10.039383942085399,2.9614440817861416,1.9031582037112855
1039.5386051473529,10.254280631241278,10.254280631241278,10.151906389203036,10.030210453070293,2.4614440817861416,1.9528843514342067
1039.7386318175757,10.246623484176581,10.246623484176581,10.1317444492448,10.028079362987551,2.0009576353021057,2.4528843514342067
1039.9386584877984,10.238983646845847,10.238983646845847,10.121324783947854,10.03515938060646,2.5009576353021057,2.9528843514342067
1040.138685158021,10.231361194671305,10.231361194671305,10.106994033468204,10.046185093356058,2.6090812740610114,3.4528843514342067
1040.3387118282437,10.223756202903528,10.223756202903528,10.105841346045983,10.062881161937806,3.1090812740610114,3.9528843514342067
1040.5387384984665,10.216168746620745,10.216168746620745,10.098865573321945,10.082946605475538,2.6090812740610114,4.452884351434207
1040.738765168689,10.208598900728065,10.208598900728065,10.096670732156245,10.110179203543144,3.1090812740610114,4.845933725232482
1040.9387918389118,10.201046739956723,10.201046739956723,10.088288749797162,10.129305823338122,2.6090812740610114,4.345933725232482
1041.1388185091346,10.193512338863385,10.193512338863385,10.079218837312457,10.14103459943951,2.6382310919248138,3.8459337252324817
1041.3388451793571,10.185995771829392,10.185995771829392,10.067114285110359,10.150787282778653,2.1382310919248138,3.3459337252324817
1041.53887184958,10.178497113059993,10.178497113059993,10.054601474436188,10.150676293307486,2.6382310919248138,2.8459337252324817
1041.7388985198027,10.171016436583674,10.171016436583674,10.050166325713127,10.145029799489715,2.7219791575350167,2.3459337252324817
1041.9389251900252,10.163553816251389,10.163553816251389,10.038073995417454,10.1359426305122,2.2219791575350167,1.8459337252324817
1042.138951860248,10.156109325735816,10.156109325735816,10.0327705232836,10.115860120423966,2.7219791575350167,1.3459337252324817
1042.3389785304707,10.148683038530681,10.148683038530681,10.037491659055984,10.095000448900599,3.2219791575350167,0.8459337252324817
1042.5390052006933,10.141275027949984,10.141275027949984,10.045360508357504,10.06982044319963,3.3763489122551857,0.5474645607661284
1042.739031870916,10.133885367127302,10.133885367127302,10.043460873555368,10.051141448824275,2.8763489122551857,1.0474645607661284
1042.9390585411388,10.126514129015058,10.126514129015058,10.049828993363917,10.040954711684313,3.3763489122551857,1.5474645607661284
1043.1390852113614,10.119161386383807,10.119161386383807,10.04598784369327,10.034240378690907,2.8763489122551857,2.0474645607661284
1043.3391118815841,10.11182721182149,10.11182721182149,10.048699377468138,10.019564146573044,3.3763489122551857,1.5474645607661284
1043.539138551807,10.104511677732763,10.104511677732763,10.04550196858394,10.009510474203907,2.8763489122551857,1.725926752935455
1043.7391652220297,10.097214856338253,10.097214856338253,10.035176887356037,10.005792559875523,2.3763489122551857,2.2259267529354547
1043.9391918922522,10.089936819673856,10.089936819673856,10.026245401075355,9.99155647683993,2.694342579977667,1.7259267529354547
1044.139218562475,10.082677639589999,10.082677639589999,10.016074052024981,9.984616395871432,2.194342579977667,2.2259267529354547
1044.3392452326977,10.075437387750977,10.075437387750977,9.998353920213475,9.981849837161262,1.9278537102949076,2.4464403696958383
1044.5392719029203,10.06821613563422,10.06821613563422,9.9703756744006,9.970408375297952,1.4278537102949076,1.9464403696958383
1044.739298573143,10.061013954529562,10.061013954529562,9.945327821012844,9.958853335957503,1.8112150501231088,1.4464403696958383
1044.9393252433658,10.053830915538592,10.053830915538592,9.93133527727058,9.93566934592606,2.311215050123109,0.9464403696958383
1045.1393519135884,10.046667089573921,10.046667089573921,9.928877725476793,9.921127259236707,2.811215050123109,1.4464403696958383
1045.3393785838111,10.039522547358462,10.039522547358462,9.928499997258733,9.91009866891059,3.311215050123109,1.9069595030554953
1045.539405254034,10.032397359424778,10.032397359424778,9.928542384068853,9.908878966212574,2.811215050123109,2.4069595030554956
1045.7394319242565,10.02529159611436,10.02529159611436,9.93263861855793,9.914053366896034,3.096949889625787,2.9069595030554956
1045.9394585944792,10.018205327576915,10.018205327576915,9.92509166903642,9.919566223191906,2.596949889625787,3.4069595030554956
1046.139485264702,10.011138623769712,10.011138623769712,9.92555950357705,9.929656140131913,3.096949889625787,3.0160364022146395
1046.3395119349245,10.004091554456876,10.004091554456876,9.935496738998898,9.927216717986353,3.596949889625787,2.5160364022146395
1046.5395386051473,9.997064189208672,9.997064189208672,9.932910565831348,9.920271398895702,3.096949889625787,2.0160364022146395
1046.73956527537,9.990056597400866,9.990056597400866,9.926888370284491,9.904547795834079,2.596949889625787,1.5160364022146395
1046.9395919455926,9.98306884821401,9.98306884821401,9.905162951312505,9.897289052606407,2.096949889625787,1.9807887450991353
1047.1396186158154,9.97610101063275,9.97610101063275,9.888884485885404,9.896990164095865,1.9776772172048696,2.4807887450991353
1047.3396452860381,9.96915315344518,9.96915315344518,9.881609613194513,9.893673117141276,2.4776772172048696,2.10519598117706
1047.5396719562607,9.962225345242143,9.962225345242143,9.880087001304515,9.891357914727497,2.9776772172048696,2.60519598117706
1047.7396986264835,9.955317654416529,9.955317654416529,9.88755263212778,9.886689104062194,3.4776772172048696,2.401817539506211
1047.9397252967062,9.94843014916265,9.94843014916265,9.892840200641281,9.875357016860011,2.9776772172048696,1.9018175395062111
1048.1397519669288,9.94156289747554,9.94156289747554,9.896759906576742,9.875549687639511,3.4776772172048696,2.401817539506211
1048.3397786371515,9.934715967150265,9.934715967150265,9.896773021006373,9.863179288182806,2.9776772172048696,1.9018175395062111
1048.5398053073743,9.927889425781284,9.927889425781284,9.886505404650558,9.8604535838702,2.4776772172048696,2.311069635499285
1048.739831977597,9.921083340761793,9.921083340761793,9.873332075173403,9.85837508745779,1.9776772172048696,2.368788078700091
1048.9398586478196,9.91429777928302,9.91429777928302,9.849543293969917,9.85931533029487,1.4776772172048696,2.574780807211426
1049.1398853180424,9.907532808333562,9.907532808333562,9.832902116791537,9.853267832870664,1.9776772172048696,2.249065725633395
1049.3399119882652,9.900788494698766,9.900788494698766,9.824752189248688,9.839697513782426,2.4776772172048696,1.749065725633395
1049.5399386584877,9.89406490496005,9.89406490496005,9.825184834941535,9.824246011342696,2.9776772172048696,1.249065725633395
1049.7399653287105,9.887362105494214,9.887362105494214,9.831723136559104,9.811867939553487,3.3736826512308387,1.749065725633395
1049.9399919989332,9.880680162472832,9.880680162472832,9.83229167195479,9.80833551005264,2.8736826512308387,2.249065725633395
1050.1400186691558,9.874019141861583,9.874019141861583,9.834742045061093,9.802752237187478,3.2181544469208045,1.749065725633395
1050.3400453393785,9.86737910941957,9.86737910941957,9.839677484645618,9.786445609535319,3.106814070586262,1.249065725633395
1050.5400720096013,9.86076013069872,9.86076013069872,9.851983401742268,9.775011620804467,3.606814070586262,1.749065725633395
1050.7400986798239,9.854162271043112,9.854162271043112,9.853122153271888,9.764344013051169,3.106814070586262,1.249065725633395
1050.9401253500466,9.847585595588312,9.847585595588312,9.84895719237142,9.751201616624474,2.606814070586262,1.749065725633395
1051.1401520202694,9.841030169260769,9.841030169260769,9.84776215318783,9.747777102593606,3.106814070586262,2.249065725633395
1051.340178690492,9.834496056777159,9.834496056777159,9.840328837660815,9.744303386589616,2.606814070586262,2.174857377646272
1051.5402053607147,9.827983322643721,9.827983322643721,9.825065009828112,9.746674651187123,2.106814070586262,2.674857377646272
1051.7402320309375,9.821492031155662,9.821492031155662,9.803518248291926,9.74311495308481,1.6068140705862621,2.174857377646272
1051.94025870116,9.815022246396506,9.815022246396506,9.782323636816553,9.734010357454787,1.5552895083547698,1.6748573776462718
1052.1402853713828,9.80857403223743,9.80857403223743,9.752839611614672,9.730271839647859,1.0552895083547698,2.174857377646272
1052.3403120416056,9.802147452336689,9.802147452336689,9.727767757514897,9.726332770754553,1.5552895083547698,2.208462598326243
1052.540338711828,9.795742570138954,9.795742570138954,9.713009618441031,9.72990323183219,2.05528950835477,2.708462598326243
1052.7403653820509,9.789359448874674,9.789359448874674,9.694425439353067,9.724411526732107,1.8296750894904505,2.208462598326243
1052.9403920522736,9.78299815155949,9.78299815155949,9.686303510647923,9.715867702296155,2.3296750894904505,1.7084625983262431
1053.1404187224962,9.776658740993588,9.776658740993588,9.68085485001946,9.713283265305755,2.8296750894904505,2.208462598326243
1053.340445392719,9.770341279761068,9.770341279761068,9.681692590397518,9.702621505576063,3.3296750894904505,1.7084625983262431
1053.5404720629417,9.764045830229357,9.764045830229357,9.69541021762319,9.686826891135906,3.8296750894904505,1.2084625983262431
1053.7404987331645,9.757772454548574,9.757772454548574,9.69752896949202,9.674717915779942,3.3296750894904505,1.6420919140506354
1053.940525403387,9.751521214650925,9.751521214650925,9.694941541373362,9.662403124135759,2.8296750894904505,1.5787911131957415
1054.1405520736098,9.745292172250066,9.745292172250066,9.682659111778657,9.642036001250283,2.3296750894904505,1.0787911131957415
1054.3405787438326,9.739085388840534,9.739085388840534,9.660035161830772,9.621769930199708,1.8296750894904505,1.134015510222842
1054.540605414055,9.732900925697116,9.732900925697116,9.645083700528156,9.609570219369886,2.3296750894904505,1.634015510222842
1054.7406320842779,9.726738843874244,9.726738843874244,9.644653531406673,9.606281193377585,2.8296750894904505,2.134015510222842
1054.9406587545006,9.720599204205403,9.720599204205403,9.644391499765746,9.607667888861439,2.888748013631205,2.634015510222842
1055.1406854247232,9.714482067302525,9.714482067302525,9.650746943219747,9.614918378700267,3.388748013631205,3.134015510222842
1055.340712094946,9.70838749355537,9.70838749355537,9.65025731672668,9.614360609563152,2.888748013631205,2.634015510222842
1055.5407387651687,9.70231554313097,9.70231554313097,9.641711045017306,9.61231200800647,2.388748013631205,2.134015510222842
1055.7407654353913,9.696266275973016,9.696266275973016,9.62500136353259,9.600933400855245,2.0064522132992932,1.634015510222842
1055.940792105614,9.690239751801244,9.690239751801244,9.619536544033611,9.589618436338846,2.5064522132992932,1.8119631897966084
1056.1408187758368,9.684236030110887,9.684236030110887,9.601542990272108,9.579858198075103,2.0064522132992932,1.5933765772062656
1056.3408454460593,9.678255170172061,9.678255170172061,9.592165663452645,9.574041203015996,2.5064522132992932,2.0933765772062656
1056.5408721162821,9.672297231029173,9.672297231029173,9.588834558575137,9.57089794822976,3.0064522132992932,2.5933765772062656
1056.7408987865049,9.666362271500367,9.666362271500367,9.58741293149117,9.580863437628516,2.8115428376408467,3.0933765772062656
1056.9409254567274,9.660450350176927,9.660450350176927,9.595032904268477,9.578670480435987,3.2027912846839333,2.5933765772062656
1057.1409521269502,9.654561525422679,9.654561525422679,9.591705571397116,9.576774627525605,2.7027912846839333,2.465402581285506
1057.340978797173,9.648695855373454,9.648695855373454,9.575883347463709,9.571803781474602,2.2027912846839333,1.965402581285506
1057.5410054673955,9.642853397936495,9.642853397936495,9.568475146738441,9.561501335161413,2.7027912846839333,1.541563507687643
1057.7410321376183,9.637034210789865,9.637034210789865,9.573033594490031,9.553708883928849,3.2027912846839333,2.041563507687643
1057.941058807841,9.631238351381919,9.631238351381919,9.56692454138403,9.53847424735605,2.7027912846839333,1.541563507687643
1058.1410854780636,9.62546587693071,9.62546587693071,9.570605095107734,9.529985840798146,3.2027912846839333,2.041563507687643
1058.3411121482864,9.619716844423413,9.619716844423413,9.563702385511029,9.532235063833856,2.7027912846839333,2.541563507687643
1058.5411388185091,9.613991310615802,9.613991310615802,9.548838823186323,9.526501811404644,2.2027912846839333,2.041563507687643
1058.741165488732,9.608289332031653,9.608289332031653,9.529062805922676,9.51240363199987,1.7027912846839333,1.541563507687643
1058.9411921589544,9.602610964962206,9.602610964962206,9.51804390614009,9.505579210661427,2.2027912846839333,2.041563507687643
1059.1412188291772,9.596956265465595,9.596956265465595,9.49964900760835,9.50105458057896,1.9930780724597588,2.2794798552827644
1059.3412454994,9.591325289366306,9.591325289366306,9.473332003579946,9.50475475394703,1.4930780724597588,2.7794798552827644
1059.5412721696225,9.58571809225463,9.58571809225463,9.453266658986559,9.503748670852234,1.5862983609611534,2.5369131014904993
1059.7412988398453,9.58013472948609,9.58013472948609,9.438894139356332,9.510549404162315,2.0862983609611536,3.0369131014904993
1059.941325510068,9.574575256180925,9.574575256180925,9.432610169208665,9.510315082346914,2.5862983609611536,2.5369131014904993
1060.1413521802906,9.569039727223531,9.569039727223531,9.434250584777716,9.51494320893878,3.0862983609611536,3.0369131014904993
1060.3413788505134,9.563528197261906,9.563528197261906,9.431252915108297,9.513420981993061,2.859912276993665,2.5369131014904993
1060.5414055207361,9.558040720707133,9.558040720707133,9.425018972048653,9.506746416750977,2.359912276993665,2.1130947815901195
1060.7414321909587,9.552577351732854,9.552577351732854,9.403986745073645,9.493480115240914,1.859912276993665,1.6130947815901195
1060.9414588611814,9.54713814427468,9.54713814427468,9.395270412075234,9.479600515004975,2.359912276993665,1.460422820182683
1061.1414855314042,9.541723152029714,9.541723152029714,9.395380944487904,9.474325157914464,2.859912276993665,1.960422820182683
1061.3415122016268,9.536332428456008,9.536332428456008,9.401160546853909,9.459252659634451,3.359912276993665,1.460422820182683
1061.5415388718495,9.530966026772003,9.530966026772003,9.398901684439185,9.451327283890116,2.859912276993665,1.960422820182683
1061.7415655420723,9.52562399995605,9.52562399995605,9.401304525635823,9.451577880261667,3.2569919394930777,2.460422820182683
1061.9415922122948,9.520306400745866,9.520306400745866,9.398096698428756,9.459340854978157,2.7569919394930777,2.960422820182683
1062.1416188825176,9.515013281637996,9.515013281637996,9.405472295634771,9.470525316965762,3.2569919394930777,3.460422820182683
1062.3416455527404,9.509744694887326,9.509744694887326,9.40265794177302,9.473300082439335,2.7569919394930777,3.1165098422612183
1062.541672222963,9.504500692506555,9.504500692506555,9.397586438975486,9.477531204020979,2.627785858011854,2.6165098422612183
1062.7416988931857,9.499281326265665,9.499281326265665,9.406189228434787,9.470454012015638,3.127785858011854,2.1165098422612183
1062.9417255634085,9.494086647691436,9.494086647691436,9.400082374273621,9.45791763145709,2.627785858011854,1.6165098422612183
1063.141752233631,9.488916708066931,9.488916708066931,9.402879016930802,9.441434760144888,3.127785858011854,1.1165098422612183
1063.3417789038538,9.483771558430963,9.483771558430963,9.399543229694832,9.427127678272468,2.627785858011854,1.6165098422612183
1063.5418055740765,9.478651249577632,9.478651249577632,9.403511776575728,9.408252782373992,3.127785858011854,1.1165098422612183
1063.7418322442993,9.4735558320558,9.4735558320558,9.404681067012751,9.398433435904563,3.099344119128923,1.6165098422612183
1063.9418589145218,9.468485356168598,9.468485356168598,9.404918868526515,9.396064005466739,2.599344119128923,2.1165098422612183
1064.1418855847446,9.463439871972911,9.463439871972911,9.404081234440127,9.386077263348827,3.099344119128923,1.6165098422612183
1064.3419122549674,9.458419429278921,9.458419429278921,9.397516812757175,9.366976640369037,2.601650038758144,1.1165098422612183
1064.54193892519,9.45342407764959,9.45342407764959,9.401327464250304,9.34562775790545,3.0025362408494862,0.6165098422612183
1064.7419655954127,9.448453866400163,9.448453866400163,9.39455221484457,9.330476211372279,2.5025362408494862,1.1165098422612183
1064.9419922656355,9.443508844597705,9.443508844597705,9.3749204559262,9.318963405241606,2.0025362408494862,1.6165098422612183
1065.142018935858,9.438589061060611,9.438589061060611,9.365154500684655,9.31520095497401,2.5025362408494862,2.1165098422612183
1065.3420456060808,9.433694564358095,9.433694564358095,9.360895164607154,9.310634046015108,2.568058231975291,2.6165098422612183
1065.5420722763035,9.428825402809753,9.428825402809753,9.361140132859182,9.316014320114965,3.068058231975291,3.1165098422612183
1065.742098946526,9.423981624485071,9.423981624485071,9.372518621308856,9.334689765638544,3.568058231975291,3.6165098422612183
1065.9421256167489,9.419163277202921,9.419163277202921,9.393616198328127,9.345751772031912,4.068058231975291,3.1165098422612183
1066.1421522869716,9.414370408531138,9.414370408531138,9.405498011179743,9.351676035463734,3.568058231975291,2.9198320275108474
1066.3421789571942,9.40960306578602,9.40960306578602,9.406565508609948,9.351471998768625,3.068058231975291,2.4198320275108474
1066.542205627417,9.404861296031852,9.404861296031852,9.39807431783599,9.346150152560062,2.568058231975291,1.9198320275108474
1066.7422322976397,9.400145146080483,9.400145146080483,9.400590949830432,9.342279748144275,3.068058231975291,2.0615812296356317
1066.9422589678622,9.395454662490826,9.395454662490826,9.395782600149499,9.328064269297874,2.568058231975291,1.5615812296356317
1067.142285638085,9.390789891568394,9.390789891568394,9.379836836555983,9.321497738357964,2.068058231975291,2.046106621489898
1067.3423123083078,9.38615087936488,9.38615087936488,9.354155971367213,9.31939147027919,1.5680582319752912,2.328836567801366
1067.5423389785303,9.38153767167768,9.38153767167768,9.340207644125266,9.322449875103185,2.068058231975291,2.828836567801366
1067.742365648753,9.376950314049422,9.376950314049422,9.336509238291239,9.319890123818446,2.568058231975291,2.328836567801366
1067.9423923189759,9.372388851767557,9.372388851767557,9.32663879451607,9.318772485803953,2.427270616453389,2.372481243380994
1068.1424189891984,9.367853329863888,9.367853329863888,9.327616475102284,9.323764480713333,2.927270616453389,2.872481243380994
1068.3424456594212,9.363343793114112,9.363343793114112,9.323886741301344,9.337720866642018,2.427270616453389,3.372481243380994
1068.542472329644,9.358860286037416,9.358860286037416,9.307906988608014,9.343574453693845,1.9272706164533888,2.872481243380994
1068.7424989998667,9.354402852896005,9.354402852896005,9.293605345218554,9.341279457796212,2.0252226559064317,2.372481243380994
1068.9425256700893,9.349971537694685,9.349971537694685,9.271940828156566,9.343587945028013,1.5252226559064317,2.707419562139876
1069.142552340312,9.345566384180403,9.345566384180403,9.263348507851742,9.34175582907795,2.0252226559064317,2.3773564612102387
1069.3425790105348,9.341187435841844,9.341187435841844,9.258882340700085,9.34332019937685,2.5252226559064317,2.5991284617933808
1069.5426056807573,9.336834735908996,9.336834735908996,9.26258486507602,9.33691550486677,2.722962517993358,2.0991284617933808
1069.74263235098,9.332508327352697,9.332508327352697,9.254895381205376,9.333289542763467,2.222962517993358,2.044647542355236
1069.9426590212029,9.328208252884245,9.328208252884245,9.25091510398153,9.333411725862602,2.722962517993358,2.544647542355236
1070.1426856914254,9.323934554954967,9.323934554954967,9.243963152696638,9.325228803517268,2.515219071997555,2.044647542355236
1070.3427123616482,9.319687275755774,9.319687275755774,9.23740574930998,9.315253563453252,2.015219071997555,1.5446475423552362
1070.542739031871,9.315466457216782,9.315466457216782,9.230412788259036,9.308159319124492,2.515219071997555,2.044647542355236
1070.7427657020935,9.311272141006885,9.311272141006885,9.231651216010409,9.297114134818912,2.8151666300178797,1.5446475423552362
1070.9427923723163,9.307104368533318,9.307104368533318,9.244853989294283,9.29476936918173,3.2575358088042066,2.044647542355236
1071.142819042539,9.302963180941292,9.302963180941292,9.241791732654914,9.289429458214947,2.7575358088042066,1.9177210605603818
1071.3428457127616,9.298848619113562,9.298848619113562,9.252788506823906,9.289347682201162,3.2575358088042066,2.417721060560382
1071.5428723829843,9.294760723670013,9.294760723670013,9.269609202484872,9.28156252433424,3.7575358088042066,1.9177210605603818
1071.742899053207,9.290699534967288,9.290699534967288,9.273644569936533,9.265868791493999,3.2575358088042066,1.4177210605603818
1071.9429257234297,9.286665093098378,9.286665093098378,9.271921932831942,9.259453746818235,2.7575358088042066,1.8839254233592668
1072.1429523936524,9.282657437892205,9.282657437892205,9.262455945716278,9.253938349103182,2.2575358088042066,1.998874472097225
1072.3429790638752,9.278676608913257,9.278676608913257,9.244147363796568,9.241404068399152,1.7575358088042066,1.498874472097225
1072.5430057340977,9.274722645461203,9.274722645461203,9.234783829895045,9.222542934059087,2.2575358088042066,0.9988744720972249
1072.7430324043205,9.27079558657046,9.27079558657046,9.216088934541315,9.207439108463994,1.8099160048710494,1.498874472097225
1072.9430590745433,9.266895471009855,9.266895471009855,9.206448669682963,9.187621070719153,2.309916004871049,0.9988744720972249
1073.1430857447658,9.263022337282226,9.263022337282226,9.210025118487229,9.174222378374239,2.809916004871049,1.498874472097225
1073.3431124149886,9.25917622362403,9.25917622362403,9.198710122789754,9.155295391572066,2.309916004871049,0.9988744720972249
1073.5431390852114,9.255357168004979,9.255357168004979,9.19688920763201,9.145442177754836,2.809916004871049,1.498874472097225
1073.7431657554341,9.251565208127667,9.251565208127667,9.185012405619423,9.141827420330706,2.309916004871049,1.998874472097225
1073.9431924256567,9.247800381427194,9.247800381427194,9.184419796885305,9.143093565942229,2.6845155035526087,2.498874472097225
1074.1432190958794,9.244062725070778,9.244062725070778,9.172432585747927,9.150893842451806,2.1845155035526087,2.998874472097225
1074.3432457661022,9.240352275957424,9.240352275957424,9.152699651057674,9.160820054217504,1.6845155035526087,3.498874472097225
1074.5432724363247,9.23666907071754,9.23666907071754,9.138443413160562,9.167605658169652,1.9508529842358429,3.07934060621594
1074.7432991065475,9.233013145712558,9.233013145712558,9.110623571421065,9.175867775366857,1.4508529842358429,3.1754019246316134
1074.9433257767703,9.229384537034612,9.229384537034612,9.096583715245657,9.189684452234083,1.9508529842358429,3.6754019246316134
1075.1433524469928,9.225783280506164,9.225783280506164,9.09213808140657,9.200291865802123,2.450852984235843,3.1754019246316134
1075.3433791172156,9.222209411679628,9.222209411679628,9.093161729213506,9.201718300561613,2.950852984235843,2.6754019246316134
1075.5434057874384,9.218662965837064,9.218662965837064,9.108435095402918,9.19618718923054,3.450852984235843,2.1754019246316134
1075.743432457661,9.215143977989797,9.215143977989797,9.131003906829967,9.187521878239536,3.950852984235843,1.6754019246316134
1075.9434591278837,9.211652482878073,9.211652482878073,9.155070952127266,9.17240715154122,4.450852984235842,1.1754019246316134
1076.1434857981064,9.208188514970733,9.208188514970733,9.194285284659498,9.159041270233132,4.950852984235842,1.395546232625131
1076.343512468329,9.204752108464866,9.204752108464866,9.217754769432586,9.144735303233434,4.450852984235842,1.5495728609640933
1076.5435391385518,9.201343297285455,9.201343297285455,9.236565148328687,9.142665453365543,3.9508529842358424,2.0495728609640933
1076.7435658087745,9.197962115085065,9.197962115085065,9.264984280649907,9.137196119747562,4.450852984235842,1.9050682139822976
1076.943592478997,9.194608595243508,9.194608595243508,9.28220716597557,9.12124363748637,3.9508529842358424,1.4050682139822976
1077.1436191492198,9.191282770867488,9.191282770867488,9.288228839544523,9.117965766048904,3.4508529842358424,1.9050682139822976
1077.3436458194426,9.187984674790307,9.187984674790307,9.28841998774522,9.116015339215606,2.9508529842358424,2.4050682139822976
1077.5436724896651,9.184714339571531,9.184714339571531,9.281931567147907,9.117531927231479,2.4508529842358424,2.620859249993654
1077.743699159888,9.181471797496648,9.181471797496648,9.284165015077477,9.121373410529731,2.9508529842358424,2.6596356928574036
1077.9437258301107,9.178257080576778,9.178257080576778,9.282035913227837,9.130352571485792,2.4508529842358424,3.1596356928574036
1078.1437525003332,9.175070220548344,9.175070220548344,9.280129352663607,9.138934055239407,2.9508529842358424,3.366463393092757
1078.343779170556,9.17191124887275,9.17191124887275,9.276518473176445,9.146679374493477,2.4508529842358424,2.866463393092757
1078.5438058407788,9.168780196736094,9.168780196736094,9.262889995853717,9.148078045685429,1.9892901422715323,2.366463393092757
1078.7438325110015,9.165677095048837,9.165677095048837,9.240204981165988,9.136674716099217,1.4892901422715323,1.866463393092757
1078.943859181224,9.162601974445511,9.162601974445511,9.208988040240952,9.13767118587677,0.9892901422715323,2.366463393092757
1079.1438858514468,9.159554865284406,9.159554865284406,9.188990992272501,9.131254213314014,1.4892901422715323,1.866463393092757
1079.3439125216696,9.15653579764728,9.15653579764728,9.176450780724025,9.127553097581615,1.9892901422715323,2.3129359160800353
1079.5439391918922,9.153544801339065,9.153544801339065,9.16982091622299,9.13321625478287,2.4892901422715323,2.8129359160800353
1079.743965862115,9.150581905887552,9.150581905887552,9.154593570819099,9.14381576691881,1.9892901422715323,3.3129359160800353
1079.9439925323377,9.147647140543127,9.147647140543127,9.132248770047335,9.15645621330053,1.4892901422715323,3.8129359160800353
1080.1440192025602,9.144740534278467,9.144740534278467,9.110868149099641,9.165337171275675,1.9892901422715323,3.3129359160800353
1080.344045872783,9.14186211578825,9.14186211578825,9.10677975230681,9.17026823008919,2.4892901422715323,2.8129359160800353
1080.5440725430058,9.139011913488883,9.139011913488883,9.112498268898998,9.173077046158996,2.9892901422715323,3.048867101295026
1080.7440992132283,9.136189955518216,9.136189955518216,9.121157337988787,9.17232756906532,3.3459386352651035,2.548867101295026
1080.944125883451,9.133396269735261,9.133396269735261,9.121779391946824,9.165651568005474,2.8459386352651035,2.048867101295026
1081.1441525536738,9.130630883719924,9.130630883719924,9.115190155039107,9.156702849833906,2.3459386352651035,1.5488671012950261
1081.3441792238964,9.127893824772732,9.127893824772732,9.115927632654698,9.153365922727557,2.8459386352651035,2.048867101295026
1081.5442058941192,9.12518511991455,9.12518511991455,9.107018118839436,9.142170183858758,2.3459386352651035,1.5488671012950261
1081.744232564342,9.122504795886336,9.122504795886336,9.093218411770385,9.135180550583437,1.8459386352651035,2.048867101295026
1081.9442592345645,9.119852879148862,9.119852879148862,9.067875367949659,9.136890936765456,1.3459386352651035,2.548867101295026
1082.1442859047872,9.117229395882454,9.117229395882454,9.053056192548354,9.130605733248935,1.8459386352651035,2.048867101295026
1082.34431257501,9.11463437198674,9.11463437198674,9.045870229081599,9.117891495595195,2.3459386352651035,1.5488671012950261
1082.5443392452325,9.112067833080392,9.112067833080392,9.042627251192341,9.116549706373581,2.8459386352651035,2.048867101295026
1082.7443659154553,9.109529804500866,9.109529804500866,9.035634990487582,9.10632165985297,2.372505226885301,1.5488671012950261
1082.944392585678,9.107020311304161,9.107020311304161,9.040283290405208,9.087767803035131,2.872505226885301,1.0488671012950261
1083.1444192559006,9.104539378264569,9.104539378264569,9.03984988011451,9.074363721319227,2.551945720709771,1.5488671012950261
1083.3444459261234,9.102087029874427,9.102087029874427,9.034974472683002,9.065989327679656,2.235738159061046,1.9908309628003873
1083.5444725963462,9.099663290343878,9.099663290343878,9.033401029113413,9.063847152034826,2.735738159061046,2.4908309628003873
1083.744499266569,9.097268183600637,9.097268183600637,9.037795888648771,9.07038565582006,3.235738159061046,2.9908309628003873
1083.9445259367915,9.094901733289744,9.094901733289744,9.033803296589838,9.072131443771784,2.735738159061046,2.4908309628003873
1084.1445526070142,9.092563962773333,9.092563962773333,9.023809747597342,9.072613458866915,2.235738159061046,2.3502433835716627
1084.344579277237,9.090254895130412,9.090254895130412,9.00626849966764,9.068499903788227,1.7357381590610461,1.8502433835716627
1084.5446059474596,9.08797455315663,9.08797455315663,8.999539526812649,9.065823249148188,2.235738159061046,2.3502433835716627
1084.7446326176823,9.085722959364041,9.085722959364041,9.002874031603868,9.066800712902653,2.735738159061046,2.586648189600758
1084.944659287905,9.083500135980891,9.083500135980891,8.991856312484181,9.061734399075831,2.235738159061046,2.086648189600758
1085.1446859581276,9.081306104951405,9.081306104951405,8.981342829537567,9.049172561997441,2.1287402320694797,1.586648189600758
1085.3447126283504,9.079140887935555,9.079140887935555,8.976996627816565,9.047986107134712,2.6287402320694797,2.086648189600758
1085.5447392985732,9.077004506308862,9.077004506308862,8.97607780167452,9.037442052330045,2.494069010588934,1.586648189600758
1085.7447659687957,9.074896981162173,9.074896981162173,8.972089434260917,9.032423392099007,2.478543313514109,2.086648189600758
1085.9447926390185,9.072818333301457,9.072818333301457,8.975354418878828,9.024565406118587,2.978543313514109,1.9434498794586546
1086.1448193092413,9.070768583247602,9.070768583247602,8.990100078446687,9.01676428925977,3.478543313514109,1.4434498794586546
1086.3448459794638,9.068747751236211,9.068747751236211,9.005550553514695,9.009049164771397,3.5119069323212084,1.9434498794586546
1086.5448726496866,9.066755857217396,9.066755857217396,9.028326287423052,9.009700549946864,4.011906932321208,2.4434498794586546
1086.7448993199093,9.064792920855593,9.064792920855593,9.040051841235714,9.003161574965887,3.5119069323212084,1.9434498794586546
1086.9449259901319,9.06285896152936,9.06285896152936,9.044019065051483,9.000309335774153,3.0119069323212084,2.4434498794586546
1087.1449526603546,9.06095399833118,9.06095399833118,9.051542302247515,9.00528375062005,3.5119069323212084,2.9434498794586546
1087.3449793305774,9.059078050067292,9.059078050067292,9.057247308629847,9.017761273811098,3.0119069323212084,3.4434498794586546
1087.5450060008,9.057231135257485,9.057231135257485,9.053123654808314,9.036467194848619,2.5119069323212084,3.9434498794586546
1087.7450326710227,9.05541327213492,9.05541327213492,9.057588546153486,9.049131033610143,3.0119069323212084,3.4434498794586546
1087.9450593412455,9.053624478645961,9.053624478645961,9.055155891845615,9.067564782131214,2.5119069323212084,3.9434498794586546
1088.145086011468,9.051864772449987,9.051864772449987,9.05510631064663,9.079946772125652,2.9431159907964126,3.4434498794586546
1088.3451126816908,9.050134170919218,9.050134170919218,9.053551274881835,9.0865964907292,2.4431159907964126,2.9434498794586546
1088.5451393519136,9.048432691138547,9.048432691138547,9.055489538121648,9.094051339888555,2.9431159907964126,3.27281795680136
1088.7451660221363,9.046760349905377,9.046760349905377,9.048576734995363,9.099409828871005,2.4431159907964126,2.77281795680136
1088.945192692359,9.045117163729438,9.045117163729438,9.034258488677192,9.097953604974593,2.2412677540175343,2.27281795680136
1089.1452193625817,9.043503148832642,9.043503148832642,9.034427327650068,9.088478907352647,2.7412677540175343,1.7728179568013598
1089.3452460328044,9.04191832114891,9.04191832114891,9.04449660841089,9.08665575547605,3.2313117628049044,2.27281795680136
1089.545272703027,9.040362696324028,9.040362696324028,9.041412524905583,9.078091953916983,2.7313117628049044,1.7728179568013598
1089.7452993732497,9.038836289715476,9.038836289715476,9.053735888698906,9.062313494692352,3.2313117628049044,1.2728179568013598
1089.9453260434725,9.037339116392292,9.037339116392292,9.052542062547566,9.04783929622944,2.7313117628049044,1.1065706116411977
1090.145352713695,9.035871191134916,9.035871191134916,9.037621333471646,9.025143445087236,2.2313117628049044,0.7735683721153853
1090.3453793839178,9.034432528435032,9.034432528435032,9.037954608791003,9.00916107288549,2.7313117628049044,1.2735683721153852
1090.5454060541406,9.033023142495455,9.033023142495455,9.038385841923699,9.00115711133541,3.2313117628049044,1.7735683721153852
1090.7454327243631,9.031643047229968,9.031643047229968,9.055177289837838,9.001239508419449,3.7313117628049044,2.273568372115385
1090.945459394586,9.03029225626318,9.03029225626318,9.061941993968833,8.992042413219785,3.2313117628049044,1.7735683721153852
1091.1454860648087,9.028970782930411,9.028970782930411,9.066241174448784,8.996475318251955,2.9325160858869395,2.273568372115385
1091.3455127350312,9.02767864027755,9.02767864027755,9.062990736139714,8.996495793892818,2.4541134838840706,2.421478140993092
1091.545539405254,9.026415841060922,9.026415841060922,9.056450481290275,9.001451159276964,2.633626170818784,2.921478140993092
1091.7455660754767,9.02518239774717,9.02518239774717,9.063449920746718,9.001151618925219,3.133626170818784,2.421478140993092
1091.9455927456993,9.02397832251313,9.02397832251313,9.059040963132912,8.995617413660417,2.633626170818784,2.0669862101000516
1092.145619415922,9.022803627245708,9.022803627245708,9.05027558807858,8.993936174576339,2.133626170818784,2.5669862101000516
1092.3456460861448,9.021658323541761,9.021658323541761,9.030309628365275,8.990133649815636,1.633626170818784,2.0669862101000516
1092.5456727563674,9.020542422707994,9.020542422707994,9.020280577467469,8.994038914426195,2.133626170818784,2.5669862101000516
1092.7456994265901,9.019455935760833,9.019455935760833,9.020478374116074,8.999284662265683,2.633626170818784,2.5744074073935335
1092.945726096813,9.018398873426325,9.018398873426325,9.009420271938561,8.997871934743614,2.133626170818784,2.0744074073935335
1093.1457527670354,9.017371246140032,9.017371246140032,8.99931373061798,8.988180298250471,2.1289919879766175,1.5744074073935335
1093.3457794372582,9.016373064046924,9.016373064046924,8.984051909499312,8.97720539715826,1.6289919879766175,1.7832078705893353
1093.545806107481,9.015404337001284,9.015404337001284,8.970848491882704,8.979269014469716,2.1289919879766175,2.2832078705893353
1093.7458327777038,9.014465074566608,9.014465074566608,8.968186852888353,8.982284855237385,2.6289919879766175,2.7832078705893353
1093.9458594479263,9.01355528601551,9.01355528601551,8.972845626217616,8.993040892880504,3.1289919879766175,3.2832078705893353
1094.145886118149,9.012674980329628,9.012674980329628,8.985683615942305,9.002774338489319,3.5618130896455757,3.1919233830309532
1094.3459127883718,9.01182416619954,9.01182416619954,8.989019098722327,9.00942027267452,3.0618130896455757,2.6919233830309532
1094.5459394585944,9.011002852024683,9.011002852024683,8.997817905504055,9.016847672342976,3.1962469571208203,3.1919233830309532
1094.7459661288171,9.010211045913255,9.010211045913255,9.01236684375293,9.031783737797955,3.5555120901923947,3.6919233830309532
1094.94599279904,9.009448755682147,9.009448755682147,9.01512928941551,9.044740142319917,3.0555120901923947,3.1919233830309532
1095.1460194692625,9.008715988856864,9.008715988856864,9.017001362277735,9.044628408457925,2.5555120901923947,2.6919233830309532
1095.3460461394852,9.008012752671444,9.008012752671444,9.001839161225073,9.056586649872871,2.0555120901923947,3.1919233830309532
1095.546072809708,9.0073390540684,9.0073390540684,9.006131548515361,9.061585953643842,2.5555120901923947,2.892065363136359
1095.7460994799305,9.006694899698637,9.006694899698637,9.021131667885651,9.0644871201311,3.0555120901923947,2.59972747963069
1095.9461261501533,9.006080295921393,9.006080295921393,9.019612744835992,9.06185908036317,2.5555120901923947,2.09972747963069
1096.146152820376,9.005495248804179,9.005495248804179,9.023007963809459,9.04930807571073,2.954978770506949,1.59972747963069
1096.3461794905986,9.004939764122712,9.004939764122712,9.015933253279647,9.030628927251373,2.454978770506949,1.09972747963069
1096.5462061608214,9.004413847360865,9.004413847360865,9.017547985748175,9.018743411462356,2.954978770506949,1.59972747963069
1096.7462328310442,9.003917503710609,9.003917503710609,9.014102733217364,9.016128963296522,2.454978770506949,2.09972747963069
1096.9462595012667,9.003450738071962,9.003450738071962,9.022112088408935,9.017521471462343,2.954978770506949,2.59972747963069
1097.1462861714895,9.003013555052938,9.003013555052938,9.019644513094903,9.022476082472076,2.454978770506949,2.6572162987205696
1097.3463128417122,9.002605958969513,9.002605958969513,9.006527953709302,9.023394733052838,1.954978770506949,2.55195011564033
1097.5463395119348,9.002227953845564,9.002227953845564,8.999567938378034,9.029364642388662,2.454978770506949,2.933120759706093
1097.7463661821575,9.001879543412848,9.001879543412848,8.984758968545579,9.030069006608478,1.954978770506949,2.433120759706093
1097.9463928523803,9.00156073111095,9.00156073111095,8.972679556709066,9.04155719136529,2.0690166184130083,2.933120759706093
1098.1464195226029,9.001271520087256,9.001271520087256,8.955945539503759,9.042265737372674,1.5690166184130083,2.433120759706093
1098.3464461928256,9.001011913196928,9.001011913196928,8.944555773074963,9.037827726623595,2.0690166184130083,1.9331207597060929
1098.5464728630484,9.000781913002863,9.000781913002863,8.937197420136945,9.026089235345193,2.2656656704597955,1.4331207597060929
1098.7464995332712,9.000581521775674,9.000581521775674,8.933335213629524,9.022232734531219,2.7656656704597955,1.9331207597060929
1098.9465262034937,9.00041074149367,9.00041074149367,8.938010590953798,9.011667798597266,3.2656656704597955,1.4331207597060929
1099.1465528737165,9.000269573842832,9.000269573842832,8.937645305490717,9.006796982463324,2.7656656704597955,1.9011236484377874
1099.3465795439392,9.000158020216801,9.000158020216801,8.929048990581466,9.005429853372613,2.2656656704597955,2.401123648437787
1099.5466062141618,9.00007608171686,9.00007608171686,8.931823872215324,8.99414964885709,2.7656656704597955,1.9011236484377871
1099.7466328843846,9.000023759151924,9.000023759151924,8.93937272677222,8.993073149340269,3.2656656704597955,2.401123648437787
1099.9466595546073,9.000001053038533,9.000001053038533,8.9554643872023,8.991643413164608,3.7656656704597955,2.2182740448888576
1100.1466862248299,9.000007963600847,9.000007963600847,8.968028919647228,8.994372849289304,3.411256942331862,2.7182740448888576
1100.3467128950526,9.000044490770643,9.000044490770643,8.971574716859266,9.002916427635805,2.911256942331862,3.2182740448888576
1100.5467395652754,9.000110634187317,9.000110634187317,8.973158528840736,9.008596926359049,2.7783660316298784,2.889066139570751
1100.746766235498,9.000206393197885,9.000206393197885,8.969565695184665,9.010154021422439,2.4786405200413943,2.389066139570751
1100.9467929057207,9.000331766856995,9.000331766856995,8.955759392015528,9.002219952323761,1.9786405200413943,1.889066139570751
1101.1468195759435,9.000486753926927,9.000486753926927,8.953497110756736,8.9969926367686,2.4786405200413943,1.832150230413017
1101.346846246166,9.000671352877614,9.000671352877614,8.947979858684489,8.996317898633146,2.256517478894946,2.332150230413017
1101.5468729163888,9.000885561886651,9.000885561886651,8.933303960207487,8.995579656504168,1.756517478894946,2.3730549758870305
1101.7468995866116,9.001129378839323,9.001129378839323,8.92631470990554,9.002579150703003,2.256517478894946,2.8730549758870305
1101.946926256834,9.001402801328606,9.001402801328606,8.918264352484435,9.015376147740088,2.2818480626464694,3.3730549758870305
1102.1469529270569,9.001705826655217,9.001705826655217,8.923462112528041,9.021152376066308,2.7818480626464694,2.9251405591328417
1102.3469795972796,9.002038451827618,9.002038451827618,8.932116133670226,9.024823258442616,3.2818480626464694,2.4251405591328417
1102.5470062675022,9.002400673562056,9.002400673562056,8.930333553083582,9.019029528626787,2.7818480626464694,1.9251405591328417
1102.747032937725,9.002792488282598,9.002792488282598,8.943952818117388,9.016895466609665,3.2818480626464694,2.4251405591328417
1102.9470596079477,9.003213892121156,9.003213892121156,8.947857615487846,9.02320071222954,2.7818480626464694,2.9251405591328417
1103.1470862781703,9.003664880917537,9.003664880917537,8.95990512627464,9.022192320657576,3.2818480626464694,2.4251405591328417
1103.347112948393,9.004145450219479,9.004145450219479,8.976356926250466,9.012752586366187,3.661776454122152,1.9251405591328417
1103.5471396186158,9.004655595282687,9.004655595282687,8.983280383218899,8.996527131117501,3.161776454122152,1.4251405591328417
1103.7471662888386,9.005195311070896,9.005195311070896,8.978487775366801,8.990960777521721,2.661776454122152,1.9251405591328417
1103.947192959061,9.005764592255904,9.005764592255904,8.982645199481988,8.989642080193954,3.161776454122152,2.4251405591328417
1104.1472196292839,9.006363433217643,9.006363433217643,8.997752851559914,8.998185089966091,3.661776454122152,2.9251405591328417
1104.3472462995067,9.006991828044214,9.006991828044214,9.00615727161325,9.010162799084076,3.161776454122152,3.3464552623215704
1104.5472729697292,9.00764977053196,9.00764977053196,9.012816046225545,9.015890890210581,2.9214090947620766,2.8464552623215704
1104.747299639952,9.008337254185523,9.008337254185523,9.023209921529821,9.027342201647798,3.4214090947620766,3.3464552623215704
1104.9473263101747,9.009054272217908,9.009054272217908,9.02606518565469,9.0337616980982,2.9214090947620766,2.8464552623215704
1105.1473529803973,9.009800817550545,9.009800817550545,9.027427634544868,9.03246228425633,2.62683498403467,2.3464552623215704
1105.34737965062,9.010576882813373,9.010576882813373,9.017591901491626,9.026414761910662,2.12683498403467,1.8464552623215704
1105.5474063208428,9.011382460344898,9.011382460344898,9.01439646675203,9.014944481506156,2.62683498403467,1.3464552623215704
1105.7474329910654,9.012217542192268,9.012217542192268,9.00367040151568,8.994050941064897,2.12683498403467,0.8464552623215704
1105.9474596612881,9.01308212011137,9.01308212011137,8.999635077326854,8.982575833458027,2.269360382837655,1.3464552623215704
1106.147486331511,9.013976185566891,9.013976185566891,8.988483805824554,8.976096269968107,1.7693603828376552,1.8464552623215704
1106.3475130017334,9.014899729732413,9.014899729732413,8.984628082944605,8.961929979499242,2.269360382837655,1.3464552623215704
1106.5475396719562,9.015852743490495,9.015852743490495,8.969875091050094,8.9540002337028,2.0150798277276336,1.8464552623215704
1106.747566342179,9.01683521743277,9.01683521743277,8.966614590922585,8.954474084481175,2.5150798277276336,2.3464552623215704
1106.9475930124015,9.01784714186003,9.01784714186003,8.968980310862001,8.959463853871602,2.803555616233982,2.8464552623215704
1107.1476196826243,9.018888506782325,9.018888506782325,8.978225283373384,8.97266181444396,3.303555616233982,3.3464552623215704
1107.347646352847,9.01995930191906,9.01995930191906,8.980393424665534,8.976552511432251,2.803555616233982,2.8464552623215704
1107.5476730230696,9.021059516699104,9.021059516699104,8.990672653973402,8.982212010200646,3.303555616233982,2.7692593644748804
1107.7476996932924,9.022189140260885,9.022189140260885,8.993243464132728,8.981145236070217,2.803555616233982,2.2692593644748804
1107.9477263635151,9.023348161452498,9.023348161452498,9.008966075379242,8.985346730013712,3.303555616233982,2.7692593644748804
1108.1477530337377,9.024536568831822,9.024536568831822,9.028913388684892,8.98152025677727,3.803555616233982,2.2692593644748804
1108.3477797039604,9.025754350666631,9.025754350666631,9.05283317459862,8.98424417092747,4.303555616233982,2.7692593644748804
1108.5478063741832,9.027001494934698,9.027001494934698,9.07609186193279,8.980369686833468,4.047903006078667,2.2692593644748804
1108.747833044406,9.028277989323934,9.028277989323934,9.093116861085283,8.983948417186655,3.547903006078667,2.7692593644748804
1108.9478597146285,9.029583821232492,9.029583821232492,9.11043539272775,8.982389294456826,3.671056496483521,2.2692593644748804
1109.1478863848513,9.030918977768904,9.030918977768904,9.117634464313026,8.978034802334433,3.171056496483521,2.2707353599297844
1109.347913055074,9.032283445752196,9.032283445752196,9.116853913188345,8.981137572488917,2.671056496483521,2.7707353599297844
1109.5479397252966,9.033677211712028,9.033677211712028,9.106871924296891,8.979910326243044,2.171056496483521,2.2707353599297844
1109.7479663955194,9.035100261888825,9.035100261888825,9.105680517256957,8.98060406857452,2.671056496483521,2.541706642259266
1109.9479930657421,9.036552582233913,9.036552582233913,9.115881844925322,8.99023203948692,3.171056496483521,3.041706642259266
1110.1480197359647,9.038034158409648,9.038034158409648,9.117264652041388,9.00535409223215,2.671056496483521,3.541706642259266
1110.3480464061874,9.039544975789575,9.039544975789575,9.11470375788571,9.01919229057665,2.171056496483521,3.793223331660059
1110.5480730764102,9.041085019458556,9.041085019458556,9.115099431556786,9.031043931213086,2.671056496483521,3.293223331660059
1110.7480997466328,9.042654274212932,9.042654274212932,9.105998235296806,9.03888662041319,2.171056496483521,2.793223331660059
1110.9481264168555,9.044252724560657,9.044252724560657,9.106393540396262,9.049433016811449,2.671056496483521,3.233750946168694
1111.1481530870783,9.045880354721469,9.045880354721469,9.09956156360674,9.067729410791022,2.292107911406666,3.733750946168694
1111.3481797573008,9.047537148627022,9.047537148627022,9.086519978380245,9.077653345787239,1.7921079114066658,3.233750946168694
1111.5482064275236,9.049223089921076,9.049223089921076,9.079835574243214,9.08290502802337,2.27379371114635,2.733750946168694
1111.7482330977464,9.050938161959632,9.050938161959632,9.079683110475317,9.084228955436458,2.77379371114635,2.3489471728360654
1111.948259767969,9.0526823478111,9.0526823478111,9.07467398451726,9.077258040682283,2.27379371114635,1.8489471728360654
1112.1482864381917,9.054455630256484,9.054455630256484,9.078271425873194,9.078012070189928,2.77379371114635,2.3489471728360654
1112.3483131084145,9.056257991789536,9.056257991789536,9.076304946768131,9.075856687244805,2.687632452708426,2.170951085669998
1112.548339778637,9.058089414616925,9.058089414616925,9.071593304928472,9.079686811309298,2.473918388573589,2.670951085669998
1112.7483664488598,9.05994988065843,9.05994988065843,9.059890557688398,9.086659678520725,1.9739183885735891,3.170951085669998
1112.9483931190825,9.061839371547103,9.061839371547103,9.056144470854655,9.100175510492615,2.473918388573589,3.670951085669998
1113.148419789305,9.063757868629457,9.063757868629457,9.044816147891504,9.111481117562436,1.9739183885735891,3.170951085669998
1113.3484464595278,9.065705352965654,9.065705352965654,9.027729234702948,9.113544092673763,1.4739183885735891,2.670951085669998
1113.5484731297506,9.06768180532968,9.06768180532968,9.016931781540698,9.109197082890322,1.9739183885735891,2.170951085669998
1113.7484997999734,9.069687206209545,9.069687206209545,9.015056275692206,9.099902780422884,2.473918388573589,1.6709510856699978
1113.948526470196,9.071721535807473,9.071721535807473,9.020592962949907,9.083172939031487,2.973918388573589,1.1709510856699978
1114.1485531404187,9.0737847740401,9.0737847740401,9.034408493153522,9.06963695902828,3.473918388573589,1.3743532751692908
1114.3485798106415,9.075876900538667,9.075876900538667,9.057234322761031,9.063739311635459,3.973918388573589,1.8743532751692908
1114.548606480864,9.077997894649213,9.077997894649213,9.068650849979944,9.065094292158701,3.553007077204773,2.374353275169291
1114.7486331510868,9.08014773543281,9.08014773543281,9.075363272882933,9.069882646960616,3.053007077204773,2.874353275169291
1114.9486598213095,9.082326401665732,9.082326401665732,9.08914447739874,9.070912398846803,3.553007077204773,2.374353275169291
1115.148686491532,9.084533871839689,9.084533871839689,9.100507638671596,9.079166314485542,3.3050591542251744,2.874353275169291
1115.3487131617549,9.086770124162033,9.086770124162033,9.124412716093701,9.087450731504626,3.8050591542251744,3.374353275169291
1115.5487398319776,9.089035136555967,9.089035136555967,9.13666096803414,9.106379663335396,3.3050591542251744,3.826328886907873
1115.7487665022002,9.09132888666077,9.09132888666077,9.144533554651769,9.116719544519825,2.8050591542251744,3.326328886907873
1115.948793172423,9.09365135183202,9.09365135183202,9.154562205794253,9.125308556544915,3.3050591542251744,2.9203631373045473
1116.1488198426457,9.096002509141808,9.096002509141808,9.160076501952364,9.124739354947716,2.8050591542251744,2.4203631373045473
1116.3488465128682,9.098382335378968,9.098382335378968,9.153041761598395,9.131593964365722,2.3050591542251744,2.9203631373045473
1116.548873183091,9.100790807049318,9.100790807049318,9.152420164827387,9.136877368272291,2.8050591542251744,2.7532001119397727
1116.7488998533138,9.10322790037587,9.10322790037587,9.157176050188237,9.135074968616312,3.3050591542251744,2.2738769911192183
1116.9489265235363,9.10569359129908,9.10569359129908,9.172881390692874,9.128044626815509,3.8050591542251744,1.7738769911192183
1117.148953193759,9.108187855477087,9.108187855477087,9.200264269559591,9.12552668291825,4.305059154225174,2.2738769911192183
1117.3489798639819,9.110710668285943,9.110710668285943,9.221878139788606,9.125512029294125,3.805059154225174,2.324905048287857
1117.5490065342044,9.11326200481986,9.11326200481986,9.229872022793755,9.12131433348107,3.3139653138369045,1.9231809959039738
1117.7490332044272,9.115841839891468,9.115841839891468,9.231800083959424,9.11067361871595,2.8139653138369045,1.4231809959039738
1117.94905987465,9.11845014803204,9.11845014803204,9.225433116717207,9.106603452893435,2.3139653138369045,1.9231809959039738
1118.1490865448727,9.121086903491761,9.121086903491761,9.225969417943281,9.108087276790737,2.802413295152279,2.423180995903974
1118.3491132150953,9.123752080239976,9.123752080239976,9.221080787021124,9.113249313673197,2.302413295152279,2.923180995903974
1118.549139885318,9.126445651965458,9.126445651965458,9.205808077146242,9.114932243670285,1.802413295152279,2.4415286796565043
1118.7491665555408,9.129167592076644,9.129167592076644,9.202864284692632,9.120645596697608,2.302413295152279,2.9415286796565043
1118.9491932257633,9.131917873701921,9.131917873701921,9.193169220455529,9.13415253231175,2.0578407740162223,3.4415286796565043
1119.149219895986,9.134696469689882,9.134696469689882,9.19421194781427,9.154791124436333,2.5578407740162223,3.9415286796565043
1119.3492465662089,9.13750335260959,9.13750335260959,9.20152117327052,9.169851072923688,3.0578407740162223,3.4415286796565043
1119.5492732364314,9.140338494750853,9.140338494750853,9.213424732319824,9.190740801477652,3.4765245350621883,3.9415286796565043
1119.7492999066542,9.143201868124503,9.143201868124503,9.21603397163799,9.202292127848414,2.9765245350621883,3.4415286796565043
1119.949326576877,9.146093444462661,9.146093444462661,9.216597450536042,9.20784224825557,2.674650495851131,2.9415286796565043
1120.1493532470995,9.149013195219023,9.149013195219023,9.212362793242383,9.205656796928675,2.174650495851131,2.4415286796565043
1120.3493799173223,9.151961091569149,9.151961091569149,9.212749471817208,9.195987089369838,2.674650495851131,1.9415286796565043
1120.549406587545,9.154937104410724,9.154937104410724,9.223436331096845,9.197513432362156,3.174650495851131,2.4415286796565043
1120.7494332577676,9.157941204363867,9.157941204363867,9.234979611883372,9.206212998674184,3.3726361801612903,2.9415286796565043
1120.9494599279903,9.160973361771424,9.160973361771424,9.239746627324466,9.216792240378277,2.8726361801612903,3.4415286796565043
1121.1494865982131,9.16403354669924,9.16403354669924,9.236241642742444,9.223120336883198,2.3726361801612903,2.9415286796565043
1121.3495132684357,9.167121728936465,9.167121728936465,9.24076049986185,9.22276049559454,2.4050588105100035,2.6742738378402198
1121.5495399386584,9.170237877995866,9.170237877995866,9.248109754634864,9.22735162148837,2.657231451693553,2.8225093009771864
1121.7495666088812,9.173381963114103,9.173381963114103,9.26019337061624,9.23702554705153,3.157231451693553,3.2247885654995176
1121.9495932791037,9.176553953252046,9.176553953252046,9.2716322568057,9.240223316292568,3.657231451693553,2.7247885654995176
1122.1496199493265,9.179753817095088,9.179753817095088,9.279244032191178,9.235474175400332,3.157231451693553,2.2247885654995176
1122.3496466195493,9.182981523053439,9.182981523053439,9.277763726266706,9.236852284859443,2.657231451693553,2.2034342934945097
1122.5496732897718,9.186237039262444,9.186237039262444,9.280617595589003,9.22927209611325,2.9206777164705344,1.7034342934945097
1122.7496999599946,9.189520333582909,9.189520333582909,9.273447881837738,9.214203740337721,2.4206777164705344,1.2034342934945097
1122.9497266302174,9.1928313736014,9.1928313736014,9.259684903758359,9.202081228695318,1.9206777164705344,1.7034342934945097
1123.1497533004401,9.19617012663057,9.19617012663057,9.255503538576638,9.203327588962358,2.4206777164705344,2.2034342934945097
1123.3497799706627,9.199536559709482,9.199536559709482,9.258308305615547,9.195561536290104,2.9206777164705344,1.9565956590142908
1123.5498066408854,9.202930639603949,9.202930639603949,9.266666248530166,9.187790828148858,3.4206777164705344,1.8113898775445525
1123.7498333111082,9.206352332806832,9.206352332806832,9.274035731672358,9.185604989806746,3.2529225079401125,2.3113898775445527
1123.9498599813307,9.209801605538388,9.209801605538388,9.281957176999295,9.192305229753522,3.449469767512418,2.8113898775445527
1124.1498866515535,9.213278423746619,9.213278423746619,9.286817463944155,9.19900034692367,2.949469767512418,3.060215030539333
1124.3499133217763,9.216782753107575,9.216782753107575,9.296543392518542,9.202658554901353,3.449469767512418,2.560215030539333
1124.5499399919988,9.220314559025711,9.220314559025711,9.318226203460119,9.208521886565846,3.949469767512418,3.060215030539333
1124.7499666622216,9.223873806634238,9.223873806634238,9.329782985451674,9.211250426292311,3.449469767512418,2.560215030539333
1124.9499933324444,9.227460460795449,9.227460460795449,9.336578059601301,9.203563263652251,2.949469767512418,2.060215030539333
1125.150020002667,9.231074486101065,9.231074486101065,9.334047486328396,9.203411072378685,2.7552169782774243,2.560215030539333
1125.3500466728897,9.234715846872614,9.234715846872614,9.330416702920145,9.211854041045855,2.2552169782774243,3.060215030539333
1125.5500733431124,9.238384507161744,9.238384507161744,9.330440582135882,9.219097524114689,2.7552169782774243,3.172101064207119
1125.750100013335,9.242080430750597,9.242080430750597,9.324918032904153,9.236821980341578,2.2552169782774243,3.672101064207119
1125.9501266835578,9.24580358115218,9.24580358115218,9.323980986157549,9.256028991852164,2.7552169782774243,4.172101064207119
1126.1501533537805,9.249553921610698,9.249553921610698,9.337382023991536,9.274118260254305,3.2552169782774243,3.6721010642071192
1126.350180024003,9.253331415101922,9.253331415101922,9.338372258457811,9.29423967164015,2.7552169782774243,4.172101064207119
1126.5502066942258,9.257136024333585,9.257136024333585,9.331365031450225,9.3111173700341,2.2552169782774243,3.6721010642071192
1126.7502333644486,9.260967711745709,9.260967711745709,9.327278867432458,9.328726717146196,2.7552169782774243,3.746065514658598
1126.9502600346711,9.264826439510996,9.264826439510996,9.326113993947857,9.338474777819169,2.2552169782774243,3.246065514658598
1127.150286704894,9.268712169535211,9.268712169535211,9.330358998978522,9.352994490709204,2.7552169782774243,3.4167655424252037
1127.3503133751167,9.272624863457535,9.272624863457535,9.327511372404658,9.357238011478236,2.6794629233117035,2.9167655424252037
1127.5503400453392,9.276564482650954,9.276564482650954,9.318488976137237,9.356655870651986,2.1794629233117035,2.4167655424252037
1127.750366715562,9.280530988222656,9.280530988222656,9.307891167795523,9.353861539923653,2.1592347545883346,2.0681186309423536
1127.9503933857848,9.284524341014386,9.284524341014386,9.305606477670699,9.342777981502723,2.4565467131313823,1.5681186309423536
1128.1504200560075,9.288544501602852,9.288544501602852,9.297357259560092,9.32762317565161,2.2868552473104424,1.0681186309423536
1128.35044672623,9.292591430300103,9.292591430300103,9.29882062890277,9.307104218819086,2.7868552473104424,0.6919182450927779
1128.5504733964528,9.296665087153944,9.296665087153944,9.310146957673666,9.291306032562174,3.2868552473104424,1.1919182450927779
1128.7505000666756,9.300765431948298,9.300765431948298,9.322725392008286,9.281260755017058,3.7868552473104424,1.6919182450927779
1128.9505267368982,9.304892424203619,9.304892424203619,9.333765565754293,9.269725691685569,3.2868552473104424,1.5139432422975974
1129.150553407121,9.309046023177306,9.309046023177306,9.338401883714463,9.260096900634256,2.7868552473104424,1.7999588903784458
1129.3505800773437,9.313226187864073,9.313226187864073,9.343212940245236,9.259304032541662,3.2868552473104424,2.299958890378446
1129.5506067475662,9.317432876996374,9.317432876996374,9.362457644814095,9.261935840573447,3.5779391402290956,2.799958890378446
1129.750633417789,9.321666049044824,9.321666049044824,9.384752552625757,9.273318699538986,4.077939140229096,3.299958890378446
1129.9506600880118,9.325925662218573,9.325925662218573,9.398696722903901,9.286601455498761,3.5779391402290956,3.5757090231378963
1130.1506867582343,9.33021167446574,9.33021167446574,9.403602865436827,9.30602017426167,3.0779391402290956,3.7637192385080076
1130.350713428457,9.334524043473845,9.334524043473845,9.417949161307014,9.314007327663589,3.3147394479837016,3.2637192385080076
1130.5507400986799,9.338862726670188,9.338862726670188,9.424022332770303,9.318068054349997,3.008379763036097,2.870122208089186
1130.7507667689024,9.34322768122229,9.34322768122229,9.431587544913736,9.330462290470864,3.190119637077833,3.370122208089186
1130.9507934391252,9.347618864038333,9.347618864038333,9.43564663202906,9.346937731271039,2.8463884159112243,3.4510547320747684
1131.150820109348,9.352036231767551,9.352036231767551,9.434932515386745,9.366241711523571,2.3463884159112243,3.9510547320747684
1131.3508467795705,9.356479740800674,9.356479740800674,9.419178407008767,9.382591674508687,1.8463884159112243,3.5495098335103283
1131.5508734497932,9.360949347270374,9.360949347270374,9.406378970143804,9.38606389422894,1.7156599980239517,3.0495098335103283
1131.750900120016,9.36544500705167,9.36544500705167,9.399206134348194,9.385755640408881,2.215659998023952,2.5495098335103283
1131.9509267902386,9.369966675762376,9.369966675762376,9.397495831202665,9.390313633743803,2.715659998023952,2.805338436505338
1132.1509534604613,9.374514308763557,9.374514308763557,9.401004692705344,9.400323443561899,3.066709685732377,3.305338436505338
1132.350980130684,9.379087861159928,9.379087861159928,9.399250165325181,9.417885691592327,2.8117509619060623,3.805338436505338
1132.5510068009066,9.38368728780033,9.38368728780033,9.40529727298964,9.438596328578562,2.862411985910322,4.3053384365053375
1132.7510334711294,9.388312543278182,9.388312543278182,9.417595893522073,9.453696524520176,3.362411985910322,3.8053384365053375
1132.9510601413522,9.392963581931904,9.392963581931904,9.431014866345599,9.466124814445354,3.319209689336693,3.3053384365053375
1133.151086811575,9.397640357845374,9.397640357845374,9.434502380683524,9.471381355876495,2.819209689336693,2.8053384365053375
1133.3511134817975,9.402342824848386,9.402342824848386,9.44628223349975,9.47044892294611,3.319209689336693,2.3053384365053375
1133.5511401520203,9.407070936517123,9.407070936517123,9.44536221541844,9.461252630118818,2.819209689336693,1.8053384365053375
1133.751166822243,9.411824646174576,9.411824646174576,9.456430879765723,9.456909539122593,3.319209689336693,2.3053384365053375
1133.9511934924656,9.416603906891034,9.416603906891034,9.459747681574482,9.448608150924237,2.819209689336693,1.8053384365053375
1134.1512201626883,9.421408671484553,9.421408671484553,9.471137260783005,9.447328511890513,3.319209689336693,2.3053384365053375
1134.351246832911,9.426238892521392,9.426238892521392,9.485472009917835,9.444800639383676,3.3065404631772126,2.3387167904373003
1134.5512735031336,9.431094522316497,9.431094522316497,9.49050642574011,9.45007990260265,2.8065404631772126,2.8387167904373003
1134.7513001733564,9.435975512933993,9.435975512933993,9.504292668506057,9.463405657673412,3.3065404631772126,3.3387167904373003
1134.9513268435792,9.44088181618762,9.44088181618762,9.5203156153747,9.46926378821793,3.8065404631772126,2.8387167904373003
1135.1513535138017,9.445813383641221,9.445813383641221,9.54889922373928,9.473383871758472,4.306540463177212,2.5489108115711803
1135.3513801840245,9.45077016660925,9.45077016660925,9.569630071251618,9.483983283911076,3.806540463177212,3.0489108115711803
1135.5514068542473,9.455752116157202,9.455752116157202,9.577325585601086,9.49596640574398,3.306540463177212,3.5489108115711803
1135.7514335244698,9.460759183102128,9.460759183102128,9.581643515539655,9.518855238588266,3.02530867293217,4.04891081157118
1135.9514601946926,9.46579131801313,9.46579131801313,9.580694114194975,9.531429273556551,2.52530867293217,3.5489108115711803
1136.1514868649153,9.470848471211815,9.470848471211815,9.58584739396514,9.551388680118036,3.02530867293217,4.04891081157118
1136.3515135351379,9.475930592772803,9.475930592772803,9.597091039788749,9.56391531104679,3.3166534358264843,3.5489108115711803
1136.5515402053607,9.481037632524242,9.481037632524242,9.61485899222036,9.572338394292744,3.6741131325600414,3.1659411863991815
1136.7515668755834,9.486169540048259,9.486169540048259,9.622270222192748,9.575012285744704,3.1741131325600414,2.6659411863991815
1136.951593545806,9.491326264681486,9.491326264681486,9.63000801706001,9.583106950589363,3.0537357635754683,3.1659411863991815
1137.1516202160287,9.496507755515566,9.496507755515566,9.628929376439016,9.583891212812626,2.5537357635754683,2.9307885721931077
1137.3516468862515,9.501713961397636,9.501713961397636,9.629811720478457,9.582965638965762,2.930002179009279,2.4307885721931077
1137.551673556474,9.50694483093083,9.50694483093083,9.623538713887463,9.589297172559995,2.430002179009279,2.9307885721931077
1137.7517002266968,9.512200312474821,9.512200312474821,9.611556810017895,9.59053365548949,1.930002179009279,2.4307885721931077
1137.9517268969196,9.51748035414629,9.51748035414629,9.607793305641682,9.59212127777931,2.004325116191427,2.9307885721931077
1138.1517535671424,9.52278490381946,9.52278490381946,9.60027811539279,9.605692833291172,2.199379276466369,3.4307885721931077
1138.351780237365,9.528113909126589,9.528113909126589,9.604578778283662,9.612348044092803,2.699379276466369,2.9307885721931077
1138.5518069075877,9.533467317458534,9.533467317458534,9.604086227110704,9.62175624926806,2.4284846985021713,3.275065526205469
1138.7518335778104,9.538845075965217,9.538845075965217,9.607710266623616,9.623720692818104,2.9284846985021713,2.775065526205469
1138.951860248033,9.54424713155617,9.54424713155617,9.615101748826225,9.621402463832789,3.1921429667038583,2.383676981671286
1139.1518869182557,9.54967343090108,9.54967343090108,9.616709061328722,9.618400119176318,2.6921429667038583,2.3054342591204926
1139.3519135884785,9.555123920430269,9.555123920430269,9.626855935830402,9.62177605206407,3.1921429667038583,2.8054342591204926
1139.551940258701,9.560598546335253,9.560598546335253,9.627793490933923,9.623453782091962,2.6921429667038583,2.6697822821138146
1139.7519669289238,9.566097254569288,9.566097254569288,9.63687545984161,9.630325671878133,3.1921429667038583,3.1697822821138146
1139.9519935991466,9.571619990847859,9.571619990847859,9.644229399516783,9.64442443168879,3.0683143556241155,3.6697822821138146
1140.1520202693691,9.577166700649244,9.577166700649244,9.654690674723465,9.66520032328812,3.0451449621727984,4.038023243128047
1140.352046939592,9.582737329215071,9.582737329215071,9.656029359481227,9.678552184357352,2.5451449621727984,3.5380232431280474
1140.5520736098147,9.588331821550812,9.588331821550812,9.651995695840759,9.684376966364958,2.187904355336723,3.0380232431280474
1140.7521002800372,9.593950122426353,9.593950122426353,9.63701029297789,9.700836179243648,1.6879043553367228,3.5380232431280474
1140.95212695026,9.599592176376557,9.599592176376557,9.627927159107465,9.708013349769832,2.187904355336723,3.0380232431280474
1141.1521536204827,9.60525792770177,9.60525792770177,9.6268875765501,9.707506746331072,2.687904355336723,2.5380232431280474
1141.3521802907053,9.610947320468393,9.610947320468393,9.625553874510661,9.70196338445794,2.5571233615126925,2.0380232431280474
1141.552206960928,9.61666029850945,9.61666029850945,9.634017940886915,9.699383636215153,3.0571233615126925,2.5380232431280474
1141.7522336311508,9.622396805425112,9.622396805425112,9.650624038791605,9.70494941270447,3.5571233615126925,3.0380232431280474
1141.9522603013734,9.628156784583263,9.628156784583263,9.674814536786927,9.717817838092724,4.0571233615126925,3.4293322351838462
1142.1522869715961,9.633940179120083,9.633940179120083,9.692957457836071,9.735101300859263,3.5571233615126925,3.9293322351838462
1142.352313641819,9.639746931940575,9.639746931940575,9.702151458953981,9.746786335810459,3.0571233615126925,3.4293322351838462
1142.5523403120415,9.645576985719138,9.645576985719138,9.697837562033301,9.752684273041508,2.5571233615126925,2.9293322351838462
1142.7523669822642,9.651430282900163,9.651430282900163,9.70438851692845,9.751736696058275,3.0571233615126925,2.4293322351838462
1142.952393652487,9.657306765698554,9.657306765698554,9.70398425422935,9.755445897500904,2.5571233615126925,2.9293322351838462
1143.1524203227098,9.663206376100327,9.663206376100327,9.700000735990903,9.754653943771414,2.450522498050647,2.4293322351838462
1143.3524469929323,9.669129055863174,9.669129055863174,9.705457433200817,9.762204667979288,2.950522498050647,2.9293322351838462
1143.552473663155,9.67507474651706,9.67507474651706,9.707816413551308,9.764056498244702,2.889941186017908,2.4293322351838462
1143.7525003333778,9.68104338936476,9.68104338936476,9.724824236082583,9.758179652507689,3.389941186017908,1.9293322351838462
1143.9525270036004,9.687034925482457,9.687034925482457,9.735246502182981,9.759766374544343,3.286059639501809,2.4293322351838462
1144.1525536738231,9.693049295720362,9.693049295720362,9.76040688506274,9.753695627397317,3.786059639501809,1.9293322351838462
1144.352580344046,9.699086440703212,9.699086440703212,9.776196086086864,9.742632224322291,3.619730971499356,1.5550763623869694
1144.5526070142685,9.705146300830933,9.705146300830933,9.788253338798732,9.73729089135256,3.119730971499356,2.0550763623869694
1144.7526336844912,9.711228816279212,9.711228816279212,9.792019261295852,9.737053813831102,2.619730971499356,2.5550763623869694
1144.952660354714,9.717333927000059,9.717333927000059,9.785153287427814,9.742450547464456,2.119730971499356,3.0550763623869694
1145.1526870249365,9.72346157272242,9.72346157272242,9.782820781668484,9.746132645693564,2.619730971499356,2.5550763623869694
1145.3527136951593,9.729611692952785,9.729611692952785,9.797178995122374,9.75470478542017,3.119730971499356,3.0550763623869694
1145.552740365382,9.735784226975756,9.735784226975756,9.809481727278069,9.762685969226224,3.619730971499356,3.5550763623869694
1145.7527670356046,9.74197911385466,9.74197911385466,9.821228941345984,9.78481589391132,3.119730971499356,4.05507636238697
1145.9527937058274,9.748196292432167,9.748196292432167,9.833569345647014,9.80007645048357,3.4538884454154597,3.55507636238697
1146.1528203760502,9.754435701330864,9.754435701330864,9.841000854651364,9.806250888277928,3.1004095690278146,3.05507636238697
1146.3528470462727,9.760697278953872,9.760697278953872,9.844018973074753,9.808253326623952,2.9176194543581855,2.55507636238697
1146.5528737164955,9.766980963485478,9.766980963485478,9.846395183131838,9.815348297348375,2.4176194543581855,3.0363264199738462
1146.7529003867182,9.773286692891705,9.773286692891705,9.832674027592205,9.816786072652732,1.9176194543581855,2.5363264199738462
1146.9529270569408,9.779614404920943,9.779614404920943,9.826984777005858,9.812970506058573,2.254400532002937,2.0363264199738462
1147.1529537271635,9.785964037104586,9.785964037104586,9.82881398497597,9.813437842914505,2.754400532002937,2.5363264199738462
1147.3529803973863,9.792335526757604,9.792335526757604,9.823649309797325,9.820109034868123,2.254400532002937,3.0363264199738462
1147.5530070676089,9.798728810979188,9.798728810979188,9.823482070313476,9.818300823182478,2.754400532002937,2.5363264199738462
1147.7530337378316,9.805143826653392,9.805143826653392,9.820899506845564,9.827609396878998,2.6858857966931713,3.0363264199738462
1147.9530604080544,9.811580510449701,9.811580510449701,9.816191103489398,9.83915637496922,2.4369882176068782,3.5363264199738462
1148.1530870782772,9.818038798823702,9.818038798823702,9.823056545939862,9.849791985402472,2.9369882176068782,3.263369786177994
1148.3531137484997,9.82451862801769,9.82451862801769,9.836434001408977,9.850777668710542,3.4369882176068782,2.763369786177994
1148.5531404187225,9.831019934061324,9.831019934061324,9.85801516078723,9.862212053701022,3.9369882176068782,3.263369786177994
1148.7531670889452,9.837542652772214,9.837542652772214,9.873060183962808,9.864143395823902,3.884293497097796,2.763369786177994
1148.9531937591678,9.844086719756584,9.844086719756584,9.900110752198046,9.876075029040122,4.384293497097795,3.263369786177994
1149.1532204293906,9.850652070409922,9.850652070409922,9.923766482229656,9.89276410558551,3.8842934970977954,3.6432518110323993
1149.3532470996133,9.857238639917576,9.857238639917576,9.95343405819364,9.903188852484238,4.384293497097795,3.1432518110323993
1149.5532737698359,9.863846363255421,9.863846363255421,9.9723873713845,9.904983634273746,3.8842934970977954,2.6432518110323993
1149.7533004400586,9.870475175190514,9.870475175190514,9.986265756529523,9.910368330954363,3.3842934970977954,2.7669047733903334
1149.9533271102814,9.877125010281699,9.877125010281699,9.99722913605948,9.920925502850109,3.4443354232691297,3.2669047733903334
1150.153353780504,9.883795802880286,9.883795802880286,9.999866859273054,9.935510131229972,2.9443354232691297,3.7669047733903334
1150.3533804507267,9.890487487130684,9.890487487130684,9.996008471260344,9.945172797156896,2.4443354232691297,3.2669047733903334
1150.5534071209495,9.897199996971056,9.897199996971056,10.00006828622607,9.959843098379448,2.9443354232691297,3.7669047733903334
1150.753433791172,9.90393326613396,9.90393326613396,10.00082101558715,9.980171727553351,2.5290916871984632,4.198262427429894
1150.9534604613948,9.91068722814704,9.91068722814704,10.007660649277817,10.003602534448078,3.0290916871984632,4.698262427429894
1151.1534871316176,9.91746181633363,9.91746181633363,10.021044598336479,10.026134824668612,3.5290916871984632,4.198262427429894
1151.35351380184,9.924256963813438,9.924256963813438,10.028174905243022,10.03860669489479,3.194496150987001,3.698262427429894
1151.5535404720629,9.93107260350323,9.93107260350323,10.027688646155415,10.047793111719901,2.694496150987001,3.198262427429894
1151.7535671422856,9.937908668117446,9.937908668117446,10.0398848819472,10.06098104399225,3.194496150987001,3.698262427429894
1151.9535938125082,9.944765090168882,9.944765090168882,10.04618668312626,10.066568685070466,2.7040777322442238,3.198262427429894
1152.153620482731,9.951641801969389,9.951641801969389,10.039675886777655,10.069934909633579,2.2040777322442238,2.698262427429894
1152.3536471529537,9.958538735630487,9.958538735630487,10.022795151155862,10.064669457945117,1.7040777322442238,2.198262427429894
1152.5536738231763,9.965455823064062,9.965455823064062,10.016960120029456,10.052530989045943,2.2040777322442238,1.6982624274298939
1152.753700493399,9.97239299598306,9.97239299598306,10.024037371521022,10.03590894776308,2.7040777322442238,1.1982624274298939
1152.9537271636218,9.979350185902117,9.979350185902117,10.015698551859115,10.024732581108438,2.454592206147917,1.6982624274298939
1153.1537538338446,9.986327324138262,9.986327324138262,10.017313157566955,10.020587446932744,2.954592206147917,2.198262427429894
1153.3537805040671,9.993324341811583,9.993324341811583,10.012298002340403,10.021232725540816,2.454592206147917,2.698262427429894
1153.55380717429,10.000341169845937,10.000341169845937,10.020795587678673,10.030977958806535,2.954592206147917,3.198262427429894
1153.7538338445127,10.007377738969584,10.007377738969584,10.033468620888012,10.049494477638595,3.454592206147917,3.698262427429894
1153.9538605147352,10.014433979715896,10.014433979715896,10.041857638496547,10.06936013001524,2.954592206147917,4.198262427429894
1154.153887184958,10.02150982242407,10.02150982242407,10.057700074848972,10.099553779917523,3.454592206147917,4.698262427429894
1154.3539138551807,10.028605197239758,10.028605197239758,10.08326868234085,10.126979302894252,3.954592206147917,5.198262427429894
1154.5539405254033,10.035720034115789,10.035720034115789,10.100548767837479,10.151947454920828,3.454592206147917,4.698262427429894
1154.753967195626,10.042854262812883,10.042854262812883,10.105720469151244,10.17213398328997,2.954592206147917,4.198262427429894
1154.9539938658488,10.050007812900294,10.050007812900294,10.110645763786916,10.184773839561304,3.1795227607921426,3.698262427429894
1155.1540205360714,10.057180613756532,10.057180613756532,10.130746063338329,10.194445295284128,3.6795227607921426,3.198262427429894
1155.3540472062941,10.064372594570083,10.064372594570083,10.141058231119015,10.209497190771897,3.1795227607921426,3.698262427429894
1155.554073876517,10.071583684340059,10.071583684340059,10.160659492941512,10.217916733732638,3.6795227607921426,3.198262427429894
1155.7541005467394,10.078813811876923,10.078813811876923,10.171461552805171,10.233542122227801,3.1795227607921426,3.698262427429894
1155.9541272169622,10.086062905803221,10.086062905803221,10.186892207836607,10.239736685535817,3.6795227607921426,3.198262427429894
1156.154153887185,10.093330894554239,10.093330894554239,10.197945448398269,10.243118287386904,3.334469977757256,2.698262427429894
1156.3541805574075,10.100617706378706,10.100617706378706,10.21861114104429,10.25156446442678,3.834469977757256,3.198262427429894
1156.5542072276303,10.107923269339572,10.107923269339572,10.230514534327197,10.25480511740599,3.334469977757256,2.9432411700295775
1156.754233897853,10.115247511314642,10.115247511314642,10.235353184085259,10.250386890555786,2.834469977757256,2.4432411700295775
1156.9542605680756,10.122590359997318,10.122590359997318,10.23419164039944,10.258149934488763,2.334469977757256,2.9432411700295775
1157.1542872382984,10.12995174289733,10.12995174289733,10.226788064166623,10.25755756311383,2.256139084183397,2.4432411700295775
1157.3543139085211,10.137331587341418,10.137331587341418,10.234321955933117,10.244743620261607,2.756139084183397,1.9432411700295775
1157.5543405787437,10.144729820474058,10.144729820474058,10.227997685557918,10.228617349680158,2.256474874043849,1.4432411700295775
1157.7543672489664,10.152146369258222,10.152146369258222,10.223499818554126,10.222969149823513,2.581064716891181,1.9432411700295775
1157.9543939191892,10.159581160476032,10.159581160476032,10.213571254492017,10.208389428647068,2.081064716891181,1.4585231249813053
1158.154420589412,10.16703412072953,10.16703412072953,10.21088330031975,10.20462069442846,2.581064716891181,1.9585231249813053
1158.3544472596345,10.174505176441382,10.174505176441382,10.216549940460895,10.20562151520035,3.081064716891181,2.4585231249813053
1158.5544739298573,10.18199425385563,10.18199425385563,10.209911549474512,10.210909867584109,2.581064716891181,2.9585231249813053
1158.75450060008,10.189501279038382,10.189501279038382,10.214654213992604,10.222465772344833,2.9673206857126875,3.4585231249813053
1158.9545272703026,10.197026177878561,10.197026177878561,10.215507094741405,10.239994322975178,2.6497424151047344,3.9585231249813053
1159.1545539405254,10.204568876088661,10.204568876088661,10.225982661427656,10.24913800251908,3.1497424151047344,3.4585231249813053
1159.3545806107481,10.212129299205433,10.212129299205433,10.231761987625077,10.251874903192855,2.774837898918547,2.9585231249813053
1159.5546072809707,10.21970737259064,10.21970737259064,10.222874701912572,10.26516324858689,2.274837898918547,3.4585231249813053
1159.7546339511935,10.227303021431826,10.227303021431826,10.228437898664193,10.28262758307256,2.774837898918547,3.9585231249813053
1159.9546606214162,10.234916170743004,10.234916170743004,10.236555693560824,10.306605909703524,3.274837898918547,4.458523124981305
1160.1546872916388,10.242546745365408,10.242546745365408,10.253559861365849,10.32546970282043,3.622655264028123,3.958523124981305
1160.3547139618615,10.250194669968282,10.250194669968282,10.264240682015851,10.334212441656595,3.122655264028123,3.458523124981305
1160.5547406320843,10.257859869049554,10.257859869049554,10.278152427235796,10.33791342922447,3.622655264028123,2.958523124981305
1160.7547673023068,10.265542266936619,10.265542266936619,10.296239133843233,10.34971881709638,4.122655264028123,3.439736610916539
1160.9547939725296,10.273241787787104,10.273241787787104,10.329011142936778,10.35269078230045,4.560117078860062,2.939736610916539
1161.1548206427524,10.28095835558957,10.28095835558957,10.354636626411695,10.359526186026757,4.060117078860062,3.1668647533895085
1161.354847312975,10.288691894164288,10.288691894164288,10.37168592142196,10.371703775884578,3.589406084826878,3.6668647533895085
1161.5548739831977,10.29644232716401,10.29644232716401,10.377390808228759,10.391097648419109,3.089406084826878,4.1668647533895085
1161.7549006534205,10.304209578074683,10.304209578074683,10.37461854143972,10.405503691902506,2.589406084826878,3.6668647533895085
1161.954927323643,10.311993570216222,10.311993570216222,10.385538706047603,10.425175000163117,3.0761971439023417,4.1668647533895085
1162.1549539938658,10.319794226743298,10.319794226743298,10.39793328891399,10.45175976393236,3.105157314478683,4.6668647533895085
1162.3549806640885,10.327611470646024,10.327611470646024,10.413513661192116,10.472736059339907,3.605157314478683,4.1668647533895085
1162.555007334311,10.33544522475078,10.33544522475078,10.43706392391762,10.4845084629668,4.105157314478683,3.6668647533895085
1162.7550340045339,10.343295411720968,10.343295411720968,10.46331992183029,10.495134232097493,4.605157314478683,3.4970877609258992
1162.9550606747566,10.351161954057742,10.351161954057742,10.486818036499596,10.501130672168923,4.105157314478683,2.9970877609258992
1163.1550873449794,10.359044774100795,10.359044774100795,10.50276882674735,10.50291543636703,3.6051573144786833,2.4970877609258992
1163.355114015202,10.366943794029115,10.366943794029115,10.511207090899294,10.506033216670293,3.1051573144786833,2.9970877609258992
1163.5551406854247,10.374858935861791,10.374858935861791,10.50876360323572,10.506045611582518,2.6051573144786833,2.4970877609258992
1163.7551673556475,10.382790121458722,10.382790121458722,10.516843960591162,10.496393860573875,3.1051573144786833,1.9970877609258992
1163.95519402587,10.390737272521422,10.390737272521422,10.541821092665634,10.493070922239726,3.567396189832021,2.4970877609258992
1164.1552206960928,10.398700310593815,10.398700310593815,10.54883482811946,10.485729195429418,3.067396189832021,1.9970877609258992
1164.3552473663156,10.40667915706296,10.40667915706296,10.547423294174092,10.483562890198137,2.8421327669778074,2.4970877609258992
1164.555274036538,10.41467373315985,10.41467373315985,10.558516946050165,10.491271649132804,3.3421327669778074,2.9970877609258992
1164.7553007067609,10.422683959960219,10.422683959960219,10.576056975265999,10.491978323937484,3.8421327669778074,2.4970877609258992
1164.9553273769836,10.43070975838527,10.43070975838527,10.585938393759758,10.497526366913736,3.3421327669778074,2.9970877609258992
1165.1553540472062,10.438751049202473,10.438751049202473,10.606788786221731,10.507595431747252,3.8421327669778074,3.4970877609258992
1165.355380717429,10.446807753026384,10.446807753026384,10.62251170884132,10.52458122594053,3.3421327669778074,3.9970877609258992
1165.5554073876517,10.454879790319376,10.454879790319376,10.62423488774234,10.536547134244309,2.8421327669778074,3.4970877609258992
1165.7554340578743,10.462967081392437,10.462967081392437,10.620726117516295,10.543783065500394,2.3421327669778074,2.9970877609258992
1165.955460728097,10.471069546406,10.471069546406,10.615010494564228,10.5554723431606,2.4877144598636467,3.4970877609258992
1166.1554873983198,10.479187105370666,10.479187105370666,10.61687540036988,10.562298210980655,2.9877144598636467,2.9970877609258992
1166.3555140685423,10.48731967814803,10.48731967814803,10.6150213110895,10.567648664451182,2.4877144598636467,3.0539038084967935
1166.555540738765,10.49546718445149,10.49546718445149,10.6231176301217,10.576921718299443,2.9877144598636467,3.441744372615132
1166.7555674089879,10.503629543846994,10.503629543846994,10.621955307391497,10.5797292179806,2.4877144598636467,2.941744372615132
1166.9555940792104,10.511806675753851,10.511806675753851,10.628630536067075,10.582988477571542,2.9877144598636467,2.6891663761950233
1167.1556207494332,10.519998499445565,10.519998499445565,10.623757108867219,10.576810537973106,2.4877144598636467,2.1891663761950233
1167.355647419656,10.528204934050569,10.528204934050569,10.611207919874111,10.57870973585262,2.0322038964560303,2.6891663761950233
1167.5556740898785,10.536425898553055,10.536425898553055,10.612905702307403,10.586623631207827,2.5322038964560303,3.1891663761950233
1167.7557007601013,10.5446613117938,10.5446613117938,10.609212092060178,10.599203608862426,2.558976429379509,3.6891663761950233
1167.955727430324,10.552911092470922,10.552911092470922,10.611995860778148,10.610051727003565,2.8305450014803406,3.1891663761950233
1168.1557541005468,10.561175159140676,10.561175159140676,10.608186104615859,10.60872228044702,2.3305450014803406,2.6891663761950233
1168.3557807707693,10.569453430218312,10.569453430218312,10.606057297655031,10.616511237741113,2.515617451260865,3.1891663761950233
1168.555807440992,10.57774582397886,10.57774582397886,10.59908812139016,10.627896983916772,2.3207193746472585,3.5395413949306014
1168.7558341112149,10.586052258557903,10.586052258557903,10.603117152420547,10.644306499155922,2.8207193746472585,4.039541394930602
1168.9558607814374,10.594372651952412,10.594372651952412,10.611766771130585,10.65478789974245,3.3207193746472585,3.539541394930602
1169.1558874516602,10.602706922021575,10.602706922021575,10.630750932863519,10.673689421743347,3.8207193746472585,4.039541394930602
1169.355914121883,10.611054986487568,10.611054986487568,10.658797035949158,10.700017036116225,4.320000082762398,4.539541394930602
1169.5559407921055,10.619416762936376,10.619416762936376,10.679214939201348,10.716663009519905,3.938796573775331,4.039541394930602
1169.7559674623283,10.62779216881865,10.62779216881865,10.703234557895472,10.728485727851023,4.0293219250541625,3.539541394930602
1169.955994132551,10.636181121450457,10.636181121450457,10.735056785010615,10.733209330044012,4.5293219250541625,3.039541394930602
1170.1560208027736,10.64458353801413,10.64458353801413,10.756278271238198,10.74488808072593,4.0293219250541625,3.539541394930602
1170.3560474729964,10.652999335559109,10.652999335559109,10.782166999632507,10.759763098885879,4.372001742824614,4.039541394930602
1170.5560741432191,10.661428431002706,10.661428431002706,10.815774915097439,10.7797359537554,4.666137023332937,4.094291028816435
1170.7561008134417,10.669870741130957,10.669870741130957,10.838322283944029,10.794373911983302,4.166137023332937,3.5942910288164347
1170.9561274836644,10.67832618259946,10.67832618259946,10.859509272704912,10.799684799484902,3.9127776533324936,3.0942910288164347
1171.1561541538872,10.686794671934155,10.686794671934155,10.86912406320498,10.797651030150652,3.4127776533324936,2.5942910288164347
1171.3561808241097,10.695276125532171,10.695276125532171,10.870059768496535,10.79739778229451,2.9127776533324936,2.3551095874737316
1171.5562074943325,10.703770459662676,10.703770459662676,10.862256354856367,10.794891994324317,2.4127776533324936,2.2023151613775176
1171.7562341645553,10.71227759046765,10.71227759046765,10.849001747733052,10.798951413486899,1.9127776533324936,2.7023151613775176
1171.9562608347778,10.720797433962746,10.720797433962746,10.842899744369861,10.806673656958173,2.4127776533324936,3.2023151613775176
1172.1562875050006,10.729329906038137,10.729329906038137,10.846742625663186,10.820419616155986,2.8017671208014234,3.7023151613775176
1172.3563141752234,10.737874922459296,10.737874922459296,10.837960336138252,10.841623537993076,2.3017671208014234,4.202315161377518
1172.556340845446,10.746432398867862,10.746432398867862,10.837579130207155,10.868524063652886,2.8017671208014234,4.702315161377518
1172.7563675156687,10.755002250782486,10.755002250782486,10.848423482410649,10.888319196764149,3.3017671208014234,4.202315161377518
1172.9563941858914,10.763584393599622,10.763584393599622,10.868489448775183,10.902647668131808,3.8017671208014234,3.702315161377518
1173.1564208561142,10.772178742594393,10.772178742594393,10.884999316793847,10.922352333559568,3.5114882711892976,4.202315161377518
1173.3564475263368,10.78078521292141,10.78078521292141,10.89585641272937,10.936474144506414,3.0114882711892976,3.702315161377518
1173.5564741965595,10.78940371961565,10.78940371961565,10.895836533878793,10.943967937647349,2.5114882711892976,3.202315161377518
1173.7565008667823,10.798034177593234,10.798034177593234,10.901325104120254,10.944256805257226,3.0114882711892976,2.702315161377518
1173.9565275370048,10.806676501652307,10.806676501652307,10.915147798086593,10.95382526299725,3.5114882711892976,3.202315161377518
1174.1565542072276,10.815330606473868,10.815330606473868,10.936941696733648,10.953995096093555,4.011488271189298,2.702315161377518
1174.3565808774504,10.823996406622616,10.823996406622616,10.958152395878905,10.947242186248097,3.9224024128994452,2.202315161377518
1174.556607547673,10.832673816547782,10.832673816547782,10.97220886439656,10.933182881662276,3.4224024128994452,1.702315161377518
1174.7566342178957,10.841362750584008,10.841362750584008,10.981265543932409,10.926660102709407,3.0914001632624837,2.202315161377518
1174.9566608881184,10.85006312295214,10.85006312295214,10.985630209135854,10.929473073960594,2.9090472091754593,2.702315161377518
1175.156687558341,10.858774847760104,10.858774847760104,11.001154550224603,10.922653871107316,3.4090472091754593,2.202315161377518
1175.3567142285638,10.86749783900378,10.86749783900378,11.003350567577838,10.91858490883757,2.9090472091754593,2.566891014387275
1175.5567408987865,10.876232010567794,10.876232010567794,11.015295894550668,10.923157995768072,3.4090472091754593,3.066891014387275
1175.756767569009,10.884977276226394,10.884977276226394,11.017326266528226,10.936558490294098,2.9090472091754593,3.566891014387275
1175.9567942392318,10.893733549644338,10.893733549644338,11.0156549396335,10.953355157536105,2.8017627099083016,4.0668910143872745
1176.1568209094546,10.902500744377685,10.902500744377685,11.021284816739447,10.975468909486931,2.935172686181388,4.5668910143872745
1176.3568475796772,10.911278773874672,10.911278773874672,11.020937499278789,11.004567616836713,2.4642601831849644,5.0668910143872745
1176.5568742499,10.920067551476604,10.920067551476604,11.020922437258813,11.028207741339832,2.507610980069314,4.5668910143872745
1176.7569009201227,10.928866990418648,10.928866990418648,11.027435460053717,11.044479482719026,3.007610980069314,4.0668910143872745
1176.9569275903452,10.937677003830721,10.937677003830721,11.041699596530972,11.05763616156305,3.507610980069314,3.5668910143872745
1177.156954260568,10.946497504738378,10.946497504738378,11.0491730370759,11.064050449138733,3.136870412126322,3.1803571390792094
1177.3569809307908,10.955328406063602,10.955328406063602,11.060730158546704,11.065209460107496,3.636870412126322,2.6803571390792094
1177.5570076010133,10.964169620625709,10.964169620625709,11.08222635892681,11.070941396201242,4.1368704121263224,3.1803571390792094
1177.757034271236,10.973021061142227,10.973021061142227,11.098679064684477,11.07245601104033,3.6368704121263224,2.6803571390792094
1177.9570609414588,10.9818826402297,10.9818826402297,11.120717318047909,11.066654886447736,3.9110546322292787,2.1803571390792094
1178.1570876116816,10.99075427040459,10.99075427040459,11.134438052293204,11.065228874741063,3.4110546322292787,2.623601483453543
1178.3571142819042,10.999635864084128,10.999635864084128,11.13870843729216,11.068321881473702,2.9110546322292787,3.123601483453543
1178.557140952127,11.00852733358721,11.00852733358721,11.1460416307794,11.07971070375486,3.0219912278872014,3.623601483453543
1178.7571676223497,11.017428591135205,11.017428591135205,11.149909094605832,11.099849622706932,2.625644707032678,4.123601483453543
1178.9571942925722,11.026339548852853,11.026339548852853,11.138287842538405,11.114637483540653,2.125644707032678,3.623601483453543
1179.157220962795,11.03526011876916,11.03526011876916,11.122348321256403,11.13287856462345,1.625644707032678,4.123601483453543
1179.3572476330178,11.044190212818211,11.044190212818211,11.11150752029949,11.14562171551057,2.125644707032678,3.623601483453543
1179.5572743032403,11.053129742840067,11.053129742840067,11.111223393114857,11.163811571069981,2.625644707032678,4.123601483453543
1179.757300973463,11.06207862058166,11.06207862058166,11.118264293708716,11.1782298541032,3.125644707032678,3.623601483453543
1179.9573276436859,11.071036757697623,11.071036757697623,11.134962506683081,11.191922059763751,3.625644707032678,3.461723741138587
1180.1573543139084,11.08000406575115,11.08000406575115,11.147201066861157,11.205841394639434,3.468568138803068,3.961723741138587
1180.3573809841312,11.088980456214951,11.088980456214951,11.151255138300593,11.225660428996084,2.968568138803068,4.342083794595946
1180.557407654354,11.097965840472039,11.097965840472039,11.153855852862819,11.23975538646583,2.712192927092658,3.842083794595946
1180.7574343245765,11.106960129816636,11.106960129816636,11.160816366847286,11.248103664157895,3.212192927092658,3.342083794595946
1180.9574609947992,11.11596323545508,11.11596323545508,11.16003717452287,11.264068171404913,2.712192927092658,3.842083794595946
1181.157487665022,11.124975068506643,11.124975068506643,11.168409287784618,11.273466937805537,3.212192927092658,3.342083794595946
1181.3575143352446,11.133995540004438,11.133995540004438,11.164545027814622,11.276215052899298,2.712192927092658,2.842083794595946
1181.5575410054673,11.143024560896329,11.143024560896329,11.173532294605169,11.282373480065381,3.212192927092658,3.342083794595946
1181.75756767569,11.152062042045744,11.152062042045744,11.189753690917133,11.292346711227504,3.712192927092658,3.4594380722603484
1181.9575943459126,11.161107894232593,11.161107894232593,11.20843935318492,11.296367569656745,4.212192927092659,2.9594380722603484
1182.1576210161354,11.170162028154175,11.170162028154175,11.229565478442936,11.304731848399276,3.7121929270926586,3.4594380722603484
1182.3576476863582,11.179224354426001,11.179224354426001,11.256293821340785,11.320466332421947,4.212192927092659,3.9594380722603484
1182.5576743565807,11.1882947835827,11.1882947835827,11.288041378496152,11.332393685826291,4.712192927092659,3.4594380722603484
1182.7577010268035,11.197373226078945,11.197373226078945,11.31542067363729,11.336894112250269,4.212192927092659,2.9594380722603484
1182.9577276970263,11.20645959229026,11.20645959229026,11.342110616768505,11.33309447444573,4.712192927092659,2.4594380722603484
1183.157754367249,11.215553792513965,11.215553792513965,11.366934612702844,11.336338240962679,4.212192927092659,2.9594380722603484
1183.3577810374716,11.224655736970023,11.224655736970023,11.3834319576316,11.333436313333133,3.7121929270926586,2.4594380722603484
1183.5578077076943,11.233765335801976,11.233765335801976,11.401022258783527,11.338539259920344,3.6906289450363543,2.9594380722603484
1183.757834377917,11.242882499077774,11.242882499077774,11.421380403505816,11.34495745631165,4.008532553774636,2.9859233873616198
1183.9578610481396,11.252007136790683,11.252007136790683,11.438772902800567,11.354427829414135,3.703121944081545,3.4859233873616198
1184.1578877183624,11.261139158860214,11.261139158860214,11.44553356707816,11.372634467989263,3.203121944081545,3.9859233873616198
1184.3579143885852,11.270278475132947,11.270278475132947,11.446394058850318,11.386135606880238,2.703121944081545,3.4859233873616198
1184.5579410588077,11.279424995383451,11.279424995383451,11.451040756537687,11.403752620055265,3.203121944081545,3.9859233873616198
1184.7579677290305,11.288578629315206,11.288578629315206,11.466756724409388,11.413814491864605,3.703121944081545,3.4859233873616198
1184.9579943992533,11.297739286561434,11.297739286561434,11.492895668389448,11.415513890949626,4.203121944081545,2.9859233873616198
1185.1580210694758,11.306906876686021,11.306906876686021,11.508768027567276,11.428922226918727,3.703121944081545,3.4859233873616198
1185.3580477396986,11.316081309184444,11.316081309184444,11.51608833266701,11.431664715835758,3.203121944081545,2.9859233873616198
1185.5580744099213,11.325262493484596,11.325262493484596,11.518177580004478,11.43421814530793,2.703121944081545,2.9170551708130574
1185.758101080144,11.334450338947713,11.334450338947713,11.517770696222549,11.44436705409602,2.776266409214212,3.4170551708130574
1185.9581277503667,11.343644754869317,11.343644754869317,11.505312104905343,11.447994723660953,2.276266409214212,2.9170551708130574
1186.1581544205894,11.352845650479999,11.352845650479999,11.508233868060772,11.444595246193122,2.776266409214212,2.4170551708130574
1186.358181090812,11.362052934946414,11.362052934946414,11.506440302097207,11.444209449326358,2.5485390026673573,2.8070440686443026
1186.5582077610347,11.371266517372163,11.371266517372163,11.495017023454645,11.452706218045748,2.137120292162814,3.3070440686443026
1186.7582344312575,11.380486306798645,11.380486306798645,11.490781693932808,11.455402672919185,2.637120292162814,2.8070440686443026
1186.95826110148,11.389712212205978,11.389712212205978,11.496609754999538,11.461343542018184,3.137120292162814,3.3070440686443026
1187.1582877717028,11.398944142513937,11.398944142513937,11.51070943887328,11.474969839409077,3.637120292162814,3.8070440686443026
1187.3583144419256,11.40818200658278,11.40818200658278,11.517328922242736,11.500518857708633,3.137120292162814,4.307044068644302
1187.5583411121481,11.417425713214197,11.417425713214197,11.52837244258157,11.515125127108877,3.637120292162814,3.807044068644302
1187.758367782371,11.426675171152215,11.426675171152215,11.550003613669602,11.534500580909022,4.137120292162814,4.307044068644302
1187.9583944525937,11.435930289084064,11.435930289084064,11.564475668774756,11.556555200463677,3.6371202921628143,4.807044068644302
1188.1584211228164,11.445190975641102,11.445190975641102,11.568965314427546,11.579808234385082,3.1371202921628143,4.307044068644302
1188.358447793039,11.454457139399702,11.454457139399702,11.565875509653381,11.591437288181595,2.6371202921628143,3.807044068644302
1188.5584744632617,11.4637286888822,11.4637286888822,11.575885826587307,11.612250897767655,3.1371202921628143,4.307044068644302
1188.7585011334845,11.473005532557726,11.473005532557726,11.593183430251024,11.637326598093649,3.6371202921628143,4.807044068644302
1188.958527803707,11.482287578843147,11.482287578843147,11.601964842589485,11.65918663393101,3.1371202921628143,4.307044068644302
1189.1585544739298,11.491574736104003,11.491574736104003,11.617514847005756,11.6738330094678,3.6371202921628143,4.107856582132607
1189.3585811441526,11.50086691265534,11.50086691265534,11.624687752578874,11.686515379268451,3.275774055807428,3.607856582132607
1189.5586078143751,11.510164016762657,11.510164016762657,11.622017358440695,11.690660099128536,2.775774055807428,3.107856582132607
1189.758634484598,11.519465956642836,11.519465956642836,11.614027520757197,11.699782567738021,2.3542228403680165,3.607856582132607
1189.9586611548207,11.52877264046499,11.52877264046499,11.622564745227475,11.701997139137283,2.8542228403680165,3.107856582132607
1190.1586878250432,11.538083976351396,11.538083976351396,11.63209459455871,11.70006234888853,3.3542228403680165,2.607856582132607
1190.358714495266,11.547399872378438,11.547399872378438,11.640260273223335,11.690114654941036,3.169516424347894,2.107856582132607
1190.5587411654888,11.556720236577451,11.556720236577451,11.63613763479465,11.688354615176761,2.669516424347894,2.607856582132607
1190.7587678357113,11.566044976935656,11.566044976935656,11.645369907071476,11.69310714216627,3.169516424347894,3.107856582132607
1190.958794505934,11.575374001397105,11.575374001397105,11.661852728510675,11.701611657022891,3.669516424347894,3.607856582132607
1191.1588211761568,11.584707217863524,11.584707217863524,11.67764070443072,11.704131054531791,3.5190790029191086,3.1500256462855942
1191.3588478463794,11.594044534195255,11.594044534195255,11.680515685255052,11.712258511847459,3.0190790029191086,3.6500256462855942
1191.5588745166021,11.603385858212198,11.603385858212198,11.678389357013987,11.73154462986019,2.5190790029191086,4.150025646285594
1191.758901186825,11.612731097694653,11.612731097694653,11.686329577494297,11.750939584494517,3.0190790029191086,4.054831432606639
1191.9589278570475,11.62208016038428,11.62208016038428,11.701098508917479,11.772402476880352,3.5190790029191086,4.554831432606639
1192.1589545272702,11.631432953984996,11.631432953984996,11.720660675452299,11.78782617840374,4.019079002919108,4.054831432606639
1192.358981197493,11.64078938616388,11.64078938616388,11.752032106616744,11.79735723592567,4.519079002919108,3.5548314326066386
1192.5590078677155,11.650149364552085,11.650149364552085,11.774673074059796,11.796086816706522,4.019079002919108,3.0548314326066386
1192.7590345379383,11.659512796745785,11.659512796745785,11.786853909818081,11.802210401136733,3.519079002919108,3.474939891824988
1192.959061208161,11.668879590307025,11.668879590307025,11.7970162046841,11.805670693606167,3.4381493738933653,2.974939891824988
1193.1590878783838,11.678249652764677,11.678249652764677,11.799548440351572,11.812390465055637,2.9381493738933653,3.474939891824988
1193.3591145486064,11.687622891615332,11.687622891615332,11.810209316912735,11.815978950019026,3.4381493738933653,2.974939891824988
1193.5591412188292,11.69699921432425,11.69699921432425,11.834390899326399,11.826809065651581,3.9381493738933653,3.474939891824988
1193.759167889052,11.706378528326221,11.706378528326221,11.845906446454153,11.840806829886972,3.4381493738933653,3.974939891824988
1193.9591945592745,11.715760741026502,11.715760741026502,11.860779145561015,11.862723994936477,3.6146477911573514,4.474939891824988
1194.1592212294972,11.725145759801764,11.725145759801764,11.87979413775248,11.880915522110735,3.9596477803567285,3.974939891824988
1194.35924789972,11.734533492000944,11.734533492000944,11.907565311672967,11.892282709432584,4.459647780356729,3.474939891824988
1194.5592745699425,11.743923844946192,11.743923844946192,11.944180048234314,11.896099259410082,4.916879313738931,2.974939891824988
1194.7593012401653,11.75331672593382,11.75331672593382,11.968084364960795,11.904262334976567,4.416879313738931,3.474939891824988
1194.959327910388,11.762712042235144,11.762712042235144,11.988325340239204,11.906749580918706,3.9168793137389306,2.974939891824988
1195.1593545806106,11.772109701097444,11.772109701097444,12.000444194754035,11.915403916207518,3.4168793137389306,3.474939891824988
1195.3593812508334,11.781509609744905,11.781509609744905,12.021670603862404,11.92715427726086,3.9168793137389306,3.7880169707475497
1195.5594079210562,11.790911675379467,11.790911675379467,12.028264295853209,11.935585023731772,3.4168793137389306,3.2880169707475497
1195.7594345912787,11.800315805181778,11.800315805181778,12.02735443857346,11.935954141559131,2.9168793137389306,2.7880169707475497
1195.9594612615015,11.80972190631214,11.80972190631214,12.031786656635573,11.930683597316255,3.107688871642171,2.2880169707475497
1196.1594879317242,11.819129885911357,11.819129885911357,12.029877664001356,11.932066359697153,2.607688871642171,2.7880169707475497
1196.3595146019468,11.828539651101696,11.828539651101696,12.028687888280341,11.94079021343664,2.7810780395985337,3.2880169707475497
1196.5595412721696,11.837951108987824,11.837951108987824,12.01858545045425,11.951841956404119,2.2810780395985337,3.7880169707475497
1196.7595679423923,11.847364166657663,11.847364166657663,12.00859689785749,11.96303787705209,1.9639725747940107,3.467131815486908
1196.9595946126149,11.856778731183347,11.856778731183347,11.996856932651257,11.978062421715874,2.4639725747940107,3.967131815486908
1197.1596212828376,11.86619470962216,11.86619470962216,11.999465049879724,11.99632199768217,2.9639725747940107,4.467131815486908
1197.3596479530604,11.875612009017404,11.875612009017404,11.993449358513649,12.009058341562834,2.4639725747940107,3.9671318154869084
1197.559674623283,11.88503053639933,11.88503053639933,11.996111176329208,12.018915444902111,2.9639725747940107,3.4671318154869084
1197.7597012935057,11.894450198786105,11.894450198786105,11.991640841339072,12.032102781049295,2.4639725747940107,3.9671318154869084
1197.9597279637285,11.903870903184668,11.903870903184668,11.994935527534139,12.051068410204424,2.9639725747940107,4.467131815486908
1198.1597546339513,11.91329255659165,11.91329255659165,12.00739577513007,12.064777271968588,3.4639725747940107,3.9671318154869084
1198.3597813041738,11.92271506599433,11.92271506599433,12.028017454821146,12.086147067839349,3.782968420763315,4.467131815486908
1198.5598079743966,11.932138338371566,11.932138338371566,12.035427892831898,12.100412802940562,3.282968420763315,3.9671318154869084
1198.7598346446193,11.941562280694646,11.941562280694646,12.03852932717246,12.11911178618536,2.782968420763315,4.467131815486908
1198.9598613148419,11.950986799928245,11.950986799928245,12.048071444927075,12.132019813903607,3.282968420763315,3.9671318154869084
1199.1598879850646,11.960411803031374,11.960411803031374,12.046952846307972,12.138726064642428,2.782968420763315,3.4671318154869084
1199.3599146552874,11.969837196958236,11.969837196958236,12.05671100368303,12.136390330048863,3.282968420763315,2.9671318154869084
1199.55994132551,11.97926288865918,11.97926288865918,12.067551656564568,12.131848492792818,3.492678365615361,2.4671318154869084
1199.7599679957327,11.98868878508164,11.98868878508164,12.08944949020404,12.124273108413783,3.992678365615361,1.9979229559963494
1199.9599946659555,11.998114793171,11.998114793171,12.11560539683388,12.119016442149803,4.492678365615361,2.497922955996349
1200.160021336178,12.007540819871542,12.007540819871542,12.136851398340543,12.118977406531547,3.992678365615361,2.997922955996349
1200.3600480064008,12.016966772127397,12.016966772127397,12.152297523057461,12.129816574625432,3.5479961993240585,3.497922955996349
1200.5600746766236,12.026392556883396,12.026392556883396,12.15314078331251,12.145254073152692,3.0479961993240585,3.997922955996349
1200.760101346846,12.035818081086028,12.035818081086028,12.16746488742889,12.155323754327904,3.5479961993240585,3.497922955996349
1200.9601280170689,12.045243251684381,12.045243251684381,12.175345719167927,12.165512935461745,3.0479961993240585,3.997922955996349
1201.1601546872917,12.054667975631007,12.054667975631007,12.177394604721554,12.172148794198993,2.841309117093161,3.497922955996349
1201.3601813575142,12.064092159882867,12.064092159882867,12.174705642406723,12.188261301045358,2.6349501108212112,3.8941350035108586
1201.560208027737,12.073515711402274,12.073515711402274,12.182848616370126,12.191733003653752,3.1349501108212112,3.3941350035108586
1201.7602346979597,12.082938537157766,12.082938537157766,12.194270751465963,12.193720948246696,3.6349501108212112,2.8941350035108586
1201.9602613681823,12.092360544125041,12.092360544125041,12.20983145610457,12.200740447306055,3.719794139195082,3.3941350035108586
1202.160288038405,12.10178163928791,12.10178163928791,12.222255020896329,12.214698006951698,3.219794139195082,3.8941350035108586
1202.3603147086278,12.111201729639161,12.111201729639161,12.233761539491779,12.237680810912146,3.719794139195082,4.394135003510859
1202.5603413788504,12.120620722181494,12.120620722181494,12.244103862684947,12.262904234068092,3.219794139195082,4.870861433659121
1202.7603680490731,12.130038523928482,12.130038523928482,12.24261885806855,12.280080137827758,2.719794139195082,4.370861433659121
1202.960394719296,12.139455041905421,12.139455041905421,12.247106654357342,12.306071856372252,3.219794139195082,4.870861433659121
1203.1604213895187,12.148870183150294,12.148870183150294,12.251627685880683,12.325141671149185,2.719794139195082,4.370861433659121
1203.3604480597412,12.158283854714663,12.158283854714663,12.24598759928074,12.35168804082905,2.219794139195082,4.870861433659121
1203.560474729964,12.167695963664627,12.167695963664627,12.245158893590558,12.372337926601434,2.719794139195082,4.370861433659121
1203.7605014001867,12.177106417081685,12.177106417081685,12.240146172968759,12.385254842414184,2.219794139195082,3.8708614336591207
1203.9605280704093,12.18651512206369,12.18651512206369,12.241447070993713,12.400860274331073,2.719794139195082,4.370861433659121
1204.160554740632,12.195921985725755,12.195921985725755,12.247911930340953,12.413733543866892,3.076885884019972,3.8708614336591207
1204.3605814108548,12.20532691520117,12.20532691520117,12.263850520928374,12.42143937771492,3.576885884019972,3.3708614336591207
1204.5606080810774,12.214729817642308,12.214729817642308,12.270097099647241,12.434726717301626,3.076885884019972,3.8708614336591207
1204.7606347513001,12.224130600221589,12.224130600221589,12.285156337416627,12.442592686950771,3.576885884019972,3.3708614336591207
1204.960661421523,12.233529170132325,12.233529170132325,12.286585960507034,12.439299012756322,3.076885884019972,2.8708614336591207
1205.1606880917454,12.242925434589674,12.242925434589674,12.299995034777764,12.43406540086278,3.576885884019972,2.709554634838102
1205.3607147619682,12.252319300831587,12.252319300831587,12.317340170903691,12.422401680497401,4.076885884019973,2.209554634838102
1205.560741432191,12.261710676119657,12.261710676119657,12.345122970904521,12.413159532493113,4.383987628294975,1.9616190781059208
1205.7607681024135,12.271099467740068,12.271099467740068,12.365878930607373,12.410518466706908,3.8839876282949746,2.4616190781059206
1205.9607947726363,12.280485583004543,12.280485583004543,12.375544953081825,12.413961543393274,3.3839876282949746,2.9616190781059206
1206.160821442859,12.289868929251197,12.289868929251197,12.389151457504989,12.407819675594727,3.8839876282949746,2.4616190781059206
1206.3608481130816,12.299249413845477,12.299249413845477,12.41220303666276,12.400766921059077,4.292686008442538,2.1090475204737236
1206.5608747833044,12.308626944181114,12.308626944181114,12.436286693081348,12.384892912460677,4.174858472865908,1.6090475204737236
1206.7609014535271,12.318001427680977,12.318001427680977,12.455159857951983,12.37543024615428,4.102146464503549,2.1090475204737236
1206.9609281237497,12.327372771798007,12.327372771798007,12.468908336446258,12.376482148233883,3.602146464503549,2.6090475204737236
1207.1609547939725,12.336740884016175,12.336740884016175,12.47521104678247,12.379267809783434,3.102146464503549,3.1090475204737236
1207.3609814641952,12.346105671851324,12.346105671851324,12.482472951207445,12.389452681098385,3.3507416002096124,3.6090475204737236
1207.5610081344178,12.355467042852114,12.355467042852114,12.481391703103407,12.406260427817568,2.8507416002096124,4.109047520473723
1207.7610348046405,12.364824904600972,12.364824904600972,12.484656777218197,12.41258741515191,3.3507416002096124,3.609047520473723
1207.9610614748633,12.374179164714938,12.374179164714938,12.485808695814196,12.428960131318972,2.8507416002096124,4.109047520473723
1208.161088145086,12.383529730846613,12.383529730846613,12.475777089084431,12.451608521817056,2.3507416002096124,4.609047520473723
1208.3611148153086,12.392876510685063,12.392876510685063,12.459398249085512,12.469820784798712,1.8507416002096124,4.252561674615081
1208.5611414855314,12.402219411956757,12.402219411956757,12.452329687004228,12.492771548657045,2.3507416002096124,4.752561674615081
1208.7611681557541,12.41155834242643,12.41155834242643,12.451725781845834,12.52286495131819,2.8507416002096124,5.252561674615081
1208.9611948259767,12.420893209898013,12.420893209898013,12.456915641289203,12.54380737345792,3.3507416002096124,4.752561674615081
1209.1612214961995,12.430223922215578,12.430223922215578,12.473224639353557,12.562851177988057,3.8507416002096124,4.252561674615081
1209.3612481664222,12.439550387264193,12.439550387264193,12.480920392832981,12.587582446116983,3.3507416002096124,4.752561674615081
1209.5612748366448,12.448872512970848,12.448872512970848,12.497335567282812,12.60405727235796,3.6217154824170987,4.3764675519562175
1209.7613015068675,12.458190207305417,12.458190207305417,12.522688254933849,12.614670447467223,4.121715482417098,3.8764675519562175
1209.9613281770903,12.467503378281462,12.467503378281462,12.535406441113059,12.633407481967895,3.6217154824170983,4.3764675519562175
1210.1613548473129,12.47681193395723,12.47681193395723,12.556974335895303,12.644528043264833,4.121715482417098,3.8764675519562175
1210.3613815175356,12.486115782436546,12.486115782436546,12.587169990752118,12.65228938893649,4.621715482417098,3.3764675519562175
1210.5614081877584,12.495414831869684,12.495414831869684,12.606249046654543,12.65319034942204,4.121715482417098,2.8764675519562175
1210.761434857981,12.50470899045429,12.50470899045429,12.63135082586843,12.659793129323946,4.030092392998454,3.3764675519562175
1210.9614615282037,12.513998166436327,12.513998166436327,12.656545820617234,12.669759389899372,4.530092392998454,3.8764675519562175
1211.1614881984265,12.523282268110911,12.523282268110911,12.676546998508693,12.67742123243542,4.030092392998454,3.3764675519562175
1211.361514868649,12.532561203823262,12.532561203823262,12.6890428203121,12.675803202261655,3.530092392998454,2.8764675519562175
1211.5615415388718,12.54183488196962,12.54183488196962,12.706645357948231,12.683598114406522,3.760793812039353,3.3764675519562175
1211.7615682090945,12.551103210998106,12.551103210998106,12.718124856771336,12.68620091317117,3.5862645337319243,2.8764675519562175
1211.961594879317,12.560366099409645,12.560366099409645,12.734554623210226,12.68742086761637,4.086264533731924,3.3764675519562175
1212.1616215495399,12.569623455758904,12.569623455758904,12.746592656061564,12.698955985436896,3.5862645337319243,3.8764675519562175
1212.3616482197626,12.578875188655138,12.578875188655138,12.746755441888629,12.715544590016473,3.0862645337319243,4.3764675519562175
1212.5616748899852,12.588121206763107,12.588121206763107,12.757420989405976,12.726540782740576,3.5862645337319243,3.8764675519562175
1212.761701560208,12.59736141880403,12.59736141880403,12.772757641496417,12.731361100690883,3.891344293347651,3.3764675519562175
1212.9617282304307,12.606595733556412,12.606595733556412,12.786692754116139,12.747415873098292,3.460099684448751,3.8764675519562175
1213.1617549006535,12.615824059856982,12.615824059856982,12.790322258454767,12.766103458342991,3.050936824802657,4.3764675519562175
1213.361781570876,12.625046306601584,12.625046306601584,12.790629896273387,12.777827294323838,2.550936824802657,3.8764675519562175
1213.5618082410988,12.63426238274611,12.63426238274611,12.777368891806146,12.783364960005045,2.2365841135842737,3.3764675519562175
1213.7618349113216,12.643472197307336,12.643472197307336,12.775185259939681,12.789428785060922,2.7365841135842737,3.8764675519562175
1213.961861581544,12.652675659363858,12.652675659363858,12.77232219549235,12.794998227910185,2.603886911361987,3.3764675519562175
1214.1618882517669,12.661872678057016,12.661872678057016,12.775193714108912,12.794384645077253,3.103886911361987,2.8764675519562175
1214.3619149219896,12.671063162591723,12.671063162591723,12.781742916354895,12.803103195460396,3.3618477599656726,3.2061714285793097
1214.5619415922122,12.680247022237408,12.680247022237408,12.784015390229893,12.811165179322602,2.8618477599656726,3.7061714285793097
1214.761968262435,12.689424166328926,12.689424166328926,12.77732332519462,12.827302910822437,2.3618477599656726,4.20617142857931
1214.9619949326577,12.698594504267403,12.698594504267403,12.778970718172916,12.835193711273535,2.8618477599656726,3.70617142857931
1215.1620216028803,12.707757945521154,12.707757945521154,12.787690266839627,12.850234528137971,3.3618477599656726,4.20617142857931
1215.362048273103,12.716914399626614,12.716914399626614,12.794260907738488,12.873090914634044,2.8618477599656726,4.70617142857931
1215.5620749433258,12.72606377618916,12.72606377618916,12.801634048952668,12.892207939751303,3.3618477599656726,4.20617142857931
1215.7621016135483,12.73520598488406,12.73520598488406,12.815926599346152,12.904660677614356,3.548240388418777,3.70617142857931
1215.962128283771,12.744340935457332,12.744340935457332,12.838368994722485,12.909435419725606,4.048240388418777,3.20617142857931
1216.1621549539939,12.75346853772666,12.75346853772666,12.86896101993936,12.917057473449756,4.54307651642156,3.70617142857931
1216.3621816242164,12.762588701582255,12.762588701582255,12.89014722928346,12.919360267858938,4.04307651642156,3.20617142857931
1216.5622082944392,12.771701336987793,12.771701336987793,12.89619847398877,12.915865189673754,3.54307651642156,2.70617142857931
1216.762234964662,12.780806353981244,12.780806353981244,12.89834407183134,12.920432545531684,3.04307651642156,3.20617142857931
1216.9622616348845,12.789903662675787,12.789903662675787,12.892228960554736,12.918757173144648,2.54307651642156,2.70617142857931
1217.1622883051073,12.798993173260733,12.798993173260733,12.894596894997576,12.921247700975236,3.04307651642156,3.1513171840006593
1217.36231497533,12.808074796002341,12.808074796002341,12.892499922488776,12.928870635554397,2.7456345418420534,3.6513171840006593
1217.5623416455526,12.817148441244747,12.817148441244747,12.896404523987952,12.925129829089046,3.2456345418420534,3.1513171840006593
1217.7623683157753,12.826214019410868,12.826214019410868,12.909567337559311,12.934936025582761,3.5236539738178303,3.6513171840006593
1217.9623949859981,12.835271441003233,12.835271441003233,12.930323892330199,12.950956532841927,4.02365397381783,4.151317184000659
1218.1624216562209,12.844320616604907,12.844320616604907,12.948667431147094,12.972239700899625,3.9391862064489946,4.651317184000659
1218.3624483264434,12.853361456880348,12.853361456880348,12.97115232415027,13.000938760979023,4.439186206448994,5.151317184000659
1218.5624749966662,12.862393872576332,12.862393872576332,12.99105942132761,13.02455353456746,3.939186206448994,4.651317184000659
1218.762501666889,12.871417774522776,12.871417774522776,12.998901287526328,13.0401561826339,3.439186206448994,4.151317184000659
1218.9625283371115,12.880433073633647,12.880433073633647,13.014015264260339,13.051210988909672,3.939186206448994,3.651317184000659
1219.1625550073343,12.889439680907868,12.889439680907868,13.027572190270815,13.054830776126359,3.545908298841666,3.151317184000659
1219.362581677557,12.898437507430145,12.898437507430145,13.032198668039824,13.053498140049115,3.045908298841666,2.651317184000659
1219.5626083477796,12.907426464371866,12.907426464371866,13.043694326887769,13.054358954618408,3.545908298841666,3.151317184000659
1219.7626350180024,12.916406462992013,12.916406462992013,13.046498471433855,13.055138771763074,3.045908298841666,2.955080946426396
1219.9626616882251,12.925377414637973,12.925377414637973,13.041067773859844,13.047207123671434,2.545908298841666,2.455080946426396
1220.1626883584477,12.934339230746453,12.934339230746453,13.042502246096474,13.04950472770479,2.9186112120339627,2.955080946426396
1220.3627150286704,12.943291822844373,12.943291822844373,13.05076156079418,13.044041286797352,3.4186112120339627,2.455080946426396
1220.5627416988932,12.952235102549686,12.952235102549686,13.052060563295786,13.041782745434753,2.9186112120339627,2.955080946426396
1220.7627683691157,12.96116898157228,12.96116898157228,13.062165557394618,13.044562209163573,3.2111925034460143,3.065343187630325
1220.9627950393385,12.97009337171488,12.97009337171488,13.064021908960479,13.041104671085796,2.7111925034460143,2.565343187630325
1221.1628217095613,12.979008184873852,12.979008184873852,13.067175898115908,13.041392180321095,3.2111925034460143,3.065343187630325
1221.3628483797838,12.987913333040114,12.987913333040114,13.077514028128359,13.04850640676073,3.7111925034460143,3.565343187630325
1221.5628750500066,12.996808728300026,12.996808728300026,13.090328871438542,13.049182668931152,3.627473379410931,3.065343187630325
1221.7629017202294,13.005694282836213,13.005694282836213,13.110281071772965,13.056541547393117,4.127473379410931,3.565343187630325
1221.962928390452,13.014569908928415,13.014569908928415,13.122135168538165,13.06832886597569,3.8716850549598347,4.065343187630325
1222.1629550606747,13.023435518954456,13.023435518954456,13.131438763411927,13.08993164153351,3.3716850549598347,4.565343187630325
1222.3629817308974,13.032291025390993,13.032291025390993,13.13224499521118,13.1154265551621,2.8716850549598347,5.065343187630325
1222.56300840112,13.04113634081443,13.04113634081443,13.122146683542748,13.13726685157881,2.3716850549598347,4.565343187630325
1222.7630350713428,13.049971377901816,13.049971377901816,13.104901665381698,13.150875433808304,1.8716850549598347,4.065343187630325
1222.9630617415655,13.058796049431628,13.058796049431628,13.094449369253839,13.172134701300019,2.0111684381244475,4.565343187630325
1223.1630884117883,13.067610268284694,13.067610268284694,13.090054942826448,13.198470476748039,2.5111684381244475,5.065343187630325
1223.3631150820108,13.076413947445019,13.076413947445019,13.099625689359858,13.218811202374201,3.0111684381244475,4.565343187630325
1223.5631417522336,13.085207000000686,13.085207000000686,13.107943709927056,13.23198498302575,3.5111684381244475,4.065343187630325
1223.7631684224564,13.093989339144665,13.093989339144665,13.109465975126703,13.239830139803063,3.0111684381244475,3.565343187630325
1223.963195092679,13.102760878175681,13.102760878175681,13.111671843119902,13.240684752291068,3.198276199207541,3.065343187630325
1224.1632217629017,13.111521530499116,13.111521530499116,13.129474697693466,13.235895424234013,3.698276199207541,2.565343187630325
1224.3632484331245,13.120271209627797,13.120271209627797,13.154270200219138,13.229803475329978,4.198276199207541,2.3734056266533052
1224.563275103347,13.129009829182879,13.129009829182879,13.165747517009361,13.215621072591174,3.9734390707664446,1.8734056266533052
1224.7633017735698,13.137737302894733,13.137737302894733,13.191188912696449,13.210926016743276,4.473439070766444,2.3734056266533052
1224.9633284437925,13.146453544603732,13.146453544603732,13.227289307515456,13.193715288172994,4.973439070766444,1.8734056266533052
1225.163355114015,13.155158468261135,13.155158468261135,13.254420292178114,13.184175987139023,4.473439070766444,2.3734056266533052
1225.3633817842378,13.163851987929963,13.163851987929963,13.276095256013086,13.185244160019433,3.973439070766444,2.8734056266533052
1225.5634084544606,13.172534017785793,13.172534017785793,13.297653430609731,13.19203120277734,4.063046968407263,3.3734056266533052
1225.7634351246832,13.181204472117631,13.181204472117631,13.32277350829872,13.204863447957177,4.563046968407263,3.8734056266533052
1225.963461794906,13.189863265328789,13.189863265328789,13.338749996508266,13.223710270589002,4.063046968407263,4.373405626653305
1226.1634884651287,13.19851031193767,13.19851031193767,13.348417597431572,13.241204844250209,3.5630469684072628,4.27111136334635
1226.3635151353512,13.207145526578639,13.207145526578639,13.35819388487352,13.264416801347293,3.3413169971763157,4.77111136334635
1226.563541805574,13.215768824002907,13.215768824002907,13.356509343506485,13.28230043325061,2.8413169971763157,4.27111136334635
1226.7635684757968,13.224380119079298,13.224380119079298,13.360004610597564,13.293520025872796,3.3413169971763157,3.7711113633463498
1226.9635951460193,13.232979326795128,13.232979326795128,13.376774572335307,13.30191771285325,3.8413169971763157,3.771297534077303
1227.163621816242,13.24156636225707,13.24156636225707,13.383633332604518,13.304929283921819,3.3413169971763157,3.271297534077303
1227.3636484864649,13.250141140691937,13.250141140691937,13.394696408276578,13.314903650246153,3.655092307886042,3.771297534077303
1227.5636751566874,13.258703577447545,13.258703577447545,13.399141600700778,13.330893846455748,3.155092307886042,4.271297534077303
1227.7637018269102,13.26725358799359,13.26725358799359,13.415240031039652,13.350993531012412,3.655092307886042,4.771297534077303
1227.963728497133,13.275791087922386,13.275791087922386,13.429801356697626,13.377838864492233,4.155092307886042,5.270369281452216
1228.1637551673557,13.284315992949786,13.284315992949786,13.461086087675755,13.400099391777298,4.655092307886042,4.770369281452216
1228.3637818375782,13.29282821891597,13.29282821891597,13.480263595835257,13.4201171066208,4.155092307886042,4.346216840072043
1228.563808507801,13.301327681786317,13.301327681786317,13.488479934015366,13.43419221175205,3.655092307886042,3.846216840072043
1228.7638351780238,13.309814297652176,13.309814297652176,13.493294094042442,13.438919070594347,3.155092307886042,3.346216840072043
1228.9638618482463,13.318287982731723,13.318287982731723,13.498589152959592,13.441121712686988,3.2976370731395015,2.846216840072043
1229.163888518469,13.32674865337082,13.32674865337082,13.498268705239923,13.441735379391908,2.7976370731395015,3.0537271828378114
1229.3639151886919,13.335196226043786,13.335196226043786,13.505787200894373,13.43363869457103,3.2976370731395015,2.5537271828378114
1229.5639418589144,13.343630617354238,13.343630617354238,13.501976050795692,13.436596684682817,2.7976370731395015,3.0537271828378114
1229.7639685291372,13.352051744035956,13.352051744035956,13.494901409998871,13.445996589432056,2.2976370731395015,3.5537271828378114
1229.96399519936,13.360459522953642,13.360459522953642,13.490924651388442,13.458328419271787,2.772760143858366,3.9115362212709104
1230.1640218695825,13.368853871103772,13.368853871103772,13.477564136328377,13.476134310637994,2.272760143858366,4.411536221270911
1230.3640485398053,13.377234705615436,13.377234705615436,13.457874513713998,13.499911008574307,1.772760143858366,4.911536221270911
1230.564075210028,13.385601943751114,13.385601943751114,13.43647700670522,13.51715073900707,1.2754512017114805,4.411536221270911
1230.7641018802506,13.393955502907506,13.393955502907506,13.416416035501044,13.526949270141332,1.7754512017114807,3.911536221270911
1230.9641285504733,13.402295300616384,13.402295300616384,13.405849952724909,13.540036448214952,2.2754512017114807,4.036694273295048
1231.164155220696,13.41062125454535,13.41062125454535,13.406748619844207,13.545807858751031,2.7283990517972816,3.5366942732950477
1231.3641818909186,13.41893328249867,13.41893328249867,13.409918337768651,13.559787332368334,3.2283990517972816,4.036694273295048
1231.5642085611414,13.427231302418127,13.427231302418127,13.422462706385938,13.58284639039709,3.7283990517972816,4.536694273295048
1231.7642352313642,13.435515232383757,13.435515232383757,13.447938242370002,13.595499234440446,4.228399051797282,4.036694273295048
1231.9642619015867,13.4437849906147,13.4437849906147,13.478968569388536,13.600239262018974,4.728399051797282,3.5366942732950477
1232.1642885718095,13.452040495470031,13.452040495470031,13.520740907998574,13.601109483474923,5.228399051797282,3.0366942732950477
1232.3643152420323,13.46028166544951,13.46028166544951,13.550378976199935,13.598704999611888,4.728399051797282,2.783773064186502
1232.5643419122548,13.46850841919441,13.46850841919441,13.570553020449218,13.593080599551405,4.228399051797282,2.64398214992457
1232.7643685824776,13.476720675488359,13.476720675488359,13.58479879408749,13.588926629765387,3.7283990517972816,2.5993953922043906
1232.9643952527003,13.48491835325807,13.48491835325807,13.591404254472565,13.5900942025981,3.2283990517972816,3.0993953922043906
1233.164421922923,13.493101371574198,13.493101371574198,13.60277604950505,13.596532655868524,3.7283990517972816,3.5993953922043906
1233.3644485931457,13.501269649652103,13.501269649652103,13.608455214144138,13.593428869787179,3.2283990517972816,3.0993953922043906
1233.5644752633684,13.509423106852697,13.509423106852697,13.62238480636407,13.586424157286256,3.695076745137124,2.5993953922043906
1233.7645019335912,13.517561662683182,13.517561662683182,13.632119077024443,13.578887172264603,3.7363058099235347,2.0993953922043906
1233.9645286038137,13.525685236797848,13.525685236797848,13.634002351035418,13.561067411125899,3.2363058099235347,1.5993953922043906
1234.1645552740365,13.53379374899894,13.53379374899894,13.63257651127129,13.550949090427551,2.7363058099235347,2.0993953922043906
1234.3645819442593,13.541887119237364,13.541887119237364,13.633077664483741,13.548131863920748,3.2363058099235347,2.5993953922043906
1234.5646086144818,13.549965267613509,13.549965267613509,13.646887853412963,13.546599191835346,3.7363058099235347,2.5671582568894626
1234.7646352847046,13.558028114378061,13.558028114378061,13.665430206521517,13.54771513414138,3.9526543836188064,3.0671582568894626
1234.9646619549274,13.566075579932747,13.566075579932747,13.684837663713894,13.555500105284308,4.217263419958253,3.5671582568894626
1235.16468862515,13.574107584831138,13.574107584831138,13.696732093051759,13.568535246015292,3.717263419958253,4.067158256889463
1235.3647152953727,13.58212404977946,13.58212404977946,13.69971989416439,13.589474357060693,3.217263419958253,4.567158256889463
1235.5647419655954,13.590124895637333,13.590124895637333,13.692989401910395,13.618045781822318,2.717263419958253,5.067158256889463
1235.764768635818,13.598110043418563,13.598110043418563,13.68023231351237,13.647375025186243,2.217263419958253,5.404017395000317
1235.9647953060407,13.606079414291965,13.606079414291965,13.676895521474501,13.685130803926828,2.717263419958253,5.904017395000317
1236.1648219762635,13.614032929582079,13.614032929582079,13.680154617078578,13.714763560387555,3.217263419958253,5.404017395000317
1236.364848646486,13.621970510769973,13.621970510769973,13.691093027611977,13.737270830379751,3.717263419958253,4.904017395000317
1236.5648753167088,13.629892079494049,13.629892079494049,13.701128337318892,13.755955073319315,3.596099979552963,4.404017395000317
1236.7649019869316,13.637797557550758,13.637797557550758,13.71916090993585,13.765091433784455,4.096099979552963,3.9040173950003174
1236.9649286571541,13.645686866895407,13.645686866895407,13.730852996641135,13.766429554854861,3.596099979552963,3.4040173950003174
1237.164955327377,13.653559929642945,13.653559929642945,13.745190904333219,13.764321406128685,3.993429075528869,2.9040173950003174
1237.3649819975997,13.661416668068687,13.661416668068687,13.754696954075852,13.760513249527273,3.630703991431284,2.4040173950003174
1237.5650086678222,13.669257004609108,13.669257004609108,13.769305457045881,13.756397849764769,3.632998254554643,2.9040173950003174
1237.765035338045,13.677080861862628,13.677080861862628,13.78996638566099,13.750576611528642,4.132998254554643,2.4040173950003174
1237.9650620082678,13.684888162590331,13.684888162590331,13.809566946319629,13.747771838197488,4.289669465090328,2.9040173950003174
1238.1650886784905,13.692678829716758,13.692678829716758,13.825467383975989,13.75269448639829,3.789669465090328,3.4040173950003174
1238.365115348713,13.700452786330654,13.700452786330654,13.82767559138502,13.752623279057346,3.289669465090328,2.9040173950003174
1238.5651420189358,13.708209955685756,13.708209955685756,13.823726339216487,13.757038198824565,2.789669465090328,3.4040173950003174
1238.7651686891586,13.71595026120151,13.71595026120151,13.822995862816889,13.756153900500424,2.7407860346040493,2.9040173950003174
1238.9651953593811,13.723673626463837,13.723673626463837,13.828118392038213,13.760547373170269,3.2407860346040493,3.4040173950003174
1239.165222029604,13.731379975225927,13.731379975225927,13.826512603294969,13.761900658948992,2.7407860346040493,2.9040173950003174
1239.3652486998267,13.739069231408935,13.739069231408935,13.81833555788602,13.766579319280552,2.7364388312122143,3.4040173950003174
1239.5652753700492,13.746741319102757,13.746741319102757,13.808805237062302,13.78166305977719,2.2667371961872282,3.9040173950003174
1239.765302040272,13.754396162566813,13.754396162566813,13.78894808156786,13.789662716904346,1.7667371961872282,3.5234426330349615
1239.9653287104948,13.762033686230712,13.762033686230712,13.772608108763261,13.80173532275955,1.928761745453496,4.0234426330349615
1240.1653553807173,13.769653814695076,13.769653814695076,13.76141760110731,13.817774168619305,2.181057263457266,4.5234426330349615
1240.36538205094,13.777256472732267,13.777256472732267,13.755510072961032,13.842207906747454,2.681057263457266,5.0234426330349615
1240.5654087211628,13.7848415852871,13.7848415852871,13.757449156522256,13.871265401343901,3.181057263457266,5.409954532666916
1240.7654353913854,13.792409077477604,13.792409077477604,13.767732501303906,13.894906153780619,3.681057263457266,5.309312889910515
1240.9654620616082,13.799958874595777,13.799958874595777,13.7777368399304,13.9192385949703,3.6256674080474083,4.809312889910515
1241.165488731831,13.807490902108288,13.807490902108288,13.793552483460342,13.938433167851517,4.125667408047408,4.378733781061325
1241.3655154020535,13.815005085657234,13.815005085657234,13.82130378850947,13.946408130263062,4.625667408047408,3.8787337810613254
1241.5655420722762,13.822501351060888,13.822501351060888,13.854935727943127,13.951048305617663,5.125667408047408,3.3787337810613254
1241.765568742499,13.829979624314397,13.829979624314397,13.87725374744445,13.948845744382728,4.625667408047408,2.9430384066517155
1241.9655954127215,13.837439831590531,13.837439831590531,13.912350454360322,13.945755271303883,5.125667408047408,2.5147460546754536
1242.1656220829443,13.844881899240434,13.844881899240434,13.93617703427641,13.933919309916444,4.625667408047408,2.0147460546754536
1242.365648753167,13.852305753794301,13.852305753794301,13.971191306058703,13.918882983672944,5.125667408047408,1.8662711560777625
1242.5656754233896,13.859711321962136,13.859711321962136,14.001215427752214,13.905579328956636,4.625667408047408,1.9252206394933489
1242.7657020936124,13.867098530634491,13.867098530634491,14.020472387781043,13.886625266653672,4.125667408047408,1.4252206394933489
1242.9657287638352,13.874467306883147,13.874467306883147,14.032563504120576,13.871883599296623,3.6256674080474083,1.9252206394933489
1243.165755434058,13.881817577961858,13.881817577961858,14.036411759216909,13.867762676775092,3.1256674080474083,2.3245078439271336
1243.3657821042805,13.889149271307058,13.889149271307058,14.030057893375801,13.863757880593273,2.6256674080474083,2.8245078439271336
1243.5658087745032,13.896462314538612,13.896462314538612,14.033493043125063,13.865698064252076,3.1256674080474083,3.3245078439271336
1243.765835444726,13.903756635460475,13.903756635460475,14.027761809847137,13.871642419991199,2.6256674080474083,3.513027580548545
1243.9658621149485,13.911032162061435,13.911032162061435,14.030520787279068,13.88580167998532,3.1256674080474083,4.013027580548545
1244.1658887851713,13.918288822515844,13.918288822515844,14.041465506812674,13.907457522475186,3.6256674080474083,4.395714460207611
1244.365915455394,13.925526545184287,13.925526545184287,14.053668938955258,13.920188975889797,3.658893151927477,4.304083979379054
1244.5659421256166,13.932745258614297,13.932745258614297,14.065837841670136,13.942931350401416,4.158893151927478,4.804083979379054
1244.7659687958394,13.939944891541103,13.939944891541103,14.075658436263295,13.967648930469108,3.6588931519274777,5.255444692010969
1244.9659954660622,13.947125372888273,13.947125372888273,14.07791281473726,13.999759996787091,3.1588931519274777,5.755444692010969
1245.1660221362847,13.954286631768447,13.954286631768447,14.077705295235905,14.034445470804101,2.6588931519274777,5.7519908062713325
1245.3660488065075,13.961428597484053,13.961428597484053,14.080395677927081,14.06349416121076,3.1588931519274777,5.2519908062713325
1245.5660754767302,13.968551199527965,13.968551199527965,14.086749359916825,14.084482649137668,3.2212720497001675,4.7519908062713325
1245.7661021469528,13.975654367584228,13.975654367584228,14.08106178065765,14.108609379243545,2.8301216135771368,5.096545688107645
1245.9661288171756,13.982738031528742,13.982738031528742,14.068845555233251,14.130176271379753,2.3301216135771368,4.596545688107645
1246.1661554873983,13.989802121429955,13.989802121429955,14.066220237156505,14.145934020348783,2.8301216135771368,4.096545688107645
1246.3661821576209,13.996846567549548,13.996846567549548,14.073157356808945,14.152101080622511,3.3301216135771368,3.5965456881076454
1246.5662088278436,14.003871300343157,14.003871300343157,14.073140118020639,14.153089210550752,2.8301216135771368,3.2829545001315315
1246.7662354980664,14.010876250461001,14.010876250461001,14.08047334651746,14.16347288838235,3.3301216135771368,3.7829545001315315
1246.966262168289,14.017861348748607,14.017861348748607,14.095054567320675,14.166303533927149,3.8301216135771368,3.2829545001315315
1247.1662888385117,14.024826526247498,14.024826526247498,14.100110858904335,14.16371842703106,3.3301216135771368,2.7829545001315315
1247.3663155087345,14.031771714195843,14.031771714195843,14.117059541871905,14.157998608901528,3.8301216135771368,2.3650101030357624
1247.566342178957,14.038696844029152,14.038696844029152,14.127376886532101,14.151408946022025,3.4271641254959038,2.4544128490780994
1247.7663688491798,14.045601847380974,14.045601847380974,14.129736009055597,14.150209782860694,2.9271641254959038,2.9544128490780994
1247.9663955194026,14.052486656083529,14.052486656083529,14.1385894628229,14.152339898884824,3.4271641254959038,3.4544128490780994
1248.1664221896253,14.059351202168411,14.059351202168411,14.137312484175778,14.149371764989658,2.9271641254959038,2.9544128490780994
1248.3664488598479,14.066195417867242,14.066195417867242,14.141707991255615,14.144965747965072,3.4271641254959038,2.777365664505662
1248.5664755300706,14.073019235612378,14.073019235612378,14.153571304212404,14.143078471602088,3.9271641254959038,2.865154035258572
1248.7665022002934,14.079822588037517,14.079822588037517,14.161160722774708,14.132920441933152,3.4271641254959038,2.365154035258572
1248.966528870516,14.086605407978405,14.086605407978405,14.178799229398255,14.128413354878441,3.892724980071719,2.865154035258572
1249.1665555407387,14.093367628473507,14.093367628473507,14.201540072550571,14.133154577539353,4.392724980071719,3.365154035258572
1249.3665822109615,14.100109182764625,14.100109182764625,14.213515865602094,14.144333787916722,3.911253570849887,3.865154035258572
1249.566608881184,14.106830004297587,14.106830004297587,14.222483942725706,14.147965299658381,3.461552547040781,3.365154035258572
1249.7666355514068,14.113530026722923,14.113530026722923,14.232657109270443,14.154904760868709,3.5553187186035093,3.514745525846351
1249.9666622216296,14.120209183896469,14.120209183896469,14.233643040021896,14.164953813343264,3.0553187186035093,4.014745525846351
1250.1666888918521,14.126867409880052,14.126867409880052,14.230142957080014,14.171177138176168,2.5553187186035093,3.514745525846351
1250.366715562075,14.133504638942158,14.133504638942158,14.233890849896746,14.182805276028002,3.0102687499143155,4.014745525846351
1250.5667422322977,14.140120805558533,14.140120805558533,14.220760749607349,14.198978599466205,2.5102687499143155,4.514745525846351
1250.7667689025202,14.146715844412864,14.146715844412864,14.200513290213454,14.208508024726672,2.0102687499143155,4.014745525846351
1250.966795572743,14.15328969039743,14.15328969039743,14.191378700687107,14.215603739926976,2.5102687499143155,3.514745525846351
1251.1668222429657,14.159842278613716,14.159842278613716,14.191240023545575,14.214526970630295,3.0102687499143155,3.014745525846351
1251.3668489131883,14.166373544373062,14.166373544373062,14.199172374370761,14.217696138192089,3.5102687499143155,3.514745525846351
1251.566875583411,14.172883423197336,14.172883423197336,14.212322803791071,14.217151881802623,4.0102687499143155,3.014745525846351
1251.7669022536338,14.179371850819525,14.179371850819525,14.225393464519446,14.223538487550323,3.8100285364892583,3.514745525846351
1251.9669289238564,14.185838763184364,14.185838763184364,14.225785433934194,14.235713186273626,3.3100285364892583,4.014745525846351
1252.1669555940791,14.192284096449036,14.192284096449036,14.23930242664401,14.253291790717977,3.8100285364892583,4.514745525846351
1252.366982264302,14.198707786983736,14.198707786983736,14.260988572021189,14.262443224657426,4.310028536489258,4.014745525846351
1252.5670089345244,14.205109771372308,14.205109771372308,14.272619903012535,14.267302579006257,3.8100285364892583,3.514745525846351
1252.7670356047472,14.211489986412914,14.211489986412914,14.294587752184091,14.27351332735364,4.310028536489258,3.5919987659901116
1252.96706227497,14.217848369118608,14.217848369118608,14.324168866246756,14.282612092621486,4.810028536489258,3.9270180445109895
1253.1670889451927,14.22418485671798,14.22418485671798,14.362687997815971,14.297207105065143,5.310028536489258,4.427018044510989
1253.3671156154153,14.230499386655765,14.230499386655765,14.389479828361061,14.310236654331321,4.810028536489258,3.927018044510989
1253.567142285638,14.236791896593497,14.236791896593497,14.411239751065517,14.31701858252446,4.310028536489258,3.4859633536107593
1253.7671689558608,14.24306232441007,14.24306232441007,14.42528566230438,14.315318514978117,3.8100285364892583,2.9859633536107593
1253.9671956260834,14.249310608202382,14.249310608202382,14.426788209875252,14.308348582676235,3.3100285364892583,2.4859633536107593
1254.1672222963061,14.255536686285959,14.255536686285959,14.422217830980465,14.303849268695997,2.8100285364892583,2.7106152405194686
1254.367248966529,14.261740497195525,14.261740497195525,14.41947383795355,14.304477535050655,3.009619857068432,3.2106152405194686
1254.5672756367514,14.267921979685637,14.267921979685637,14.418242709520715,14.303096601668834,2.9525071705728148,2.7106152405194686
1254.7673023069742,14.274081072731297,14.274081072731297,14.407194027961975,14.305529110558206,2.4525071705728148,3.2106152405194686
1254.967328977197,14.280217715528524,14.280217715528524,14.40549859198679,14.299796331660406,2.9525071705728148,3.0355240183106886
1255.1673556474195,14.28633184749497,14.28633184749497,14.393265982394349,14.307425052410247,2.4525071705728148,3.5355240183106886
1255.3673823176423,14.29242340827054,14.29242340827054,14.390742317216539,14.318595409449726,2.9525071705728148,3.7798932423583538
1255.567408987865,14.298492337717946,14.298492337717946,14.395975357031082,14.337472123171722,3.4525071705728148,4.279893242358353
1255.7674356580876,14.304538575923319,14.304538575923319,14.408403283840709,14.360639010021709,3.9525071705728148,4.779893242358353
1255.9674623283104,14.31056206319683,14.31056206319683,14.417138922177184,14.389048624362287,3.4525071705728148,5.21748878570083
1256.1674889985331,14.316562740073227,14.316562740073227,14.420769386352568,14.411472783264353,3.2206125322138814,4.71748878570083
1256.3675156687557,14.32254054731245,14.32254054731245,14.429953537429638,14.426783425171255,3.7206125322138814,4.21748878570083
1256.5675423389785,14.328495425900229,14.328495425900229,14.433491343468727,14.442909666236824,3.2206125322138814,3.980780951425064
1256.7675690092012,14.334427317048636,14.334427317048636,14.444710148290813,14.446774504937059,3.7206125322138814,3.480780951425064
1256.9675956794238,14.340336162196678,14.340336162196678,14.462354243317497,14.456109581382135,3.974278024792941,3.8236474000674585
1257.1676223496465,14.346221903010898,14.346221903010898,14.473880530705259,14.461205341193988,3.474278024792941,3.3236474000674585
1257.3676490198693,14.35208448138591,14.35208448138591,14.482193662108312,14.459721477385024,3.974278024792941,3.141459222167638
1257.5676756900918,14.357923839445,14.357923839445,14.487215863204037,14.455773328547492,3.474278024792941,2.641459222167638
1257.7677023603146,14.363739919540688,14.363739919540688,14.482763604802802,14.457452574895541,2.974278024792941,3.141459222167638
1257.9677290305374,14.369532664255303,14.369532664255303,14.489362354583305,14.450687558951715,3.474278024792941,2.641459222167638
1258.1677557007602,14.375302016401543,14.375302016401543,14.487080129330185,14.44085917874615,2.974278024792941,2.416850560629673
1258.3677823709827,14.381047919023038,14.381047919023038,14.475048704197679,14.439397453154616,2.537733412258468,2.916850560629673
1258.5678090412055,14.386770315394937,14.386770315394937,14.474599820778392,14.435991069720748,3.037733412258468,2.735215915918676
1258.7678357114282,14.392469149024427,14.392469149024427,14.487649892398329,14.437719000688856,3.537733412258468,3.235215915918676
1258.9678623816508,14.398144363651314,14.398144363651314,14.504488521230261,14.44830560649778,4.0377334122584685,3.735215915918676
1259.1678890518735,14.403795903248591,14.403795903248591,14.515152330593475,14.454374650213701,3.5377334122584685,3.235215915918676
1259.3679157220963,14.409423712022964,14.409423712022964,14.525780855299399,14.45465656612605,4.0377334122584685,3.374361104427564
1259.5679423923189,14.415027734415409,14.415027734415409,14.544892263901119,14.467725212843142,4.092714895730201,3.874361104427564
1259.7679690625416,14.420607915101748,14.420607915101748,14.55715452508149,14.471761400794657,3.592714895730201,3.374361104427564
1259.9679957327644,14.426164198993156,14.426164198993156,14.563383703880044,14.479457593300276,3.8492907217816668,3.874361104427564
1260.168022402987,14.431696531236721,14.431696531236721,14.570724268624533,14.495987315244331,3.3492907217816668,4.374361104427564
1260.3680490732097,14.437204857216006,14.437204857216006,14.567261182258022,14.50440107720728,2.8492907217816668,3.9244134077649626
1260.5680757434325,14.44268912255155,14.44268912255155,14.561570913880383,14.506391254184502,2.628791996141743,3.4244134077649626
1260.768102413655,14.448149273101428,14.448149273101428,14.546581196265432,14.514727496610945,2.3563896815326744,3.9244134077649626
1260.9681290838778,14.453585254961794,14.453585254961794,14.52653653430404,14.517323918136945,1.8563896815326744,3.4244134077649626
1261.1681557541006,14.45899701446739,14.45899701446739,14.518154084671503,14.515492278581016,2.3563896815326744,2.9244134077649626
1261.368182424323,14.464384498192077,14.464384498192077,14.516503949667518,14.517860384841892,2.8563896815326744,3.4244134077649626
1261.5682090945459,14.469747652949398,14.469747652949398,14.52039655342593,14.517706713433167,3.3115849558968473,2.9244134077649626
1261.7682357647686,14.475086425793059,14.475086425793059,14.522070422983612,14.50714850988246,3.0229073439668612,2.4244134077649626
1261.9682624349912,14.480400764017464,14.480400764017464,14.51682401906631,14.50699145134475,2.5229073439668612,2.9244134077649626
1262.168289105214,14.485690615158266,14.485690615158266,14.520229422762394,14.512372306532878,3.0229073439668612,3.4244134077649626
1262.3683157754367,14.490955926992834,14.490955926992834,14.527759417508033,14.510760125115334,3.5229073439668612,2.9244134077649626
1262.5683424456593,14.496196647540804,14.496196647540804,14.524677440467089,14.515014007684789,3.0533719784614863,3.4244134077649626
1262.768369115882,14.501412725064595,14.501412725064595,14.531549143832947,14.52361688329916,3.5533719784614863,3.9244134077649626
1262.9683957861048,14.50660410806989,14.50660410806989,14.543502469526194,14.539598071776062,4.053371978461486,4.424413407764963
1263.1684224563276,14.511770745306169,14.511770745306169,14.547723941170428,14.552081233783092,3.5533719784614863,3.9244134077649626
1263.36844912655,14.516912585767201,14.516912585767201,14.546645538822258,14.556651373336624,3.0533719784614863,3.4244134077649626
1263.5684757967729,14.52202957869158,14.52202957869158,14.555206633880056,14.565852055091902,3.3986683440154635,3.9244134077649626
1263.7685024669956,14.527121673563162,14.527121673563162,14.566017854044896,14.587432520959071,3.8986683440154635,4.424413407764963
1263.9685291372182,14.532188820111624,14.532188820111624,14.577626206157898,14.60823008057582,3.834692054692862,4.924413407764963
1264.168555807441,14.537230968312949,14.537230968312949,14.594592119248912,14.622511658426204,4.334692054692861,4.424413407764963
1264.3685824776637,14.542248068389888,14.542248068389888,14.605405273940661,14.631708170749604,3.8346920546928613,3.9244134077649626
1264.5686091478863,14.547240070812478,14.547240070812478,14.608672573269008,14.632355273425881,3.3346920546928613,3.4244134077649626
1264.768635818109,14.552206926298538,14.552206926298538,14.621222653032877,14.629937055508838,3.8346920546928613,2.9244134077649626
1264.9686624883318,14.557148585814133,14.557148585814133,14.625227044622013,14.62059053104162,3.3346920546928613,2.4244134077649626
1265.1686891585543,14.56206500057406,14.56206500057406,14.62663946545609,14.619018085319986,3.162213843170348,2.9244134077649626
1265.368715828777,14.566956122042365,14.566956122042365,14.63415284192019,14.61842834529385,3.662213843170348,3.4244134077649626
1265.5687424989999,14.571821901932768,14.571821901932768,14.637698578319132,14.612177092747512,3.4255370677062165,2.9244134077649626
1265.7687691692224,14.576662292209173,14.576662292209173,14.65225535718805,14.61470657491928,3.9255370677062165,3.4244134077649626
1265.9687958394452,14.581477245086152,14.581477245086152,14.657086237130184,14.626235232435183,3.4255370677062165,3.9244134077649626
1266.168822509668,14.586266713029381,14.586266713029381,14.66957750044696,14.640938388606447,3.759795422154995,4.424413407764963
1266.3688491798905,14.591030648756135,14.591030648756135,14.674999488916354,14.653052555784525,3.259795422154995,3.9244134077649626
1266.5688758501133,14.595769005235761,14.595769005235761,14.674961067255763,14.669576778498813,3.087461119764567,4.21135613547229
1266.768902520336,14.600481735690114,14.600481735690114,14.682934787819077,14.678899727500555,3.566908512381968,3.7113561354722897
1266.9689291905586,14.605168793594034,14.605168793594034,14.686745805726103,14.692702832372914,3.558919863296822,4.21135613547229
1267.1689558607814,14.609830132675828,14.609830132675828,14.702065399268577,14.699997673223328,3.9907453043055097,3.7113561354722897
1267.3689825310041,14.614465706917683,14.614465706917683,14.706979384102171,14.70314669822345,3.4907453043055097,3.2113561354722897
1267.569009201227,14.61907547055615,14.61907547055615,14.707737615961358,14.714175981808088,2.9907453043055097,3.7113561354722897
1267.7690358714494,14.623659378082582,14.623659378082582,14.699931232499946,14.726165188428523,2.796752906444839,4.102389300252316
1267.9690625416722,14.628217384243609,14.628217384243609,14.684957379094465,14.728363443776374,2.350581142908002,3.602389300252316
1268.169089211895,14.632749444041542,14.632749444041542,14.68002125227957,14.726638976933488,2.850581142908002,3.102389300252316
1268.3691158821175,14.63725551273485,14.63725551273485,14.684883547779222,14.728562681218152,3.350581142908002,3.2894717649715934
1268.5691425523403,14.641735545838598,14.641735545838598,14.678914254898231,14.73681989904133,2.850581142908002,3.7894717649715934
1268.769169222563,14.646189499124873,14.646189499124873,14.681406563736672,14.751821838992537,3.036717890216348,4.289471764971593
1268.9691958927856,14.650617328623223,14.650617328623223,14.68908017880346,14.76057337139588,3.536717890216348,3.7894717649715934
1269.1692225630084,14.655018990621114,14.655018990621114,14.702438704477037,14.775474241873058,3.9972006104108777,4.289471764971593
1269.3692492332311,14.659394441664325,14.659394441664325,14.726746092113972,14.794786246212437,4.422379132147563,4.789471764971593
1269.5692759034537,14.663743638557403,14.663743638557403,14.736936251604119,14.811612401955253,3.9223791321475634,4.289471764971593
1269.7693025736764,14.668066538364084,14.668066538364084,14.749040886757504,14.817530271852846,3.738922070953727,3.7894717649715934
1269.9693292438992,14.672363098407708,14.672363098407708,14.764884616757309,14.819020160724843,3.9443785456730205,3.2894717649715934
1270.1693559141218,14.676633276271652,14.676633276271652,14.773461014732465,14.822436006230152,3.4443785456730205,3.590527647475853
1270.3693825843445,14.680877029799749,14.680877029799749,14.782600495561029,14.823897153267325,3.7427154824137383,3.090527647475853
1270.5694092545673,14.68509431709669,14.68509431709669,14.781840140531825,14.814816653581419,3.2427154824137383,2.590527647475853
1270.7694359247898,14.689285096528446,14.689285096528446,14.789876132698856,14.814588980754653,3.254769792681492,3.090527647475853
1270.9694625950126,14.693449326722694,14.693449326722694,14.785282538020642,14.801833208553866,2.754769792681492,2.590527647475853
1271.1694892652354,14.697586966569196,14.697586966569196,14.786761380216502,14.788423236711495,3.254769792681492,2.090527647475853
1271.369515935458,14.70169797522022,14.70169797522022,14.77718538748766,14.781607537081126,2.7674055255321957,2.583014103827425
1271.5695426056807,14.705782312090959,14.705782312090959,14.766091281048576,14.77752541381215,2.3559538169584116,3.083014103827425
1271.7695692759035,14.709839936859899,14.709839936859899,14.763938614349088,14.770396512859799,2.8559538169584116,2.583014103827425
1271.969595946126,14.713870809469237,14.713870809469237,14.766876546831936,14.770902403159663,3.209579806901792,3.083014103827425
1272.1696226163488,14.717874890125284,14.717874890125284,14.77123469506604,14.764813600801673,3.709579806901792,2.583014103827425
1272.3696492865715,14.721852139298838,14.721852139298838,14.773420173906805,14.764573514738181,3.209579806901792,3.083014103827425
1272.5696759567943,14.725802517725583,14.725802517725583,14.769356989172433,14.771922762285147,2.709579806901792,3.583014103827425
1272.7697026270168,14.729725986406478,14.729725986406478,14.763362838772693,14.7806427174977,2.920309676487559,3.6937007271496505
1272.9697292972396,14.733622506608151,14.733622506608151,14.768642327063631,14.792900413264938,3.420309676487559,4.1937007271496505
1273.1697559674624,14.737492039863259,14.737492039863259,14.781890803089796,14.806862765919067,3.920309676487559,4.208821069607675
1273.369782637685,14.741334547970878,14.741334547970878,14.801067373908708,14.812114326067652,4.420309676487559,3.7088210696076747
1273.5698093079077,14.7451499929969,14.7451499929969,14.822693207345173,14.810395308093883,4.375733191469074,3.2088210696076747
1273.7698359781305,14.748938337274375,14.748938337274375,14.837415139454793,14.814631856850822,3.875733191469074,3.3980213650063518
1273.969862648353,14.752699543403896,14.752699543403896,14.856968617251926,14.812960812735707,4.375733191469074,2.8980213650063518
1274.1698893185758,14.756433574253986,14.756433574253986,14.86466915153689,14.803117450191097,3.875733191469074,2.571172415552365
1274.3699159887985,14.760140392961434,14.760140392961434,14.872859140376649,14.787728462537878,3.375733191469074,2.071172415552365
1274.569942659021,14.763819962931674,14.763819962931674,14.864783886732893,14.77919200570458,2.875733191469074,2.571172415552365
1274.7699693292438,14.767472247839157,14.767472247839157,14.856971554223136,14.77869152290195,2.6597111259159845,3.071172415552365
1274.9699959994666,14.771097211627687,14.771097211627687,14.838707205745285,14.784575885124806,2.1597111259159845,3.571172415552365
1275.1700226696892,14.77469481851079,14.77469481851079,14.82725536559944,14.786006031951047,2.6597111259159845,3.071172415552365
1275.370049339912,14.778265032972074,14.778265032972074,14.828909659419397,14.792071260171861,3.1597111259159845,3.571172415552365
1275.5700760101347,14.781807819765568,14.781807819765568,14.840955662636754,14.791763601069809,3.6597111259159845,3.071172415552365
1275.7701026803572,14.785323143916056,14.785323143916056,14.840572316151283,14.794421968621533,3.1597111259159845,3.571172415552365
1275.97012935058,14.788810970719467,14.788810970719467,14.83093207399085,14.798952506829853,2.6961409025493763,3.071172415552365
1276.1701560208028,14.792271265743173,14.792271265743173,14.81315113705545,14.80877545469212,2.3462363715076893,3.571172415552365
1276.3701826910253,14.795703994826347,14.795703994826347,14.807368594352388,14.817845676478889,2.8462363715076893,4.071172415552365
1276.570209361248,14.799109124080308,14.799109124080308,14.807570024363873,14.826220411037522,3.3462363715076893,3.709257572671339
1276.7702360314709,14.80248661988884,14.80248661988884,14.803818184417423,14.825502246790258,3.10352943267491,3.209257572671339
1276.9702627016934,14.805836448908527,14.805836448908527,14.809441868931128,14.821534767963264,3.5012639132919383,2.7354701426097
1277.1702893719162,14.809158578069098,14.809158578069098,14.817979537882426,14.823621586180916,4.001263913291938,3.2354701426097
1277.370316042139,14.812452974573732,14.812452974573732,14.821294719817352,14.831906857428926,3.501263913291938,3.7354701426097
1277.5703427123617,14.815719605899393,14.815719605899393,14.836409160527994,14.8360429480238,4.001263913291938,3.3789328346818603
1277.7703693825842,14.818958439797143,14.818958439797143,14.84393326889611,14.832503749276043,3.501263913291938,2.8789328346818603
1277.970396052807,14.82216944429248,14.82216944429248,14.857080328465692,14.826633057247316,4.001263913291938,2.3789328346818603
1278.1704227230298,14.825352587685636,14.825352587685636,14.863161570147703,14.824285901098003,3.501263913291938,2.8789328346818603
1278.3704493932523,14.828507838551882,14.828507838551882,14.876398715473606,14.825114523189816,4.001263913291938,3.1547395309865234
1278.570476063475,14.831635165741869,14.831635165741869,14.89119786676743,14.834253985059345,3.976595929144986,3.6547395309865234
1278.7705027336979,14.834734538381905,14.834734538381905,14.908393409816536,14.845379932338123,4.2585517956423375,4.154739530986523
1278.9705294039204,14.837805925874267,14.837805925874267,14.919229779741052,14.852772698184273,3.7585517956423375,3.6547395309865234
1279.1705560741432,14.84084929789753,14.84084929789753,14.937394765567996,14.851482488839137,4.2585517956423375,3.1547395309865234
1279.370582744366,14.843864624406816,14.843864624406816,14.9409067129391,14.846644207374148,3.7585517956423375,2.7361306820437754
1279.5706094145885,14.846851875634137,14.846851875634137,14.941004132545936,14.848777523613636,3.3273703739309517,3.2361306820437754
1279.7706360848113,14.849811022088668,14.849811022088668,14.936994431185816,14.844381725114037,2.8273703739309517,2.7361306820437754
1279.970662755034,14.852742034557036,14.852742034557036,14.928855400134381,14.84383740371292,2.3273703739309517,3.2361306820437754
1280.1706894252566,14.855644884103612,14.855644884103612,14.920223928511081,14.848589532231543,2.8273703739309517,3.7361306820437754
1280.3707160954793,14.858519542070809,14.858519542070809,14.913422816277604,14.862012323576794,2.821164065676795,4.236130682043775
1280.570742765702,14.861365980079343,14.861365980079343,14.909677541313014,14.869944312900854,2.943529332385373,3.7361306820437754
1280.7707694359246,14.864184170028523,14.864184170028523,14.898565358790046,14.883980783854511,2.443529332385373,4.236130682043775
1280.9707961061474,14.86697408409654,14.86697408409654,14.891185459098832,14.9021379241756,2.943529332385373,4.736130682043775
1281.1708227763702,14.86973569474072,14.86973569474072,14.897914548864547,14.914219392414392,3.443529332385373,4.236130682043775
1281.3708494465927,14.87246897469781,14.87246897469781,14.89130713124553,14.920201033805398,2.943529332385373,3.7361306820437754
1281.5708761168155,14.875173896984252,14.875173896984252,14.879207828705397,14.921772821664712,2.443529332385373,3.2361306820437754
1281.7709027870383,14.877850434896429,14.877850434896429,14.876549286263268,14.916857909297649,2.943529332385373,2.7361306820437754
1281.9709294572608,14.880498562010942,14.880498562010942,14.881277163072127,14.906640950778943,3.443529332385373,2.2361306820437754
1282.1709561274836,14.883118252184884,14.883118252184884,14.87811570439794,14.905896079113903,2.943529332385373,2.7361306820437754
1282.3709827977063,14.88570947955607,14.88570947955607,14.880658412086293,14.901701621834338,3.443529332385373,2.928506674040701
1282.5710094679291,14.888272218543312,14.888272218543312,14.888895952542487,14.904211250230365,3.943529332385373,3.428506674040701
1282.7710361381517,14.89080644384666,14.89080644384666,14.90696256502207,14.91261348119694,4.443529332385372,3.928506674040701
1282.9710628083744,14.893312130447669,14.893312130447669,14.920584170543563,14.920244879851067,3.9435293323853724,3.8481490111992667
1283.1710894785972,14.895789253609625,14.895789253609625,14.940532499600355,14.92156898409633,4.443529332385372,3.3481490111992667
1283.3711161488197,14.898237788877799,14.898237788877799,14.950664370459275,14.916583974972642,3.9435293323853724,2.8481490111992667
1283.5711428190425,14.900657712079695,14.900657712079695,14.958337640735449,14.906358483109269,3.4435293323853724,2.3481490111992667
1283.7711694892653,14.903048999325277,14.903048999325277,14.95672829985632,14.892847774224277,2.9435293323853724,2.3045295098923195
1283.9711961594878,14.905411627007206,14.905411627007206,14.947843102257304,14.884978754434691,2.4435293323853724,2.8045295098923195
1284.1712228297106,14.907745571801087,14.907745571801087,14.92901864799774,14.886926360593714,1.9435293323853724,3.3045295098923195
1284.3712494999334,14.910050810665682,14.910050810665682,14.911078119774356,14.896237873241775,2.2117568510049606,3.8045295098923195
1284.571276170156,14.912327320843142,14.912327320843142,14.903494926522052,14.907478276136107,2.7117568510049606,4.304529509892319
1284.7713028403787,14.914575079859242,14.914575079859242,14.902539482122938,14.929318328738237,3.2117568510049606,4.804529509892319
1284.9713295106014,14.91679406552359,14.91679406552359,14.895303702232239,14.943929746188887,2.7117568510049606,4.304529509892319
1285.171356180824,14.91898425592985,14.91898425592985,14.895387857336956,14.951756035403816,3.2117568510049606,3.804529509892319
1285.3713828510467,14.921145629455964,14.921145629455964,14.906613662885583,14.951344092732427,3.7117568510049606,3.304529509892319
1285.5714095212695,14.923278164764357,14.923278164764357,14.91587850602863,14.952039437327832,3.888050794481087,3.3525961194729312
1285.771436191492,14.92538184080215,14.92538184080215,14.936511268389275,14.946106721380458,4.388050794481087,2.8525961194729312
1285.9714628617148,14.927456636801377,14.927456636801377,14.954807897643807,14.9466497676223,4.167444502544163,3.3525961194729312
1286.1714895319376,14.929502532279177,14.929502532279177,14.961425202151212,14.942975652251182,3.6674445025441633,2.8525961194729312
1286.3715162021601,14.931519507037997,14.931519507037997,14.961308659806116,14.943846196224767,3.1674445025441633,3.3525961194729312
1286.571542872383,14.933507541165806,14.933507541165806,14.952392246416029,14.951329401791249,2.6674445025441633,3.8525961194729312
1286.7715695426057,14.935466615036276,14.935466615036276,14.948178373083655,14.965914144992162,3.1674445025441633,4.352596119472931
1286.9715962128282,14.937396709308976,14.937396709308976,14.953633458201692,14.987168475300741,3.6674445025441633,4.852596119472931
1287.171622883051,14.93929780492958,14.93929780492958,14.959662733664267,15.005064048803412,3.4717350596868197,4.5818730502165925
1287.3716495532738,14.941169883130037,14.941169883130037,14.972368256832544,15.016670428074157,3.9717350596868197,4.0818730502165925
1287.5716762234965,14.943012925428764,14.943012925428764,14.98249485345362,15.019475463841399,3.8095175949318425,3.5818730502165925
1287.771702893719,14.944826913630816,14.944826913630816,14.98597961725639,15.01956368447704,3.5331725412757193,3.0818730502165925
1287.9717295639418,14.946611829828099,14.946611829828099,14.980386374317842,15.011423033338144,3.0331725412757193,2.5818730502165925
1288.1717562341646,14.948367656399505,14.948367656399505,14.984471218658268,15.008727126931783,3.3130674929436283,3.0818730502165925
1288.3717829043871,14.950094376011114,14.950094376011114,14.978544596661907,14.99833539641505,2.8130674929436283,2.5818730502165925
1288.57180957461,14.951791971616355,14.951791971616355,14.977712252297566,14.98248411933841,3.3130674929436283,2.0818730502165925
1288.7718362448327,14.953460426456179,14.953460426456179,14.973952707501317,14.966615321153121,2.8130674929436283,1.895906564374887
1288.9718629150552,14.955099724059213,14.955099724059213,14.952990503160501,14.95607317722148,2.3130674929436283,2.395906564374887
1289.171889585278,14.95670984824194,14.95670984824194,14.947308787620905,14.93853461587638,2.8130674929436283,1.895906564374887
1289.3719162555008,14.958290783108845,14.958290783108845,14.94697178745226,14.930402681305786,3.3130674929436283,2.395906564374887
1289.5719429257233,14.959842513052577,14.959842513052577,14.951534811571767,14.929665305361025,3.8130674929436283,2.895906564374887
1289.771969595946,14.961365022754102,14.961365022754102,14.94754981958298,14.930753534821399,3.3130674929436283,3.395906564374887
1289.9719962661688,14.962858297182859,14.962858297182859,14.956085349971236,14.939954819469618,3.8130674929436283,3.895906564374887
1290.1720229363914,14.964322321596898,14.964322321596898,14.959358841254867,14.958449370250053,3.3130674929436283,4.360322615994795
1290.3720496066142,14.965757081543037,14.965757081543037,14.951608815594543,14.967614262392193,2.8130674929436283,3.8603226159947948
1290.572076276837,14.967162562856998,14.967162562856998,14.937204533142449,14.968241111224103,2.3130674929436283,3.3603226159947948
1290.7721029470595,14.968538751663548,14.968538751663548,14.918347208581121,14.97252904752565,2.3389813794137666,3.8603226159947948
1290.9721296172822,14.969885634376634,14.969885634376634,14.911400241841829,14.975259470118685,2.8389813794137666,3.3603226159947948
1291.172156287505,14.971203197699527,14.971203197699527,14.91738158730843,14.980599140969051,3.3389813794137666,3.4829045792774522
1291.3721829577275,14.972491428624934,14.972491428624934,14.920876675834862,14.983620475320269,3.8389813794137666,3.5307504586593295
1291.5722096279503,14.973750314435149,14.973750314435149,14.941471372232131,14.984903021767906,4.338981379413767,3.447655388660348
1291.772236298173,14.974979842702162,14.974979842702162,14.966773956605005,14.9881289839118,4.677967438393231,3.580519316944021
1291.9722629683956,14.976180001287789,14.976180001287789,14.97959215938074,14.990873940010138,4.177967438393231,3.080519316944021
1292.1722896386184,14.97735077834379,14.97735077834379,14.98823700535366,14.988474953432457,3.677967438393231,2.8948690860668025
1292.3723163088412,14.978492162311987,14.978492162311987,14.98682623469183,14.975872139910496,3.177967438393231,2.3948690860668025
1292.572342979064,14.979604141924376,14.979604141924376,14.993183467741542,14.969994930181581,3.5614485211142037,2.8948690860668025
1292.7723696492865,14.980686706203237,14.980686706203237,14.9913048218005,14.955277541734038,3.0614485211142037,2.3948690860668025
1292.9723963195092,14.981739844461252,14.981739844461252,14.993672129496602,14.951727786593514,3.5614485211142037,2.8948690860668025
1293.172422989732,14.982763546301598,14.982763546301598,14.995163958674185,14.941814413790844,3.0614485211142037,2.3948690860668025
1293.3724496599546,14.983757801618054,14.983757801618054,14.992041092077313,14.922573311389723,2.9218872620522687,1.8948690860668025
1293.5724763301773,14.98472260059511,14.98472260059511,14.993025980927932,14.91733980925926,3.4218872620522687,2.3948690860668025
1293.7725030004,14.985657933708042,14.985657933708042,15.003496452458887,14.910105455439805,3.9218872620522687,2.8948690860668025
1293.9725296706226,14.986563791723032,14.986563791723032,15.007178311584722,14.912279062794605,3.6771550016308843,3.2942294625513195
1294.1725563408454,14.987440165697244,14.987440165697244,15.022431236706092,14.918326333188554,4.062855780573553,3.7942294625513195
1294.3725830110682,14.988287046978911,14.988287046978911,15.043997016900937,14.92164533808056,4.562855780573553,3.2942294625513195
1294.5726096812907,14.989104427207426,14.989104427207426,15.057228793811936,14.931283379947608,4.062855780573553,3.7942294625513195
1294.7726363515135,14.989892298313428,14.989892298313428,15.064589028431463,14.944235539724469,3.5628557805735532,4.2942294625513195
1294.9726630217363,14.990650652518873,14.990650652518873,15.063724039374783,14.95055212941724,3.0628557805735532,3.7942294625513195
1295.1726896919588,14.991379482337113,14.991379482337113,15.05867980689446,14.951899737984924,2.9925209031935394,3.2942294625513195
1295.3727163621816,14.992078780572973,14.992078780572973,15.05961278849809,14.957719545404736,3.147168883746844,3.7942294625513195
1295.5727430324043,14.992748540322822,14.992748540322822,15.05580228063381,14.958288435394609,3.3837921057119664,3.3279520015150608
1295.7727697026269,14.993388754974639,14.993388754974639,15.066071239300621,14.960701347013242,3.8837921057119664,3.3253767710340605
1295.9727963728496,14.993999418208077,14.993999418208077,15.065980891358846,14.968199400296763,3.3837921057119664,3.8253767710340605
1296.1728230430724,14.99458052399453,14.99458052399453,15.068788960613489,14.970455540216209,3.163103471314987,3.325376771034061
1296.372849713295,14.99513206659719,14.99513206659719,15.059693297253933,14.979217647756796,2.663103471314987,3.825376771034061
1296.5728763835177,14.9956540405711,14.9956540405711,15.040770712608927,14.991500201991084,2.163103471314987,4.325376771034061
1296.7729030537405,14.996146440763214,14.996146440763214,15.025293633396702,15.000904522516043,2.663103471314987,3.825376771034061
1296.972929723963,14.996609262312445,14.996609262312445,15.005497173260906,15.0026897341076,2.163103471314987,3.325376771034061
1297.1729563941858,14.997042500649714,14.997042500649714,14.993295465612492,15.00654240106487,2.663103471314987,3.825376771034061
1297.3729830644086,14.997446151497991,14.997446151497991,14.990841717365896,15.007856360338572,3.163103471314987,3.325376771034061
1297.5730097346313,14.997820210872344,14.997820210872344,14.983928705578972,15.016016130356926,2.7187762401109055,3.825376771034061
1297.7730364048539,14.998164675079973,14.998164675079973,14.97881438404534,15.029695721425684,3.2187762401109055,4.325376771034061
1297.9730630750767,14.998479540720249,14.998479540720249,14.985679785034566,15.037516830094443,3.7187762401109055,3.825376771034061
1298.1730897452994,14.998764804684743,14.998764804684743,14.98453680908662,15.042593924027697,3.2187762401109055,3.616900871446121
1298.373116415522,14.999020464157269,14.999020464157269,14.991699881419931,15.04146592776251,3.7187762401109055,3.116900871446121
1298.5731430857447,14.999246516613896,14.999246516613896,15.007410175228214,15.047229154680544,4.2187762401109055,3.616900871446121
1298.7731697559675,14.999442959822982,14.999442959822982,15.02543887148436,15.04627421285651,4.517810162392182,3.116900871446121
1298.97319642619,14.999609791845195,14.999609791845195,15.038179348878401,15.040397496278393,4.017810162392182,2.616900871446121
1299.1732230964128,14.99974701103353,14.99974701103353,15.04422418486677,15.024564718776375,3.5178101623921822,2.116900871446121
1299.3732497666356,14.999854616033332,14.999854616033332,15.043751158068776,15.003140350559878,3.4074219973331825,1.6169008714461208
1299.5732764368581,14.999932605782295,14.999932605782295,15.044010628710227,14.982642758559837,3.358041296435793,1.6222332560014514
1299.773303107081,14.999980979510488,14.999980979510488,15.052111742605465,14.963055682396455,3.858041296435793,1.695145356352876
1299.9733297773037,14.999999736740355,14.999999736740355,15.054557565368619,14.938152407026593,3.358041296435793,1.1951453563528758
1300.1733564475262,14.99998887728672,14.99998887728672,15.046521369999073,14.916659846610218,2.858041296435793,1.6951453563528758
1300.373383117749,14.999948401256791,14.999948401256791,15.02980868287507,14.898965843161173,2.358041296435793,2.1951453563528758
1300.5734097879717,14.999878309050153,14.999878309050153,15.004321398074438,14.891204675439909,1.8580412964357929,2.6951453563528758
1300.7734364581943,14.999778601358777,14.999778601358777,14.984928999802843,14.891872958653362,2.1307822927393123,3.1951453563528758
1300.973463128417,14.999649279166999,14.999649279166999,14.973682631030368,14.90115297249707,2.6307822927393123,3.6951453563528758
1301.1734897986398,14.999490343751514,14.999490343751514,14.95315754228566,14.912251275729382,2.1307822927393123,4.195145356352875
1301.3735164688624,14.999301796681372,14.999301796681372,14.943664147149262,14.918812180641575,2.6307822927393123,3.7005350480828905
1301.5735431390851,14.999083639817952,14.999083639817952,14.940687749845646,14.92152725654806,3.1307822927393123,3.2005350480828905
1301.773569809308,14.998835875314947,14.998835875314947,14.94292140864845,14.925047905578353,3.6307822927393123,3.7005350480828905
1301.9735964795304,14.998558505618348,14.998558505618348,14.942481204803007,14.94074837037404,3.1307822927393123,4.200535048082891
1302.1736231497532,14.99825153346641,14.99825153346641,14.952318007863765,14.956581465126186,3.572872786735453,4.700535048082891
1302.373649819976,14.997914961889633,14.997914961889633,14.953771699609874,14.968226865959245,3.072872786735453,4.282300084539286
1302.5736764901987,14.997548794210726,14.997548794210726,14.959735688212774,14.977215487114346,3.572872786735453,3.782300084539286
1302.7737031604213,14.997153034044583,14.997153034044583,14.969047503979642,14.984479470627162,4.072872786735453,3.552855650671125
1302.973729830644,14.99672768529824,14.99672768529824,14.973840117737371,14.981873479166254,3.572872786735453,3.052855650671125
1303.1737565008668,14.996272752170833,14.996272752170833,14.968821537976872,14.974162316910984,3.072872786735453,2.552855650671125
1303.3737831710894,14.995788239153569,14.995788239153569,14.970311708124877,14.959120493643256,3.572872786735453,2.288976629740024
1303.5738098413121,14.99527415102967,14.99527415102967,14.965793608566043,14.940529310088145,3.072872786735453,1.838645318815767
1303.773836511535,14.994730492874332,14.994730492874332,14.962612204198416,14.933450068627339,3.3356705274454757,2.3386453188157668
1303.9738631817575,14.994157270054673,14.994157270054673,14.960475034076877,14.929210857802785,3.3507783320288556,2.8386453188157668
1304.1738898519802,14.99355448822968,14.99355448822968,14.955289966387534,14.93054250414513,2.8507783320288556,3.3386453188157668
1304.373916522203,14.99292215335015,14.99292215335015,14.959280822897306,14.937593139810454,3.3507783320288556,3.8386453188157668
1304.5739431924255,14.992260271658642,14.992260271658642,14.970912158820786,14.954190661876794,3.8507783320288556,4.338645318815766
1304.7739698626483,14.9915688496894,14.9915688496894,14.979295723645793,14.963401601275198,3.872447482312971,3.8386453188157663
1304.973996532871,14.9908478942683,14.9908478942683,14.975733803221477,14.965911653930787,3.372447482312971,3.3386453188157663
1305.1740232030936,14.990097412512783,14.990097412512783,14.97007189614933,14.972646024777818,2.9396695764903384,3.6913034228206243
1305.3740498733164,14.98931741183177,14.98931741183177,14.966144019061247,14.973734613575111,3.4396695764903384,3.1913034228206243
1305.5740765435391,14.988507899925612,14.988507899925612,14.967460763725779,14.966667150360083,3.195611113695325,2.6913034228206243
1305.7741032137617,14.987668884785993,14.987668884785993,14.955633337742288,14.965600108601846,2.695611113695325,3.1913034228206243
1305.9741298839845,14.986800374695862,14.986800374695862,14.95050208978181,14.973659666968185,3.195611113695325,3.6913034228206243
1306.1741565542072,14.985902378229351,14.985902378229351,14.95320006248548,14.982975802509761,3.5637856953152203,4.081627477621985
1306.3741832244298,14.984974904251684,14.984974904251684,14.951017761313603,14.983887417281569,3.0637856953152203,3.5816274776219847
1306.5742098946525,14.984017961919099,14.984017961919099,14.953062992280008,14.994710314268554,3.5637856953152203,4.081627477621985
1306.7742365648753,14.983031560678747,14.983031560678747,14.963955001120022,14.996738748937869,4.06378569531522,3.5816274776219847
1306.9742632350979,14.982015710268607,14.982015710268607,14.967704057124186,14.998414985206422,3.56378569531522,3.0816274776219847
1307.1742899053206,14.980970420717389,14.980970420717389,14.967452984974509,14.988305186344208,3.06378569531522,2.5816274776219847
1307.3743165755434,14.979895702344427,14.979895702344427,14.970680876822362,14.972865640716181,3.56378569531522,2.2856224414223525
1307.5743432457662,14.97879156575959,14.97879156575959,14.96564563959182,14.966246891769787,3.06378569531522,2.7856224414223525
1307.7743699159887,14.977658021863164,14.977658021863164,14.952476974500067,14.96697965805547,2.56378569531522,3.2856224414223525
1307.9743965862115,14.976495081845755,14.976495081845755,14.948407331533234,14.965939907640099,3.06378569531522,3.188690964366728
1308.1744232564342,14.975302757188173,14.975302757188173,14.936686351206276,14.973931123053273,2.56378569531522,3.688690964366728
1308.3744499266568,14.97408105966132,14.97408105966132,14.93324663129416,14.974005650014341,3.06378569531522,3.188690964366728
1308.5744765968795,14.972830001326072,14.972830001326072,14.940399972339792,14.967819435495262,3.56378569531522,2.688690964366728
1308.7745032671023,14.971549594533162,14.971549594533162,14.937944605280931,14.957635729405267,3.06378569531522,2.188690964366728
1308.9745299373249,14.970239851923065,14.970239851923065,14.925573664823128,14.951146895470233,2.56378569531522,2.688690964366728
1309.1745566075476,14.96890078642585,14.96890078642585,14.916672090455572,14.94777966891927,2.9062060038520356,3.0530778473007745
1309.3745832777704,14.967532411261086,14.967532411261086,14.919148009320303,14.95286221411126,3.4062060038520356,3.5530778473007745
1309.574609947993,14.966134739937683,14.966134739937683,14.926898862649331,14.962226569640517,3.9062060038520356,4.0530778473007745
1309.7746366182157,14.964707786253769,14.964707786253769,14.926669296217968,14.967337653206409,3.4062060038520356,3.5530778473007745
1309.9746632884385,14.96325156429656,14.96325156429656,14.934374631667826,14.965025666182276,3.9062060038520356,3.0530778473007745
1310.174689958661,14.961766088442213,14.961766088442213,14.938094315313256,14.966093710802323,3.4062060038520356,3.5530778473007745
1310.3747166288838,14.960251373355682,14.960251373355682,14.932286599403513,14.963455407268615,2.9062060038520356,3.0530778473007745
1310.5747432991066,14.958707433990583,14.958707433990583,14.918151564486973,14.956634699745855,2.4778075246830555,2.5530778473007745
1310.774769969329,14.957134285589042,14.957134285589042,14.90961677364906,14.941840094001666,2.9778075246830555,2.0530778473007745
1310.9747966395519,14.955531943681532,14.955531943681532,14.914603538115227,14.93601425189097,3.4778075246830555,2.5530778473007745
1311.1748233097746,14.953900424086743,14.953900424086743,14.923145333399432,14.922868805482343,3.6952649273099922,2.0530778473007745
1311.3748499799972,14.952239742911411,14.952239742911411,14.93903942705241,14.909374905124091,4.195264927309992,1.9641200895486468
1311.57487665022,14.950549916550159,14.950549916550159,14.94499702964939,14.894952216181316,3.6952649273099922,1.9414846153901586
1311.7749033204427,14.948830961685337,14.948830961685337,14.960515496287295,14.888595261371288,4.195264927309992,2.441484615390159
1311.9749299906653,14.947082895286865,14.947082895286865,14.964755721513262,14.873481866710746,3.6952649273099922,1.9414846153901588
1312.174956660888,14.945305734612052,14.945305734612052,14.961399275089706,14.864524479417303,3.1952649273099922,2.441484615390159
1312.3749833311108,14.943499497205433,14.943499497205433,14.970006643767976,14.858319639766325,3.6952649273099922,2.941484615390159
1312.5750100013336,14.941664200898598,14.941664200898598,14.96769508558028,14.858248080356013,3.1952649273099922,2.9788628766737375
1312.775036671556,14.939799863810014,14.939799863810014,14.9572915291357,14.863765342204752,2.6952649273099922,3.4788628766737375
1312.9750633417789,14.937906504344841,14.937906504344841,14.953540987279078,14.863855387279267,3.0426279513392047,3.2544040230839935
1313.1750900120016,14.935984141194755,14.935984141194755,14.939174591370467,14.872151009200103,2.5426279513392047,3.7544040230839935
1313.3751166822242,14.93403279333777,14.93403279333777,14.932762471178691,14.886225788137875,2.773622714274517,4.2544040230839935
1313.575143352447,14.932052480038033,14.932052480038033,14.917757689338366,14.889513108017015,2.5415056605625392,3.7544040230839935
1313.7751700226697,14.93004322084565,14.93004322084565,14.908774056082311,14.90505580829057,2.865621142819134,4.2544040230839935
1313.9751966928923,14.928005035596493,14.928005035596493,14.914681912496638,14.91586330847737,3.365621142819134,3.7544040230839935
1314.175223363115,14.925937944411988,14.925937944411988,14.918127338000335,14.924916468859275,3.4682709274353,4.0738798250315265
1314.3752500333378,14.92384196769893,14.92384196769893,14.926776217007353,14.929169785956747,3.561685717041633,3.5738798250315265
1314.5752767035603,14.921717126149286,14.921717126149286,14.919431551606687,14.923853833859257,3.061685717041633,3.0738798250315265
1314.7753033737831,14.919563440739974,14.919563440739974,14.909593259820053,14.91812824572269,2.561685717041633,2.6494037583236887
1314.975330044006,14.91738093273267,14.91738093273267,14.887930769725243,14.905976777615583,2.061685717041633,2.1494037583236887
1315.1753567142284,14.915169623673593,14.915169623673593,14.866446744895725,14.89841980237463,2.095965851525332,2.6494037583236887
1315.3753833844512,14.912929535393289,14.912929535393289,14.85421194019718,14.883514978156397,2.595965851525332,2.1494037583236887
1315.575410054674,14.910660690006424,14.910660690006424,14.843471087494919,14.876120854680941,2.822800413026671,2.6494037583236887
1315.7754367248965,14.90836310991156,14.90836310991156,14.844217335920078,14.873643099187037,3.322800413026671,3.1494037583236887
1315.9754633951193,14.90603681779093,14.90603681779093,14.848974860976648,14.87712119137948,3.822800413026671,3.6494037583236887
1316.175490065342,14.903681836610222,14.903681836610222,14.864222656336302,14.886479187669204,4.3228004130266715,4.149403758323689
1316.3755167355646,14.901298189618354,14.901298189618354,14.868790911379842,14.892789296689106,3.8228004130266715,3.6494037583236887
1316.5755434057874,14.898885900347228,14.898885900347228,14.890129530885604,14.905569982374878,4.3228004130266715,4.149403758323689
1316.7755700760101,14.896444992611515,14.896444992611515,14.895589583045657,14.91073653273539,3.8228004130266715,3.6494037583236887
1316.9755967462327,14.893975490508423,14.893975490508423,14.901737315152731,14.912686029600025,3.670421634701285,3.1494037583236887
1317.1756234164554,14.89147741841743,14.89147741841743,14.899319588089739,14.907542740194142,3.170421634701285,2.6494037583236887
1317.3756500866782,14.888950801000078,14.888950801000078,14.883925720245362,14.89916167045646,2.670421634701285,2.512468137485879
1317.575676756901,14.88639566319972,14.88639566319972,14.882658919786511,14.882013230246532,3.0418978660773943,2.012468137485879
1317.7757034271235,14.883812030241256,14.883812030241256,14.875648837996097,14.87189711359905,2.940638250627817,2.512468137485879
1317.9757300973463,14.881199927630899,14.881199927630899,14.879015185833627,14.868947042213,3.440638250627817,2.9280646931193877
1318.175756767569,14.878559381155924,14.878559381155924,14.871712316998913,14.857109900629446,2.940638250627817,2.4466747124064594
1318.3757834377916,14.875890416884413,14.875890416884413,14.86809432860061,14.852597179106064,3.2373779681555073,2.9466747124064594
1318.5758101080144,14.873193061164988,14.873193061164988,14.859557862458507,14.85543661213111,2.7373779681555073,3.4466747124064594
1318.7758367782371,14.870467340626563,14.870467340626563,14.844953357579088,14.854438398238905,2.281903143122948,2.9466747124064594
1318.9758634484597,14.867713282178077,14.867713282178077,14.834671822016487,14.844415653618832,2.781903143122948,2.4466747124064594
1319.1758901186824,14.86493091300822,14.86493091300822,14.817901669065037,14.833620836089322,2.281903143122948,2.0246860240340205
1319.3759167889052,14.86212026058518,14.86212026058518,14.805007379376407,14.817584228122872,2.781903143122948,1.9285209120101272
1319.5759434591278,14.85928135265636,14.85928135265636,14.803512463147234,14.810389928458516,3.281903143122948,2.428520912010127
1319.7759701293505,14.856414217248108,14.856414217248108,14.807847032839383,14.808813666632355,3.553339620101646,2.928520912010127
1319.9759967995733,14.853518882665437,14.853518882665437,14.801671119370448,14.795788962831166,3.053339620101646,2.428520912010127
1320.1760234697958,14.850595377491763,14.850595377491763,14.791836549741943,14.782132279083946,2.935847194714023,1.9285209120101272
1320.3760501400186,14.847643730588583,14.847643730588583,14.791713834348448,14.771907878064487,3.435847194714023,2.428520912010127
1320.5760768102414,14.84466397109524,14.84466397109524,14.80528982175682,14.769930039180062,3.935847194714023,2.928520912010127
1320.776103480464,14.841656128428601,14.841656128428601,14.827851631224544,14.760871192073324,4.435847194714023,2.428520912010127
1320.9761301506867,14.838620232282773,14.838620232282773,14.8394209191049,14.750683375876477,3.9358471947140226,2.493648995264066
1321.1761568209095,14.835556312628817,14.835556312628817,14.839770938392096,14.747860689249725,3.4358471947140226,2.993648995264066
1321.376183491132,14.832464399714453,14.832464399714453,14.830351804678928,14.739963215895376,2.9358471947140226,2.493648995264066
1321.5762101613548,14.829344524063748,14.829344524063748,14.831061138558585,14.732237551158896,3.4358471947140226,2.993648995264066
1321.7762368315775,14.82619671647683,14.82619671647683,14.82421222882816,14.735733973984317,2.9358471947140226,3.4860515363132367
1321.9762635018,14.823021008029576,14.823021008029576,14.825627619219011,14.731838345733173,3.4358471947140226,2.9860515363132367
1322.1762901720228,14.819817430073302,14.819817430073302,14.81985709673247,14.726587576415339,2.9358471947140226,2.916373221856525
1322.3763168422456,14.816586014234465,14.816586014234465,14.818474782018464,14.7246950540833,3.2759532978721184,3.1537801235441747
1322.5763435124684,14.813326792414342,14.813326792414342,14.807009842618214,14.7292237517202,2.7759532978721184,3.6537801235441747
1322.776370182691,14.810039796788718,14.810039796788718,14.791093861369573,14.727996519361511,2.2759532978721184,3.1537801235441747
1322.9763968529137,14.806725059807562,14.806725059807562,14.784561433318613,14.722187389537199,2.7759532978721184,2.8426483169150414
1323.1764235231365,14.803382614194714,14.803382614194714,14.771203351426577,14.726778975868521,2.2759532978721184,3.3426483169150414
1323.376450193359,14.800012492947566,14.800012492947566,14.744451245664571,14.73144053216113,1.7759532978721184,3.7371954337176128
1323.5764768635818,14.796614729336723,14.796614729336723,14.717979833933185,14.735334664756493,2.079274056925106,3.2371954337176128
1323.7765035338045,14.793189356905685,14.793189356905685,14.706807036864221,14.741980485313693,2.555235684993597,3.7371954337176128
1323.976530204027,14.789736409470516,14.789736409470516,14.704152272991518,14.746259817297371,3.055235684993597,3.5798950933741436
1324.1765568742499,14.786255921119496,14.786255921119496,14.704463796936368,14.742209041780814,3.31322860136012,3.0798950933741436
1324.3765835444726,14.782747926212805,14.782747926212805,14.713698042299665,14.734102899003213,3.81322860136012,2.5798950933741436
1324.5766102146952,14.779212459382174,14.779212459382174,14.71084786950771,14.733671180270283,3.31322860136012,3.0798950933741436
1324.776636884918,14.775649555530535,14.775649555530535,14.70105111479839,14.724817422705586,2.81322860136012,2.5798950933741436
1324.9766635551407,14.772059249831692,14.772059249831692,14.694953714268035,14.70988714604038,3.31322860136012,2.0798950933741436
1325.1766902253632,14.768441577729966,14.768441577729966,14.693550091051321,14.691687843328912,3.3147517853414,1.5798950933741436
1325.376716895586,14.764796574939837,14.764796574939837,14.702255312087386,14.662665709884159,3.8147517853414,1.0798950933741436
1325.5767435658088,14.761124277445612,14.761124277445612,14.701973999012434,14.629950393667224,3.3147517853414,0.5798950933741437
1325.7767702360313,14.757424721501053,14.757424721501053,14.694011917597727,14.602034107333697,2.8147517853414,1.0798950933741436
1325.976796906254,14.753697943629017,14.753697943629017,14.692920431916814,14.578976751282678,3.3147517853414,1.5798950933741436
1326.1768235764769,14.749943980621108,14.749943980621108,14.682301137698769,14.566402989404258,2.8147517853414,2.0798950933741436
1326.3768502466994,14.746162869537315,14.746162869537315,14.665537770192675,14.560249483429104,2.3147517853414,2.5798950933741436
1326.5768769169222,14.74235464770562,14.74235464770562,14.653127006905212,14.546217528142664,2.8147517853414,2.3193710658351967
1326.776903587145,14.738519352721667,14.738519352721667,14.65684293634029,14.54412457836598,3.3147517853414,2.8193710658351967
1326.9769302573675,14.734657022448367,14.734657022448367,14.66021133615361,14.545903106374743,3.8147517853414,3.3193710658351967
1327.1769569275903,14.730767695015519,14.730767695015519,14.661378603437425,14.554928839981601,3.5580379230644805,3.8193710658351967
1327.376983597813,14.72685140881946,14.72685140881946,14.665225957354206,14.565488569533832,3.5691867826902812,4.319371065835197
1327.5770102680358,14.72290820252266,14.72290820252266,14.677665663197844,14.584430652821492,4.069186782690281,4.819371065835197
1327.7770369382583,14.71893811505336,14.71893811505336,14.67715000378926,14.605926149622656,3.569186782690281,4.874608181756103
1327.977063608481,14.714941185605163,14.714941185605163,14.690804874885188,14.621917063500957,4.069186782690281,4.374608181756103
1328.1770902787039,14.710917453636672,14.710917453636672,14.689899650191402,14.631422507485619,3.569186782690281,3.874608181756103
1328.3771169489264,14.706866958871096,14.706866958871096,14.683843113248676,14.632130703233507,3.069186782690281,3.374608181756103
1328.5771436191492,14.702789741295836,14.702789741295836,14.6862585157531,14.637895606822443,3.569186782690281,3.806421472291408
1328.777170289372,14.69868584116212,14.69868584116212,14.679851389458676,14.64223273011477,3.069186782690281,3.306421472291408
1328.9771969595945,14.694555298984596,14.694555298984596,14.669216015292275,14.650250954901239,2.569186782690281,3.806421472291408
1329.1772236298173,14.690398155540912,14.690398155540912,14.644884794848265,14.649710226869779,2.069186782690281,3.306421472291408
1329.37725030004,14.686214451871333,14.686214451871333,14.62914058078433,14.653636747565946,2.569186782690281,3.3362464831639667
1329.5772769702626,14.682004229278359,14.682004229278359,14.627057304878324,14.66015678219303,3.069186782690281,3.8362464831639667
1329.7773036404853,14.677767529326253,14.677767529326253,14.632111237617472,14.659268984905307,3.569186782690281,3.3362464831639667
1329.977330310708,14.673504393840691,14.673504393840691,14.624168335504582,14.65420343858868,3.069186782690281,2.8362464831639667
1330.1773569809307,14.669214864908326,14.669214864908326,14.615767709023595,14.649001743177717,2.7929966965392756,2.767891494897302
1330.3773836511534,14.66489898487636,14.66489898487636,14.61509602656744,14.64871633657884,3.1192924131305912,3.267891494897302
1330.5774103213762,14.660556796352152,14.660556796352152,14.60322443562315,14.644622551507938,2.6192924131305912,2.767891494897302
1330.7774369915987,14.656188342202785,14.656188342202785,14.596610119400884,14.63632266103135,3.1192924131305912,2.3649650374180515
1330.9774636618215,14.651793665554628,14.651793665554628,14.585799337955546,14.618650866606929,2.837585696108886,1.8796759429135095
1331.1774903320443,14.64737280979294,14.64737280979294,14.570446861735059,14.595585283763299,2.337585696108886,1.3796759429135095
1331.3775170022668,14.642925818561421,14.642925818561421,14.561243024940252,14.565728206031814,2.837585696108886,0.8796759429135095
1331.5775436724896,14.63845273576178,14.63845273576178,14.55911144311263,14.545012777779618,3.337585696108886,1.3796759429135095
1331.7775703427124,14.633953605553316,14.633953605553316,14.567299886359436,14.528004371617323,3.837585696108886,1.8796759429135095
1331.977597012935,14.629428472352476,14.629428472352476,14.581384291364733,14.520211440783656,4.337585696108886,2.3796759429135097
1332.1776236831577,14.624877380832402,14.624877380832402,14.585353924950613,14.517908130654302,3.837585696108886,2.8796759429135097
1332.3776503533804,14.620300375922515,14.620300375922515,14.58187885637166,14.519897271375017,3.337585696108886,3.3796759429135097
1332.5776770236032,14.61569750280805,14.61569750280805,14.575320303686228,14.52676878914899,2.837585696108886,3.8796759429135097
1332.7777036938257,14.611068806929634,14.611068806929634,14.570134954497808,14.538039514194175,3.337585696108886,3.8717858564165546
1332.9777303640485,14.6064143339828,14.6064143339828,14.562980829916187,14.54242725626924,2.837585696108886,3.3717858564165546
1333.1777570342713,14.60173412991757,14.60173412991757,14.545064040779856,14.536784325571444,2.337585696108886,2.8717858564165546
1333.3777837044938,14.597028240938,14.597028240938,14.530420576032936,14.539826758504175,2.837585696108886,3.3717858564165546
1333.5778103747166,14.592296713501687,14.592296713501687,14.528629072790118,14.535120335348143,3.337585696108886,2.8717858564165546
1333.7778370449394,14.58753959431936,14.58753959431936,14.518349850557374,14.525043096694809,2.837585696108886,2.4848840374000316
1333.977863715162,14.582756930354392,14.582756930354392,14.507384361959755,14.51071272740157,2.337585696108886,1.9848840374000316
1334.1778903853847,14.577948768822326,14.577948768822326,14.499822865091577,14.490205243021348,2.7179779951045067,1.4848840374000316
1334.3779170556074,14.573115157190434,14.573115157190434,14.491130112241743,14.476204536921067,2.9253571425830525,1.9183511431119658
1334.57794372583,14.568256143177246,14.568256143177246,14.478402709776795,14.46409983781146,2.4253571425830525,2.4183511431119658
1334.7779703960528,14.563371774752046,14.563371774752046,14.468902014415685,14.464141553654905,2.9253571425830525,2.9183511431119658
1334.9779970662755,14.558462100134438,14.558462100134438,14.469909253430968,14.454767866311334,3.4253571425830525,2.4183511431119658
1335.178023736498,14.553527167793867,14.553527167793867,14.46564918064104,14.444025972220349,2.9253571425830525,1.9183511431119658
1335.3780504067208,14.548567026449089,14.548567026449089,14.467611596547457,14.422953672829294,3.4253571425830525,1.4183511431119658
1335.5780770769436,14.543581725067773,14.543581725067773,14.459385573962958,14.406503373163494,2.9253571425830525,1.9183511431119658
1335.7781037471661,14.538571312865956,14.538571312865956,14.440777631641431,14.395862221375149,2.4253571425830525,2.4183511431119658
1335.978130417389,14.53353583930756,14.53353583930756,14.433431742161769,14.388918408461889,2.9253571425830525,2.608987632555671
1336.1781570876117,14.52847535410394,14.52847535410394,14.433723766283043,14.386003677436719,3.4253571425830525,3.108987632555671
1336.3781837578342,14.523389907213364,14.523389907213364,14.4272066399567,14.393179473995872,3.0727680904818317,3.608987632555671
1336.578210428057,14.51827954884052,14.51827954884052,14.431215004488598,14.398352097486928,3.5727680904818317,3.480937317557183
1336.7782370982798,14.513144329436036,14.513144329436036,14.444515723931392,14.396154081146205,4.072768090481832,2.980937317557183
1336.9782637685023,14.507984299695984,14.507984299695984,14.446286006356972,14.3880637604998,3.594588803061372,2.480937317557183
1337.178290438725,14.50279951056134,14.50279951056134,14.442010333285966,14.382284397841909,3.094588803061372,2.980937317557183
1337.3783171089478,14.49759001321754,14.49759001321754,14.447020393168186,14.385884980391143,3.594588803061372,3.480937317557183
1337.5783437791706,14.492355859093927,14.492355859093927,14.463231394480472,14.395210878528477,4.094588803061372,3.980937317557183
1337.7783704493932,14.487097099863277,14.487097099863277,14.465345792170542,14.40129968812443,3.594588803061372,3.480937317557183
1337.978397119616,14.48181378744125,14.48181378744125,14.46581680518461,14.399634711041202,3.4981044730236324,2.980937317557183
1338.1784237898387,14.476505973985924,14.476505973985924,14.460471170858495,14.398199353782909,2.9981044730236324,3.052124928511857
1338.3784504600612,14.47117371189725,14.47117371189725,14.444568986665972,14.392495970979116,2.4981044730236324,2.552124928511857
1338.578477130284,14.46581705381653,14.46581705381653,14.421344351765198,14.37988153690244,1.9981044730236324,2.1539165863092493
1338.7785038005068,14.46043605262592,14.46043605262592,14.392031367637882,14.369332287911847,1.805525598696531,2.6539165863092493
1338.9785304707293,14.455030761447901,14.455030761447901,14.375930283856846,14.365502148650267,2.305525598696531,3.1539165863092493
1339.178557140952,14.449601233644735,14.449601233644735,14.349256373084636,14.35918547551337,1.826432535485277,2.6539165863092493
1339.3785838111748,14.444147522817964,14.444147522817964,14.31730058768572,14.3617389315993,1.326432535485277,3.1539165863092493
1339.5786104813974,14.438669682807877,14.438669682807877,14.287965726212848,14.355164794460395,1.826432535485277,2.6539165863092493
1339.7786371516202,14.43316776769295,14.43316776769295,14.271176303660601,14.355331624875932,2.326432535485277,3.1539165863092493
1339.978663821843,14.427641831789355,14.427641831789355,14.25947740348983,14.35735886464706,2.826432535485277,3.285644173471862
1340.1786904920655,14.4220919296504,14.4220919296504,14.257514987797988,14.353154989768639,3.326432535485277,2.785644173471862
1340.3787171622882,14.416518116065976,14.416518116065976,14.269176425824343,14.341242122916169,3.826432535485277,2.285644173471862
1340.578743832511,14.410920446062052,14.410920446062052,14.267355290361104,14.33611315747768,3.326432535485277,2.6436856149265697
1340.7787705027336,14.405298974900113,14.405298974900113,14.274460209515123,14.324812688367665,3.826432535485277,2.1981428624025883
1340.9787971729563,14.399653758076594,14.399653758076594,14.267932433615645,14.30703545615461,3.326432535485277,1.6981428624025883
1341.178823843179,14.393984851322369,14.393984851322369,14.27482409502931,14.294133806147958,3.826432535485277,2.1981428624025883
1341.3788505134016,14.388292310602196,14.388292310602196,14.285564881009208,14.284399408949568,3.911967198600024,2.5424561281414206
1341.5788771836244,14.382576192114126,14.382576192114126,14.299998955767514,14.284468653982408,4.00486986970607,3.0424561281414206
1341.7789038538472,14.37683655228899,14.37683655228899,14.31540134690171,14.27987839934497,4.50486986970607,2.953234581796816
1341.9789305240697,14.371073447789835,14.371073447789835,14.32891896380845,14.270769911223923,4.00486986970607,2.4977317611711003
1342.1789571942925,14.36528693551133,14.36528693551133,14.329519725409234,14.251179835396789,3.50486986970607,1.9977317611711003
1342.3789838645152,14.359477072579256,14.359477072579256,14.323554138368506,14.244486818067834,3.00486986970607,2.4977317611711003
1342.579010534738,14.353643916349908,14.353643916349908,14.326020198681567,14.235852845275947,3.50486986970607,2.3065375719286405
1342.7790372049606,14.347787524409545,14.347787524409545,14.320072865455131,14.228720757146265,3.00486986970607,2.8065375719286405
1342.9790638751833,14.341907954573795,14.341907954573795,14.304651738351644,14.230071073392345,2.50486986970607,3.3065375719286405
1343.179090545406,14.336005264887124,14.336005264887124,14.288605059267345,14.239282048480273,2.777861243464401,3.8065375719286405
1343.3791172156286,14.330079513622238,14.330079513622238,14.271149696069502,14.242559112513344,2.5997259321766224,3.3065375719286405
1343.5791438858514,14.324130759279496,14.324130759279496,14.26678535277004,14.23830884701355,3.0997259321766224,2.8065375719286405
1343.7791705560742,14.318159060586371,14.318159060586371,14.256694932058007,14.240345673301503,2.8213180603703205,3.3065375719286405
1343.9791972262967,14.312164476496843,14.312164476496843,14.247228822881969,14.233640817747405,2.833946293208477,2.8065375719286405
1344.1792238965195,14.306147066190801,14.306147066190801,14.246255568991778,14.23568151622047,3.333946293208477,3.3065375719286405
1344.3792505667423,14.300106889073508,14.300106889073508,14.238590150971925,14.231588947434021,3.094893936469881,2.843064986055307
1344.5792772369648,14.294044004774975,14.294044004774975,14.241526972704579,14.226033179561528,3.594893936469881,2.498646802172334
1344.7793039071876,14.287958473149374,14.287958473149374,14.232908118539877,14.211117107118246,3.094893936469881,1.9986468021723338
1344.9793305774103,14.281850354274468,14.281850354274468,14.233661831079747,14.20696468625299,3.594893936469881,2.498646802172334
1345.1793572476329,14.27571970845101,14.27571970845101,14.229302458126591,14.203390384416089,3.1095085282177717,2.998646802172334
1345.3793839178556,14.269566596202129,14.269566596202129,14.23508651544719,14.197652607813907,3.6095085282177717,2.6074705084859944
1345.5794105880784,14.263391078272756,14.263391078272756,14.22764430426982,14.190497496845259,3.1095085282177717,2.503185916837975
1345.779437258301,14.25719321562903,14.25719321562903,14.229763535772115,14.172380350149906,3.6095085282177717,2.003185916837975
1345.9794639285237,14.25097306945765,14.25097306945765,14.222651975427404,14.163081568458935,3.1095085282177717,2.503185916837975
1346.1794905987465,14.244730701165329,14.244730701165329,14.21924026027227,14.158400075176774,3.4067001564921715,3.003185916837975
1346.379517268969,14.238466172378164,14.238466172378164,14.210174370353263,14.166932977521924,2.9067001564921715,3.503185916837975
1346.5795439391918,14.232179544941001,14.232179544941001,14.19459927333645,14.163690923499198,2.4067001564921715,3.003185916837975
1346.7795706094146,14.225870880916869,14.225870880916869,14.170237617265718,14.16799963226082,1.9067001564921715,3.503185916837975
1346.9795972796371,14.219540242586351,14.219540242586351,14.158123041443183,14.165043489016638,2.4067001564921715,3.003185916837975
1347.17962394986,14.213187692446933,14.213187692446933,14.145707163161752,14.157474471121567,2.7756257353974823,2.541234666265346
1347.3796506200827,14.206813293212466,14.206813293212466,14.126877449427992,14.142275970896103,2.2756257353974823,2.041234666265346
1347.5796772903054,14.20041710781247,14.20041710781247,14.117682215576218,14.12548215531339,2.7756257353974823,1.8686553042559702
1347.779703960528,14.193999199391557,14.193999199391557,14.108804028923958,14.116001349651668,2.8985825120843582,2.36865530425597
1347.9797306307507,14.187559631308773,14.187559631308773,14.092880053237188,14.109862927177051,2.3985825120843582,2.86865530425597
1348.1797573009735,14.181098467137012,14.181098467137012,14.078286973872865,14.110483864829469,2.2392263147945544,3.36865530425597
1348.379783971196,14.174615770662372,14.174615770662372,14.07211395146824,14.106596265371325,2.7392263147945544,2.86865530425597
1348.5798106414188,14.168111605883503,14.168111605883503,14.049318697710522,14.096909420032727,2.2392263147945544,2.36865530425597
1348.7798373116416,14.161586037011011,14.161586037011011,14.03263515286759,14.095541817418646,2.7392263147945544,2.86865530425597
1348.9798639818641,14.155039128466814,14.155039128466814,14.03172311364314,14.085738800449104,3.2392263147945544,2.36865530425597
1349.179890652087,14.148470944883478,14.148470944883478,14.020472044537062,14.081499944676263,2.7392263147945544,2.86865530425597
1349.3799173223097,14.141881551103616,14.141881551103616,14.01038511325907,14.070746306156163,2.8238059287612307,2.36865530425597
1349.5799439925322,14.135271012179238,14.135271012179238,13.995587241044085,14.060477912019214,2.6835293155637068,1.8686553042559702
1349.779970662755,14.128639393371087,14.128639393371087,13.980756914403281,14.049219901877414,2.1835293155637068,2.36865530425597
1349.9799973329777,14.121986760148022,14.121986760148022,13.968151398836055,14.048594717750838,2.6835293155637068,2.86865530425597
1350.1800240032003,14.11531317818637,14.11531317818637,13.9464409158092,14.03950391334812,2.261635848312507,2.36865530425597
1350.380050673423,14.108618713369241,14.108618713369241,13.930108014482306,14.024691752870714,2.6242964143465053,1.8686553042559702
1350.5800773436458,14.101903431785933,14.101903431785933,13.92550033821948,14.010854322688886,3.1242964143465053,2.0226189798181413
1350.7801040138684,14.095167399731249,14.095167399731249,13.924680749667397,14.000859706192912,3.6242964143465053,2.5226189798181413
1350.9801306840911,14.08841068370482,14.08841068370482,13.933292445613382,13.985644266610565,3.76178355416588,2.0226189798181413
1351.180157354314,14.081633350410502,14.081633350410502,13.94725816974037,13.97746773571349,4.261783554165881,2.5226189798181413
1351.3801840245364,14.074835466755687,14.074835466755687,13.966160881554941,13.96594613747219,4.645298662216212,2.150956892807005
1351.5802106947592,14.068017099850621,14.068017099850621,13.978979870209681,13.946865008973708,4.145298662216212,1.650956892807005
1351.780237364982,14.061178317007787,14.061178317007787,13.98462363381407,13.93242500501617,3.645298662216212,2.150956892807005
1351.9802640352045,14.054319185741225,14.054319185741225,13.980886281774614,13.923971302456678,3.145298662216212,2.650956892807005
1352.1802907054273,14.04743977376583,14.04743977376583,13.972902788791451,13.926770273758263,2.8820821358873454,3.150956892807005
1352.38031737565,14.040540148996739,14.040540148996739,13.968584151265125,13.93190866926693,3.3820821358873454,3.650956892807005
1352.5803440458728,14.033620379548623,14.033620379548623,13.9597067898632,13.946809796949697,2.8820821358873454,4.150956892807005
1352.7803707160954,14.026680533735039,14.026680533735039,13.94235882506653,13.955438480830946,2.648959187647749,3.650956892807005
1352.9803973863181,14.019720680067715,14.019720680067715,13.937954116531083,13.957230360629612,3.148959187647749,3.150956892807005
1353.180424056541,14.01274088725592,14.01274088725592,13.92535823373862,13.95601388878649,2.648959187647749,3.031497651368186
1353.3804507267635,14.005741224205787,14.005741224205787,13.919576871291541,13.950858561858148,3.148959187647749,2.7567835789780144
1353.5804773969862,13.998721760019567,13.998721760019567,13.9038403366638,13.941479880511814,2.648959187647749,2.3431483750803173
1353.780504067209,13.991682563995024,13.991682563995024,13.902010624824237,13.934512523591918,3.148959187647749,2.6196150927703097
1353.9805307374315,13.984623705624719,13.984623705624719,13.893841046006285,13.933108385646127,2.648959187647749,3.1196150927703097
1354.1805574076543,13.977545254595299,13.977545254595299,13.880846009484387,13.92591835223822,2.6390494616977263,2.6196150927703097
1354.380584077877,13.97044728078686,13.97044728078686,13.860256825114725,13.913069200614563,2.1390494616977263,2.1196150927703097
1354.5806107480996,13.963329854272233,13.963329854272233,13.846870803647747,13.905813671284772,2.353554387788832,2.6196150927703097
1354.7806374183224,13.956193045316262,13.956193045316262,13.842970652729159,13.891595786593852,2.853554387788832,2.1196150927703097
1354.9806640885452,13.949036924375164,13.949036924375164,13.832122293645153,13.885539510171805,2.7232943838186308,2.59060570412335
1355.1806907587677,13.941861562095813,13.941861562095813,13.83057793825073,13.872062677300335,3.2232943838186308,2.219157669297598
1355.3807174289905,13.934667029315008,13.934667029315008,13.835172233298369,13.853818529733202,3.7232943838186308,1.7191576692975978
1355.5807440992132,13.92745339705883,13.92745339705883,13.835359342620434,13.84030332442898,3.2232943838186308,2.219157669297598
1355.7807707694358,13.920220736541918,13.920220736541918,13.84020191130665,13.832545774666604,3.7232943838186308,2.719157669297598
1355.9807974396585,13.912969119166728,13.912969119166728,13.85854909741212,13.83605777318015,4.22329438381863,3.219157669297598
1356.1808241098813,13.905698616522898,13.905698616522898,13.882491182398908,13.831483652802104,4.72329438381863,2.719157669297598
1356.3808507801039,13.8984093003865,13.8984093003865,13.9002359241936,13.819396595502248,4.22329438381863,2.219157669297598
1356.5808774503266,13.891101242719316,13.891101242719316,13.905013572035804,13.81328245563061,3.7232943838186303,2.608670396745201
1356.7809041205494,13.883774515668165,13.883774515668165,13.903644246825241,13.800062834552572,3.2232943838186303,2.108670396745201
1356.980930790772,13.876429191564185,13.876429191564185,13.89546511549055,13.795607887349185,2.7232943838186303,2.608670396745201
1357.1809574609947,13.86906534292208,13.86906534292208,13.875906281791574,13.781298053586491,2.2232943838186303,2.108670396745201
1357.3809841312175,13.86168304243945,13.86168304243945,13.845267244047019,13.760162546949502,1.7232943838186303,1.6086703967452012
1357.5810108014402,13.85428236299606,13.85428236299606,13.808462223670952,13.742906318988572,1.2232943838186303,1.9902182202315952
1357.7810374716628,13.846863377653115,13.846863377653115,13.778350208061223,13.720825383774566,1.7232943838186303,1.4902182202315952
1357.9810641418856,13.839426159652518,13.839426159652518,13.748303765692313,13.697917864005698,1.5863868255196574,1.2040249502600622
1358.1810908121083,13.831970782416198,13.831970782416198,13.730358822206588,13.680724718792074,2.086386825519657,1.7040249502600622
1358.3811174823309,13.82449731954535,13.82449731954535,13.705439125299678,13.65616636521798,1.885981278865188,1.2040249502600622
1358.5811441525536,13.81700584481969,13.81700584481969,13.687421087716094,13.638926913000873,2.385981278865188,1.7040249502600622
1358.7811708227764,13.80949643219678,13.80949643219678,13.67652254775644,13.630074857487205,2.885981278865188,2.204024950260062
1358.981197492999,13.801969155811268,13.801969155811268,13.659486486097741,13.625199275299005,2.385981278865188,2.704024950260062
1359.1812241632217,13.794424089974124,13.794424089974124,13.643618421367416,13.613911777973879,2.757136422996349,2.2892183919747113
1359.3812508334445,13.786861309171984,13.786861309171984,13.64088019128036,13.603245578624193,3.257136422996349,2.2505308932235915
1359.581277503667,13.779280888066355,13.779280888066355,13.632427381736242,13.597626765020154,3.1087368760634497,2.7505308932235915
1359.7813041738898,13.771682901492866,13.771682901492866,13.633810233137579,13.59932647386354,3.6087368760634497,3.2505308932235915
1359.9813308441126,13.76406742446059,13.76406742446059,13.628257584272433,13.608002602179793,3.1087368760634497,3.7505308932235915
1360.181357514335,13.756434532151266,13.756434532151266,13.61289957827052,13.620106136656725,2.6087368760634497,4.2505308932235915
1360.3813841845579,13.748784299918535,13.748784299918535,13.605851524156913,13.628877197523826,3.1087368760634497,3.7505308932235915
1360.5814108547806,13.741116803287248,13.741116803287248,13.605590049937465,13.633846212554664,3.6087368760634497,3.2505308932235915
1360.7814375250032,13.733432117952692,13.733432117952692,13.600922822727217,13.642947169341761,3.1087368760634497,3.7505308932235915
1360.981464195226,13.725730319779824,13.725730319779824,13.588818647736419,13.65584243457493,2.7847446245868794,4.2505308932235915
1361.1814908654487,13.718011484802563,13.718011484802563,13.583821785873251,13.662140569891909,3.2847446245868794,3.7505308932235915
1361.3815175356713,13.710275689223025,13.710275689223025,13.589763408730843,13.664725598225393,3.7847446245868794,3.2505308932235915
1361.581544205894,13.702523009410731,13.702523009410731,13.592177302710512,13.658915473834522,3.3816707843612948,2.7505308932235915
1361.7815708761168,13.694753521901921,13.694753521901921,13.59641918118521,13.649896126369462,3.5759002814548766,2.2505308932235915
1361.9815975463393,13.686967303398761,13.686967303398761,13.597384253279355,13.631391340327887,3.426666071067963,1.7505308932235915
1362.181624216562,13.679164430768564,13.679164430768564,13.592002528207589,13.614205383514996,2.93114930953468,1.6228480557308118
1362.3816508867849,13.671344981043081,13.671344981043081,13.584142804411881,13.600372135695805,2.735519854543727,2.122848055730812
1362.5816775570077,13.663509031417707,13.663509031417707,13.562546804948383,13.582069281202035,2.235519854543727,1.6228480557308118
1362.7817042272302,13.65565665925074,13.65565665925074,13.547066834071744,13.569359390858267,2.735519854543727,2.122848055730812
1362.981730897453,13.647787942062575,13.647787942062575,13.54506472206458,13.551386020573787,3.235519854543727,1.6228480557308118
1363.1817575676757,13.639902957534995,13.639902957534995,13.529868759657408,13.526049532484306,2.735519854543727,1.1228480557308118
1363.3817842378983,13.63200178351038,13.63200178351038,13.508128142350504,13.51081897176981,2.235519854543727,1.6228480557308118
1363.581810908121,13.624084497990912,13.624084497990912,13.495411370738807,13.503160756215264,2.735519854543727,2.122848055730812
1363.7818375783438,13.616151179137852,13.616151179137852,13.472604326055622,13.48549993787062,2.235519854543727,1.6228480557308118
1363.9818642485664,13.608201905270743,13.608201905270743,13.461958913033682,13.477469965843222,2.735519854543727,2.122848055730812
1364.1818909187891,13.600236754866621,13.600236754866621,13.459475201672872,13.474791766922383,3.235519854543727,2.622848055730812
1364.381917589012,13.592255806559281,13.592255806559281,13.44734798676151,13.472935010105951,2.735519854543727,3.0777154600939634
1364.5819442592344,13.584259139138478,13.584259139138478,13.444999939728378,13.467478345837044,3.235519854543727,2.6956847971872095
1364.7819709294572,13.576246831549124,13.576246831549124,13.452323990101403,13.467659900811693,3.735519854543727,3.1956847971872095
1364.98199759968,13.568218962890562,13.568218962890562,13.454414978620347,13.460089231035424,3.235519854543727,2.6956847971872095
1365.1820242699025,13.560175612415744,13.560175612415744,13.444238628228575,13.450930660568332,2.735519854543727,2.1956847971872095
1365.3820509401253,13.552116859530468,13.552116859530468,13.437661750907445,13.444263339548007,3.235519854543727,2.6956847971872095
1365.582077610348,13.544042783792586,13.544042783792586,13.426826827203103,13.433282826639388,2.735519854543727,2.1956847971872095
1365.7821042805706,13.535953464911227,13.535953464911227,13.428045412390624,13.41369853397529,3.235519854543727,1.6956847971872095
1365.9821309507934,13.527848982745983,13.527848982745983,13.42036745336925,13.389971041867247,2.8815667402115848,1.1956847971872095
1366.1821576210161,13.51972941730616,13.51972941730616,13.401384194768877,13.372593335732473,2.3815667402115848,1.6956847971872095
1366.3821842912387,13.511594848749976,13.511594848749976,13.393918976191168,13.358733352395948,2.8815667402115848,2.1956847971872095
1366.5822109614614,13.503445357383733,13.503445357383733,13.39406272683765,13.338800023683886,3.3815667402115848,1.7000590350892684
1366.7822376316842,13.495281023661084,13.495281023661084,13.388318036967648,13.327571289443332,3.1642439868975254,2.2000590350892684
1366.9822643019068,13.487101928182208,13.487101928182208,13.394442406396406,13.320845179843673,3.6642439868975254,2.591477799524025
1367.1822909721295,13.478908151692986,13.478908151692986,13.39120818667557,13.309225449378895,3.1642439868975254,2.091477799524025
1367.3823176423523,13.470699775084263,13.470699775084263,13.389474664126125,13.303053970038038,3.5438146109812076,2.591477799524025
1367.582344312575,13.462476879391012,13.462476879391012,13.38160525585043,13.303739102608715,3.0438146109812076,3.091477799524025
1367.7823709827976,13.45423954579155,13.45423954579155,13.364592819839594,13.299917147739091,2.5438146109812076,2.591477799524025
1367.9823976530204,13.445987855606695,13.445987855606695,13.35487639593573,13.30176763636207,2.6464115345627817,3.091477799524025
1368.1824243232431,13.437721890299033,13.437721890299033,13.346281830998892,13.30637395471853,2.8671349961302455,3.591477799524025
1368.3824509934657,13.429441731472071,13.429441731472071,13.34483147931168,13.306401712281037,3.3671349961302455,3.091477799524025
1368.5824776636885,13.421147460869413,13.421147460869413,13.334772238134077,13.300312047738979,2.8671349961302455,2.591477799524025
1368.7825043339112,13.412839160374004,13.412839160374004,13.321211301269456,13.304480890599581,2.3671349961302455,3.091477799524025
1368.9825310041338,13.404516912007297,13.404516912007297,13.292209558767247,13.29960281482707,1.8671349961302455,2.591477799524025
1369.1825576743565,13.396180797928412,13.396180797928412,13.281036702702991,13.284557437741142,2.3671349961302455,2.091477799524025
1369.3825843445793,13.387830900433382,13.387830900433382,13.260261736475307,13.264853955728764,2.1414862111809185,1.591477799524025
1369.5826110148018,13.379467301954316,13.379467301954316,13.233861381435492,13.242277344228027,1.9249973753854075,1.091477799524025
1369.7826376850246,13.371090085058551,13.371090085058551,13.217307763878319,13.215423610612236,2.4249973753854075,0.9516084589615921
1369.9826643552474,13.362699332447896,13.362699332447896,13.212286731010572,13.195382009088283,2.9249973753854075,1.451608458961592
1370.18269102547,13.354295126957792,13.354295126957792,13.206476996407014,13.181151054619209,3.1793556033564014,1.951608458961592
1370.3827176956927,13.345877551556457,13.345877551556457,13.197224354759086,13.17406566859969,2.6793556033564014,2.451608458961592
1370.5827443659155,13.33744668934413,13.33744668934413,13.194484806363384,13.161057839997664,3.1793556033564014,1.951608458961592
1370.782771036138,13.329002623552222,13.329002623552222,13.181140149100967,13.147105821957794,2.8184343116839434,1.8486617104493508
1370.9827977063608,13.320545437542462,13.320545437542462,13.16403690734939,13.136061239726118,2.3184343116839434,2.348661710449351
1371.1828243765835,13.312075214806123,13.312075214806123,13.15427615398139,13.135664889529094,2.8184343116839434,2.848661710449351
1371.382851046806,13.30359203896321,13.30359203896321,13.139428007572832,13.136275249357622,2.7780698605340937,3.348661710449351
1371.5828777170289,13.295095993761548,13.295095993761548,13.137407568372833,13.13375006327119,3.2780698605340937,2.848661710449351
1371.7829043872516,13.286587163076046,13.286587163076046,13.126672955960736,13.134543050095889,2.7780698605340937,3.348661710449351
1371.9829310574742,13.278065630907836,13.278065630907836,13.124056036420711,13.129383916176058,3.2780698605340937,2.848661710449351
1372.182957727697,13.269531481383416,13.269531481383416,13.11781247367274,13.121276488036262,2.7780698605340937,2.348661710449351
1372.3829843979197,13.260984798753867,13.260984798753867,13.116523626935315,13.11214336140169,3.129879977787549,2.848661710449351
1372.5830110681425,13.252425667393998,13.252425667393998,13.103129154116491,13.11105727181208,2.629879977787549,2.976749419006948
1372.783037738365,13.243854171801521,13.243854171801521,13.096370796152067,13.105721676558066,3.129879977787549,2.476749419006948
1372.9830644085878,13.23527039659618,13.23527039659618,13.089156219670091,13.092418262941859,3.114269591730886,1.9767494190069481
1373.1830910788105,13.226674426518978,13.226674426518978,13.087281201117131,13.080484894990084,3.011385173825209,2.042749597049692
1373.383117749033,13.218066346431305,13.218066346431305,13.082596362181292,13.074722400971268,3.2689030025050645,2.542749597049692
1373.5831444192559,13.209446241314078,13.209446241314078,13.07665583011459,13.062882389151419,3.103633734644789,2.042749597049692
1373.7831710894786,13.200814196266956,13.200814196266956,13.071903229287038,13.060726327935395,3.138581631589103,2.542749597049692
1373.9831977597012,13.192170296507472,13.192170296507472,13.07703559788769,13.049782025786367,3.638581631589103,2.042749597049692
1374.183224429924,13.183514627370162,13.183514627370162,13.069241428932605,13.03064556369595,3.138581631589103,1.542749597049692
1374.3832511001467,13.17484727430578,13.17484727430578,13.063493232177272,13.01324122714895,3.052601545850046,1.4908852222624374
1374.5832777703692,13.166168322880427,13.166168322880427,13.0526441185243,12.99903055355629,2.6530767927822088,1.9908852222624374
1374.783304440592,13.15747785877468,13.15747785877468,13.032318715004987,12.991605235210274,2.1530767927822088,2.4908852222624374
1374.9833311108148,13.148775967782793,13.148775967782793,13.023299361365494,12.979555331477496,2.6530767927822088,1.9908852222624374
1375.1833577810373,13.140062735811838,13.140062735811838,13.002191522269431,12.960872231770082,2.1530767927822088,1.4908852222624374
1375.38338445126,13.131338248880812,13.131338248880812,12.991180554484936,12.946175327656725,2.6530767927822088,1.9908852222624374
1375.5834111214829,13.122602593119856,13.122602593119856,12.986908416839963,12.938416927598894,3.1530767927822088,2.4908852222624374
1375.7834377917054,13.11385585476937,13.11385585476937,12.970764492482338,12.92983468674118,2.6530767927822088,1.9908852222624374
1375.9834644619282,13.105098120179138,13.105098120179138,12.957004792432368,12.911665518788075,2.6861785158610068,1.4908852222624374
1376.183491132151,13.096329475807526,13.096329475807526,12.942009327223815,12.897986775708873,2.1861785158610068,1.9908852222624374
1376.3835178023735,13.087550008220608,13.087550008220608,12.929906453800795,12.892071333789048,2.6279034209050436,2.4908852222624374
1376.5835444725963,13.078759804091277,13.078759804091277,12.924206962827745,12.894594474927752,3.1279034209050436,2.9908852222624374
1376.783571142819,13.069958950198448,13.069958950198448,12.924882915488322,12.88801681575985,3.6279034209050436,2.4908852222624374
1376.9835978130416,13.06114753342617,13.06114753342617,12.920734688889727,12.873519416756395,3.1279034209050436,1.9976403147631423
1377.1836244832643,13.052325640762739,13.052325640762739,12.923943532694386,12.867041327077855,3.477664199083006,2.4976403147631423
1377.383651153487,13.043493359299925,13.043493359299925,12.918314418062723,12.86959316502166,2.977664199083006,2.9976403147631423
1377.5836778237099,13.03465077623202,13.03465077623202,12.92440456162627,12.872870293479576,3.477664199083006,3.1459747824871114
1377.7837044939324,13.025797978855039,13.025797978855039,12.91978384679286,12.880855057601213,2.977664199083006,3.482206696020364
1377.9837311641552,13.016935054565797,13.016935054565797,12.905391383333885,12.881806431623483,2.477664199083006,2.982206696020364
1378.183757834378,13.008062090861126,13.008062090861126,12.899396603596244,12.874363379861498,2.977664199083006,2.482206696020364
1378.3837845046005,12.999179175336959,12.999179175336959,12.900854469528786,12.872494323508604,3.477664199083006,2.982206696020364
1378.5838111748233,12.99028639568745,12.99028639568745,12.893104428932284,12.867539962903324,2.977664199083006,2.482206696020364
1378.783837845046,12.981383839704165,12.981383839704165,12.877228756153013,12.868438102664001,2.4996112149420977,2.982206696020364
1378.9838645152686,12.97247159527518,12.97247159527518,12.8568110210325,12.85864561953155,2.0890181277893802,2.482206696020364
1379.1838911854913,12.963549750384193,12.963549750384193,12.824117918689181,12.843964542466805,1.5890181277893802,1.9822066960203641
1379.3839178557141,12.954618393109707,12.954618393109707,12.802491996333014,12.83669202027572,2.0890181277893802,2.482206696020364
1379.5839445259367,12.94567761162413,12.94567761162413,12.79385307648608,12.826694166228444,2.5890181277893802,1.9822066960203641
1379.7839711961594,12.936727494192887,12.936727494192887,12.772911604978397,12.806866045551395,2.0890181277893802,1.4822066960203641
1379.9839978663822,12.92776812917359,12.92776812917359,12.754786487578496,12.797036818107713,2.4710629196986535,1.9822066960203641
1380.1840245366047,12.91879960501515,12.91879960501515,12.751483705745219,12.781229446894569,2.9710629196986535,1.4822066960203641
1380.3840512068275,12.909822010256871,12.909822010256871,12.743974350974359,12.767240133362327,2.8479194264580556,1.9822066960203641
1380.5840778770503,12.90083543352763,12.90083543352763,12.743803248331673,12.761593078227657,3.3479194264580556,2.482206696020364
1380.7841045472728,12.891839963544978,12.891839963544978,12.748717380452481,12.761967740806567,3.8479194264580556,2.982206696020364
1380.9841312174956,12.882835689114232,12.882835689114232,12.748614175190394,12.768990129505255,3.3479194264580556,3.482206696020364
1381.1841578877184,12.873822699127658,12.873822699127658,12.742461971157802,12.770055829748191,2.8479194264580556,2.982206696020364
1381.384184557941,12.864801082563565,12.864801082563565,12.7420931930023,12.761766697116423,3.3479194264580556,2.482206696020364
1381.5842112281637,12.855770928485395,12.855770928485395,12.733637439827405,12.748415475352513,2.8479194264580556,1.9822066960203641
1381.7842378983864,12.846732326040902,12.846732326040902,12.730473536080423,12.743425814242734,3.3246628736137396,2.482206696020364
1381.984264568609,12.83768536446125,12.83768536446125,12.720609774674681,12.726688794508181,2.8246628736137396,1.9822066960203641
1382.1842912388317,12.828630133060091,12.828630133060091,12.70564143396233,12.723269713165955,2.654073286281622,2.482206696020364
1382.3843179090545,12.81956672123275,12.81956672123275,12.702474668438041,12.711448880912375,3.154073286281622,1.9822066960203641
1382.5843445792773,12.810495218455301,12.810495218455301,12.704426370373676,12.705127567345844,3.6309159810026177,2.482206696020364
1382.7843712494998,12.801415714283706,12.801415714283706,12.700517202883445,12.692784372544189,3.1309159810026177,1.9822066960203641
1382.9843979197226,12.792328298352885,12.792328298352885,12.686137389978905,12.678125972231156,2.6309159810026177,1.697227690183429
1383.1844245899454,12.783233060375888,12.783233060375888,12.661348761977061,12.666146372071413,2.1384949050491704,2.197227690183429
1383.384451260168,12.774130090143013,12.774130090143013,12.649937582423796,12.66272776112587,2.6384949050491704,2.697227690183429
1383.5844779303907,12.765019477520834,12.765019477520834,12.64689827311274,12.659701822977091,3.1384949050491704,2.5547587407687407
1383.7845046006134,12.755901312451412,12.755901312451412,12.634228742878035,12.64583766008241,2.6384949050491704,2.0547587407687407
1383.984531270836,12.74677568495137,12.74677568495137,12.630687278013864,12.638095330872789,2.890640561070439,2.5547587407687407
1384.1845579410588,12.737642685110966,12.737642685110966,12.620426040587315,12.62252852124128,2.7072599188607382,2.0547587407687407
1384.3845846112815,12.728502403093279,12.728502403093279,12.608031885627545,12.613079137072516,2.538844051633005,2.5547587407687407
1384.584611281504,12.719354929133267,12.719354929133267,12.605507941698223,12.605699900597054,3.038844051633005,2.0547587407687407
1384.7846379517268,12.71020035353687,12.71020035353687,12.59528684350632,12.59747091324287,2.7127731158627215,2.5547587407687407
1384.9846646219496,12.701038766680158,12.701038766680158,12.59198888048571,12.584927345555187,3.106688968214464,2.0547587407687407
1385.1846912921721,12.691870259008423,12.691870259008423,12.577706207977238,12.56766453256914,2.606688968214464,1.5547587407687407
1385.384717962395,12.682694921035253,12.682694921035253,12.560842944119502,12.551716848747855,2.2322857496179846,2.0547587407687407
1385.5847446326177,12.673512843341687,12.673512843341687,12.548513527574837,12.543213597508068,2.7322857496179846,2.394592399020636
1385.7847713028402,12.664324116575312,12.664324116575312,12.527172116280754,12.530741106523891,2.2322857496179846,1.894592399020636
1385.984797973063,12.655128831449314,12.655128831449314,12.512471291560646,12.515688369520298,2.7322857496179846,1.6708663402775301
1386.1848246432858,12.645927078741666,12.645927078741666,12.510093250285296,12.505436306860728,3.2322857496179846,2.1708663402775303
1386.3848513135083,12.636718949294181,12.636718949294181,12.500369374388713,12.488833086416475,2.7322857496179846,1.6708663402775303
1386.584877983731,12.627504534011603,12.627504534011603,12.497864596445313,12.47634495384934,3.2322857496179846,2.1708663402775303
1386.7849046539538,12.618283923860753,12.618283923860753,12.483260773368466,12.472888773929082,2.7322857496179846,2.6708663402775303
1386.9849313241764,12.609057209869615,12.609057209869615,12.462251746648459,12.470640496050018,2.2322857496179846,2.570423859442741
1387.1849579943992,12.599824483126401,12.599824483126401,12.451443080392243,12.45862369561898,2.7322857496179846,2.2907088174646284
1387.384984664622,12.590585834778707,12.590585834778707,12.429069507761033,12.450922173196295,2.2322857496179846,2.171382639451977
1387.5850113348447,12.581341356032587,12.581341356032587,12.399526844270005,12.450472803091198,1.7322857496179846,2.671382639451977
1387.7850380050672,12.572091138151658,12.572091138151658,12.382310898033467,12.44090338791779,2.2322857496179846,2.171382639451977
1387.98506467529,12.562835272456164,12.562835272456164,12.372650179222676,12.429783758631796,2.7322857496179846,2.201216150694914
1388.1850913455128,12.55357385032214,12.55357385032214,12.37180939759481,12.42501529525337,3.2322857496179846,2.701216150694914
1388.3851180157353,12.544306963180473,12.544306963180473,12.37979141636472,12.416610204051699,3.7322857496179846,2.201216150694914
1388.585144685958,12.535034702515974,12.535034702515974,12.39081530669479,12.398985291184008,4.146589141499828,1.701216150694914
1388.7851713561809,12.525757159866528,12.525757159866528,12.39493718075668,12.389309165428703,3.6465891414998284,2.201216150694914
1388.9851980264034,12.516474426822157,12.516474426822157,12.391543266873576,12.38747253620037,3.1465891414998284,2.701216150694914
1389.1852246966262,12.507186595024129,12.507186595024129,12.395366269517718,12.380790345616413,3.6465891414998284,2.201216150694914
1389.385251366849,12.49789375616404,12.49789375616404,12.392863785632699,12.381411817007182,3.1465891414998284,2.701216150694914
1389.5852780370715,12.488596001982932,12.488596001982932,12.39381227353777,12.37644478402177,3.6465891414998284,2.4091983021643015
1389.7853047072942,12.479293424270342,12.479293424270342,12.406379462660132,12.371960525414492,4.146589141499828,2.5747256707259343
1389.985331377517,12.46998611486345,12.46998611486345,12.409210520426898,12.362037055216181,3.6465891414998284,2.0747256707259343
1390.1853580477396,12.460674165646159,12.460674165646159,12.407353080823745,12.355705263439356,3.1465891414998284,2.5747256707259343
1390.3853847179623,12.451357668548136,12.451357668548136,12.396359623614766,12.346554738350104,2.6465891414998284,2.0747256707259343
1390.585411388185,12.442036715543985,12.442036715543985,12.377723242019297,12.337990275844364,2.1465891414998284,2.0775636091775667
1390.7854380584076,12.432711398652295,12.432711398652295,12.36955284691905,12.334487173467284,2.6465891414998284,2.5775636091775667
1390.9854647286304,12.423381809934703,12.423381809934703,12.348496890096257,12.323257788858053,2.1465891414998284,2.0775636091775667
1391.1854913988532,12.41404804149506,12.41404804149506,12.336416810396564,12.309617599152928,2.6465891414998284,1.5775636091775667
1391.3855180690757,12.404710185478464,12.404710185478464,12.324051618563908,12.284631534200543,2.867859705952897,1.0775636091775667
1391.5855447392985,12.395368334070353,12.395368334070353,12.320853435212028,12.267228451151803,2.9336417807278345,1.5775636091775667
1391.7855714095213,12.386022579495625,12.386022579495625,12.31493191300283,12.257294402415907,3.3021952157183274,2.0775636091775667
1391.9855980797438,12.37667301401772,12.37667301401772,12.318320826679068,12.240430420727156,3.438893810552436,1.5775636091775667
1392.1856247499666,12.367319729937666,12.367319729937666,12.30821982316616,12.228355856992058,2.938893810552436,1.788443111064797
1392.3856514201893,12.357962819593231,12.357962819593231,12.297870295026389,12.210710029890485,2.66550585438262,1.288443111064797
1392.585678090412,12.348602375357974,12.348602375357974,12.292790073715755,12.187038308006665,3.16550585438262,1.0825432962210673
1392.7857047606346,12.339238489640353,12.339238489640353,12.277031028631932,12.169374175215045,2.66550585438262,1.3674732078762761
1392.9857314308574,12.329871254882768,12.329871254882768,12.255520960975725,12.154923009540802,2.1979138465174213,1.8674732078762761
1393.1857581010802,12.320500763560714,12.320500763560714,12.235834245988588,12.145917446404312,2.167533603975393,2.367473207876276
1393.3857847713027,12.311127108181832,12.311127108181832,12.22549299124068,12.143634598025645,2.667533603975393,2.57387587254943
1393.5858114415255,12.301750381284975,12.301750381284975,12.205760772739541,12.145391168660126,2.167533603975393,3.07387587254943
1393.7858381117483,12.292370675439342,12.292370675439342,12.183474557969758,12.141217513522477,2.0449129311490304,2.57387587254943
1393.9858647819708,12.282988083243547,12.282988083243547,12.163284254061866,12.13056657409696,2.1795831863977524,2.07387587254943
1394.1858914521936,12.273602697324664,12.273602697324664,12.153393968736083,12.113640300655325,2.6795831863977524,1.5738758725494302
1394.3859181224163,12.26421461033738,12.26421461033738,12.132169106020545,12.104214472790217,2.1795831863977524,2.07387587254943
1394.5859447926389,12.254823914963048,12.254823914963048,12.118309468441115,12.090244431305484,2.6795831863977524,2.0077107190282653
1394.7859714628617,12.245430703908736,12.245430703908736,12.099307000059124,12.073069919676758,2.2819457612167864,1.5077107190282653
1394.9859981330844,12.236035069906377,12.236035069906377,12.09126969281558,12.06600390439276,2.7819457612167864,2.0077107190282653
1395.186024803307,12.226637105711847,12.226637105711847,12.08420841898797,12.057792350601325,3.0239657736115846,2.5077107190282653
1395.3860514735297,12.217236904103967,12.217236904103967,12.087897392773428,12.062240607414921,3.451171378955018,3.0077107190282653
1395.5860781437525,12.207834557883688,12.207834557883688,12.0975207922159,12.062087092604111,3.9051953520091236,3.0506553273587116
1395.786104813975,12.19843015987313,12.19843015987313,12.115380286237528,12.061127602233451,4.140599607032799,2.5506553273587116
1395.9861314841978,12.189023802914644,12.189023802914644,12.117253325812698,12.063856600635647,3.640599607032799,3.0506553273587116
1396.1861581544206,12.179615579869946,12.179615579869946,12.122542030748654,12.07134790714538,3.6960007561324497,3.5506553273587116
1396.3861848246431,12.170205583619175,12.170205583619175,12.12027933557588,12.07864395502005,3.1960007561324497,3.2393542331791503
1396.586211494866,12.160793907059947,12.160793907059947,12.10710476755143,12.087029274440509,2.6960007561324497,3.7393542331791503
1396.7862381650887,12.151380643106494,12.151380643106494,12.099591485532352,12.087538068201662,3.0019738545150023,3.2393542331791503
1396.9862648353112,12.141965884688723,12.141965884688723,12.087121430509576,12.0832726862217,2.5019738545150023,2.7393542331791503
1397.186291505534,12.132549724751259,12.132549724751259,12.06286923939028,12.074615754720908,2.0019738545150023,2.2393542331791503
1397.3863181757567,12.1231322562526,12.1231322562526,12.04466568513306,12.061916244313986,2.1843220737625484,1.7393542331791503
1397.5863448459795,12.113713572164144,12.113713572164144,12.037751634091476,12.043435887210375,2.6843220737625484,1.2393542331791503
1397.786371516202,12.10429376546931,12.10429376546931,12.02290808371489,12.02651889299175,2.1843220737625484,1.7393542331791503
1397.9863981864248,12.094872929162559,12.094872929162559,12.008250341645262,12.015042229593211,2.6843220737625484,2.2393542331791503
1398.1864248566476,12.085451156248554,12.085451156248554,11.986744039858115,12.001408124282019,2.1843220737625484,1.7393542331791503
1398.3864515268701,12.076028539741205,12.076028539741205,11.962322088077824,11.982145670808324,1.6843220737625484,1.2393542331791503
1398.586478197093,12.066605172662712,12.066605172662712,11.941594385271914,11.953871774752102,2.1843220737625484,0.7393542331791503
1398.7865048673157,12.057181148042721,12.057181148042721,11.910555470231126,11.925058196986196,1.6843220737625484,0.29308792853443977
1398.9865315375382,12.047756558917369,12.047756558917369,11.890666813673263,11.88873606991961,2.1843220737625484,0.0
1399.186558207761,12.038331498328336,12.038331498328336,11.877266003545833,11.857996294999273,2.6843220737625484,0.5000000000000001
1399.3865848779838,12.028906059321987,12.028906059321987,11.874495649107331,11.835712637269301,3.1843220737625484,1.0000000000000002
1399.5866115482063,12.019480334948417,12.019480334948417,11.862971220616654,11.819692043034909,2.6843220737625484,1.5000000000000004
1399.786638218429,12.010054418260516,12.010054418260516,11.852485100666076,11.806746544405053,2.8132374849058914,2.0000000000000004
1399.9866648886518,12.000628402313097,12.000628402313097,11.845379356509529,11.802254682696065,3.1707866839546868,2.5000000000000004
1400.1866915588744,11.99120238016196,11.99120238016196,11.83891797641369,11.8040979291576,2.9736729846332293,3.0000000000000004
1400.3867182290971,11.981776444862925,11.981776444862925,11.84259843876491,11.813791181507295,3.4736729846332293,3.5000000000000004
1400.58674489932,11.972350689470996,11.972350689470996,11.833125433186842,11.814565209632757,2.9736729846332293,3.0000000000000004
1400.7867715695425,11.962925207039394,11.962925207039394,11.814153749003674,11.82119765288256,2.4736729846332293,3.5000000000000004
1400.9867982397652,11.953500090618606,11.953500090618606,11.806233993362147,11.820848709775337,2.9736729846332293,3.0000000000000004
1401.186824909988,11.944075433255568,11.944075433255568,11.793173067388928,11.829702497982279,2.5093147159361244,3.5000000000000004
1401.3868515802105,11.934651327992652,11.934651327992652,11.774941285383902,11.83314391842462,2.207011775479297,3.0000000000000004
1401.5868782504333,11.925227867866763,11.925227867866763,11.761285516009213,11.8264811671857,2.707011775479297,2.5000000000000004
1401.786904920656,11.915805145908463,11.915805145908463,11.754646521702066,11.824837179723378,2.7302811340169773,2.873933655021559
1401.9869315908786,11.906383255141026,11.906383255141026,11.7503588350527,11.817287089904942,3.2302811340169773,2.373933655021559
1402.1869582611014,11.896962288579497,11.896962288579497,11.754307925846724,11.804730788454908,3.7302811340169773,1.8739336550215588
1402.3869849313242,11.887542339229817,11.887542339229817,11.750761729848609,11.78423896925076,3.2302811340169773,1.633910340755236
1402.587011601547,11.878123500087886,11.878123500087886,11.75795524280699,11.774744758046264,3.7302811340169773,2.133910340755236
1402.7870382717695,11.868705864138644,11.868705864138644,11.75735396213162,11.760357716200888,3.2302811340169773,1.6339103407552358
1402.9870649419922,11.859289524355129,11.859289524355129,11.752422831884363,11.741809974258363,3.006434833981755,1.3130528006493494
1403.187091612215,11.849874573697608,11.849874573697608,11.747480455174836,11.727882574091966,2.898738468525408,1.8130528006493494
1403.3871182824375,11.840461105112642,11.840461105112642,11.747149731763276,11.712899926402068,3.398738468525408,1.9450118160727032
1403.5871449526603,11.831049211532122,11.831049211532122,11.738038019454537,11.694011681461172,2.898738468525408,1.4800684466975684
1403.787171622883,11.821638985872424,11.821638985872424,11.732112710234963,11.674634741683832,3.0107974549093086,0.9800684466975684
1403.9871982931056,11.81223052103346,11.81223052103346,11.732167147080853,11.659109712685709,3.5107974549093086,1.4800684466975684
1404.1872249633284,11.802823909897723,11.802823909897723,11.728067939442859,11.650084564398243,3.0107974549093086,1.9800684466975684
1404.3872516335512,11.793419245329444,11.793419245329444,11.71599315092504,11.63742916390319,2.5107974549093086,1.7617021818859269
1404.5872783037737,11.78401662017363,11.78401662017363,11.69496108255218,11.631864495115488,2.0107974549093086,2.261702181885927
1404.7873049739965,11.774616127255126,11.774616127255126,11.681497025231321,11.633694025407804,2.4659635517003236,2.761702181885927
1404.9873316442192,11.76521785937776,11.76521785937776,11.658247351124551,11.640721037827792,1.9659635517003236,3.261702181885927
1405.1873583144418,11.75582190932339,11.75582190932339,11.632355638940416,11.636049212380621,1.9348874983159643,2.761702181885927
1405.3873849846645,11.746428369850966,11.746428369850966,11.601609911457128,11.630169014185421,1.4348874983159643,2.261702181885927
1405.5874116548873,11.737037333695666,11.737037333695666,11.580554723017302,11.63082594600484,1.9348874983159643,2.761702181885927
1405.7874383251099,11.727648893567958,11.727648893567958,11.554446925435926,11.635860601029663,1.5821573470633692,3.261702181885927
1405.9874649953326,11.718263142152647,11.718263142152647,11.530336252733225,11.644619923239992,2.082157347063369,3.5137681494680066
1406.1874916655554,11.708880172108033,11.708880172108033,11.520409362995473,11.658822901575967,2.582157347063369,4.013768149468007
1406.387518335778,11.699500076064949,11.699500076064949,11.508951422679717,11.66715359718331,2.47974057104797,3.5137681494680066
1406.5875450060007,11.690122946625827,11.690122946625827,11.508620567082572,11.667164736945736,2.97974057104797,3.0137681494680066
1406.7875716762235,11.680748876363845,11.680748876363845,11.511226231521167,11.66183268814824,3.47974057104797,2.5137681494680066
1406.987598346446,11.671377957821969,11.671377957821969,11.504916148339118,11.648711016686397,2.97974057104797,2.0137681494680066
1407.1876250166688,11.662010283512048,11.662010283512048,11.512061073595826,11.632036761928507,3.47974057104797,1.5137681494680066
1407.3876516868916,11.652645945913909,11.652645945913909,11.50560691917883,11.612226245747214,2.97974057104797,1.0137681494680066
1407.5876783571143,11.64328503747443,11.64328503747443,11.509495593420521,11.595525548549844,3.47974057104797,1.5137681494680066
1407.7877050273369,11.633927650606653,11.633927650606653,11.521667063728394,11.57339921288743,3.97974057104797,1.0137681494680066
1407.9877316975596,11.62457387768882,11.62457387768882,11.524110449081993,11.547859242560296,3.47974057104797,0.8913143485376213
1408.1877583677824,11.615223811063524,11.615223811063524,11.518923315989992,11.528436483520201,2.97974057104797,1.3913143485376214
1408.387785038005,11.605877543036778,11.605877543036778,11.525592567382146,11.507220974062543,3.47974057104797,0.8913143485376214
1408.5878117082277,11.59653516587705,11.59653516587705,11.527313616701374,11.488964214787318,3.0163777434230603,1.3913143485376214
1408.7878383784505,11.587196771814437,11.587196771814437,11.514681750953999,11.469106062687302,2.61161085827836,1.1495592906475007
1408.987865048673,11.577862453039712,11.577862453039712,11.499003203745442,11.455522907872295,2.11161085827836,1.6495592906475007
1409.1878917188958,11.568532301703383,11.568532301703383,11.490009122379513,11.440963754915188,2.61161085827836,1.8091495459266913
1409.3879183891186,11.559206409914848,11.559206409914848,11.470848065575026,11.436852254858726,2.11161085827836,2.309149545926691
1409.587945059341,11.549884869741456,11.549884869741456,11.461466807184491,11.422638262889306,2.34929030397093,1.809149545926691
1409.7879717295639,11.54056777320756,11.54056777320756,11.455253594740789,11.419121964631655,2.84929030397093,2.309149545926691
1409.9879983997866,11.53125521229368,11.53125521229368,11.445162063230695,11.404314073960103,2.34929030397093,1.809149545926691
1410.1880250700092,11.521947278935555,11.521947278935555,11.421682203130555,11.396031318280095,1.84929030397093,1.8826650838712689
1410.388051740232,11.512644065023213,11.512644065023213,11.40429774978366,11.389421782696264,2.34929030397093,2.382665083871269
1410.5880784104547,11.50334566240012,11.50334566240012,11.380217272485732,11.389712257817546,1.8655738840031986,2.882665083871269
1410.7881050806773,11.494052162862243,11.494052162862243,11.366830260519508,11.385119196885924,2.3655738840031986,2.382665083871269
1410.9881317509,11.484763658157116,11.484763658157116,11.3605423787835,11.374180435512699,2.8655738840031986,1.8826650838712689
1411.1881584211228,11.475480239982987,11.475480239982987,11.357957928260051,11.368415403130536,3.3655738840031986,2.382665083871269
1411.3881850913453,11.4662019999879,11.4662019999879,11.36474665485886,11.373326345800844,3.5176052905357365,2.882665083871269
1411.5882117615681,11.456929029768737,11.456929029768737,11.359462427349843,11.370136942801345,3.0176052905357365,2.382665083871269
1411.788238431791,11.447661420870393,11.447661420870393,11.344264558814237,11.357524341525824,2.5176052905357365,1.8826650838712689
1411.9882651020134,11.438399264784834,11.438399264784834,11.323028590666986,11.339063019684776,2.0176052905357365,1.3826650838712689
1412.1882917722362,11.429142652950159,11.429142652950159,11.310412045896175,11.315579596333702,2.5176052905357365,0.8826650838712689
1412.388318442459,11.41989167674977,11.41989167674977,11.307435544805946,11.284240926746332,3.0176052905357365,0.38266508387126885
1412.5883451126817,11.41064642751142,11.41064642751142,11.290857394770649,11.261809090659039,2.5176052905357365,0.8826650838712689
1412.7883717829043,11.401406996506331,11.401406996506331,11.289308671670515,11.243839469695258,3.0176052905357365,1.3826650838712689
1412.988398453127,11.392173474948253,11.392173474948253,11.292334699239046,11.233676318681152,3.5176052905357365,1.8826650838712689
1413.1884251233498,11.382945953992648,11.382945953992648,11.287262716515094,11.215343265827913,3.0176052905357365,1.3826650838712689
1413.3884517935724,11.373724524735717,11.373724524735717,11.271792470738083,11.20074456666156,2.5176052905357365,1.8826650838712689
1413.5884784637951,11.364509278213498,11.364509278213498,11.266456588861411,11.192597699204018,3.0176052905357365,2.382665083871269
1413.788505134018,11.35530030540102,11.35530030540102,11.256400339243408,11.19308982255495,2.9071483975477093,2.882665083871269
1413.9885318042404,11.346097697211382,11.346097697211382,11.239546957636612,11.196682498446762,2.4071483975477093,3.382665083871269
1414.1885584744632,11.336901544494813,11.336901544494813,11.236921948712144,11.211447242173474,2.9071483975477093,3.882665083871269
1414.388585144686,11.327711938037849,11.327711938037849,11.226206878945355,11.216029355494614,2.4071483975477093,3.382665083871269
1414.5886118149085,11.318528968562394,11.318528968562394,11.206885072319816,11.217031939583919,1.9071483975477093,2.8916268919344823
1414.7886384851313,11.309352726724804,11.309352726724804,11.178249737116563,11.215665298650292,1.4071483975477093,2.5520155567820977
1414.988665155354,11.300183303115048,11.300183303115048,11.154195504818585,11.206090443484062,1.9071483975477093,2.0520155567820977
1415.1886918255766,11.29102078825578,11.29102078825578,11.141561011506939,11.191857729834696,2.4071483975477093,1.5520155567820977
1415.3887184957994,11.281865272601426,11.281865272601426,11.135662778259244,11.181954828442308,2.9071483975477093,2.0520155567820977
1415.5887451660221,11.272716846537339,11.272716846537339,11.136410119236123,11.165312125911766,3.4071483975477093,1.5520155567820977
1415.7887718362447,11.263575600378882,11.263575600378882,11.132712218658854,11.141905055115943,2.9071483975477093,1.0520155567820977
1415.9887985064674,11.254441624370507,11.254441624370507,11.121020868749039,11.115642835604092,2.4071483975477093,0.5520155567820977
1416.1888251766902,11.245315008684928,11.245315008684928,11.114351284505139,11.09604206500621,2.9071483975477093,1.0520155567820977
1416.3888518469128,11.23619584342219,11.23619584342219,11.101924686237208,11.078415706573171,2.4071483975477093,1.5520155567820977
1416.5888785171355,11.227084218608756,11.227084218608756,11.098569073495714,11.066695243039115,2.9071483975477093,2.0520155567820977
1416.7889051873583,11.217980224196683,11.217980224196683,11.08262590617045,11.050405006289596,2.4071483975477093,1.5520155567820977
1416.988931857581,11.208883950062685,11.208883950062685,11.080849838159676,11.030267901195796,2.9071483975477093,1.0520155567820977
1417.1889585278036,11.19979548600727,11.19979548600727,11.067316693160711,11.012037484278824,2.5075174966435343,1.5520155567820977
1417.3889851980264,11.190714921753814,11.190714921753814,11.05904028140069,11.0052528283192,2.6837706487388413,2.0520155567820977
1417.5890118682491,11.181642346947735,11.181642346947735,11.037365364324192,11.004289500870813,2.1837706487388413,2.5520155567820977
1417.7890385384717,11.172577851155575,11.172577851155575,11.01366776256581,11.006218444375499,2.0936923126050524,3.0520155567820977
1417.9890652086945,11.163521523864091,11.163521523864091,10.992864270650635,11.010123890807815,1.8393429705133295,3.075595570528503
1418.1890918789172,11.154473454479426,11.154473454479426,10.976237456363183,11.023558061736395,2.3393429705133295,3.575595570528503
1418.3891185491398,11.1454337323262,11.1454337323262,10.96846784912589,11.038997096716686,2.704377950574663,4.0755955705285025
1418.5891452193625,11.136402446646597,11.136402446646597,10.971127269785113,11.052476948601106,3.204377950574663,3.5755955705285025
1418.7891718895853,11.127379686599548,11.127379686599548,10.96108255619664,11.054275311746597,2.704377950574663,3.0755955705285025
1418.9891985598078,11.1183655412598,11.1183655412598,10.959533358137689,11.053624137317726,3.0097727930450837,2.5755955705285025
1419.1892252300306,11.10936009961706,11.10936009961706,10.948849242309173,11.046353127069146,2.5097727930450837,2.0755955705285025
1419.3892519002534,11.100363450575104,11.100363450575104,10.945991813621928,11.032241922246957,3.0097727930450837,1.5755955705285025
1419.589278570476,11.091375682950924,11.091375682950924,10.951318378386343,11.01999521808873,3.5097727930450837,1.7750065354867062
1419.7893052406987,11.082396885473793,11.082396885473793,10.94544691273495,10.997382504605413,3.0097727930450837,1.2750065354867062
1419.9893319109215,11.073427146784464,11.073427146784464,10.951141248411094,10.989051293938124,3.5097727930450837,1.7750065354867062
1420.189358581144,11.06446655543426,11.06446655543426,10.94840890202869,10.968603260597988,3.0097727930450837,1.275006535486706
1420.3893852513668,11.055515199884168,11.055515199884168,10.934304777902652,10.94727902251844,2.5097727930450837,0.7750065354867058
1420.5894119215895,11.046573168504027,11.046573168504027,10.931012312875337,10.92845221443899,3.0097727930450837,1.275006535486706
1420.789438591812,11.037640549571625,11.037640549571625,10.933123169854444,10.905609191385906,3.5097727930450837,0.775006535486706
1420.9894652620349,11.028717431271799,11.028717431271799,10.940157544524359,10.886469407992031,3.567421010055247,1.275006535486706
1421.1894919322576,11.019803901695626,11.019803901695626,10.935074925460206,10.875327760129391,3.067421010055247,1.775006535486706
1421.3895186024802,11.010900048839515,11.010900048839515,10.925292891209564,10.859284008604858,2.8614814912406477,1.275006535486706
1421.589545272703,11.00200596060432,11.00200596060432,10.908213953671547,10.846968155618082,2.3614814912406477,1.775006535486706
1421.7895719429257,10.993121724794523,10.993121724794523,10.890351021766019,10.830530424139496,1.8614814912406477,1.275006535486706
1421.9895986131485,10.984247429117332,10.984247429117332,10.867081830934113,10.819267806059964,1.9604987495994595,1.775006535486706
1422.189625283371,10.975383161181835,10.975383161181835,10.854036758164595,10.79815837233636,2.4604987495994592,1.275006535486706
1422.3896519535938,10.966529008498089,10.966529008498089,10.847032825419415,10.786144956414612,2.7590924028618566,1.775006535486706
1422.5896786238166,10.957685058476327,10.957685058476327,10.830147053529343,10.78004971285188,2.4431227576287697,2.275006535486706
1422.789705294039,10.948851398426056,10.948851398426056,10.822165823909279,10.775118125562939,2.9431227576287697,2.325936472636284
1422.9897319642619,10.940028115555169,10.940028115555169,10.82273533062656,10.777841698998357,3.042892461236982,2.825936472636284
1423.1897586344846,10.931215296969139,10.931215296969139,10.816320549034812,10.78540548929127,2.7671767006248316,3.325936472636284
1423.3897853047072,10.922413029670139,10.922413029670139,10.798129239231644,10.787489599912792,2.2671767006248316,2.825936472636284
1423.58981197493,10.913621400556146,10.913621400556146,10.793198842934807,10.79180848298199,2.7671767006248316,2.975299429223482
1423.7898386451527,10.904840496420139,10.904840496420139,10.796843701460508,10.791336380018498,3.2671767006248316,2.475299429223482
1423.9898653153753,10.896070403949228,10.896070403949228,10.792345645529844,10.795057050091428,3.094865498572618,2.975299429223482
1424.189891985598,10.887311209723746,10.887311209723746,10.779770059979363,10.794620042581213,2.594865498572618,2.475299429223482
1424.3899186558208,10.878563000216474,10.878563000216474,10.773772284244822,10.787241559077872,3.094865498572618,1.9752994292234818
1424.5899453260433,10.869825861791748,10.869825861791748,10.764211624630617,10.768267242263382,2.594865498572618,1.4752994292234818
1424.789971996266,10.861099880704575,10.861099880704575,10.746599342272589,10.744947790437209,2.1756747325901307,0.9752994292234818
1424.9899986664889,10.852385143099838,10.852385143099838,10.737675307322167,10.730286604095532,2.6756747325901307,1.4752994292234818
1425.1900253367114,10.843681735011446,10.843681735011446,10.721971292487698,10.705313714484202,2.1756747325901307,0.9752994292234818
1425.3900520069342,10.834989742361406,10.834989742361406,10.712823782889055,10.690813186883757,2.6756747325901307,1.4752994292234818
1425.590078677157,10.826309250959069,10.826309250959069,10.711991645270608,10.6797873948193,3.1756747325901307,1.9752994292234818
1425.7901053473795,10.81764034650024,10.81764034650024,10.71781659665498,10.6744123072032,3.3097618640310658,2.371990984686743
1425.9901320176023,10.808983114566306,10.808983114566306,10.710740089239351,10.67193481815794,2.8097618640310658,2.66613892247502
1426.190158687825,10.800337640623452,10.800337640623452,10.714329738060428,10.681458959786779,3.3097618640310658,3.16613892247502
1426.3901853580476,10.791704010021782,10.791704010021782,10.725132872792736,10.685230742180623,3.7745939228900647,2.66613892247502
1426.5902120282703,10.783082307994452,10.783082307994452,10.721838416223738,10.67789347545973,3.2745939228900647,2.16613892247502
1426.790238698493,10.774472619656887,10.774472619656887,10.71085760373554,10.681759919130435,2.8464379599698604,2.66613892247502
1426.9902653687159,10.765875030005901,10.765875030005901,10.695922701364578,10.671348216295803,2.3464379599698604,2.16613892247502
1427.1902920389384,10.757289623918872,10.757289623918872,10.688052587889342,10.66043461824781,2.8464379599698604,1.66613892247502
1427.3903187091612,10.748716486152874,10.748716486152874,10.673573503694149,10.651431866886753,2.3464379599698604,2.16613892247502
1427.590345379384,10.740155701343895,10.740155701343895,10.66772817039146,10.64122769033918,2.7523720933892686,1.66613892247502
1427.7903720496065,10.731607354005966,10.731607354005966,10.656375575457457,10.629176578843396,2.5448369255870276,1.7226695485665258
1427.9903987198293,10.723071528530314,10.723071528530314,10.638464630908837,10.62318452457615,2.4412743057463167,2.2226695485665258
1428.190425390052,10.714548309184565,10.714548309184565,10.61553906227256,10.613621444133402,1.9412743057463167,1.7226695485665258
1428.3904520602746,10.706037780111899,10.706037780111899,10.604858333630022,10.596742516176109,2.4412743057463167,1.2226695485665258
1428.5904787304974,10.69754002533019,10.69754002533019,10.59652816185087,10.574109890408248,2.9412743057463167,0.7226695485665258
1428.7905054007201,10.689055128731221,10.689055128731221,10.587711452063504,10.55621679060869,2.4412743057463167,1.2226695485665258
1428.9905320709427,10.680583174079846,10.680583174079846,10.568225010372824,10.540986814626557,1.9412743057463167,1.7226695485665258
1429.1905587411654,10.67212424501312,10.67212424501312,10.539887556813689,10.52342844593852,1.4412743057463167,1.2226695485665258
1429.3905854113882,10.66367842503953,10.66367842503953,10.518536264666155,10.509230616440943,1.9412743057463167,1.7226695485665258
1429.5906120816107,10.655245797538155,10.655245797538155,10.507713337119375,10.490841438016243,2.4412743057463167,1.445904051913166
1429.7906387518335,10.646826445757803,10.646826445757803,10.503458868112642,10.481111651966177,2.9412743057463167,1.9459040519131658
1429.9906654220563,10.63842045281625,10.63842045281625,10.497035768223489,10.478752092455116,2.9446178169535897,2.445904051913166
1430.1906920922788,10.63002790169939,10.63002790169939,10.482677131281948,10.467885925757095,2.4446178169535897,1.9459040519131658
1430.3907187625016,10.621648875260389,10.621648875260389,10.4761894084777,10.46748255763262,2.9446178169535897,2.35654548664276
1430.5907454327244,10.61328345621892,10.61328345621892,10.467867038630455,10.456889321135222,2.967357364355176,1.85654548664276
1430.790772102947,10.604931727160322,10.604931727160322,10.464113544631354,10.444206827397677,2.9880538516395063,1.35654548664276
1430.9907987731697,10.59659377053475,10.59659377053475,10.469089464336776,10.432205192768217,3.4880538516395063,1.85654548664276
1431.1908254433924,10.58826966865644,10.58826966865644,10.467592032707712,10.427415740409657,2.9880538516395063,2.35654548664276
1431.390852113615,10.579959503702836,10.579959503702836,10.464488623053208,10.41808095510442,2.9157436477393075,1.85654548664276
1431.5908787838378,10.571663357713767,10.571663357713767,10.466606535524559,10.402515069772232,3.4157436477393075,1.35654548664276
1431.7909054540605,10.563381312590689,10.563381312590689,10.463757425767657,10.378512970767433,2.9157436477393075,0.85654548664276
1431.9909321242833,10.55511345009585,10.55511345009585,10.464842398366255,10.359899854139561,3.0703133366680024,1.35654548664276
1432.1909587945058,10.546859851851487,10.546859851851487,10.457780553294734,10.350317680783201,2.876690056934373,1.85654548664276
1432.3909854647286,10.53862059933899,10.53862059933899,10.440197806917173,10.339821462342666,2.376690056934373,1.8758830119910197
1432.5910121349514,10.530395773898155,10.530395773898155,10.436592397574204,10.335653488653994,2.876690056934373,2.3758830119910197
1432.791038805174,10.522185456726348,10.522185456726348,10.424737702375905,10.337227388809245,2.376690056934373,2.8758830119910197
1432.9910654753967,10.51398972887768,10.51398972887768,10.425100593871417,10.348067330265586,2.876690056934373,3.3758830119910197
1433.1910921456195,10.50580867126226,10.50580867126226,10.410173644833035,10.36149800357525,2.376690056934373,3.8758830119910197
1433.391118815842,10.497642364645367,10.497642364645367,10.407068029568833,10.368994699611326,2.876690056934373,3.3758830119910197
1433.5911454860648,10.489490889646632,10.489490889646632,10.410095643430397,10.385782073530562,3.376690056934373,3.8758830119910197
1433.7911721562875,10.481354326739288,10.481354326739288,10.403819538140466,10.392955999772344,2.876690056934373,3.3758830119910197
1433.99119882651,10.473232756249352,10.473232756249352,10.391199673705945,10.395057548893194,2.376690056934373,2.8758830119910197
1434.1912254967328,10.465126258354813,10.465126258354813,10.384950556783313,10.388663902483394,2.876690056934373,2.3758830119910197
1434.3912521669556,10.457034913084875,10.457034913084875,10.389897210022314,10.390666346848619,3.376690056934373,2.8758830119910197
1434.5912788371782,10.448958800319161,10.448958800319161,10.388479742738424,10.38818641763407,2.876690056934373,2.3758830119910197
1434.791305507401,10.440897999786888,10.440897999786888,10.392397774153315,10.377534817727952,3.376690056934373,1.8758830119910197
1434.9913321776237,10.432852591066125,10.432852591066125,10.389366279833308,10.362074722329627,2.876690056934373,1.3758830119910197
1435.1913588478462,10.424822653583,10.424822653583,10.379769234628256,10.340959962591457,2.376690056934373,0.8758830119910197
1435.391385518069,10.416808266610872,10.416808266610872,10.360797551422536,10.313194095283793,1.8766900569343732,0.3758830119910197
1435.5914121882918,10.408809509269615,10.408809509269615,10.345728617625607,10.287523448569738,2.241252049568444,0.8758830119910197
1435.7914388585143,10.400826460524796,10.400826460524796,10.340104020070719,10.270678814836192,2.741252049568444,1.3758830119910197
1435.991465528737,10.39285919918688,10.39285919918688,10.327471689402085,10.258041589061529,2.241252049568444,1.8758830119910197
1436.1914921989598,10.384907803910504,10.384907803910504,10.308827218683232,10.25386594109775,1.7929150895969168,2.3758830119910197
1436.3915188691824,10.37697235319367,10.37697235319367,10.293535359949265,10.256460669637546,2.292915089596917,2.8758830119910197
1436.5915455394052,10.369052925376943,10.369052925376943,10.276255397694781,10.253487878604188,2.05845346430808,2.3758830119910197
1436.791572209628,10.361149598642726,10.361149598642726,10.24911426884939,10.256386307023377,1.587580716552788,2.8758830119910197
1436.9915988798507,10.353262451014484,10.353262451014484,10.229512748937251,10.251095326026437,2.0875807165527878,2.3758830119910197
1437.1916255500732,10.345391560355946,10.345391560355946,10.221300477978923,10.240980045429266,2.5875807165527878,1.8758830119910197
1437.391652220296,10.337537004370322,10.337537004370322,10.214410392770338,10.224246204253387,3.0875807165527878,1.3758830119910197
1437.5916788905188,10.3296988605996,10.3296988605996,10.21936917335678,10.201782462176514,3.3515086255433175,1.1665180906895183
1437.7917055607413,10.321877206423732,10.321877206423732,10.222556033531589,10.190059867052527,3.3253382225044317,1.6665180906895183
1437.991732230964,10.31407211905986,10.31407211905986,10.215122911204288,10.183492912816686,2.8253382225044317,2.166518090689518
1438.1917589011869,10.306283675561602,10.306283675561602,10.20023118804826,10.168040789095867,2.3253382225044317,1.666518090689518
1438.3917855714094,10.29851195281826,10.29851195281826,10.185327009953394,10.148067014346855,2.8253382225044317,1.2097368981708663
1438.5918122416322,10.290757027554042,10.290757027554042,10.175501245798,10.122025125265246,2.8849242216620397,0.7097368981708663
1438.791838911855,10.283018976327352,10.283018976327352,10.163076304518123,10.102628790980344,2.3849242216620397,1.2097368981708663
1438.9918655820775,10.275297875530011,10.275297875530011,10.158135628538137,10.09234129517649,2.8849242216620397,1.7097368981708663
1439.1918922523002,10.267593801386475,10.267593801386475,10.14461469505566,10.08687698144256,2.3849242216620397,2.209736898170866
1439.391918922523,10.259906829953133,10.259906829953133,10.144871853118135,10.085824467566765,2.8849242216620397,2.709736898170866
1439.5919455927456,10.252237037117533,10.252237037117533,10.133722456906519,10.081271271606948,2.3849242216620397,2.209736898170866
1439.7919722629683,10.24458449859761,10.24458449859761,10.130636215020791,10.085119975907336,2.8849242216620397,2.709736898170866
1439.991998933191,10.236949289940979,10.236949289940979,10.135124196102712,10.082392165283494,3.348683161302911,2.209736898170866
1440.1920256034136,10.229331486524178,10.229331486524178,10.12923282549638,10.072417229712109,2.848683161302911,1.709736898170866
1440.3920522736364,10.221731163551885,10.221731163551885,10.134575936499353,10.071394226403063,3.348683161302911,2.209736898170866
1440.5920789438592,10.214148396056235,10.214148396056235,10.128181959093546,10.068743275289554,2.848683161302911,2.709736898170866
1440.7921056140817,10.206583258896053,10.206583258896053,10.117224993018649,10.062406032839204,2.348683161302911,2.209736898170866
1440.9921322843045,10.199035826756088,10.199035826756088,10.113436844192092,10.066089354954594,2.848683161302911,2.709736898170866
1441.1921589545273,10.19150617414632,10.19150617414632,10.103684697555034,10.075435128319814,2.348683161302911,3.209736898170866
1441.3921856247498,10.183994375401213,10.183994375401213,10.100156206455893,10.085292304875063,2.848683161302911,3.45200745327979
1441.5922122949726,10.176500504678945,10.176500504678945,10.084005856375569,10.089861672743252,2.348683161302911,2.95200745327979
1441.7922389651953,10.16902463596073,10.16902463596073,10.076027951130046,10.102774166184844,2.848683161302911,3.433480093493532
1441.992265635418,10.161566843050053,10.161566843050053,10.066513578848834,10.106638059732074,2.348683161302911,2.933480093493532
1442.1922923056406,10.15412719957196,10.15412719957196,10.044301695716616,10.104029970421129,1.8905714262557203,2.433480093493532
1442.3923189758634,10.146705778972295,10.146705778972295,10.032604343619363,10.10635998284,2.39057142625572,2.933480093493532
1442.5923456460862,10.139302654517031,10.139302654517031,10.028442017948885,10.10600321884837,2.7894885442968818,2.433480093493532
1442.7923723163087,10.131917899291503,10.131917899291503,10.034539639165963,10.100156045489577,3.2894885442968818,1.933480093493532
1442.9923989865315,10.124551586199704,10.124551586199704,10.03617917674722,10.085452512942313,2.8946925911315304,1.433480093493532
1443.1924256567543,10.117203787963561,10.117203787963561,10.042647001170463,10.080958034704327,3.3946925911315304,1.933480093493532
1443.3924523269768,10.109874577122229,10.109874577122229,10.058980712166163,10.065064464926527,3.8946925911315304,1.433480093493532
1443.5924789971996,10.102564026031335,10.102564026031335,10.064969637211751,10.052792228117001,3.3946925911315304,1.933480093493532
1443.7925056674223,10.095272206862319,10.095272206862319,10.06075626569128,10.039382242166184,2.8946925911315304,1.5468324489287315
1443.992532337645,10.0879991916017,10.0879991916017,10.049431367711087,10.018954110114306,2.3946925911315304,1.0468324489287315
1444.1925590078677,10.080745052050325,10.080745052050325,10.031377512764536,10.007009248581378,1.8946925911315304,1.5468324489287313
1444.3925856780904,10.073509859822732,10.073509859822732,10.019326494227528,9.988793551396059,2.172415156784091,1.3793463259140664
1444.592612348313,10.0662936863464,10.0662936863464,10.003015924569045,9.981663209889742,2.1132274179621953,1.8793463259140664
1444.7926390185357,10.059096602861027,10.059096602861027,9.99467270053194,9.974780639644377,2.5249749293459565,1.9688814935971042
1444.9926656887585,10.051918680417877,10.051918680417877,9.996997402328558,9.976016164502964,3.0249749293459565,2.468881493597104
1445.192692358981,10.044759989879047,10.044759989879047,9.986639035649068,9.968156410625054,2.5249749293459565,1.9688814935971042
1445.3927190292038,10.037620601916753,10.037620601916753,9.981255449751869,9.962895880839794,2.885829754365399,2.4241149892051768
1445.5927456994266,10.030500587012675,10.030500587012675,9.988388263071679,9.956881850593271,3.381452243095878,1.9241149892051768
1445.7927723696491,10.023400015457234,10.023400015457234,9.994706113138854,9.940941282228538,3.453861367760399,1.4241149892051768
1445.992799039872,10.016318957348883,10.016318957348883,9.994165903075796,9.933046431229299,2.953861367760399,1.9241149892051768
1446.1928257100947,10.009257482593453,10.009257482593453,9.98169385968166,9.927955858469439,2.453861367760399,2.4241149892051768
1446.3928523803172,10.002215660903445,10.002215660903445,9.959061087534346,9.919930748368692,1.9538613677603989,1.9241149892051768
1446.59287905054,9.99519356179732,9.99519356179732,9.941544835774389,9.908398385354943,2.0567351780977905,1.9321365226446758
1446.7929057207627,9.988191254598853,9.988191254598853,9.934551006683792,9.890530081015642,2.5567351780977905,1.4321365226446758
1446.9929323909855,9.98120880843642,9.98120880843642,9.928093621907815,9.880462701885069,2.5177832697148843,1.7911892287916424
1447.192959061208,9.974246292242338,9.974246292242338,9.911616297486704,9.878277032074534,2.0177832697148843,2.2911892287916427
1447.3929857314308,9.96730377475214,9.96730377475214,9.885621779885707,9.866636687282881,1.5177832697148843,1.7911892287916427
1447.5930124016536,9.960381324503956,9.960381324503956,9.86533460139656,9.86168842677007,2.0177832697148843,2.2911892287916427
1447.7930390718761,9.953479009837807,9.953479009837807,9.835908938800419,9.864299900027609,1.5177832697148843,2.7911892287916427
1447.993065742099,9.946596898894905,9.946596898894905,9.819500995016648,9.86166328335952,2.0177832697148843,2.2911892287916427
1448.1930924123217,9.93973505961703,9.93973505961703,9.815133661833956,9.851322782965882,2.5177832697148843,1.7911892287916427
1448.3931190825442,9.932893559745839,9.932893559745839,9.812137608194332,9.83356732665546,3.0177832697148843,1.2911892287916427
1448.593145752767,9.926072466822166,9.926072466822166,9.82040932371112,9.822100378335787,3.5177832697148843,1.7911892287916427
1448.7931724229898,9.9192718481854,9.9192718481854,9.82211701220051,9.818900826866761,3.0177832697148843,2.2911892287916427
1448.9931990932123,9.912491770972826,9.912491770972826,9.82987982875893,9.822047903753651,3.5177832697148843,2.7911892287916427
1449.193225763435,9.905732302118897,9.905732302118897,9.834758705358775,9.820679312544899,3.3624913799892937,2.2911892287916427
1449.3932524336578,9.898993508354641,9.898993508354641,9.846418970473799,9.810869201870327,3.8624913799892937,1.7911892287916427
1449.5932791038804,9.89227545620698,9.89227545620698,9.850688030750817,9.79185803752267,3.3624913799892937,1.2911892287916427
1449.7933057741031,9.885578211998043,9.885578211998043,9.847138757488073,9.7756430352812,2.8624913799892937,1.3116222555193024
1449.993332444326,9.878901841844566,9.878901841844566,9.853876124244868,9.767510458178537,3.3624913799892937,1.8116222555193024
1450.1933591145485,9.872246411657212,9.872246411657212,9.847132026490604,9.760664705238716,2.8624913799892937,2.3116222555193024
1450.3933857847712,9.86561198713989,9.86561198713989,9.849430154485368,9.762447879356285,3.077307753933591,2.8116222555193024
1450.593412454994,9.858998633789167,9.858998633789167,9.847911762648902,9.764555317589874,2.577307753933591,2.59296956601284
1450.7934391252165,9.852406416893587,9.852406416893587,9.835680371285115,9.770649262909945,2.077307753933591,3.04995008699831
1450.9934657954393,9.845835401533007,9.845835401533007,9.82483553513488,9.770314047317147,2.497421308637968,2.54995008699831
1451.193492465662,9.839285652578,9.839285652578,9.827767460779405,9.763482668221696,2.997421308637968,2.196662089294187
1451.3935191358846,9.832757234689197,9.832757234689197,9.819697428625895,9.763019561688813,2.497421308637968,2.5646716010803363
1451.5935458061074,9.826250212316612,9.826250212316612,9.816802736286979,9.76962528995241,2.997421308637968,3.0646716010803363
1451.7935724763302,9.819764649699069,9.819764649699069,9.8088392688931,9.768321119692601,2.497421308637968,2.5646716010803363
1451.993599146553,9.813300610863525,9.813300610863525,9.809266734455708,9.77556504544742,2.997421308637968,3.0646716010803363
1452.1936258167755,9.806858159624458,9.806858159624458,9.797473935038383,9.770383501561856,2.497421308637968,2.5646716010803363
1452.3936524869982,9.800437359583203,9.800437359583203,9.79917248112535,9.763839449561333,2.997421308637968,2.0646716010803363
1452.593679157221,9.794038274127374,9.794038274127374,9.786794478183051,9.752668967899647,2.497421308637968,1.5646716010803363
1452.7937058274435,9.787660966430215,9.787660966430215,9.766010578652462,9.749713258525711,1.9974213086379682,2.0646716010803363
1452.9937324976663,9.781305499449951,9.781305499449951,9.758910801677624,9.735719673976451,2.497421308637968,1.5646716010803363
1453.193759167889,9.774971935929212,9.774971935929212,9.74739360169827,9.717041883908253,2.297512499647245,1.0646716010803363
1453.3937858381116,9.768660338394394,9.768660338394394,9.726089720630078,9.708338245652921,1.7975124996472451,1.5646716010803363
1453.5938125083344,9.762370769155016,9.762370769155016,9.715792917757218,9.693017683428709,2.297512499647245,1.0646716010803363
1453.7938391785572,9.756103290303152,9.756103290303152,9.705673607906528,9.680237722335447,2.379534217131156,1.5646716010803363
1453.9938658487797,9.749857963712792,9.749857963712792,9.69802995407159,9.673311495265207,2.879534217131156,2.0646716010803363
1454.1938925190025,9.743634851039216,9.743634851039216,9.68809780923978,9.671463934753701,2.379534217131156,2.392171286548471
1454.3939191892252,9.73743401371842,9.73743401371842,9.668327154182599,9.663901459601307,1.8795342171311562,1.892171286548471
1454.5939458594478,9.7312555129665,9.7312555129665,9.658943112207094,9.649207994283199,2.379534217131156,1.392171286548471
1454.7939725296706,9.725099409779004,9.725099409779004,9.644358486878078,9.641916989846171,1.8795342171311562,1.892171286548471
1454.9939991998933,9.718965764930411,9.718965764930411,9.63281591436183,9.628184716143627,2.379534217131156,1.392171286548471
1455.1940258701159,9.712854638973468,9.712854638973468,9.633069323477386,9.61348638990419,2.879534217131156,1.3530060601587326
1455.3940525403386,9.706766092238592,9.706766092238592,9.617593223827114,9.605200098799452,2.379534217131156,1.8530060601587326
1455.5940792105614,9.700700184833318,9.700700184833318,9.615864838339053,9.588349132678394,2.879534217131156,1.532274125599224
1455.794105880784,9.694656976641676,9.694656976641676,9.623420479658675,9.583594089966786,3.379534217131156,2.032274125599224
1455.9941325510067,9.688636527323586,9.688636527323586,9.631436779487801,9.586231137014998,3.4417662996702996,2.532274125599224
1456.1941592212295,9.682638896314309,9.682638896314309,9.6338640705979,9.592032870307468,2.9417662996702996,3.032274125599224
1456.394185891452,9.676664142823835,9.676664142823835,9.628640827082371,9.588639867344071,2.639463376582674,2.532274125599224
1456.5942125616748,9.670712325836284,9.670712325836284,9.630007073961474,9.580006493633427,2.984373767444888,2.032274125599224
1456.7942392318976,9.66478350410936,9.66478350410936,9.622163284958848,9.566164094955894,2.484373767444888,1.532274125599224
1456.9942659021203,9.65887773617375,9.65887773617375,9.608954676688334,9.558899475711153,2.3756198459424884,2.032274125599224
1457.1942925723429,9.65299508033255,9.65299508033255,9.584377527131336,9.548082092156504,1.8756198459424884,1.8039015129259675
1457.3943192425656,9.647135594660671,9.647135594660671,9.57320694887106,9.531460543261133,2.3756198459424884,1.3039015129259675
1457.5943459127884,9.641299337004302,9.641299337004302,9.569361568710264,9.519145336143964,2.8756198459424884,1.8039015129259675
1457.794372583011,9.63548636498032,9.63548636498032,9.553969016244086,9.514985756578799,2.3756198459424884,2.3039015129259672
1457.9943992532337,9.629696735975703,9.629696735975703,9.556833488539647,9.515204169559443,2.8756198459424884,2.8039015129259672
1458.1944259234565,9.623930507146994,9.623930507146994,9.55680082685607,9.508868439432028,3.1605440179672035,2.316177988029841
1458.394452593679,9.618187735419736,9.618187735419736,9.551063864307501,9.513471374112449,2.6605440179672035,2.816177988029841
1458.5944792639018,9.612468477487868,9.612468477487868,9.543893512247719,9.51459589621889,2.1605440179672035,2.316177988029841
1458.7945059341246,9.60677278981322,9.60677278981322,9.523991108100386,9.518008921819606,1.8358879092922082,2.816177988029841
1458.9945326043471,9.601100728624928,9.601100728624928,9.515414034511718,9.51593956411843,2.3358879092922082,2.316177988029841
1459.1945592745699,9.595452349918865,9.595452349918865,9.504224522724321,9.503687656055638,2.2988160072688295,1.8161779880298412
1459.3945859447927,9.589827709457126,9.589827709457126,9.502855160976384,9.50073438181851,2.7988160072688295,2.316177988029841
1459.5946126150152,9.584226862767453,9.584226862767453,9.506878783641008,9.50322483155944,3.202890894988655,2.816177988029841
1459.794639285238,9.578649865142673,9.578649865142673,9.498138232387513,9.510932462043646,2.702890894988655,3.316177988029841
1459.9946659554607,9.573096771640184,9.573096771640184,9.50377522139921,9.515438710777657,3.202890894988655,2.816177988029841
1460.1946926256833,9.567567637081408,9.567567637081408,9.502196353508635,9.525964256140877,2.702890894988655,3.316177988029841
1460.394719295906,9.562062516051212,9.562062516051212,9.510115650328293,9.527343364669715,3.202890894988655,2.816177988029841
1460.5947459661288,9.556581462897412,9.556581462897412,9.509731037714165,9.52083348372045,2.702890894988655,2.316177988029841
1460.7947726363514,9.551124531730222,9.551124531730222,9.498517692384421,9.511332542975138,2.202890894988655,1.8161779880298412
1460.9947993065741,9.545691776421712,9.545691776421712,9.489772861177878,9.509060239092713,2.406238852052478,2.316177988029841
1461.194825976797,9.540283250605288,9.540283250605288,9.487630323909233,9.501631850979837,2.906238852052478,1.8161779880298412
1461.3948526470194,9.534899007675158,9.534899007675158,9.478026866140786,9.481447770109202,2.406238852052478,1.3161779880298412
1461.5948793172422,9.529539100785787,9.529539100785787,9.47772545713893,9.474552068632226,2.77922158330606,1.8161779880298412
1461.794905987465,9.52420358285141,9.52420358285141,9.466595764261099,9.458697645406554,2.27922158330606,1.3161779880298412
1461.9949326576877,9.518892506545475,9.518892506545475,9.464987710558956,9.447910488625594,2.77922158330606,1.5330448150156792
1462.1949593279103,9.513605924300155,9.513605924300155,9.474438422563242,9.428670162301,3.27922158330606,1.0330448150156792
1462.394985998133,9.508343888305781,9.508343888305781,9.473162643447635,9.416997130929998,2.77922158330606,1.5330448150156792
1462.5950126683558,9.503106450510385,9.503106450510385,9.477857529253006,9.410865740018112,3.19741173736738,2.0330448150156792
1462.7950393385784,9.497893662619155,9.497893662619155,9.491958975723522,9.410566086536878,3.6677032734893036,2.3817617861837537
1462.9950660088011,9.492705576093915,9.492705576093915,9.512549910744283,9.418337145353867,4.08758706041475,2.8817617861837537
1463.195092679024,9.487542242152648,9.487542242152648,9.52113784908915,9.41760653620975,3.5875870604147497,2.3817617861837537
1463.3951193492464,9.48240371176897,9.48240371176897,9.52110930698416,9.410386922708312,3.0875870604147497,1.8817617861837537
1463.5951460194692,9.47729003567162,9.47729003567162,9.518168259635738,9.409270211805639,2.5875870604147497,2.3769668200290783
1463.795172689692,9.472201264343983,9.472201264343983,9.518080381157548,9.399996437600656,3.0875870604147497,1.8769668200290783
1463.9951993599145,9.467137448023577,9.467137448023577,9.516254710794406,9.39838565040567,2.5875870604147497,2.3769668200290783
1464.1952260301373,9.462098636701546,9.462098636701546,9.502783478154631,9.402946482871569,2.0875870604147497,2.8769668200290783
1464.39525270036,9.457084880122192,9.457084880122192,9.480516523132257,9.412165870483019,1.5875870604147497,3.010048865904005
1464.5952793705826,9.452096227782471,9.452096227782471,9.446718076768137,9.411384085976014,1.0875870604147497,2.510048865904005
1464.7953060408054,9.447132728931493,9.447132728931493,9.422946188057004,9.404118082687766,1.4683825468367733,2.010048865904005
1464.9953327110281,9.442194432570055,9.442194432570055,9.411020466058222,9.405455256901321,1.9683825468367733,2.510048865904005
1465.1953593812507,9.437281387450154,9.437281387450154,9.389037637641646,9.405269977664897,1.4683825468367733,2.535362953797857
1465.3953860514735,9.432393642074487,9.432393642074487,9.374267036713945,9.413747474036947,1.9683825468367733,2.9094994356583017
1465.5954127216962,9.427531244695997,9.427531244695997,9.369287378975663,9.412081804094313,2.4683825468367733,2.4094994356583017
1465.7954393919188,9.42269424331739,9.42269424331739,9.367590834711233,9.40629444760442,2.9683825468367733,1.9094994356583017
1465.9954660621415,9.417882685690637,9.417882685690637,9.374565967877706,9.401056941251747,3.4683825468367733,2.3459002819514136
1466.1954927323643,9.413096619316542,9.413096619316542,9.38804609428425,9.392635820539507,3.9683825468367733,1.8459002819514136
1466.3955194025868,9.408336091444253,9.408336091444253,9.398848888819137,9.390590975025699,3.4683825468367733,2.3459002819514136
1466.5955460728096,9.403601149070777,9.403601149070777,9.404625054731362,9.385061355747292,3.5327383391602356,1.8459002819514136
1466.7955727430324,9.39889183894055,9.39889183894055,9.408518376422567,9.370411563670793,3.0327383391602356,1.3459002819514136
1466.9955994132551,9.39420820754497,9.39420820754497,9.404459768088692,9.360236158758632,2.5327383391602356,1.8459002819514136
1467.1956260834777,9.389550301121915,9.389550301121915,9.391286396772184,9.360033016707785,2.0327383391602356,2.3459002819514136
1467.3956527537005,9.384918165655291,9.384918165655291,9.385773384829546,9.3519763277591,2.5327383391602356,1.8459002819514136
1467.5956794239232,9.380311846874609,9.380311846874609,9.371956319867747,9.339134026189182,2.0327383391602356,1.3459002819514136
1467.7957060941458,9.3757313902545,9.3757313902545,9.368596570812052,9.329153198791001,2.5327383391602356,1.8459002819514136
1467.9957327643685,9.371176841014274,9.371176841014274,9.354920037394134,9.315438072740886,2.0327383391602356,1.5471184361653543
1468.1957594345913,9.366648244117485,9.366648244117485,9.33862493762863,9.292710722679034,2.1738403582543384,1.0471184361653543
1468.3957861048139,9.362145644271484,9.362145644271484,9.333043525129073,9.277365800126926,2.6738403582543384,1.5471184361653543
1468.5958127750366,9.357669085926958,9.357669085926958,9.339528155660878,9.259318351461127,3.1738403582543384,1.0471184361653543
1468.7958394452594,9.353218613277514,9.353218613277514,9.351750293228369,9.244591101790576,3.6738403582543384,1.5471184361653543
1468.995866115482,9.348794270259248,9.348794270259248,9.370597700462254,9.240920798445718,3.991165242420004,2.0471184361653543
1469.1958927857047,9.34439610055027,9.34439610055027,9.382141607414034,9.24147883080007,3.491165242420004,2.5471184361653543
1469.3959194559275,9.340024147570325,9.340024147570325,9.383164998015852,9.248186556488116,2.991165242420004,3.0471184361653543
1469.59594612615,9.335678454480338,9.335678454480338,9.377807295052428,9.249123890723913,2.491165242420004,2.6775796068719986
1469.7959727963728,9.331359064181974,9.331359064181974,9.362531498009512,9.257437880542012,1.9911652424200041,3.1775796068719986
1469.9959994665955,9.32706601931725,9.32706601931725,9.340816888085492,9.256912835740522,1.8358305211763062,2.6775796068719986
1470.196026136818,9.322799362268086,9.322799362268086,9.33259526973023,9.251480258633178,2.335830521176306,2.1775796068719986
1470.3960528070409,9.31855913515589,9.31855913515589,9.31757013556485,9.251245569881208,1.8358305211763062,2.6775796068719986
1470.5960794772636,9.31434537984116,9.31434537984116,9.287303336522218,9.259104551438282,1.3358305211763062,3.1775796068719986
1470.7961061474862,9.310158137923054,9.310158137923054,9.269663426405858,9.273800993829884,1.6684826948614992,3.6775796068719986
1470.996132817709,9.305997450738973,9.305997450738973,9.25350158982561,9.295108028193573,1.7245775446634437,4.177579606871999
1471.1961594879317,9.301863359364178,9.301863359364178,9.22926845012649,9.310047504297085,1.6155721149393325,3.6775796068719986
1471.3961861581543,9.297755904611368,9.297755904611368,9.214076982776232,9.317754725044534,2.1155721149393325,3.1775796068719986
1471.596212828377,9.293675127030268,9.293675127030268,9.190760669631482,9.331551863043815,1.6155721149393325,3.6775796068719986
1471.7962394985998,9.289621066907252,9.289621066907252,9.177301321461526,9.340141851073675,2.1155721149393325,3.1775796068719986
1471.9962661688226,9.285593764264926,9.285593764264926,9.170934046268318,9.339476545355318,2.6155721149393325,2.6775796068719986
1472.196292839045,9.28159325886175,9.28159325886175,9.177707133025063,9.335646803057905,3.1155721149393325,2.1775796068719986
1472.3963195092679,9.27761959019162,9.27761959019162,9.17570719631775,9.324251659289445,2.6155721149393325,1.6775796068719986
1472.5963461794906,9.273672797483503,9.273672797483503,9.159570945064843,9.308185602062911,2.1155721149393325,1.1775796068719986
1472.7963728497132,9.269752919701041,9.269752919701041,9.156137655269637,9.28356681954832,2.6155721149393325,0.6775796068719986
1472.996399519936,9.265859995542165,9.265859995542165,9.159992087153855,9.267601638528996,3.1155721149393325,1.1775796068719986
1473.1964261901587,9.261994063438712,9.261994063438712,9.15761712162265,9.24990654019551,2.6155721149393325,1.0455646528849833
1473.3964528603813,9.25815516155605,9.25815516155605,9.146627132080699,9.236014684059121,2.1155721149393325,1.353717758313656
1473.596479530604,9.254343327792693,9.254343327792693,9.142967403125262,9.219283608817838,2.6155721149393325,1.2555713445803476
1473.7965062008268,9.250558599779934,9.250558599779934,9.144821787811173,9.193651156997108,3.1155721149393325,0.7555713445803476
1473.9965328710493,9.24680101488148,9.24680101488148,9.14435308282522,9.18065248782412,2.6155721149393325,1.2555713445803476
1474.196559541272,9.243070610193062,9.243070610193062,9.147703338677442,9.169459513439437,3.102344218316585,1.7555713445803476
1474.3965862114949,9.23936742254209,9.23936742254209,9.14311568339793,9.168905192832236,2.602344218316585,2.2555713445803476
1474.5966128817174,9.235691488487284,9.235691488487284,9.144798987559023,9.165982393931179,3.102344218316585,2.211526138646682
1474.7966395519402,9.232042844318299,9.232042844318299,9.1554783388217,9.167531797121406,3.602344218316585,2.711526138646682
1474.996666222163,9.228421526055387,9.228421526055387,9.158093790605546,9.175806351739645,3.102344218316585,3.211526138646682
1475.1966928923855,9.224827569449033,9.224827569449033,9.171071697632927,9.176692358948351,3.602344218316585,2.711526138646682
1475.3967195626083,9.221261009979594,9.221261009979594,9.176546951046076,9.173890978207346,3.102344218316585,2.211526138646682
1475.596746232831,9.217721882856964,9.217721882856964,9.172832805897457,9.169162630214155,2.602344218316585,1.9119809030905388
1475.7967729030536,9.214210223020217,9.214210223020217,9.157644697060048,9.163442387999476,2.102344218316585,1.9967967483119198
1475.9967995732763,9.210726065137255,9.210726065137255,9.152925386164354,9.160629701716633,2.602344218316585,2.49679674831192
1476.1968262434991,9.207269443604485,9.207269443604485,9.157130721403965,9.169757383185306,3.102344218316585,2.99679674831192
1476.3968529137217,9.203840392546471,9.203840392546471,9.150203341034699,9.171810052853719,2.602344218316585,2.49679674831192
1476.5968795839444,9.20043894581558,9.20043894581558,9.15211660224332,9.17358204695835,3.102344218316585,2.99679674831192
1476.7969062541672,9.197065136991679,9.197065136991679,9.143354719765817,9.180154928169205,2.602344218316585,2.8949268858596664
1476.99693292439,9.193718999381776,9.193718999381776,9.134548301445136,9.17818323409569,2.5197894352955785,2.3949268858596664
1477.1969595946125,9.190400566019711,9.190400566019711,9.13350208941956,9.174155521299019,3.0197894352955785,2.1885064604927256
1477.3969862648353,9.187109869665811,9.187109869665811,9.132671932380127,9.16670752373811,2.5197894352955785,1.6885064604927256
1477.597012935058,9.18384694280659,9.18384694280659,9.138487217795785,9.148411970879335,3.0197894352955785,1.1885064604927256
1477.7970396052806,9.180611817654404,9.180611817654404,9.13578338814818,9.125653509051087,2.5197894352955785,0.6885064604927256
1477.9970662755034,9.177404526147146,9.177404526147146,9.135419101289457,9.110104724371096,2.6270557453129117,1.1885064604927256
1478.1970929457261,9.174225099947936,9.174225099947936,9.138924399716297,9.09654888121174,3.1270557453129117,1.6885064604927256
1478.3971196159487,9.171073570444799,9.171073570444799,9.132782072748343,9.094340804694014,2.6270557453129117,2.1885064604927256
1478.5971462861714,9.167949968750342,9.167949968750342,9.122724590297821,9.096078919376053,2.1270557453129117,2.6885064604927256
1478.7971729563942,9.164854325701489,9.164854325701489,9.12419869281548,9.104979887126754,2.6270557453129117,3.1812276055799074
1478.9971996266167,9.161786671859135,9.161786671859135,9.129128315944312,9.120395773220844,3.1270557453129117,3.6812276055799074
1479.1972262968395,9.158747037507851,9.158747037507851,9.140780602545298,9.131026989109445,3.6270557453129117,3.1812276055799074
1479.3972529670623,9.15573545265561,9.15573545265561,9.144827468423284,9.149215039431954,3.387795318314408,3.6812276055799074
1479.5972796372848,9.152751947033469,9.152751947033469,9.14310103318194,9.171092277695418,2.9144212470183044,4.181227605579908
1479.7973063075076,9.14979655009527,9.14979655009527,9.134241110037879,9.185112858988782,2.4144212470183044,3.681227605579908
1479.9973329777304,9.146869291017367,9.146869291017367,9.136592185772324,9.192851347808837,2.9144212470183044,3.181227605579908
1480.197359647953,9.143970198698343,9.143970198698343,9.147169121261006,9.196387995604113,3.4144212470183044,2.681227605579908
1480.3973863181757,9.141099301758686,9.141099301758686,9.14770286225975,9.193039705000572,2.9144212470183044,2.181227605579908
1480.5974129883984,9.138256628540555,9.138256628540555,9.143409276867096,9.185041777899071,2.4144212470183044,1.6812276055799078
1480.797439658621,9.135442207107472,9.135442207107472,9.131888341906501,9.178842645497323,1.934654217774622,2.181227605579908
1480.9974663288438,9.132656065244042,9.132656065244042,9.124669374503258,9.166596419674121,2.434654217774622,1.6812276055799078
1481.1974929990665,9.129898230455698,9.129898230455698,9.122704964506134,9.157568069243721,2.934654217774622,2.181227605579908
1481.397519669289,9.127168729968421,9.127168729968421,9.115271227639816,9.150058379523728,2.434654217774622,1.6812276055799078
1481.5975463395118,9.124467590728454,9.124467590728454,9.100994388337387,9.146271798225705,1.934654217774622,2.181227605579908
1481.7975730097346,9.121794839402067,9.121794839402067,9.096648647500984,9.137536101913785,2.434654217774622,1.6812276055799078
1481.9975996799574,9.119150502375273,9.119150502375273,9.096428761559348,9.120262518075023,2.934654217774622,1.1812276055799078
1482.19762635018,9.116534605753571,9.116534605753571,9.107409173701521,9.110833778073042,3.434654217774622,1.6812276055799078
1482.3976530204027,9.113947175361691,9.113947175361691,9.108841536867233,9.100873488777212,2.934654217774622,1.5612372389691096
1482.5976796906255,9.111388236743334,9.111388236743334,9.118448009552457,9.084228339761125,3.434654217774622,1.0612372389691096
1482.797706360848,9.108857815160935,9.108857815160935,9.123644274201302,9.071644443759448,2.934654217774622,1.4701087538547464
1482.9977330310708,9.106355935595387,9.106355935595387,9.118762880412842,9.065422969280254,2.434654217774622,1.9701087538547464
1483.1977597012935,9.10388262274582,9.10388262274582,9.101517033036874,9.063357536800149,1.934654217774622,2.4701087538547464
1483.397786371516,9.101437901029346,9.101437901029346,9.081499459312147,9.07192185212376,1.434654217774622,2.9701087538547464
1483.5978130417388,9.099021794580814,9.099021794580814,9.070572886939697,9.08305942989464,1.934654217774622,3.2481239483846855
1483.7978397119616,9.096634327252579,9.096634327252579,9.06701222933757,9.100621897766645,2.434654217774622,3.7481239483846855
1483.9978663821842,9.09427552261427,9.09427552261427,9.069173885455045,9.114152985103772,2.934654217774622,3.2481239483846855
1484.197893052407,9.091945403952538,9.091945403952538,9.069628296643799,9.11542703569357,2.8037764004517607,2.7481239483846855
1484.3979197226297,9.089643994270851,9.089643994270851,9.062796778752244,9.114630114697079,2.3037764004517607,2.2481239483846855
1484.5979463928522,9.087371316289254,9.087371316289254,9.06195692434778,9.116861590105351,2.8037764004517607,2.7481239483846855
1484.797973063075,9.08512739244414,9.08512739244414,9.07277071715689,9.115448644976277,3.3037764004517607,2.2481239483846855
1484.9979997332978,9.082912244888039,9.082912244888039,9.073878208859085,9.116862851228932,2.8037764004517607,2.7481239483846855
1485.1980264035203,9.080725895489401,9.080725895489401,9.067516555465945,9.111618135287332,2.3037764004517607,2.2481239483846855
1485.398053073743,9.078568365832357,9.078568365832357,9.052572250049272,9.113866146612477,1.8037764004517607,2.7481239483846855
1485.5980797439659,9.076439677216538,9.076439677216538,9.044716030750765,9.110265584246573,2.3037764004517607,2.2481239483846855
1485.7981064141884,9.074339850656848,9.074339850656848,9.045978189153526,9.106386765822599,2.8037764004517607,2.262056062439118
1485.9981330844112,9.072268906883249,9.072268906883249,9.03898981633617,9.097105716428656,2.3037764004517607,1.7620560624391182
1486.198159754634,9.070226866340573,9.070226866340573,9.02268123938808,9.087238522297012,1.8037764004517607,1.2620560624391182
1486.3981864248565,9.068213749188315,9.068213749188315,9.01739506947353,9.081784375091672,2.3037764004517607,1.7620560624391182
1486.5982130950792,9.066229575300424,9.066229575300424,8.999925333549031,9.0677802486886,1.8037764004517607,1.2620560624391182
1486.798239765302,9.06427436426512,9.06427436426512,8.988071877532002,9.058750374460034,2.3037764004517607,1.7620560624391182
1486.9982664355248,9.062348135384694,9.062348135384694,8.96960981467551,9.057536649060744,1.8037764004517607,2.262056062439118
1487.1982931057473,9.060450907675317,9.060450907675317,8.957026316198618,9.059386622692541,2.3037764004517607,2.762056062439118
1487.39831977597,9.058582699866857,9.058582699866857,8.955357127370469,9.056582120535074,2.8037764004517607,2.262056062439118
1487.5983464461929,9.056743530402684,9.056743530402684,8.967514156665219,9.061387355488174,3.3037764004517607,2.762056062439118
1487.7983731164154,9.054933417439505,9.054933417439505,8.98485768445374,9.072722075450196,3.8037764004517607,3.262056062439118
1487.9983997866382,9.053152378847166,9.053152378847166,8.994631157307802,9.074388674091702,3.3037764004517607,2.762056062439118
1488.198426456861,9.051400432208487,9.051400432208487,9.01066081112823,9.071145238723027,3.7325135890632257,2.262056062439118
1488.3984531270835,9.049677594819089,9.049677594819089,9.027608887613217,9.063834472328468,3.6071887811984094,1.890250596635303
1488.5984797973063,9.047983883687213,9.047983883687213,9.034858088405066,9.061229313025123,3.1071887811984094,2.390250596635303
1488.798506467529,9.046319315533562,9.046319315533562,9.034242778122264,9.051389554610706,2.8368845514102095,1.890250596635303
1488.9985331377516,9.04468390679114,9.04468390679114,9.044496242747462,9.052967567604638,3.3368845514102095,2.390250596635303
1489.1985598079743,9.04307767360507,9.04307767360507,9.044534559387847,9.048549899566455,2.8368845514102095,1.890250596635303
1489.398586478197,9.041500631832456,9.041500631832456,9.056513940064649,9.048798077323802,3.2736338338841082,2.390250596635303
1489.5986131484196,9.039952797042215,9.039952797042215,9.059532400536655,9.055701244576696,2.7736338338841082,2.810967475496326
1489.7986398186424,9.038434184514923,9.038434184514923,9.059465523652706,9.053051769551303,2.2736338338841082,2.310967475496326
1489.9986664888652,9.036944809242673,9.036944809242673,9.044894868746352,9.047817225327927,1.9199618119813662,1.810967475496326
1490.1986931590877,9.03548468592892,9.03548468592892,9.036840012104767,9.031872891805945,2.4199618119813664,1.310967475496326
1490.3987198293105,9.03405382898833,9.03405382898833,9.021653553058538,9.023084906094429,1.9199618119813664,1.7834286866118552
1490.5987464995333,9.03265225254665,9.03265225254665,9.018375262443193,9.019622205638115,2.4199618119813664,2.133420162955735
1490.7987731697558,9.031279970440574,9.031279970440574,9.02065080143874,9.006963987143948,2.9199618119813664,1.6334201629557352
1490.9987998399786,9.029936996217574,9.029936996217574,9.014383929297741,9.00048650817252,2.4199618119813664,2.133420162955735
1491.1988265102013,9.0286233431358,9.0286233431358,9.004030611596312,9.001448511898495,1.9199618119813664,2.633420162955735
1491.3988531804239,9.02733902416394,9.02733902416394,8.999363108309822,9.00994549191939,2.342018983382847,3.133420162955735
1491.5988798506467,9.02608405198108,9.02608405198108,9.001122166871486,9.020761698663604,2.842018983382847,3.335772337280443
1491.7989065208694,9.024858438976594,9.024858438976594,9.003907028117549,9.03556178621884,3.16563668834538,3.760738399433156
1491.9989331910922,9.023662197250015,9.023662197250015,9.00332316010466,9.047691058876799,2.66563668834538,3.260738399433156
1492.1989598613147,9.022495338610916,9.022495338610916,8.992312116529689,9.063659153578575,2.16563668834538,3.544939042800402
1492.3989865315375,9.021357874578788,9.021357874578788,8.977281576262872,9.07110805870191,1.66563668834538,3.044939042800402
1492.5990132017603,9.02024981638294,9.02024981638294,8.967679046947682,9.069571346171221,2.16563668834538,2.544939042800402
1492.7990398719828,9.019171174962374,9.019171174962374,8.968779007223324,9.077136653527505,2.66563668834538,3.044939042800402
1492.9990665422056,9.018121960965686,9.018121960965686,8.968193764736233,9.079390610298308,2.705812270867165,2.544939042800402
1493.1990932124284,9.017102184750954,9.017102184750954,8.960964607087208,9.074323566391142,2.205812270867165,2.044939042800402
1493.399119882651,9.016111856385645,9.016111856385645,8.959678458784326,9.061538792043804,2.705812270867165,1.5449390428004022
1493.5991465528737,9.015150985646507,9.015150985646507,8.968782120238382,9.040173799981643,3.205812270867165,1.0449390428004022
1493.7991732230964,9.014219582019471,9.014219582019471,8.967224437256364,9.018646915138982,2.705812270867165,0.9075312681486964
1493.999199893319,9.013317654699573,9.013317654699573,8.977057850956724,9.006166449933312,3.205812270867165,1.4075312681486964
1494.1992265635417,9.012445212590844,9.012445212590844,8.990343443573522,9.001859241988956,3.705812270867165,1.9075312681486964
1494.3992532337645,9.01160226430623,9.01160226430623,8.997479664109663,8.988122681564203,3.205812270867165,1.4075312681486964
1494.599279903987,9.01078881816751,9.01078881816751,8.996806713680025,8.979972014454239,2.705812270867165,1.9075312681486964
1494.7993065742098,9.01000488220521,9.01000488220521,8.99323067962499,8.979987120905998,2.4285578777317,2.4075312681486967
1494.9993332444326,9.009250464158526,9.009250464158526,8.979398515242051,8.972335640485928,1.9285578777316998,2.0211851405758843
1495.1993599146551,9.008525571475246,9.008525571475246,8.974088606809294,8.97590710113462,2.4285578777317,2.5211851405758843
1495.399386584878,9.007830211311674,9.007830211311674,8.976515089201149,8.97237282082851,2.9285578777317,2.0211851405758843
1495.5994132551007,9.007164390532568,9.007164390532568,8.971265328616951,8.971022419354039,2.4285578777317,2.5211851405758843
1495.7994399253232,9.00652811571106,9.00652811571106,8.972229698146595,8.977434822375312,2.9285578777317,3.0211851405758843
1495.999466595546,9.005921393128602,9.005921393128602,8.981383395310502,8.990520554339087,3.4285578777317,3.5211851405758843
1496.1994932657688,9.005344228774897,9.005344228774897,9.002966456917253,9.009142982974806,3.9285578777317,4.021185140575884
1496.3995199359913,9.004796628347846,9.004796628347846,9.020696216505419,9.026070137081094,3.600453962590024,3.5211851405758843
1496.599546606214,9.004278597253482,9.004278597253482,9.021650357114991,9.035334192959525,3.100453962590024,3.11009648152134
1496.7995732764368,9.003790140605929,9.003790140605929,9.025059983491705,9.04849208438963,2.823923299188076,3.3825614886967434
1496.9995999466596,9.003331263227341,9.003331263227341,9.02202720354637,9.05765025518096,2.323923299188076,2.8825614886967434
1497.1996266168821,9.002901969647864,9.002901969647864,9.025863150344087,9.06389635324984,2.823923299188076,3.3825614886967434
1497.399653287105,9.002502264105578,9.002502264105578,9.019643786433878,9.068764772448143,2.323923299188076,2.8825614886967434
1497.5996799573277,9.002132150546469,9.002132150546469,9.009055694850248,9.068184504381376,1.8239232991880758,2.3825614886967434
1497.7997066275502,9.001791632624386,9.001791632624386,9.004366981027117,9.055410789555847,2.323923299188076,1.8825614886967434
1497.999733297773,9.001480713700994,9.001480713700994,9.006909572129569,9.05259604759909,2.823923299188076,2.3825614886967434
1498.1997599679958,9.00119939684576,9.00119939684576,9.01283403260878,9.045032297079901,2.9997797776553417,1.8825614886967434
1498.3997866382183,9.000947684835907,9.000947684835907,9.009082622551098,9.032118067762449,2.4997797776553417,1.3825614886967434
1498.599813308441,9.000725580156393,9.000725580156393,9.013663560427105,9.024223177748848,2.9997797776553417,1.8825614886967434
1498.7998399786638,9.000533084999887,9.000533084999887,9.015262607285147,9.023508711848901,3.09461440637989,2.3825614886967434
1498.9998666488864,9.000370201266744,9.000370201266744,9.014614617770516,9.017880903970209,2.881032724016675,1.8825614886967434
1499.1998933191092,9.000236930564991,9.000236930564991,9.023398792761045,9.019286990359856,3.381032724016675,2.3825614886967434
1499.399919989332,9.000133274210308,9.000133274210308,9.038031246019116,9.010826107287235,3.631207446226516,1.8825614886967434
1499.5999466595545,9.000059233226011,9.000059233226011,9.046365240603476,9.01292994952821,3.131207446226516,2.3825614886967434
1499.7999733297772,9.00001480834305,9.00001480834305,9.047324168339165,9.022945564857608,2.631207446226516,2.8825614886967434
1500.0,9.0,9.0,9.036891501116678,9.022090829660781,2.131207446226516,2.3825614886967434
