Time_s,h1_ref,h2_ref,h1_pinn_nmpc,h2_pinn_nmpc,v1_pump,v2_pump
0.0,12.0,16.0,12.408615918956563,12.705739712378472,3.5,3.5
0.20002667022269635,12.0,16.0,12.422982624976676,12.720100369040631,4.0,4.0
0.4000533404453927,12.0,16.0,12.430991131447254,12.736152950916033,3.5,4.5
0.600080010668089,12.0,16.0,12.452469314465327,12.761834774354217,4.0,5.0
0.8001066808907854,12.0,16.0,12.46417703158604,12.792893617310364,3.744775735498064,5.5
1.0001333511134818,12.0,16.0,12.467633368155818,12.826052908514065,3.244775735498064,6.0
1.200160021336178,12.0,16.0,12.476460619264413,12.863703613057544,3.679253607062357,6.0
1.4001866915588745,12.0,16.0,12.489434847809667,12.901293729842052,3.8051289580323395,6.0
1.6002133617815708,12.0,16.0,12.499209158722392,12.938824059125425,3.3051289580323395,6.0
1.800240032004267,12.0,16.0,12.513194307055922,12.972691885953658,3.8051289580323395,6.0
2.0002667022269636,12.0,16.0,12.518838097255468,13.010106931374771,3.3051289580323395,6.0
2.20029337244966,12.0,16.0,12.515480952214627,13.047436032159277,2.8051289580323395,6.0
2.400320042672356,12.0,16.0,12.50818126580233,13.084663100155458,2.3051289580323395,6.0
2.6003467128950524,12.0,16.0,12.492712126467376,13.12019588338337,1.8051289580323395,6.0
2.800373383117749,12.0,16.0,12.476985870993984,13.155352509164215,2.3051289580323395,6.0
3.0004000533404453,12.0,16.0,12.467206502853909,13.192015973552206,2.2975624289061622,6.0
3.2004267235631416,12.0,16.0,12.45362396461293,13.22633324929993,1.838669402360953,6.0
3.400453393785838,12.0,16.0,12.445068619994974,13.261599314886288,2.3386694023609533,6.0
3.600480064008534,12.0,16.0,12.438762222460841,13.298136250314181,2.444328425643064,6.0
3.800506734231231,12.0,16.0,12.430293685990192,13.334566048455008,2.364832051055986,6.0
4.000533404453927,12.0,16.0,12.432986328981674,13.370899963852592,2.864832051055986,6.0
4.200560074676623,12.0,16.0,12.430789411162825,13.407145753865567,2.619634638658224,6.0
4.40058674489932,12.0,16.0,12.43559347551656,13.443306001008894,3.0732202630449517,6.0
4.600613415122016,12.0,16.0,12.43370257419424,13.479380973212605,2.5732202630449517,6.0
4.800640085344712,12.0,16.0,12.429975206402691,13.515359908465566,2.3459492664652712,6.0
5.0006667555674085,12.0,16.0,12.41603831018481,13.551227638944166,1.8459492664652712,6.0
5.200693425790105,12.0,16.0,12.401627381982623,13.586970759022053,1.9245073821026975,6.0
5.400720096012802,12.0,16.0,12.394016129766088,13.62259730000622,2.4245073821026972,6.0
5.600746766235498,12.0,16.0,12.39454662623414,13.657109189331376,2.7448514216897344,6.0
5.800773436458194,12.0,16.0,12.394634547767762,13.69255227597675,2.4883584235959795,6.0
6.000800106680891,12.0,16.0,12.37891083901055,13.726078234504662,1.9883584235959795,6.0
6.200826776903587,12.0,16.0,12.375288587716962,13.758392192823594,2.4883584235959795,6.0
6.400853447126283,12.0,16.0,12.381033247270759,13.793537653416724,2.6557172449040025,6.0
6.6008801173489795,12.0,16.0,12.373596742724887,13.82859230145219,2.1557172449040025,6.0
6.800906787571676,12.0,16.0,12.36635171637637,13.862810909677007,2.0957559786572744,6.0
7.000933457794372,12.0,16.0,12.349127957119528,13.897639997503004,1.5957559786572744,6.0
7.200960128017068,12.0,16.0,12.340103236367932,13.932035074568116,2.0957559786572744,6.0
7.400986798239765,12.0,16.0,12.317432159324149,13.966613934083693,1.5957559786572744,6.0
7.601013468462462,12.0,16.0,12.309301205254531,14.001065150218395,2.0957559786572744,6.0
7.801040138685158,12.0,16.0,12.305437313720237,14.03298614214832,2.281399771902156,6.0
8.001066808907854,12.0,16.0,12.29582986436487,14.067233933350524,1.781399771902156,6.0
8.20109347913055,12.0,16.0,12.286550308738775,14.09692861584569,1.6991624019531004,6.0
8.401120149353247,12.0,16.0,12.27469676186892,14.12972676885993,1.8887642945156409,6.0
8.601146819575943,12.0,16.0,12.255705538957251,14.163631837796066,1.3887642945156409,6.0
8.80117348979864,12.0,16.0,12.23432460619525,14.195218358541839,1.1795184981658255,6.0
9.001200160021336,12.0,16.0,12.222883073633076,14.228858223197541,1.6795184981658255,6.0
9.201226830244032,12.0,16.0,12.21889436707253,14.262302374364635,2.1795184981658258,6.0
9.401253500466728,12.0,16.0,12.205515077851361,14.295697827083718,1.6795184981658258,6.0
9.601280170689424,12.0,16.0,12.199602181433749,14.327010229491842,2.1795184981658258,6.0
9.80130684091212,12.0,16.0,12.20742709045718,14.360242466786215,2.6795184981658258,6.0
10.001333511134817,12.0,16.0,12.201170161733621,14.390578977412536,2.1795184981658258,6.0
10.201360181357513,12.0,16.0,12.18946034696908,14.423622747059866,1.6795184981658258,6.0
10.40138685158021,12.0,16.0,12.18633544241573,14.453182159545731,2.1795184981658258,6.0
10.601413521802906,12.0,16.0,12.189718717800599,14.486041551488126,2.4773399039538098,6.0
10.801440192025604,12.0,16.0,12.184169917041718,14.518812099047539,2.0487497915887136,6.0
11.0014668622483,12.0,16.0,12.168791179942701,14.547649257677913,1.5487497915887136,6.0
11.201493532470996,12.0,16.0,12.163524390382738,14.576026513774819,2.0487497915887136,6.0
11.401520202693693,12.0,16.0,12.162011270814046,14.6028748624442,2.233449254429657,6.0
11.601546872916389,12.0,16.0,12.151845783059256,14.635250859486437,1.7334492544296571,6.0
11.801573543139085,12.0,16.0,12.141445333395371,14.66751394102498,1.8022803632704552,6.0
12.001600213361781,12.0,16.0,12.126035726634901,14.699221341810757,1.3822617274522495,6.0
12.201626883584478,12.0,16.0,12.121249378722709,14.731196228988312,1.8822617274522495,6.0
12.401653553807174,12.0,16.0,12.12067340100622,14.763136348711551,2.260351721019715,6.0
12.60168022402987,12.0,16.0,12.109989117145176,14.794976564574807,1.9629989593149602,6.0
12.801706894252566,12.0,16.0,12.103468858862751,14.82578267205858,2.0156669716960587,6.0
13.001733564475263,12.0,16.0,12.090542096283498,14.857406082402536,1.5156669716960587,6.0
13.201760234697959,12.0,16.0,12.07994127935922,14.888913201705632,1.6457621598436707,6.0
13.401786904920655,12.0,16.0,12.072163523969365,14.920311222730936,1.5411233740772128,6.0
13.601813575143352,12.0,16.0,12.070252957699234,14.951612232684411,2.0411233740772126,6.0
13.801840245366048,12.0,16.0,12.057125399528136,14.982808906550664,1.5411233740772126,6.0
14.001866915588744,12.0,16.0,12.038651319245519,15.011037990552419,1.2601076272093272,6.0
14.20189358581144,12.0,16.0,12.032925619127766,15.041996675853555,1.7601076272093272,6.0
14.401920256034137,12.0,16.0,12.02715390189401,15.072199240953232,2.1394018124373133,6.0
14.601946926256833,12.0,16.0,12.021828079292906,15.102962185798036,1.6394018124373133,6.0
14.80197359647953,12.0,16.0,12.019297712486606,15.133631575441626,2.096086519507839,6.0
15.002000266702227,12.0,16.0,12.011076942579832,15.164203434465417,1.7936423084939848,6.0
15.202026936924923,12.0,16.0,12.01094670255595,15.19468128122812,2.2936423084939848,6.0
15.40205360714762,12.0,16.0,12.018042562374077,15.225086740355273,2.41144547572287,6.0
15.602080277370316,12.0,16.0,12.016948127448483,15.253729614463257,2.2793455732708714,6.0
15.802106947593012,12.0,16.0,12.00653588107042,15.283840061763607,1.7793455732708714,6.0
16.00213361781571,12.0,16.0,12.003053636778137,15.310566360832869,2.0373123783524383,6.0
16.202160288038403,12.0,16.0,11.995200508835085,15.338585908837617,1.5373123783524383,6.0
16.4021869582611,12.0,16.0,11.976910117600866,15.367286343396652,1.0373123783524383,6.0
16.602213628483796,12.0,16.0,11.967061115119511,15.396347042878057,1.5373123783524383,6.0
16.802240298706494,12.0,16.0,11.951835999970928,15.42474789573191,1.2935041627751849,6.0
17.002266968929188,12.0,16.0,11.945420849451445,15.454334489554519,1.7935041627751849,6.0
17.202293639151886,12.0,16.0,11.944778935132193,15.483830449121381,2.071646763789039,6.0
17.402320309374584,12.0,16.0,11.952202845292446,15.513255816528563,2.571646763789039,6.0
17.60234697959728,12.0,16.0,11.953403184499006,15.541841686397559,2.071646763789039,6.0
17.802373649819977,12.0,16.0,11.965870090763238,15.569760078165592,2.571646763789039,6.0
18.00240032004267,12.0,16.0,11.974119110308772,15.599010743771702,2.5556275263426738,6.0
18.20242699026537,12.0,16.0,11.9703411619906,15.626221643473544,2.0556275263426738,6.0
18.402453660488064,12.0,16.0,11.975310319670458,15.652347605753137,2.5556275263426738,6.0
18.602480330710762,12.0,16.0,11.99273047562587,15.681407767211462,3.0556275263426738,6.0
18.802507000933456,12.0,16.0,12.004280629999881,15.708469039420574,2.5977782044446176,6.0
19.002533671156154,12.0,16.0,12.016461542975845,15.736188088529678,2.7456330287123922,6.0
19.20256034137885,12.0,16.0,12.035450937870609,15.765134426881932,3.2456330287123922,6.0
19.402587011601547,12.0,16.0,12.044940856161846,15.793893778442552,2.7456330287123922,6.0
19.60261368182424,12.0,16.0,12.049730267794622,15.813902328463227,2.2456330287123922,5.5
19.80264035204694,12.0,16.0,12.044993219817652,15.841167641290697,1.7456330287123922,6.0
20.002667022269634,12.0,16.0,12.026508976541335,15.86437228417545,1.2456330287123922,5.5
20.202693692492332,12.0,16.0,12.005699688139972,15.884032951361633,0.7456330287123922,5.26186763089631
20.402720362715026,12.0,16.0,11.992693706840312,15.911168208459664,1.2456330287123922,5.76186763089631
20.602747032937724,12.0,16.0,11.969475888526794,15.930236526429963,0.7456330287123922,5.26186763089631
20.80277370316042,12.0,16.0,11.953227860368388,15.945264897010334,1.2456330287123922,4.76186763089631
21.002800373383117,12.0,16.0,11.946134766606372,15.9565590265364,1.7456330287123922,4.405077069499832
21.20282704360581,12.0,16.0,11.950526055992976,15.973753947868616,2.2456330287123922,4.884990768074055
21.40285371382851,12.0,16.0,11.957700883856393,15.994084986050108,2.7456330287123922,5.384990768074055
21.602880384051208,12.0,16.0,11.963182631905486,16.019820548635238,2.2456330287123922,5.884990768074055
21.802907054273902,12.0,16.0,11.955154980944597,16.041679803479234,1.7456330287123922,5.384990768074055
22.0029337244966,12.0,16.0,11.96014965631351,16.056350500919,2.2456330287123922,4.884990768074055
22.202960394719295,12.0,16.0,11.972633212408146,16.064937191416586,2.7456330287123922,4.384990768074055
22.402987064941993,12.0,16.0,11.991774749461218,16.069158817862295,3.18856675795686,3.884990768074055
22.603013735164687,12.0,16.0,12.01605328222706,16.06384996294132,3.68856675795686,3.384990768074055
22.803040405387385,12.0,16.0,12.034389673199714,16.050558758062493,3.18856675795686,3.0402240497832267
23.00306707561008,12.0,16.0,12.041081977498305,16.038219275226762,2.68856675795686,2.5402240497832267
23.203093745832778,12.0,16.0,12.04760909436488,16.027390490125295,2.5732044655611865,3.0402240497832267
23.403120416055472,12.0,16.0,12.066021606231974,16.024839727770242,3.0732044655611865,3.5402240497832267
23.60314708627817,12.0,16.0,12.075010612971186,16.014619563080988,2.5732044655611865,3.0402240497832267
23.803173756500865,12.0,16.0,12.075400574371706,16.008994690106064,2.0732044655611865,3.5402240497832267
24.003200426723563,12.0,16.0,12.067110792644547,15.999463596819764,1.5732044655611865,3.0402240497832267
24.203227096946257,12.0,16.0,12.067681644756757,15.982874141696657,2.0732044655611865,2.601499105267809
24.403253767168955,12.0,16.0,12.076112517446344,15.975283682562182,2.5732044655611865,3.101499105267809
24.60328043739165,12.0,16.0,12.075591667640744,15.958503411569682,2.0732044655611865,2.72302582648171
24.803307107614348,12.0,16.0,12.08378291453039,15.93819499085347,2.5732044655611865,2.3111108203885236
25.003333777837042,12.0,16.0,12.080263996260008,15.911825811631806,2.0732044655611865,1.8111108203885236
25.20336044805974,12.0,16.0,12.066861700992423,15.892008597617028,1.5732044655611865,2.3111108203885236
25.403387118282435,12.0,16.0,12.062138837292853,15.880322092039163,2.0732044655611865,2.8111108203885236
25.603413788505133,12.0,16.0,12.054030343857841,15.875128300085242,1.5732044655611865,3.3111108203885236
25.80344045872783,12.0,16.0,12.033662053042573,15.875218004534451,1.0732044655611865,3.8111108203885236
26.003467128950525,12.0,16.0,12.023217155362547,15.869215606683051,1.5732044655611865,3.3111108203885236
26.203493799173224,12.0,16.0,12.019917020991588,15.870340003691732,2.0732044655611865,3.8111108203885236
26.403520469395918,12.0,16.0,12.009196551926271,15.876124269233532,1.5732044655611865,4.311110820388524
26.603547139618616,12.0,16.0,12.009288616162006,15.881214916347242,2.0732044655611865,4.461004988584067
26.80357380984131,12.0,16.0,11.996395135692037,15.891673177713129,1.5732044655611865,4.900716381034706
27.00360048006401,12.0,16.0,11.976728962054294,15.911429119035866,1.0732044655611865,5.400716381034706
27.203627150286703,12.0,16.0,11.970279128938161,15.932928791494884,1.5732044655611865,5.39725164351284
27.4036538205094,12.0,16.0,11.96810172605473,15.96048997371952,2.0732044655611865,5.89725164351284
27.603680490732096,12.0,16.0,11.975887410079524,15.982018992774567,2.5732044655611865,5.39725164351284
27.803707160954794,12.0,16.0,11.988258864353659,16.000909590326327,3.0732044655611865,5.113605966475016
28.003733831177488,12.0,16.0,11.994483058966049,16.009129284243468,2.5732044655611865,4.613605966475016
28.203760501400186,12.0,16.0,11.998172629630366,16.011354305105872,2.607685388900332,4.113605966475016
28.40378717162288,12.0,16.0,12.011945648356994,16.00740740187431,3.107685388900332,3.613605966475016
28.60381384184558,12.0,16.0,12.034490488221433,16.003401765082685,3.607685388900332,3.113605966475016
28.803840512068273,12.0,16.0,12.054874988895957,15.999085584081747,3.2724539635827368,3.613605966475016
29.00386718229097,12.0,16.0,12.060688271304393,15.990896768623596,2.7724539635827368,3.113605966475016
29.203893852513666,12.0,16.0,12.06265317111956,15.977786315330613,2.2724539635827368,2.613605966475016
29.403920522736364,12.0,16.0,12.073954457573922,15.971777609448507,2.7724539635827368,3.113605966475016
29.60394719295906,12.0,16.0,12.073440890959443,15.969637687961818,2.2724539635827368,3.613605966475016
29.803973863181756,12.0,16.0,12.065871998155469,15.976315656813147,1.9410711297025174,4.113605966475016
30.004000533404454,12.0,16.0,12.056670197199594,15.976505445947305,1.4410711297025174,3.613605966475016
30.20402720362715,12.0,16.0,12.054041500477096,15.979028017134977,1.9410711297025174,4.113605966475016
30.404053873849847,12.0,16.0,12.062432326343176,15.97820890709553,2.441071129702517,3.613605966475016
30.60408054407254,12.0,16.0,12.064077908829526,15.970368077952802,2.25322519744218,3.113605966475016
30.80410721429524,12.0,16.0,12.051094235957372,15.968871004240462,1.75322519744218,3.613605966475016
31.004133884517934,12.0,16.0,12.03149818167408,15.963769027046508,1.25322519744218,3.113605966475016
31.204160554740632,12.0,16.0,12.025885968627376,15.956695970867623,1.75322519744218,3.2031682962471253
31.404187224963326,12.0,16.0,12.019463672628614,15.954967201638198,1.7435286564007813,3.7031682962471253
31.604213895186025,12.0,16.0,12.005877511443536,15.959969002833152,1.4949537105906674,4.203168296247125
31.80424056540872,12.0,16.0,11.985285573197258,15.972822380391278,0.9949537105906674,4.703168296247125
32.00426723563142,12.0,16.0,11.956648497575308,15.991332463963625,0.4949537105906674,5.203168296247125
32.204293905854115,12.0,16.0,11.938592372777288,16.014615251823564,0.9949537105906674,5.703168296247125
32.404320576076806,12.0,16.0,11.925541951313008,16.031019024945877,1.4949537105906674,5.203168296247125
32.604347246299504,12.0,16.0,11.920088244062745,16.043318302087687,1.9949537105906674,4.703168296247125
32.8043739165222,12.0,16.0,11.926325727726448,16.044389291131537,2.4949537105906674,4.203168296247125
33.0044005867449,12.0,16.0,11.942483424783862,16.041167240486967,2.9949537105906674,3.7031682962471253
33.20442725696759,12.0,16.0,11.964577903779428,16.037789862272355,3.4949537105906674,3.415860660460958
33.40445392719029,12.0,16.0,11.999672528932942,16.039040684678607,3.9949537105906674,3.915860660460958
33.60448059741299,12.0,16.0,12.02007296663654,16.038891809525477,3.4949537105906674,3.8413291343396723
33.804507267635685,12.0,16.0,12.032776580998085,16.032922400700144,2.9949537105906674,3.3413291343396723
34.004533937858376,12.0,16.0,12.053790603571727,16.022312460299243,3.4949537105906674,2.8413291343396723
34.204560608081074,12.0,16.0,12.068780797841063,16.017144514233223,2.9949537105906674,3.3413291343396723
34.40458727830377,12.0,16.0,12.07782337294723,16.00883127768925,2.4949537105906674,2.8413291343396723
34.60461394852647,12.0,16.0,12.071600629129255,16.006200269726698,1.9949537105906674,3.3413291343396723
34.80464061874917,12.0,16.0,12.074206960811562,16.006859022384834,2.4949537105906674,3.8413291343396723
35.00466728897186,12.0,16.0,12.075005299954062,16.01479893677346,2.3020179330372796,4.341329134339672
35.20469395919456,12.0,16.0,12.068530248263041,16.01674873598643,2.0237294209976997,3.841329134339672
35.404720629417255,12.0,16.0,12.074252955406978,16.02068823796816,2.5237294209976997,4.341329134339672
35.60474729963995,12.0,16.0,12.076807611729983,16.01795816787417,2.6041395769775106,3.841329134339672
35.804773969862644,12.0,16.0,12.072382168643566,16.014118093334982,2.1041395769775106,3.341329134339672
36.00480064008534,12.0,16.0,12.070524565541632,16.01676940743378,2.090813189563492,3.841329134339672
36.20482731030804,12.0,16.0,12.074099727094243,16.007324492014238,2.590813189563492,3.341329134339672
36.40485398053074,12.0,16.0,12.090983413561927,15.990850388575332,3.090813189563492,2.841329134339672
36.60488065075343,12.0,16.0,12.096262048046652,15.984303784071846,2.590813189563492,3.341329134339672
36.80490732097613,12.0,16.0,12.090190991495614,15.980819981244018,2.090813189563492,3.361823087621659
37.004933991198826,12.0,16.0,12.095048431678284,15.979812768633199,2.590813189563492,3.861823087621659
37.204960661421524,12.0,16.0,12.10092435473463,15.972364013954971,2.219510147635492,3.361823087621659
37.404987331644215,12.0,16.0,12.091270183828964,15.974158591663869,1.719510147635492,3.861823087621659
37.60501400186691,12.0,16.0,12.071614212585853,15.97952784641465,1.219510147635492,4.361823087621659
37.80504067208961,12.0,16.0,12.056425990876901,15.99286629667964,1.3970792642788274,4.861823087621659
38.00506734231231,12.0,16.0,12.051158513949083,16.000691595696072,1.8970792642788274,4.51393710276473
38.205094012535,12.0,16.0,12.05340787292448,16.00413196372089,2.3970792642788274,4.191061796829973
38.4051206827577,12.0,16.0,12.063667745762523,15.998651153857724,2.8970792642788274,3.691061796829973
38.605147352980396,12.0,16.0,12.064673902659077,16.001657619080106,2.3970792642788274,3.962776525476359
38.805174023203094,12.0,16.0,12.058846507475415,15.996091001878327,1.8970792642788274,3.462776525476359
39.00520069342579,12.0,16.0,12.046022488180558,16.000225569148537,1.3970792642788274,3.962776525476359
39.20522736364848,12.0,16.0,12.040601099248272,16.007291626105953,1.8970792642788274,4.462776525476359
39.40525403387118,12.0,16.0,12.041607639305171,16.008322777377405,2.3970792642788274,3.962776525476359
39.60528070409388,12.0,16.0,12.048629693250803,16.00667824045992,2.8970792642788274,3.7403983757373718
39.80530737431658,12.0,16.0,12.049812013236878,16.01062579733706,2.3970792642788274,4.240398375737372
40.00533404453927,12.0,16.0,12.048894322853,16.00780976202775,2.164386160153005,3.7403983757373718
40.205360714761966,12.0,16.0,12.055601455177682,16.00019184134375,2.6271675994782036,3.2403983757373718
40.405387384984664,12.0,16.0,12.055375242255852,15.997488929642303,2.1271675994782036,3.7403983757373718
40.60541405520736,12.0,16.0,12.044177193558532,16.002490711239975,1.6271675994782036,4.240398375737372
40.80544072543005,12.0,16.0,12.036376717073495,15.999153820553579,1.8640855566020096,3.7403983757373718
41.00546739565275,12.0,16.0,12.02669099072933,15.992717971374555,1.8010730643952668,3.2403983757373718
41.20549406587545,12.0,16.0,12.026900471904941,15.9924105943793,2.3010730643952666,3.7403983757373718
41.40552073609815,12.0,16.0,12.02276771136132,15.9848837221996,1.8010730643952666,3.2403983757373718
41.60554740632084,12.0,16.0,12.005590712994533,15.985632546471523,1.3010730643952666,3.7403983757373718
41.805574076543536,12.0,16.0,11.997052687314989,15.977733684436462,1.8010730643952666,3.2403983757373718
42.005600746766234,12.0,16.0,11.981991288744101,15.979159725051394,1.3010730643952666,3.7403983757373718
42.20562741698893,12.0,16.0,11.973849996737489,15.984590478298712,1.8010730643952666,4.240398375737372
42.40565408721162,12.0,16.0,11.973652667237833,15.97945173320738,2.3010730643952666,3.7403983757373718
42.60568075743432,12.0,16.0,11.985637464428802,15.985414222841023,2.8010730643952666,4.240398375737372
42.80570742765702,12.0,16.0,12.00214758199353,15.994882957457769,3.3010730643952666,4.740398375737372
43.00573409787972,12.0,16.0,12.009722420923728,16.010443168929225,2.8010730643952666,5.240398375737372
43.205760768102415,12.0,16.0,12.011037791222044,16.035179809843,2.3010730643952666,5.740398375737372
43.405787438325106,12.0,16.0,12.018998876791215,16.05448550262785,2.8010730643952666,5.240398375737372
43.605814108547804,12.0,16.0,12.025320377922778,16.062817644946282,2.5000195464996873,4.740398375737372
43.8058407787705,12.0,16.0,12.03690938684021,16.068542838810384,3.0000195464996873,4.240398375737372
44.0058674489932,12.0,16.0,12.056652490094487,16.068227795611946,3.5000195464996873,3.7403983757373718
44.20589411921589,12.0,16.0,12.069810825582298,16.072379038898358,3.0000195464996873,4.240398375737372
44.40592078943859,12.0,16.0,12.07008861259336,16.071557005980655,2.5000195464996873,3.7403983757373718
44.60594745966129,12.0,16.0,12.078298857272712,16.064328324808777,2.4356410775558035,3.3040448324296063
44.805974129883985,12.0,16.0,12.06954507935039,16.05197784784015,1.9356410775558035,2.8040448324296063
45.006000800106676,12.0,16.0,12.057048303525908,16.0429223772937,1.4356410775558035,3.3040448324296063
45.206027470329374,12.0,16.0,12.053790086568812,16.02995963573116,1.9356410775558035,2.8040448324296063
45.40605414055207,12.0,16.0,12.039966293369885,16.02503057741449,1.4356410775558035,3.3040448324296063
45.60608081077477,12.0,16.0,12.0229839440924,16.009002455129473,1.7376361745601179,2.8040448324296063
45.80610748099746,12.0,16.0,12.01989648280278,16.002113077906362,2.2376361745601177,3.3040448324296063
46.00613415122016,12.0,16.0,12.030004420581063,16.000095234771468,2.7376361745601177,3.8040448324296063
46.20616082144286,12.0,16.0,12.02836906606781,16.00392475098804,2.2376361745601177,4.232762083542011
46.406187491665555,12.0,16.0,12.025362770058877,16.003887955767585,2.0546563799747175,3.732762083542011
46.606214161888246,12.0,16.0,12.025673026636092,16.007205245434363,2.2716490075576945,4.232762083542011
46.806240832110944,12.0,16.0,12.035451040221007,16.00689367165852,2.7716490075576945,3.732762083542011
47.00626750233364,12.0,16.0,12.035867673588461,15.999208869963113,2.2716490075576945,3.232762083542011
47.20629417255634,12.0,16.0,12.04302556590332,15.997655821631836,2.7716490075576945,3.732762083542011
47.40632084277904,12.0,16.0,12.06326894032546,16.005660188004533,3.2716490075576945,4.232762083542011
47.60634751300173,12.0,16.0,12.074698346425373,16.006804983155046,3.284094694216439,3.732762083542011
47.80637418322443,12.0,16.0,12.084802696362653,16.014598916546884,2.784094694216439,4.232762083542011
48.006400853447126,12.0,16.0,12.08637729143415,16.026436736471673,2.284094694216439,4.732762083542011
48.206427523669824,12.0,16.0,12.088691309116228,16.031910369476247,2.4427959081298867,4.232762083542011
48.406454193892515,12.0,16.0,12.088359543610364,16.041561375160807,1.9427959081298867,4.732762083542011
48.60648086411521,12.0,16.0,12.075624606163188,16.046869822599504,1.742782324570492,4.232762083542011
48.80650753433791,12.0,16.0,12.059369091467563,16.04802788049897,1.242782324570492,3.732762083542011
49.00653420456061,12.0,16.0,12.054980151409987,16.04187845606058,1.7427823245704919,3.232762083542011
49.2065608747833,12.0,16.0,12.055295160110088,16.032718390243048,2.242782324570492,3.190938718993116
49.406587545006,12.0,16.0,12.059029317397702,16.0280379671502,2.6096513660474723,3.3170569959772176
49.606614215228696,12.0,16.0,12.071198546393353,16.028498240744497,3.1096513660474723,3.8170569959772176
49.806640885451394,12.0,16.0,12.074958969246875,16.019440731489695,2.789560288097069,3.3170569959772176
50.006667555674085,12.0,16.0,12.095873723490483,16.005845555223388,3.289560288097069,2.8170569959772176
50.20669422589678,12.0,16.0,12.118002745750369,15.99258627408195,3.789560288097069,2.6063441017317204
50.40672089611948,12.0,16.0,12.132766926183884,15.98139012409162,3.289560288097069,3.1063441017317204
50.60674756634218,12.0,16.0,12.141584120561541,15.977799241982762,2.789560288097069,3.6063441017317204
50.80677423656487,12.0,16.0,12.141646731464428,15.966459142576161,2.289560288097069,3.121205698735863
51.00680090678757,12.0,16.0,12.138423807130744,15.952006980127106,2.0452780753985067,2.621205698735863
51.206827577010266,12.0,16.0,12.128465414043394,15.943090083606405,1.5452780753985067,2.8772753463661638
51.406854247232964,12.0,16.0,12.110549977433338,15.935130665354853,1.2774258869510398,3.3772753463661638
51.60688091745566,12.0,16.0,12.080166401185336,15.933180265080702,0.7774258869510398,3.8772753463661638
51.80690758767835,12.0,16.0,12.044210540811465,15.939460981508983,0.27742588695103976,4.377275346366163
52.00693425790105,12.0,16.0,12.009271607878006,15.939195449982025,0.2186241743799205,3.8772753463661633
52.20696092812375,12.0,16.0,11.985421606064634,15.947156796275854,0.7186241743799204,4.377275346366163
52.40698759834645,12.0,16.0,11.966406342361386,15.950655050274765,1.2186241743799204,4.108426101474892
52.60701426856914,12.0,16.0,11.956881057889476,15.961342260964978,1.7186241743799204,4.608426101474892
52.807040938791836,12.0,16.0,11.953435470524063,15.962527542608663,2.2186241743799204,4.108426101474892
53.007067609014534,12.0,16.0,11.960092289147292,15.960731053728841,2.7186241743799204,3.608426101474892
53.20709427923723,12.0,16.0,11.970206295688369,15.957834645015637,3.2186241743799204,3.5678429664839246
53.40712094945992,12.0,16.0,11.97933630580448,15.960339446530472,2.7186241743799204,4.067842966483925
53.60714761968262,12.0,16.0,11.980708607296169,15.95609791765043,2.2186241743799204,3.6800039809760943
53.80717428990532,12.0,16.0,11.97941838984966,15.956307271446805,2.0487138393070006,3.9388655064364526
54.00720096012802,12.0,16.0,11.972181462044881,15.94840339656834,1.736197496860389,3.4388655064364526
54.20722763035071,12.0,16.0,11.968130686509573,15.936584190800062,2.236197496860389,2.9388655064364526
54.407254300573406,12.0,16.0,11.963490676178397,15.93191054904451,1.9144383186146663,3.4388655064364526
54.607280970796104,12.0,16.0,11.964989003133514,15.937161572780184,2.4144383186146663,3.9388655064364526
54.8073076410188,12.0,16.0,11.972507691837038,15.934890471408702,2.9144383186146663,3.706758527404941
55.00733431124149,12.0,16.0,11.993080264806824,15.939200803373794,3.4144383186146663,4.206758527404941
55.20736098146419,12.0,16.0,12.014468726847653,15.951663758155162,3.8403379787773186,4.706758527404941
55.40738765168689,12.0,16.0,12.034345124094424,15.955775174552318,3.3403379787773186,4.206758527404941
55.60741432190959,12.0,16.0,12.041903983274945,15.96678034192347,2.8403379787773186,4.706758527404941
55.807440992132285,12.0,16.0,12.055679083513516,15.970145805166194,3.3403379787773186,4.308655925441545
56.007467662354976,12.0,16.0,12.07508976059826,15.969801882644061,3.735579916630662,4.090385320571602
56.207494332577674,12.0,16.0,12.084752206138482,15.983282077879705,3.235579916630662,4.590385320571602
56.40752100280037,12.0,16.0,12.090256598914651,15.990391233467832,2.735579916630662,4.441165060157632
56.60754767302307,12.0,16.0,12.089869261901908,15.99403156494368,2.235579916630662,4.235799262605853
56.80757434324576,12.0,16.0,12.082273845450068,16.006137111670437,1.9767856061696378,4.735799262605853
57.00760101346846,12.0,16.0,12.078614239985564,16.0144315368546,2.1799587424921842,4.512247295967755
57.20762768369116,12.0,16.0,12.085164772041924,16.0138489613314,2.6799587424921842,4.012247295967755
57.407654353913856,12.0,16.0,12.091063661879309,16.017713599976123,2.7740590975445985,4.233288782005545
57.60768102413655,12.0,16.0,12.089160900965716,16.02349767832089,2.2740590975445985,4.379517414575828
57.807707694359244,12.0,16.0,12.094697347107438,16.03442308904208,2.7740590975445985,4.684669380180001
58.00773436458194,12.0,16.0,12.098525442978696,16.043077762851,2.2740590975445985,4.184669380180001
58.20776103480464,12.0,16.0,12.087302216457708,16.03792275533609,1.7740590975445985,3.684669380180001
58.40778770502733,12.0,16.0,12.067445585488407,16.043708374816667,1.2740590975445985,4.184669380180001
58.60781437525003,12.0,16.0,12.039889084249847,16.038029825891176,0.7740590975445985,3.684669380180001
58.80784104547273,12.0,16.0,12.022539935070633,16.039053043558223,1.2740590975445985,4.184669380180001
59.007867715695426,12.0,16.0,12.014019412615093,16.03442978601137,1.7740590975445985,3.684669380180001
59.20789438591812,12.0,16.0,11.998952058803118,16.02890004113986,1.5537253993190536,3.184669380180001
59.407921056140815,12.0,16.0,11.992958222361064,16.026464013234502,2.0537253993190534,3.684669380180001
59.60794772636351,12.0,16.0,11.999286878137013,16.029341056020428,2.5537253993190534,4.184669380180001
59.80797439658621,12.0,16.0,12.005810885615844,16.025558611192135,2.81628871124779,3.684669380180001
60.00800106680891,12.0,16.0,12.021171306448464,16.02944284603579,3.31628871124779,4.184669380180001
60.2080277370316,12.0,16.0,12.026481768724004,16.03990332261109,2.81628871124779,4.684669380180001
60.4080544072543,12.0,16.0,12.025094120448223,16.04418008427184,2.31628871124779,4.184669380180001
60.608081077476996,12.0,16.0,12.029627510966824,16.040529853925086,2.81628871124779,3.684669380180001
60.808107747699694,12.0,16.0,12.041370217350437,16.044686936471887,3.1185320221352297,4.184669380180001
61.008134417922385,12.0,16.0,12.060091241344008,16.041486945723243,3.6185320221352297,3.684669380180001
61.20816108814508,12.0,16.0,12.072190778356413,16.046160811529735,3.1185320221352297,4.184669380180001
61.40818775836778,12.0,16.0,12.086391175254523,16.046023857797852,3.0859971985268397,3.684669380180001
61.60821442859048,12.0,16.0,12.088784041545953,16.038634976799298,2.7090851184841798,3.184669380180001
61.80824109881317,12.0,16.0,12.086049840905968,16.03853414125533,2.2090851184841798,3.684669380180001
62.00826776903587,12.0,16.0,12.075341816071203,16.0305298809556,1.7090851184841798,3.184669380180001
62.208294439258566,12.0,16.0,12.056021200508154,16.018032209604783,1.2090851184841798,2.684669380180001
62.408321109481264,12.0,16.0,12.032062720721061,16.009865543589708,0.7090851184841798,3.184669380180001
62.608347779703955,12.0,16.0,11.99470006541147,16.008119921158567,0.399159534217864,3.684669380180001
62.80837444992665,12.0,16.0,11.97481009668993,16.007920669661406,0.899159534217864,4.081659510020687
63.00840112014935,12.0,16.0,11.955355225305743,16.01701824815516,1.399159534217864,4.581659510020687
63.20842779037205,12.0,16.0,11.949235196608893,16.020150190597068,1.899159534217864,4.081659510020687
63.40845446059474,12.0,16.0,11.949780065675634,16.01563397227123,2.2549357549400666,3.581659510020687
63.60848113081744,12.0,16.0,11.938147601735423,16.015213246416,1.7549357549400666,4.081659510020687
63.808507801040136,12.0,16.0,11.93137494888489,16.02427201287894,1.8719185593815681,4.581659510020687
64.00853447126283,12.0,16.0,11.933265731922143,16.029579343083917,2.371918559381568,4.081659510020687
64.20856114148553,12.0,16.0,11.944028027246077,16.025890216985463,2.871918559381568,3.829874496337788
64.40858781170823,12.0,16.0,11.967975670719246,16.029063092652752,3.371918559381568,4.329874496337788
64.60861448193093,12.0,16.0,11.985613803856433,16.026688730549218,3.451187236080807,3.829874496337788
64.80864115215361,12.0,16.0,11.995398870417223,16.01696288918665,2.951187236080807,3.329874496337788
65.00866782237631,12.0,16.0,12.00103382546357,16.01450266736579,2.451187236080807,3.6948479624927844
65.20869449259901,12.0,16.0,12.014540147825032,16.016296369731343,2.951187236080807,4.194847962492784
65.4087211628217,12.0,16.0,12.030801312441534,16.014424179805793,3.451187236080807,3.7089979849643635
65.6087478330444,12.0,16.0,12.05841605199078,16.020998610715832,3.951187236080807,4.2089979849643635
65.8087745032671,12.0,16.0,12.082858511971708,16.014553094701455,3.6766356474449347,3.7089979849643635
66.0088011734898,12.0,16.0,12.098829400776852,16.017269123313728,3.1766356474449347,4.2089979849643635
66.2088278437125,12.0,16.0,12.10636377561436,16.0217268255265,2.6766356474449347,4.361637069171221
66.40885451393518,12.0,16.0,12.102598696497324,16.03291666854645,2.1766356474449347,4.861637069171221
66.60888118415788,12.0,16.0,12.1083379433255,16.04066885738926,2.6766356474449347,4.361637069171221
66.80890785438058,12.0,16.0,12.103728618717364,16.042284858700896,2.1766356474449347,3.8616370691712207
67.00893452460328,12.0,16.0,12.112134250733757,16.035757353685643,2.6766356474449347,3.3616370691712207
67.20896119482597,12.0,16.0,12.109145157085322,16.039143938531815,2.1766356474449347,3.8616370691712207
67.40898786504867,12.0,16.0,12.098962194145216,16.039050825813135,1.6766356474449347,3.880481511508159
67.60901453527137,12.0,16.0,12.07808476009523,16.03410023673152,1.1766356474449347,3.380481511508159
67.80904120549407,12.0,16.0,12.066039383741517,16.034176731785983,1.6766356474449347,3.880481511508159
68.00906787571675,12.0,16.0,12.057989825264073,16.029394623088606,2.1766356474449347,3.655907277776902
68.20909454593945,12.0,16.0,12.062499423709133,16.023056329998457,2.6214028742573814,3.534915211702599
68.40912121616215,12.0,16.0,12.057850541981958,16.011713658669933,2.1214028742573814,3.034915211702599
68.60914788638485,12.0,16.0,12.06309656522318,16.008595508140694,2.6214028742573814,3.534915211702599
68.80917455660754,12.0,16.0,12.057685764644177,16.006900034218678,2.1214028742573814,4.034915211702598
69.00920122683024,12.0,16.0,12.042928856288105,16.002923620180535,1.6214028742573814,3.5349152117025984
69.20922789705294,12.0,16.0,12.025702435374885,16.00620441769432,1.1219238758642656,4.034915211702598
69.40925456727564,12.0,16.0,12.015052471174984,16.014651432481433,1.6219238758642656,4.534915211702598
69.60928123749834,12.0,16.0,12.008902575923107,16.01667111057357,2.1219238758642653,4.034915211702598
69.80930790772102,12.0,16.0,11.993044751892121,16.020929871360202,1.6219238758642653,4.087556578757217
70.00933457794372,12.0,16.0,11.991833833790192,16.026387879622828,2.1219238758642653,4.587556578757217
70.20936124816642,12.0,16.0,11.995460756492896,16.02524322013552,2.6219238758642653,4.087556578757217
70.40938791838911,12.0,16.0,11.998043572405875,16.021589910977966,2.510754478543236,3.5875565787572166
70.60941458861181,12.0,16.0,12.003872235306702,16.023271962995352,2.7342921095363693,4.087556578757217
70.80944125883451,12.0,16.0,11.998693618727525,16.018832079394553,2.372517417593811,3.663300302301896
71.00946792905721,12.0,16.0,11.990132631374479,16.009037439730076,1.8725174175938109,3.163300302301896
71.2094945992799,12.0,16.0,11.989347558809188,15.998978491657269,2.372517417593811,3.1206065175648994
71.40952126950259,12.0,16.0,11.9947819301051,15.98539598321411,2.623263280642892,2.6206065175648994
71.60954793972529,12.0,16.0,12.00198366464294,15.976987937109756,3.123263280642892,3.1206065175648994
71.80957460994799,12.0,16.0,12.022120834997526,15.973686829867109,3.623263280642892,3.6206065175648994
72.00960128017068,12.0,16.0,12.038100111377952,15.977266041388164,3.123263280642892,4.1206065175649
72.20962795039338,12.0,16.0,12.040605392436918,15.990378216516254,2.6238429643835524,4.6206065175649
72.40965462061608,12.0,16.0,12.038908326135363,15.994471768918855,2.1238429643835524,4.1206065175649
72.60968129083878,12.0,16.0,12.040412043800323,15.994380081582038,2.4288266661491504,3.6928312995893453
72.80970796106148,12.0,16.0,12.031187959476423,15.989018977881473,1.9288266661491504,3.32670388409685
73.00973463128418,12.0,16.0,12.029401018092441,15.974414487410934,2.295617299915996,2.82670388409685
73.20976130150686,12.0,16.0,12.018878653702474,15.967968320176695,1.795617299915996,3.32670388409685
73.40978797172956,12.0,16.0,12.003037346552329,15.953768143236395,1.401617898511359,2.82670388409685
73.60981464195225,12.0,16.0,11.986429112268647,15.932522776685625,1.5461116662910654,2.487609069944808
73.80984131217495,12.0,16.0,11.98098674075589,15.923285124513994,2.0461116662910657,2.987609069944808
74.00986798239765,12.0,16.0,11.983483608344516,15.917107139849847,2.5461116662910657,3.487609069944808
74.20989465262035,12.0,16.0,11.994713144549506,15.904071788639994,3.0461116662910657,2.987609069944808
74.40992132284305,12.0,16.0,12.00194593615274,15.895977517136128,2.819019267919238,3.487609069944808
74.60994799306575,12.0,16.0,12.001455485508712,15.897601773746814,2.319019267919238,3.987609069944808
74.80997466328843,12.0,16.0,11.991224968430899,15.905495526373644,1.8190192679192378,4.487609069944808
75.01000133351113,12.0,16.0,11.968812609768,15.921027934602657,1.3190192679192378,4.987609069944808
75.21002800373383,12.0,16.0,11.959330672876039,15.937466092050345,1.8190192679192378,5.212954736541037
75.41005467395652,12.0,16.0,11.958141224318053,15.948581240422078,2.319019267919238,4.712954736541037
75.61008134417922,12.0,16.0,11.96478624511203,15.952517970097533,2.819019267919238,4.212954736541037
75.81010801440192,12.0,16.0,11.980939956687587,15.962234769223704,3.319019267919238,4.712954736541037
76.01013468462462,12.0,16.0,12.001702763195771,15.976702013817928,3.819019267919238,5.012239865464785
76.21016135484732,12.0,16.0,12.015900584860157,15.99559101428593,3.319019267919238,5.512239865464785
76.41018802507,12.0,16.0,12.040749319881657,16.012031004331583,3.819019267919238,5.012239865464785
76.6102146952927,12.0,16.0,12.062275289766418,16.028757420390846,3.319019267919238,5.158209683858029
76.8102413655154,12.0,16.0,12.070050571088816,16.04166853042129,2.819019267919238,4.658209683858029
77.0102680357381,12.0,16.0,12.06972498413938,16.0468383725047,2.319019267919238,4.158209683858029
77.21029470596079,12.0,16.0,12.063246229753954,16.049066886694526,1.9726208295353485,3.6982479502095673
77.41032137618349,12.0,16.0,12.067261706099787,16.041660879322436,2.4726208295353485,3.1982479502095673
77.61034804640619,12.0,16.0,12.05858131130202,16.037324846150707,1.9726208295353485,3.6982479502095673
77.81037471662889,12.0,16.0,12.058350333845057,16.03418758649573,2.4726208295353485,3.1982479502095673
78.01040138685158,12.0,16.0,12.051392723105728,16.032214275619005,1.9726208295353485,3.6982479502095673
78.21042805707427,12.0,16.0,12.032856419802313,16.032671218504404,1.4726208295353485,3.9359114275850087
78.41045472729697,12.0,16.0,12.026229194078953,16.028482401032804,1.9726208295353485,3.4359114275850087
78.61048139751966,12.0,16.0,12.025833369505214,16.029243554330804,2.4726208295353485,3.9359114275850087
78.81050806774236,12.0,16.0,12.020966918326796,16.023392720568225,2.0410001031554224,3.4359114275850087
79.01053473796506,12.0,16.0,12.008717360428799,16.013666780149528,1.5410001031554224,2.9359114275850087
79.21056140818776,12.0,16.0,12.005336964236637,15.994811098737818,2.0410001031554224,2.4359114275850087
79.41058807841046,12.0,16.0,12.005779388272126,15.983643429666351,2.4691748603909325,2.9359114275850087
79.61061474863315,12.0,16.0,12.00068028394543,15.97865047346352,2.1219491391080396,3.2058363639653167
79.81064141885584,12.0,16.0,11.990404084848794,15.976713149403801,1.6219491391080396,3.7058363639653167
80.01066808907854,12.0,16.0,11.97941184803905,15.975801206013132,1.9181372866149824,3.6657412575595596
80.21069475930123,12.0,16.0,11.977564436596754,15.9776652561085,2.418137286614982,4.16574125755956
80.41072142952393,12.0,16.0,11.9885153386849,15.976465981365912,2.918137286614982,3.933255697502612
80.61074809974663,12.0,16.0,11.989053959555767,15.983421957634555,2.418137286614982,4.433255697502612
80.81077476996933,12.0,16.0,11.994791700987347,15.984851116867327,2.918137286614982,3.933255697502612
81.01080144019203,12.0,16.0,11.993046953188168,15.991424105924862,2.418137286614982,4.433255697502612
81.21082811041472,12.0,16.0,12.003098662070231,15.991204101370457,2.8755485533235374,3.933255697502612
81.41085478063742,12.0,16.0,12.01757642495194,15.99098028974083,3.3755485533235374,3.556826448290823
81.6108814508601,12.0,16.0,12.045340685969135,15.983182575375537,3.8755485533235374,3.155651285697918
81.8109081210828,12.0,16.0,12.063220281482325,15.978744634520487,3.3755485533235374,3.655651285697918
82.0109347913055,12.0,16.0,12.081826267888438,15.982111221084718,3.689235922706725,4.1556512856979175
82.2109614615282,12.0,16.0,12.095594692153718,15.986821929622419,3.189235922706725,4.0194462824941875
82.4109881317509,12.0,16.0,12.095397197218196,15.982774127014782,2.689235922706725,3.5194462824941875
82.6110148019736,12.0,16.0,12.092011587240135,15.981506293641944,2.189235922706725,4.0194462824941875
82.8110414721963,12.0,16.0,12.085083406120386,15.975209606789898,2.1425332727907804,3.5194462824941875
83.01106814241899,12.0,16.0,12.074867683441202,15.964253155349867,1.6425332727907804,3.0194462824941875
83.21109481264168,12.0,16.0,12.053775511070443,15.952082010711665,1.1425332727907804,2.7439472356897654
83.41112148286437,12.0,16.0,12.043518675553994,15.945358550844281,1.6425332727907804,3.2439472356897654
83.61114815308707,12.0,16.0,12.03692731575158,15.942955804383699,1.9738393552363191,3.7439472356897654
83.81117482330977,12.0,16.0,12.019501309066024,15.948940781806039,1.473839355236319,4.243947235689765
84.01120149353247,12.0,16.0,12.008211691173827,15.958440355437963,1.8282227983291417,4.6740521406216855
84.21122816375517,12.0,16.0,11.996162214763556,15.973280648056653,1.942931079122165,5.1740521406216855
84.41125483397786,12.0,16.0,11.981202646233951,15.987168730005886,1.442931079122165,4.6740521406216855
84.61128150420056,12.0,16.0,11.955762043376215,15.997266322971958,0.942931079122165,4.920299141729942
84.81130817442325,12.0,16.0,11.942054396006338,16.008671891156403,1.442931079122165,4.800133281425277
85.01133484464594,12.0,16.0,11.936203987730362,16.01554016405239,1.942931079122165,4.300133281425277
85.21136151486864,12.0,16.0,11.93714434498166,16.017814511470604,2.442931079122165,3.8001332814252766
85.41138818509134,12.0,16.0,11.943824345069888,16.011380205206272,2.942931079122165,3.588450250582244
85.61141485531404,12.0,16.0,11.952506124013583,16.01566562438009,2.808964513300681,4.088450250582245
85.81144152553674,12.0,16.0,11.95588245724655,16.013490739954403,2.546844224048274,3.7552470145500023
86.01146819575943,12.0,16.0,11.964570343597089,16.016303144550328,3.046844224048274,4.255247014550003
86.21149486598213,12.0,16.0,11.965512590097154,16.015477077411077,2.546844224048274,3.7552470145500028
86.41152153620483,12.0,16.0,11.95993811155374,16.021061084880323,2.046844224048274,4.255247014550003
86.61154820642751,12.0,16.0,11.963002566247237,16.0324742528829,2.546844224048274,4.755247014550003
86.81157487665021,12.0,16.0,11.960775756255686,16.03936323456053,2.4260491598677367,4.572246990085111
87.01160154687291,12.0,16.0,11.973200690251511,16.041094274989636,2.9260491598677367,4.072246990085111
87.21162821709561,12.0,16.0,11.98945181916396,16.047636213800324,3.4260491598677367,4.385866385725699
87.4116548873183,12.0,16.0,11.996185141122034,16.044378903931456,2.9260491598677367,3.8858663857256994
87.611681557541,12.0,16.0,11.995395796025713,16.05150689166064,2.4260491598677367,4.385866385725699
87.8117082277637,12.0,16.0,12.005043155044271,16.064367136106704,2.9260491598677367,4.885866385725699
88.0117348979864,12.0,16.0,12.003960028806679,16.070116844953635,2.4260491598677367,4.385866385725699
88.21176156820908,12.0,16.0,11.9952339989808,16.072940803651818,1.9260491598677367,3.8858663857256994
88.41178823843178,12.0,16.0,11.995520020619288,16.06725663697955,2.4260491598677367,3.3858663857256994
88.61181490865448,12.0,16.0,12.002009388501312,16.06703589547937,2.9260491598677367,3.8858663857256994
88.81184157887718,12.0,16.0,12.003479970461663,16.058331105619967,2.4260491598677367,3.3858663857256994
89.01186824909988,12.0,16.0,12.010429114912155,16.043803644055004,2.9260491598677367,2.8858663857256994
89.21189491932257,12.0,16.0,12.01056006175639,16.0370815685229,2.4260491598677367,3.3858663857256994
89.41192158954527,12.0,16.0,12.015518154377622,16.025328785240497,2.9260491598677367,2.8858663857256994
89.61194825976797,12.0,16.0,12.012152426194051,16.021289480808143,2.4260491598677367,3.3858663857256994
89.81197492999067,12.0,16.0,12.019611958538619,16.021441390815585,2.9260491598677367,3.8858663857256994
90.01200160021335,12.0,16.0,12.022446351837816,16.014685036529944,2.4260491598677367,3.3858663857256994
90.21202827043605,12.0,16.0,12.013178620112173,16.016111167196524,1.9260491598677367,3.8858663857256994
90.41205494065875,12.0,16.0,11.990483056147248,16.009482254447818,1.4260491598677367,3.3858663857256994
90.61208161088145,12.0,16.0,11.982219141159007,15.994178239854588,1.9260491598677367,2.8858663857256994
90.81210828110414,12.0,16.0,11.983589643059963,15.989067508815053,2.4260491598677367,3.3858663857256994
91.01213495132684,12.0,16.0,11.988542274312243,15.98892970601956,2.9260491598677367,3.8858663857256994
91.21216162154954,12.0,16.0,12.00555215687941,15.982463119920771,3.4260491598677367,3.3858663857256994
91.41218829177224,12.0,16.0,12.009453939441881,15.983573557734966,2.9260491598677367,3.8858663857256994
91.61221496199492,12.0,16.0,12.011323919558246,15.992505059968238,2.4260491598677367,4.385866385725699
91.81224163221762,12.0,16.0,12.001437426518454,16.005006021608715,1.9260491598677367,4.63765587249901
92.01226830244032,12.0,16.0,12.004627093867986,16.007744125258405,2.4260491598677367,4.13765587249901
92.21229497266302,12.0,16.0,11.996131738799505,16.003868369637946,1.9260491598677367,3.6376558724990096
92.41232164288571,12.0,16.0,11.997440872953087,15.99738699833059,2.4260491598677367,3.229572571602716
92.61234831310841,12.0,16.0,12.005513106369262,15.982935142286367,2.9260491598677367,2.729572571602716
92.81237498333111,12.0,16.0,12.004581433126944,15.978815898837022,2.4260491598677367,3.229572571602716
93.01240165355381,12.0,16.0,12.014806102009764,15.97963698657481,2.9260491598677367,3.729572571602716
93.21242832377649,12.0,16.0,12.01398932512091,15.98756070853005,2.4260491598677367,4.229572571602716
93.41245499399919,12.0,16.0,12.018550350438218,15.983894465386042,2.9260491598677367,3.7295725716027164
93.61248166422189,12.0,16.0,12.016298799413812,15.988028568255622,2.4260491598677367,4.229572571602716
93.81250833444459,12.0,16.0,12.009675591325786,15.987426733883792,1.9260491598677367,3.928972822243356
94.01253500466728,12.0,16.0,11.997686078967936,15.994412134326875,1.6981564176494741,4.428972822243356
94.21256167488998,12.0,16.0,11.995329444632722,15.995299982328476,2.198156417649474,3.928972822243356
94.41258834511268,12.0,16.0,11.98350376770176,16.004203251610864,1.6981564176494741,4.373444535812191
94.61261501533538,12.0,16.0,11.98419445645048,16.010587726067435,2.198156417649474,4.49085587560155
94.81264168555808,12.0,16.0,11.968648839337286,16.010202371076797,1.6981564176494741,3.99085587560155
95.01266835578076,12.0,16.0,11.952182325582918,16.012648460224515,1.1981564176494741,3.851941906316543
95.21269502600346,12.0,16.0,11.938821397467994,16.00787169344552,1.6981564176494741,3.660181027355464
95.41272169622616,12.0,16.0,11.93984576999411,16.011189361394145,2.198156417649474,4.160181027355463
95.61274836644886,12.0,16.0,11.944051389872623,16.01738053492746,2.698156417649474,4.294093011493859
95.81277503667155,12.0,16.0,11.955056877111096,16.02104191379722,3.198156417649474,4.302072449774662
96.01280170689425,12.0,16.0,11.958437556492159,16.018369992818418,2.698156417649474,3.8062405073068573
96.21282837711695,12.0,16.0,11.969531615057765,16.026440924770966,2.8357639532939016,4.306240507306858
96.41285504733965,12.0,16.0,11.985597145066574,16.026740038611468,3.3357639532939016,3.8062405073068577
96.61288171756233,12.0,16.0,11.991704500262875,16.017372370374503,2.8357639532939016,3.3062405073068577
96.81290838778503,12.0,16.0,11.988576293571926,16.01740062246434,2.3357639532939016,3.8062405073068577
97.01293505800773,12.0,16.0,11.980328443379186,16.01394278264308,2.05932847218251,3.5883147995632836
97.21296172823043,12.0,16.0,11.979372518650777,16.016580126866188,2.55932847218251,4.088314799563284
97.41298839845312,12.0,16.0,11.973766217397378,16.012064393388503,2.05932847218251,3.5883147995632836
97.61301506867582,12.0,16.0,11.973519068188878,16.0035814860315,2.55932847218251,3.0883147995632836
97.81304173889852,12.0,16.0,11.9821719436743,16.000714921631385,3.05932847218251,3.5883147995632836
98.01306840912122,12.0,16.0,11.993570944464862,15.990152091068246,3.016504655018157,3.0883147995632836
98.21309507934392,12.0,16.0,11.994327281079313,15.976978347526751,2.516504655018157,2.5883147995632836
98.4131217495666,12.0,16.0,11.986598748475469,15.969191412686172,2.1675465507440315,3.0883147995632836
98.6131484197893,12.0,16.0,11.991516766341306,15.964324927434944,2.6675465507440315,3.5883147995632836
98.813175090012,12.0,16.0,11.989527429201638,15.965230127503446,2.1675465507440315,3.9218385669958984
99.0132017602347,12.0,16.0,11.977285894912919,15.963214906792903,1.6675465507440315,3.456988265558137
99.21322843045739,12.0,16.0,11.969023890628838,15.962266819749754,2.1675465507440315,3.956988265558137
99.41325510068009,12.0,16.0,11.969039133095597,15.959078965860613,2.6675465507440315,3.90008652959072
99.61328177090279,12.0,16.0,11.97499331158463,15.968499665712454,2.9279613440265524,4.40008652959072
99.81330844112549,12.0,16.0,11.997106182047165,15.978090312711942,3.4279613440265524,4.65438818644406
100.01333511134817,12.0,16.0,12.002450564680869,15.991055224144679,2.9279613440265524,5.15438818644406
100.21336178157087,12.0,16.0,12.021810595612346,16.000253048134283,3.4279613440265524,4.65438818644406
100.41338845179357,12.0,16.0,12.027541430053892,16.002456204894195,2.9279613440265524,4.15438818644406
100.61341512201626,12.0,16.0,12.028308837709897,16.009838154705214,2.4279613440265524,4.328809716507324
100.81344179223896,12.0,16.0,12.025396583096473,16.012736731361702,2.216851495278995,3.8288097165073243
101.01346846246166,12.0,16.0,12.028934677224305,16.012148247523058,2.716851495278995,4.088680642530676
101.21349513268436,12.0,16.0,12.026716025692204,16.007666270519813,2.216851495278995,3.588680642530676
101.41352180290706,12.0,16.0,12.013230185708249,15.999519923191306,1.7168514952789948,3.088680642530676
101.61354847312974,12.0,16.0,12.011528537676833,15.983784539133657,2.216851495278995,2.588680642530676
101.81357514335244,12.0,16.0,11.994562781344595,15.964339584976404,1.7168514952789948,2.173772473568978
102.01360181357514,12.0,16.0,11.986174874490903,15.948892456812908,1.7642559905017676,2.673772473568978
102.21362848379783,12.0,16.0,11.982765445798139,15.940043378212435,2.2642559905017676,3.173772473568978
102.41365515402053,12.0,16.0,11.987688093678113,15.937905443163347,2.7642559905017676,3.673772473568978
102.61368182424323,12.0,16.0,11.993959276631637,15.941241003263816,2.9177146193537555,4.173772473568977
102.81370849446593,12.0,16.0,11.995532842033674,15.935561715371438,2.4177146193537555,3.713560413551668
103.01373516468863,12.0,16.0,12.004638417707108,15.936455013638907,2.9177146193537555,3.998382310082381
103.21376183491132,12.0,16.0,12.023340717663272,15.947284781306696,3.4177146193537555,4.4983823100823805
103.41378850513401,12.0,16.0,12.046721675301336,15.952765613658109,3.9177146193537555,4.311209244457652
103.6138151753567,12.0,16.0,12.064214883168546,15.962973410909443,3.4177146193537555,4.811209244457652
103.8138418455794,12.0,16.0,12.071739485682027,15.98029595831684,2.9177146193537555,5.311209244457652
104.0138685158021,12.0,16.0,12.076627821042328,15.99107707934047,2.5383793740261575,4.811209244457652
104.2138951860248,12.0,16.0,12.082849254588082,15.999973898320444,3.0383793740261575,4.638062560367851
104.4139218562475,12.0,16.0,12.089051741343365,16.00412482122641,2.5383793740261575,4.138062560367851
104.6139485264702,12.0,16.0,12.082974167953974,15.99999748361199,2.0383793740261575,3.6380625603678514
104.8139751966929,12.0,16.0,12.070238345589203,15.988714617843955,1.5383793740261575,3.1380625603678514
105.01400186691558,12.0,16.0,12.059639846800868,15.987526136301064,1.7941615149570593,3.6380625603678514
105.21402853713828,12.0,16.0,12.056152891239016,15.974682686066972,2.294161514957059,3.1380625603678514
105.41405520736097,12.0,16.0,12.044405145214977,15.970600754908494,1.9138953293894643,3.6380625603678514
105.61408187758367,12.0,16.0,12.045586485643943,15.975199256122561,2.4138953293894643,4.138062560367851
105.81410854780637,12.0,16.0,12.041884930840455,15.972746854187367,2.1059533100767434,3.6380625603678514
106.01413521802907,12.0,16.0,12.04161912560528,15.966292994752191,2.153924144559567,3.1380625603678514
106.21416188825177,12.0,16.0,12.025886026749477,15.968210061352913,1.653924144559567,3.6380625603678514
106.41418855847446,12.0,16.0,12.021767332961527,15.973142060916006,2.153924144559567,4.138062560367851
106.61421522869715,12.0,16.0,12.012677987966525,15.982687639999002,1.918785390834035,4.601606010802238
106.81424189891985,12.0,16.0,12.012153787965696,15.982973190302465,2.3245709001537884,4.101606010802238
107.01426856914254,12.0,16.0,12.009473684373404,15.985467694592657,2.2161169262081,4.2216869760224665
107.21429523936524,12.0,16.0,12.000106451488328,15.986366881024214,1.7161169262081,4.078060112371055
107.41432190958794,12.0,16.0,11.993774034343312,15.994974639718238,2.2161169262081,4.578060112371055
107.61434857981064,12.0,16.0,11.99800492749438,15.995995318068415,2.7161169262081,4.181670097572879
107.81437525003334,12.0,16.0,11.9964947228656,16.00592006015345,2.2161169262081,4.681670097572879
108.01440192025603,12.0,16.0,12.004599509851806,16.02493909243184,2.7161169262081,5.181670097572879
108.21442859047873,12.0,16.0,12.003466113141544,16.03721272432838,2.2161169262081,4.981933680600469
108.41445526070142,12.0,16.0,11.991951547909006,16.049276922469897,1.7161169262081,4.820458153604322
108.61448193092411,12.0,16.0,11.979500748420454,16.06622686327304,1.7132020745141032,5.320458153604322
108.81450860114681,12.0,16.0,11.980496047982932,16.07791106993848,2.2132020745141032,4.820458153604322
109.01453527136951,12.0,16.0,11.983067988696792,16.08680929197397,2.4157162064659605,4.320458153604322
109.21456194159221,12.0,16.0,11.976472363491633,16.09952709585026,1.9157162064659605,4.820458153604322
109.4145886118149,12.0,16.0,11.975196513983471,16.10700228422844,2.4157162064659605,4.320458153604322
109.6146152820376,12.0,16.0,11.966248347903187,16.107236463109388,1.9157162064659605,3.8204581536043216
109.8146419522603,12.0,16.0,11.968224504064233,16.096933842090962,2.4157162064659605,3.3204581536043216
110.01466862248299,12.0,16.0,11.98019749577264,16.083425795129276,2.9157162064659605,2.8204581536043216
110.21469529270568,12.0,16.0,11.983593327192809,16.06655262653081,2.755507857497265,2.562385512735055
110.41472196292838,12.0,16.0,11.982980448830544,16.042360340058938,2.255507857497265,2.062385512735055
110.61474863315108,12.0,16.0,11.98533069591102,16.019429509509365,2.755507857497265,1.5623855127350552
110.81477530337378,12.0,16.0,11.998580910406261,15.999296706895663,3.255507857497265,2.062385512735055
111.01480197359648,12.0,16.0,12.01268222112803,15.975618374677675,2.956575710965643,2.0924546377521214
111.21482864381917,12.0,16.0,12.01329566565156,15.961054025120653,2.456575710965643,2.5924546377521214
111.41485531404187,12.0,16.0,12.005740583341527,15.953482262374212,1.9565757109656432,3.0924546377521214
111.61488198426457,12.0,16.0,11.993360400411735,15.949595056952893,1.6325922069882939,3.5924546377521214
111.81490865448725,12.0,16.0,11.988060988513354,15.941528618022703,2.132592206988294,3.0924546377521214
112.01493532470995,12.0,16.0,11.974674078547622,15.93968706041193,1.6325922069882939,3.5924546377521214
112.21496199493265,12.0,16.0,11.96658346005125,15.929510300713853,2.132592206988294,3.0924546377521214
112.41498866515535,12.0,16.0,11.968673610749272,15.929471577888869,2.632592206988294,3.5924546377521214
112.61501533537805,12.0,16.0,11.979740706363817,15.93125185700065,3.132592206988294,4.092454637752121
112.81504200560074,12.0,16.0,11.983572063488078,15.941103740708234,2.632592206988294,4.592454637752121
113.01506867582344,12.0,16.0,11.99214349499033,15.94330307516988,3.132592206988294,4.092454637752121
113.21509534604614,12.0,16.0,11.99683383289438,15.950335329049581,2.632592206988294,4.592454637752121
113.41512201626882,12.0,16.0,11.990912910566726,15.969728050256116,2.132592206988294,5.092454637752121
113.61514868649152,12.0,16.0,11.995178471054372,15.975135937367488,2.632592206988294,4.592454637752121
113.81517535671422,12.0,16.0,12.007683763271684,15.975931666695299,3.132592206988294,4.092454637752121
114.01520202693692,12.0,16.0,12.027526488062193,15.97483747425607,3.632592206988294,3.6535305947583536
114.21522869715962,12.0,16.0,12.036895325634719,15.982466520071581,3.132592206988294,4.153530594758354
114.41525536738231,12.0,16.0,12.059209788812955,15.980839718842223,3.632592206988294,3.6535305947583536
114.61528203760501,12.0,16.0,12.067414871621395,15.982791256474076,3.132592206988294,4.153530594758354
114.81530870782771,12.0,16.0,12.068381344314128,15.991901984422961,2.632592206988294,4.653530594758354
115.0153353780504,12.0,16.0,12.066783743503278,16.010845238084194,2.418848539872963,5.153530594758354
115.2153620482731,12.0,16.0,12.056405499267099,16.020642117320286,1.9188485398729629,4.653530594758354
115.41538871849579,12.0,16.0,12.052201659805744,16.028600451306588,2.0078279476797083,4.3999632741786
115.61541538871849,12.0,16.0,12.050952179961573,16.0289901356017,2.2352944810897264,3.8999632741786003
115.81544205894119,12.0,16.0,12.037726273406156,16.03495678521442,1.7352944810897264,4.3999632741786
116.01546872916389,12.0,16.0,12.032443572405487,16.035672833793527,2.2352944810897264,3.8999632741786003
116.21549539938658,12.0,16.0,12.016699493455812,16.02722012827005,1.7352944810897264,3.3999632741786003
116.41552206960928,12.0,16.0,11.999357348914991,16.029768255541388,1.3707889241913302,3.8999632741786003
116.61554873983198,12.0,16.0,11.98934516567279,16.028252783566693,1.8707889241913302,3.7352332037829665
116.81557541005466,12.0,16.0,11.989602136501041,16.020723873399568,2.3707889241913302,3.241715270047664
117.01560208027736,12.0,16.0,11.992858988802299,16.00849113510479,2.8707889241913302,2.741715270047664
117.21562875050006,12.0,16.0,11.997720553023363,15.99905207618319,2.8360847533171674,3.241715270047664
117.41565542072276,12.0,16.0,11.998614264627271,15.99344405995071,2.3534160948853566,3.4956368318415363
117.61568209094546,12.0,16.0,11.985329119654216,15.99085516155237,1.9871714651327745,3.424631401541469
117.81570876116815,12.0,16.0,11.987019202807796,15.995002897504971,2.4871714651327745,3.924631401541469
118.01573543139085,12.0,16.0,11.979762015380386,15.991069561337065,2.127202761940537,3.424631401541469
118.21576210161355,12.0,16.0,11.983909509860045,15.982471138653677,2.627202761940537,2.924631401541469
118.41578877183623,12.0,16.0,11.977764747508106,15.977628335716597,2.127202761940537,3.424631401541469
118.61581544205893,12.0,16.0,11.961539881553739,15.975113949212256,1.627202761940537,3.6278146541834744
118.81584211228163,12.0,16.0,11.957920460039395,15.97753672036038,2.127202761940537,4.127814654183474
119.01586878250433,12.0,16.0,11.958398957358593,15.974869684892298,2.5645308723845206,3.6278146541834744
119.21589545272703,12.0,16.0,11.965347688071487,15.981925516250516,3.0645308723845206,4.127814654183474
119.41592212294972,12.0,16.0,11.978853640875228,15.982502660918259,3.243103842257388,3.6278146541834744
119.61594879317242,12.0,16.0,11.98328083475658,15.984313565261512,2.743103842257388,4.127814654183474
119.81597546339512,12.0,16.0,11.980057973133661,15.982445180778042,2.243103842257388,3.6278146541834744
120.01600213361782,12.0,16.0,11.977830998397994,15.985327530932802,2.1930696112841828,4.127814654183474
120.2160288038405,12.0,16.0,11.985720096990761,15.982156990056282,2.6930696112841828,3.6278146541834744
120.4160554740632,12.0,16.0,11.981759818686173,15.984785539697095,2.1930696112841828,3.9612731121835085
120.6160821442859,12.0,16.0,11.98062566187242,15.992632258251534,2.6930696112841828,4.461273112183508
120.8161088145086,12.0,16.0,11.988380370409017,16.00111050512923,3.1930696112841828,4.824843749176122
121.0161354847313,12.0,16.0,12.00887836585926,16.01728131289017,3.6930696112841828,5.09922262926743
121.21616215495399,12.0,16.0,12.026137601991246,16.04125516768713,3.244840408052241,5.59922262926743
121.41618882517669,12.0,16.0,12.050221288475663,16.057652050760048,3.744840408052241,5.09922262926743
121.61621549539939,12.0,16.0,12.06259714637725,16.069402680525968,3.244840408052241,4.59922262926743
121.81624216562207,12.0,16.0,12.069890049509985,16.084576192775465,2.744840408052241,4.987474280255518
122.01626883584477,12.0,16.0,12.066050184428482,16.105710194236572,2.244840408052241,5.24026980690992
122.21629550606747,12.0,16.0,12.060902429221777,16.11664177199908,2.3227595896186455,4.74026980690992
122.41632217629017,12.0,16.0,12.049137962369864,16.120133528810996,1.8227595896186455,4.24026980690992
122.61634884651286,12.0,16.0,12.043744631881049,16.123487554712927,2.3227595896186455,3.74026980690992
122.81637551673556,12.0,16.0,12.033930258502197,16.114746229886467,1.8227595896186455,3.24026980690992
123.01640218695826,12.0,16.0,12.035003124885042,16.100832719878678,2.3227595896186455,2.74026980690992
123.21642885718096,12.0,16.0,12.022715574935715,16.083417407834098,1.8227595896186455,2.24026980690992
123.41645552740364,12.0,16.0,12.008221372201339,16.06941184175151,1.3227595896186455,2.74026980690992
123.61648219762634,12.0,16.0,12.001090636688213,16.0481982185705,1.8227595896186455,2.24026980690992
123.81650886784904,12.0,16.0,11.989492706165624,16.033993561297173,1.7521539978342502,2.7359419137975425
124.01653553807174,12.0,16.0,11.983724056363704,16.030676128692544,1.845041146311796,3.2359419137975425
124.21656220829443,12.0,16.0,11.96653370572574,16.02830009795747,1.5593231797217482,3.7359419137975425
124.41658887851713,12.0,16.0,11.960343466077813,16.030413805087644,2.059323179721748,4.188994659343937
124.61661554873983,12.0,16.0,11.959293660607067,16.041495351348317,2.4914497355426724,4.688994659343937
124.81664221896253,12.0,16.0,11.965705397118409,16.04539622695158,2.9914497355426724,4.188994659343937
125.01666888918523,12.0,16.0,11.967128247486253,16.04765598498999,2.4914497355426724,4.333441286023694
125.21669555940791,12.0,16.0,11.963822156218123,16.06024543672961,1.9914497355426724,4.833441286023694
125.41672222963061,12.0,16.0,11.966363471865513,16.06638889621356,2.4914497355426724,4.333441286023694
125.6167488998533,12.0,16.0,11.977269293613915,16.062796631175388,2.722241146417719,3.833441286023694
125.816775570076,12.0,16.0,11.977232810167651,16.053336103974182,2.222241146417719,3.333441286023694
126.0168022402987,12.0,16.0,11.961883588616747,16.05212955436476,1.7222411464177192,3.833441286023694
126.2168289105214,12.0,16.0,11.944794086800743,16.044073344497296,1.2222411464177192,3.333441286023694
126.4168555807441,12.0,16.0,11.935471562322524,16.039351979428226,1.7222411464177192,3.3445113275196103
126.6168822509668,12.0,16.0,11.93268548874863,16.025395204261677,2.222241146417719,2.8445113275196103
126.81690892118948,12.0,16.0,11.93581272024958,16.004791296585903,2.722241146417719,2.3445113275196103
127.01693559141218,12.0,16.0,11.948703805803614,15.996349499547225,3.222241146417719,2.8445113275196103
127.21696226163488,12.0,16.0,11.956263162710453,15.995123849050007,2.8377179466447253,3.3445113275196103
127.41698893185757,12.0,16.0,11.970548751525417,15.993523959370865,3.3377179466447253,3.8445113275196103
127.61701560208027,12.0,16.0,11.979660667879905,15.99854339773363,2.8377179466447253,4.34451132751961
127.81704227230297,12.0,16.0,11.997126736244027,16.006698255997822,3.3377179466447253,4.649141562809306
128.01706894252567,12.0,16.0,12.006876630784229,16.020167879771215,3.102570701988221,5.037290243673656
128.21709561274835,12.0,16.0,12.010691656569826,16.04185276482313,2.602570701988221,5.537290243673656
128.41712228297106,12.0,16.0,12.017719915742761,16.059469325811083,3.102570701988221,5.037290243673656
128.61714895319375,12.0,16.0,12.028481490512785,16.06707045985285,3.1218256846069945,4.537290243673656
128.81717562341646,12.0,16.0,12.032209430197277,16.08031824309931,2.6218256846069945,5.037290243673656
129.01720229363914,12.0,16.0,12.028530539005088,16.089311975751265,2.1218256846069945,4.562090244447881
129.21722896386186,12.0,16.0,12.018010525565504,16.104565622565016,1.890851774795234,5.062090244447881
129.41725563408454,12.0,16.0,12.01667737340446,16.113900797298697,2.390851774795234,4.562090244447881
129.61728230430722,12.0,16.0,12.007345522535195,16.121971927781928,1.8908517747952338,4.6135986673246165
129.81730897452994,12.0,16.0,12.009081434088193,16.126203468334356,2.390851774795234,4.1135986673246165
130.01733564475262,12.0,16.0,12.001699400205263,16.123431532869827,1.8908517747952338,3.6135986673246165
130.21736231497533,12.0,16.0,11.996752438026821,16.115505706049525,2.120355770814684,3.1135986673246165
130.41738898519802,12.0,16.0,11.99701261108692,16.10392724116151,2.620355770814684,2.795498655464772
130.61741565542073,12.0,16.0,11.991797860969532,16.088188737311974,2.120355770814684,2.295498655464772
130.8174423256434,12.0,16.0,11.991788155002352,16.073651913508154,2.620355770814684,2.795498655464772
131.0174689958661,12.0,16.0,11.985689315113337,16.05534699122361,2.120355770814684,2.295498655464772
131.2174956660888,12.0,16.0,11.988732711745904,16.029690804901215,2.620355770814684,1.8062104523892566
131.4175223363115,12.0,16.0,11.999542300439384,16.010374941120322,3.120355770814684,2.3062104523892564
131.6175490065342,12.0,16.0,12.000967761231305,15.99648465970466,2.620355770814684,2.8062104523892564
131.8175756767569,12.0,16.0,11.995494765466555,15.989720183211462,2.120355770814684,3.3062104523892564
132.0176023469796,12.0,16.0,11.974468167243762,15.989366093162726,1.620355770814684,3.8062104523892564
132.21762901720228,12.0,16.0,11.967420471549344,15.983199129740797,2.120355770814684,3.3062104523892564
132.417655687425,12.0,16.0,11.972463511176816,15.98458254786496,2.620355770814684,3.8062104523892564
132.61768235764768,12.0,16.0,11.967998099850961,15.993173584096008,2.120355770814684,4.306210452389257
132.81770902787036,12.0,16.0,11.95131230189054,15.992670868412088,1.620355770814684,3.806210452389257
133.01773569809308,12.0,16.0,11.945395409614267,15.996079659514763,2.120355770814684,3.934271359005554
133.21776236831576,12.0,16.0,11.951150532175996,16.003441293615055,2.620355770814684,4.434271359005554
133.41778903853847,12.0,16.0,11.950960186753676,16.009967198897318,2.547919295644757,4.351361457764076
133.61781570876116,12.0,16.0,11.943921539474685,16.02479993543631,2.0835174933948637,4.851361457764076
133.81784237898387,12.0,16.0,11.947602922515431,16.04148516099306,2.4980905181884276,5.1043100236327
134.01786904920655,12.0,16.0,11.956332567811865,16.063450083406615,2.9980905181884276,5.6043100236327
134.21789571942927,12.0,16.0,11.972762267945585,16.081083157504782,3.4980905181884276,5.1043100236327
134.41792238965195,12.0,16.0,11.983393583105519,16.096904417919113,2.9980905181884276,5.125640302828362
134.61794905987463,12.0,16.0,11.980930396736808,16.10822093251444,2.4980905181884276,4.625640302828362
134.81797573009734,12.0,16.0,11.979056566084898,16.110033230910844,1.9980905181884276,4.125640302828362
135.01800240032003,12.0,16.0,11.97197454913968,16.107027801423204,1.8120764004101664,3.625640302828362
135.21802907054274,12.0,16.0,11.969974102306898,16.094840265270022,2.3120764004101666,3.125640302828362
135.41805574076542,12.0,16.0,11.969478759076397,16.08635019980688,2.4159806089264246,3.2653963552530034
135.61808241098814,12.0,16.0,11.974000911614217,16.086471570199468,2.9159806089264246,3.7653963552530034
135.81810908121082,12.0,16.0,11.971708229619225,16.083365951892723,2.4159806089264246,3.2653963552530034
136.0181357514335,12.0,16.0,11.98021846032804,16.084212607092027,2.9159806089264246,3.7653963552530034
136.21816242165622,12.0,16.0,11.996062549407196,16.088867819250712,3.4159806089264246,4.265396355253003
136.4181890918789,12.0,16.0,12.002821734700468,16.088571554851313,2.9159806089264246,3.765396355253003
136.6182157621016,12.0,16.0,12.015389663981182,16.082058564907232,3.4159806089264246,3.265396355253003
136.8182424323243,12.0,16.0,12.02131699528369,16.070397227225335,2.9159806089264246,2.765396355253003
137.018269102547,12.0,16.0,12.024779887760198,16.060168301185143,2.4159806089264246,3.0362838289335192
137.2182957727697,12.0,16.0,12.015084708228517,16.05945060210005,1.9159806089264246,3.5362838289335192
137.4183224429924,12.0,16.0,12.012855380887068,16.055855025983526,2.218018985579232,3.6027221641548453
137.6183491132151,12.0,16.0,12.01551097146454,16.049395169239617,2.718018985579232,3.1027221641548453
137.81837578343777,12.0,16.0,12.015253926932393,16.043706025296007,2.218018985579232,3.2762448254622627
138.01840245366049,12.0,16.0,12.00473384548313,16.036920291869162,1.7901013969813686,3.3221999247108576
138.21842912388317,12.0,16.0,12.004550214654465,16.0313898864745,2.2901013969813686,3.24840354291241
138.41845579410588,12.0,16.0,11.994448485457061,16.03029428999447,1.7901013969813686,3.74840354291241
138.61848246432857,12.0,16.0,11.984823441417118,16.033541199217915,1.7015713587083636,4.24840354291241
138.81850913455128,12.0,16.0,11.96513127231273,16.034406650735715,1.2015713587083636,3.931694125181751
139.01853580477396,12.0,16.0,11.951167430087693,16.03318764615288,1.7015713587083636,3.7249135857759343
139.21856247499667,12.0,16.0,11.943934094442374,16.031766402746182,2.201571358708364,3.664127944282563
139.41858914521936,12.0,16.0,11.943758005312535,16.027031328408953,2.701571358708364,3.278470826094018
139.61861581544204,12.0,16.0,11.951849904761707,16.025015515601506,3.201571358708364,3.778470826094018
139.81864248566475,12.0,16.0,11.972147549802635,16.016071736071872,3.701571358708364,3.278470826094018
140.01866915588744,12.0,16.0,11.996962999601912,16.003328820208832,4.067446979396989,3.0240573724941933
140.21869582611015,12.0,16.0,12.027185932439766,15.999125339846033,4.070586347748643,3.5240573724941933
140.41872249633283,12.0,16.0,12.043961574768494,16.002540486444676,3.570586347748643,4.024057372494193
140.61874916655555,12.0,16.0,12.070941899763577,15.99848991223191,4.070586347748643,3.524057372494193
140.81877583677823,12.0,16.0,12.087469132203372,16.005298497969832,3.570586347748643,4.024057372494193
141.01880250700094,12.0,16.0,12.096458912723012,16.001876581044154,3.070586347748643,3.524057372494193
141.21882917722363,12.0,16.0,12.098488687269555,16.005668581061702,2.570586347748643,4.024057372494193
141.4188558474463,12.0,16.0,12.10259801785546,16.000797456410165,2.5952324613147932,3.524057372494193
141.61888251766902,12.0,16.0,12.10049262308412,16.005510535090853,2.0952324613147932,4.024057372494193
141.8189091878917,12.0,16.0,12.08679081614159,16.00816796335718,1.5952324613147932,4.109419918388392
142.01893585811442,12.0,16.0,12.07895529733599,16.00573631034706,2.0952324613147932,3.609419918388392
142.2189625283371,12.0,16.0,12.064692195201141,16.010771032442463,1.5952324613147932,4.109419918388392
142.4189891985598,12.0,16.0,12.058105633597652,16.008486485354663,2.0952324613147932,3.609419918388392
142.6190158687825,12.0,16.0,12.045029223684507,16.0107439463164,1.5952324613147932,4.109419918388392
142.81904253900518,12.0,16.0,12.03794795023156,16.00860932330948,2.0952324613147932,3.609419918388392
143.0190692092279,12.0,16.0,12.025736284804514,16.000491039367414,1.5952324613147932,3.109419918388392
143.21909587945058,12.0,16.0,12.017819966527034,15.998732163962071,2.0952324613147932,3.609419918388392
143.4191225496733,12.0,16.0,12.022286854621688,16.001325114724132,2.5952324613147932,4.109419918388392
143.61914921989597,12.0,16.0,12.030980978307332,16.01379757602253,3.0952324613147932,4.609419918388392
143.8191758901187,12.0,16.0,12.048625705379951,16.01729719223733,3.5952324613147932,4.109419918388392
144.01920256034137,12.0,16.0,12.062129482026336,16.013062280272738,3.318012743882057,3.609419918388392
144.21922923056408,12.0,16.0,12.072333853952006,16.005424973166257,2.818012743882057,3.1756396955626687
144.41925590078677,12.0,16.0,12.077934131177928,15.99310934323573,2.9943894654473397,2.6756396955626687
144.61928257100945,12.0,16.0,12.0831365181642,15.985983169025543,2.4943894654473397,3.1756396955626687
144.81930924123216,12.0,16.0,12.07328874090917,15.979165171665823,1.9943894654473397,3.6756396955626687
145.01933591145485,12.0,16.0,12.056370358723399,15.971937295295646,1.4943894654473397,3.2648492227259727
145.21936258167756,12.0,16.0,12.04441849883136,15.960502248840957,1.6777496555710636,2.7648492227259727
145.41938925190024,12.0,16.0,12.037021380241361,15.952085214463752,2.1777496555710636,3.2648492227259727
145.61941592212295,12.0,16.0,12.02779478474812,15.951623017524081,1.6777496555710636,3.7648492227259727
145.81944259234564,12.0,16.0,12.014535055972718,15.958783273518824,1.7444151340241565,4.264849222725973
146.01946926256835,12.0,16.0,11.993528691359339,15.968704803160916,1.2444151340241565,4.764849222725973
146.21949593279103,12.0,16.0,11.980282562958854,15.978380043144929,1.7444151340241565,4.264849222725973
146.41952260301372,12.0,16.0,11.976528419600697,15.978007591058073,2.2444151340241563,3.7648492227259727
146.61954927323643,12.0,16.0,11.981528339082232,15.972361554338004,2.7444151340241563,3.2648492227259727
146.8195759434591,12.0,16.0,11.977786700311277,15.972863696225257,2.2444151340241563,3.7648492227259727
147.01960261368183,12.0,16.0,11.980419119491986,15.978703782344196,2.7444151340241563,4.264849222725973
147.2196292839045,12.0,16.0,11.989737653725468,15.990237596671372,3.067870039514879,4.615430062201737
147.41965595412722,12.0,16.0,11.993917321278403,16.003556941893553,2.567870039514879,5.115430062201737
147.6196826243499,12.0,16.0,12.005358910180917,16.01319257299467,3.067870039514879,4.615430062201737
147.8197092945726,12.0,16.0,12.005798256627264,16.02830289080403,2.567870039514879,5.115430062201737
148.0197359647953,12.0,16.0,11.995852097528683,16.042997965003046,2.067870039514879,4.996898441172534
148.219762635018,12.0,16.0,11.997212903361627,16.050820635598505,2.567870039514879,4.496898441172534
148.4197893052407,12.0,16.0,12.008418566238914,16.053170618892985,3.067870039514879,3.996898441172534
148.61981597546338,12.0,16.0,12.013235771800987,16.049596504583157,2.567870039514879,3.496898441172534
148.8198426456861,12.0,16.0,12.011147554600727,16.051478749903136,2.2287548881012693,3.961020700378175
149.01986931590878,12.0,16.0,12.0012255952795,16.052775460133372,1.9585829553371614,3.7123004430143345
149.2198959861315,12.0,16.0,12.002783601997187,16.045480950036133,2.458582955337161,3.2123004430143345
149.41992265635417,12.0,16.0,11.997424398457692,16.03005239550184,2.1280524411267407,2.8351672015605285
149.61994932657686,12.0,16.0,11.985319642416457,16.0081315578437,1.6280524411267407,2.3351672015605285
149.81997599679957,12.0,16.0,11.960742387873497,15.992905408624397,1.1280524411267407,2.8351672015605285
150.02000266702225,12.0,16.0,11.947968278134779,15.986579775628305,1.6280524411267407,3.3351672015605285
150.22002933724497,12.0,16.0,11.945408090522784,15.984192883170195,2.1280524411267407,3.8351672015605285
150.42005600746765,12.0,16.0,11.943534665034226,15.986661402903408,2.6280524411267407,4.08458777252633
150.62008267769036,12.0,16.0,11.947811458539697,15.98308961276533,3.1280524411267407,3.58458777252633
150.82010934791305,12.0,16.0,11.970409331937649,15.986053010498292,3.6280524411267407,4.08458777252633
151.02013601813576,12.0,16.0,11.974840633743728,15.997065797825615,3.1280524411267407,4.58458777252633
151.22016268835844,12.0,16.0,11.976716081772567,15.998035807425632,2.6280524411267407,4.08458777252633
151.42018935858113,12.0,16.0,11.973609420469993,15.9945526021766,2.366138971394479,3.58458777252633
151.62021602880384,12.0,16.0,11.978553052070271,15.986321044027388,2.7902460127458295,3.08458777252633
151.82024269902652,12.0,16.0,11.994970874916882,15.981908139653422,3.2902460127458295,3.58458777252633
152.02026936924923,12.0,16.0,12.013493481490547,15.986481374787404,3.3927378481433297,4.08458777252633
152.22029603947192,12.0,16.0,12.030670770658254,15.996825200533694,3.5273332641912774,4.58458777252633
152.42032270969463,12.0,16.0,12.040532675508642,16.013733276121112,3.0273332641912774,5.08458777252633
152.62034937991731,12.0,16.0,12.049259577212684,16.022693247543355,3.07489474661904,4.58458777252633
152.82037605014,12.0,16.0,12.04904564345575,16.032101505932573,2.57489474661904,4.384957950011011
153.0204027203627,12.0,16.0,12.062817023315294,16.036846885329656,3.07489474661904,4.2487939673190045
153.2204293905854,12.0,16.0,12.06721014565287,16.047878702888458,2.57489474661904,4.7487939673190045
153.4204560608081,12.0,16.0,12.07699477817973,16.053647549795603,3.07489474661904,4.2487939673190045
153.6204827310308,12.0,16.0,12.076127326143903,16.05392223761705,2.57489474661904,3.7487939673190045
153.8205094012535,12.0,16.0,12.068501041213876,16.05686851828313,2.07489474661904,4.2487939673190045
154.0205360714762,12.0,16.0,12.055796696279467,16.057556687997515,1.7736116677657507,3.7487939673190045
154.2205627416989,12.0,16.0,12.039020042696862,16.059823829653048,1.2736116677657507,3.8517136827906926
154.42058941192158,12.0,16.0,12.012818878867074,16.053285655977536,0.7736116677657507,3.3517136827906926
154.62061608214427,12.0,16.0,11.99891058364916,16.03916224836684,1.2736116677657507,2.8517136827906926
154.82064275236698,12.0,16.0,11.984293465716988,16.017538107860776,1.7736116677657507,2.3517136827906926
155.02066942258966,12.0,16.0,11.980215421157512,16.003770162984463,2.1148374955799305,2.8517136827906926
155.22069609281237,12.0,16.0,11.98414520461327,15.999448764023684,2.6148374955799305,3.28278839499319
155.42072276303506,12.0,16.0,11.988473805713365,15.998751582213133,2.6536184506637244,3.78278839499319
155.62074943325777,12.0,16.0,12.000938191416884,15.993219178623479,3.1536184506637244,3.623239385056044
155.82077610348045,12.0,16.0,12.000586681999065,15.999302517745633,2.6536184506637244,4.123239385056044
156.02080277370317,12.0,16.0,11.993529549897875,16.010081112272115,2.1536184506637244,4.623239385056044
156.22082944392585,12.0,16.0,11.988106460620617,16.01365450892529,2.234943972284383,4.123239385056044
156.42085611414853,12.0,16.0,11.989282099212478,16.01189186562901,2.734943972284383,3.623239385056044
156.62088278437125,12.0,16.0,11.984533754130211,16.003724227968476,2.2702320145012993,3.123239385056044
156.82090945459393,12.0,16.0,11.982720340442013,15.989109802857907,2.7702320145012993,2.8607792023757384
157.02093612481664,12.0,16.0,11.978084357834192,15.983705067184708,2.2702320145012993,3.3607792023757384
157.22096279503933,12.0,16.0,11.981532626468223,15.981535279062143,2.7702320145012993,3.8607792023757384
157.42098946526204,12.0,16.0,11.972933240609823,15.987763125282699,2.2702320145012993,4.360779202375738
157.62101613548472,12.0,16.0,11.976709649298863,16.001512754841265,2.7702320145012993,4.860779202375738
157.8210428057074,12.0,16.0,11.992298248536665,16.01573174538761,3.2702320145012993,5.130382980302643
158.02106947593012,12.0,16.0,12.017498922761877,16.025702676984466,3.7702320145012993,4.630382980302643
158.2210961461528,12.0,16.0,12.042136168423502,16.042048984444797,4.167914676929847,5.130382980302643
158.42112281637552,12.0,16.0,12.060649853709466,16.05401389843554,3.667914676929847,4.630382980302643
158.6211494865982,12.0,16.0,12.072636192257196,16.056190743700427,3.167914676929847,4.130382980302643
158.8211761568209,12.0,16.0,12.07678682560562,16.063449431100935,2.667914676929847,4.552239281366243
159.0212028270436,12.0,16.0,12.071194208870807,16.064890645613605,2.167914676929847,4.052239281366243
159.2212294972663,12.0,16.0,12.058470449486371,16.061381270626097,1.667914676929847,3.5522392813662433
159.421256167489,12.0,16.0,12.037556665758654,16.05219342830155,1.2869806828830421,3.09205220549916
159.62128283771168,12.0,16.0,12.024696520324715,16.052755266512,1.7869806828830421,3.59205220549916
159.8213095079344,12.0,16.0,12.021766496076022,16.057821876507962,2.2869806828830423,4.09205220549916
160.02133617815707,12.0,16.0,12.021173135835395,16.056889330122786,2.295857390323779,3.5920522054991597
160.22136284837978,12.0,16.0,12.011548222702256,16.059398226730693,1.9532687049471336,4.09205220549916
160.42138951860247,12.0,16.0,12.013879503495158,16.056812870509084,2.4532687049471336,3.5920522054991597
160.62141618882518,12.0,16.0,12.008049627423713,16.04690029006027,1.9532687049471336,3.1408237412680022
160.82144285904786,12.0,16.0,12.00974523896144,16.029502926894786,2.4532687049471336,2.6408237412680022
161.02146952927058,12.0,16.0,11.998907638435705,16.00702190655985,1.9532687049471336,2.1408237412680022
161.22149619949326,12.0,16.0,11.979054814594416,15.993469890008942,1.4532687049471336,2.6408237412680022
161.42152286971594,12.0,16.0,11.96882286619128,15.981763466422095,1.9532687049471336,3.1408237412680022
161.62154953993866,12.0,16.0,11.966030915392768,15.973293862471607,2.4532687049471336,2.9307399944833685
161.82157621016134,12.0,16.0,11.960042871842901,15.971576202787453,1.9532687049471336,3.4307399944833685
162.02160288038405,12.0,16.0,11.952812765765767,15.964995900353662,1.9944806966719084,3.037176438011094
162.22162955060674,12.0,16.0,11.937572922529553,15.959998952856647,1.4944806966719084,3.537176438011094
162.42165622082945,12.0,16.0,11.92643037942205,15.964763943400273,1.9944806966719084,4.021550748332504
162.62168289105213,12.0,16.0,11.926861066356713,15.960657419884988,2.4944806966719084,3.521550748332504
162.82170956127484,12.0,16.0,11.935174466475868,15.962707849729112,2.9944806966719084,4.021550748332504
163.02173623149753,12.0,16.0,11.94984154613862,15.971348049057623,3.1943632454352633,4.521550748332504
163.2217629017202,12.0,16.0,11.970643718439886,15.976462169708274,3.6943632454352633,4.168089275879794
163.42178957194292,12.0,16.0,11.983994184140315,15.976070001003713,3.1943632454352633,3.668089275879794
163.6218162421656,12.0,16.0,11.991736872515089,15.973584950988057,3.029189577266638,3.4645314695364657
163.82184291238832,12.0,16.0,11.99802265996391,15.9760577756873,2.7653299549053814,3.9645314695364657
164.021869582611,12.0,16.0,11.991851925751536,15.974659045665643,2.2653299549053814,3.4645314695364657
164.22189625283372,12.0,16.0,11.984239283500347,15.978204924061728,1.7653299549053814,3.9645314695364657
164.4219229230564,12.0,16.0,11.982545974190216,15.974690879457635,2.2653299549053814,3.8208255395104733
164.62194959327908,12.0,16.0,11.984139234089564,15.97578708626086,2.4488019618816366,4.064605174433
164.8219762635018,12.0,16.0,11.978708681705415,15.983884001697643,2.2660998484247794,4.564605174433
165.02200293372448,12.0,16.0,11.980327950719147,16.000781593715754,2.675302173361493,5.064605174433
165.2220296039472,12.0,16.0,11.97790805938564,16.022779005961276,2.175302173361493,5.564605174433
165.42205627416988,12.0,16.0,11.98396111106302,16.04121794350031,2.675302173361493,5.064605174433
165.6220829443926,12.0,16.0,11.979480892563156,16.06624610820786,2.220794790207806,5.564605174433
165.82210961461527,12.0,16.0,11.981436496260825,16.082012822175503,2.720794790207806,5.111923922888614
166.02213628483798,12.0,16.0,11.996907743129308,16.090072969495047,3.220794790207806,4.611923922888614
166.22216295506067,12.0,16.0,12.00300999096734,16.09572118379037,2.720794790207806,4.111923922888614
166.42218962528335,12.0,16.0,12.012462218411468,16.092746051037267,2.990204677558883,3.6119239228886144
166.62221629550606,12.0,16.0,12.015271986646855,16.087410413903104,2.490204677558883,3.1119239228886144
166.82224296572875,12.0,16.0,12.024145025623433,16.069081841018747,2.990204677558883,2.6119239228886144
167.02226963595146,12.0,16.0,12.027805890831782,16.047603999710574,2.490204677558883,2.1119239228886144
167.22229630617414,12.0,16.0,12.023747899518312,16.026832432448433,2.3080700596230823,2.390795386540087
167.42232297639686,12.0,16.0,12.021785112254713,16.01550316106659,2.6586226789270624,2.890795386540087
167.62234964661954,12.0,16.0,12.014091586162078,16.0119535959437,2.1586226789270624,3.390795386540087
167.82237631684225,12.0,16.0,12.02018249700568,16.0104143258526,2.6586226789270624,3.890795386540087
168.02240298706494,12.0,16.0,12.012741724078221,16.008007279301054,2.1586226789270624,3.390795386540087
168.22242965728762,12.0,16.0,12.012977275427188,16.01102628354584,2.6586226789270624,3.890795386540087
168.42245632751033,12.0,16.0,12.006017124830525,16.005361672085115,2.1586226789270624,3.390795386540087
168.62248299773302,12.0,16.0,12.005643000850455,15.993911559740832,2.6586226789270624,2.890795386540087
168.82250966795573,12.0,16.0,12.00290630962032,15.99016008441906,2.1586226789270624,3.390795386540087
169.0225363381784,12.0,16.0,11.991174196318148,15.991115896490552,1.7985890056607416,3.890795386540087
169.22256300840112,12.0,16.0,11.9747791893806,15.998874628682401,1.2985890056607416,4.390795386540087
169.4225896786238,12.0,16.0,11.96590272135274,16.002110051398425,1.7985890056607416,3.890795386540087
169.6226163488465,12.0,16.0,11.96397924709904,15.994103372183757,2.298589005660742,3.390795386540087
169.8226430190692,12.0,16.0,11.957262128516549,15.993473917323668,2.0727100856497214,3.890795386540087
170.0226696892919,12.0,16.0,11.956537044633368,16.003740486172845,2.5727100856497214,4.390795386540087
170.2226963595146,12.0,16.0,11.964771448312375,16.01245952602028,2.763541131346937,4.602480459477012
170.42272302973728,12.0,16.0,11.978868964516074,16.02598999441783,3.263541131346937,4.78278068804055
170.62274969996,12.0,16.0,11.995098569095527,16.027918404888613,3.763541131346937,4.28278068804055
170.82277637018268,12.0,16.0,12.011690206081202,16.02933647202567,3.263541131346937,4.189596448123941
171.0228030404054,12.0,16.0,12.01744821190824,16.0282615559004,2.763541131346937,3.6895964481239414
171.22282971062808,12.0,16.0,12.034044583089633,16.023415142011824,3.263541131346937,3.1895964481239414
171.42285638085076,12.0,16.0,12.04152586360033,16.008117416213736,2.763541131346937,2.6895964481239414
171.62288305107347,12.0,16.0,12.044675023170527,16.002165435430978,3.0373536009490487,3.1895964481239414
171.82290972129616,12.0,16.0,12.050837362522097,15.993287033346931,2.8019512205230304,2.8758682840019323
172.02293639151887,12.0,16.0,12.047170659012815,15.98636315654312,2.3019512205230304,3.3758682840019323
172.22296306174155,12.0,16.0,12.033891217077684,15.988987463457962,1.8019512205230304,3.8758682840019323
172.42298973196426,12.0,16.0,12.029318510642316,15.98538412873635,2.020038743927559,3.482701877147109
172.62301640218695,12.0,16.0,12.018192310300407,15.977569910950757,2.0316751099500228,3.1197775376540817
172.82304307240966,12.0,16.0,12.001527975454259,15.974505462355339,1.5316751099500228,3.329634075203375
173.02306974263234,12.0,16.0,11.992266269581998,15.959292341307272,2.0316751099500228,2.829634075203375
173.22309641285503,12.0,16.0,11.994389110027766,15.953348347670612,2.5316751099500228,3.329634075203375
173.42312308307774,12.0,16.0,11.987890970835103,15.94280183403075,2.0316751099500228,2.829634075203375
173.62314975330042,12.0,16.0,11.97448964911773,15.94010385967606,1.5316751099500228,3.329634075203375
173.82317642352314,12.0,16.0,11.968761945437892,15.941932563801014,2.0316751099500228,3.829634075203375
174.02320309374582,12.0,16.0,11.960043185255069,15.93941082640757,1.9510546810105387,3.582369888823639
174.22322976396853,12.0,16.0,11.959481431212938,15.938708359220222,2.4510546810105387,3.8693854650439614
174.42325643419122,12.0,16.0,11.963521580127617,15.941871366979827,2.737971819843339,4.369385465043962
174.6232831044139,12.0,16.0,11.978329901368774,15.958610775052165,3.237971819843339,4.869385465043962
174.8233097746366,12.0,16.0,11.985600930197997,15.968496768313507,2.9998109406560274,4.655681981901942
175.0233364448593,12.0,16.0,11.989060510179996,15.970563224782596,2.5427459081936594,4.155681981901942
175.223363115082,12.0,16.0,11.983079850995884,15.968196130379098,2.0427459081936594,3.6556819819019424
175.4233897853047,12.0,16.0,11.980551251731585,15.962305780761996,2.414634556964569,3.327359728969637
175.6234164555274,12.0,16.0,11.988323549923729,15.961216158658518,2.914634556964569,3.7712371414724553
175.8234431257501,12.0,16.0,11.989236070149774,15.971541188301208,2.414634556964569,4.271237141472455
176.0234697959728,12.0,16.0,11.998473517585126,15.969477798541758,2.914634556964569,3.7712371414724553
176.22349646619548,12.0,16.0,11.99668365536573,15.972043350936328,2.414634556964569,4.271237141472455
176.42352313641817,12.0,16.0,11.987466971841279,15.98601496582351,1.914634556964569,4.771237141472455
176.62354980664088,12.0,16.0,11.983045916850966,15.991829646998497,2.414634556964569,4.271237141472455
176.82357647686356,12.0,16.0,11.975136136723469,15.99338722975564,2.1078466289605404,3.7712371414724553
177.02360314708628,12.0,16.0,11.976659056066758,16.001032547893118,2.6078466289605404,4.271237141472455
177.22362981730896,12.0,16.0,11.985653719514804,16.011163747155013,3.1078466289605404,4.771237141472455
177.42365648753167,12.0,16.0,11.997547741810598,16.028946040765906,3.146566700285993,5.271237141472455
177.62368315775436,12.0,16.0,12.0162106872974,16.039990061263442,3.646566700285993,4.771237141472455
177.82370982797707,12.0,16.0,12.02299378771526,16.04742529413335,3.146566700285993,4.271237141472455
178.02373649819975,12.0,16.0,12.042696579690295,16.048729792361332,3.5664032909483963,4.065761717528596
178.22376316842244,12.0,16.0,12.057536474732908,16.048427746182647,3.0664032909483963,3.565761717528596
178.42378983864515,12.0,16.0,12.05465017978603,16.04450988721528,2.5664032909483963,3.211571099398122
178.62381650886783,12.0,16.0,12.051672002784983,16.043999489779527,2.0664032909483963,3.711571099398122
178.82384317909055,12.0,16.0,12.037993534566901,16.048329829182382,1.5664032909483963,4.211571099398122
179.02386984931323,12.0,16.0,12.028910645606734,16.048896297859883,2.0162378693617153,3.711571099398122
179.22389651953594,12.0,16.0,12.01214610384949,16.03950181876888,1.5162378693617153,3.211571099398122
179.42392318975863,12.0,16.0,12.002644322903295,16.03860585130771,2.0162378693617153,3.711571099398122
179.62394985998134,12.0,16.0,11.985719080835093,16.035476602882515,1.5162378693617153,3.475233035270352
179.82397653020402,12.0,16.0,11.977979873733458,16.021877179586202,2.0162378693617153,2.975233035270352
180.0240032004267,12.0,16.0,11.959100634598977,16.008414499304077,1.5162378693617153,2.475233035270352
180.22402987064942,12.0,16.0,11.936747977874457,15.997474574528194,1.0162378693617153,2.975233035270352
180.4240565408721,12.0,16.0,11.921086647017848,15.996456325596041,1.5162378693617153,3.475233035270352
180.6240832110948,12.0,16.0,11.915905558064036,15.986527338493909,2.0162378693617153,2.975233035270352
180.8241098813175,12.0,16.0,11.91578409503734,15.983932298444923,2.5162378693617153,3.475233035270352
181.0241365515402,12.0,16.0,11.924963719288437,15.984645198879127,3.0162378693617153,3.975233035270352
181.2241632217629,12.0,16.0,11.942654924759902,15.991185936149307,3.5162378693617153,4.475233035270352
181.42418989198558,12.0,16.0,11.971098729058351,16.009167068397606,4.016237869361715,4.975233035270352
181.6242165622083,12.0,16.0,11.988024918818962,16.017228691698904,3.5162378693617153,4.475233035270352
181.82424323243097,12.0,16.0,11.999607326700888,16.03083871131135,3.116762991660756,4.975233035270352
182.02426990265369,12.0,16.0,11.998018572869139,16.036384377115745,2.616762991660756,4.475233035270352
182.22429657287637,12.0,16.0,12.004885546862118,16.039789421935662,3.071571165632541,4.145376737246831
182.42432324309908,12.0,16.0,12.008317621380591,16.034258224939812,2.571571165632541,3.6453767372468313
182.62434991332177,12.0,16.0,12.01403287756764,16.02642559328481,3.071571165632541,3.1453767372468313
182.82437658354448,12.0,16.0,12.014244433921789,16.023671724719463,2.571571165632541,3.530450193980025
183.02440325376716,12.0,16.0,12.017688922303847,16.01407048602057,2.7756510418356446,3.030450193980025
183.22442992398985,12.0,16.0,12.013148151010528,16.00956346733305,2.2756510418356446,3.530450193980025
183.42445659421256,12.0,16.0,11.997120173237308,15.99827828481298,1.7756510418356446,3.030450193980025
183.62448326443524,12.0,16.0,11.987023073972077,15.981209423091963,2.2756510418356446,2.530450193980025
183.82450993465795,12.0,16.0,11.988921474602726,15.971005069627934,2.6344425303222314,3.030450193980025
184.02453660488064,12.0,16.0,11.982737422291713,15.963916322369679,2.1344425303222314,3.3140287016497747
184.22456327510335,12.0,16.0,11.980899598801773,15.956670459900566,2.6344425303222314,3.2119166978606746
184.42458994532603,12.0,16.0,11.973814150127668,15.956966338628376,2.1344425303222314,3.7119166978606746
184.62461661554875,12.0,16.0,11.976072882572117,15.96029958149046,2.6344425303222314,4.187336707030408
184.82464328577143,12.0,16.0,11.98363087957291,15.961870851348486,3.1344425303222314,3.6873367070304077
185.0246699559941,12.0,16.0,12.001820371458383,15.95184778841455,3.6344425303222314,3.1873367070304077
185.22469662621683,12.0,16.0,12.011595819486718,15.946308020303519,3.1344425303222314,3.3976165011694417
185.4247232964395,12.0,16.0,12.016724085555209,15.95141842197721,2.6344425303222314,3.8976165011694417
185.62474996666222,12.0,16.0,12.007585111989634,15.962388675362151,2.1344425303222314,4.397616501169441
185.8247766368849,12.0,16.0,12.008037090643992,15.97377640036166,2.6344425303222314,4.897616501169441
186.02480330710762,12.0,16.0,12.005956006604963,15.98092668164766,2.1344425303222314,4.397616501169441
186.2248299773303,12.0,16.0,12.009584619882748,15.984375699014508,2.6344425303222314,4.2179289726202285
186.42485664755299,12.0,16.0,12.010113652502648,15.994564934558726,2.609304714374833,4.7179289726202285
186.6248833177757,12.0,16.0,12.020527299972754,16.012311660387898,3.109304714374833,5.2179289726202285
186.82490998799838,12.0,16.0,12.03841241343259,16.021304995331555,3.609304714374833,4.7179289726202285
187.0249366582211,12.0,16.0,12.04996784160646,16.03643394969129,3.109304714374833,5.2179289726202285
187.22496332844378,12.0,16.0,12.04823694953152,16.05122484595309,2.609304714374833,4.815637585625693
187.4249899986665,12.0,16.0,12.051839482014433,16.056188411998487,2.6905186574128392,4.315637585625693
187.62501666888917,12.0,16.0,12.05143746820074,16.056043197482456,2.1905186574128392,3.8156375856256934
187.8250433391119,12.0,16.0,12.053664358018025,16.059221239711693,2.6905186574128392,4.0956910915553655
188.02507000933457,12.0,16.0,12.048263145080666,16.064486329683557,2.1905186574128392,4.154410451504029
188.22509667955725,12.0,16.0,12.05094125281337,16.059805246877506,2.6905186574128392,3.654410451504029
188.42512334977997,12.0,16.0,12.047694028671321,16.051042346151707,2.2084095505681205,3.154410451504029
188.62515002000265,12.0,16.0,12.032214055072094,16.047535037934185,1.7084095505681205,3.654410451504029
188.82517669022536,12.0,16.0,12.01609224403875,16.03785475110372,1.8146747385122848,3.154410451504029
189.02520336044805,12.0,16.0,12.013510419946908,16.030691634155307,2.314674738512285,3.26871789638923
189.22523003067076,12.0,16.0,12.025069941733557,16.015358945253034,2.814674738512285,2.76871789638923
189.42525670089344,12.0,16.0,12.029311596717415,16.004904908932037,2.945308909861214,3.26871789638923
189.62528337111615,12.0,16.0,12.031502654830154,16.00604161956065,2.445308909861214,3.76871789638923
189.82531004133884,12.0,16.0,12.025456958237381,16.009856324918776,1.9453089098612142,4.26871789638923
190.02533671156152,12.0,16.0,12.015850992401953,16.01851330398067,1.7664679220461976,4.451824156329414
190.22536338178423,12.0,16.0,12.011415761048191,16.035066743491868,2.21417610793285,4.951824156329414
190.42539005200692,12.0,16.0,12.011870502246344,16.04263940195014,2.71417610793285,4.451824156329414
190.62541672222963,12.0,16.0,12.004972405822537,16.044935993217113,2.21417610793285,3.9518241563294136
190.8254433924523,12.0,16.0,12.016515164041824,16.042020724061796,2.71417610793285,3.780366308474239
191.02547006267503,12.0,16.0,12.022073370228608,16.045269984123223,2.9701797057122428,3.9857581379496834
191.2254967328977,12.0,16.0,12.039126438873584,16.044570876415687,3.4701797057122428,3.4857581379496834
191.4255234031204,12.0,16.0,12.050476761493854,16.048506172445045,2.9701797057122428,3.9857581379496834
191.6255500733431,12.0,16.0,12.050916077739663,16.04505324945213,2.4701797057122428,3.4857581379496834
191.8255767435658,12.0,16.0,12.055506379064894,16.04902764832659,2.9701797057122428,3.9857581379496834
192.0256034137885,12.0,16.0,12.055259859620605,16.055100577583186,2.4701797057122428,4.485758137949683
192.2256300840112,12.0,16.0,12.053955567025737,16.061076384202174,2.525348667827082,3.9857581379496834
192.4256567542339,12.0,16.0,12.062259118244993,16.056898777481056,3.025348667827082,3.4857581379496834
192.62568342445658,12.0,16.0,12.081839676654274,16.049396395604816,3.525348667827082,2.9857581379496834
192.8257100946793,12.0,16.0,12.09177801469993,16.04714482399089,3.025348667827082,3.4857581379496834
193.02573676490198,12.0,16.0,12.098362758451517,16.049249906711633,2.525348667827082,3.9857581379496834
193.22576343512466,12.0,16.0,12.092156457884792,16.05007009672342,2.025348667827082,3.9424137391157554
193.42579010534737,12.0,16.0,12.07224584699915,16.046072675888446,1.5253486678270818,3.4424137391157554
193.62581677557006,12.0,16.0,12.06766629299591,16.048583459598504,2.025348667827082,3.9424137391157554
193.82584344579277,12.0,16.0,12.049897429039373,16.044602080093902,1.5253486678270818,3.4424137391157554
194.02587011601545,12.0,16.0,12.041835795368662,16.033160282101154,2.025348667827082,3.0588678797094504
194.22589678623817,12.0,16.0,12.043133265779279,16.024942278689117,2.525348667827082,3.5588678797094504
194.42592345646085,12.0,16.0,12.032415874621064,16.02670717997931,2.025348667827082,4.05886787970945
194.62595012668356,12.0,16.0,12.017956511192645,16.024631483857657,1.5253486678270818,3.5588678797094504
194.82597679690625,12.0,16.0,11.992426206564057,16.029090335562838,1.0253486678270818,4.05886787970945
195.02600346712893,12.0,16.0,11.97945885627992,16.022563098686497,1.5253486678270818,3.5588678797094504
195.22603013735164,12.0,16.0,11.972577096812813,16.015421975005676,2.025348667827082,3.0588678797094504
195.42605680757433,12.0,16.0,11.972300073265535,15.998362033790391,2.525348667827082,2.5588678797094504
195.62608347779704,12.0,16.0,11.983096828297205,15.977236977224289,3.025348667827082,2.0588678797094504
195.82611014801972,12.0,16.0,11.999708944168361,15.947691145342226,3.525348667827082,1.5588678797094504
196.02613681824243,12.0,16.0,12.022949479587469,15.909623098349382,4.025348667827082,1.0588678797094504
196.22616348846512,12.0,16.0,12.052924243918282,15.868264132079226,4.525348667827082,0.5588678797094504
196.42619015868783,12.0,16.0,12.095350067119611,15.823924465636829,5.025348667827082,0.0588678797094504
196.62621682891051,12.0,16.0,12.144223355146847,15.780935107360438,5.525348667827082,0.17559190505195338
196.8262434991332,12.0,16.0,12.200812561929233,15.735142921970395,6.0,0.1187150767192471
197.0262701693559,12.0,16.0,12.256970636399751,15.68871638925739,6.0,0.0
197.2262968395786,12.0,16.0,12.308778620035016,15.642539822370722,6.0,0.0
197.4263235098013,12.0,16.0,12.364092002159646,15.598244725909863,6.0,0.36311340214116805
197.626350180024,12.0,16.0,12.418203662775426,15.55377565448679,6.0,0.0
197.8263768502467,12.0,16.0,12.47268232970752,15.510539072089442,6.0,0.2831765114089532
198.0264035204694,12.0,16.0,12.526720763925082,15.472193366088128,6.0,0.3299812252703959
198.22643019069207,12.0,16.0,12.580400036816751,15.428312063931072,6.0,0.2995276058116341
198.42645686091478,12.0,16.0,12.63368083564831,15.390475225349528,6.0,0.5782834631018559
198.62648353113747,12.0,16.0,12.685637390356929,15.348551454618393,6.0,0.31664541520032047
198.82651020136018,12.0,16.0,12.738121164039713,15.305384503351185,6.0,0.2741913312837697
199.02653687158286,12.0,16.0,12.790200645637608,15.264431852396871,6.0,0.15647051533461093
199.22656354180558,12.0,16.0,12.841870661200185,15.228502766180455,6.0,0.5325016371910454
199.42659021202826,12.0,16.0,12.889384602554921,15.19527259615833,6.0,0.4716966155518382
199.62661688225097,12.0,16.0,12.938410672685126,15.15648591838007,6.0,0.5578510253803497
199.82664355247366,12.0,16.0,12.989017450696979,15.11791445806191,6.0,0.0578510253803497
200.02667022269634,15.0,14.0,13.036464972277306,15.078539478496431,6.0,0.38472985494019374
200.22669689291905,15.0,14.0,13.082503079849632,15.041284737666809,6.0,0.5375639445939762
200.42672356314173,15.0,14.0,13.131988179286164,15.002087452639008,6.0,0.35740089326722513
200.62675023336445,15.0,14.0,13.18109740475884,14.965581050032831,6.0,0.4275842431055919
200.82677690358713,15.0,14.0,13.22984809219487,14.931782661479446,6.0,0.7115683645617861
201.02680357380984,15.0,14.0,13.278050714369119,14.895360815423686,6.0,0.4357492391205299
201.22683024403253,15.0,14.0,13.326079878602117,14.85940792279503,6.0,0.49110693080853995
201.42685691425524,15.0,14.0,13.373738964501026,14.82105007084682,6.0,0.28536980877703955
201.62688358447792,15.0,14.0,13.419636552869001,14.784147638658691,6.0,0.28951551220250804
201.8269102547006,15.0,14.0,13.466580379368699,14.753654784675257,6.0,0.789515512202508
202.02693692492332,15.0,14.0,13.509105912088852,14.716623217380432,6.0,0.4019638911826565
202.226963595146,15.0,14.0,13.552174300480191,14.685590997974383,6.0,0.6742966805013504
202.42699026536872,15.0,14.0,13.597610116497094,14.652874997531972,6.0,0.607985518135848
202.6270169355914,15.0,14.0,13.64320297038734,14.617856187355642,6.0,0.5827673907423976
202.8270436058141,15.0,14.0,13.688443262664084,14.583158931805054,6.0,0.5934226292345027
203.0270702760368,15.0,14.0,13.733338828030524,14.550339340585678,6.0,0.761119037951048
203.22709694625948,15.0,14.0,13.77788810341405,14.515088623855823,6.0,0.6576820447178139
203.4271236164822,15.0,14.0,13.8178209582188,14.48510222677109,6.0,0.6126661123156413
203.62715028670488,15.0,14.0,13.861711821741963,14.449999274038314,6.0,0.46161380397377594
203.8271769569276,15.0,14.0,13.90305025322438,14.420850217306198,6.0,0.8657903763923126
204.02720362715027,15.0,14.0,13.946312636443121,14.393751076403108,6.0,0.8892318277441194
204.22723029737298,15.0,14.0,13.989286957311682,14.368781359418128,6.0,0.996261997111026
204.42725696759567,15.0,14.0,14.031854372130287,14.33910361333431,6.0,0.7332631587798363
204.62728363781838,15.0,14.0,14.07305034016134,14.314680417102597,6.0,1.2332631587798364
204.82731030804106,15.0,14.0,14.11514825050781,14.286286815239915,6.0,0.913319869331747
205.02733697826375,15.0,14.0,14.153775644861042,14.257597612998465,6.0,0.9140314352892389
205.22736364848646,15.0,14.0,14.195304191427013,14.23714151644479,6.0,1.414031435289239
205.42739031870914,15.0,14.0,14.234341229852083,14.216618621930973,6.0,1.402320986180153
205.62741698893186,15.0,14.0,14.275387656460765,14.195959515161144,6.0,1.5151351498683345
205.82744365915454,15.0,14.0,14.315568603447934,14.172986385084627,6.0,1.3961166922135855
206.02747032937725,15.0,14.0,14.35584642666585,14.159564201018869,6.0,1.846746891758687
206.22749699959994,15.0,14.0,14.396186294594504,14.135200181843565,6.0,1.346746891758687
206.42752366982265,15.0,14.0,14.435396187267074,14.118937876972257,6.0,1.846746891758687
206.62755034004533,15.0,14.0,14.473403018723124,14.095624208744763,6.0,1.346746891758687
206.82757701026802,15.0,14.0,14.513006986920939,14.070997981448997,6.0,1.1151284032289022
207.02760368049073,15.0,14.0,14.552369422368026,14.054296523871193,6.0,1.6151284032289022
207.2276303507134,15.0,14.0,14.591538330273487,14.042104951796311,6.0,2.0710757806227775
207.42765702093612,15.0,14.0,14.63002166456052,14.038518304506644,6.0,2.557117534264542
207.6276836911588,15.0,14.0,14.66452283021141,14.029217969930508,6.0,2.096625425699041
207.82771036138152,15.0,14.0,14.701738267805291,14.011857276425074,6.0,1.5966254256990409
208.0277370316042,15.0,14.0,14.739216298921724,14.000276112271427,6.0,2.096625425699041
208.2277637018269,15.0,14.0,14.774412174152854,13.994141771332124,6.0,2.596625425699041
208.4277903720496,15.0,14.0,14.811529875709839,13.995340974412464,6.0,3.096625425699041
208.62781704227228,15.0,14.0,14.845790709016425,14.003164189637195,6.0,3.596625425699041
208.827843712495,15.0,14.0,14.872986852666404,14.008502374265118,5.580452082392743,3.096625425699041
209.02787038271768,15.0,14.0,14.911176526397808,14.004829407308069,6.0,2.7453985459216943
209.2278970529404,15.0,14.0,14.940200331799542,14.010750092699165,5.5,3.2453985459216943
209.42792372316308,15.0,14.0,14.959317460122554,14.023096107248335,5.0,3.7453985459216943
209.6279503933858,15.0,14.0,14.974275616668448,14.025921425897726,4.5,3.2453985459216943
209.82797706360847,15.0,14.0,14.991182154949547,14.026650955794485,4.771132921795754,2.7453985459216943
210.02800373383116,15.0,14.0,15.001470797738012,14.031729451892446,4.271132921795754,3.2453985459216943
210.22803040405387,15.0,14.0,15.006122125582916,14.03016943430083,3.771132921795754,2.7453985459216943
210.42805707427655,15.0,14.0,14.99981969725271,14.03621953322369,3.271132921795754,3.2453985459216943
210.62808374449926,15.0,14.0,14.988069868947225,14.04527526056201,2.9884647346864717,3.7453985459216943
210.82811041472195,15.0,14.0,14.966519476621752,14.046485227205858,2.4884647346864717,3.2453985459216943
211.02813708494466,15.0,14.0,14.957009874781638,14.044766972677358,2.9884647346864717,2.7453985459216943
211.22816375516734,15.0,14.0,14.945008912034764,14.036011860315973,2.881629889103691,2.2453985459216943
211.42819042539006,15.0,14.0,14.939479683378222,14.021434963433101,3.381629889103691,1.7906999160930988
211.62821709561274,15.0,14.0,14.943656496935002,14.015146645822865,3.881629889103691,2.2906999160930988
211.82824376583542,15.0,14.0,14.954177080328904,14.013874122231062,4.3816298891036904,2.7906999160930988
212.02827043605814,15.0,14.0,14.970848182078237,14.006315165568562,4.8816298891036904,2.2906999160930988
212.22829710628082,15.0,14.0,14.99001640987272,13.992544720980838,4.954678706960467,1.7906999160930988
212.42832377650353,15.0,14.0,15.001565769488721,13.986474424676048,4.454678706960467,2.2906999160930988
212.62835044672622,15.0,14.0,15.007247444725934,13.983906931911008,3.9546787069604674,2.7906999160930988
212.82837711694893,15.0,14.0,15.003001260196443,13.991774619390476,3.5078765868646644,3.2906999160930988
213.0284037871716,15.0,14.0,14.992052029408207,13.991914357028115,3.0430440636735736,2.7906999160930988
213.2284304573943,15.0,14.0,14.988324741544938,13.988546622942719,3.5430440636735736,2.315172271225462
213.428457127617,15.0,14.0,14.982976437013512,13.99056309107962,3.0430440636735736,2.815172271225462
213.6284837978397,15.0,14.0,14.98288437544791,13.995349019102205,3.5430440636735736,3.315172271225462
213.8285104680624,15.0,14.0,14.975301831334415,14.004754309247918,3.0430440636735736,3.5348307905992025
214.0285371382851,15.0,14.0,14.973970764231957,14.006052625701836,3.5430440636735736,3.0348307905992025
214.2285638085078,15.0,14.0,14.961654823475142,14.013225074995303,3.0430440636735736,3.5348307905992025
214.42859047873048,15.0,14.0,14.941118494876546,14.017502268770892,2.5430440636735736,3.0348307905992025
214.6286171489532,15.0,14.0,14.937591987840502,14.010639605105611,3.0430440636735736,2.5348307905992025
214.82864381917588,15.0,14.0,14.931298262517139,14.010810882073152,3.5430440636735736,2.789390212842306
215.02867048939856,15.0,14.0,14.931803290447434,14.006076784051288,4.043044063673573,2.289390212842306
215.22869715962128,15.0,14.0,14.927106669622555,13.98945118194572,3.587771650224874,1.789390212842306
215.42872382984396,15.0,14.0,14.932132954805926,13.981444775939151,4.087771650224874,2.289390212842306
215.62875050006667,15.0,14.0,14.94346281373904,13.969005507898503,4.587771650224874,1.789390212842306
215.82877717028936,15.0,14.0,14.95211103249849,13.962001955232969,4.087771650224874,2.289390212842306
216.02880384051207,15.0,14.0,14.968240277799852,13.95641452572707,4.587771650224874,2.507602996263839
216.22883051073475,15.0,14.0,14.975566891831777,13.960096517093783,4.087771650224874,3.007602996263839
216.42885718095746,15.0,14.0,14.990747780883376,13.956594353547914,4.521885941593151,2.6053895318394855
216.62888385118015,15.0,14.0,14.996283152535316,13.9587313573802,4.021885941593151,3.1053895318394855
216.82891052140283,15.0,14.0,14.992652802641667,13.96365587850468,3.521885941593151,3.324114782036775
217.02893719162554,15.0,14.0,14.987160696749848,13.975808292736446,3.3936663707194232,3.824114782036775
217.22896386184823,15.0,14.0,14.977572217551073,13.979086709047463,3.1844635553972007,3.324114782036775
217.42899053207094,15.0,14.0,14.97654608882801,13.986661363915388,3.6844635553972007,3.4373574976701256
217.62901720229362,15.0,14.0,14.981650473110719,13.991846972485185,4.184463555397201,3.2648186519793554
217.82904387251634,15.0,14.0,14.97842504557086,13.989628831141651,3.684463555397201,2.7648186519793554
218.02907054273902,15.0,14.0,14.98710888443319,13.992665693300893,4.184463555397201,3.169809199340146
218.22909721296173,15.0,14.0,14.985720737509155,13.991493748446842,3.684463555397201,2.669809199340146
218.42912388318442,15.0,14.0,14.992646509905086,13.99084379415736,4.184463555397201,2.958485441888678
218.6291505534071,15.0,14.0,14.995669814761397,13.997318238343139,4.052772242209685,3.458485441888678
218.8291772236298,15.0,14.0,14.991034096304215,14.009815447685579,3.5527722422096852,3.958485441888678
219.0292038938525,15.0,14.0,15.003518038204922,14.019217913794932,4.052772242209685,3.458485441888678
219.2292305640752,15.0,14.0,14.999643276955366,14.033787568053745,3.5527722422096852,3.958485441888678
219.4292572342979,15.0,14.0,14.989703631162541,14.045735547517479,3.0527722422096852,3.6003679237762527
219.6292839045206,15.0,14.0,14.986379094914245,14.04869611989143,3.5527722422096852,3.1003679237762527
219.8293105747433,15.0,14.0,14.990979857968231,14.049924393357792,3.9595480978501207,2.7993208898807995
220.02933724496597,15.0,14.0,14.989451709402598,14.048725784041716,3.4595480978501207,2.8542803345649754
220.22936391518869,15.0,14.0,14.974981592807747,14.057103733026125,2.9595480978501207,3.3542803345649754
220.42939058541137,15.0,14.0,14.958964576361597,14.058865923179164,2.4595480978501207,2.8542803345649754
220.62941725563408,15.0,14.0,14.949934468319483,14.05615274359845,2.9595480978501207,2.7929268412795443
220.82944392585676,15.0,14.0,14.94246984255602,14.04876863613133,3.4595480978501207,2.2929268412795443
221.02947059607948,15.0,14.0,14.94705977996474,14.048037123736705,3.9595480978501207,2.7929268412795443
221.22949726630216,15.0,14.0,14.962023508009253,14.052826364453628,4.425098079654438,3.2929268412795443
221.42952393652487,15.0,14.0,14.983296547306864,14.048879946685469,4.925098079654438,2.7929268412795443
221.62955060674756,15.0,14.0,14.994935549369268,14.05302083437727,4.425098079654438,3.2929268412795443
221.82957727697024,15.0,14.0,15.014562303600272,14.05370906729182,4.925098079654438,2.7929268412795443
222.02960394719295,15.0,14.0,15.030891313943057,14.059127095248806,4.425098079654438,3.2929268412795443
222.22963061741564,15.0,14.0,15.040545141913174,14.069402856856707,3.925098079654438,3.7929268412795443
222.42965728763835,15.0,14.0,15.041489767546404,14.074105446750227,3.8755588785135875,3.2929268412795443
222.62968395786103,15.0,14.0,15.03753215237639,14.072686970824398,3.3755588785135875,2.7929268412795443
222.82971062808375,15.0,14.0,15.022500835247952,14.070273018590392,2.8755588785135875,2.7972304294343613
223.02973729830643,15.0,14.0,15.01940710360878,14.064104021907097,3.3755588785135875,2.2972304294343613
223.22976396852914,15.0,14.0,15.007667531060976,14.052440986710737,2.8755588785135875,1.7972304294343613
223.42979063875183,15.0,14.0,14.994646545857588,14.033434938466646,2.799353840243103,1.2972304294343613
223.6298173089745,15.0,14.0,14.980261491188624,14.017593087746596,2.823099794128487,1.7972304294343613
223.82984397919722,15.0,14.0,14.958810364074369,14.013681375909306,2.3578676282602995,2.2972304294343613
224.0298706494199,15.0,14.0,14.945791911815446,14.008446339829236,2.6272074073962215,2.3243171079521896
224.22989731964262,15.0,14.0,14.935824431615073,14.00612658951759,3.1272074073962215,2.8243171079521896
224.4299239898653,15.0,14.0,14.939866220868389,13.997260156943216,3.6272074073962215,2.3243171079521896
224.629950660088,15.0,14.0,14.94775870036598,13.992127262943232,4.127207407396222,2.3855264586182203
224.8299773303107,15.0,14.0,14.963486171720422,13.983235801321403,4.627207407396222,2.1010211156754304
225.03000400053338,15.0,14.0,14.970077468172432,13.981214095376258,4.127207407396222,2.6010211156754304
225.2300306707561,15.0,14.0,14.979137191558134,13.974012586756217,4.352120725581287,2.6553500473200575
225.43005734097878,15.0,14.0,14.98084037637311,13.983400023111505,3.852120725581287,3.1553500473200575
225.6300840112015,15.0,14.0,14.978237651799352,13.9808775495082,3.399648660980997,2.6553500473200575
225.83011068142417,15.0,14.0,14.98155878726757,13.97498519912792,3.899648660980997,2.1553500473200575
226.03013735164689,15.0,14.0,14.989796586924314,13.970816480910285,4.200917927607879,2.6553500473200575
226.23016402186957,15.0,14.0,14.991202587070479,13.976785468153949,3.700917927607879,3.1553500473200575
226.43019069209228,15.0,14.0,14.984071006272877,13.98489072985261,3.200917927607879,3.13200093890634
226.63021736231497,15.0,14.0,14.988302841869176,13.994288602594262,3.700917927607879,3.5552268677794516
226.83024403253765,15.0,14.0,14.996683460695058,13.992106305116636,4.200917927607879,3.0552268677794516
227.03027070276036,15.0,14.0,14.997080493762102,13.999958179698888,3.700917927607879,3.4340895762650216
227.23029737298305,15.0,14.0,15.009058373261267,14.002111257113224,4.200917927607879,2.9340895762650216
227.43032404320576,15.0,14.0,15.016051544302032,14.007463393105594,3.700917927607879,3.4340895762650216
227.63035071342844,15.0,14.0,15.007450679738486,14.013771922711692,3.200917927607879,2.9340895762650216
227.83037738365115,15.0,14.0,14.995266181967052,14.020723722296264,2.700917927607879,3.4340895762650216
228.03040405387384,15.0,14.0,14.988490386249314,14.022464705168076,3.200917927607879,2.9340895762650216
228.23043072409655,15.0,14.0,14.969679873495206,14.016618945058772,2.700917927607879,2.4340895762650216
228.43045739431923,15.0,14.0,14.943173628436174,14.017529692472266,2.200917927607879,2.9340895762650216
228.63048406454192,15.0,14.0,14.928418507761279,14.011675669559814,2.700917927607879,2.4340895762650216
228.83051073476463,15.0,14.0,14.918864390335111,14.000490776389434,3.200917927607879,1.9340895762650216
229.0305374049873,15.0,14.0,14.910398284899907,13.99375847473965,3.24928042201353,2.4340895762650216
229.23056407521003,15.0,14.0,14.912052318102297,13.97951326218781,3.74928042201353,1.9340895762650216
229.4305907454327,15.0,14.0,14.9228581972972,13.974100494488882,4.200758334143659,2.3571543579499705
229.63061741565542,15.0,14.0,14.942694303982073,13.973498300506435,4.700758334143659,2.8571543579499705
229.8306440858781,15.0,14.0,14.95392600635593,13.972089372687233,4.200758334143659,2.7630622783941865
230.0306707561008,15.0,14.0,14.974204064921786,13.963411815704413,4.700758334143659,2.2630622783941865
230.2306974263235,15.0,14.0,15.001270963002339,13.961414931413723,5.200758334143659,2.561986276724342
230.4307240965462,15.0,14.0,15.017992535029178,13.963279514912053,4.700758334143659,3.061986276724342
230.6307507667689,15.0,14.0,15.027756490039692,13.968888305864626,4.200758334143659,3.341372292471212
230.83077743699158,15.0,14.0,15.025615562117833,13.978554975329478,3.700758334143659,3.5062743363474995
231.0308041072143,15.0,14.0,15.015963454483234,13.981017430336962,3.200758334143659,3.0062743363474995
231.23083077743698,15.0,14.0,15.006661357866395,13.972678412097622,3.0878441926255737,2.5062743363474995
231.4308574476597,15.0,14.0,15.000287399011512,13.962444048466676,3.0064349515676065,2.0062743363474995
231.63088411788237,15.0,14.0,14.98152423771169,13.957561820472685,2.5064349515676065,2.5062743363474995
231.83091078810506,15.0,14.0,14.959622530924424,13.954867477024402,2.2241225120148043,2.5722874965133267
232.03093745832777,15.0,14.0,14.945635450259617,13.953692331102001,2.60920222481092,3.045825119374234
232.23096412855045,15.0,14.0,14.93652154990122,13.961510972096004,3.10920222481092,3.545825119374234
232.43099079877317,15.0,14.0,14.933556852309211,13.966516899452348,3.60920222481092,3.045825119374234
232.63101746899585,15.0,14.0,14.942769084459654,13.97735016064084,4.10920222481092,3.545825119374234
232.83104413921856,15.0,14.0,14.939571421680789,13.992276262045356,3.60920222481092,4.045825119374234
233.03107080944125,15.0,14.0,14.934995485659279,14.011412621685908,3.4831501331109367,4.533173557117382
233.23109747966396,15.0,14.0,14.942063934591893,14.027072347874011,3.9831501331109367,4.033173557117382
233.43112414988664,15.0,14.0,14.951103028261365,14.036228654552314,4.483150133110937,3.533173557117382
233.63115082010933,15.0,14.0,14.95659037112414,14.036615858850068,3.9831501331109367,3.0834494053387957
233.83117749033204,15.0,14.0,14.954984554650114,14.033603912404482,3.4831501331109367,2.5834494053387957
234.03120416055472,15.0,14.0,14.960247871970818,14.025465250340748,3.9831501331109367,2.0935284564599645
234.23123083077743,15.0,14.0,14.964408466596197,14.023656120501032,4.08762636830049,2.5935284564599645
234.43125750100012,15.0,14.0,14.964559242265913,14.023545424425555,3.58762636830049,3.0935284564599645
234.63128417122283,15.0,14.0,14.964893970581583,14.023843431093596,3.562937276990274,2.5935284564599645
234.83131084144551,15.0,14.0,14.95860690760132,14.026204032878578,3.062937276990274,3.0935284564599645
235.03133751166823,15.0,14.0,14.941034088621215,14.023314722858789,2.562937276990274,2.5935284564599645
235.2313641818909,15.0,14.0,14.92981528272836,14.014234388488426,3.062937276990274,2.0935284564599645
235.4313908521136,15.0,14.0,14.928723666096591,14.007480668486426,3.562937276990274,2.5935284564599645
235.6314175223363,15.0,14.0,14.936479784942177,14.007105422009191,4.062937276990274,3.0935284564599645
235.831444192559,15.0,14.0,14.938354781261609,14.012419471886387,3.562937276990274,3.5935284564599645
236.0314708627817,15.0,14.0,14.925356152154455,14.020939539160159,3.062937276990274,3.802304680442717
236.2314975330044,15.0,14.0,14.925666146410565,14.025782245783752,3.562937276990274,3.302304680442717
236.4315242032271,15.0,14.0,14.91474232142622,14.027023010293078,3.062937276990274,2.802304680442717
236.63155087344978,15.0,14.0,14.910354890806358,14.019962375635947,3.562937276990274,2.302304680442717
236.83157754367247,15.0,14.0,14.917010573779658,14.003314400639697,4.062937276990274,1.8023046804427172
237.03160421389518,15.0,14.0,14.918532610650862,13.993984545527745,3.562937276990274,2.302304680442717
237.23163088411786,15.0,14.0,14.928499823653432,13.994517251811647,4.062937276990274,2.802304680442717
237.43165755434057,15.0,14.0,14.930538386586042,13.987411545174757,3.562937276990274,2.302304680442717
237.63168422456326,15.0,14.0,14.93810313910177,13.987842204248132,4.062937276990274,2.802304680442717
237.83171089478597,15.0,14.0,14.954045293696682,13.982311877227014,4.562937276990274,2.302304680442717
238.03173756500865,15.0,14.0,14.961665679863664,13.977932021148705,4.062937276990274,2.802304680442717
238.23176423523137,15.0,14.0,14.962998987512426,13.985580292095928,3.562937276990274,3.302304680442717
238.43179090545405,15.0,14.0,14.973143004688943,13.984295960708968,4.062937276990274,2.802304680442717
238.63181757567673,15.0,14.0,14.972975938112915,13.974592354287909,3.562937276990274,2.302304680442717
238.83184424589945,15.0,14.0,14.961358872010857,13.969681784008264,3.062937276990274,2.802304680442717
239.03187091612213,15.0,14.0,14.962875896524848,13.974801082461276,3.562937276990274,3.302304680442717
239.23189758634484,15.0,14.0,14.97074983466765,13.985104944208162,4.062937276990274,3.802304680442717
239.43192425656753,15.0,14.0,14.988957837414313,13.99075379012907,4.562937276990274,3.302304680442717
239.63195092679024,15.0,14.0,14.997347233215686,13.993023933022481,4.062937276990274,2.802304680442717
239.83197759701292,15.0,14.0,15.004484545723503,14.000199983875559,4.206982794109625,3.302304680442717
240.03200426723564,15.0,14.0,15.004841734024168,14.012024119449778,3.706982794109625,3.802304680442717
240.23203093745832,15.0,14.0,15.002101013222427,14.017493185856747,3.206982794109625,3.398305168319876
240.432057607681,15.0,14.0,14.9876789976274,14.020019788802347,2.706982794109625,2.898305168319876
240.63208427790372,15.0,14.0,14.980599309061489,14.024810836920313,3.1695059210532173,3.398305168319876
240.8321109481264,15.0,14.0,14.96036812799421,14.02672626041125,2.6695059210532173,2.898305168319876
241.0321376183491,15.0,14.0,14.953447964663221,14.020734029326182,3.1695059210532173,2.398305168319876
241.2321642885718,15.0,14.0,14.955512624959862,14.021445294671963,3.6695059210532173,2.898305168319876
241.4321909587945,15.0,14.0,14.964890214962141,14.021762701596806,4.169505921053217,2.880142199573991
241.6322176290172,15.0,14.0,14.979134829445332,14.021089848883086,4.305849382520235,2.8527894259209927
241.83224429923987,15.0,14.0,14.996447613215844,14.015121128028767,4.769015055611035,2.5246033177157274
242.0322709694626,15.0,14.0,15.009472356664395,14.017569797460022,4.269015055611035,3.0246033177157274
242.23229763968527,15.0,14.0,15.011544227532838,14.013613905871605,3.7690150556110353,2.5246033177157274
242.43232430990798,15.0,14.0,15.006395275929078,14.003154691083212,3.2690150556110353,2.0246033177157274
242.63235098013067,15.0,14.0,15.008229218082764,13.982359502950922,3.7690150556110353,1.5246033177157274
242.83237765035338,15.0,14.0,15.003650727690502,13.970648003012117,3.2690150556110353,2.0246033177157274
243.03240432057606,15.0,14.0,14.992328055327794,13.96978507667045,2.7690150556110353,2.5246033177157274
243.23243099079878,15.0,14.0,14.985106390628347,13.971424617307768,3.2690150556110353,3.0246033177157274
243.43245766102146,15.0,14.0,14.984550217398768,13.98213869837154,3.57739355366597,3.5246033177157274
243.63248433124414,15.0,14.0,14.98070774515829,13.998444428604023,3.07739355366597,4.024603317715727
243.83251100146686,15.0,14.0,14.980019046447923,14.020920382635348,3.306142430155644,4.524603317715727
244.03253767168954,15.0,14.0,14.98371377042639,14.034751129917076,3.7208551659707245,4.0559936048802845
244.23256434191225,15.0,14.0,14.982319507873088,14.04169542467541,3.2208551659707245,3.5559936048802845
244.43259101213494,15.0,14.0,14.972254182522951,14.04551299314769,2.7208551659707245,3.0559936048802845
244.63261768235765,15.0,14.0,14.964985228186325,14.054405968827687,3.17494192126331,3.5559936048802845
244.83264435258033,15.0,14.0,14.971390639931249,14.05575379737621,3.67494192126331,3.0559936048802845
245.03267102280304,15.0,14.0,14.979672361771325,14.051833918062364,4.17494192126331,2.5559936048802845
245.23269769302573,15.0,14.0,14.978191935984146,14.042188764829431,3.6749419212633097,2.0559936048802845
245.4327243632484,15.0,14.0,14.986552993376801,14.030874901664554,4.17494192126331,1.899696413086203
245.63275103347112,15.0,14.0,14.987172783083114,14.023289541360505,3.6749419212633097,2.399696413086203
245.8327777036938,15.0,14.0,14.982051494285674,14.024874375727013,3.1749419212633097,2.899696413086203
246.03280437391652,15.0,14.0,14.98520227118885,14.03419499082128,3.6749419212633097,3.399696413086203
246.2328310441392,15.0,14.0,14.975831000957887,14.034683791900422,3.1749419212633097,2.899696413086203
246.43285771436192,15.0,14.0,14.977641575718785,14.029382849871679,3.49387904089861,2.399696413086203
246.6328843845846,15.0,14.0,14.96755067931641,14.017044233249475,2.99387904089861,1.899696413086203
246.83291105480728,15.0,14.0,14.966511396876488,14.007503266864415,3.49387904089861,2.399696413086203
247.03293772503,15.0,14.0,14.95930638112943,14.007745498855913,2.99387904089861,2.899696413086203
247.23296439525268,15.0,14.0,14.953104806256079,14.001252095218868,3.3030460803588904,2.399696413086203
247.4329910654754,15.0,14.0,14.957549965626798,13.998351909400052,3.8030460803588904,2.8888795511960343
247.63301773569808,15.0,14.0,14.96299256950926,14.006556460641006,3.8560463873985404,3.3888795511960343
247.8330444059208,15.0,14.0,14.962040239369397,14.003405445318165,3.3560463873985404,2.8888795511960343
248.03307107614347,15.0,14.0,14.966971546923807,13.99545260078907,3.8560463873985404,2.3888795511960343
248.23309774636618,15.0,14.0,14.979943372068323,13.994426142454273,4.35604638739854,2.8888795511960343
248.43312441658887,15.0,14.0,14.998886530293548,13.990280748684828,4.621170135312078,2.6407516035202008
248.63315108681155,15.0,14.0,15.005680208270782,13.994727766261091,4.121170135312078,3.1407516035202008
248.83317775703426,15.0,14.0,15.008173518434356,14.00154349697258,3.621170135312078,3.6407516035202008
249.03320442725695,15.0,14.0,15.021375977197911,14.012687390258984,4.121170135312078,3.9964478171621565
249.23323109747966,15.0,14.0,15.022650198048884,14.024001844767652,3.632935574400406,3.4964478171621565
249.43325776770234,15.0,14.0,15.012403248242324,14.023754371714418,3.132935574400406,2.9964478171621565
249.63328443792506,15.0,14.0,15.011467573742053,14.029808179287597,3.632935574400406,3.4964478171621565
249.83331110814774,15.0,14.0,15.005325021121402,14.045369032223757,3.132935574400406,3.9964478171621565
250.03333777837045,15.0,14.0,15.009342184290395,14.054086572161133,3.632935574400406,3.4964478171621565
250.23336444859314,15.0,14.0,15.002225364707568,14.068810043918988,3.132935574400406,3.9964478171621565
250.43339111881582,15.0,14.0,14.99744072724373,14.077043239113607,3.632935574400406,3.4964478171621565
250.63341778903853,15.0,14.0,15.00307952856423,14.081858709591442,4.132935574400406,2.9964478171621565
250.83344445926122,15.0,14.0,15.003782604801598,14.088191348728632,3.632935574400406,3.4964478171621565
251.03347112948393,15.0,14.0,15.011716403360928,14.08987692940885,4.132935574400406,2.9964478171621565
251.2334977997066,15.0,14.0,15.017470378331492,14.084633223092245,3.632935574400406,2.4964478171621565
251.43352446992932,15.0,14.0,15.009780920873087,14.074222172213315,3.132935574400406,1.9964478171621565
251.633551140152,15.0,14.0,15.01120892811647,14.058095168039893,3.632935574400406,1.4964478171621565
251.83357781037472,15.0,14.0,15.004765118749255,14.047406408100722,3.132935574400406,1.9964478171621565
252.0336044805974,15.0,14.0,15.004672676551456,14.041499391019608,3.632935574400406,2.4964478171621565
252.2336311508201,15.0,14.0,15.013226096775874,14.031953525381121,4.132935574400406,1.9964478171621565
252.4336578210428,15.0,14.0,15.013018459012141,14.013514022307824,3.632935574400406,1.4964478171621565
252.63368449126548,15.0,14.0,15.008549907026673,14.002532928143813,3.3459866557916094,1.9964478171621565
252.8337111614882,15.0,14.0,14.995249062608975,13.996194233155649,2.8459866557916094,2.4964478171621565
253.03373783171088,15.0,14.0,14.994160362816608,13.985138692003378,3.3459866557916094,1.9964478171621565
253.2337645019336,15.0,14.0,14.978808457307212,13.985492801853779,2.8459866557916094,2.4964478171621565
253.43379117215628,15.0,14.0,14.956659193464976,13.989781441590019,2.3459866557916094,2.9964478171621565
253.63381784237896,15.0,14.0,14.945712594673617,13.984418222023924,2.8459866557916094,2.4964478171621565
253.83384451260167,15.0,14.0,14.946107205504292,13.981255197050414,3.3459866557916094,2.3900437156335617
254.03387118282436,15.0,14.0,14.946430695416966,13.980826761411262,3.8459866557916094,2.8900437156335617
254.23389785304707,15.0,14.0,14.943225105339097,13.98655317660463,3.3459866557916094,3.3900437156335617
254.43392452326975,15.0,14.0,14.931832576877696,13.986878895677068,2.8459866557916094,2.8900437156335617
254.63395119349246,15.0,14.0,14.929453584155404,13.996273236953678,3.30824991117644,3.3900437156335617
254.83397786371515,15.0,14.0,14.933773206646261,13.996758986211296,3.80824991117644,2.8900437156335617
255.03400453393786,15.0,14.0,14.927859665148379,13.989331094016714,3.30824991117644,2.3900437156335617
255.23403120416054,15.0,14.0,14.935467315768024,13.988913204557251,3.80824991117644,2.8900437156335617
255.43405787438323,15.0,14.0,14.949875299332911,13.97758218566005,4.30824991117644,2.3900437156335617
255.63408454460594,15.0,14.0,14.95093118835035,13.964042359061377,3.80824991117644,1.8900437156335617
255.83411121482862,15.0,14.0,14.9475784106684,13.958239819913766,3.30824991117644,2.3900437156335617
256.03413788505134,15.0,14.0,14.94754842508726,13.954882291635021,3.5454205391699163,2.6419340525547685
256.23416455527405,15.0,14.0,14.94185630024749,13.958225572251353,3.0454205391699163,3.1419340525547685
256.4341912254967,15.0,14.0,14.94375704529131,13.955939333555687,3.5454205391699163,2.6419340525547685
256.6342178957194,15.0,14.0,14.952040601545427,13.960422726957905,4.045420539169916,3.1419340525547685
256.83424456594213,15.0,14.0,14.950320863930147,13.968704956797954,3.545420539169916,3.6419340525547685
257.0342712361648,15.0,14.0,14.950048134211636,13.970589135587154,3.6304484910501587,3.1419340525547685
257.2342979063875,15.0,14.0,14.961514809129618,13.977977735667466,4.130448491050158,3.6419340525547685
257.4343245766102,15.0,14.0,14.96556669264825,13.99650219844562,3.630448491050158,4.1419340525547685
257.6343512468329,15.0,14.0,14.962400711472355,14.0112371653702,3.130448491050158,4.147995917770266
257.8343779170556,15.0,14.0,14.96220257065571,14.020263843809996,3.630448491050158,3.647995917770266
258.0344045872783,15.0,14.0,14.964930245696753,14.034784294653011,3.5926466484549024,4.147995917770266
258.234431257501,15.0,14.0,14.956947096309857,14.041449136701344,3.0926466484549024,3.647995917770266
258.4344579277237,15.0,14.0,14.939907180110538,14.043742722639243,2.5926466484549024,3.147995917770266
258.63448459794637,15.0,14.0,14.90985508785671,14.0457244788857,2.0926466484549024,3.15729105667378
258.8345112681691,15.0,14.0,14.89614300796576,14.044259707061913,2.5926466484549024,2.65729105667378
259.0345379383918,15.0,14.0,14.889027353668665,14.044888274188372,3.0926466484549024,3.15729105667378
259.23456460861445,15.0,14.0,14.870204006657485,14.053176283433148,2.5926466484549024,3.65729105667378
259.43459127883716,15.0,14.0,14.861557449665902,14.055249467323776,3.0926466484549024,3.2132059166344322
259.6346179490599,15.0,14.0,14.845053689159238,14.061026584182972,2.5926466484549024,3.263810193926755
259.8346446192826,15.0,14.0,14.833535576141237,14.059304814805174,3.0926466484549024,2.763810193926755
260.03467128950524,15.0,14.0,14.83991539097717,14.04908746314376,3.5926466484549024,2.263810193926755
260.23469795972795,15.0,14.0,14.851958190817605,14.03921694308881,4.0926466484549024,2.3586118671290577
260.43472462995067,15.0,14.0,14.868610779191693,14.039092263766262,4.5926466484549024,2.8586118671290577
260.6347513001733,15.0,14.0,14.892329755208197,14.031868125961951,5.0926466484549024,2.3586118671290577
260.83477797039603,15.0,14.0,14.909173221906947,14.031745056821478,4.5926466484549024,2.8586118671290577
261.03480464061874,15.0,14.0,14.92088238766121,14.037858478420683,4.0926466484549024,3.3586118671290577
261.23483131084146,15.0,14.0,14.938311947102958,14.05131581321811,4.5926466484549024,3.8586118671290577
261.4348579810641,15.0,14.0,14.949652093951794,14.059260645806342,4.0926466484549024,3.4940464951423147
261.6348846512868,15.0,14.0,14.949669078047506,14.061153024910528,3.5926466484549024,2.9940464951423147
261.83491132150954,15.0,14.0,14.948242323293393,14.058044389165925,3.7414017614274386,2.4940464951423147
262.0349379917322,15.0,14.0,14.945617780085406,14.057220818431466,3.2414017614274386,2.9940464951423147
262.2349646619549,15.0,14.0,14.95105303370923,14.053820151875055,3.7414017614274386,2.4940464951423147
262.4349913321776,15.0,14.0,14.959246879855563,14.043022902960786,4.241401761427438,1.9940464951423147
262.63501800240033,15.0,14.0,14.961910288373288,14.034616587454247,3.741401761427438,2.4940464951423147
262.835044672623,15.0,14.0,14.972605439422736,14.035461980416162,4.241401761427438,2.965152560305686
263.0350713428457,15.0,14.0,14.972059506596262,14.029111346037034,3.741401761427438,2.465152560305686
263.2350980130684,15.0,14.0,14.977612608901747,14.02714619625567,3.9920691811270768,2.965152560305686
263.4351246832911,15.0,14.0,14.989681852728017,14.02351582024512,4.492069181127077,2.8022516656033662
263.6351513535138,15.0,14.0,14.994033560404091,14.028617012961435,3.9920691811270768,3.3022516656033662
263.8351780237365,15.0,14.0,14.99325993709801,14.024597191704833,3.4920691811270768,2.8022516656033662
264.0352046939592,15.0,14.0,14.99735234175002,14.019351339621595,3.9920691811270768,2.3022516656033662
264.23523136418186,15.0,14.0,14.991313298756875,14.01504677378342,3.4920691811270768,2.8022516656033662
264.43525803440457,15.0,14.0,14.987052312631562,14.0051130355127,3.0560982227716385,2.3022516656033662
264.6352847046273,15.0,14.0,14.98119449883329,14.003075453684112,3.3647017335091656,2.8022516656033662
264.83531137485,15.0,14.0,14.98406233765246,14.002137246217117,3.8647017335091656,2.6292262590538944
265.03533804507265,15.0,14.0,14.994659283810885,14.00446703147394,4.301849251897751,3.1292262590538944
265.23536471529536,15.0,14.0,14.998856418463683,14.014015887130903,3.8018492518977514,3.6292262590538944
265.4353913855181,15.0,14.0,14.998606968549408,14.01507479866845,3.715443005578327,3.1292262590538944
265.63541805574073,15.0,14.0,15.011721301054136,14.016762447797463,4.215443005578328,3.2603900981091196
265.83544472596344,15.0,14.0,15.023048713151388,14.017145065151988,4.269717585680163,2.7603900981091196
266.03547139618615,15.0,14.0,15.030325044150493,14.022235725762963,3.769717585680163,3.2603900981091196
266.23549806640887,15.0,14.0,15.039618899687149,14.022967602657042,4.000211308842668,2.7603900981091196
266.4355247366315,15.0,14.0,15.038129752205515,14.014144633578558,3.500211308842668,2.2603900981091196
266.63555140685423,15.0,14.0,15.039213889841216,14.013594587240235,3.706302097203141,2.7603900981091196
266.83557807707695,15.0,14.0,15.033587865776084,14.018501114502556,3.206302097203141,3.2603900981091196
267.0356047472996,15.0,14.0,15.038737208442914,14.017985833146717,3.706302097203141,2.7603900981091196
267.2356314175223,15.0,14.0,15.033529183070682,14.010455867519784,3.206302097203141,2.2603900981091196
267.435658087745,15.0,14.0,15.017418948066743,14.007680461037342,2.706302097203141,2.7603900981091196
267.63568475796774,15.0,14.0,15.00907468744866,14.009711117084422,3.206302097203141,3.2603900981091196
267.8357114281904,15.0,14.0,14.997283127233011,14.007348779874208,2.853349580580512,2.7700448895690557
268.0357380984131,15.0,14.0,14.998561997077623,13.997923515658593,3.353349580580512,2.2700448895690557
268.2357647686358,15.0,14.0,14.984520103264265,13.993794392396909,2.853349580580512,2.7700448895690557
268.43579143885853,15.0,14.0,14.964660345432472,13.996046308767466,2.353349580580512,3.2700448895690557
268.6358181090812,15.0,14.0,14.95219440387597,13.993782879198061,2.853349580580512,2.7700448895690557
268.8358447793039,15.0,14.0,14.943863251494662,13.98742937487204,3.353349580580512,2.2700448895690557
269.0358714495266,15.0,14.0,14.936883482144548,13.98431529206464,3.000285896820297,2.7700448895690557
269.23589811974927,15.0,14.0,14.932264171686409,13.977670635447,3.500285896820297,2.3743215112853036
269.435924789972,15.0,14.0,14.94006496264826,13.978577755142426,3.880741680227759,2.8743215112853036
269.6359514601947,15.0,14.0,14.945082290280318,13.972166066366555,3.922949245817438,2.4089595096523184
269.8359781304174,15.0,14.0,14.952842430236013,13.97517379522643,4.125621645224448,2.9089595096523184
270.03600480064006,15.0,14.0,14.963753884347089,13.974385181078816,4.241653138094976,2.4089595096523184
270.23603147086277,15.0,14.0,14.979684794511705,13.973566527404419,4.741653138094976,2.9089595096523184
270.4360581410855,15.0,14.0,14.988018165689306,13.981917253390101,4.241653138094976,3.4089595096523184
270.63608481130814,15.0,14.0,14.99072335934634,13.984223563632245,3.9199225439902183,2.9089595096523184
270.83611148153085,15.0,14.0,14.991230529586664,13.979323502243792,3.4199225439902183,2.4089595096523184
271.03613815175356,15.0,14.0,14.979531878198705,13.980861147246701,2.9199225439902183,2.9089595096523184
271.2361648219763,15.0,14.0,14.979487659462324,13.98889194960543,3.4199225439902183,3.4089595096523184
271.43619149219893,15.0,14.0,14.984069800703825,13.98574566701427,3.9199225439902183,2.9089595096523184
271.63621816242164,15.0,14.0,14.98237438699137,13.990733703578499,3.4199225439902183,3.4089595096523184
271.83624483264435,15.0,14.0,14.975469415340413,14.003133217958505,2.9199225439902183,3.9089595096523184
272.036271502867,15.0,14.0,14.956154987455974,14.008875576041504,2.4199225439902183,3.4089595096523184
272.2362981730897,15.0,14.0,14.948334352135491,14.006236981721313,2.9199225439902183,2.9089595096523184
272.43632484331243,15.0,14.0,14.94697430499639,13.998346291591742,3.4199225439902183,2.4089595096523184
272.63635151353515,15.0,14.0,14.953491793524476,13.985238115283941,3.9199225439902183,1.9089595096523184
272.8363781837578,15.0,14.0,14.963203255631027,13.980537495061867,4.137820002587116,2.4089595096523184
273.0364048539805,15.0,14.0,14.97512758149644,13.969369695933382,4.405210425092136,2.0982772059822072
273.2364315242032,15.0,14.0,14.97837095158997,13.967707424161983,3.905210425092136,2.5982772059822072
273.43645819442594,15.0,14.0,14.971541682006796,13.956177843841282,3.405210425092136,2.0982772059822072
273.6364848646486,15.0,14.0,14.97646211086924,13.937748972106858,3.905210425092136,1.5982772059822072
273.8365115348713,15.0,14.0,14.972328006137749,13.927974543714734,3.405210425092136,2.0982772059822072
274.036538205094,15.0,14.0,14.961572683131584,13.911542601682664,2.905210425092136,1.5982772059822072
274.2365648753167,15.0,14.0,14.961977714956614,13.902165962035951,3.387888666397001,2.0982772059822072
274.4365915455394,15.0,14.0,14.968666491757217,13.898416350668176,3.887888666397001,2.5982772059822072
274.6366182157621,15.0,14.0,14.968676422699138,13.902965841060135,3.387888666397001,3.0982772059822072
274.8366448859848,15.0,14.0,14.9739421752565,13.89903340087252,3.887888666397001,2.5982772059822072
275.03667155620747,15.0,14.0,14.971239772937238,13.90368625978907,3.387888666397001,3.0982772059822072
275.2366982264302,15.0,14.0,14.971601910395133,13.905367215143482,3.887888666397001,3.0447333945486554
275.4367248966529,15.0,14.0,14.984407362237212,13.91394817172664,4.387888666397001,3.5447333945486554
275.63675156687555,15.0,14.0,14.991685347751844,13.927265431281791,3.887888666397001,4.044733394548656
275.83677823709826,15.0,14.0,14.989206788599194,13.937665435216703,3.387888666397001,3.544733394548656
276.03680490732097,15.0,14.0,14.995921430758674,13.942942923972737,3.887888666397001,3.2188979466973646
276.2368315775437,15.0,14.0,15.007273590966637,13.947063821459713,4.387888666397001,3.246026059558196
276.43685824776634,15.0,14.0,15.012129050657537,13.955517297718433,3.887888666397001,3.746026059558196
276.63688491798905,15.0,14.0,15.00856886290771,13.96240444332542,3.387888666397001,3.4406187783087088
276.83691158821176,15.0,14.0,15.009824529208954,13.976284639814086,3.6501806064521967,3.9406187783087088
277.0369382584344,15.0,14.0,15.002114711044669,13.991609660349978,3.2193721608298436,4.225211335876654
277.23696492865713,15.0,14.0,15.007972473872504,14.008995507241487,3.7193721608298436,4.293526708569065
277.43699159887984,15.0,14.0,14.997762582732754,14.018322422771778,3.2193721608298436,3.7935267085690647
277.63701826910255,15.0,14.0,14.986329938704216,14.024733812102768,2.9750783449881215,3.2935267085690647
277.8370449393252,15.0,14.0,14.978435788633034,14.036095593090678,3.146064525000584,3.7935267085690647
278.0370716095479,15.0,14.0,14.980658443576838,14.040016817626425,3.646064525000584,3.2935267085690647
278.23709827977063,15.0,14.0,14.971443198725645,14.04075341015808,3.146064525000584,2.7935267085690647
278.43712494999335,15.0,14.0,14.967989369447837,14.040759815250137,3.398728546257691,2.740393600575707
278.637151620216,15.0,14.0,14.952383848486344,14.039608409748144,2.898728546257691,3.040514525979064
278.8371782904387,15.0,14.0,14.934707346005023,14.034186571577376,2.398728546257691,2.540514525979064
279.0372049606614,15.0,14.0,14.921813205493974,14.023383558832744,2.898728546257691,2.040514525979064
279.2372316308841,15.0,14.0,14.91981117911459,14.011161459606573,3.398728546257691,1.5405145259790638
279.4372583011068,15.0,14.0,14.907617744037895,13.998509310867206,2.898728546257691,2.040514525979064
279.6372849713295,15.0,14.0,14.900167249509414,13.982980020920634,3.398728546257691,1.7582012673112173
279.8373116415522,15.0,14.0,14.889551887254639,13.97335779775973,2.898728546257691,2.2582012673112173
280.0373383117749,15.0,14.0,14.885579360500385,13.968391884533062,3.398728546257691,2.7582012673112173
280.2373649819976,15.0,14.0,14.889053596799362,13.961429689671053,3.898728546257691,2.2582012673112173
280.4373916522203,15.0,14.0,14.901167076365846,13.961284782166652,4.398728546257691,2.7582012673112173
280.63741832244295,15.0,14.0,14.906306152493595,13.964817729872044,3.967237120400046,3.2582012673112173
280.83744499266567,15.0,14.0,14.90330008673412,13.976105545001793,3.467237120400046,3.7582012673112173
281.0374716628884,15.0,14.0,14.909629078402807,13.981997021591672,3.967237120400046,3.2582012673112173
281.2374983331111,15.0,14.0,14.925748086509966,13.974739150282772,4.467237120400046,2.7582012673112173
281.43752500333375,15.0,14.0,14.953925085952061,13.977798805064609,4.963556390950156,3.2582012673112173
281.63755167355646,15.0,14.0,14.972109937492174,13.987205703093826,4.463556390950156,3.7582012673112173
281.83757834377917,15.0,14.0,14.990556349278577,14.003747910973715,4.718619158729737,4.258201267311217
282.0376050140019,15.0,14.0,15.004739281292595,14.012554309998276,4.218619158729737,3.7582012673112173
282.23763168422454,15.0,14.0,15.005558016098286,14.024991173082276,3.7186191587297373,3.910183815692809
282.43765835444725,15.0,14.0,15.022367680909788,14.043761137578006,4.218619158729737,4.410183815692809
282.63768502466996,15.0,14.0,15.04021551682772,14.061982202601309,4.718619158729737,4.415113671371631
282.8377116948926,15.0,14.0,15.067751939489801,14.07687972821078,5.070758755733605,3.915113671371631
283.03773836511533,15.0,14.0,15.092686282672005,14.086224391676819,4.910204386745704,3.415113671371631
283.23776503533804,15.0,14.0,15.10753619896564,14.096091918655052,4.410204386745704,3.7802054160992564
283.43779170556076,15.0,14.0,15.113067250588722,14.098789601723245,3.910204386745704,3.2802054160992564
283.6378183757834,15.0,14.0,15.110078612634284,14.100238948223822,3.410204386745704,2.7802054160992564
283.8378450460061,15.0,14.0,15.108640291622754,14.092186466923451,3.5172740957368482,2.2802054160992564
284.03787171622884,15.0,14.0,15.103305374820485,14.077384713222987,3.0172740957368482,1.7802054160992564
284.2378983864515,15.0,14.0,15.087863391437947,14.05910009910912,2.5172740957368482,1.2802054160992564
284.4379250566742,15.0,14.0,15.081987128126459,14.029601190427304,3.0172740957368482,0.7802054160992565
284.6379517268969,15.0,14.0,15.06669944922503,14.013550636758021,2.5172740957368482,1.2802054160992564
284.8379783971196,15.0,14.0,15.045395279298615,13.999687689838039,2.406764938882362,1.7802054160992564
285.0380050673423,15.0,14.0,15.037601061580514,13.982038636390932,2.906764938882362,1.2802054160992564
285.238031737565,15.0,14.0,15.014678086244524,13.971102330143763,2.406764938882362,1.7802054160992564
285.4380584077877,15.0,14.0,15.006165873539492,13.965931240305082,2.906764938882362,2.2802054160992564
285.63808507801036,15.0,14.0,14.984860040056535,13.965767496233427,2.4809614485365774,2.7802054160992564
285.8381117482331,15.0,14.0,14.97601797457535,13.969361743653664,2.8895653878477168,3.2802054160992564
286.0381384184558,15.0,14.0,14.960061454165757,13.980104116375776,2.3895653878477168,3.7802054160992564
286.2381650886785,15.0,14.0,14.940007526390291,13.996869447199089,2.5332664772455713,4.280205416099257
286.43819175890116,15.0,14.0,14.931068061955555,14.008319138017749,3.0332664772455713,3.780205416099257
286.63821842912387,15.0,14.0,14.931978901769606,14.021437983924613,3.5332664772455713,4.280205416099257
286.8382450993466,15.0,14.0,14.941851641744048,14.030287065773564,4.033266477245571,3.780205416099257
287.0382717695693,15.0,14.0,14.955355769236604,14.0366725921649,4.2695571919498905,3.280205416099257
287.23829843979195,15.0,14.0,14.962375557588722,14.03672071905411,3.7695571919498905,2.780205416099257
287.43832511001466,15.0,14.0,14.974643930168083,14.040191326506736,4.2695571919498905,3.280205416099257
287.6383517802374,15.0,14.0,14.986214905286062,14.0501146331218,4.196875012192153,3.780205416099257
287.83837845046,15.0,14.0,14.98987454965229,14.052093733450704,3.6968750121921534,3.280205416099257
288.03840512068274,15.0,14.0,15.000678494320827,14.050230286242254,4.196875012192153,2.780205416099257
288.23843179090545,15.0,14.0,15.001341455878325,14.043728630773117,3.6968750121921534,2.280205416099257
288.43845846112816,15.0,14.0,14.998047568607511,14.035510108760318,3.1968750121921534,1.7802054160992569
288.6384851313508,15.0,14.0,14.993159590659772,14.028119300491616,3.2462634276698585,2.280205416099257
288.83851180157353,15.0,14.0,14.989876176394091,14.024741233120432,3.268295717835275,2.780205416099257
289.03853847179624,15.0,14.0,14.996801478486462,14.017861988850948,3.768295717835275,2.280205416099257
289.2385651420189,15.0,14.0,14.985286248973075,14.00642042044579,3.268295717835275,1.8968595189726414
289.4385918122416,15.0,14.0,14.976926467446342,13.99806331699582,2.768295717835275,2.3968595189726414
289.6386184824643,15.0,14.0,14.959297725476828,13.993628657649934,2.268295717835275,2.556522289552977
289.83864515268704,15.0,14.0,14.947061689122853,13.981684931413477,2.768295717835275,2.056522289552977
290.0386718229097,15.0,14.0,14.94451760445429,13.968121672874116,3.268295717835275,1.556522289552977
290.2386984931324,15.0,14.0,14.94481154865247,13.956853135114605,3.768295717835275,2.056522289552977
290.4387251633551,15.0,14.0,14.953740063207404,13.952200273454235,4.268295717835275,2.556522289552977
290.63875183357777,15.0,14.0,14.971162091199979,13.951812457936587,4.768295717835275,3.056522289552977
290.8387785038005,15.0,14.0,14.9828568421546,13.962436758803685,4.268295717835275,3.556522289552977
291.0388051740232,15.0,14.0,15.000963496820368,13.965468607370907,4.768295717835275,3.056522289552977
291.2388318442459,15.0,14.0,15.01482648279648,13.957309563825548,4.268295717835275,2.556522289552977
291.43885851446856,15.0,14.0,15.015011996856412,13.959384380324778,3.768295717835275,3.056522289552977
291.6388851846913,15.0,14.0,15.006744951867072,13.966581041150334,3.268295717835275,3.556522289552977
291.838911854914,15.0,14.0,14.997593097308858,13.98278011354566,2.7739408593832438,4.0565222895529764
292.0389385251367,15.0,14.0,14.9918267846268,13.988068652519727,3.2739408593832438,3.5565222895529764
292.23896519535936,15.0,14.0,14.99191693568743,13.98941039437548,3.546967416889699,3.0565222895529764
292.43899186558207,15.0,14.0,14.990145258406063,13.98602550165541,3.3653378598323545,2.5565222895529764
292.6390185358048,15.0,14.0,14.979021175818664,13.976846498286902,2.8653378598323545,2.0565222895529764
292.83904520602744,15.0,14.0,14.976771304703504,13.958526364718269,3.3653378598323545,1.5565222895529764
293.03907187625015,15.0,14.0,14.9657925288883,13.950295924031323,3.3519821951231745,2.0565222895529764
293.23909854647286,15.0,14.0,14.969699091382674,13.934319332859168,3.8519821951231745,1.5565222895529764
293.4391252166956,15.0,14.0,14.967763191918976,13.920450965833547,3.35248513834709,1.851368206166017
293.6391518869182,15.0,14.0,14.952015475605519,13.910904631670759,2.85248513834709,2.351368206166017
293.83917855714094,15.0,14.0,14.950767785600704,13.910283431575522,3.35248513834709,2.851368206166017
294.03920522736365,15.0,14.0,14.959006781223813,13.915957502030336,3.85248513834709,3.351368206166017
294.2392318975863,15.0,14.0,14.952998373537845,13.929256658743999,3.451863472149574,3.851368206166017
294.439258567809,15.0,14.0,14.956579250357635,13.945166770398915,3.951863472149574,3.902449391894161
294.63928523803173,15.0,14.0,14.971804116928105,13.958855394262526,4.451863472149574,4.022295425078486
294.83931190825444,15.0,14.0,14.997777862563902,13.972798265913012,4.951863472149574,4.188457892044911
295.0393385784771,15.0,14.0,15.010595521641982,13.985354412888586,4.451863472149574,3.865529780297182
295.2393652486998,15.0,14.0,15.016233603926814,14.003558411623759,3.951863472149574,4.365529780297182
295.4393919189225,15.0,14.0,15.018271449143485,14.016845813786487,3.579099504789742,3.865529780297182
295.6394185891452,15.0,14.0,15.03037640948227,14.020854009062294,4.079099504789742,3.365529780297182
295.8394452593679,15.0,14.0,15.04788897386107,14.029146926941323,4.579099504789742,3.54538364113285
296.0394719295906,15.0,14.0,15.053499397663172,14.037372187355967,4.079099504789742,3.691377633523962
296.2394985998133,15.0,14.0,15.058523439042437,14.048091843724835,3.579099504789742,3.7119306562861376
296.439525270036,15.0,14.0,15.06958962126856,14.050252139263199,4.079099504789742,3.2119306562861376
296.6395519402587,15.0,14.0,15.071237152048838,14.04931888066676,3.6748853055339223,2.7119306562861376
296.8395786104814,15.0,14.0,15.062304204556384,14.048418111448276,3.1748853055339223,2.9742350178858334
297.0396052807041,15.0,14.0,15.066287687558761,14.043618615855358,3.6748853055339223,2.4742350178858334
297.23963195092676,15.0,14.0,15.058989979339106,14.040420543227617,3.1748853055339223,2.4533950933353093
297.4396586211495,15.0,14.0,15.037312741199107,14.044528524085075,2.6748853055339223,2.9533950933353093
297.6396852913722,15.0,14.0,15.013960948131137,14.038819111897732,2.1748853055339223,2.609551405658476
297.83971196159484,15.0,14.0,14.993107063182649,14.028007896765251,2.2418299824557097,2.109551405658476
298.03973863181756,15.0,14.0,14.975964472417916,14.010162354332017,2.3572512893009834,1.6095514056584759
298.23976530204027,15.0,14.0,14.96417008163782,13.99417526072087,2.8572512893009834,1.68130822744864
298.439791972263,15.0,14.0,14.961662052006934,13.980011993432708,3.3572512893009834,1.8665482299808942
298.63981864248564,15.0,14.0,14.953288148441464,13.9742463464034,2.8572512893009834,2.366548229980894
298.83984531270835,15.0,14.0,14.95033701664052,13.974204375470007,3.3572512893009834,2.866548229980894
299.03987198293106,15.0,14.0,14.9499274115221,13.967967239853222,3.600361702459156,2.366548229980894
299.2398986531537,15.0,14.0,14.957871548901927,13.964757800990572,4.100361702459156,2.6756985629229177
299.43992532337643,15.0,14.0,14.959479629558244,13.96909009523043,3.600361702459156,3.1756985629229177
299.63995199359914,15.0,14.0,14.963624963757152,13.978830056160348,3.782882783383921,3.6756985629229177
299.83997866382185,15.0,14.0,14.971905883801876,13.986757897814002,3.8212092379454874,3.6662367175929607
300.0400053340445,15.0,14.0,14.984234511647173,13.989888844061609,4.321209237945487,3.1662367175929607
300.2400320042672,15.0,14.0,15.002898549317436,13.995097678864195,4.821209237945487,3.6662367175929607
300.44005867448993,15.0,14.0,15.024013401471302,14.01069069940064,4.798584535419619,4.166236717592961
300.6400853447126,15.0,14.0,15.036824754852857,14.033969298989247,4.298584535419619,4.666236717592961
300.8401120149353,15.0,14.0,15.055889460686508,14.049080622189912,4.798584535419619,4.166236717592961
301.040138685158,15.0,14.0,15.087444123930796,14.069117776814803,5.298584535419619,4.666236717592961
301.2401653553807,15.0,14.0,15.110616863694288,14.089305420266163,4.798584535419619,4.481379859894012
301.4401920256034,15.0,14.0,15.123228290478675,14.107700408908263,4.298584535419619,4.235572964119496
301.6402186958261,15.0,14.0,15.133910356843193,14.12019853201858,3.798584535419619,3.7355729641194957
301.8402453660488,15.0,14.0,15.127355383383648,14.126629858758758,3.298584535419619,3.2355729641194957
302.0402720362715,15.0,14.0,15.115904947337302,14.126366113961181,2.798584535419619,2.7355729641194957
302.2402987064942,15.0,14.0,15.09253434930141,14.11517708759843,2.298584535419619,2.2355729641194957
302.4403253767169,15.0,14.0,15.063119398193468,14.101168163313192,2.0165199047921116,1.7355729641194957
302.6403520469396,15.0,14.0,15.047581821297054,14.078890668632354,2.5165199047921116,1.2355729641194957
302.84037871716225,15.0,14.0,15.038602295293705,14.063904239059108,3.0165199047921116,1.7355729641194957
303.04040538738496,15.0,14.0,15.02176746379722,14.041108435381947,2.5165199047921116,1.2355729641194957
303.2404320576077,15.0,14.0,15.010661478603726,14.026140515631464,3.0165199047921116,1.7355729641194957
303.4404587278304,15.0,14.0,14.992443411331315,14.000051238778067,2.5165199047921116,1.2355729641194957
303.64048539805304,15.0,14.0,14.980648481128425,13.98607510518596,3.0165199047921116,1.7355729641194957
303.84051206827576,15.0,14.0,14.965435025731956,13.978405979426583,2.707156706930701,2.2355729641194957
304.04053873849847,15.0,14.0,14.941159031619385,13.975739008590013,2.207156706930701,2.7355729641194957
304.2405654087211,15.0,14.0,14.92907687625313,13.971917205059814,2.707156706930701,2.2355729641194957
304.44059207894384,15.0,14.0,14.921377742124461,13.96951267913435,3.207156706930701,2.7355729641194957
304.64061874916655,15.0,14.0,14.923951231736206,13.969873188162936,3.707156706930701,2.8070845993637414
304.84064541938926,15.0,14.0,14.92352120247165,13.965224651001012,3.38008285820298,2.655386090573385
305.0406720896119,15.0,14.0,14.928969652166337,13.964821814784743,3.88008285820298,3.155386090573385
305.24069875983463,15.0,14.0,14.940115738428569,13.97354902593248,4.38008285820298,3.655386090573385
305.44072543005734,15.0,14.0,14.96234978195723,13.97825783265505,4.88008285820298,3.2527981437296907
305.64075210028,15.0,14.0,14.973179768155623,13.988433679135936,4.38008285820298,3.7527981437296907
305.8407787705027,15.0,14.0,14.982401792320584,13.99211516280499,3.8800828582029796,3.2527981437296907
306.0408054407254,15.0,14.0,14.98884645579624,14.002422727144744,4.098501252592532,3.7527981437296907
306.24083211094813,15.0,14.0,14.995379978253151,14.009287769707448,4.262415428131459,3.2527981437296907
306.4408587811708,15.0,14.0,14.999290949822074,14.01395148793191,3.762415428131459,3.3389523940086105
306.6408854513935,15.0,14.0,14.99371894557178,14.025814634377035,3.283524598581776,3.6875968410837463
306.8409121216162,15.0,14.0,15.002302982712719,14.04119130008267,3.783524598581776,4.1005070787270474
307.0409387918389,15.0,14.0,15.016702282305666,14.05151928082126,4.283524598581776,3.6005070787270474
307.2409654620616,15.0,14.0,15.03744048434783,14.054776196332941,4.783524598581776,3.1005070787270474
307.4409921322843,15.0,14.0,15.054484216175585,14.050168004187507,4.283524598581776,2.6005070787270474
307.641018802507,15.0,14.0,15.054626295599688,14.053188800699184,3.783524598581776,3.1005070787270474
307.84104547272966,15.0,14.0,15.047609974163962,14.064263305527863,3.283524598581776,3.6005070787270474
308.0410721429524,15.0,14.0,15.03526682216987,14.072582335624908,2.783524598581776,3.8453341930102933
308.2410988131751,15.0,14.0,15.013424225599504,14.080809271766762,2.3731044646008854,3.3453341930102933
308.4411254833978,15.0,14.0,15.00151082767227,14.07839671542144,2.8731044646008854,2.8453341930102933
308.64115215362045,15.0,14.0,14.978697752345608,14.082027396708646,2.3731044646008854,3.3453341930102933
308.84117882384317,15.0,14.0,14.96728253700722,14.084682965372895,2.8731044646008854,2.8453341930102933
309.0412054940659,15.0,14.0,14.948432369360575,14.075824309107734,2.3731044646008854,2.3453341930102933
309.24123216428853,15.0,14.0,14.933002811486631,14.065741970016758,2.8731044646008854,2.0080817469950065
309.44125883451125,15.0,14.0,14.910791707623453,14.061226135325354,2.3731044646008854,2.5080817469950065
309.64128550473396,15.0,14.0,14.900888311046783,14.062924365755068,2.8731044646008854,3.0080817469950065
309.84131217495667,15.0,14.0,14.89425393276908,14.065028510267277,3.3731044646008854,2.992747402984481
310.0413388451793,15.0,14.0,14.899370485705964,14.07160262359054,3.8731044646008854,3.492747402984481
310.24136551540204,15.0,14.0,14.913405772970378,14.07638543152481,4.322387639576558,2.992747402984481
310.44139218562475,15.0,14.0,14.932657316141905,14.071353433968888,4.822387639576558,2.5314262063632573
310.6414188558474,15.0,14.0,14.949721713503257,14.07166342853576,4.322387639576558,3.0314262063632573
310.8414455260701,15.0,14.0,14.957769693669274,14.071047442706568,3.9703609852050286,2.5314262063632573
311.04147219629283,15.0,14.0,14.957903800654414,14.065015538505449,3.63392641352658,2.502216152501787
311.24149886651554,15.0,14.0,14.967787274385037,14.064918577999181,4.13392641352658,3.002216152501787
311.4415255367382,15.0,14.0,14.988265929370135,14.07215787739904,4.594532927798685,3.502216152501787
311.6415522069609,15.0,14.0,14.994391692884813,14.071124536104836,4.094532927798685,3.002216152501787
311.8415788771836,15.0,14.0,15.010776243227708,14.068230759951122,4.594532927798685,2.502216152501787
312.04160554740633,15.0,14.0,15.029526265462987,14.05222995576157,4.319645492949724,2.002216152501787
312.241632217629,15.0,14.0,15.034958437353458,14.042328627073069,3.819645492949724,2.472778587301472
312.4416588878517,15.0,14.0,15.048333134537835,14.042497295608971,4.319645492949724,2.972778587301472
312.6416855580744,15.0,14.0,15.0536048080904,14.036274901403626,3.819645492949724,2.472778587301472
312.84171222829707,15.0,14.0,15.06595818525643,14.037892612774964,4.319645492949724,2.972778587301472
313.0417388985198,15.0,14.0,15.070814850699275,14.034375758084536,3.819645492949724,2.7004523520677934
313.2417655687425,15.0,14.0,15.065773012795459,14.026385578145476,3.319645492949724,2.2004523520677934
313.4417922389652,15.0,14.0,15.054056405769472,14.021396940963314,2.819645492949724,2.7004523520677934
313.64181890918786,15.0,14.0,15.031776159454347,14.028598474135807,2.319645492949724,3.2004523520677934
313.8418455794106,15.0,14.0,15.003794608138042,14.025876454834238,1.819645492949724,2.7004523520677934
314.0418722496333,15.0,14.0,14.972352721947926,14.026016759827002,1.8404066673886,3.2004523520677934
314.24189891985594,15.0,14.0,14.95158587492953,14.031785522985357,2.3404066673886,3.312634728551215
314.44192559007865,15.0,14.0,14.937819686631489,14.030403433021794,2.8404066673886,2.812634728551215
314.64195226030137,15.0,14.0,14.934848716077653,14.034581981836554,3.3404066673886,3.312634728551215
314.8419789305241,15.0,14.0,14.922067549997529,14.032938102880541,2.8404066673886,2.812634728551215
315.04200560074673,15.0,14.0,14.919758255585164,14.024684080676803,3.3404066673886,2.312634728551215
315.24203227096945,15.0,14.0,14.922822567698294,14.01254385221079,3.8404066673886,2.005859698338444
315.44205894119216,15.0,14.0,14.935573306200942,14.003896407613789,4.3404066673886,2.505859698338444
315.6420856114148,15.0,14.0,14.94467550616998,14.005419196782325,3.8404066673886,3.005859698338444
315.8421122816375,15.0,14.0,14.94036269517044,14.000841753813855,3.3404066673886,2.611407076386313
316.04213895186024,15.0,14.0,14.942061965599947,14.002803008379642,3.8404066673886,3.059465649173875
316.24216562208295,15.0,14.0,14.937403521740723,13.999322609677245,3.3404066673886,2.5906719462574106
316.4421922923056,15.0,14.0,14.92336242494169,13.988460260740576,2.8404066673886,2.0906719462574106
316.6422189625283,15.0,14.0,14.919834218419235,13.985270372310566,3.3404066673886,2.5906719462574106
316.84224563275103,15.0,14.0,14.904974228533405,13.98297934708657,2.8404066673886,2.6164210364231106
317.04227230297374,15.0,14.0,14.902528687860194,13.98425609605779,3.3404066673886,3.1164210364231106
317.2422989731964,15.0,14.0,14.905684655517206,13.978566393867656,3.680177501024877,2.6164210364231106
317.4423256434191,15.0,14.0,14.908631026182016,13.980846353716888,4.180177501024877,3.1164210364231106
317.6423523136418,15.0,14.0,14.925610957449953,13.973051560809923,4.680177501024877,2.6164210364231106
317.8423789838645,15.0,14.0,14.93410322093644,13.9771136957904,4.180177501024877,3.1164210364231106
318.0424056540872,15.0,14.0,14.95371563922149,13.984894652801147,4.680177501024877,3.6164210364231106
318.2424323243099,15.0,14.0,14.972653239382945,13.987160623746531,4.665929959915225,3.1164210364231106
318.4424589945326,15.0,14.0,14.98083268224902,13.982051400966183,4.165929959915225,2.6164210364231106
318.64248566475527,15.0,14.0,14.985784890496209,13.970311659212268,3.665929959915225,2.1164210364231106
318.842512334978,15.0,14.0,14.993877658700248,13.967463236143557,4.165929959915225,2.6164210364231106
319.0425390052007,15.0,14.0,14.996895131128511,13.959515171405487,3.665929959915225,2.1164210364231106
319.24256567542335,15.0,14.0,15.004566754227428,13.94113020244003,4.165929959915225,1.6164210364231106
319.44259234564606,15.0,14.0,15.001185790431688,13.932158558883101,3.665929959915225,2.1164210364231106
319.6426190158688,15.0,14.0,15.009255877991736,13.929162272072043,4.165929959915225,2.6164210364231106
319.8426456860915,15.0,14.0,15.009236612575284,13.92886263838057,3.665929959915225,3.1164210364231106
320.04267235631414,15.0,14.0,15.017357955335747,13.938703924823148,4.165929959915225,3.6164210364231106
320.24269902653685,15.0,14.0,15.022311405021409,13.943509628299836,3.665929959915225,3.3222487309307405
320.44272569675957,15.0,14.0,15.021966590658051,13.956153371129243,3.51702069969675,3.8222487309307405
320.6427523669823,15.0,14.0,15.011275217501394,13.964504606300165,3.01702069969675,3.680795234292064
320.84277903720493,15.0,14.0,15.011095236457086,13.964606589897768,3.4141711187672024,3.180795234292064
321.04280570742765,15.0,14.0,15.000250270462287,13.976977397579654,3.0558054667803636,3.680795234292064
321.24283237765036,15.0,14.0,15.00014334348344,13.978244548319788,3.474102406765546,3.180795234292064
321.442859047873,15.0,14.0,14.992526878263332,13.989118391242188,2.974102406765546,3.680795234292064
321.6428857180957,15.0,14.0,14.985641057280649,13.991791691402767,3.035625377663026,3.180795234292064
321.84291238831844,15.0,14.0,14.984298324178747,13.988037288106067,3.535625377663026,2.680795234292064
322.04293905854115,15.0,14.0,14.990677276026961,13.981706264620287,4.035625377663026,2.5868783385650707
322.2429657287638,15.0,14.0,15.011060410529925,13.975751216626985,4.535625377663026,2.3612092297829292
322.4429923989865,15.0,14.0,15.01505436741273,13.97514946757345,4.035625377663026,2.8612092297829292
322.64301906920923,15.0,14.0,15.012317406895109,13.984102890825055,3.5356253776630258,3.3612092297829292
322.8430457394319,15.0,14.0,15.013888188014292,13.996049365090785,3.6058362671981796,3.8074976561619023
323.0430724096546,15.0,14.0,15.0071292405246,14.012617156111626,3.1058362671981796,4.307497656161902
323.2430990798773,15.0,14.0,15.01393331893062,14.024050406456256,3.6058362671981796,3.8074976561619023
323.4431257501,15.0,14.0,15.011234126844112,14.040076183520975,3.1058362671981796,4.307497656161902
323.6431524203227,15.0,14.0,15.013235707294804,14.05350505360573,3.6058362671981796,3.8074976561619023
323.8431790905454,15.0,14.0,15.019120565740588,14.05616422463267,4.10583626719818,3.3074976561619023
324.0432057607681,15.0,14.0,15.01676409705657,14.054348117376346,3.60583626719818,2.8074976561619023
324.24323243099076,15.0,14.0,15.01422527729135,14.04613332149786,3.487545561867922,2.3074976561619023
324.44325910121347,15.0,14.0,15.00670503940966,14.033568125640127,2.987545561867922,1.8074976561619023
324.6432857714362,15.0,14.0,15.009725901614983,14.02573276367443,3.487545561867922,2.3074976561619023
324.8433124416589,15.0,14.0,15.011544143503203,14.023659783412162,3.8288671736093995,2.8074976561619023
325.04333911188155,15.0,14.0,15.01766526512769,14.024435575317518,3.8297953325117087,2.9059361502365686
325.24336578210426,15.0,14.0,15.012242399275594,14.020928320511397,3.3297953325117087,2.4059361502365686
325.443392452327,15.0,14.0,15.018043373165275,14.010301160550018,3.8297953325117087,1.9059361502365686
325.6434191225497,15.0,14.0,15.010996860668143,14.003717963034923,3.3297953325117087,2.4059361502365686
325.84344579277234,15.0,14.0,15.005598651590947,13.996573708997353,3.0511480836997786,2.441969887081366
326.04347246299506,15.0,14.0,14.984862198151031,13.997461819902654,2.5511480836997786,2.941969887081366
326.24349913321777,15.0,14.0,14.951940928436649,13.991049836820084,2.0511480836997786,2.441969887081366
326.4435258034404,15.0,14.0,14.935673175853037,13.982682572377747,2.5511480836997786,2.175208079586181
326.64355247366314,15.0,14.0,14.928282048823187,13.98115459885285,3.0511480836997786,2.675208079586181
326.84357914388585,15.0,14.0,14.913710100798209,13.98440690470978,2.5511480836997786,3.175208079586181
327.04360581410856,15.0,14.0,14.90462130013028,13.982888053599499,3.0511480836997786,2.675208079586181
327.2436324843312,15.0,14.0,14.908510969537264,13.971865332619489,3.5511480836997786,2.175208079586181
327.4436591545539,15.0,14.0,14.915760312218136,13.959125377035877,4.051148083699779,2.042987552380256
327.64368582477664,15.0,14.0,14.915305374370524,13.952083429937646,3.551148083699779,2.542987552380256
327.8437124949993,15.0,14.0,14.908823382427121,13.953128176364384,3.051148083699779,3.042987552380256
328.043739165222,15.0,14.0,14.909527543980795,13.95765944938823,3.551148083699779,3.3739346769896965
328.2437658354447,15.0,14.0,14.907537445013364,13.967763178998066,3.4018952607564708,3.8739346769896965
328.44379250566743,15.0,14.0,14.913355040125193,13.984234767498116,3.9018952607564708,4.1864156482271815
328.6438191758901,15.0,14.0,14.929103061828533,13.995990543070672,4.40189526075647,3.6864156482271815
328.8438458461128,15.0,14.0,14.940553932533833,13.99710626378587,4.247183880056522,3.1864156482271815
329.0438725163355,15.0,14.0,14.948655133559916,14.007843090296433,3.7471838800565216,3.6864156482271815
329.24389918655817,15.0,14.0,14.943781362965368,14.00759418427309,3.2471838800565216,3.1864156482271815
329.4439258567809,15.0,14.0,14.941813130458081,14.015364070918825,3.498684551288138,3.6864156482271815
329.6439525270036,15.0,14.0,14.935054934155403,14.019208391083978,2.998684551288138,3.1864156482271815
329.8439791972263,15.0,14.0,14.919666952192951,14.022304107360709,2.498684551288138,3.3007881596606903
330.04400586744896,15.0,14.0,14.895801662349506,14.022473552044897,1.9986845512881382,2.8007881596606903
330.24403253767167,15.0,14.0,14.879820968221244,14.018770715914098,2.498684551288138,2.663539024606342
330.4440592078944,15.0,14.0,14.872057917721712,14.010163538243859,2.998684551288138,2.163539024606342
330.6440858781171,15.0,14.0,14.869692354172745,13.99473440626124,3.498684551288138,1.6864923803013958
330.84411254833975,15.0,14.0,14.881344556211888,13.984320669687378,3.998684551288138,2.186492380301396
331.04413921856246,15.0,14.0,14.893857880194254,13.977841925618224,4.498684551288138,2.4505885421733886
331.2441658887852,15.0,14.0,14.916578719046472,13.977761934901295,4.998684551288138,2.9505885421733886
331.44419255900783,15.0,14.0,14.934346284723063,13.982782908885378,4.498684551288138,3.4505885421733886
331.64421922923054,15.0,14.0,14.958568503702786,13.991069069462906,4.998684551288138,3.9505885421733886
331.84424589945326,15.0,14.0,14.97458329803553,13.999590503834416,4.498684551288138,3.4505885421733886
332.04427256967597,15.0,14.0,15.000017696628172,14.000357239546178,4.998684551288138,2.9505885421733886
332.2442992398986,15.0,14.0,15.012509027954156,14.006950690232976,4.498684551288138,3.4505885421733886
332.44432591012134,15.0,14.0,15.017823562849378,14.006116426588711,3.9986845512881377,2.9505885421733886
332.64435258034405,15.0,14.0,15.019253463656725,14.01364935242242,3.4986845512881377,3.4505885421733886
332.8443792505667,15.0,14.0,15.019714632748002,14.014970243400372,3.876080965424572,2.9505885421733886
333.0444059207894,15.0,14.0,15.013241380321558,14.00715784056952,3.376080965424572,2.4505885421733886
333.2444325910121,15.0,14.0,15.018579216395914,13.99148291227554,3.876080965424572,1.9505885421733886
333.44445926123484,15.0,14.0,15.030515552067591,13.986799739068951,4.376080965424572,2.4505885421733886
333.6444859314575,15.0,14.0,15.038003883425812,13.987900774162128,3.8760809654245723,2.9505885421733886
333.8445126016802,15.0,14.0,15.039747189875323,13.995178661441786,3.7793952049916792,3.4505885421733886
334.0445392719029,15.0,14.0,15.052281632304405,13.994572543815988,4.279395204991679,2.9505885421733886
334.2445659421256,15.0,14.0,15.05938797105804,13.998314706681013,3.779395204991679,3.4505885421733886
334.4445926123483,15.0,14.0,15.053719799819932,14.000059834325072,3.279395204991679,3.012950756819268
334.644619282571,15.0,14.0,15.039065375818288,13.992644648412089,2.779395204991679,2.512950756819268
334.8446459527937,15.0,14.0,15.017170388465443,13.992465447946438,2.279395204991679,3.012950756819268
335.04467262301637,15.0,14.0,14.991985664829482,13.988488909228854,2.0483825382616616,2.512950756819268
335.2446992932391,15.0,14.0,14.969355200779155,13.98884760757458,2.230157797132757,3.012950756819268
335.4447259634618,15.0,14.0,14.951160332642626,13.984644008195682,2.730157797132757,2.512950756819268
335.6447526336845,15.0,14.0,14.944470083805452,13.987806210203528,3.230157797132757,3.012950756819268
335.84477930390716,15.0,14.0,14.944570995414676,13.985598354560942,3.730157797132757,2.7558476594289356
336.0448059741299,15.0,14.0,14.940456630173822,13.989402673420248,3.230157797132757,3.2558476594289356
336.2448326443526,15.0,14.0,14.926520371316958,13.989561472084622,2.730157797132757,2.7558476594289356
336.44485931457524,15.0,14.0,14.922507470874486,13.987342846736967,3.230157797132757,2.696422864733898
336.64488598479795,15.0,14.0,14.91954652730957,13.990444539960006,3.1352290793787496,3.196422864733898
336.84491265502066,15.0,14.0,14.919567525886253,13.985526749107406,3.6352290793787496,2.696422864733898
337.0449393252434,15.0,14.0,14.923521826345686,13.982308800134115,3.861914829640433,2.5579906679420112
337.24496599546603,15.0,14.0,14.935574219936576,13.985181278749309,4.361914829640433,2.9524263859593907
337.44499266568874,15.0,14.0,14.956482959020308,13.979682121469574,4.861914829640433,2.4524263859593907
337.64501933591146,15.0,14.0,14.989145947588705,13.981193281470478,5.361914829640433,2.9524263859593907
337.8450460061341,15.0,14.0,15.01441718808088,13.988210501820976,4.861914829640433,3.4524263859593907
338.0450726763568,15.0,14.0,15.038022539128917,13.99063064007108,4.932231556441965,2.9524263859593907
338.24509934657954,15.0,14.0,15.052132685198139,13.995451928082048,4.432231556441965,3.4524263859593907
338.44512601680225,15.0,14.0,15.05778269800204,13.997832223182357,3.932231556441965,2.9820176456805294
338.6451526870249,15.0,14.0,15.053380377923478,13.994024073543663,3.432231556441965,2.7234102147631605
338.8451793572476,15.0,14.0,15.05968753746893,13.998271308442792,3.932231556441965,3.2234102147631605
339.04520602747033,15.0,14.0,15.05939552135439,14.004893006509182,3.432231556441965,3.7234102147631605
339.245232697693,15.0,14.0,15.046788196123217,14.006601267916684,2.932231556441965,3.2234102147631605
339.4452593679157,15.0,14.0,15.033448378057182,14.006072151278579,2.5787199380342436,2.7234102147631605
339.6452860381384,15.0,14.0,15.011616281723114,14.004825072448744,2.0787199380342436,2.6637876055046634
339.8453127083611,15.0,14.0,14.996840312412273,14.007685352807904,2.5787199380342436,3.1637876055046634
340.0453393785838,15.0,14.0,14.99137050779682,14.016226935607964,3.0787199380342436,3.6637876055046634
340.2453660488065,15.0,14.0,14.98039287180922,14.0211992419874,2.5787199380342436,3.1637876055046634
340.4453927190292,15.0,14.0,14.976803707632625,14.01570198165402,3.0787199380342436,2.6637876055046634
340.6454193892519,15.0,14.0,14.980103516804444,14.022828070297741,3.5787199380342436,3.1637876055046634
340.84544605947457,15.0,14.0,14.987766673222165,14.018600801823993,4.078719938034244,2.6637876055046634
341.0454727296973,15.0,14.0,15.003869358136882,14.010856265740589,4.578719938034244,2.1637876055046634
341.24549939992,15.0,14.0,15.012475124393472,13.995658189067445,4.078719938034244,1.6637876055046634
341.44552607014265,15.0,14.0,15.014015514816567,13.988965681369727,3.5787199380342436,2.1637876055046634
341.64555274036536,15.0,14.0,15.014277861676844,13.9840680372021,3.7833783245143815,2.6637876055046634
341.8455794105881,15.0,14.0,15.007911609173497,13.985394180822416,3.2833783245143815,2.9841244450627338
342.0456060808108,15.0,14.0,15.011065761309315,13.986364271467652,3.7833783245143815,3.0082569360986136
342.24563275103344,15.0,14.0,15.011184928303228,13.994679394656533,3.2833783245143815,3.5082569360986136
342.44565942125615,15.0,14.0,15.000472564389355,13.998473291519868,2.7833783245143815,3.2183311618279777
342.64568609147886,15.0,14.0,14.997666997559453,14.009518154958066,3.2833783245143815,3.7183311618279777
342.8457127617015,15.0,14.0,14.995218139567356,14.020049655226366,3.223428834924427,3.6676057232378225
343.04573943192423,15.0,14.0,14.98274555615332,14.025889684472661,2.896851553736432,3.1676057232378225
343.24576610214694,15.0,14.0,14.974803020539147,14.024855571394458,3.139021171419708,2.6676057232378225
343.44579277236966,15.0,14.0,14.974782639567696,14.032281961186461,3.639021171419708,3.1676057232378225
343.6458194425923,15.0,14.0,14.9701107307593,14.041089340968403,3.139021171419708,3.6676057232378225
343.845846112815,15.0,14.0,14.970824666492913,14.044443154846636,3.4927353152837997,3.1676057232378225
344.04587278303774,15.0,14.0,14.98072845928746,14.046916282601527,3.9927353152837997,3.225770075797276
344.2458994532604,15.0,14.0,14.981836987690073,14.059028121658413,3.4927353152837997,3.725770075797276
344.4459261234831,15.0,14.0,14.98777712481754,14.063841692007387,3.9367478619428597,3.225770075797276
344.6459527937058,15.0,14.0,14.988163741541678,14.072650177452452,3.4367478619428597,3.725770075797276
344.84597946392853,15.0,14.0,14.990624246178879,14.077259889596162,3.9367478619428597,3.225770075797276
345.0460061341512,15.0,14.0,15.004665436463576,14.07870824678807,4.43674786194286,3.1272517821100956
345.2460328043739,15.0,14.0,15.010762503206953,14.089277595780016,3.9367478619428597,3.6272517821100956
345.4460594745966,15.0,14.0,15.028453504697213,14.096917675402807,4.43674786194286,3.733537856576873
345.6460861448193,15.0,14.0,15.035149825599833,14.099694623878099,3.9367478619428597,3.233537856576873
345.846112815042,15.0,14.0,15.032944905824838,14.097750199182293,3.4367478619428597,2.733537856576873
346.0461394852647,15.0,14.0,15.030688501890914,14.091150590896879,3.454828325925481,2.233537856576873
346.2461661554874,15.0,14.0,15.01820537424252,14.079120727382413,2.954828325925481,1.733537856576873
346.44619282571006,15.0,14.0,15.00060857507432,14.07103692220832,2.454828325925481,2.233537856576873
346.64621949593277,15.0,14.0,14.993546458869773,14.064158807696057,2.954828325925481,2.733537856576873
346.8462461661555,15.0,14.0,14.99078032704556,14.053556809816687,3.454828325925481,2.233537856576873
347.0462728363782,15.0,14.0,14.98526401995658,14.044168032837302,3.1558162700192702,2.53098645543856
347.24629950660085,15.0,14.0,14.977803274517631,14.047152232448925,3.0631947473746672,3.03098645543856
347.44632617682356,15.0,14.0,14.962541175776316,14.043837151623865,2.5631947473746672,2.53098645543856
347.6463528470463,15.0,14.0,14.956435457288714,14.036949830167464,3.0631947473746672,2.2020148964045854
347.84637951726893,15.0,14.0,14.941111195352253,14.034056942440534,2.5631947473746672,2.7020148964045854
348.04640618749164,15.0,14.0,14.931658987404694,14.024393472420448,3.0631947473746672,2.2020148964045854
348.24643285771435,15.0,14.0,14.93396961032407,14.021631662068103,3.5631947473746672,2.7020148964045854
348.44645952793707,15.0,14.0,14.941335014839693,14.017071936573485,4.063194747374667,2.5444612321560913
348.6464861981597,15.0,14.0,14.95619157809013,14.020024679652371,4.563194747374667,3.0444612321560913
348.84651286838243,15.0,14.0,14.964993459470415,14.014380974310537,4.063194747374667,2.675964453706344
349.04653953860515,15.0,14.0,14.986423493503832,14.005094060104765,4.563194747374667,2.537973476817981
349.2465662088278,15.0,14.0,14.994328895619107,13.99352088521939,4.063194747374667,2.037973476817981
349.4465928790505,15.0,14.0,15.012151615266951,13.991290002254535,4.563194747374667,2.537973476817981
349.6466195492732,15.0,14.0,15.022432825076415,13.988893517998758,4.063194747374667,2.8184970562689835
349.84664621949594,15.0,14.0,15.022715347640874,13.988608802440758,3.5631947473746672,2.728546836931235
350.0466728897186,15.0,14.0,15.02753907838263,13.990203410007432,3.816655980632719,3.228546836931235
350.2466995599413,15.0,14.0,15.028225543931566,13.992688062108916,3.466992841273368,3.0543027775412117
350.446726230164,15.0,14.0,15.035736762950394,13.990728855925283,3.966992841273368,2.5543027775412117
350.64675290038673,15.0,14.0,15.033128956440049,13.993372028415386,3.466992841273368,3.0543027775412117
350.8467795706094,15.0,14.0,15.021541656539265,13.99648651615169,2.966992841273368,3.14336096459291
351.0468062408321,15.0,14.0,15.015378774906871,14.005482095081929,3.2869238316220066,3.64336096459291
351.2468329110548,15.0,14.0,15.018503356191871,14.006728000103296,3.7869238316220066,3.14336096459291
351.44685958127747,15.0,14.0,15.01227162466414,14.016667656447709,3.2869238316220066,3.64336096459291
351.6468862515002,15.0,14.0,15.018256181488113,14.019260789534558,3.638405776788794,3.14336096459291
351.8469129217229,15.0,14.0,15.026464707263868,14.029957536230542,4.138405776788794,3.6038020645906523
352.0469395919456,15.0,14.0,15.028462911182366,14.034662410019017,3.638405776788794,3.1038020645906523
352.24696626216826,15.0,14.0,15.022663854057882,14.029237668028578,3.138405776788794,2.6038020645906523
352.44699293239097,15.0,14.0,15.009860921621772,14.017244664476259,2.638405776788794,2.1038020645906523
352.6470196026137,15.0,14.0,15.004496804122347,13.998545656293016,3.138405776788794,1.6038020645906523
352.84704627283634,15.0,14.0,15.005111655398828,13.991715220813875,3.638405776788794,2.1038020645906523
353.04707294305905,15.0,14.0,15.001006697235047,13.987070166867522,3.138405776788794,2.6038020645906523
353.24709961328176,15.0,14.0,14.985265302112252,13.993065314174366,2.638405776788794,3.1038020645906523
353.4471262835045,15.0,14.0,14.98003663024855,13.997506868958212,3.138405776788794,3.22218272649694
353.64715295372713,15.0,14.0,14.96285363280003,14.006276502177084,2.638405776788794,3.72218272649694
353.84717962394984,15.0,14.0,14.956472966068024,14.011473983627049,3.138405776788794,3.5481871877399085
354.04720629417255,15.0,14.0,14.942219388340972,14.013378518645014,2.7743728181195304,3.0481871877399085
354.24723296439527,15.0,14.0,14.929955514604185,14.020671690930133,2.8290158302146864,3.5481871877399085
354.4472596346179,15.0,14.0,14.925904845046368,14.025216312240842,3.3290158302146864,3.0481871877399085
354.64728630484063,15.0,14.0,14.93102924923459,14.020664062147288,3.8290158302146864,2.5481871877399085
354.84731297506335,15.0,14.0,14.943572703140154,14.023833156419828,4.232456648121246,3.0481871877399085
355.047339645286,15.0,14.0,14.94691644045618,14.03189852617853,3.7324566481212456,3.5481871877399085
355.2473663155087,15.0,14.0,14.945963234967106,14.031811462299984,3.2324566481212456,3.0481871877399085
355.4473929857314,15.0,14.0,14.946239596635097,14.025067218329331,3.7324566481212456,2.5481871877399085
355.64741965595414,15.0,14.0,14.956042623983246,14.016220526378104,4.232456648121246,2.0481871877399085
355.8474463261768,15.0,14.0,14.97306973988218,14.008297860228287,4.468300815009607,2.5481871877399085
356.0474729963995,15.0,14.0,14.997056264243485,13.997435443548829,4.7623178173428915,2.0481871877399085
356.2474996666222,15.0,14.0,15.006404645975163,13.99430141734586,4.2623178173428915,2.5481871877399085
356.4475263368449,15.0,14.0,15.00583126495487,13.981669386821979,3.7623178173428915,2.0481871877399085
356.6475530070676,15.0,14.0,15.0036637657311,13.985103895127065,3.2623178173428915,2.5481871877399085
356.8475796772903,15.0,14.0,14.999870179230562,13.976046744677195,3.19743747981162,2.0481871877399085
357.047606347513,15.0,14.0,14.998918115252952,13.971398032784442,3.69743747981162,2.5481871877399085
357.24763301773567,15.0,14.0,14.989783115345292,13.971898037629332,3.19743747981162,3.0481871877399085
357.4476596879584,15.0,14.0,14.979152318535357,13.98230740381927,2.69743747981162,3.5481871877399085
357.6476863581811,15.0,14.0,14.973713766988405,13.984417960704427,3.19743747981162,3.1722388700451876
357.84771302840375,15.0,14.0,14.975064192347887,13.982667500752028,3.5173596045794224,2.6722388700451876
358.04773969862646,15.0,14.0,14.966514719513865,13.974959648652362,3.0173596045794224,2.1722388700451876
358.24776636884917,15.0,14.0,14.95186576511053,13.959449265047335,2.5206755953025444,1.8228069666919247
358.4477930390719,15.0,14.0,14.947218086862854,13.952561401221907,3.0206755953025444,2.3228069666919247
358.64781970929454,15.0,14.0,14.950258305804251,13.949649675613262,3.5206755953025444,2.719893498921159
358.84784637951725,15.0,14.0,14.950598355399418,13.953823032857942,3.537786720926394,3.219893498921159
359.04787304973996,15.0,14.0,14.948502399958496,13.964935300126832,3.037786720926394,3.719893498921159
359.2478997199627,15.0,14.0,14.948712256368626,13.982056911962978,3.537786720926394,4.219893498921159
359.44792639018533,15.0,14.0,14.959918519116094,13.989470139580055,4.037786720926394,3.7198934989211594
359.64795306040804,15.0,14.0,14.974203371633804,13.993818641876295,4.537786720926394,3.2198934989211594
359.84797973063075,15.0,14.0,14.980887446882528,13.994497801008169,4.037786720926394,2.900296245148982
360.0480064008534,15.0,14.0,14.979359237979107,14.000860756217666,3.537786720926394,3.400296245148982
360.2480330710761,15.0,14.0,14.985420085493368,14.002906137923347,4.037786720926394,2.900296245148982
360.44805974129883,15.0,14.0,15.004945656025729,14.008389128617136,4.537786720926394,3.400296245148982
360.64808641152155,15.0,14.0,15.01331568234054,14.023069268920214,4.037786720926394,3.900296245148982
360.8481130817442,15.0,14.0,15.018392965612625,14.02850600168498,3.537786720926394,3.400296245148982
361.0481397519669,15.0,14.0,15.014559780512338,14.040520016913332,3.037786720926394,3.900296245148982
361.2481664221896,15.0,14.0,15.003269670827875,14.04649475335981,2.790725276764013,3.400296245148982
361.4481930924123,15.0,14.0,14.9990487114047,14.057566142802061,3.290725276764013,3.900296245148982
361.648219762635,15.0,14.0,14.982115867904914,14.06134524054042,2.790725276764013,3.400296245148982
361.8482464328577,15.0,14.0,14.9782199132227,14.068793159467807,3.290725276764013,3.3969264889011876
362.0482731030804,15.0,14.0,14.966201626762853,14.068457539679882,2.790725276764013,2.8969264889011876
362.2482997733031,15.0,14.0,14.958569171071805,14.073303410888151,3.152518321075188,3.2810580908322717
362.4483264435258,15.0,14.0,14.959535293230944,14.070860674350612,3.652518321075188,2.7810580908322717
362.6483531137485,15.0,14.0,14.955068313430338,14.066635743710432,3.152518321075188,2.8533712821358956
362.84837978397115,15.0,14.0,14.955875140846041,14.074873594001545,3.652518321075188,3.3533712821358956
363.04840645419387,15.0,14.0,14.952352251075064,14.0731440756829,3.152518321075188,2.8533712821358956
363.2484331244166,15.0,14.0,14.953693964771785,14.077548651582559,3.652518321075188,3.3533712821358956
363.4484597946393,15.0,14.0,14.961197657050008,14.077543932705968,4.152518321075188,2.8533712821358956
363.64848646486195,15.0,14.0,14.97044239979495,14.069171876308598,3.7877895107745636,2.3533712821358956
363.84851313508466,15.0,14.0,14.983820903890393,14.054319620565034,4.287789510774564,1.8533712821358956
364.04853980530737,15.0,14.0,14.988999486891394,14.04718971644743,3.787789510774564,2.3533712821358956
364.2485664755301,15.0,14.0,14.99872336692662,14.031034858418423,4.287789510774564,1.8533712821358956
364.44859314575274,15.0,14.0,15.012985590781065,14.022368731425741,4.300327519384478,2.137875267700697
364.64861981597545,15.0,14.0,15.032294715911362,14.017641787895737,4.800327519384478,2.637875267700697
364.84864648619816,15.0,14.0,15.045378123077072,14.01857637805907,4.300327519384478,3.137875267700697
365.0486731564208,15.0,14.0,15.049672323483744,14.01701217978816,3.800327519384478,2.637875267700697
365.24869982664353,15.0,14.0,15.041014511278487,14.020444082930178,3.300327519384478,3.137875267700697
365.44872649686624,15.0,14.0,15.042118354694793,14.016131572395388,3.800327519384478,2.637875267700697
365.64875316708896,15.0,14.0,15.036891674152926,14.016078871520849,3.300327519384478,2.9118460105626243
365.8487798373116,15.0,14.0,15.028665957689578,14.01420314165511,2.800327519384478,3.011000073636031
366.0488065075343,15.0,14.0,15.01253664866659,14.024057701489577,2.300327519384478,3.511000073636031
366.24883317775704,15.0,14.0,14.99817216431461,14.02421597544726,2.800327519384478,3.011000073636031
366.4488598479797,15.0,14.0,14.993622382915136,14.030585346053806,3.2776326620909035,3.511000073636031
366.6488865182024,15.0,14.0,14.998561482028377,14.030897357403308,3.7776326620909035,3.011000073636031
366.8489131884251,15.0,14.0,14.990315672903098,14.02470909915956,3.2776326620909035,2.511000073636031
367.0489398586478,15.0,14.0,14.980260232075935,14.024585135828097,2.7776326620909035,3.011000073636031
367.2489665288705,15.0,14.0,14.976145104633714,14.031562176601792,3.2776326620909035,3.511000073636031
367.4489931990932,15.0,14.0,14.968391255885022,14.032543447675588,2.833464598621312,3.011000073636031
367.6490198693159,15.0,14.0,14.949646219167896,14.026652252264524,2.333464598621312,2.6226113539806137
367.84904653953856,15.0,14.0,14.929047117767887,14.014509452801734,2.3169910479433486,2.1226113539806137
368.0490732097613,15.0,14.0,14.912052112063376,14.012274389805102,2.8169910479433486,2.6226113539806137
368.249099879984,15.0,14.0,14.909351024634672,14.00462002101036,3.2921261216022057,2.1226113539806137
368.4491265502067,15.0,14.0,14.905472184134014,13.990122525772133,3.5160299334731806,1.6226113539806137
368.64915322042935,15.0,14.0,14.913474734333356,13.979047365665611,4.016029933473181,2.1226113539806137
368.84917989065207,15.0,14.0,14.926932957947082,13.961857334709347,4.516029933473181,1.6226113539806137
369.0492065608748,15.0,14.0,14.939946635224468,13.94042389374827,4.016029933473181,1.280714727852014
369.2492332310975,15.0,14.0,14.954014546465132,13.924699992666973,4.516029933473181,1.780714727852014
369.44925990132015,15.0,14.0,14.962686764574594,13.91414573050523,4.016029933473181,2.280714727852014
369.64928657154286,15.0,14.0,14.963275772121541,13.911142782458562,3.573798196713879,2.780714727852014
369.84931324176557,15.0,14.0,14.970786271732395,13.914547455249092,3.865668596618933,3.280714727852014
370.0493399119882,15.0,14.0,14.96938661133285,13.923169960168002,3.365668596618933,3.780714727852014
370.24936658221094,15.0,14.0,14.971107655295075,13.941217774207011,3.865668596618933,4.280714727852014
370.44939325243365,15.0,14.0,14.984569578599503,13.961077641022213,4.365668596618933,4.169368984737552
370.64941992265636,15.0,14.0,14.988050817119015,13.969578043995542,3.8656685966189333,3.6693689847375524
370.849446592879,15.0,14.0,15.003410732146659,13.973817307986563,4.365668596618933,3.1693689847375524
371.04947326310173,15.0,14.0,15.010197420092961,13.971434014245938,3.8656685966189333,2.6693689847375524
371.24949993332444,15.0,14.0,15.019695572435833,13.963640517001599,4.365668596618933,2.1693689847375524
371.4495266035471,15.0,14.0,15.022658721940795,13.962083510424328,3.8656685966189333,2.6693689847375524
371.6495532737698,15.0,14.0,15.020276344461584,13.96830513790891,3.3656685966189333,3.1693689847375524
371.8495799439925,15.0,14.0,15.009104286107885,13.967776821135136,2.8656685966189333,2.6693689847375524
372.04960661421524,15.0,14.0,15.000859960663977,13.956273672292642,3.3656685966189333,2.1693689847375524
372.2496332844379,15.0,14.0,14.985760095781703,13.953585217597379,2.8656685966189333,2.6693689847375524
372.4496599546606,15.0,14.0,14.966202632954479,13.955778594148224,2.3656685966189333,3.1693689847375524
372.6496866248833,15.0,14.0,14.954148759371318,13.95275845228143,2.8656685966189333,2.6693689847375524
372.84971329510597,15.0,14.0,14.94550540428749,13.957677138373164,3.3656685966189333,3.1693689847375524
373.0497399653287,15.0,14.0,14.950425270785724,13.951556895056529,3.8656685966189333,2.6693689847375524
373.2497666355514,15.0,14.0,14.966054585238703,13.954037603315154,4.365668596618933,3.1693689847375524
373.4497933057741,15.0,14.0,14.980442408032298,13.961245959490991,4.359131111010981,3.599757432113169
373.64981997599676,15.0,14.0,14.986358914632433,13.96050068097325,3.8591311110109814,3.099757432113169
373.8498466462195,15.0,14.0,15.000388965273899,13.954765527965431,4.359131111010981,2.599757432113169
374.0498733164422,15.0,14.0,15.01084246861562,13.95321880263266,4.167062300739086,2.731967974535926
374.2498999866649,15.0,14.0,15.013313129045983,13.959841957081798,3.6670623007390857,3.231967974535926
374.44992665688756,15.0,14.0,15.006776981345077,13.958484388543875,3.3090471351302777,2.731967974535926
374.64995332711027,15.0,14.0,15.009290158196917,13.961472925630867,3.8090471351302777,3.231967974535926
374.849979997333,15.0,14.0,15.005730849187904,13.971700123679883,3.3090471351302777,3.731967974535926
375.05000666755564,15.0,14.0,15.011952717669566,13.973153940761298,3.646879887233045,3.231967974535926
375.25003333777835,15.0,14.0,15.009016519694864,13.983784083734205,3.146879887233045,3.731967974535926
375.45006000800106,15.0,14.0,15.010009955091022,13.999270928467142,3.646879887233045,4.231967974535927
375.6500866782238,15.0,14.0,15.005091312673269,14.012377755241685,3.146879887233045,3.7319679745359267
375.8501133484464,15.0,14.0,15.008797877797546,14.014780167609729,3.646879887233045,3.2319679745359267
376.05014001866914,15.0,14.0,15.00314764437388,14.02310142951949,3.146879887233045,3.7319679745359267
376.25016668889185,15.0,14.0,14.988385719090239,14.026945378076242,2.8178978502427223,3.2319679745359267
376.4501933591145,15.0,14.0,14.976733081521118,14.02153087374843,3.065104997325471,2.7319679745359267
376.6502200293372,15.0,14.0,14.977297873077845,14.014028317458598,3.565104997325471,2.2319679745359267
376.85024669955993,15.0,14.0,14.967501269314289,14.010845267905186,3.065104997325471,2.7319679745359267
377.05027336978264,15.0,14.0,14.966291089467688,14.00302038085735,3.520995548468178,2.2319679745359267
377.2503000400053,15.0,14.0,14.971430697106014,13.998860686876245,3.7948760744050256,2.7319679745359267
377.450326710228,15.0,14.0,14.969055081425447,13.98766390672848,3.2948760744050256,2.2319679745359267
377.6503533804507,15.0,14.0,14.954143698979308,13.983235892867429,2.7948760744050256,2.7319679745359267
377.8503800506734,15.0,14.0,14.946943779995657,13.989882830300658,3.2948760744050256,3.2319679745359267
378.0504067208961,15.0,14.0,14.94560424934834,13.994405480061609,3.7948760744050256,3.4162179538520197
378.2504333911188,15.0,14.0,14.962316619273658,14.005139802121269,4.294876074405026,3.9162179538520197
378.4504600613415,15.0,14.0,14.965695592695356,14.010906310046328,3.9789454120396592,3.4162179538520197
378.6504867315642,15.0,14.0,14.981643188552704,14.024188177805746,4.478945412039659,3.9162179538520197
378.8505134017869,15.0,14.0,15.00630787728255,14.0274300905742,4.978945412039659,3.4162179538520197
379.0505400720096,15.0,14.0,15.022571999358128,14.038454076870714,4.478945412039659,3.9162179538520197
379.2505667422323,15.0,14.0,15.046461405923214,14.045632215896365,4.978945412039659,3.4162179538520197
379.45059341245496,15.0,14.0,15.057487262870296,14.05420393695101,4.478945412039659,3.9162179538520197
379.6506200826777,15.0,14.0,15.068762673238032,14.061114329677594,3.978945412039659,3.4162179538520197
379.8506467529004,15.0,14.0,15.064050309034561,14.062479297758562,3.478945412039659,2.9162179538520197
380.05067342312304,15.0,14.0,15.067099673154983,14.066987076985452,3.661429929864823,3.4162179538520197
380.25070009334576,15.0,14.0,15.062978278090283,14.063700276008626,3.161429929864823,2.9162179538520197
380.45072676356847,15.0,14.0,15.062142074771964,14.057090959850953,3.661429929864823,2.4162179538520197
380.6507534337912,15.0,14.0,15.05653532185625,14.045907302373829,3.161429929864823,1.9162179538520197
380.85078010401384,15.0,14.0,15.060074027240669,14.029470788099271,3.661429929864823,1.4999313432090418
381.05080677423655,15.0,14.0,15.055040021664809,14.017260790899968,3.161429929864823,1.9999313432090418
381.25083344445926,15.0,14.0,15.046474760897558,14.012921123489502,2.661429929864823,2.4999313432090418
381.4508601146819,15.0,14.0,15.023816194399881,14.012959775097992,2.164549543441457,2.9999313432090418
381.6508867849046,15.0,14.0,15.012260921510201,14.00923022026249,2.664549543441457,2.4999313432090418
381.85091345512734,15.0,14.0,14.987958406807731,14.010208866160236,2.164549543441457,2.9999313432090418
382.05094012535005,15.0,14.0,14.973571992119647,14.019762448806087,2.664549543441457,3.4999313432090418
382.2509667955727,15.0,14.0,14.94860432325585,14.01862750953092,2.164549543441457,3.010536403820624
382.4509934657954,15.0,14.0,14.928204789370055,14.01502545247078,2.370589743230802,2.510536403820624
382.65102013601813,15.0,14.0,14.917342223557307,14.01668035813753,2.870589743230802,3.010536403820624
382.8510468062408,15.0,14.0,14.913096404939598,14.024546801546782,3.370589743230802,3.510536403820624
383.0510734764635,15.0,14.0,14.918691737726776,14.040162593331091,3.870589743230802,4.010536403820624
383.2511001466862,15.0,14.0,14.933237959721025,14.053748873673916,4.370589743230802,3.8890137325011995
383.4511268169089,15.0,14.0,14.959452651945375,14.058569006230448,4.870589743230802,3.3890137325011995
383.6511534871316,15.0,14.0,14.974534497110001,14.059311097469745,4.370589743230802,3.0176685732265907
383.8511801573543,15.0,14.0,14.996153100161091,14.053083863887961,4.870589743230802,2.5176685732265907
384.051206827577,15.0,14.0,15.027566047427484,14.0396118426976,5.370589743230802,2.0176685732265907
384.2512334977997,15.0,14.0,15.044595610727635,14.021320776057623,4.870589743230802,1.5176685732265907
384.4512601680224,15.0,14.0,15.059374885029863,14.009618886702816,4.370589743230802,2.0176685732265907
384.6512868382451,15.0,14.0,15.06195121312207,14.005579454165483,3.870589743230802,2.5176685732265907
384.8513135084678,15.0,14.0,15.05684403054696,13.995865477122187,3.370589743230802,2.0176685732265907
385.05134017869045,15.0,14.0,15.043564065165187,13.990105346147976,2.870589743230802,2.5176685732265907
385.25136684891316,15.0,14.0,15.03908462298519,13.9910100534602,3.1961576653844856,3.0176685732265907
385.4513935191359,15.0,14.0,15.026930964407681,13.986557779822656,2.6961576653844856,2.5176685732265907
385.6514201893586,15.0,14.0,15.019195681416127,13.986340496567873,3.1961576653844856,3.0176685732265907
385.85144685958124,15.0,14.0,15.022443841041255,13.983567573301595,3.6961576653844856,2.6738713468751665
386.05147352980396,15.0,14.0,15.015565515005074,13.986623745998681,3.1961576653844856,3.1738713468751665
386.25150020002667,15.0,14.0,15.015090547826262,13.9835524102255,3.5471334487613677,2.6738713468751665
386.4515268702493,15.0,14.0,15.017952319811142,13.972525927032896,3.694743389548321,2.1738713468751665
386.65155354047204,15.0,14.0,15.014384598445908,13.969237640839065,3.194743389548321,2.6738713468751665
386.85158021069475,15.0,14.0,15.018812326908257,13.972827023641505,3.694743389548321,3.1738713468751665
387.05160688091746,15.0,14.0,15.026352321225916,13.983030382539805,3.9616587042498503,3.6738713468751665
387.2516335511401,15.0,14.0,15.027403472060435,13.984666500526524,3.4616587042498503,3.1738713468751665
387.45166022136283,15.0,14.0,15.019683858580665,13.99733926343094,2.9616587042498503,3.6738713468751665
387.65168689158554,15.0,14.0,15.021594527809185,14.011133399049774,3.4616587042498503,4.173871346875167
387.8517135618082,15.0,14.0,15.016686213393491,14.021318085613675,2.9616587042498503,3.673871346875167
388.0517402320309,15.0,14.0,15.005451429860575,14.03473763124438,2.922914267295083,4.173871346875167
388.2517669022536,15.0,14.0,14.990864021888605,14.042731126005682,2.422914267295083,3.673871346875167
388.45179357247633,15.0,14.0,14.970031458499587,14.041992951278432,2.219007458552593,3.173871346875167
388.651820242699,15.0,14.0,14.948242707342539,14.05120587338855,2.2575450999059723,3.673871346875167
388.8518469129217,15.0,14.0,14.940768223595692,14.055680850633108,2.7575450999059723,3.173871346875167
389.0518735831444,15.0,14.0,14.936278499429756,14.053809386229497,3.2575450999059723,2.673871346875167
389.2519002533671,15.0,14.0,14.921850319733094,14.042601428769332,2.7575450999059723,2.173871346875167
389.4519269235898,15.0,14.0,14.91966415316343,14.02587132094878,3.2575450999059723,1.673871346875167
389.6519535938125,15.0,14.0,14.921355068405571,14.016546513781579,3.7575450999059723,2.173871346875167
389.8519802640352,15.0,14.0,14.915166116324148,13.998656183451965,3.2575450999059723,1.673871346875167
390.05200693425786,15.0,14.0,14.920204657932565,13.991676938750611,3.7575450999059723,2.173871346875167
390.2520336044806,15.0,14.0,14.91552040515553,13.97939760536333,3.2575450999059723,1.673871346875167
390.4520602747033,15.0,14.0,14.921401645391983,13.958686485494173,3.7575450999059723,1.467858075699338
390.652086944926,15.0,14.0,14.919483735750335,13.94583385002307,3.2575450999059723,1.967858075699338
390.85211361514865,15.0,14.0,14.915548122262186,13.941145857051852,3.1494375743461527,2.467858075699338
391.05214028537137,15.0,14.0,14.910011143577032,13.94458669920789,3.353939797886077,2.967858075699338
391.2521669555941,15.0,14.0,14.909135000094736,13.94811450786202,3.535231254193394,3.090462898451646
391.45219362581673,15.0,14.0,14.912726003626535,13.945508626015405,4.035231254193394,2.7412350663732488
391.65222029603945,15.0,14.0,14.92532611560936,13.946801595380308,4.198765596839994,3.026652804615641
391.85224696626216,15.0,14.0,14.945308363033922,13.93904083312337,4.698765596839994,2.526652804615641
392.05227363648487,15.0,14.0,14.957736689674483,13.94139625153934,4.198765596839994,3.026652804615641
392.2523003067075,15.0,14.0,14.972360634761648,13.939806949232675,4.339222036294039,2.961236380065115
392.45232697693024,15.0,14.0,14.99620419159405,13.94267050404157,4.839222036294039,3.461236380065115
392.65235364715295,15.0,14.0,15.010229234103512,13.95428518276261,4.339222036294039,3.961236380065115
392.85238031737566,15.0,14.0,15.019698193778796,13.97096992686461,3.8392220362940392,4.143948164470015
393.0524069875983,15.0,14.0,15.015123622585465,13.981117602711743,3.3392220362940392,3.6439481644700153
393.25243365782103,15.0,14.0,14.99756154673043,13.99864588419293,2.8392220362940392,4.143948164470015
393.45246032804374,15.0,14.0,14.979394567612598,14.007799174349325,2.4069024884052217,3.6439481644700153
393.6524869982664,15.0,14.0,14.96270823501632,14.00818098693803,2.6350826659891773,3.1439481644700153
393.8525136684891,15.0,14.0,14.953495934069872,14.005002370266185,3.1350826659891773,2.6578366615832367
394.0525403387118,15.0,14.0,14.949564444407905,13.994084752398836,3.329937431974989,2.1578366615832367
394.25256700893453,15.0,14.0,14.947428822859328,13.991934547190985,3.288223279478473,2.6578366615832367
394.4525936791572,15.0,14.0,14.952902673562328,13.986219418822303,3.788223279478473,2.3716696085044147
394.6526203493799,15.0,14.0,14.95834775528458,13.980245390843304,3.592036954259474,2.3098077319134527
394.8526470196026,15.0,14.0,14.966640029685081,13.978989127526559,4.0920369542594734,2.8098077319134527
395.05267368982527,15.0,14.0,14.96639131850424,13.984443443370955,3.5920369542594734,3.3098077319134527
395.252700360048,15.0,14.0,14.957169073058521,13.985165637900325,3.0920369542594734,2.8098077319134527
395.4527270302707,15.0,14.0,14.941629413581525,13.977474880716109,2.5920369542594734,2.3098077319134527
395.6527537004934,15.0,14.0,14.920627248152572,13.96228036656081,2.0920369542594734,1.8098077319134527
395.85278037071606,15.0,14.0,14.887200946423754,13.93967968972401,1.5920369542594734,1.3098077319134527
396.0528070409388,15.0,14.0,14.842114298429717,13.91441214443395,1.0920369542594734,0.8098077319134527
396.2528337111615,15.0,14.0,14.788116173998775,13.881966926667083,0.5920369542594734,0.3098077319134527
396.45286038138414,15.0,14.0,14.729906206518095,13.844853683912904,0.09203695425947345,0.0
396.65288705160685,15.0,14.0,14.673424442366928,13.807698593814212,0.0,0.0
396.85291372182957,15.0,14.0,14.614146762001733,13.77050088314995,0.0,0.0
397.0529403920523,15.0,14.0,14.554791051864376,13.733257807056658,0.0,0.0
397.25296706227493,15.0,14.0,14.496809941455892,13.698943938406567,0.0,0.0
397.45299373249765,15.0,14.0,14.438658741904261,13.662905194694217,0.0,0.0
397.65302040272036,15.0,14.0,14.382876480652971,13.625745421584186,0.0,0.0
397.85304707294307,15.0,14.0,14.323227952664572,13.588327930048958,0.0,0.0
398.0530737431657,15.0,14.0,14.26350466067021,13.550973339149856,0.0,0.0
398.25310041338844,15.0,14.0,14.203707197548686,13.513467088624306,0.0,0.0
398.45312708361115,15.0,14.0,14.143839752968486,13.476947889388045,0.0,0.0
398.6531537538338,15.0,14.0,14.083905119984285,13.439912094998197,0.0,0.0
398.8531804240565,15.0,14.0,14.025903087413257,13.402338114204314,0.0,0.0
399.05320709427923,15.0,14.0,13.968468568445022,13.368718236194638,0.0,0.0
399.25323376450194,15.0,14.0,13.91106359054975,13.335944960005753,0.0,0.0
399.4532604347246,15.0,14.0,13.850900106615791,13.299599380508953,0.0,0.0
399.6532871049473,15.0,14.0,13.795978416690179,13.262193876741312,0.0,0.0
399.85331377517,15.0,14.0,13.735667413965217,13.224344417927163,0.0,0.0
400.0533404453927,10.0,10.0,13.675286986709944,13.186452622087327,0.0,0.0
400.2533671156154,10.0,10.0,13.614837748151938,13.14851869895077,0.0,0.0
400.4533937858381,10.0,10.0,13.554320313723938,13.110542858695759,0.0,0.0
400.6534204560608,10.0,10.0,13.493736918847345,13.072896713985287,0.0,0.0
400.85344712628347,10.0,10.0,13.43379143704634,13.035392211462819,0.0,0.0
401.0534737965062,10.0,10.0,13.375366165696825,12.998588933068934,0.0,0.0
401.2535004667289,10.0,10.0,13.31459969541789,12.962021189591159,0.0,0.0
401.45352713695155,10.0,10.0,13.253865011502228,12.923838112325903,0.0,0.0
401.65355380717426,10.0,10.0,13.19436992934963,12.888761915594582,0.0,0.0
401.853580477397,10.0,10.0,13.133446937690298,12.85168668002703,0.0,0.0
402.0536071476197,10.0,10.0,13.074908540960456,12.81674891870222,0.0,0.0
402.25363381784234,10.0,10.0,13.014757845654737,12.778398466935162,0.0,0.0
402.45366048806505,10.0,10.0,12.95506898928095,12.741865327941044,0.0,0.0
402.65368715828777,10.0,10.0,12.89442138489941,12.70439747504354,0.0,0.0
402.8537138285105,10.0,10.0,12.833355424647605,12.666624000747632,0.0,0.0
403.05374049873313,10.0,10.0,12.772120653375072,12.629006574784636,0.0,0.0
403.25376716895585,10.0,10.0,12.714128433388689,12.590460124273566,0.0,0.0
403.45379383917856,10.0,10.0,12.652772605492483,12.552604787879439,0.0,0.0
403.6538205094012,10.0,10.0,12.593570497003828,12.514770645972197,0.0,0.0
403.8538471796239,10.0,10.0,12.53212027374097,12.479330470557422,0.0,0.0
404.05387384984664,10.0,10.0,12.470629825090848,12.44063012645973,0.0,0.0
404.25390052006935,10.0,10.0,12.41054337199564,12.401893911816288,0.0,0.0
404.453927190292,10.0,10.0,12.348938730483086,12.363682224471487,0.0,0.0
404.6539538605147,10.0,10.0,12.288293864549242,12.330924909735009,0.0,0.0
404.85398053073743,10.0,10.0,12.22868799699882,12.292069124714828,0.0,0.0
405.0540072009601,10.0,10.0,12.166980015221123,12.253179210012695,0.0,0.0
405.2540338711828,10.0,10.0,12.107721511155205,12.214281804527518,0.0,0.0
405.4540605414055,10.0,10.0,12.047401340746323,12.175327793946435,0.0,0.0
405.6540872116282,10.0,10.0,11.985536507087282,12.138726302308598,0.0,0.0
405.8541138818509,10.0,10.0,11.925549892440182,12.101849458985107,0.0,0.0
406.0541405520736,10.0,10.0,11.8636169746905,12.062784449581862,0.0,0.0
406.2541672222963,10.0,10.0,11.801654622221049,12.027009061834963,0.0,0.0
406.45419389251896,10.0,10.0,11.745189140251727,11.987873573877955,0.0,0.0
406.65422056274167,10.0,10.0,11.683130931894153,11.948711113629185,0.0,0.0
406.8542472329644,10.0,10.0,11.621052411733373,11.91377502636978,0.0,0.0
407.0542739031871,10.0,10.0,11.561881894604348,11.874537406391797,0.0,0.0
407.25430057340975,10.0,10.0,11.500483272869706,11.835270841867654,0.0,0.0
407.45432724363246,10.0,10.0,11.438279528256135,11.795971042908231,0.0,0.0
407.6543539138552,10.0,10.0,11.37794645460408,11.761585905610678,0.0,0.0
407.8543805840779,10.0,10.0,11.317947845656201,11.72308531003352,0.0,0.0
408.05440725430054,10.0,10.0,11.25931257525079,11.683689073341444,0.0,0.0
408.25443392452325,10.0,10.0,11.199220012355301,11.644268737408343,0.0,0.0
408.45446059474597,10.0,10.0,11.139241853111645,11.605313079866907,0.0,0.0
408.6544872649686,10.0,10.0,11.077286260082298,11.568721347717304,0.0,0.0
408.85451393519133,10.0,10.0,11.0148675522054,11.529206739575775,0.0,0.0
409.05454060541405,10.0,10.0,10.953581682000552,11.489661443626145,0.0,0.0
409.25456727563676,10.0,10.0,10.891455523438912,11.451576702165323,0.0,0.0
409.4545939458594,10.0,10.0,10.83087420446556,11.411969812387019,0.0,0.0
409.6546206160821,10.0,10.0,10.768308370752544,11.372334260425934,0.0,0.0
409.85464728630484,10.0,10.0,10.70570930051248,11.333225267866164,0.0,0.0
410.0546739565275,10.0,10.0,10.64475764733838,11.29649083968909,0.0,0.0
410.2547006267502,10.0,10.0,10.582141763867075,11.257340907605851,0.0,0.0
410.4547272969729,10.0,10.0,10.519495146057507,11.217575974363712,0.0,0.0
410.65475396719563,10.0,10.0,10.460435009047094,11.17812677527449,0.0,0.0
410.8547806374183,10.0,10.0,10.400570316596573,11.1387729684304,0.0,0.0
411.054807307641,10.0,10.0,10.33877820176862,11.10151792977419,0.0,0.0
411.2548339778637,10.0,10.0,10.276060730755216,11.06407412077118,0.0,0.0
411.45486064808637,10.0,10.0,10.215231309046331,11.024174003524706,0.0,0.0
411.6548873183091,10.0,10.0,10.152472706217686,10.98471321974426,0.0,0.0
411.8549139885318,10.0,10.0,10.099372505580076,10.946677994410244,0.5,0.0
412.0549406587545,10.0,10.0,10.036592462413896,10.909120900143808,0.0,0.0
412.25496732897716,10.0,10.0,9.982346344705533,10.869148769793258,0.5,0.0
412.45499399919987,10.0,10.0,9.937678628583768,10.829199610487036,1.0,0.0
412.6550206694226,10.0,10.0,9.897891133405453,10.789302191310567,1.364420668809616,0.0
412.8550473396453,10.0,10.0,9.860316682666546,10.749708949432495,1.2861185479597514,0.0
413.05507400986795,10.0,10.0,9.82867009426185,10.709960027093999,1.7861185479597514,0.0
413.25510068009066,10.0,10.0,9.79966577651939,10.670311174844368,2.2861185479597514,0.0
413.4551273503134,10.0,10.0,9.77458348907373,10.632185482078452,2.5402190996013996,0.0
413.65515402053603,10.0,10.0,9.752857413961134,10.592774023623328,2.3315111390308347,0.0
413.85518069075874,10.0,10.0,9.726232352161706,10.554335180632984,2.5380628034412953,0.0
414.05520736098146,10.0,10.0,9.712802643737266,10.518179902538993,3.0380628034412953,0.0
414.25523403120417,10.0,10.0,9.704757318701759,10.479200227060032,3.5380628034412953,0.0
414.4552607014268,10.0,10.0,9.700248279934716,10.440412497403091,3.8516237506564703,0.0
414.65528737164954,10.0,10.0,9.703581815346062,10.402190334807953,4.35162375065647,0.0
414.85531404187225,10.0,10.0,9.720288569815777,10.366193241983044,4.85162375065647,0.0
415.0553407120949,10.0,10.0,9.743889986617427,10.331046859915046,5.35162375065647,0.0
415.2553673823176,10.0,10.0,9.757723921666408,10.297113393860302,4.85162375065647,0.0
415.4553940525403,10.0,10.0,9.772929609342503,10.26197807888734,4.876977393541049,0.0
415.65542072276304,10.0,10.0,9.795885728201258,10.224705017121995,5.376977393541049,0.0
415.8554473929857,10.0,10.0,9.812626560353072,10.187699418328226,4.876977393541049,0.0
416.0554740632084,10.0,10.0,9.829740191891167,10.151235049723818,4.826945437562707,0.0
416.2555007334311,10.0,10.0,9.849434577174078,10.114739293378385,5.326945437562707,0.0
416.4555274036538,10.0,10.0,9.863124234489618,10.078491313917983,4.826945437562707,0.0
416.6555540738765,10.0,10.0,9.884136993103025,10.042490726847324,5.326945437562707,0.0
416.8555807440992,10.0,10.0,9.915852545750448,10.008237187849986,5.826945437562707,0.0
417.0556074143219,10.0,10.0,9.948056989227847,9.9778390325774,6.0,0.5
417.25563408454457,10.0,10.0,9.97185714082338,9.94265656738577,5.5,0.0
417.4556607547673,10.0,10.0,9.987151373335113,9.914488880607365,5.0,0.4999999999999999
417.65568742499,10.0,10.0,9.992260742328911,9.886460091562107,4.5,0.8137754926006016
417.8557140952127,10.0,10.0,10.001463730643529,9.86998972924179,4.7514379539086455,1.3137754926006016
418.05574076543536,10.0,10.0,10.00267180603867,9.854903086862642,4.2514379539086455,1.8137754926006016
418.2557674356581,10.0,10.0,10.01742650359979,9.849834508289874,4.7514379539086455,2.313775492600602
418.4557941058808,10.0,10.0,10.027517057629895,9.851518372581356,4.2514379539086455,2.813775492600602
418.65582077610344,10.0,10.0,10.034015436570076,9.862069102761197,4.22334049473197,3.313775492600602
418.85584744632615,10.0,10.0,10.03755634792509,9.86395292453747,3.7233404947319704,2.813775492600602
419.05587411654886,10.0,10.0,10.046810781432395,9.869769455664686,4.22334049473197,3.313775492600602
419.2559007867716,10.0,10.0,10.044313702105262,9.871843198397418,3.7233404947319704,2.8276766550594985
419.45592745699423,10.0,10.0,10.05615901590245,9.880585926442096,4.22334049473197,3.3276766550594985
419.65595412721694,10.0,10.0,10.054027969922023,9.881810210462245,3.7233404947319704,2.8276766550594985
419.85598079743966,10.0,10.0,10.050938620488497,9.878700350868838,3.2233404947319704,2.3276766550594985
420.0560074676623,10.0,10.0,10.053128484099432,9.879641299516898,3.7233404947319704,2.8276766550594985
420.256034137885,10.0,10.0,10.042381706334291,9.87289294540791,3.2233404947319704,2.3276766550594985
420.45606080810774,10.0,10.0,10.041710654152954,9.871747824117367,3.4903671367125244,2.8276766550594985
420.65608747833045,10.0,10.0,10.038865223510147,9.882948921404944,3.280404710012272,3.3276766550594985
420.8561141485531,10.0,10.0,10.024709656779532,9.896043172352282,2.780404710012272,3.8276766550594985
421.0561408187758,10.0,10.0,10.003421361527629,9.903356740797284,2.280404710012272,3.3276766550594985
421.2561674889985,10.0,10.0,9.992679601341024,9.911889152405873,2.780404710012272,3.294492395831668
421.4561941592212,10.0,10.0,9.97400681458926,9.922461488026281,2.280404710012272,3.794492395831668
421.6562208294439,10.0,10.0,9.965338045984456,9.934102004301698,2.780404710012272,3.7306781787267407
421.8562474996666,10.0,10.0,9.966573000180324,9.952464337355556,3.280404710012272,4.23067817872674
422.0562741698893,10.0,10.0,9.959549298159228,9.960810602362212,3.0377271218648283,3.7306781787267402
422.256300840112,10.0,10.0,9.961431533817901,9.972609393026103,3.5377271218648283,3.4414448005952343
422.4563275103347,10.0,10.0,9.973128804734799,9.978015201002345,3.9457986232828324,2.9414448005952343
422.6563541805574,10.0,10.0,9.975244286100352,9.974967789628764,3.4457986232828324,2.504181041243205
422.8563808507801,10.0,10.0,9.964037030323324,9.969518053278811,2.9457986232828324,2.0769213977058723
423.05640752100277,10.0,10.0,9.96108190035411,9.969871200160103,3.4457986232828324,2.5769213977058723
423.2564341912255,10.0,10.0,9.972132062327363,9.964892673436536,3.9457986232828324,2.0769213977058723
423.4564608614482,10.0,10.0,9.9751096778173,9.962781096359196,3.4457986232828324,2.5769213977058723
423.65648753167085,10.0,10.0,9.987459481335282,9.968610907788465,3.7679083654787213,3.0769213977058723
423.85651420189356,10.0,10.0,9.986333555948063,9.96511824684111,3.2679083654787213,2.5769213977058723
424.0565408721163,10.0,10.0,9.974612068924474,9.959676106321478,2.7679083654787213,2.104550514294578
424.256567542339,10.0,10.0,9.975868334266899,9.948880699740968,3.0573140319141467,1.7572392812268915
424.45659421256164,10.0,10.0,9.980885552692682,9.942676992372323,3.5573140319141467,2.2572392812268918
424.65662088278435,10.0,10.0,9.982213121524257,9.93125065508654,3.0573140319141467,1.7692334129075658
424.85664755300706,10.0,10.0,9.982122491806804,9.926028753609446,3.497447522091249,2.2692334129075658
425.0566742232297,10.0,10.0,9.97950115738738,9.916957721834674,3.100045560409626,1.7692334129075658
425.25670089345243,10.0,10.0,9.968911192988536,9.91331282117814,2.600045560409626,2.2692334129075658
425.45672756367514,10.0,10.0,9.96414299971019,9.916221311486662,3.100045560409626,2.7692334129075658
425.65675423389786,10.0,10.0,9.963684254390056,9.924976311083881,3.1330554616221757,3.2692334129075658
425.8567809041205,10.0,10.0,9.965797556474518,9.93796499820874,3.6330554616221757,3.7692334129075658
426.0568075743432,10.0,10.0,9.971517780257269,9.954797008090999,4.050416127213755,3.9609898009032536
426.25683424456594,10.0,10.0,9.981874835881907,9.978783681822147,3.5504161272137553,4.460989800903254
426.4568609147886,10.0,10.0,9.976461290557594,9.997219814175297,3.0504161272137553,3.9609898009032536
426.6568875850113,10.0,10.0,9.969326611796875,10.007206373459429,2.769326530233307,3.4609898009032536
426.856914255234,10.0,10.0,9.966362283517105,10.007327692376922,2.936089590576561,2.9609898009032536
427.05694092545673,10.0,10.0,9.967572353057104,10.004607030402262,3.436089590576561,2.4609898009032536
427.2569675956794,10.0,10.0,9.972624719101065,9.996280041462152,3.538512289640566,1.9609898009032536
427.4569942659021,10.0,10.0,9.985763800306506,9.993715465869402,4.0385122896405665,2.4609898009032536
427.6570209361248,10.0,10.0,10.006588784998462,9.99529113395637,4.382289495499372,2.9609898009032536
427.8570476063475,10.0,10.0,10.015817072273784,9.993091707750667,3.8822894954993723,2.4609898009032536
428.0570742765702,10.0,10.0,10.017131564926254,9.9992868179441,3.3822894954993723,2.9609898009032536
428.2571009467929,10.0,10.0,10.028977103503998,9.998041488608898,3.8822894954993723,2.4609898009032536
428.4571276170156,10.0,10.0,10.049034322062104,10.00022432976263,4.382289495499372,2.9609898009032536
428.65715428723826,10.0,10.0,10.0660330672412,10.001510476575243,3.8822894954993723,2.4609898009032536
428.85718095746097,10.0,10.0,10.070436502436877,9.99360870777982,3.3822894954993723,1.9609898009032536
429.0572076276837,10.0,10.0,10.065511550080554,9.98892836860585,2.8822894954993723,2.386171852349089
429.2572342979064,10.0,10.0,10.05165559362769,9.99485411925966,2.3822894954993723,2.886171852349089
429.45726096812905,10.0,10.0,10.04919907011517,9.995565240801882,2.835120165121201,2.386171852349089
429.65728763835176,10.0,10.0,10.049826991386174,9.986477804662472,3.335120165121201,1.8861718523490891
429.8573143085745,10.0,10.0,10.060219842891097,9.985851659503354,3.835120165121201,2.386171852349089
430.05734097879713,10.0,10.0,10.066503336009863,9.991149198092131,3.335120165121201,2.886171852349089
430.25736764901984,10.0,10.0,10.059464144981408,9.991712933656565,2.835120165121201,2.386171852349089
430.45739431924255,10.0,10.0,10.053917483311247,9.98367324118499,2.7957632263130856,1.8861718523490891
430.65742098946527,10.0,10.0,10.03765406396799,9.98075734318219,2.2957632263130856,2.386171852349089
430.8574476596879,10.0,10.0,10.0303539688524,9.97047877982975,2.7957632263130856,1.8861718523490891
431.05747432991063,10.0,10.0,10.03507725811729,9.965591513726066,3.2957632263130856,2.386171852349089
431.25750100013335,10.0,10.0,10.046384970205665,9.969069435357584,3.7957632263130856,2.886171852349089
431.45752767035606,10.0,10.0,10.054966662772484,9.973085167871382,3.5620068161259604,2.819560450635524
431.6575543405787,10.0,10.0,10.050689984698892,9.975923173078588,3.0620068161259604,2.821569283152599
431.8575810108014,10.0,10.0,10.040019608837587,9.981446743524117,2.5620068161259604,3.321569283152599
432.05760768102414,10.0,10.0,10.023414557616917,9.986406988189144,2.0620068161259604,3.324899075758748
432.2576343512468,10.0,10.0,10.015161625553052,10.002488575327586,2.5620068161259604,3.824899075758748
432.4576610214695,10.0,10.0,10.019329709887865,10.024110452417279,3.0620068161259604,4.100795802302102
432.6576876916922,10.0,10.0,10.010468576234086,10.037664096344168,2.5620068161259604,3.600795802302102
432.85771436191493,10.0,10.0,9.997503294060582,10.055936249896703,2.1852096572652178,4.100795802302102
433.0577410321376,10.0,10.0,9.99631634585983,10.068363866826349,2.6852096572652178,3.600795802302102
433.2577677023603,10.0,10.0,9.985192417829348,10.075720439000404,2.293863524836581,3.100795802302102
433.457794372583,10.0,10.0,9.982985325023492,10.074672448198976,2.793863524836581,2.600795802302102
433.65782104280567,10.0,10.0,9.97099822624906,10.067597842356294,2.293863524836581,2.100795802302102
433.8578477130284,10.0,10.0,9.95055318042601,10.067289833006742,1.9566151439044959,2.600795802302102
434.0578743832511,10.0,10.0,9.939498834790605,10.06064111622737,2.4566151439044956,2.100795802302102
434.2579010534738,10.0,10.0,9.930155874478597,10.04804060618421,2.1872699927430195,1.6007958023021018
434.45792772369646,10.0,10.0,9.90587057837076,10.04250256641438,1.6872699927430195,2.100795802302102
434.65795439391917,10.0,10.0,9.893233220200957,10.041411848640353,2.1872699927430195,2.600795802302102
434.8579810641419,10.0,10.0,9.888062711523812,10.04995139618311,2.6872699927430195,3.100795802302102
435.05800773436454,10.0,10.0,9.892428651513896,10.060491195473004,3.1872699927430195,3.600795802302102
435.25803440458725,10.0,10.0,9.902851031289153,10.069843288296875,3.616273228422584,3.100795802302102
435.45806107480996,10.0,10.0,9.919392398085716,10.06988159163328,3.7880588388468235,2.600795802302102
435.6580877450327,10.0,10.0,9.936860078897162,10.07163807194483,3.7774329482689595,3.100795802302102
435.85811441525533,10.0,10.0,9.946529134116151,10.072547005198041,3.2774329482689595,2.822438638846015
436.05814108547804,10.0,10.0,9.947200611286137,10.074233685969151,2.9812133728762764,2.5723899239648476
436.25816775570075,10.0,10.0,9.938617549242569,10.066138632196104,2.4812133728762764,2.0723899239648476
436.45819442592347,10.0,10.0,9.940292857146787,10.066176852350617,2.9812133728762764,2.5723899239648476
436.6582210961461,10.0,10.0,9.942342849807895,10.068916806986008,3.0637750919974764,3.0723899239648476
436.85824776636883,10.0,10.0,9.939959448488981,10.068091697389468,3.003143097469831,2.5723899239648476
437.05827443659155,10.0,10.0,9.947517023338357,10.058193771004598,3.503143097469831,2.0723899239648476
437.2583011068142,10.0,10.0,9.950516038028072,10.048146521025307,3.003143097469831,1.5723899239648476
437.4583277770369,10.0,10.0,9.96244965733115,10.041834475747882,3.503143097469831,2.0723899239648476
437.6583544472596,10.0,10.0,9.979443996891991,10.027833861372969,4.003143097469831,1.5723899239648476
437.85838111748234,10.0,10.0,9.98618793280157,10.008050566239126,3.503143097469831,1.0723899239648476
438.058407787705,10.0,10.0,9.98985216279075,9.996257871738273,3.3683629779585695,1.5723899239648476
438.2584344579277,10.0,10.0,9.993389431925676,9.990791603584682,3.1162439090479195,2.0723899239648476
438.4584611281504,10.0,10.0,10.00331812786285,9.990864163737474,3.605984934068589,2.5723899239648476
438.6584877983731,10.0,10.0,10.003621823048347,9.985406851077903,3.105984934068589,2.0723899239648476
438.8585144685958,10.0,10.0,10.00036942511703,9.9825889196159,2.605984934068589,2.5723899239648476
439.0585411388185,10.0,10.0,9.997066852318273,9.980791053884358,2.9216836410752847,2.328678486268465
439.2585678090412,10.0,10.0,9.985474593566531,9.973801817814222,2.4216836410752847,1.828678486268465
439.45859447926387,10.0,10.0,9.983574182619012,9.957043934342579,2.9216836410752847,1.328678486268465
439.6586211494866,10.0,10.0,9.972317757069778,9.948534492089141,2.4216836410752847,1.828678486268465
439.8586478197093,10.0,10.0,9.968566304807284,9.948082089919705,2.9216836410752847,2.328678486268465
440.05867448993195,10.0,10.0,9.974782839873917,9.952946493444314,3.4216836410752847,2.828678486268465
440.25870116015466,10.0,10.0,9.976886790706791,9.948327503152608,2.974861304817561,2.328678486268465
440.45872783037737,10.0,10.0,9.98086542992465,9.937130599563746,3.2917895228749394,1.828678486268465
440.6587545006001,10.0,10.0,9.995047850984484,9.932810286990255,3.7917895228749394,2.328678486268465
440.85878117082274,10.0,10.0,10.000502613973099,9.9377190367855,3.2917895228749394,2.828678486268465
441.05880784104545,10.0,10.0,10.001088825353268,9.942916038385368,2.7917895228749394,2.7125993395030523
441.25883451126816,10.0,10.0,9.991381614192576,9.951015910048103,2.2917895228749394,3.2125993395030523
441.4588611814909,10.0,10.0,9.972344246258972,9.957321733221757,1.7917895228749394,2.7125993395030523
441.65888785171353,10.0,10.0,9.944822450638803,9.965381263237367,1.459104976536335,3.2125993395030523
441.85891452193624,10.0,10.0,9.929414465833258,9.97187608580432,1.959104976536335,2.7125993395030523
442.05894119215895,10.0,10.0,9.923266185039878,9.976030576054237,2.459104976536335,3.2125993395030523
442.2589678623816,10.0,10.0,9.909759321801591,9.978715451520006,1.9591049765363349,2.7125993395030523
442.4589945326043,10.0,10.0,9.903334299858479,9.985495212757609,2.459104976536335,3.2125993395030523
442.65902120282703,10.0,10.0,9.905676861432411,9.991205608007268,2.959104976536335,2.9510960569012274
442.85904787304975,10.0,10.0,9.915048313871349,9.990152013009563,3.459104976536335,2.4510960569012274
443.0590745432724,10.0,10.0,9.917728898040705,9.982647030314848,3.056090777319805,1.9510960569012274
443.2591012134951,10.0,10.0,9.925694818621652,9.983193366848854,3.556090777319805,2.4510960569012274
443.4591278837178,10.0,10.0,9.94309655945985,9.988464379168915,4.056090777319805,2.9510960569012274
443.6591545539405,10.0,10.0,9.956000151988901,10.001538585899286,3.556090777319805,3.4510960569012274
443.8591812241632,10.0,10.0,9.95581099635136,10.008661860485576,3.056090777319805,2.9510960569012274
444.0592078943859,10.0,10.0,9.950465059570964,10.014350081401847,2.556090777319805,3.026896435504256
444.2592345646086,10.0,10.0,9.952809533960544,10.014398170828164,3.056090777319805,2.526896435504256
444.4592612348313,10.0,10.0,9.958852783160932,10.005317195133692,3.3437178184946825,2.026896435504256
444.659287905054,10.0,10.0,9.95792107859045,9.993509324648082,2.8437178184946825,1.526896435504256
444.8593145752767,10.0,10.0,9.96864285245062,9.984272632973285,3.3437178184946825,2.026896435504256
445.05934124549935,10.0,10.0,9.966827906726662,9.980372721897544,2.8437178184946825,2.526896435504256
445.25936791572207,10.0,10.0,9.972598521270719,9.98299551743277,3.3437178184946825,2.7731311332416704
445.4593945859448,10.0,10.0,9.972016908568467,9.99135083407605,2.8437178184946825,3.2731311332416704
445.6594212561675,10.0,10.0,9.967167146535182,9.99131281030681,2.6409638950980736,2.8861239485509915
445.85944792639015,10.0,10.0,9.958030917985518,9.999029725843602,2.3497351447130885,3.291831691070693
446.05947459661286,10.0,10.0,9.939640377779831,10.006658753694401,1.8497351447130885,3.239978699653906
446.25950126683557,10.0,10.0,9.930221651436232,10.013021367105576,2.3497351447130885,2.739978699653906
446.4595279370583,10.0,10.0,9.930409334145057,10.020434848303772,2.8497351447130885,3.239978699653906
446.65955460728094,10.0,10.0,9.931831067301973,10.035324045382854,3.042675388415022,3.739978699653906
446.85958127750365,10.0,10.0,9.929365893943215,10.053717934603917,2.787133897896569,3.73763640207572
447.05960794772636,10.0,10.0,9.936158197552276,10.064996567892413,3.287133897896569,3.23763640207572
447.259634617949,10.0,10.0,9.949626497191533,10.073714457215955,3.4607509193188966,3.067737993408167
447.45966128817173,10.0,10.0,9.95996705802415,10.082880546254938,3.3751812738244724,3.227687219872398
447.65968795839444,10.0,10.0,9.978924346276793,10.09323291294286,3.8751812738244724,3.727687219872398
447.85971462861716,10.0,10.0,10.001541033346994,10.099223337637692,4.094080374043558,3.227687219872398
448.0597412988398,10.0,10.0,10.014436934192672,10.101326796935151,3.594080374043558,2.727687219872398
448.2597679690625,10.0,10.0,10.019720006423274,10.096695324395485,3.094080374043558,2.227687219872398
448.45979463928524,10.0,10.0,10.028245074405163,10.087055363311034,3.594080374043558,1.727687219872398
448.6598213095079,10.0,10.0,10.035519063929128,10.070143334982212,3.094080374043558,1.227687219872398
448.8598479797306,10.0,10.0,10.03248754545561,10.04586811283755,2.594080374043558,0.7345318224138311
449.0598746499533,10.0,10.0,10.035830139936644,10.02951698815863,3.094080374043558,1.234531822413831
449.259901320176,10.0,10.0,10.048619521399843,10.017817500923297,3.594080374043558,1.3323653057842755
449.4599279903987,10.0,10.0,10.052945041405176,10.007426064818107,3.094080374043558,1.8323653057842755
449.6599546606214,10.0,10.0,10.047790598579546,10.005539991337999,2.594080374043558,2.3323653057842755
449.8599813308441,10.0,10.0,10.035692346136157,10.008879235918492,2.094080374043558,2.8323653057842755
450.06000800106676,10.0,10.0,10.017158910732412,10.017211509057223,1.7108476331362792,3.2511806161776797
450.2600346712895,10.0,10.0,10.007489700198532,10.019080866258212,2.1496272306824267,2.7511806161776797
450.4600613415122,10.0,10.0,10.002400334712261,10.028071393312025,2.6496272306824267,3.2511806161776797
450.6600880117349,10.0,10.0,10.008645798971793,10.043286608883768,3.1312082442391977,3.6587728009968825
450.86011468195755,10.0,10.0,10.008206307217428,10.052217925675196,2.9339198797597783,3.1587728009968825
451.06014135218027,10.0,10.0,10.008877858210786,10.055601696417565,2.759930020566248,2.9024264134875746
451.260168022403,10.0,10.0,10.002912097430416,10.05123165418049,2.259930020566248,2.4024264134875746
451.4601946926257,10.0,10.0,9.984491816352062,10.03950412843212,1.759930020566248,1.9931650466895454
451.66022136284835,10.0,10.0,9.961781757797697,10.025476337778203,1.3134277796915432,1.4931650466895454
451.86024803307106,10.0,10.0,9.94814734890204,10.021008150750346,1.8134277796915432,1.9931650466895454
452.06027470329377,10.0,10.0,9.940461365240903,10.008509389356153,2.3134277796915432,1.4931650466895454
452.2603013735164,10.0,10.0,9.92610369058559,9.99188721655399,1.9577596200114573,0.9931650466895454
452.46032804373914,10.0,10.0,9.900315796320013,9.981785646327952,1.4577596200114573,1.4931650466895454
452.66035471396185,10.0,10.0,9.887607342444745,9.973334303570248,1.957759620011457,1.9931650466895454
452.86038138418456,10.0,10.0,9.8799976193352,9.960289409873585,2.457759620011457,1.4931650466895454
453.0604080544072,10.0,10.0,9.879929466102336,9.95771723852538,2.957759620011457,1.9931650466895454
453.26043472462993,10.0,10.0,9.888574772594792,9.956576407883913,3.457759620011457,2.4931650466895454
453.46046139485264,10.0,10.0,9.900214547579592,9.962307516273068,3.645491009863175,2.9931650466895454
453.6604880650753,10.0,10.0,9.915159124738016,9.961881847361443,3.824720072550059,2.4931650466895454
453.860514735298,10.0,10.0,9.927067972568299,9.957261128359024,3.506443895479236,1.9931650466895454
454.0605414055207,10.0,10.0,9.928474272633308,9.95447295839013,3.006443895479236,2.4931650466895454
454.26056807574344,10.0,10.0,9.921815010988603,9.961751360124126,2.506443895479236,2.9931650466895454
454.4605947459661,10.0,10.0,9.923367696672164,9.974047146147313,3.006443895479236,3.4931650466895454
454.6606214161888,10.0,10.0,9.922228681076533,9.988117571663954,2.7559645008208458,3.7119976734278146
454.8606480864115,10.0,10.0,9.910543612584345,9.995891804442055,2.2559645008208458,3.2119976734278146
455.06067475663417,10.0,10.0,9.908609681196502,9.997468490991666,2.7559645008208458,2.7119976734278146
455.2607014268569,10.0,10.0,9.918800642313098,9.998708893240996,3.2559645008208458,2.580834362109257
455.4607280970796,10.0,10.0,9.918618407960327,10.00078407579973,2.7559645008208458,2.6323790236732205
455.6607547673023,10.0,10.0,9.928279296551906,10.004898561047737,3.2559645008208458,2.9017443435262606
455.86078143752496,10.0,10.0,9.932004906057115,10.004256042057605,2.8361289511825487,2.4017443435262606
456.0608081077477,10.0,10.0,9.934938477741994,10.004827316121878,2.939503314902598,2.9017443435262606
456.2608347779704,10.0,10.0,9.946641146142959,10.015546460942877,3.439503314902598,3.4017443435262606
456.4608614481931,10.0,10.0,9.948636722307915,10.01982896773415,2.939503314902598,2.925798946743625
456.66088811841576,10.0,10.0,9.95818210181438,10.016221448383455,3.439503314902598,2.425798946743625
456.86091478863847,10.0,10.0,9.97692837770589,10.005600301520994,3.939503314902598,1.9257989467436252
457.0609414588612,10.0,10.0,9.987482230935502,9.995225759250381,3.439503314902598,1.448286455334126
457.26096812908384,10.0,10.0,9.993809356716515,9.991168902932326,3.2889637809689565,1.948286455334126
457.46099479930655,10.0,10.0,10.014572142052815,9.991958709351106,3.7889637809689565,2.448286455334126
457.66102146952926,10.0,10.0,10.024405442382424,9.997145156681412,3.2889637809689565,2.948286455334126
457.861048139752,10.0,10.0,10.02715937439169,9.999476681560767,3.0755714795764666,2.9131702717150083
458.0610748099746,10.0,10.0,10.022469206370666,10.008461264242714,2.5755714795764666,3.4131702717150083
458.26110148019734,10.0,10.0,10.024615186747813,10.0219782556696,3.0755714795764666,3.9131702717150083
458.46112815042005,10.0,10.0,10.023661641516155,10.03014396613361,2.5755714795764666,3.4131702717150083
458.6611548206427,10.0,10.0,10.008837002555556,10.033147237168999,2.0755714795764666,2.9131702717150083
458.8611814908654,10.0,10.0,9.998531471761156,10.029620735205748,2.289245993840669,2.4131702717150083
459.06120816108813,10.0,10.0,10.001322707098636,10.022149105944377,2.789245993840669,1.9131702717150083
459.26123483131084,10.0,10.0,9.999506744825883,10.012819937947782,2.834218993274214,1.4131702717150083
459.4612615015335,10.0,10.0,9.993753874460896,10.004026340558779,2.334218993274214,1.9131702717150083
459.6612881717562,10.0,10.0,9.99517517221217,10.001545572216612,2.834218993274214,2.4131702717150083
459.8613148419789,10.0,10.0,10.005223204359671,10.007348647888216,3.334218993274214,2.9131702717150083
460.0613415122016,10.0,10.0,10.006975739506268,10.002136190790367,2.834218993274214,2.4131702717150083
460.2613681824243,10.0,10.0,10.015570833128841,10.006400538180099,3.334218993274214,2.9131702717150083
460.461394852647,10.0,10.0,10.016404364303725,10.009914551491617,2.834218993274214,2.968162249204907
460.6614215228697,10.0,10.0,10.022783010111906,10.022643447400373,3.334218993274214,3.468162249204907
460.8614481930924,10.0,10.0,10.019661146763474,10.025533018680838,2.834218993274214,2.968162249204907
461.0614748633151,10.0,10.0,10.028434025978873,10.038169315577877,3.3204439582850043,3.468162249204907
461.2615015335378,10.0,10.0,10.028765677140344,10.043618128959826,2.8204439582850043,2.968162249204907
461.4615282037605,10.0,10.0,10.026809972014801,10.041538361998901,2.668210119130557,2.468162249204907
461.66155487398316,10.0,10.0,10.016110544697975,10.034663196366182,2.168210119130557,1.968162249204907
461.8615815442059,10.0,10.0,10.010190936685618,10.018866532889609,2.668210119130557,1.468162249204907
462.0616082144286,10.0,10.0,10.009509132374875,9.998295642966266,2.7676769300738675,0.9681622492049069
462.26163488465124,10.0,10.0,10.019296016413216,9.981997687207977,3.2676769300738675,1.468162249204907
462.46166155487396,10.0,10.0,10.019561798837646,9.973343737854796,2.7676769300738675,1.968162249204907
462.66168822509667,10.0,10.0,10.007165671309249,9.975691122081749,2.4170451758579463,2.468162249204907
462.8617148953194,10.0,10.0,9.989508306160864,9.982141840246813,1.9170451758579463,2.968162249204907
463.06174156554204,10.0,10.0,9.981573221916777,9.978973458648882,2.4170451758579463,2.5694404334220673
463.26176823576475,10.0,10.0,9.980831021420581,9.968175578280809,2.9170451758579463,2.0694404334220673
463.46179490598746,10.0,10.0,9.983523059731269,9.967919267555182,2.906886835112153,2.4792664808735827
463.6618215762101,10.0,10.0,9.985794883892273,9.975834561340367,3.1232836738258105,2.9792664808735827
463.8618482464328,10.0,10.0,9.987060607828722,9.977445041729263,2.952611431696658,2.7182643919790412
464.06187491665554,10.0,10.0,9.986162397496,9.973732160571592,2.858117458380792,2.2182643919790412
464.26190158687825,10.0,10.0,9.995195118527386,9.977014677602938,3.358117458380792,2.7182643919790412
464.4619282571009,10.0,10.0,10.001844228808462,9.975439440060244,2.858117458380792,2.2182643919790412
464.6619549273236,10.0,10.0,9.992121446839844,9.97095027650319,2.358117458380792,1.9300934731810895
464.86198159754633,10.0,10.0,9.976658192580015,9.966318925522499,1.858117458380792,2.062239713212527
465.062008267769,10.0,10.0,9.969480617552588,9.9674382202016,2.358117458380792,2.562239713212527
465.2620349379917,10.0,10.0,9.96999614002858,9.961506035963103,2.858117458380792,2.062239713212527
465.4620616082144,10.0,10.0,9.976246707815225,9.962930291577822,3.358117458380792,2.562239713212527
465.6620882784371,10.0,10.0,9.978205195527261,9.96936375982235,2.858117458380792,3.062239713212527
465.8621149486598,10.0,10.0,9.970684240870746,9.982216973630056,2.358117458380792,3.562239713212527
466.0621416188825,10.0,10.0,9.955593783761037,9.988360883772916,1.858117458380792,3.062239713212527
466.2621682891052,10.0,10.0,9.946024239035063,9.996148765515526,2.358117458380792,3.111445246037916
466.4621949593279,10.0,10.0,9.948675629661237,9.997935378346284,2.858117458380792,2.611445246037916
466.6622216295506,10.0,10.0,9.955164214038465,9.990617231558813,3.358117458380792,2.111445246037916
466.8622482997733,10.0,10.0,9.963939433249053,9.99033411916877,3.3001836970583605,2.611445246037916
467.062274969996,10.0,10.0,9.983565835029635,9.99347016295661,3.8001836970583605,2.8686273470081036
467.26230164021865,10.0,10.0,9.990468051879368,9.990490641173283,3.3001836970583605,2.3686273470081036
467.46232831044136,10.0,10.0,9.994815684248614,9.98836622209444,3.187854854431548,2.234570320547881
467.6623549806641,10.0,10.0,10.003273888458974,9.982237032909469,3.4735599387386493,2.344115908811729
467.8623816508868,10.0,10.0,10.021929202521022,9.981596259689022,3.8567490851022552,2.5556007769626787
468.06240832110944,10.0,10.0,10.04651910637043,9.987124872332464,4.320974648818505,3.0556007769626787
468.26243499133216,10.0,10.0,10.067953075436185,9.996556302458519,3.955412165556248,3.1138566145832325
468.46246166155487,10.0,10.0,10.083664548297756,10.00228553980776,3.751271645074297,2.93304814970317
468.6624883317775,10.0,10.0,10.094219961860356,10.013613127918196,3.251271645074297,3.43304814970317
468.86251500200024,10.0,10.0,10.090432021031646,10.02578934420342,2.751271645074297,3.5247938354525816
469.06254167222295,10.0,10.0,10.0844815568734,10.032565348698208,2.573376593229952,3.0247938354525816
469.26256834244566,10.0,10.0,10.087409866969923,10.029589824230696,2.9725760963984342,2.5247938354525816
469.4625950126683,10.0,10.0,10.083134020563804,10.025933164502502,2.4725760963984342,2.0247938354525816
469.66262168289103,10.0,10.0,10.069329875499639,10.025631447415378,2.174003734426973,2.5247938354525816
469.86264835311374,10.0,10.0,10.066489891856664,10.020569531815548,2.674003734426973,2.0247938354525816
470.06267502333645,10.0,10.0,10.073205111062961,10.020682024560966,3.174003734426973,2.5247938354525816
470.2627016935591,10.0,10.0,10.069288195316826,10.027342486079418,2.674003734426973,3.0247938354525816
470.4627283637818,10.0,10.0,10.073123596834547,10.038479553689008,3.174003734426973,3.5247938354525816
470.66275503400453,10.0,10.0,10.07268882612701,10.045611646863694,2.8806916441502617,3.0247938354525816
470.8627817042272,10.0,10.0,10.072430506886086,10.047985239979605,2.883208869307977,2.5247938354525816
471.0628083744499,10.0,10.0,10.064368437798617,10.042415542198025,2.383208869307977,2.0247938354525816
471.2628350446726,10.0,10.0,10.052273769207517,10.042734605805748,1.883208869307977,2.5247938354525816
471.4628617148953,10.0,10.0,10.022118469410772,10.038400243341329,1.383208869307977,2.0247938354525816
471.662888385118,10.0,10.0,10.007815072824663,10.023435127940486,1.8064922150141793,1.5247938354525816
471.8629150553407,10.0,10.0,9.998702913487456,10.014239100508572,2.3064922150141793,2.0247938354525816
472.0629417255634,10.0,10.0,9.9952083264278,10.013192222756171,2.8064922150141793,2.5247938354525816
472.26296839578606,10.0,10.0,9.988628791089885,10.015524862692306,2.3064922150141793,2.7516256923740086
472.4629950660088,10.0,10.0,9.988618887441891,10.011247758510207,2.730535365113337,2.2516256923740086
472.6630217362315,10.0,10.0,9.99525147329764,10.00806297202563,3.230535365113337,2.2992186154847776
472.8630484064542,10.0,10.0,9.994466886003332,10.009712469723317,2.730535365113337,2.7992186154847776
473.06307507667685,10.0,10.0,9.982841402627455,10.010992409794227,2.230535365113337,2.5283584843849027
473.26310174689957,10.0,10.0,9.983062027871771,10.016314133840512,2.730535365113337,3.0283584843849027
473.4631284171223,10.0,10.0,9.983698370369563,10.014546016994462,2.724968350508314,2.5283584843849027
473.66315508734493,10.0,10.0,9.989543845454877,10.021513547584437,3.224968350508314,3.0283584843849027
473.86318175756765,10.0,10.0,9.98460033612126,10.022357184416547,2.724968350508314,2.5283584843849027
474.06320842779036,10.0,10.0,9.99451863303415,10.032713349528356,3.224968350508314,3.0283584843849027
474.26323509801307,10.0,10.0,9.99731748871297,10.031752074495309,2.724968350508314,2.5283584843849027
474.4632617682357,10.0,10.0,9.996128805673843,10.022964498964388,2.87618271947281,2.0283584843849027
474.66328843845844,10.0,10.0,10.00068160765794,10.021001923192518,2.9989455918270336,2.3454276995130097
474.86331510868115,10.0,10.0,9.993701452274765,10.025919453650095,2.4989455918270336,2.8454276995130097
475.06334177890386,10.0,10.0,9.987794741963036,10.022540267453557,2.5008813928885143,2.3454276995130097
475.2633684491265,10.0,10.0,9.982262331021197,10.012103306754545,2.3820380404874872,1.8454276995130097
475.46339511934923,10.0,10.0,9.9810613488802,9.99678254462551,2.8820380404874872,1.3454276995130097
475.66342178957194,10.0,10.0,9.989207305321122,9.978308627779565,3.3820380404874872,0.8454276995130097
475.8634484597946,10.0,10.0,10.004504326288219,9.96235180022393,3.8820380404874872,1.3454276995130097
476.0634751300173,10.0,10.0,10.03328611222884,9.953461958495213,4.382038040487487,1.8454276995130097
476.26350180024,10.0,10.0,10.062430244009708,9.950073821725113,4.599455540637303,2.3454276995130097
476.46352847046273,10.0,10.0,10.078822898224374,9.951936552812498,4.099455540637303,2.8454276995130097
476.6635551406854,10.0,10.0,10.091515743284821,9.9535669545197,3.5994555406373028,2.6299439228904653
476.8635818109081,10.0,10.0,10.097224970358349,9.954897839897352,3.0994555406373028,2.552583611502869
477.0636084811308,10.0,10.0,10.090640079452411,9.962717900821303,2.5994555406373028,3.052583611502869
477.26363515135347,10.0,10.0,10.078604427030008,9.974889817648764,2.0994555406373028,3.552583611502869
477.4636618215762,10.0,10.0,10.076108506319702,9.986689879823265,2.424245815379329,3.453603188934316
477.6636884917989,10.0,10.0,10.06140969478666,9.993345290412059,1.924245815379329,3.2954966001206007
477.8637151620216,10.0,10.0,10.05402394479053,10.006058349166684,2.424245815379329,3.526075014723006
478.06374183224426,10.0,10.0,10.05499393749526,10.014176632183375,2.7096259041728765,3.026075014723006
478.263768502467,10.0,10.0,10.044703738857896,10.01586203908491,2.2096259041728765,2.526075014723006
478.4637951726897,10.0,10.0,10.042250564817106,10.025017975984003,2.7096259041728765,3.026075014723006
478.66382184291234,10.0,10.0,10.027615494121477,10.035390499256753,2.2096259041728765,3.522179741474568
478.86384851313505,10.0,10.0,10.014213643804739,10.042465426373816,1.7096259041728765,3.022179741474568
479.06387518335777,10.0,10.0,9.987654026705131,10.050269500984431,1.2096259041728765,3.2334497428821978
479.2639018535805,10.0,10.0,9.969081978758442,10.06540678101171,1.7096259041728765,3.7334497428821978
479.46392852380313,10.0,10.0,9.946683427776374,10.071641559972248,1.313095273921697,3.2334497428821978
479.66395519402585,10.0,10.0,9.928937905606189,10.085713400265849,1.813095273921697,3.7334497428821978
479.86398186424856,10.0,10.0,9.926968583146934,10.090432679400077,2.313095273921697,3.2650256841450043
480.06400853447127,10.0,10.0,9.914826136974701,10.093384897948708,2.177683865808563,2.7650256841450043
480.2640352046939,10.0,10.0,9.917054244296365,10.089972276402063,2.677683865808563,2.2650256841450043
480.46406187491664,10.0,10.0,9.925829567061133,10.085390714958882,3.177683865808563,1.7650256841450043
480.66408854513935,10.0,10.0,9.93996936924285,10.069084985285432,3.677683865808563,1.3303413483843192
480.864115215362,10.0,10.0,9.947779207339323,10.056652294473611,3.177683865808563,1.5901734379033774
481.0641418855847,10.0,10.0,9.949226302001088,10.036453436249463,3.0506510790564416,1.0901734379033774
481.26416855580743,10.0,10.0,9.961799424734682,10.026616174868538,3.5506510790564416,1.5901734379033774
481.46419522603014,10.0,10.0,9.970454839594314,10.009788981523503,3.0506510790564416,1.0901734379033776
481.6642218962528,10.0,10.0,9.964855865894384,9.995895897041525,2.5512226465977785,1.5901734379033776
481.8642485664755,10.0,10.0,9.968656618605486,9.991275886843585,3.0512226465977785,2.0901734379033776
482.0642752366982,10.0,10.0,9.973565464137035,9.993780010005935,3.1816786716421204,2.5901734379033776
482.2643019069209,10.0,10.0,9.973417109327826,9.99165558507848,2.6816786716421204,2.0901734379033776
482.4643285771436,10.0,10.0,9.972297117219815,9.981950458500812,2.973085489716562,1.5901734379033776
482.6643552473663,10.0,10.0,9.965980374809162,9.976040529830719,2.612547848806145,2.0901734379033776
482.864381917589,10.0,10.0,9.971717836481115,9.973642363475053,3.112547848806145,2.5901734379033776
483.06440858781167,10.0,10.0,9.965271300198873,9.965139974627842,2.6197136160700363,2.0901734379033776
483.2644352580344,10.0,10.0,9.969654367643011,9.95517176825484,3.1197136160700363,1.5901734379033776
483.4644619282571,10.0,10.0,9.982737251936712,9.94102879658318,3.3133091924323383,1.0901734379033776
483.66448859847975,10.0,10.0,9.980889175606807,9.918453218168983,2.8133091924323383,0.5901734379033776
483.86451526870246,10.0,10.0,9.970378859518707,9.901006554592543,2.3133091924323383,1.0901734379033776
484.0645419389252,10.0,10.0,9.970407040071303,9.891478672728416,2.8133091924323383,1.5901734379033776
484.2645686091479,10.0,10.0,9.963301143919008,9.883956825680142,2.3133091924323383,2.0901734379033776
484.46459527937054,10.0,10.0,9.959052551617399,9.88563571490745,2.8133091924323383,2.5901734379033776
484.66462194959325,10.0,10.0,9.965320110779611,9.888507436521289,3.0374590414350595,3.0901734379033776
484.86464861981597,10.0,10.0,9.974357918619472,9.900536913646125,3.3923635279413813,3.5901734379033776
485.0646752900387,10.0,10.0,9.995489234172469,9.919104415259566,3.8923635279413813,4.090173437903378
485.26470196026133,10.0,10.0,10.01673045036795,9.929800571223836,4.088945313387193,3.628569489387269
485.46472863048405,10.0,10.0,10.032684019987032,9.937249082815914,3.5889453133871934,3.128569489387269
485.66475530070676,10.0,10.0,10.035306143921964,9.950031022129963,3.0889453133871934,3.628569489387269
485.8647819709294,10.0,10.0,10.045278442131792,9.955076195283798,3.5889453133871934,3.128569489387269
486.0648086411521,10.0,10.0,10.046768610317114,9.952547144800283,3.0889453133871934,2.628569489387269
486.26483531137484,10.0,10.0,10.044727596024757,9.96127253370612,2.5889453133871934,3.1250993228017974
486.46486198159755,10.0,10.0,10.040805711347137,9.965814008987829,2.4071080140716545,2.6250993228017974
486.6648886518202,10.0,10.0,10.042897163274922,9.959950588189882,2.9071080140716545,2.1250993228017974
486.8649153220429,10.0,10.0,10.03367003270501,9.963554198101978,2.4071080140716545,2.6250993228017974
487.06494199226563,10.0,10.0,10.028100906880839,9.951270401129833,2.2054608036897343,2.1250993228017974
487.2649686624883,10.0,10.0,10.025148478502292,9.951099182829548,2.7054608036897343,2.6250993228017974
487.464995332711,10.0,10.0,10.00883671572635,9.955134124880123,2.2054608036897343,2.7458993232718223
487.6650220029337,10.0,10.0,9.990497503967553,9.951050861358102,1.7054608036897343,2.2458993232718223
487.8650486731564,10.0,10.0,9.985868116839667,9.95387148800681,2.2054608036897343,2.7458993232718223
488.0650753433791,10.0,10.0,9.97054490450759,9.949001448480876,2.099980894474491,2.2458993232718223
488.2651020136018,10.0,10.0,9.964142185919474,9.953058263038011,2.599980894474491,2.7458993232718223
488.4651286838245,10.0,10.0,9.969407017582757,9.965702533177147,3.099980894474491,3.2458993232718223
488.66515535404716,10.0,10.0,9.967093654624712,9.979123133805397,2.599980894474491,3.5452157132606996
488.86518202426987,10.0,10.0,9.971492938523038,9.995754601135332,3.099980894474491,4.014339823274462
489.0652086944926,10.0,10.0,9.969748053834872,10.009062826759767,2.664141993570238,3.6809478688068555
489.2652353647153,10.0,10.0,9.968885378009922,10.027357981587638,2.9231788933306495,4.1148061535268745
489.46526203493795,10.0,10.0,9.981913402939973,10.043679072145228,3.4231788933306495,3.6148061535268745
489.66528870516066,10.0,10.0,9.994768238471236,10.046613465115962,3.6101026904919697,3.1148061535268745
489.8653153753834,10.0,10.0,10.003674509781614,10.048399007159055,3.1101026904919697,2.6148061535268745
490.0653420456061,10.0,10.0,10.000801181430235,10.044517794889522,2.825929972989481,2.2588157246049447
490.26536871582874,10.0,10.0,9.994150471201912,10.034565163446215,2.325929972989481,1.7588157246049447
490.46539538605145,10.0,10.0,9.994434666382638,10.020799751356373,2.7564712697117675,1.2588157246049447
490.66542205627417,10.0,10.0,10.003098232936159,10.009522713009721,3.2564712697117675,1.7588157246049447
490.8654487264968,10.0,10.0,10.010031577207966,10.002570014453115,3.425033724838216,2.2588157246049447
491.06547539671953,10.0,10.0,10.0119251409408,9.99261648282118,2.925033724838216,1.7588157246049447
491.26550206694225,10.0,10.0,10.006046241959323,9.990071560781805,2.425033724838216,2.2588157246049447
491.46552873716496,10.0,10.0,10.00728566320284,9.995141480970778,2.925033724838216,2.7588157246049447
491.6655554073876,10.0,10.0,10.012886363919717,10.002916710548105,3.3202276346821207,3.2588157246049447
491.8655820776103,10.0,10.0,10.027473401851745,10.005160895248592,3.8202276346821207,2.7588157246049447
492.06560874783304,10.0,10.0,10.052762254407785,10.001059701853995,4.310900173734633,2.2588157246049447
492.2656354180557,10.0,10.0,10.074747865380012,9.997426116515289,4.1774395203914585,2.2681008728911465
492.4656620882784,10.0,10.0,10.092086187486366,9.982776043935955,3.6774395203914585,1.7681008728911465
492.6656887585011,10.0,10.0,10.098172270101513,9.980154379659718,3.1774395203914585,2.2681008728911465
492.86571542872383,10.0,10.0,10.093519440643217,9.98278453249273,2.6774395203914585,2.7681008728911465
493.0657420989465,10.0,10.0,10.100435708184266,9.990972040227108,3.1774395203914585,3.2681008728911465
493.2657687691692,10.0,10.0,10.103568720356668,9.994721845987502,2.6774395203914585,2.7681008728911465
493.4657954393919,10.0,10.0,10.090938109397669,9.989172915016896,2.1774395203914585,2.2681008728911465
493.66582210961457,10.0,10.0,10.076063896360532,9.990988530162046,1.876251272824771,2.7681008728911465
493.8658487798373,10.0,10.0,10.05382168946811,10.00183236565926,1.376251272824771,3.2681008728911465
494.06587545006,10.0,10.0,10.020938795658534,10.009871862868009,0.8762512728247711,2.7681008728911465
494.2659021202827,10.0,10.0,10.001926784636353,10.010409090566723,1.376251272824771,2.6163856235973504
494.46592879050536,10.0,10.0,9.988028569776223,10.00005182583983,1.876251272824771,2.1163856235973504
494.66595546072807,10.0,10.0,9.963953278975842,9.98703269452569,1.376251272824771,1.6163856235973504
494.8659821309508,10.0,10.0,9.947453885856003,9.978917931252036,1.7484244784656515,2.1163856235973504
495.0660088011735,10.0,10.0,9.93413688213186,9.978169259222279,2.2461360184790276,2.3542947717322975
495.26603547139615,10.0,10.0,9.928453580440653,9.973213328607953,2.7461360184790276,2.0576624224367523
495.46606214161886,10.0,10.0,9.925182405318214,9.961139755223615,2.615245165002816,1.5822994810491278
495.6660888118416,10.0,10.0,9.925421136740828,9.95597317982321,3.115245165002816,2.0822994810491275
495.86611548206423,10.0,10.0,9.938276382035866,9.95779095152168,3.615245165002816,2.5822994810491275
496.06614215228694,10.0,10.0,9.952382254098172,9.962719234531269,3.5204297547474086,3.0822994810491275
496.26616882250966,10.0,10.0,9.976507234101568,9.975573909478419,4.020429754747409,3.5822994810491275
496.46619549273237,10.0,10.0,9.984486278042906,9.992845024423467,3.5204297547474086,4.0822994810491275
496.666222162955,10.0,10.0,9.99050856612761,10.003177350679996,3.0204297547474086,3.5822994810491275
496.86624883317774,10.0,10.0,10.002114795051469,10.008744442941914,3.5204297547474086,3.0822994810491275
497.06627550340045,10.0,10.0,10.002004076120285,10.015595691449427,3.0204297547474086,3.5822994810491275
497.2663021736231,10.0,10.0,9.993259533598845,10.025178985915995,2.5204297547474086,3.0822994810491275
497.4663288438458,10.0,10.0,9.981096046913253,10.027327693200709,2.3801568602159673,2.5822994810491275
497.6663555140685,10.0,10.0,9.982549447706443,10.026318561254188,2.8801568602159673,2.2743560788923083
497.86638218429124,10.0,10.0,9.974860112867095,10.015889518437751,2.3801568602159673,1.8577356684869275
498.0664088545139,10.0,10.0,9.980008104221154,10.011486014003404,2.8801568602159673,2.0762660925311667
498.2664355247366,10.0,10.0,9.989656711902814,9.999903389225056,3.3789155196597886,1.5762660925311667
498.4664621949593,10.0,10.0,9.993116463208409,9.981807706835202,2.8789155196597886,1.0762660925311667
498.666488865182,10.0,10.0,10.00153780943522,9.961144908372649,3.3789155196597886,1.0673046185469452
498.8665155354047,10.0,10.0,10.00139004445902,9.932323370071666,2.8789155196597886,0.5673046185469452
499.0665422056274,10.0,10.0,10.010484789772672,9.914582020789558,3.3789155196597886,1.0673046185469452
499.2665688758501,10.0,10.0,10.027246097336663,9.9048478699662,3.8789155196597886,1.5673046185469452
499.46659554607277,10.0,10.0,10.033837845400809,9.89843544065575,3.3789155196597886,2.0673046185469452
499.6666222162955,10.0,10.0,10.043793279205095,9.899458534142761,3.7759177580268544,2.5673046185469452
499.8666488865182,10.0,10.0,10.04930512757448,9.909033155821062,3.2759177580268544,3.0673046185469452
500.0666755567409,10.0,10.0,10.045197147267025,9.91041885794057,2.7759177580268544,2.5673046185469452
500.26670222696356,10.0,10.0,10.054497874359566,9.918970958655024,3.2759177580268544,3.0673046185469452
500.4667288971863,10.0,10.0,10.051867905815415,9.920078788440817,2.7759177580268544,2.5673046185469452
500.666755567409,10.0,10.0,10.040971684102173,9.931727840372801,2.2759177580268544,3.0673046185469452
500.86678223763164,10.0,10.0,10.039395399231305,9.947381824787929,2.7759177580268544,3.5673046185469452
501.06680890785435,10.0,10.0,10.03307188713592,9.95958060559989,2.6007828722230464,3.6820912155963152
501.26683557807706,10.0,10.0,10.037588743299168,9.966310830626767,3.047111679040714,3.205030208646552
501.4668622482998,10.0,10.0,10.048551393412044,9.981960654778668,3.547111679040714,3.705030208646552
501.66688891852243,10.0,10.0,10.055741694624096,9.996714304011064,3.047111679040714,3.7164893265184293
501.86691558874514,10.0,10.0,10.059990947664351,10.00543990676274,3.2875561558353614,3.2164893265184293
502.06694225896786,10.0,10.0,10.055621162586407,10.006479997173399,2.7875561558353614,2.7164893265184293
502.2669689291905,10.0,10.0,10.050633795415925,10.000061258355435,2.2875561558353614,2.2164893265184293
502.4669955994132,10.0,10.0,10.032769616467336,10.001492846345835,1.7875561558353614,2.7164893265184293
502.66702226963594,10.0,10.0,10.028374465348941,10.001032054024956,2.2875561558353614,2.2164893265184293
502.86704893985865,10.0,10.0,10.030381422586135,10.002530229583831,2.7875561558353614,2.649741374784732
503.0670756100813,10.0,10.0,10.018485898134502,10.000471611914021,2.2875561558353614,2.149741374784732
503.267102280304,10.0,10.0,10.020915579313696,10.002750765675184,2.7875561558353614,2.649741374784732
503.4671289505267,10.0,10.0,10.030077612076564,10.009002653872487,3.2875561558353614,3.149741374784732
503.66715562074944,10.0,10.0,10.049209242450262,10.021887240085551,3.7875561558353614,3.485531029756239
503.8671822909721,10.0,10.0,10.056321809239844,10.029475322012486,3.2875561558353614,2.985531029756239
504.0672089611948,10.0,10.0,10.053612109371594,10.028318811774202,2.7875561558353614,2.485531029756239
504.2672356314175,10.0,10.0,10.044419183495355,10.032195560023307,2.2875561558353614,2.985531029756239
504.4672623016402,10.0,10.0,10.033202119732914,10.043414186762032,1.7875561558353614,3.485531029756239
504.6672889718629,10.0,10.0,10.024600149341248,10.048865405786442,2.2875561558353614,2.985531029756239
504.8673156420856,10.0,10.0,10.025167446222659,10.058935323593175,2.7875561558353614,3.485531029756239
505.0673423123083,10.0,10.0,10.021696239652972,10.064929160323778,2.2875561558353614,2.985531029756239
505.26736898253097,10.0,10.0,10.023362288071175,10.074603498969484,2.7875561558353614,3.485531029756239
505.4673956527537,10.0,10.0,10.031046234714033,10.077186318023001,3.2875561558353614,2.993642213420053
505.6674223229764,10.0,10.0,10.030254006231106,10.077238126678935,2.7875561558353614,2.493642213420053
505.86744899319905,10.0,10.0,10.02535675224807,10.076288670024427,2.2875561558353614,2.4123144793293276
506.06747566342176,10.0,10.0,10.023661702855627,10.067796256515944,2.6469745561441673,1.9123144793293276
506.2675023336445,10.0,10.0,10.016602236002198,10.054701922468734,2.257499346331168,1.4123144793293276
506.4675290038672,10.0,10.0,10.019608831660923,10.051102867301015,2.6150864192911047,1.9123144793293276
506.66755567408984,10.0,10.0,10.01183241136833,10.046103629986316,2.1150864192911047,2.4123144793293276
506.86758234431255,10.0,10.0,10.008147886489613,10.047693417429524,2.6150864192911047,2.9123144793293276
507.06760901453526,10.0,10.0,9.999029627604822,10.046275496504407,2.1150864192911047,2.4123144793293276
507.2676356847579,10.0,10.0,9.995373342705154,10.042593995991401,2.6150864192911047,1.9938158975752078
507.46766235498063,10.0,10.0,9.989036550936115,10.029411879923915,2.4985163804965476,1.4938158975752078
507.66768902520334,10.0,10.0,9.990808578477814,10.021536487760942,2.9985163804965476,1.9938158975752078
507.86771569542606,10.0,10.0,9.986851185847714,10.01060550463752,2.585346070369394,1.8079657317690727
508.0677423656487,10.0,10.0,9.982174065648167,10.004806462915813,2.533950387724664,2.3079657317690727
508.2677690358714,10.0,10.0,9.986393511285883,10.0042495949545,3.033950387724664,2.8079657317690727
508.46779570609414,10.0,10.0,9.990510988309287,10.001014449557175,3.0930055321669543,2.3079657317690727
508.66782237631685,10.0,10.0,10.003769484272595,10.000240778441615,3.5930055321669543,2.8079657317690727
508.8678490465395,10.0,10.0,10.00788800985359,9.997403492609205,3.0930055321669543,2.3079657317690727
509.0678757167622,10.0,10.0,10.001464039620428,9.987928700930256,2.5930055321669543,1.8079657317690727
509.26790238698493,10.0,10.0,10.00870021852689,9.97187738228785,3.0930055321669543,1.3079657317690727
509.4679290572076,10.0,10.0,10.010403095429542,9.947536746243397,2.7386513330576086,0.8079657317690727
509.6679557274303,10.0,10.0,9.999207618262076,9.929994419544045,2.2386513330576086,1.3079657317690727
509.867982397653,10.0,10.0,9.993527302148683,9.907417848596571,2.7386513330576086,0.8079657317690727
510.0680090678757,10.0,10.0,9.990928891562413,9.89020725526976,2.5400724513204644,1.3079657317690727
510.2680357380984,10.0,10.0,9.990435465116292,9.886202341381141,3.0400724513204644,1.8079657317690727
510.4680624083211,10.0,10.0,9.992452663225619,9.879667917778152,2.920857732355088,2.3079657317690727
510.6680890785438,10.0,10.0,9.996914583873389,9.88053645033595,3.420857732355088,2.8079657317690727
510.86811574876646,10.0,10.0,9.994683860996663,9.891747813589562,2.920857732355088,3.3079657317690727
511.06814241898917,10.0,10.0,10.001379733358172,9.9073741504091,3.180657976132121,3.8079657317690727
511.2681690892119,10.0,10.0,9.999014799848169,9.91934975854064,2.680657976132121,3.3079657317690727
511.4681957594346,10.0,10.0,10.003029479940903,9.935276238847559,3.180657976132121,3.8079657317690727
511.66822242965725,10.0,10.0,10.016545102414112,9.954493655205754,3.680657976132121,4.307965731769073
511.86824909987996,10.0,10.0,10.025273784099983,9.970212116133851,3.180657976132121,3.807965731769073
512.0682757701027,10.0,10.0,10.04121959212584,9.978823425389006,3.680657976132121,3.307965731769073
512.2683024403253,10.0,10.0,10.047050531028466,9.988027569389628,3.180657976132121,3.3662273886999827
512.4683291105481,10.0,10.0,10.042207559000232,9.99145801555485,2.680657976132121,2.8662273886999827
512.6683557807708,10.0,10.0,10.029960167514957,9.987044522096582,2.180657976132121,2.3662273886999827
512.8683824509934,10.0,10.0,10.02480439488185,9.99337940567207,2.680657976132121,2.8662273886999827
513.0684091212162,10.0,10.0,10.031904480122313,10.00251738392838,3.180657976132121,3.3662273886999827
513.2684357914388,10.0,10.0,10.044373606510145,10.019934577700754,3.680657976132121,3.8662273886999827
513.4684624616615,10.0,10.0,10.050748569452006,10.029129270506134,3.180657976132121,3.3662273886999827
513.6684891318843,10.0,10.0,10.065571787187178,10.046399068260948,3.680657976132121,3.8662273886999827
513.8685158021069,10.0,10.0,10.069074765687512,10.054474807671527,3.180657976132121,3.3662273886999827
514.0685424723296,10.0,10.0,10.066767400686395,10.058507938536104,2.680657976132121,2.8662273886999827
514.2685691425523,10.0,10.0,10.060110035945316,10.054486336426208,2.180657976132121,2.3662273886999827
514.468595812775,10.0,10.0,10.058392313810527,10.04617629371968,2.680657976132121,1.8662273886999827
514.6686224829978,10.0,10.0,10.05213774361334,10.033220629667376,2.180657976132121,1.3662273886999827
514.8686491532204,10.0,10.0,10.044188507327355,10.02446082614366,2.3003703054495523,1.8662273886999827
515.0686758234431,10.0,10.0,10.036017366651132,10.010257938015892,2.5344572140831647,1.3662273886999827
515.2687024936658,10.0,10.0,10.03511682330608,10.000383430435669,3.0344572140831647,1.8662273886999827
515.4687291638885,10.0,10.0,10.034948946977448,9.986663243214284,2.5344572140831647,1.554937935589612
515.6687558341112,10.0,10.0,10.039724889758025,9.976596692845186,3.0344572140831647,2.054937935589612
515.8687825043339,10.0,10.0,10.042945527740427,9.969492310343485,2.8918965773988576,1.948702461849035
516.0688091745566,10.0,10.0,10.0348959927721,9.964787582104327,2.3973647507873426,2.448702461849035
516.2688358447792,10.0,10.0,10.020188930782362,9.966967152251945,1.8973647507873426,2.6382459559706444
516.468862515002,10.0,10.0,10.012485862225528,9.970449901555162,2.3973647507873426,3.1382459559706444
516.6688891852247,10.0,10.0,10.010117018470426,9.971248739095968,2.8973647507873426,2.6382459559706444
516.8689158554474,10.0,10.0,10.02092290481994,9.97659814231149,3.3973647507873426,3.1382459559706444
517.0689425256701,10.0,10.0,10.02341280376152,9.987474290969283,2.8973647507873426,3.6382459559706444
517.2689691958927,10.0,10.0,10.016734650049873,10.006006165954847,2.3973647507873426,4.138245955970644
517.4689958661155,10.0,10.0,10.002804455866139,10.01901749726406,1.8973647507873426,3.6382459559706444
517.6690225363382,10.0,10.0,9.995025930710772,10.040944540176966,2.3973647507873426,4.138245955970644
517.8690492065608,10.0,10.0,9.97579562593554,10.054177649663774,1.8973647507873426,3.6382459559706444
518.0690758767836,10.0,10.0,9.969833718784628,10.076006982749222,2.3973647507873426,4.117841692612013
518.2691025470062,10.0,10.0,9.968485588258265,10.089302082583304,2.8973647507873426,3.6178416926120134
518.4691292172289,10.0,10.0,9.961071540002528,10.094518430258084,2.3973647507873426,3.1178416926120134
518.6691558874517,10.0,10.0,9.966947340454873,10.093682487625676,2.8973647507873426,2.6178416926120134
518.8691825576743,10.0,10.0,9.973294172183953,10.091085172646856,3.124937320813648,2.275002298943278
519.069209227897,10.0,10.0,9.968311906513822,10.091645974654256,2.624937320813648,2.5326381295555143
519.2692358981197,10.0,10.0,9.958784450675365,10.085379747556237,2.124937320813648,2.0326381295555143
519.4692625683424,10.0,10.0,9.955072014093508,10.08262942249989,2.624937320813648,2.4285770725063154
519.6692892385652,10.0,10.0,9.95869940251117,10.07322231475288,3.124937320813648,1.9285770725063154
519.8693159087878,10.0,10.0,9.972759485062612,10.069140072538863,3.624937320813648,2.4285770725063154
520.0693425790105,10.0,10.0,9.981186864472019,10.064063604943,3.124937320813648,2.084709794049007
520.2693692492333,10.0,10.0,9.981136290446836,10.050727303217919,2.624937320813648,1.5847097940490071
520.4693959194559,10.0,10.0,9.974547894244056,10.046446376486516,2.5399307408899494,2.084709794049007
520.6694225896786,10.0,10.0,9.980785360819697,10.0479019377852,3.0399307408899494,2.584709794049007
520.8694492599013,10.0,10.0,9.983507416165075,10.046753660530362,2.867265881844428,2.4380849123052126
521.069475930124,10.0,10.0,9.99242605129427,10.034459601673381,3.367265881844428,1.9380849123052126
521.2695026003466,10.0,10.0,9.995669377960164,10.033503341390782,2.867265881844428,2.4380849123052126
521.4695292705694,10.0,10.0,10.003057719308016,10.039822538414228,3.0574270295278585,2.9380849123052126
521.6695559407921,10.0,10.0,10.015799000907554,10.036569252664094,3.3090308806731423,2.5286499260241495
521.8695826110148,10.0,10.0,10.02410727541724,10.032729618011755,3.241188789425316,2.0286499260241495
522.0696092812375,10.0,10.0,10.031709897157445,10.024334037425117,3.1048913423583033,1.9578993236563564
522.2696359514601,10.0,10.0,10.02922535891021,10.018573255668134,2.6048913423583033,2.240008473446119
522.4696626216829,10.0,10.0,10.033551512856056,10.020014480392136,3.1048913423583033,2.740008473446119
522.6696892919056,10.0,10.0,10.032968932355653,10.025422056478336,2.6048913423583033,3.240008473446119
522.8697159621282,10.0,10.0,10.0336809302732,10.03404253911572,3.1048913423583033,3.4642170964254824
523.069742632351,10.0,10.0,10.030074380386566,10.039264905842844,2.6048913423583033,2.9642170964254824
523.2697693025736,10.0,10.0,10.01742490415402,10.04439097628565,2.1048913423583033,2.4642170964254824
523.4697959727963,10.0,10.0,9.999977665291281,10.035690430136974,1.6196920193802091,1.9642170964254824
523.6698226430191,10.0,10.0,9.992955881869646,10.017398369140567,2.119692019380209,1.4642170964254824
523.8698493132417,10.0,10.0,9.990048488710814,9.99281917351507,2.387754039405209,0.9642170964254824
524.0698759834644,10.0,10.0,9.996585476969184,9.980520693734187,2.887754039405209,1.4642170964254824
524.2699026536872,10.0,10.0,9.992180615609904,9.972040299856001,2.387754039405209,1.9642170964254824
524.4699293239098,10.0,10.0,9.973138383029534,9.964235918074126,1.887754039405209,1.7260316420637731
524.6699559941326,10.0,10.0,9.966389557274564,9.95585270184994,2.387754039405209,2.226031642063773
524.8699826643552,10.0,10.0,9.961667508206165,9.956180368155213,2.646978005428039,2.726031642063773
525.0700093345779,10.0,10.0,9.968231628506286,9.961161660515353,3.146978005428039,3.226031642063773
525.2700360048007,10.0,10.0,9.975126084547261,9.973198261894074,3.271995162059998,3.645956568044676
525.4700626750233,10.0,10.0,9.975171842219291,9.980084092806454,2.771995162059998,3.145956568044676
525.670089345246,10.0,10.0,9.982529863446752,9.981079433171269,3.271995162059998,2.732856954143457
525.8701160154687,10.0,10.0,9.981272264444282,9.978559095094903,2.771995162059998,2.5887488838047568
526.0701426856914,10.0,10.0,9.973863233086169,9.981182191321325,2.426093843065276,3.0887488838047568
526.270169355914,10.0,10.0,9.974148932017814,9.989523920309761,2.926093843065276,3.5887488838047568
526.4701960261368,10.0,10.0,9.967027169229798,9.996293279207872,2.426093843065276,3.0887488838047568
526.6702226963595,10.0,10.0,9.965110129687288,10.006204138710041,2.749489906702735,3.4916454874086953
526.8702493665822,10.0,10.0,9.968266192470747,10.008937776870836,2.835269255378704,2.991645487408695
527.0702760368049,10.0,10.0,9.963393650686672,10.013952924701549,2.335269255378704,2.978336861896102
527.2703027070276,10.0,10.0,9.96854841774737,10.014305448889134,2.835269255378704,2.6673357392683315
527.4703293772503,10.0,10.0,9.974923253141117,10.021814610301654,3.170240363261778,3.069909083761473
527.670356047473,10.0,10.0,9.977265232728206,10.020410045118915,2.670240363261778,2.569909083761473
527.8703827176956,10.0,10.0,9.983110774287244,10.025730396715554,3.170240363261778,3.069909083761473
528.0704093879184,10.0,10.0,9.982637865791123,10.034280562260125,2.799208842989788,3.555660253129403
528.2704360581411,10.0,10.0,9.971905300001335,10.041928079450336,2.3028456374887774,3.055660253129403
528.4704627283637,10.0,10.0,9.973208964274093,10.041540413151935,2.8028456374887774,2.555660253129403
528.6704893985865,10.0,10.0,9.966654349822132,10.038082887137271,2.3028456374887774,2.400473005390082
528.8705160688091,10.0,10.0,9.966664117885019,10.034190736253102,2.8028456374887774,2.231255643992607
529.0705427390318,10.0,10.0,9.976236252255537,10.02287966357049,3.3028456374887774,1.7312556439926068
529.2705694092546,10.0,10.0,9.977381457341101,10.013318310612341,2.8028456374887774,1.9522601856996777
529.4705960794772,10.0,10.0,9.97353013775056,10.010008231993801,2.3808033268108773,2.4522601856996777
529.6706227497,10.0,10.0,9.972901299528601,10.005358622421278,2.8808033268108773,1.9522601856996777
529.8706494199226,10.0,10.0,9.967217208782204,10.00464440625987,2.3808033268108773,2.4522601856996777
530.0706760901453,10.0,10.0,9.970562851499505,10.007209134010884,2.8808033268108773,2.9522601856996777
530.2707027603681,10.0,10.0,9.971796455302975,10.011307708558359,2.978628416966185,2.85855746721769
530.4707294305907,10.0,10.0,9.96845574227473,10.009323059876822,2.478628416966185,2.35855746721769
530.6707561008134,10.0,10.0,9.974321746197434,10.012671842687395,2.978628416966185,2.85855746721769
530.8707827710361,10.0,10.0,9.985462286603996,10.01068537221514,3.478628416966185,2.35855746721769
531.0708094412588,10.0,10.0,10.001972329448558,10.00210645843187,3.637372722152889,1.85855746721769
531.2708361114815,10.0,10.0,10.00850631324892,9.998252092511073,3.137372722152889,2.35855746721769
531.4708627817042,10.0,10.0,10.003823211258492,9.991471539250616,2.637372722152889,1.85855746721769
531.6708894519269,10.0,10.0,10.011164730352254,9.98111946728973,3.137372722152889,1.7148345509494884
531.8709161221497,10.0,10.0,10.012577585739534,9.967489129533643,3.057454802193001,1.4501672657184297
532.0709427923723,10.0,10.0,10.028825679632583,9.957902673124204,3.557454802193001,1.95016726571843
532.270969462595,10.0,10.0,10.031098724878246,9.956540031193661,3.057454802193001,2.45016726571843
532.4709961328177,10.0,10.0,10.044676877529662,9.959331717166158,3.557454802193001,2.95016726571843
532.6710228030404,10.0,10.0,10.048816382978677,9.970050794019704,3.057454802193001,3.45016726571843
532.871049473263,10.0,10.0,10.061669319227953,9.977528171837308,3.557454802193001,2.95016726571843
533.0710761434858,10.0,10.0,10.06611652368559,9.98571613659323,3.057454802193001,3.167403528969934
533.2711028137085,10.0,10.0,10.060729340442714,9.988405211608855,2.557454802193001,2.667403528969934
533.4711294839311,10.0,10.0,10.044250996901775,9.996426827039416,2.057454802193001,3.167403528969934
533.6711561541539,10.0,10.0,10.02777264569106,10.002847492690114,1.5574548021930008,3.2629866970096937
533.8711828243765,10.0,10.0,10.017633871153881,10.002586290154431,2.057454802193001,2.7629866970096937
534.0712094945992,10.0,10.0,9.996395822768623,10.013173627112668,1.5574548021930008,3.183430225587818
534.271236164822,10.0,10.0,9.988165344846825,10.016075499913288,2.057454802193001,2.683430225587818
534.4712628350446,10.0,10.0,9.972091060978105,10.027022753783317,2.067464366400641,3.183430225587818
534.6712895052674,10.0,10.0,9.968480339369274,10.027810886966122,2.351545312254903,2.683430225587818
534.87131617549,10.0,10.0,9.970234585253245,10.036902723969723,2.851545312254903,3.183430225587818
535.0713428457127,10.0,10.0,9.962630402128397,10.040508420348496,2.351545312254903,2.683430225587818
535.2713695159355,10.0,10.0,9.966520693890748,10.048623136778339,2.763237729760225,3.183430225587818
535.4713961861581,10.0,10.0,9.961851185867003,10.056685655759585,2.3434235563724855,3.1105675862643145
535.6714228563808,10.0,10.0,9.966493529947284,10.067229262585146,2.8434235563724855,3.6105675862643145
535.8714495266036,10.0,10.0,9.978029259893342,10.074403695643445,3.3434235563724855,3.1105675862643145
536.0714761968262,10.0,10.0,9.979670306713308,10.074431351028705,2.9310308049732696,2.7681986835359584
536.2715028670489,10.0,10.0,9.979194881243103,10.067055888366616,2.736185859725518,2.2681986835359584
536.4715295372716,10.0,10.0,9.986232467151948,10.053228317727394,3.236185859725518,1.8802728623185516
536.6715562074943,10.0,10.0,9.98603898641536,10.052184310836553,2.9191230949658875,2.3802728623185514
536.8715828777171,10.0,10.0,9.994900777304547,10.051362823017596,3.4191230949658875,2.605474935358217
537.0716095479397,10.0,10.0,10.00901097510818,10.043066926367752,3.810474173474135,2.105474935358217
537.2716362181624,10.0,10.0,10.016219321631066,10.03435961558671,3.310474173474135,1.6054749353582172
537.4716628883851,10.0,10.0,10.018855666610868,10.02564730352116,2.810474173474135,2.105474935358217
537.6716895586078,10.0,10.0,10.022037099284084,10.013581300418778,2.893590448158214,1.6054749353582172
537.8717162288305,10.0,10.0,10.021335574632065,10.007156123513028,2.628842427852157,2.105474935358217
538.0717428990532,10.0,10.0,10.008770501656148,10.006231170594184,2.128842427852157,2.605474935358217
538.2717695692759,10.0,10.0,10.011750720363182,10.00290145902223,2.628842427852157,2.105474935358217
538.4717962394985,10.0,10.0,10.000998393830693,10.004339057625025,2.128842427852157,2.605474935358217
538.6718229097213,10.0,10.0,9.999533938511602,10.009848057273675,2.3257088098990875,3.0470875065209393
538.871849579944,10.0,10.0,9.991956532220172,10.009519146511105,2.3284709606381915,2.5470875065209393
539.0718762501666,10.0,10.0,9.984590153668249,10.017156545725557,2.025721594629345,3.0470875065209393
539.2719029203894,10.0,10.0,9.97722497730072,10.019594179796732,2.525721594629345,2.5470875065209393
539.471929590612,10.0,10.0,9.972915076841671,10.023556587262549,2.6844088243184476,3.0470875065209393
539.6719562608348,10.0,10.0,9.967089566134886,10.025165653933227,2.247894041944508,2.628755063048174
539.8719829310575,10.0,10.0,9.950450279722439,10.01749019137701,1.747894041944508,2.128755063048174
540.0720096012801,10.0,10.0,9.941001585926568,10.015609272995082,2.247894041944508,2.628755063048174
540.2720362715029,10.0,10.0,9.938416660746201,10.02340809920809,2.747894041944508,3.128755063048174
540.4720629417255,10.0,10.0,9.929264281944297,10.034967516254849,2.3904561344004054,3.628755063048174
540.6720896119482,10.0,10.0,9.93292726970486,10.048791973751431,2.8904561344004054,3.9114715560723714
540.872116282171,10.0,10.0,9.942257356761933,10.068014000578971,3.3904561344004054,4.138227240693499
541.0721429523936,10.0,10.0,9.943344289093591,10.085779061272437,2.8904561344004054,3.6501437180522234
541.2721696226163,10.0,10.0,9.95022554713104,10.093656355912,2.8195273920804564,3.1501437180522234
541.472196292839,10.0,10.0,9.95652836892032,10.096488583187849,3.1624825301481336,2.9855115906660386
541.6722229630617,10.0,10.0,9.958530725500596,10.09397979577617,2.6624825301481336,2.4855115906660386
541.8722496332845,10.0,10.0,9.949011656917387,10.09779415577605,2.1624825301481336,2.845798313812649
542.0722763035071,10.0,10.0,9.930412633136429,10.093898016799786,1.6624825301481336,2.345798313812649
542.2723029737298,10.0,10.0,9.920260847420204,10.095142736486181,2.1624825301481336,2.845798313812649
542.4723296439525,10.0,10.0,9.918276608417274,10.09405186135593,2.6624825301481336,2.345798313812649
542.6723563141752,10.0,10.0,9.927934708186472,10.097277986701181,3.1624825301481336,2.845798313812649
542.8723829843979,10.0,10.0,9.924317232282585,10.095710189806349,2.6624825301481336,2.345798313812649
543.0724096546206,10.0,10.0,9.930434558901617,10.084400057625405,3.1624825301481336,1.845798313812649
543.2724363248433,10.0,10.0,9.94703778790311,10.066887292445053,3.6624825301481336,1.345798313812649
543.4724629950659,10.0,10.0,9.966017355266418,10.05763116476161,4.162482530148134,1.845798313812649
543.6724896652887,10.0,10.0,9.988252740009774,10.052013509847889,4.142868343719935,2.345798313812649
543.8725163355114,10.0,10.0,10.019734349844198,10.048393112297655,4.3976669308044825,2.2862473459108594
544.072543005734,10.0,10.0,10.039659247786377,10.04426907473036,3.8976669308044825,2.6148998577875853
544.2725696759568,10.0,10.0,10.04638704437993,10.037533935484312,3.3976669308044825,2.1148998577875853
544.4725963461794,10.0,10.0,10.045395522311138,10.026565652349424,2.8976669308044825,1.6148998577875853
544.6726230164022,10.0,10.0,10.03995395161913,10.023473293502489,2.3976669308044825,2.1148998577875853
544.8726496866249,10.0,10.0,10.027785933974055,10.025060596817308,1.8976669308044825,2.6148998577875853
545.0726763568475,10.0,10.0,10.012499020125533,10.027698332747116,1.8591869118770652,2.96091005946561
545.2727030270703,10.0,10.0,9.989475912089613,10.027465849182928,1.3591869118770652,2.575448066495828
545.472729697293,10.0,10.0,9.973732770274905,10.025187424304276,1.8591869118770652,2.435945689383321
545.6727563675156,10.0,10.0,9.962286578548195,10.019321503717906,2.359186911877065,1.935945689383321
545.8727830377384,10.0,10.0,9.967488665173299,10.006227831225758,2.859186911877065,1.4614198548586366
546.072809707961,10.0,10.0,9.974320111050536,10.002684233722906,3.292922966237695,1.9614198548586366
546.2728363781837,10.0,10.0,9.98791811042607,9.986215841285821,3.416565294404134,1.4614198548586366
546.4728630484065,10.0,10.0,9.990066894144359,9.977135924918453,2.916565294404134,1.9614198548586366
546.6728897186291,10.0,10.0,9.998187241838808,9.958546827161113,3.363963280701738,1.5364216828075647
546.8729163888519,10.0,10.0,10.014126681036453,9.950235099296943,3.863963280701738,2.036421682807565
547.0729430590745,10.0,10.0,10.03538646935728,9.950578384321986,4.326783846393261,2.536421682807565
547.2729697292972,10.0,10.0,10.047851590354739,9.942165689434045,3.826783846393261,2.036421682807565
547.47299639952,10.0,10.0,10.073012027882054,9.942998576544632,4.326783846393261,2.536421682807565
547.6730230697426,10.0,10.0,10.091294596988288,9.950500877735726,3.826783846393261,3.036421682807565
547.8730497399653,10.0,10.0,10.102855155778958,9.963401383398802,3.326783846393261,3.536421682807565
548.073076410188,10.0,10.0,10.09789967686492,9.970459058513672,2.826783846393261,3.036421682807565
548.2731030804107,10.0,10.0,10.089682364950212,9.968458795639974,2.326783846393261,2.536421682807565
548.4731297506333,10.0,10.0,10.076880297077613,9.959940950240876,1.826783846393261,2.113561263875715
548.6731564208561,10.0,10.0,10.063018323603181,9.959762182813535,2.326783846393261,2.613561263875715
548.8731830910788,10.0,10.0,10.047745032826777,9.959723473846267,1.826783846393261,2.369845073559474
549.0732097613014,10.0,10.0,10.041582514412909,9.962670730507346,2.326783846393261,2.869845073559474
549.2732364315242,10.0,10.0,10.043682681734126,9.959474192339636,2.826783846393261,2.369845073559474
549.4732631017469,10.0,10.0,10.035684981730345,9.96022141407417,2.326783846393261,2.4955034422907825
549.6732897719696,10.0,10.0,10.02278322464685,9.956397081276082,1.826783846393261,2.050880379938234
549.8733164421923,10.0,10.0,10.010713287612553,9.954540919339594,2.0867531026888906,2.550880379938234
550.0733431124149,10.0,10.0,10.000662105772816,9.951866278241612,2.2555973470750263,2.150039545615942
550.2733697826377,10.0,10.0,9.984965092738053,9.954395734593465,1.7555973470750263,2.650039545615942
550.4733964528604,10.0,10.0,9.972457119198953,9.964860402851563,1.7996232672781223,3.150039545615942
550.673423123083,10.0,10.0,9.969424004208824,9.968977131080669,2.2996232672781223,2.9640897760885405
550.8734497933058,10.0,10.0,9.968351381892347,9.98053398347534,2.7996232672781223,3.4640897760885405
551.0734764635284,10.0,10.0,9.960419979471009,9.985533096183913,2.2996232672781223,2.9640897760885405
551.2735031337511,10.0,10.0,9.960680251896864,9.993738041026713,2.7996232672781223,3.4640897760885405
551.4735298039739,10.0,10.0,9.973023570038414,9.999139021993855,3.2996232672781223,2.9640897760885405
551.6735564741965,10.0,10.0,9.989529319401417,10.006277811660468,3.7996232672781223,3.212948164991042
551.8735831444193,10.0,10.0,9.99823166354703,10.020669174048628,3.2996232672781223,3.712948164991042
552.0736098146419,10.0,10.0,10.01226485071552,10.027496951265947,3.7996232672781223,3.212948164991042
552.2736364848646,10.0,10.0,10.02101602004406,10.02814669464532,3.2996232672781223,2.712948164991042
552.4736631550874,10.0,10.0,10.02682184303486,10.023891487199505,3.132716025981635,2.212948164991042
552.67368982531,10.0,10.0,10.038811152926876,10.01408353539105,3.632716025981635,1.712948164991042
552.8737164955327,10.0,10.0,10.044914563943792,10.002041483038928,3.132716025981635,1.6386481274799922
553.0737431657554,10.0,10.0,10.036653082679136,9.983090614388823,2.632716025981635,1.1386481274799922
553.2737698359781,10.0,10.0,10.03999289970205,9.96735968524569,3.071178239312464,1.6386481274799922
553.4737965062008,10.0,10.0,10.036173684077555,9.959857948239582,2.706420480462745,2.0147369953911745
553.6738231764235,10.0,10.0,10.024463185131985,9.960315661629974,2.206420480462745,2.5147369953911745
553.8738498466462,10.0,10.0,10.024989594488666,9.966166223626338,2.706420480462745,3.0147369953911745
554.0738765168688,10.0,10.0,10.011291611924165,9.967724285714846,2.206420480462745,2.5147369953911745
554.2739031870916,10.0,10.0,10.007021330017654,9.971767797679725,2.706420480462745,3.0147369953911745
554.4739298573143,10.0,10.0,10.014653986803856,9.974131309868344,3.206420480462745,2.5147369953911745
554.673956527537,10.0,10.0,10.029957606791195,9.980428836057328,3.706420480462745,3.0147369953911745
554.8739831977597,10.0,10.0,10.03583156996247,9.980598662919233,3.206420480462745,2.5147369953911745
555.0740098679823,10.0,10.0,10.035054635022824,9.974794928862407,2.706420480462745,2.0147369953911745
555.2740365382051,10.0,10.0,10.045114756145082,9.972640562983035,3.206420480462745,2.5147369953911745
555.4740632084278,10.0,10.0,10.044908910507072,9.967021025579005,2.706420480462745,2.0147369953911745
555.6740898786504,10.0,10.0,10.036565078450979,9.965580447342603,2.206420480462745,2.5147369953911745
555.8741165488732,10.0,10.0,10.037312721406794,9.971103950035749,2.706420480462745,3.0147369953911745
556.0741432190958,10.0,10.0,10.029630357037775,9.981126663498681,2.4638751228018547,3.210799076051912
556.2741698893185,10.0,10.0,10.030054870053972,9.982365543238739,2.9638751228018547,2.710799076051912
556.4741965595413,10.0,10.0,10.036626748660401,9.988064279450121,3.054932294554776,3.210799076051912
556.6742232297639,10.0,10.0,10.03325850957017,9.990054941453852,2.554932294554776,2.710799076051912
556.8742498999867,10.0,10.0,10.022286352276621,9.99729547355408,2.054932294554776,3.009837445041264
557.0742765702093,10.0,10.0,10.0201528399775,9.99278654019947,2.554932294554776,2.509837445041264
557.274303240432,10.0,10.0,10.026058092021142,9.982879355759287,3.054932294554776,2.009837445041264
557.4743299106548,10.0,10.0,10.027279006592419,9.983092929105624,2.7128526925727656,2.509837445041264
557.6743565808774,10.0,10.0,10.031275851291461,9.987145640527986,3.025233175904321,3.009837445041264
557.8743832511001,10.0,10.0,10.047892326712347,9.987241466985987,3.525233175904321,2.509837445041264
558.0744099213229,10.0,10.0,10.064520755302455,9.980349746828594,3.5935117956024047,2.009837445041264
558.2744365915455,10.0,10.0,10.069167838805932,9.977860269942354,3.0935117956024047,2.509837445041264
558.4744632617682,10.0,10.0,10.064782171968922,9.98306712509124,2.5935117956024047,3.009837445041264
558.6744899319909,10.0,10.0,10.054190726819913,9.995355991085258,2.0935117956024047,3.509837445041264
558.8745166022136,10.0,10.0,10.032492503327395,10.007713751231687,1.5935117956024047,3.594985502538437
559.0745432724364,10.0,10.0,10.007715654623981,10.025157029807712,1.1233532784631546,4.094985502538437
559.274569942659,10.0,10.0,9.969883128178743,10.036031363229144,0.6233532784631546,3.594985502538437
559.4745966128817,10.0,10.0,9.931094123699479,10.039101153546133,0.32521313467756013,3.094985502538437
559.6746232831044,10.0,10.0,9.899291302271726,10.043453680106097,0.8252131346775601,2.8342863146320716
559.8746499533271,10.0,10.0,9.874927800830742,10.040973694777346,1.32521313467756,2.3342863146320716
560.0746766235497,10.0,10.0,9.863859827370245,10.041901766648708,1.82521313467756,2.8342863146320716
560.2747032937725,10.0,10.0,9.857896003490735,10.039897712713872,2.32521313467756,2.3342863146320716
560.4747299639952,10.0,10.0,9.857635696185628,10.041119836899782,2.82521313467756,2.8342863146320716
560.6747566342178,10.0,10.0,9.866437340753738,10.048202163369057,3.32521313467756,3.3342863146320716
560.8747833044406,10.0,10.0,9.885023343658686,10.052779806432657,3.82521313467756,2.984269379152287
561.0748099746633,10.0,10.0,9.912032760688046,10.061436832986633,4.3252131346775595,3.484269379152287
561.2748366448859,10.0,10.0,9.93662286883252,10.068685734841786,4.344476571661401,2.984269379152287
561.4748633151087,10.0,10.0,9.972039971236692,10.065645552412636,4.844476571661401,2.484269379152287
561.6748899853313,10.0,10.0,9.997357979850417,10.05843060683828,4.344476571661401,1.9842693791522872
561.8749166555541,10.0,10.0,10.018542909071586,10.040075942641213,4.0012747506401745,1.4842693791522872
562.0749433257768,10.0,10.0,10.030244589047467,10.031038535865257,3.5012747506401745,1.9842693791522872
562.2749699959994,10.0,10.0,10.050161931973884,10.015329378231435,3.9546809705369115,1.4842693791522872
562.4749966662222,10.0,10.0,10.059528528820765,10.007494425676947,3.4546809705369115,1.9842693791522872
562.6750233364448,10.0,10.0,10.062399683852696,10.006470374279917,2.9546809705369115,2.484269379152287
562.8750500066675,10.0,10.0,10.067686026430602,9.997942257044393,3.216233569236531,1.9842693791522872
563.0750766768903,10.0,10.0,10.073432758469355,9.99650604113967,3.0592492118144095,2.484269379152287
563.2751033471129,10.0,10.0,10.07139866103306,9.99825789472477,2.5592492118144095,2.984269379152287
563.4751300173356,10.0,10.0,10.058404774459222,9.994916833502707,2.0592492118144095,2.484269379152287
563.6751566875583,10.0,10.0,10.051032337340091,9.996404676839646,2.5592492118144095,2.984269379152287
563.875183357781,10.0,10.0,10.039380674025706,10.009114337756856,2.0592492118144095,3.484269379152287
564.0752100280038,10.0,10.0,10.030435778200225,10.016656096848484,2.5592492118144095,2.984269379152287
564.2752366982264,10.0,10.0,10.036659968098991,10.013292502453462,3.0592492118144095,2.484269379152287
564.4752633684491,10.0,10.0,10.029354311311405,10.013752327938716,2.5592492118144095,2.5258256536823835
564.6752900386718,10.0,10.0,10.017574358507144,10.006834075331716,2.0592492118144095,2.0258256536823835
564.8753167088945,10.0,10.0,10.010986854100222,10.002314633718987,2.5592492118144095,2.5258256536823835
565.0753433791172,10.0,10.0,10.016850519082396,10.00650000301997,3.0592492118144095,3.0258256536823835
565.2753700493399,10.0,10.0,10.026540280522715,10.019029036816603,3.252692330006602,3.5258256536823835
565.4753967195626,10.0,10.0,10.021498787011204,10.021444520196738,2.752692330006602,3.0258256536823835
565.6754233897852,10.0,10.0,10.013369291030887,10.021167478663394,2.252692330006602,2.5258256536823835
565.875450060008,10.0,10.0,10.014630018854572,10.014316776724497,2.752692330006602,2.0258256536823835
566.0754767302307,10.0,10.0,10.00243824880762,10.014538454912175,2.252692330006602,2.5258256536823835
566.2755034004533,10.0,10.0,9.986662576641773,10.019870057454058,1.7526923300066022,2.8380172406450734
566.4755300706761,10.0,10.0,9.97783214987931,10.020692042980869,2.252692330006602,2.628279483145462
566.6755567408987,10.0,10.0,9.970144886700071,10.025020707988235,2.2412056094554886,3.128279483145462
566.8755834111215,10.0,10.0,9.972445630652679,10.038340756183944,2.7412056094554886,3.628279483145462
567.0756100813442,10.0,10.0,9.965165601947879,10.04886575456305,2.2412056094554886,3.128279483145462
567.2756367515668,10.0,10.0,9.958453512265361,10.060992194349762,2.3354686023041236,3.628279483145462
567.4756634217896,10.0,10.0,9.941963633300503,10.068574501692702,1.8354686023041236,3.128279483145462
567.6756900920122,10.0,10.0,9.937967626332904,10.069250883604,2.3354686023041236,2.628279483145462
567.8757167622349,10.0,10.0,9.940763122184766,10.064882389638186,2.8354686023041236,2.128279483145462
568.0757434324577,10.0,10.0,9.950731108768455,10.050909724783107,3.3354686023041236,1.628279483145462
568.2757701026803,10.0,10.0,9.96326832111427,10.044177888787347,3.573056027141389,2.0709183701965346
568.475796772903,10.0,10.0,9.96991792544389,10.03192119161611,3.073056027141389,1.5709183701965346
568.6758234431258,10.0,10.0,9.975150534921717,10.013654912926041,2.9850956334043963,1.240418922366533
568.8758501133484,10.0,10.0,9.984586839720299,9.992570696985648,3.255808927079335,0.740418922366533
569.0758767835712,10.0,10.0,10.002994733450178,9.975067268621832,3.755808927079335,1.240418922366533
569.2759034537938,10.0,10.0,10.008167509283563,9.95156372243616,3.255808927079335,0.740418922366533
569.4759301240165,10.0,10.0,10.008087387464794,9.922836464982643,2.755808927079335,0.24041892236653295
569.6759567942393,10.0,10.0,10.01468920554639,9.897863511475661,3.255808927079335,0.740418922366533
569.8759834644619,10.0,10.0,10.028221862513812,9.882594959620045,3.755808927079335,1.240418922366533
570.0760101346846,10.0,10.0,10.04849733149018,9.868927189256391,4.255808927079335,1.740418922366533
570.2760368049073,10.0,10.0,10.067611582990011,9.862722707481824,3.755808927079335,2.240418922366533
570.47606347513,10.0,10.0,10.074854619509027,9.866132648059233,3.255808927079335,2.740418922366533
570.6760901453526,10.0,10.0,10.071545853985985,9.873912814096567,2.755808927079335,3.240418922366533
570.8761168155754,10.0,10.0,10.064931792191931,9.876760664335992,2.255808927079335,2.740418922366533
571.0761434857981,10.0,10.0,10.042837662008944,9.883917318269866,1.7558089270793351,3.240418922366533
571.2761701560207,10.0,10.0,10.03069104371193,9.8858221165989,2.255808927079335,2.740418922366533
571.4761968262435,10.0,10.0,10.028389990965048,9.895769912208593,2.755808927079335,3.240418922366533
571.6762234964662,10.0,10.0,10.037232024577738,9.913231211249153,3.255808927079335,3.740418922366533
571.8762501666889,10.0,10.0,10.037420787967951,9.917349318160701,2.755808927079335,3.240418922366533
572.0762768369116,10.0,10.0,10.037797376203795,9.92984159982883,2.762168558823478,3.740418922366533
572.2763035071342,10.0,10.0,10.041040967366223,9.93736696547661,3.262168558823478,3.240418922366533
572.476330177357,10.0,10.0,10.038347597188077,9.952332008030435,2.7713804857993733,3.740418922366533
572.6763568475797,10.0,10.0,10.04867969170734,9.958725434336003,3.2713804857993733,3.240418922366533
572.8763835178023,10.0,10.0,10.053731667820902,9.970480662628546,2.7713804857993733,3.740418922366533
573.0764101880251,10.0,10.0,10.041962514064576,9.984346568837461,2.2713804857993733,3.5067382622969987
573.2764368582477,10.0,10.0,10.027409433490066,9.993010574009316,1.7713804857993733,3.0067382622969987
573.4764635284704,10.0,10.0,10.014908615436328,9.996550367851626,2.2713804857993733,2.92147511101382
573.6764901986932,10.0,10.0,10.013544913266742,10.00084233490222,2.7713804857993733,3.0819387818898583
573.8765168689158,10.0,10.0,10.016330165567839,10.000021319761654,3.2713804857993733,2.5819387818898583
574.0765435391386,10.0,10.0,10.018209527379838,9.999206796206895,2.9830643506687045,2.551371260416489
574.2765702093612,10.0,10.0,10.030315102263115,10.004473558331686,3.4830643506687045,3.051371260416489
574.4765968795839,10.0,10.0,10.035828023798834,9.999602445028886,2.9830643506687045,2.551371260416489
574.6766235498067,10.0,10.0,10.027788353616275,9.993356173767447,2.4830643506687045,2.051371260416489
574.8766502200293,10.0,10.0,10.033908174941926,9.995382736764164,2.9830643506687045,2.551371260416489
575.076676890252,10.0,10.0,10.03208574886563,10.003143852743522,2.4830643506687045,3.051371260416489
575.2767035604747,10.0,10.0,10.017323805939148,10.01227502287359,1.9830643506687045,3.3411717973836352
575.4767302306974,10.0,10.0,10.006715883452586,10.01699692467834,2.3514576613107874,2.8411717973836352
575.67675690092,10.0,10.0,10.004098428944893,10.024275354718602,2.4959534187507435,3.3411717973836352
575.8767835711428,10.0,10.0,10.009343624323302,10.029316597212997,2.9959534187507435,2.8411717973836352
576.0768102413655,10.0,10.0,10.010210333112568,10.038372515200408,2.737290614294962,3.2512665223717265
576.2768369115881,10.0,10.0,10.005068565384407,10.05304133486655,2.237290614294962,3.6429151547871683
576.4768635818109,10.0,10.0,10.003437858158625,10.062489405330599,2.737290614294962,3.5414621310160417
576.6768902520336,10.0,10.0,9.995781564508727,10.068778019263044,2.237290614294962,3.0414621310160417
576.8769169222563,10.0,10.0,9.97999568147783,10.067161796864,1.7372906142949618,2.5414621310160417
577.076943592479,10.0,10.0,9.975126166090465,10.072573407674913,2.237290614294962,3.0414621310160417
577.2769702627016,10.0,10.0,9.965671814305159,10.067072670289933,2.2519297299439187,2.5414621310160417
577.4769969329244,10.0,10.0,9.96410891885541,10.058035869813802,2.7519297299439187,2.0414621310160417
577.6770236031471,10.0,10.0,9.974655506970912,10.053865559107933,3.2519297299439187,2.5414621310160417
577.8770502733697,10.0,10.0,9.989567396854286,10.048389012441131,3.7519297299439187,2.0414621310160417
578.0770769435925,10.0,10.0,10.000921798219055,10.033570779611773,3.63821534523395,1.5414621310160417
578.2771036138151,10.0,10.0,10.022673316254737,10.022788891481285,4.1382153452339505,1.6465809257723265
578.4771302840378,10.0,10.0,10.03621906001202,10.006822658443348,3.6382153452339505,1.4526404740111158
578.6771569542606,10.0,10.0,10.046954093013628,9.98746944133697,3.481576589564139,0.9526404740111158
578.8771836244832,10.0,10.0,10.052800983739727,9.970372616548088,2.981576589564139,1.4526404740111158
579.077210294706,10.0,10.0,10.051305771525696,9.966747330242844,2.481576589564139,1.9526404740111158
579.2772369649286,10.0,10.0,10.042184891076829,9.964011709352336,1.9815765895641388,2.452640474011116
579.4772636351513,10.0,10.0,10.028106213439045,9.967124428520739,1.929028623179224,2.7271059324097764
579.6772903053741,10.0,10.0,10.01844159165963,9.975839613223643,2.429028623179224,3.2271059324097764
579.8773169755967,10.0,10.0,10.012972440552579,9.99051395093786,2.856368960080461,3.7271059324097764
580.0773436458194,10.0,10.0,10.023354029866796,9.999916240579054,3.356368960080461,3.2271059324097764
580.2773703160422,10.0,10.0,10.028395715891236,10.000632698974137,2.856368960080461,2.7271059324097764
580.4773969862648,10.0,10.0,10.020721401101202,10.009905559919847,2.356368960080461,3.2271059324097764
580.6774236564875,10.0,10.0,10.00910449692001,10.011507859951507,1.8563689600804612,2.7271059324097764
580.8774503267102,10.0,10.0,9.989753080841346,10.018176123288395,1.619219166533648,3.2271059324097764
581.0774769969329,10.0,10.0,9.976945639993234,10.035493048231023,2.119219166533648,3.7271059324097764
581.2775036671555,10.0,10.0,9.959158024740498,10.043224175357528,1.619219166533648,3.2271059324097764
581.4775303373783,10.0,10.0,9.931436033637235,10.044032752767363,1.119219166533648,2.7271059324097764
581.677557007601,10.0,10.0,9.913456770768027,10.039135817032124,1.619219166533648,2.2271059324097764
581.8775836778237,10.0,10.0,9.899240151929428,10.043393633191299,1.7801218894003787,2.7271059324097764
582.0776103480464,10.0,10.0,9.894060395800995,10.039538818694353,2.2801218894003785,2.5347929038664274
582.277637018269,10.0,10.0,9.893866784239249,10.032310537951602,2.7801218894003785,2.0347929038664274
582.4776636884918,10.0,10.0,9.902558166371087,10.020334492623023,3.2801218894003785,1.5347929038664274
582.6776903587145,10.0,10.0,9.92114955615085,10.012773759881833,3.7801218894003785,2.0347929038664274
582.8777170289371,10.0,10.0,9.937419607449275,10.010394535090164,3.65094368060635,2.5347929038664274
583.0777436991599,10.0,10.0,9.958739134411752,10.00353241878148,4.150943680606351,2.0374809416117
583.2777703693826,10.0,10.0,9.974289219459997,10.002511600632657,3.7306917207885935,2.5374809416117
583.4777970396052,10.0,10.0,9.996775334120551,10.00040836350626,4.2306917207885935,2.71224119866134
583.677823709828,10.0,10.0,10.01325091893373,10.00689811574146,3.7306917207885935,3.21224119866134
583.8778503800506,10.0,10.0,10.022572092908181,10.012036445739277,3.2306917207885935,2.71224119866134
584.0778770502734,10.0,10.0,10.022820590680853,10.008081350700918,2.7306917207885935,2.21224119866134
584.277903720496,10.0,10.0,10.033491323638078,9.992461908951618,3.2306917207885935,1.71224119866134
584.4779303907187,10.0,10.0,10.030600642474312,9.987974751989327,2.7306917207885935,2.21224119866134
584.6779570609415,10.0,10.0,10.029616094958168,9.98765003375955,2.9339682147619204,2.71224119866134
584.8779837311641,10.0,10.0,10.039388126956572,9.983187304429615,3.30216212902899,2.21224119866134
585.0780104013868,10.0,10.0,10.043056377302824,9.972282417360562,3.250440830866972,1.71224119866134
585.2780370716096,10.0,10.0,10.04705244430826,9.964351097308471,2.750440830866972,2.21224119866134
585.4780637418322,10.0,10.0,10.041652361396755,9.966747938921976,2.2594387744934212,2.71224119866134
585.6780904120549,10.0,10.0,10.040129907732414,9.978521774030034,2.7594387744934212,3.21213780944397
585.8781170822776,10.0,10.0,10.043607906284453,9.988638783522056,2.6932453489143917,3.2618528224604892
586.0781437525003,10.0,10.0,10.029602677815312,9.989219236067893,2.1932453489143917,2.7618528224604892
586.278170422723,10.0,10.0,10.013331362093128,9.99003003730503,1.6932453489143917,2.6611756848726165
586.4781970929457,10.0,10.0,9.99264585198049,9.981766481552643,1.3525699933890463,2.1611756848726165
586.6782237631684,10.0,10.0,9.975321401906447,9.98408765608225,1.7373384604646334,2.6611756848726165
586.8782504333911,10.0,10.0,9.948661623352784,9.984010183955384,1.2373384604646334,2.6382507284399397
587.0782771036138,10.0,10.0,9.929344314168784,9.990260828594112,1.7373384604646334,3.1382507284399397
587.2783037738365,10.0,10.0,9.921226376280464,10.00435431245589,2.2373384604646334,3.6382507284399397
587.4783304440592,10.0,10.0,9.919445832337914,10.023139353602401,2.7373384604646334,4.13825072843994
587.6783571142819,10.0,10.0,9.923212363953073,10.033850398944232,3.2373384604646334,3.6382507284399397
587.8783837845045,10.0,10.0,9.943767595849856,10.041644660406048,3.7373384604646334,3.1382507284399397
588.0784104547273,10.0,10.0,9.966929216682361,10.042859424403654,4.237338460464633,2.6382507284399397
588.27843712495,10.0,10.0,9.984787143017426,10.038428154578579,3.737338460464633,2.1382507284399397
588.4784637951726,10.0,10.0,9.990450739258018,10.037740636966628,3.237338460464633,2.6382507284399397
588.6784904653954,10.0,10.0,10.005438011320152,10.034939949522093,3.737338460464633,2.1382507284399397
588.878517135618,10.0,10.0,10.013324927685755,10.035399715083699,3.237338460464633,2.6382507284399397
589.0785438058408,10.0,10.0,10.012817545514645,10.030673626284445,2.737338460464633,2.1382507284399397
589.2785704760635,10.0,10.0,10.019569657524633,10.01521966077219,3.237338460464633,1.6382507284399397
589.4785971462861,10.0,10.0,10.019065394567331,10.009053498064356,2.788200201292531,2.1382507284399397
589.6786238165089,10.0,10.0,10.024338650220065,10.013525358492245,3.288200201292531,2.6382507284399397
589.8786504867315,10.0,10.0,10.023040989909141,10.007616176437937,2.788200201292531,2.1382507284399397
590.0786771569542,10.0,10.0,10.017079296390763,10.001542973675553,2.288200201292531,1.9538231426504649
590.278703827177,10.0,10.0,9.997681076047149,9.987022740075293,1.7882002012925309,1.4538231426504649
590.4787304973996,10.0,10.0,9.991864670324993,9.980358284379665,2.288200201292531,1.9538231426504649
590.6787571676223,10.0,10.0,9.975905181213752,9.976949944769332,1.9897758986721894,2.4538231426504646
590.878783837845,10.0,10.0,9.951209409859388,9.96826783668898,1.4897758986721894,1.9538231426504646
591.0788105080677,10.0,10.0,9.939423678864278,9.969809261027278,1.9897758986721894,2.4538231426504646
591.2788371782904,10.0,10.0,9.934173754929327,9.974098749756058,2.4897758986721894,2.9538231426504646
591.4788638485131,10.0,10.0,9.932110559062727,9.98581441405713,2.7372939249596753,3.4538231426504646
591.6788905187358,10.0,10.0,9.940187504944173,9.992292273133046,3.2372939249596753,2.9538231426504646
591.8789171889586,10.0,10.0,9.955573462455643,10.003545324721445,3.7372939249596753,3.4538231426504646
592.0789438591812,10.0,10.0,9.98088025809048,10.007839520451482,4.237293924959675,2.9538231426504646
592.2789705294039,10.0,10.0,9.996916245708007,10.01582255833546,3.7372939249596753,3.0097927298373626
592.4789971996266,10.0,10.0,10.013681313721605,10.025282333134701,3.777095044831254,3.483281039302153
592.6790238698493,10.0,10.0,10.023683134400942,10.029583823756656,3.277095044831254,2.983281039302153
592.879050540072,10.0,10.0,10.033484652873343,10.037265368222277,3.4071070049505847,3.2265601425882924
593.0790772102947,10.0,10.0,10.052571599397007,10.05461957338628,3.9071070049505847,3.7265601425882924
593.2791038805174,10.0,10.0,10.063952835905967,10.061188929948775,3.4071070049505847,3.2265601425882924
593.47913055074,10.0,10.0,10.068830821534581,10.062164807486306,2.9071070049505847,2.7265601425882924
593.6791572209628,10.0,10.0,10.059693724543605,10.058816797607504,2.4071070049505847,2.2265601425882924
593.8791838911854,10.0,10.0,10.049559394570592,10.051029165412306,2.061706797050529,1.7265601425882924
594.0792105614082,10.0,10.0,10.02868258255972,10.032508882277554,1.5617067970505292,1.2265601425882924
594.2792372316309,10.0,10.0,10.017761432772016,10.0209186660789,2.061706797050529,1.7265601425882924
594.4792639018535,10.0,10.0,10.013150924225256,10.013751829360093,2.561706797050529,2.2265601425882924
594.6792905720763,10.0,10.0,10.020857365934484,10.016919613797011,2.9958676355833207,2.7265601425882924
594.879317242299,10.0,10.0,10.016463377834166,10.014463886969713,2.4958676355833207,2.2265601425882924
595.0793439125216,10.0,10.0,10.004168781980555,10.006522171887454,1.9958676355833207,1.7265601425882924
595.2793705827444,10.0,10.0,10.001279757679587,10.001040202700787,2.4958676355833207,2.2265601425882924
595.479397252967,10.0,10.0,10.003080413363202,10.00090846915838,2.9958676355833207,2.7265601425882924
595.6794239231897,10.0,10.0,10.019546687257927,10.00907392890436,3.4958676355833207,3.2265601425882924
595.8794505934125,10.0,10.0,10.040899316880946,10.020749101200455,3.9958676355833207,3.7265601425882924
596.0794772636351,10.0,10.0,10.072638825177966,10.04017902217335,4.495867635583321,4.226560142588292
596.2795039338578,10.0,10.0,10.10800200834519,10.06607420178152,4.995867635583321,4.726560142588292
596.4795306040805,10.0,10.0,10.151076017759522,10.099803184429605,5.495867635583321,5.226560142588292
596.6795572743032,10.0,10.0,10.204597191019298,10.137572638980043,5.995867635583321,5.726560142588292
596.879583944526,10.0,10.0,10.258539295086571,10.180622576924055,6.0,6.0
597.0796106147486,10.0,10.0,10.311101259166751,10.223698180209917,6.0,6.0
597.2796372849713,10.0,10.0,10.365268491836218,10.265958229325147,6.0,6.0
597.479663955194,10.0,10.0,10.414782125537158,10.309078077893396,6.0,6.0
597.6796906254167,10.0,10.0,10.46915784904365,10.351007022406069,6.0,6.0
597.8797172956394,10.0,10.0,10.52362074079539,10.394167752168858,6.0,6.0
598.0797439658621,10.0,10.0,10.578169919096567,10.437348152637966,6.0,6.0
598.2797706360848,10.0,10.0,10.632800405331412,10.480546741534253,6.0,6.0
598.4797973063074,10.0,10.0,10.68750359048123,10.522632498302682,6.0,6.0
598.6798239765302,10.0,10.0,10.742275023361985,10.56586593873379,6.0,6.0
598.8798506467529,10.0,10.0,10.795348899137137,10.609111234630998,6.0,6.0
599.0798773169756,10.0,10.0,10.850257612748152,10.652367121530384,6.0,6.0
599.2799039871983,10.0,10.0,10.905213472284444,10.691891221079295,6.0,6.0
599.4799306574209,10.0,10.0,10.955827982943747,10.735172607854713,6.0,6.0
599.6799573276437,10.0,10.0,11.010885710233154,10.775717556065928,6.0,6.0
599.8799839978664,10.0,10.0,11.065781087311091,10.81765369350416,6.0,6.0
600.080010668089,14.0,15.0,11.117973408986355,10.860959676134566,6.0,6.0
600.2800373383118,14.0,15.0,11.171484753365402,10.903324975284072,6.0,6.0
600.4800640085344,14.0,15.0,11.226695196137797,10.941710230205556,6.0,6.0
600.6800906787571,14.0,15.0,11.281926439950286,10.985037070598517,6.0,6.0
600.8801173489799,14.0,15.0,11.337191072444169,11.028366553608835,6.0,6.0
601.0801440192025,14.0,15.0,11.391964995307378,11.071621907043522,6.0,6.0
601.2801706894252,14.0,15.0,11.447283696782728,11.113230680522937,6.0,6.0
601.480197359648,14.0,15.0,11.499745159052733,11.154201681537739,6.0,6.0
601.6802240298706,14.0,15.0,11.555101321339539,11.19753429175052,6.0,6.0
601.8802507000934,14.0,15.0,11.610474856304116,11.239980617492233,6.0,6.0
602.080277370316,14.0,15.0,11.665858643263235,11.281735113271884,6.0,6.0
602.2803040405387,14.0,15.0,11.721253065285273,11.325064881131823,6.0,6.0
602.4803307107615,14.0,15.0,11.769400931645015,11.368382058495001,6.0,6.0
602.6803573809841,14.0,15.0,11.823777607980103,11.411684814295809,6.0,6.0
602.8803840512068,14.0,15.0,11.879231461326581,11.454980456681463,6.0,6.0
603.0804107214295,14.0,15.0,11.934686095275595,11.496361556819357,6.0,6.0
603.2804373916522,14.0,15.0,11.988899004993078,11.539646125478773,6.0,6.0
603.4804640618748,14.0,15.0,12.041518750909194,11.582110278494183,6.0,6.0
603.6804907320976,14.0,15.0,12.09696489876862,11.61876753651413,6.0,5.5
603.8805174023203,14.0,15.0,12.148549500347489,11.662031094853308,6.0,6.0
604.080544072543,14.0,15.0,12.20362622527418,11.70281192297939,6.0,6.0
604.2805707427657,14.0,15.0,12.25863746770693,11.745766820253673,6.0,6.0
604.4805974129883,14.0,15.0,12.303478210007532,11.788987271817263,5.530159926636604,6.0
604.6806240832111,14.0,15.0,12.357427216983586,11.832183005669044,6.0,6.0
604.8806507534338,14.0,15.0,12.412861190113562,11.875364710725767,6.0,6.0
605.0806774236564,14.0,15.0,12.468284057820942,11.918533360725933,6.0,6.0
605.2807040938792,14.0,15.0,12.521739114133151,11.96168631593609,6.0,6.0
605.4807307641018,14.0,15.0,12.575092930828552,12.004820894564064,6.0,6.0
605.6807574343245,14.0,15.0,12.630483860902638,12.04714497338014,6.0,6.0
605.8807841045473,14.0,15.0,12.685855586203788,12.090249230013102,6.0,6.0
606.0808107747699,14.0,15.0,12.73936192978017,12.133335764845988,6.0,6.0
606.2808374449926,14.0,15.0,12.794690830120437,12.17250527278786,6.0,6.0
606.4808641152154,14.0,15.0,12.840570797124952,12.215555916616486,5.53699940312541,6.0
606.680890785438,14.0,15.0,12.895875742708906,12.258579701690795,6.0,6.0
606.8809174556608,14.0,15.0,12.94183999511788,12.301576351064547,5.5,6.0
607.0809441258834,14.0,15.0,12.987178116719248,12.344412742975722,5.162584600774142,6.0
607.2809707961061,14.0,15.0,13.023023145245597,12.3873240661889,4.791312909208993,6.0
607.4809974663289,14.0,15.0,13.049351863587662,12.429377301447667,4.291312909208993,6.0
607.6810241365515,14.0,15.0,13.081323571022997,12.472151823102552,4.791312909208993,6.0
607.8810508067742,14.0,15.0,13.122868124502473,12.514870525822188,5.2714759981526,6.0
608.0810774769969,14.0,15.0,13.173315753595404,12.55755193546089,5.629703231228646,6.0
608.2811041472196,14.0,15.0,13.213612062196665,12.598052068273423,5.129703231228646,6.0
608.4811308174422,14.0,15.0,13.262741340164261,12.639318462495488,5.629703231228646,6.0
608.681157487665,14.0,15.0,13.3052693953754,12.680814719999848,5.129703231228646,6.0
608.8811841578877,14.0,15.0,13.355616471186904,12.72279052512031,5.629703231228646,6.0
609.0812108281104,14.0,15.0,13.409333315430269,12.764030515062563,6.0,6.0
609.2812374983331,14.0,15.0,13.451930827487649,12.806511360631069,5.5,6.0
609.4812641685558,14.0,15.0,13.49566227781627,12.848947962801049,5.0,6.0
609.6812908387785,14.0,15.0,13.52249923297163,12.891324655471653,4.5,6.0
609.8813175090012,14.0,15.0,13.547495316393803,12.932246174191247,4.338562080379684,6.0
610.0813441792238,14.0,15.0,13.578089738071371,12.973433041971196,4.31714995355533,6.0
610.2813708494466,14.0,15.0,13.609795071820571,13.015594465302115,4.698616675666828,6.0
610.4813975196693,14.0,15.0,13.645130770602542,13.056275128077372,4.580001901225328,6.0
610.6814241898919,14.0,15.0,13.665004908396256,13.097639073085148,4.080001901225328,6.0
610.8814508601147,14.0,15.0,13.694811612734538,13.13416095171491,4.248480256448754,5.5
611.0814775303373,14.0,15.0,13.727043515687297,13.173987206756975,4.748480256448754,6.0
611.28150420056,14.0,15.0,13.752992815433391,13.213818902892712,4.248480256448754,6.0
611.4815308707828,14.0,15.0,13.765770899639657,13.253964705371672,3.7484802564487536,5.5
611.6815575410054,14.0,15.0,13.791745382511573,13.295618356166681,4.248480256448754,6.0
611.8815842112282,14.0,15.0,13.822481821156531,13.335899075427578,4.618880025756981,6.0
612.0816108814508,14.0,15.0,13.847195759603936,13.373915012843243,4.118880025756981,5.5
612.2816375516735,14.0,15.0,13.864814338587665,13.414462192362963,3.838373802594277,6.0
612.4816642218963,14.0,15.0,13.878767220597151,13.450239338157772,3.338373802594277,5.5
612.6816908921189,14.0,15.0,13.890700032515415,13.477928735665047,3.154884003996986,5.0
612.8817175623416,14.0,15.0,13.907725481118627,13.515406842280496,3.654884003996986,5.5
613.0817442325643,14.0,15.0,13.918986199398168,13.543404980249003,3.154884003996986,5.0
613.281770902787,14.0,15.0,13.931844493981986,13.579861432783055,3.654884003996986,5.5
613.4817975730097,14.0,15.0,13.937240853381047,13.608136369118782,3.154884003996986,5.0
613.6818242432324,14.0,15.0,13.942728505650107,13.632303456868778,3.056784630647133,4.5
613.8818509134551,14.0,15.0,13.953989623136593,13.661403306566857,3.3443293785176498,5.0
614.0818775836779,14.0,15.0,13.97001577227455,13.69315733108446,3.8443293785176498,5.5
614.2819042539005,14.0,15.0,13.982784800247256,13.733762503510773,3.3443293785176498,6.0
614.4819309241232,14.0,15.0,14.00028351778638,13.774273054161881,3.8443293785176498,6.0
614.6819575943459,14.0,15.0,14.010178404113724,13.814686382837605,3.3443293785176498,6.0
614.8819842645686,14.0,15.0,14.0308103205779,13.85272734280641,3.8315753149918383,6.0
615.0820109347912,14.0,15.0,14.059600260238028,13.891088079252123,4.309846735779566,6.0
615.282037605014,14.0,15.0,14.078491561034664,13.9297609289966,3.8098467357795656,6.0
615.4820642752367,14.0,15.0,14.091313978906307,13.969848783628105,3.3098467357795656,6.0
615.6820909454593,14.0,15.0,14.10078698786205,14.008015117053798,3.0309303496792643,6.0
615.8821176156821,14.0,15.0,14.113015821772493,14.047144117503302,3.189370322518826,6.0
616.0821442859047,14.0,15.0,14.12420919549488,14.086442892578741,2.991529343470814,6.0
616.2821709561274,14.0,15.0,14.127543306908247,14.119959019199857,2.679560640205314,5.5
616.4821976263502,14.0,15.0,14.132605567768548,14.159542564072947,2.8047243939085496,6.0
616.6822242965728,14.0,15.0,14.138051655270683,14.19901476641926,2.7342398739137637,6.0
616.8822509667956,14.0,15.0,14.147652199751173,14.234920463315971,3.106187475194066,6.0
617.0822776370183,14.0,15.0,14.15746883423771,14.274191469399643,3.2063124839239716,6.0
617.2823043072409,14.0,15.0,14.162768024800798,14.313356568408164,2.753472920398276,6.0
617.4823309774637,14.0,15.0,14.180171453821409,14.352423615320305,3.253472920398276,6.0
617.6823576476863,14.0,15.0,14.180010191228618,14.388860265704945,2.753472920398276,6.0
617.882384317909,14.0,15.0,14.180767083677098,14.427456643127831,2.46882555073633,6.0
618.0824109881318,14.0,15.0,14.17928350665603,14.465205228982796,2.543331947545625,6.0
618.2824376583544,14.0,15.0,14.172704702310014,14.503809230375841,2.358755797332533,6.0
618.4824643285771,14.0,15.0,14.171315923695206,14.542286101752119,2.6133957022256467,6.0
618.6824909987998,14.0,15.0,14.168392767663121,14.580639822160297,2.482868788543829,6.0
618.8825176690225,14.0,15.0,14.160902489399339,14.618659266006269,1.9828687885438292,6.0
619.0825443392453,14.0,15.0,14.152994317550412,14.65642891483726,2.052095785309516,6.0
619.2825710094679,14.0,15.0,14.141605408133898,14.694383745995575,1.9816055225897469,6.0
619.4825976796906,14.0,15.0,14.135371314268657,14.72332084948222,1.9796196801664125,5.5
619.6826243499133,14.0,15.0,14.124166220925593,14.761023898887435,1.6872873832933315,6.0
619.882651020136,14.0,15.0,14.110100882671414,14.79858449826854,1.7284308120008485,6.0
620.0826776903587,14.0,15.0,14.101394861116713,14.832636354267821,1.7632921760409954,6.0
620.2827043605814,14.0,15.0,14.08140592521292,14.865866878511474,1.2632921760409954,5.5
620.4827310308041,14.0,15.0,14.06998231367736,14.897211111766667,1.7632921760409954,5.600576169142225
620.6827577010267,14.0,15.0,14.051006236921232,14.920359139671381,1.2632921760409954,5.100576169142225
620.8827843712495,14.0,15.0,14.020013437600145,14.940925249401898,0.7632921760409954,4.600576169142225
621.0828110414722,14.0,15.0,13.98343877227405,14.951140311603092,0.2632921760409954,4.100576169142225
621.2828377116948,14.0,15.0,13.946139706193263,14.970942444504209,0.0,4.600576169142225
621.4828643819176,14.0,15.0,13.905308914459633,14.988834755017168,0.0,4.411147242047576
621.6828910521402,14.0,15.0,13.878937190638087,15.012814777289632,0.5,4.911147242047576
621.882917722363,14.0,15.0,13.83934394009115,15.04122818078723,0.0,5.411147242047576
622.0829443925857,14.0,15.0,13.798956710079437,15.07716630768196,0.0,5.911147242047576
622.2829710628083,14.0,15.0,13.758770263216213,15.11091330791333,0.0,6.0
622.4829977330311,14.0,15.0,13.71888623909782,15.144399989233618,0.0,6.0
622.6830244032537,14.0,15.0,13.684062649939893,15.179761435737651,0.0,6.0
622.8830510734764,14.0,15.0,13.644444728965455,15.209467861666994,0.0,5.5
623.0830777436992,14.0,15.0,13.605016043106863,15.244454402869447,0.0,6.0
623.2831044139218,14.0,15.0,13.571623133960276,15.279252403634915,0.0,5.906027660361761
623.4831310841445,14.0,15.0,13.532557533899926,15.305334713869403,0.0,5.406027660361761
623.6831577543672,14.0,15.0,13.494243516954088,15.336127514511348,0.0,5.906027660361761
623.8831844245899,14.0,15.0,13.455528534021198,15.366193143395321,0.0,5.406027660361761
624.0832110948127,14.0,15.0,13.416969593267222,15.385783250306675,0.0,4.906027660361761
624.2832377650353,14.0,15.0,13.380280641518635,15.399336210145774,0.0,4.406027660361761
624.483264435258,14.0,15.0,13.341949918273016,15.415636103267484,0.0,4.525839166945424
624.6832911054807,14.0,15.0,13.307143673802695,15.433697745353383,0.0,5.025839166945424
624.8833177757034,14.0,15.0,13.269070613499064,15.459160423062952,0.0,5.525839166945424
625.0833444459261,14.0,15.0,13.23117536228321,15.49242697173046,0.0,6.0
625.2833711161488,14.0,15.0,13.193461594331422,15.519597763819485,0.0,5.5
625.4833977863715,14.0,15.0,13.155906061010377,15.542210269085915,0.0,5.0
625.6834244565941,14.0,15.0,13.118492897067409,15.562017262143298,0.0,5.109983715204012
625.8834511268169,14.0,15.0,13.082405178268289,15.59047525391353,0.0,5.609983715204012
626.0834777970396,14.0,15.0,13.045295687118768,15.608623802377085,0.0,5.109983715204012
626.2835044672622,14.0,15.0,13.008778394670813,15.6365412466116,0.0,5.609983715204012
626.483531137485,14.0,15.0,12.97217355437358,15.666211332099197,0.0,6.0
626.6835578077076,14.0,15.0,12.936734653528351,15.693212239083149,0.0,5.5
626.8835844779304,14.0,15.0,12.901673683418498,15.708785946312757,0.0,5.0
627.0836111481531,14.0,15.0,12.867865564546761,15.731819833884135,0.0,5.5
627.2836378183757,14.0,15.0,12.83165849722849,15.749552791657253,0.0,5.0
627.4836644885985,14.0,15.0,12.800902107525385,15.765401014474852,0.0,4.5
627.6836911588211,14.0,15.0,12.765433827624078,15.77517440260792,0.0,4.399681728527523
627.8837178290438,14.0,15.0,12.734447059984278,15.790315564839627,0.0,4.4862454825623015
628.0837444992666,14.0,15.0,12.701883971790485,15.808550735493595,0.0,4.9862454825623015
628.2837711694892,14.0,15.0,12.66621828544504,15.820486815750742,0.0,4.4862454825623015
628.4837978397119,14.0,15.0,12.630668174331381,15.836811259004463,0.0,4.9862454825623015
628.6838245099347,14.0,15.0,12.595237637312819,15.850408560492948,0.0,4.4862454825623015
628.8838511801573,14.0,15.0,12.56199689263022,15.864731336531081,0.0,4.728652262628845
629.0838778503801,14.0,15.0,12.526808411919275,15.886144396071408,0.0,5.228652262628845
629.2839045206027,14.0,15.0,12.491751531147054,15.899715967944172,0.0,4.728652262628845
629.4839311908254,14.0,15.0,12.464626202508592,15.905424187142133,0.5,4.228652262628845
629.6839578610482,14.0,15.0,12.44779004182763,15.906852861556548,1.0,3.728652262628845
629.8839845312708,14.0,15.0,12.435745063890302,15.900390049613964,1.5,3.228652262628845
630.0840112014935,14.0,15.0,12.438636008587235,15.89083791389137,2.0,2.728652262628845
630.2840378717162,14.0,15.0,12.44265316266843,15.873220888979057,2.5,2.228652262628845
630.4840645419389,14.0,15.0,12.4566930715284,15.850335536937852,3.0,1.7286522626288452
630.6840912121615,14.0,15.0,12.476800179570148,15.819596612749342,3.5,1.2286522626288452
630.8841178823843,14.0,15.0,12.509558772087733,15.783107161861729,4.0,0.7286522626288452
631.084144552607,14.0,15.0,12.549944250676473,15.738594917034172,4.5,0.2286522626288452
631.2841712228296,14.0,15.0,12.59975356621437,15.693346683104323,5.0,0.0
631.4841978930524,14.0,15.0,12.654025236753002,15.648302663289131,5.5,0.0
631.684224563275,14.0,15.0,12.715564178166652,15.608605439995968,6.0,0.5
631.8842512334978,14.0,15.0,12.777645403155734,15.576776782459309,6.0,1.0
632.0842779037205,14.0,15.0,12.839333753265963,15.543277068616113,6.0,1.1036072564975712
632.2843045739431,14.0,15.0,12.900628909966914,15.510852116915748,6.0,1.064517308035213
632.4843312441659,14.0,15.0,12.960792912132943,15.473579185199721,6.0,0.7218095427202836
632.6843579143886,14.0,15.0,13.01862200313949,15.444776614413163,6.0,1.2218095427202837
632.8843845846112,14.0,15.0,13.078761058743517,15.414482038544248,6.0,1.1460899774176556
633.084411254834,14.0,15.0,13.138518348804144,15.382078716126808,6.0,1.0455973492237702
633.2844379250566,14.0,15.0,13.197888514541674,15.3490665540344,6.0,1.0479359745866257
633.4844645952793,14.0,15.0,13.256862029920354,15.312208255895507,6.0,0.5479359745866257
633.6844912655021,14.0,15.0,13.315449483545486,15.283266637946868,6.0,1.0479359745866257
633.8845179357247,14.0,15.0,13.373680381937174,15.25846657975245,6.0,1.4989446069237575
634.0845446059475,14.0,15.0,13.431568633154185,15.234960975937994,6.0,1.6996677710077188
634.2845712761701,14.0,15.0,13.489119116497255,15.211791384108292,6.0,1.4496607709831717
634.4845979463928,14.0,15.0,13.546314028234404,15.1804791240442,6.0,0.9496607709831717
634.6846246166156,14.0,15.0,13.602981836368691,15.160196671252999,6.0,1.4496607709831717
634.8846512868382,14.0,15.0,13.659514197197662,15.141730458836363,6.0,1.9496607709831717
635.0846779570609,14.0,15.0,13.715518724849437,15.12352690245415,6.0,1.7406269659658036
635.2847046272836,14.0,15.0,13.771047087506878,15.111336150306421,6.0,2.2406269659658036
635.4847312975063,14.0,15.0,13.818185190950837,15.095721916129055,5.5,1.7406269659658036
635.684757967729,14.0,15.0,13.856819552761852,15.06834118752335,5.0,1.2406269659658036
635.8847846379517,14.0,15.0,13.905960063262608,15.034215680058713,5.5,0.7406269659658037
636.0848113081744,14.0,15.0,13.958773013816351,15.00736146048215,6.0,1.2406269659658036
636.2848379783971,14.0,15.0,14.013137994716518,14.988672335444049,6.0,1.7406269659658036
636.4848646486198,14.0,15.0,14.055769242104365,14.96473364410354,5.5,1.2406269659658036
636.6848913188425,14.0,15.0,14.091614365656692,14.948840226738556,5.0,1.7406269659658036
636.8849179890652,14.0,15.0,14.123236150120167,14.923734833356727,4.5,1.2406269659658036
637.0849446592879,14.0,15.0,14.143145032769487,14.905376708379725,4.0,1.7406269659658036
637.2849713295105,14.0,15.0,14.153557063289627,14.893727653572936,3.5,2.2406269659658036
637.4849979997333,14.0,15.0,14.155397903917931,14.887844047404736,3.0,2.7406269659658036
637.685024669956,14.0,15.0,14.15312966997548,14.885690025061425,2.524613572223992,3.2406269659658036
637.8850513401786,14.0,15.0,14.13847735785106,14.89270896034792,2.024613572223992,3.7406269659658036
638.0850780104014,14.0,15.0,14.13160618165669,14.904940308492476,2.5037494436142893,4.240626965965804
638.285104680624,14.0,15.0,14.120548626093884,14.911290603901246,2.1368190267290514,3.740626965965804
638.4851313508467,14.0,15.0,14.09616598092147,14.912911582594637,1.6621143580569566,3.240626965965804
638.6851580210695,14.0,15.0,14.071918958535681,14.921079597275831,1.1621143580569566,3.740626965965804
638.8851846912921,14.0,15.0,14.056784475451353,14.930451434834538,1.6621143580569566,4.240626965965804
639.0852113615149,14.0,15.0,14.025465407284806,14.93990261083506,1.1621143580569566,3.9777925017584916
639.2852380317375,14.0,15.0,14.007243137129295,14.95238005596785,1.6621143580569566,4.422427206279967
639.4852647019602,14.0,15.0,13.978951178635056,14.958987883396112,1.1621143580569566,3.922427206279967
639.685291372183,14.0,15.0,13.94213354525758,14.97218062491143,0.8065738203697447,4.422427206279967
639.8853180424056,14.0,15.0,13.91665656135143,14.982405050231954,1.3065738203697448,4.407999782922241
640.0853447126283,14.0,15.0,13.896659390153697,15.001632170193794,1.8065738203697448,4.907999782922241
640.285371382851,14.0,15.0,13.888682104649387,15.017637327639681,2.306573820369745,4.407999782922241
640.4853980530737,14.0,15.0,13.895182030093478,15.024517984336514,2.806573820369745,3.907999782922241
640.6854247232964,14.0,15.0,13.906909777226533,15.026842131954206,3.306573820369745,3.407999782922241
640.8854513935191,14.0,15.0,13.90888810973638,15.034718221843768,2.806573820369745,3.907999782922241
641.0854780637418,14.0,15.0,13.903058864439595,15.037031805445672,2.306573820369745,3.407999782922241
641.2855047339646,14.0,15.0,13.901203064361498,15.048469010398884,2.806573820369745,3.907999782922241
641.4855314041872,14.0,15.0,13.907794110860479,15.047212158481603,2.822703691161777,3.407999782922241
641.6855580744099,14.0,15.0,13.916632608630039,15.045850631931508,3.322703691161777,3.2540469423198983
641.8855847446326,14.0,15.0,13.934509624687891,15.041754007325531,3.822703691161777,3.0379434684207522
642.0856114148553,14.0,15.0,13.953427274262298,15.033298851226803,4.322703691161777,2.5379434684207522
642.285638085078,14.0,15.0,13.973645313883956,15.016392657600543,3.9909008055629713,2.0379434684207522
642.4856647553007,14.0,15.0,13.994519505739321,14.996289101791877,3.9178426653901095,1.6423860688255303
642.6856914255234,14.0,15.0,14.019621835209053,14.972958888192407,4.4178426653901095,1.46186174294074
642.885718095746,14.0,15.0,14.037364936270128,14.952217612511342,3.9178426653901095,1.6604056775070108
643.0857447659688,14.0,15.0,14.052437870339162,14.94001704765008,3.4178426653901095,2.160405677507011
643.2857714361915,14.0,15.0,14.058888774939275,14.931379115129356,3.142120516368092,2.660405677507011
643.4857981064141,14.0,15.0,14.057158162612103,14.929907934223664,2.642120516368092,3.160405677507011
643.6858247766369,14.0,15.0,14.04312595699508,14.936979537388845,2.142120516368092,3.660405677507011
643.8858514468595,14.0,15.0,14.032944865283373,14.937360541466605,2.2269505726934713,3.160405677507011
644.0858781170823,14.0,15.0,14.032171747096516,14.94060081395469,2.7269505726934713,3.660405677507011
644.285904787305,14.0,15.0,14.039575080436004,14.952632938944475,3.0031372636088642,4.160405677507011
644.4859314575276,14.0,15.0,14.030870449122734,14.973223709990307,2.5031372636088642,4.660405677507011
644.6859581277504,14.0,15.0,14.035560407594566,14.983032056038963,3.0031372636088642,4.160405677507011
644.885984797973,14.0,15.0,14.03124592308555,15.002320105570124,2.5031372636088642,4.660405677507011
645.0860114681957,14.0,15.0,14.018996629581231,15.014176846746858,2.0031372636088642,4.160405677507011
645.2860381384185,14.0,15.0,14.009859440676959,15.031976976015244,2.5031372636088642,4.547529731862152
645.4860648086411,14.0,15.0,14.01039446676126,15.042329582392192,3.0031372636088642,4.083797425793072
645.6860914788638,14.0,15.0,14.009130007388423,15.062341272172338,2.5031372636088642,4.583797425793072
645.8861181490865,14.0,15.0,14.011606340580899,15.072944884347102,3.0031372636088642,4.083797425793072
646.0861448193092,14.0,15.0,14.008775206170887,15.079045249047098,2.5031372636088642,3.5837974257930716
646.286171489532,14.0,15.0,13.998743941344513,15.07723974224512,2.0031372636088642,3.0837974257930716
646.4861981597546,14.0,15.0,13.988083592090248,15.071221572487792,2.5031372636088642,2.5837974257930716
646.6862248299773,14.0,15.0,13.973276580734927,15.056294457933072,2.0031372636088642,2.0837974257930716
646.8862515002,14.0,15.0,13.966254476148391,15.045305618192744,2.5031372636088642,2.5837974257930716
647.0862781704227,14.0,15.0,13.954995578891461,15.026407133458063,2.0031372636088642,2.0837974257930716
647.2863048406454,14.0,15.0,13.947619738411687,15.014259377661851,2.5031372636088642,2.469417886739234
647.4863315108681,14.0,15.0,13.948785330368425,15.002875448894669,3.0031372636088642,2.779955575823281
647.6863581810908,14.0,15.0,13.941437913872567,14.99191766284568,2.5031372636088642,2.279955575823281
647.8863848513134,14.0,15.0,13.94584607627872,14.987314153242972,3.0031372636088642,2.779955575823281
648.0864115215362,14.0,15.0,13.945509087941417,14.988076507986012,2.7655174462133587,3.279955575823281
648.2864381917589,14.0,15.0,13.95205850842155,14.984650816864663,3.2655174462133587,3.0307438613506577
648.4864648619815,14.0,15.0,13.964571138088388,14.982586181241677,3.7655174462133587,3.2551914062736604
648.6864915322043,14.0,15.0,13.977400567970625,14.9877422840496,3.2655174462133587,3.7551914062736604
648.8865182024269,14.0,15.0,13.98794931969267,14.984553037671528,3.3666692548897377,3.2551914062736604
649.0865448726497,14.0,15.0,14.002417516970432,14.989583973889328,3.8666692548897377,3.7551914062736604
649.2865715428724,14.0,15.0,14.018266915340538,14.989321363952822,3.79238484700319,3.2551914062736604
649.486598213095,14.0,15.0,14.031330179991969,14.993052842500584,3.4642688303934905,3.7551914062736604
649.6866248833178,14.0,15.0,14.029973229050757,14.993211735682687,2.9642688303934905,3.2551914062736604
649.8866515535404,14.0,15.0,14.027818149487452,14.992768245268685,2.9505511450887036,3.146930736442418
650.0866782237631,14.0,15.0,14.026233486162113,14.995127010842676,3.034530121627458,3.646930736442418
650.2867048939859,14.0,15.0,14.040589190955172,14.99263158021258,3.5111789098207997,3.146930736442418
650.4867315642085,14.0,15.0,14.057852285000545,14.994427293127362,4.011178909820799,3.6464009514579
650.6867582344312,14.0,15.0,14.067247491108212,15.001899225519233,3.5111789098207993,3.7941824628524246
650.886784904654,14.0,15.0,14.065286789642332,15.002819147276014,3.0111789098207993,3.2941824628524246
651.0868115748766,14.0,15.0,14.059614971099416,15.010187795813907,2.5111789098207993,3.7941824628524246
651.2868382450994,14.0,15.0,14.063494221237617,15.01080037116681,3.0111789098207993,3.2941824628524246
651.486864915322,14.0,15.0,14.055716511860675,15.005305428559025,2.5111789098207993,2.7941824628524246
651.6868915855447,14.0,15.0,14.045246229338387,14.99967222756435,2.2141685374180735,2.9432531485988465
651.8869182557675,14.0,15.0,14.049661971315318,14.997970014710917,2.7141685374180735,3.049758688571828
652.0869449259901,14.0,15.0,14.05755020437031,14.990304537835971,3.2141685374180735,2.549758688571828
652.2869715962128,14.0,15.0,14.054109011588421,14.988897941957438,2.7141685374180735,3.049758688571828
652.4869982664355,14.0,15.0,14.039228829697725,14.993641920394,2.2141685374180735,3.549758688571828
652.6870249366582,14.0,15.0,14.018383615618427,14.98663662052203,1.7141685374180735,3.049758688571828
652.8870516068808,14.0,15.0,14.009028956525816,14.987335195680703,2.2141685374180735,3.548665204345439
653.0870782771036,14.0,15.0,13.99189730283198,14.989903463196116,1.9037105196642536,3.573933240011243
653.2871049473263,14.0,15.0,13.973068509627375,15.000629675466676,1.6733863057755165,4.0613429490005695
653.4871316175489,14.0,15.0,13.943201168551319,15.017879466943532,1.1733863057755165,4.5613429490005695
653.6871582877717,14.0,15.0,13.922049237549269,15.027478201131535,1.6733863057755165,4.0613429490005695
653.8871849579944,14.0,15.0,13.913489276645436,15.029535640332247,2.0950041084772284,3.5613429490005695
654.0872116282171,14.0,15.0,13.909832625407587,15.037038459127979,2.5950041084772284,4.0613429490005695
654.2872382984398,14.0,15.0,13.916168114150361,15.04170224165212,3.0950041084772284,3.7364006098055236
654.4872649686624,14.0,15.0,13.920721551357884,15.042685595189319,3.483790366573304,3.2364006098055236
654.6872916388852,14.0,15.0,13.94376087943219,15.034139199126866,3.983790366573304,2.7364006098055236
654.8873183091079,14.0,15.0,13.950861513519094,15.019229729254686,3.483790366573304,2.2364006098055236
655.0873449793305,14.0,15.0,13.95916142714191,14.996673511216109,3.6864142389704684,1.7364006098055236
655.2873716495533,14.0,15.0,13.9604123409296,14.969445380012237,3.1864142389704684,1.2364006098055236
655.4873983197759,14.0,15.0,13.970319603150795,14.950399244501181,3.6864142389704684,1.7364006098055236
655.6874249899986,14.0,15.0,13.985611583347833,14.938125063538973,3.862982456798262,2.2364006098055236
655.8874516602214,14.0,15.0,14.004798886626709,14.933316633696998,4.057138612576675,2.7364006098055236
656.087478330444,14.0,15.0,14.011526067351113,14.923679811499797,3.557138612576675,2.611470399512757
656.2875050006668,14.0,15.0,14.032164973675249,14.919500932787505,4.057138612576675,2.943664758635313
656.4875316708894,14.0,15.0,14.064872896866676,14.918385460805764,4.479086556175567,3.298223158505028
656.6875583411121,14.0,15.0,14.083251922972362,14.912693432804813,3.9790865561755666,2.798223158505028
656.8875850113349,14.0,15.0,14.105336298403774,14.90943715263904,4.466509562970805,3.058062524829489
657.0876116815575,14.0,15.0,14.121818676760418,14.914940336632183,3.9665095629708054,3.558062524829489
657.2876383517802,14.0,15.0,14.125331572162992,14.911672852800258,3.4665095629708054,3.058062524829489
657.487665022003,14.0,15.0,14.127182930096772,14.912764942760315,2.9665095629708054,3.558062524829489
657.6876916922256,14.0,15.0,14.11779613778216,14.921900309869832,2.4665095629708054,4.058062524829489
657.8877183624483,14.0,15.0,14.114778887594086,14.924578404466986,2.9665095629708054,3.6661662441500953
658.087745032671,14.0,15.0,14.104202677581759,14.933108000167898,2.4665095629708054,4.166166244150095
658.2877717028937,14.0,15.0,14.08909237102912,14.945720949544773,1.9665095629708054,4.666166244150095
658.4877983731163,14.0,15.0,14.076930235099464,14.969384702347272,2.4665095629708054,5.080043343005177
658.6878250433391,14.0,15.0,14.060335204159728,14.986012716125162,1.9665095629708054,4.580043343005177
658.8878517135618,14.0,15.0,14.050468166618563,14.99442390095613,2.4665095629708054,4.080043343005177
659.0878783837845,14.0,15.0,14.05160063354167,14.997919575650133,2.9665095629708054,3.580043343005177
659.2879050540072,14.0,15.0,14.03979607556797,14.997963694590734,2.4665095629708054,3.080043343005177
659.4879317242298,14.0,15.0,14.031014692722662,14.99378379793455,2.4299943524603678,2.899073439559286
659.6879583944526,14.0,15.0,14.011753601675236,14.988753236461086,1.9299943524603678,3.052868825719245
659.8879850646753,14.0,15.0,14.002065483405465,14.988624653037538,2.4299943524603678,3.1762418826636805
660.0880117348979,14.0,15.0,14.001934106378515,14.992602100541065,2.9299943524603678,3.520488286029701
660.2880384051207,14.0,15.0,14.005950709411119,14.999194722661056,3.228242917695046,4.0204882860297015
660.4880650753433,14.0,15.0,14.019613596242891,14.999659270034124,3.728242917695046,3.5204882860297015
660.688091745566,14.0,15.0,14.021471301723272,14.999738852128168,3.228242917695046,3.0204882860297015
660.8881184157888,14.0,15.0,14.019696134471605,14.989735225385347,2.728242917695046,2.5204882860297015
661.0881450860114,14.0,15.0,14.024744844499724,14.987063100332202,3.228242917695046,3.0204882860297015
661.2881717562342,14.0,15.0,14.028753813958682,14.985822267303416,3.338550236645175,3.0893329973591266
661.4881984264568,14.0,15.0,14.02676326136232,14.989106147152418,2.838550236645175,3.5893329973591266
661.6882250966795,14.0,15.0,14.018321942181062,14.986558790736206,2.338550236645175,3.0893329973591266
661.8882517669023,14.0,15.0,14.016099531744235,14.985721947757652,2.838550236645175,3.379653014296433
662.0882784371249,14.0,15.0,14.01702426752009,14.980637828478283,3.338550236645175,3.0294871661054286
662.2883051073476,14.0,15.0,14.017448350318011,14.983379494388231,2.838550236645175,3.5294871661054286
662.4883317775704,14.0,15.0,14.0198582234324,14.979472345830745,3.338550236645175,3.0294871661054286
662.688358447793,14.0,15.0,14.0193599990733,14.97060594919008,2.838550236645175,2.5294871661054286
662.8883851180157,14.0,15.0,14.016749021970902,14.96839106431659,2.807019670883793,3.0294871661054286
663.0884117882384,14.0,15.0,14.020147747179637,14.960439521783627,3.307019670883793,2.5294871661054286
663.2884384584611,14.0,15.0,14.015780971933632,14.95618250518311,2.807019670883793,3.0294871661054286
663.4884651286837,14.0,15.0,14.024140346319719,14.960292193804428,3.307019670883793,3.5294871661054286
663.6884917989065,14.0,15.0,14.019392781390653,14.954967582797293,3.0151038519453413,3.0294871661054286
663.8885184691292,14.0,15.0,14.027841846739445,14.957990701699844,3.5151038519453413,3.5294871661054286
664.0885451393519,14.0,15.0,14.037896318012956,14.966126920564616,3.5431728013879544,4.029487166105429
664.2885718095746,14.0,15.0,14.042678090913219,14.9660276914855,3.0431728013879544,3.5294871661054286
664.4885984797972,14.0,15.0,14.052572185605037,14.97423122787807,3.5431728013879544,4.029487166105429
664.68862515002,14.0,15.0,14.054136615769524,14.97793958102045,3.0431728013879544,3.5982859163690994
664.8886518202427,14.0,15.0,14.045219574639992,14.978391349661143,2.5431728013879544,3.457801996520488
665.0886784904653,14.0,15.0,14.026822325793738,14.988288220383012,2.0431728013879544,3.957801996520488
665.2887051606881,14.0,15.0,14.017328995413294,14.991548935567266,2.5431728013879544,3.457801996520488
665.4887318309108,14.0,15.0,14.014542719824819,14.989989009354597,3.0431728013879544,3.091731127092054
665.6887585011334,14.0,15.0,14.00471843143847,14.991045194188796,2.5431728013879544,3.591731127092054
665.8887851713562,14.0,15.0,14.003019541424887,14.989967481264872,3.0431728013879544,3.091731127092054
666.0888118415788,14.0,15.0,13.999933898696892,14.993561648465436,2.854927773141303,3.591731127092054
666.2888385118016,14.0,15.0,14.004815275045408,15.000841646226506,3.354927773141303,4.0917311270920536
666.4888651820243,14.0,15.0,14.011989882434492,15.003135082317536,3.227967589514021,3.5917311270920536
666.6888918522469,14.0,15.0,14.007692311822115,15.002401558493636,2.727967589514021,3.0917311270920536
666.8889185224697,14.0,15.0,14.009789559096083,15.00491492408,3.227967589514021,3.5917311270920536
667.0889451926923,14.0,15.0,14.00763183975525,15.00155411727853,2.727967589514021,3.0917311270920536
667.288971862915,14.0,15.0,14.006963098074547,15.005841748406375,3.227967589514021,3.5917311270920536
667.4889985331378,14.0,15.0,14.021585105585219,15.0069043687164,3.727967589514021,3.1183483673627777
667.6890252033604,14.0,15.0,14.027524934912785,15.01157197538649,3.227967589514021,3.6183483673627777
667.8890518735831,14.0,15.0,14.029208340868166,15.010098370876626,3.034044773412835,3.446512878387988
668.0890785438058,14.0,15.0,14.035238016833503,15.004114685806295,3.0461774310084855,2.946512878387988
668.2891052140285,14.0,15.0,14.027170337899145,15.005614482191609,2.5461774310084855,3.446512878387988
668.4891318842512,14.0,15.0,14.026675169863644,15.00679420109221,3.0461774310084855,3.2682889445179293
668.6891585544739,14.0,15.0,14.018942465247166,15.006693646682432,2.5461774310084855,3.237421829665436
668.8891852246966,14.0,15.0,14.018258343278593,14.997250521812418,2.960561090803802,2.737421829665436
669.0892118949193,14.0,15.0,14.011894743222214,14.99142179504162,2.460561090803802,3.237421829665436
669.289238565142,14.0,15.0,14.005168743281448,14.999715961622316,2.960561090803802,3.737421829665436
669.4892652353647,14.0,15.0,14.013343914455255,14.996455856441123,3.460561090803802,3.237421829665436
669.6892919055874,14.0,15.0,14.009650354536904,14.986695871213026,2.960561090803802,2.737421829665436
669.8893185758101,14.0,15.0,14.01552568804673,14.98269315910958,3.460561090803802,3.237421829665436
670.0893452460327,14.0,15.0,14.012413885998866,14.987016518049485,2.960561090803802,3.737421829665436
670.2893719162555,14.0,15.0,14.004289984647315,14.996017821739521,2.460561090803802,4.1305286047706335
670.4893985864782,14.0,15.0,13.986115894430629,14.996376441205253,1.960561090803802,3.6305286047706335
670.6894252567008,14.0,15.0,13.977949873348532,15.006838794403187,2.460561090803802,4.01450221795282
670.8894519269236,14.0,15.0,13.957231684340993,15.022717551850787,1.960561090803802,4.51450221795282
671.0894785971462,14.0,15.0,13.944081169060839,15.039546580129269,2.460561090803802,4.688234734025051
671.289505267369,14.0,15.0,13.92907365526598,15.048223814304595,2.2813932934080117,4.188234734025051
671.4895319375917,14.0,15.0,13.92615234262229,15.05704648616467,2.7813932934080117,4.237364534888204
671.6895586078143,14.0,15.0,13.929201686749725,15.059469460952435,3.2813932934080117,3.7373645348882043
671.8895852780371,14.0,15.0,13.943630328768181,15.060614654227429,3.7813932934080117,3.2373645348882043
672.0896119482597,14.0,15.0,13.948455517456079,15.055684819275173,3.2813932934080117,2.7373645348882043
672.2896386184824,14.0,15.0,13.944618243970384,15.040178873338975,2.7813932934080117,2.2373645348882043
672.4896652887052,14.0,15.0,13.95107369826311,15.030167140047823,3.2813932934080117,2.7373645348882043
672.6896919589278,14.0,15.0,13.94789759723393,15.030658484020616,2.7813932934080117,3.2373645348882043
672.8897186291505,14.0,15.0,13.950879369604808,15.01998389984639,3.0480770028503454,2.7373645348882043
673.0897452993732,14.0,15.0,13.958169065370205,15.017280414096522,3.5480770028503454,3.113259489364243
673.2897719695959,14.0,15.0,13.955646164119877,15.007390024210554,3.0480770028503454,2.613259489364243
673.4897986398186,14.0,15.0,13.965226547435243,15.007669924708143,3.486496411153659,3.113259489364243
673.6898253100413,14.0,15.0,13.976288476326852,15.008391325927603,3.532991504920954,3.477155918276066
673.889851980264,14.0,15.0,13.994649382034416,15.015288023405033,4.012945581946444,3.977155918276066
674.0898786504868,14.0,15.0,14.000841034925156,15.01798340223035,3.512945581946444,3.477155918276066
674.2899053207094,14.0,15.0,13.999648441321622,15.01327786376394,3.012945581946444,2.977155918276066
674.4899319909321,14.0,15.0,14.000287412468523,15.002238246124119,2.964476075588718,2.477155918276066
674.6899586611548,14.0,15.0,13.991572053053055,14.999776423105956,2.464476075588718,2.977155918276066
674.8899853313775,14.0,15.0,13.992231133606294,14.993572827327649,2.964476075588718,2.94737829209265
675.0900120016001,14.0,15.0,13.981609323027177,14.983735652540547,2.464476075588718,2.5111475009585678
675.2900386718229,14.0,15.0,13.959765467937755,14.969755544850408,1.9644760755887178,2.4832424605456236
675.4900653420456,14.0,15.0,13.95013112267695,14.96462951152658,2.464476075588718,2.9832424605456236
675.6900920122682,14.0,15.0,13.94710680539518,14.954399425154197,2.964476075588718,2.48607318360823
675.890118682491,14.0,15.0,13.944834880940087,14.949871226212434,3.1290564573580046,2.98607318360823
676.0901453527136,14.0,15.0,13.95526578091638,14.941246273426982,3.6290564573580046,2.48607318360823
676.2901720229364,14.0,15.0,13.974660071570963,14.93651620317488,4.129056457358004,2.98607318360823
676.4901986931591,14.0,15.0,13.982698606398596,14.938775419582981,3.629056457358004,3.48607318360823
676.6902253633817,14.0,15.0,13.996853368213763,14.93706210128654,4.129056457358004,2.98607318360823
676.8902520336045,14.0,15.0,14.026189607814834,14.939452694207834,4.629056457358004,3.48607318360823
677.0902787038272,14.0,15.0,14.042520480008251,14.94822413765718,4.129056457358004,3.98607318360823
677.2903053740498,14.0,15.0,14.05262096309324,14.947834061399488,3.8920090457632717,3.48607318360823
677.4903320442726,14.0,15.0,14.05473407663488,14.9440593192864,3.3920090457632717,2.98607318360823
677.6903587144952,14.0,15.0,14.052812701134107,14.945168358644125,2.8920090457632717,3.48607318360823
677.8903853847179,14.0,15.0,14.058283860238522,14.94628759526832,3.3920090457632717,3.374577949572747
678.0904120549407,14.0,15.0,14.065425369166812,14.951787119693872,3.2081614899416917,3.874577949572747
678.2904387251633,14.0,15.0,14.073030231953213,14.962193005731889,3.7081614899416917,3.9564695829727103
678.490465395386,14.0,15.0,14.095515509722429,14.976567339895762,4.208161489941691,4.45646958297271
678.6904920656087,14.0,15.0,14.106580874918397,14.985438403927942,3.7081614899416913,3.9564695829727103
678.8905187358314,14.0,15.0,14.108404273260128,14.998318446220265,3.2081614899416913,4.45646958297271
679.0905454060542,14.0,15.0,14.1040484219119,15.01840185787999,2.7081614899416913,4.95646958297271
679.2905720762768,14.0,15.0,14.10825849138006,15.0311811349807,3.2081614899416913,4.45646958297271
679.4905987464995,14.0,15.0,14.10203825006697,15.040526179996887,2.7081614899416913,3.9564695829727103
679.6906254167222,14.0,15.0,14.086310702397407,15.037129291514951,2.2081614899416913,3.4564695829727103
679.8906520869449,14.0,15.0,14.076693914239964,15.032052891906384,2.7081614899416913,2.9564695829727103
680.0906787571676,14.0,15.0,14.063875352209761,15.021038589860266,2.2081614899416913,2.4564695829727103
680.2907054273903,14.0,15.0,14.044422088796333,15.015146134797089,1.7081614899416913,2.9564695829727103
680.490732097613,14.0,15.0,14.033207391431958,15.018118142176691,2.2081614899416913,3.4564695829727103
680.6907587678356,14.0,15.0,14.02851709546967,15.015126986334948,2.7081614899416913,2.9564695829727103
680.8907854380584,14.0,15.0,14.014068455140348,15.0180588603605,2.2081614899416913,3.4564695829727103
681.090812108281,14.0,15.0,14.00358529435842,15.012854300974617,2.3832621243096677,2.9564695829727103
681.2908387785038,14.0,15.0,14.003536314397882,14.999549959679221,2.8832621243096677,2.4564695829727103
681.4908654487265,14.0,15.0,13.997991040937858,14.993133789185052,2.795723003955458,2.9564695829727103
681.6908921189491,14.0,15.0,14.002278764147446,14.994449232120868,3.295723003955458,3.4564695829727103
681.8909187891719,14.0,15.0,13.995829596472591,14.991069460821596,2.795723003955458,2.9564695829727103
682.0909454593946,14.0,15.0,14.000576818010835,14.985019231657287,3.295723003955458,3.2290026071775744
682.2909721296172,14.0,15.0,14.007550004382797,14.984803408628057,3.5919789578712678,3.414581942098929
682.49099879984,14.0,15.0,14.01053535675646,14.975421550531596,3.0919789578712678,2.914581942098929
682.6910254700626,14.0,15.0,14.017534418704589,14.964835799923415,3.5919789578712678,2.414581942098929
682.8910521402853,14.0,15.0,14.021579700773069,14.959675871912,3.0919789578712678,2.914581942098929
683.0910788105081,14.0,15.0,14.022154001074359,14.95981299107574,2.9947013128483606,3.414581942098929
683.2911054807307,14.0,15.0,14.01024252735162,14.968621398192756,2.4947013128483606,3.914581942098929
683.4911321509534,14.0,15.0,13.993761238672832,14.971235086041352,1.9947013128483606,3.414581942098929
683.6911588211761,14.0,15.0,13.984833703742606,14.968112595852414,2.4947013128483606,2.914581942098929
683.8911854913988,14.0,15.0,13.971229691231848,14.954888236674133,2.3974941976258006,2.414581942098929
684.0912121616216,14.0,15.0,13.970061848051234,14.945682403527346,2.8974941976258006,2.914581942098929
684.2912388318442,14.0,15.0,13.960573453510372,14.946246802223149,2.6243272174661407,3.381479143394309
684.4912655020669,14.0,15.0,13.963415598637663,14.95218888238483,3.1243272174661407,3.881479143394309
684.6912921722896,14.0,15.0,13.955167181189502,14.954213272218897,2.6243272174661407,3.381479143394309
684.8913188425123,14.0,15.0,13.959733687176394,14.963149895018333,3.1243272174661407,3.881479143394309
685.091345512735,14.0,15.0,13.96747608126695,14.974491723691127,3.359294621266889,4.3814791433943086
685.2913721829577,14.0,15.0,13.98238604258148,14.982321720157904,3.859294621266889,3.974173541802515
685.4913988531804,14.0,15.0,14.005576472265057,14.997652681339947,4.359294621266889,4.474173541802514
685.691425523403,14.0,15.0,14.022218606879356,15.007655385018582,3.859294621266889,3.9741735418025144
685.8914521936258,14.0,15.0,14.029299901953227,15.009206541938573,3.359294621266889,3.4741735418025144
686.0914788638485,14.0,15.0,14.02449757777115,15.006267174614901,2.859294621266889,3.1851053258022404
686.2915055340712,14.0,15.0,14.011460886746033,15.012296232714036,2.359294621266889,3.6851053258022404
686.4915322042939,14.0,15.0,14.007503560126331,15.008726411803368,2.859294621266889,3.1851053258022404
686.6915588745165,14.0,15.0,13.993320313651324,14.999539119372086,2.359294621266889,2.6851053258022404
686.8915855447393,14.0,15.0,13.990367235070558,14.997464893865907,2.859294621266889,3.1151459677762525
687.091612214962,14.0,15.0,13.983472167259801,15.000172365180985,2.6205853212435803,3.533680295766714
687.2916388851846,14.0,15.0,13.983816910364055,14.998457825264666,3.1205853212435803,3.033680295766714
687.4916655554074,14.0,15.0,13.995800203122414,14.987500865621834,3.6205853212435803,2.533680295766714
687.69169222563,14.0,15.0,13.996492889835112,14.982993077277742,3.1205853212435803,3.033680295766714
687.8917188958527,14.0,15.0,14.004856139064032,14.981078390037007,3.6205853212435803,3.2556048768885204
688.0917455660755,14.0,15.0,14.003783217763953,14.984087816037828,3.1205853212435803,3.7556048768885204
688.2917722362981,14.0,15.0,13.994157593846852,14.99392466609502,2.6205853212435803,4.255604876888521
688.4917989065208,14.0,15.0,13.977161537476475,14.99533726431168,2.1205853212435803,3.755604876888521
688.6918255767436,14.0,15.0,13.970754064446758,15.00146736530543,2.6205853212435803,3.6742542755622565
688.8918522469662,14.0,15.0,13.969622070493386,15.013335994711838,3.1205853212435803,4.174254275562257
689.091878917189,14.0,15.0,13.957428887258244,15.01835977129912,2.6205853212435803,3.674254275562257
689.2919055874116,14.0,15.0,13.941403292945946,15.014909423224536,2.202356802269207,3.174254275562257
689.4919322576343,14.0,15.0,13.938197596443723,15.02107517067519,2.702356802269207,3.674254275562257
689.6919589278571,14.0,15.0,13.934266710733763,15.016195110471857,2.590141634683501,3.1977243449559936
689.8919855980797,14.0,15.0,13.918084991717867,15.019458841266452,2.090141634683501,3.6977243449559936
690.0920122683024,14.0,15.0,13.905833813403843,15.018349460220563,2.590141634683501,3.1977243449559936
690.2920389385251,14.0,15.0,13.90357918035917,15.012267078095077,3.090141634683501,2.6977243449559936
690.4920656087478,14.0,15.0,13.895489270015611,14.997006134589723,2.6320663517070835,2.1977243449559936
690.6920922789704,14.0,15.0,13.892860353594251,14.975650130590411,3.1320663517070835,1.6977243449559936
690.8921189491932,14.0,15.0,13.899062771677826,14.963844563514888,3.6320663517070835,2.1977243449559936
691.0921456194159,14.0,15.0,13.912309923456236,14.953909967628064,3.726794976146131,2.6977243449559936
691.2921722896386,14.0,15.0,13.92532996682363,14.951463260106053,3.6987711536332806,3.1977243449559936
691.4921989598613,14.0,15.0,13.94123646192001,14.954381831364493,4.198771153633281,3.6977243449559936
691.692225630084,14.0,15.0,13.961522862434204,14.953153217243274,4.362019571213722,3.2594934626506205
691.8922523003067,14.0,15.0,13.9739469210359,14.953978697628942,3.8620195712137217,3.3161799860817203
692.0922789705294,14.0,15.0,14.000643344016634,14.955454053777276,4.30023603661845,3.0066768020424486
692.292305640752,14.0,15.0,14.015573920914681,14.954192191631996,3.8002360366184504,3.5066768020424486
692.4923323109748,14.0,15.0,14.016820227079583,14.955754348988036,3.3002360366184504,3.4261345083895454
692.6923589811975,14.0,15.0,14.010988203102832,14.965333153129508,2.8002360366184504,3.9261345083895454
692.8923856514201,14.0,15.0,14.01347287040255,14.964863958336572,3.2919863096320143,3.4261345083895454
693.0924123216429,14.0,15.0,14.01271019240432,14.959062316932055,3.029818159057954,2.9261345083895454
693.2924389918655,14.0,15.0,14.002725621501142,14.954424459393652,2.529818159057954,2.962609449120926
693.4924656620882,14.0,15.0,14.004274378762208,14.949446590377866,3.029818159057954,2.969396120711697
693.692492332311,14.0,15.0,13.993104143489001,14.951009337679247,2.529818159057954,3.469396120711697
693.8925190025336,14.0,15.0,13.990054763142131,14.956081161076467,3.029818159057954,3.969396120711697
694.0925456727564,14.0,15.0,13.984945021067665,14.959595718645176,2.919327980358169,4.151744955921922
694.292572342979,14.0,15.0,13.978037986761093,14.97742483412605,2.419327980358169,4.651744955921922
694.4925990132017,14.0,15.0,13.97512443840103,14.98512715751831,2.919327980358169,4.151744955921922
694.6926256834245,14.0,15.0,13.961889807704969,14.9884123518235,2.419327980358169,3.651744955921922
694.8926523536471,14.0,15.0,13.959736754775495,14.995976529441819,2.919327980358169,3.8204538575727462
695.0926790238698,14.0,15.0,13.948948373049666,14.995105649137747,2.419327980358169,3.3204538575727462
695.2927056940925,14.0,15.0,13.950572567115804,14.992138063763916,2.919327980358169,2.925434401211432
695.4927323643152,14.0,15.0,13.943144977334352,14.988425941477342,2.770355224152211,3.0242867270657325
695.6927590345379,14.0,15.0,13.950365946636186,14.991477285755789,3.270355224152211,3.5242867270657325
695.8927857047606,14.0,15.0,13.940565015228973,14.986898413954094,2.770355224152211,3.0242867270657325
696.0928123749833,14.0,15.0,13.929779656828071,14.977885610563167,2.317174030830964,2.5242867270657325
696.292839045206,14.0,15.0,13.931257917801146,14.975644930201748,2.817174030830964,3.0242867270657325
696.4928657154287,14.0,15.0,13.914821567702933,14.975810691110224,2.317174030830964,3.3306504819036293
696.6928923856514,14.0,15.0,13.910196836823667,14.973956539297001,2.817174030830964,3.24210801549549
696.8929190558741,14.0,15.0,13.91392253572854,14.968143700315947,3.317174030830964,2.74210801549549
697.0929457260968,14.0,15.0,13.92418399368038,14.967763535140591,3.817174030830964,3.24210801549549
697.2929723963194,14.0,15.0,13.931608445646631,14.968337916800932,3.568284188777252,3.3337576703495264
697.4929990665422,14.0,15.0,13.933135315898204,14.969257377499671,3.068284188777252,3.320528146748132
697.6930257367649,14.0,15.0,13.94336647436333,14.960813515572035,3.568284188777252,2.820528146748132
697.8930524069875,14.0,15.0,13.962948989011453,14.959416914853499,4.068284188777252,3.320528146748132
698.0930790772103,14.0,15.0,13.99511198405896,14.965885015168347,4.568284188777252,3.820528146748132
698.293105747433,14.0,15.0,14.014037891224623,14.977417090232127,4.068284188777252,4.320528146748131
698.4931324176556,14.0,15.0,14.021916849728706,14.985825687425871,3.568284188777252,3.8205281467481313
698.6931590878784,14.0,15.0,14.024217458764262,14.996077140899809,3.068284188777252,4.320528146748131
698.893185758101,14.0,15.0,14.02494077982382,14.999899429485486,2.981864204171325,3.8205281467481313
699.0932124283238,14.0,15.0,14.011796979543846,15.01160631351465,2.481864204171325,4.269530457004813
699.2932390985465,14.0,15.0,13.993013070869766,15.03035056345634,1.981864204171325,4.769530457004813
699.4932657687691,14.0,15.0,13.978086267253527,15.042366386973846,2.046933403856283,4.269530457004813
699.6932924389919,14.0,15.0,13.970388011676658,15.04561557103103,2.546933403856283,3.769530457004813
699.8933191092145,14.0,15.0,13.954109921184312,15.045455530468363,2.046933403856283,3.269530457004813
700.0933457794372,14.0,15.0,13.942509823030498,15.039253399132644,2.359930218256689,2.769530457004813
700.29337244966,14.0,15.0,13.938582453407909,15.033538967320567,2.859930218256689,2.97491410229734
700.4933991198826,14.0,15.0,13.938247280243978,15.032266023465816,3.359930218256689,3.1449059204149474
700.6934257901053,14.0,15.0,13.950478751416217,15.027724960700667,3.859930218256689,2.9404413470930417
700.893452460328,14.0,15.0,13.971696758123437,15.029162446091163,4.3599302182566895,3.4404413470930417
701.0934791305507,14.0,15.0,13.984241332769049,15.02404364227117,3.8599302182566895,2.9404413470930417
701.2935058007735,14.0,15.0,13.988485129680384,15.030331798064225,3.3599302182566895,3.4404413470930417
701.4935324709961,14.0,15.0,13.98660172691255,15.039594350320032,2.8599302182566895,3.9404413470930417
701.6935591412188,14.0,15.0,13.976779351098847,15.04094596599914,2.3599302182566895,3.4404413470930417
701.8935858114415,14.0,15.0,13.973297015195755,15.032351787826093,2.8599302182566895,2.9404413470930417
702.0936124816642,14.0,15.0,13.962601571179716,15.036358700196573,2.3599302182566895,3.4404413470930417
702.2936391518869,14.0,15.0,13.959461355627507,15.040779373556063,2.8599302182566895,3.885356586330337
702.4936658221096,14.0,15.0,13.96451221308912,15.041555891735353,3.3599302182566895,3.385356586330337
702.6936924923323,14.0,15.0,13.97479225331808,15.034793558708081,3.8599302182566895,2.885356586330337
702.8937191625549,14.0,15.0,13.97744847120107,15.026783346078638,3.3599302182566895,2.385356586330337
703.0937458327777,14.0,15.0,13.988388941775447,15.018839521487935,3.8599302182566895,2.59909139201506
703.2937725030004,14.0,15.0,14.001319775895912,15.017837916829537,3.842360783705136,3.09909139201506
703.493799173223,14.0,15.0,14.008341574352038,15.013572706547182,3.342360783705136,2.59909139201506
703.6938258434458,14.0,15.0,14.004146983621892,14.996826393007556,2.842360783705136,2.09909139201506
703.8938525136684,14.0,15.0,14.007950301608695,14.98678678981008,3.342360783705136,2.59909139201506
704.0938791838912,14.0,15.0,14.002747624987192,14.982532647829487,2.842360783705136,3.09909139201506
704.2939058541139,14.0,15.0,13.988416634293788,14.974404751960275,2.342360783705136,2.59909139201506
704.4939325243365,14.0,15.0,13.984903750462763,14.969455733789236,2.842360783705136,3.09909139201506
704.6939591945593,14.0,15.0,13.977585706987222,14.961389159133601,2.681795452751359,2.59909139201506
704.8939858647819,14.0,15.0,13.970043045553414,14.956940379750199,2.4374783811554788,3.09909139201506
705.0940125350046,14.0,15.0,13.966852859589308,14.9616741059004,2.9374783811554788,3.59909139201506
705.2940392052274,14.0,15.0,13.970880237904305,14.959506492092057,3.4374783811554788,3.09909139201506
705.49406587545,14.0,15.0,13.986007112834054,14.961365601744628,3.9374783811554788,3.59909139201506
705.6940925456727,14.0,15.0,14.004733962270558,14.958772286885067,4.236446534513851,3.09909139201506
705.8941192158954,14.0,15.0,14.013533612690177,14.949069817893564,3.736446534513851,2.59909139201506
706.0941458861181,14.0,15.0,14.015588234326552,14.935575535980995,3.236446534513851,2.1564747168038707
706.2941725563409,14.0,15.0,14.02046572535989,14.92600355752356,3.232376267303228,2.6564747168038707
706.4941992265635,14.0,15.0,14.030865308529103,14.923782952231331,3.732376267303228,3.1564747168038707
706.6942258967862,14.0,15.0,14.031081464845423,14.925763960625027,3.232376267303228,3.3460830632652923
706.894252567009,14.0,15.0,14.041974557247906,14.932730633610339,3.654713281962506,3.8460830632652923
707.0942792372316,14.0,15.0,14.058790426862272,14.947886575889473,4.002948785731886,4.346083063265292
707.2943059074543,14.0,15.0,14.080966059935362,14.96618077775324,4.207840369785271,4.846083063265292
707.494332577677,14.0,15.0,14.093037635306883,14.981349349950797,3.9345306146760457,4.346083063265292
707.6943592478997,14.0,15.0,14.098119495274005,14.987628064174721,3.4345306146760457,3.846083063265292
707.8943859181223,14.0,15.0,14.096125110621706,15.001248553261432,2.9345306146760457,4.346083063265292
708.0944125883451,14.0,15.0,14.092430290994752,15.002633765836741,2.6588991108225657,3.846083063265292
708.2944392585678,14.0,15.0,14.076049501397584,15.001251074965374,2.1588991108225657,3.346083063265292
708.4944659287905,14.0,15.0,14.051617560073268,14.994010055104873,1.6588991108225657,2.846083063265292
708.6944925990132,14.0,15.0,14.036126660651474,14.981333639039224,1.9250511722547787,2.346083063265292
708.8945192692358,14.0,15.0,14.026947235678689,14.975292746689956,2.4250511722547787,2.846083063265292
709.0945459394586,14.0,15.0,14.02117974429356,14.96053245506954,2.9250511722547787,2.346083063265292
709.2945726096813,14.0,15.0,14.029119211664742,14.95405973298944,3.4250511722547787,2.846083063265292
709.4945992799039,14.0,15.0,14.042576838145878,14.944608594318636,3.9250511722547787,2.6719611211574095
709.6946259501267,14.0,15.0,14.04480857351758,14.939681302625988,3.4250511722547787,3.1719611211574095
709.8946526203493,14.0,15.0,14.042030253860638,14.941612469275627,2.9250511722547787,3.6719611211574095
710.094679290572,14.0,15.0,14.035548474551861,14.95242090875518,2.786361302132588,4.171961121157409
710.2947059607948,14.0,15.0,14.044615909255839,14.95837301202432,3.286361302132588,3.671961121157409
710.4947326310174,14.0,15.0,14.041336653656796,14.968933882829402,2.786361302132588,4.171961121157409
710.6947593012401,14.0,15.0,14.03025294564542,14.973387915666866,2.307433183844359,3.8412830943335985
710.8947859714629,14.0,15.0,14.012262690254165,14.97852349155481,1.807433183844359,3.6411904004846347
711.0948126416855,14.0,15.0,14.001267788561943,14.971607021962294,2.307433183844359,3.1411904004846347
711.2948393119083,14.0,15.0,13.98142534516784,14.97353300925242,1.807433183844359,3.6411904004846347
711.4948659821309,14.0,15.0,13.967360655099947,14.972328606611711,2.307433183844359,3.2623449734691747
711.6948926523536,14.0,15.0,13.94348696521122,14.979172176544633,1.807433183844359,3.7623449734691747
711.8949193225764,14.0,15.0,13.931452372703008,14.977885472901278,2.307433183844359,3.2623449734691747
712.094945992799,14.0,15.0,13.925725991529147,14.982094037670757,2.807433183844359,3.743518579618351
712.2949726630217,14.0,15.0,13.926929168793146,14.98089311246734,3.307433183844359,3.3181948324807373
712.4949993332444,14.0,15.0,13.93334287563969,14.985358193455609,3.4622352220774446,3.7623718168246105
712.6950260034671,14.0,15.0,13.944199099807486,14.995546610619948,3.5671221468978302,3.964238270491524
712.8950526736897,14.0,15.0,13.940920520767635,15.011788554234634,3.0671221468978302,4.464238270491524
713.0950793439125,14.0,15.0,13.932743484448695,15.023355130378926,2.5671221468978302,3.964238270491524
713.2951060141352,14.0,15.0,13.92605729965466,15.02618668167919,2.752116751865554,3.464238270491524
713.4951326843579,14.0,15.0,13.925578532352512,15.020793364138674,3.252116751865554,2.964238270491524
713.6951593545806,14.0,15.0,13.93983312526498,15.022574323014267,3.752116751865554,3.464238270491524
713.8951860248033,14.0,15.0,13.955235830693956,15.01824203520841,3.889993927773293,2.964238270491524
714.095212695026,14.0,15.0,13.96817313525236,15.01526457551548,3.885070903829926,3.464238270491524
714.2952393652487,14.0,15.0,13.986661129317916,15.009116282627156,4.385070903829925,2.964238270491524
714.4952660354713,14.0,15.0,14.015135838963268,15.012266401236575,4.885070903829925,3.464238270491524
714.6952927056941,14.0,15.0,14.0353984430876,15.008095395248263,4.385070903829925,2.964238270491524
714.8953193759168,14.0,15.0,14.048667960811143,14.998922061196309,3.8850709038299254,2.76220544580459
715.0953460461394,14.0,15.0,14.062510190874736,14.984933364861691,3.7789812695920615,2.26220544580459
715.2953727163622,14.0,15.0,14.068059655878763,14.981396093048842,3.2789812695920615,2.76220544580459
715.4953993865848,14.0,15.0,14.059841735951313,14.969170314721486,2.7789812695920615,2.26220544580459
715.6954260568075,14.0,15.0,14.048491101548313,14.951563805310016,2.375962068837834,1.8433027328484168
715.8954527270303,14.0,15.0,14.0226475403609,14.940194374368778,1.875962068837834,2.343302732848417
716.0954793972529,14.0,15.0,14.008600190248314,14.933714381325473,2.375962068837834,2.843302732848417
716.2955060674757,14.0,15.0,13.98861059580196,14.934223105685154,1.875962068837834,3.343302732848417
716.4955327376983,14.0,15.0,13.977828612344789,14.941299977953735,2.375962068837834,3.843302732848417
716.695559407921,14.0,15.0,13.972623373281634,14.940558387573907,2.875962068837834,3.343302732848417
716.8955860781438,14.0,15.0,13.975138173568428,14.949560874362339,3.375962068837834,3.843302732848417
717.0956127483664,14.0,15.0,13.986402253708437,14.964308503050178,3.875962068837834,4.343302732848417
717.2956394185891,14.0,15.0,13.99087264342827,14.982581449082343,3.375962068837834,4.843302732848417
717.4956660888118,14.0,15.0,13.994629962633342,14.994451857259774,3.109903654537799,4.343302732848417
717.6956927590345,14.0,15.0,13.982154927314143,14.999802398489177,2.609903654537799,3.843302732848417
717.8957194292572,14.0,15.0,13.98243723773405,15.004277827253928,3.109903654537799,3.658006234658325
718.0957460994799,14.0,15.0,13.991744466409175,15.002674440667509,3.609903654537799,3.158006234658325
718.2957727697026,14.0,15.0,14.0031653911201,15.00328378108828,3.851100068629055,3.658006234658325
718.4957994399253,14.0,15.0,14.012758214983412,15.011269873664974,3.424845739965981,3.928638349282127
718.695826110148,14.0,15.0,14.023098220379003,15.0120268026052,3.4920443633108564,3.428638349282127
718.8958527803707,14.0,15.0,14.024090326542826,15.021084475058737,2.9920443633108564,3.928638349282127
719.0958794505934,14.0,15.0,14.011222895837102,15.02134542703819,2.4920443633108564,3.428638349282127
719.2959061208161,14.0,15.0,13.994253285902685,15.030387664654247,2.004744155765682,3.928638349282127
719.4959327910387,14.0,15.0,13.987760204101168,15.033461387580106,2.504744155765682,3.9639505999758753
719.6959594612615,14.0,15.0,13.986653860679555,15.037468049369814,3.004744155765682,3.4639505999758753
719.8959861314842,14.0,15.0,13.996688404948024,15.042582135811006,3.504744155765682,3.9639505999758753
720.0960128017068,14.0,15.0,14.01338039982273,15.041300793957065,4.004744155765682,3.4639505999758753
720.2960394719296,14.0,15.0,14.019013464056755,15.049796980746594,3.5047441557656818,3.9639505999758753
720.4960661421522,14.0,15.0,14.013912874932949,15.056478050099638,3.0047441557656818,3.972964183452399
720.6960928123749,14.0,15.0,14.017680084085555,15.057027529169417,3.1598949556381735,3.472964183452399
720.8961194825977,14.0,15.0,14.011582138203291,15.049952274198843,2.6598949556381735,2.972964183452399
721.0961461528203,14.0,15.0,14.014373312916726,15.046928269369273,3.1598949556381735,2.997624171325613
721.2961728230431,14.0,15.0,14.0110488187109,15.034770278914642,2.6598949556381735,2.497624171325613
721.4961994932657,14.0,15.0,14.013840611078768,15.022739149369666,3.1598949556381735,2.4709345639261837
721.6962261634884,14.0,15.0,14.024585364458474,15.017629635263628,3.6598949556381735,2.9709345639261837
721.8962528337112,14.0,15.0,14.02397345860465,15.013786586836545,3.1598949556381735,3.1052870522259037
722.0962795039338,14.0,15.0,14.031236297236708,15.019509596589767,3.6598949556381735,3.6052870522259037
722.2963061741565,14.0,15.0,14.034073101893085,15.028513699067172,3.3029712570064658,4.105287052225904
722.4963328443793,14.0,15.0,14.030746787508345,15.028656956720871,2.8029712570064658,3.605287052225904
722.6963595146019,14.0,15.0,14.02547055723347,15.025156730573896,2.879290380374158,3.105287052225904
722.8963861848246,14.0,15.0,14.013043948042986,15.016399644897675,2.379290380374158,2.605287052225904
723.0964128550473,14.0,15.0,13.988922568752885,15.018661263623471,1.879290380374158,3.105287052225904
723.29643952527,14.0,15.0,13.969772282182848,15.01515548076901,2.2150394931715707,3.031542428067541
723.4964661954928,14.0,15.0,13.957561450440187,15.01870350637316,2.6186036519011187,3.531542428067541
723.6964928657154,14.0,15.0,13.960273280105117,15.017038441117,3.1186036519011187,3.031542428067541
723.8965195359381,14.0,15.0,13.97147981200021,15.006455709141457,3.6186036519011187,2.531542428067541
724.0965462061608,14.0,15.0,13.98547815989107,15.002317175683753,3.97129588872215,3.031542428067541
724.2965728763835,14.0,15.0,13.990751410564375,15.004597900226289,3.47129588872215,3.531542428067541
724.4965995466061,14.0,15.0,13.987466943846913,15.013544525921743,2.97129588872215,4.0315424280675405
724.6966262168289,14.0,15.0,13.993876366160762,15.011073209248739,3.47129588872215,3.5315424280675405
724.8966528870516,14.0,15.0,14.00989961324765,15.01465753370359,3.97129588872215,3.2712839619609833
725.0966795572742,14.0,15.0,14.011947190074034,15.010166181487538,3.47129588872215,2.7712839619609833
725.296706227497,14.0,15.0,14.008847206693869,15.008198525343136,2.97129588872215,3.2712839619609833
725.4967328977197,14.0,15.0,14.006227536222113,15.002931228539527,3.2210717759760676,2.7712839619609833
725.6967595679423,14.0,15.0,14.010667421840973,15.004623629771762,3.7210717759760676,3.2516780088244834
725.8967862381651,14.0,15.0,14.019922735741337,14.99505803905558,3.8444645894307876,2.7516780088244834
726.0968129083877,14.0,15.0,14.030396018785801,14.983363622450666,3.6821515231108206,2.2516780088244834
726.2968395786105,14.0,15.0,14.033979005634318,14.9783372882918,3.1821515231108206,2.7516780088244834
726.4968662488332,14.0,15.0,14.044046426698277,14.97595424707465,3.6821515231108206,3.2516780088244834
726.6968929190558,14.0,15.0,14.052425702343388,14.983775355828433,3.788769125227345,3.7516780088244834
726.8969195892786,14.0,15.0,14.052137291546787,14.994317190681812,3.288769125227345,4.251678008824483
727.0969462595012,14.0,15.0,14.052634026780826,14.998519453046095,3.1454735465844967,3.7516780088244834
727.2969729297239,14.0,15.0,14.042304729484208,15.00120136239975,2.6454735465844967,3.622196125060773
727.4969995999467,14.0,15.0,14.028915926988502,15.000755685827448,2.1986541198511764,3.122196125060773
727.6970262701693,14.0,15.0,14.02361336428223,14.994458048044512,2.6986541198511764,2.622196125060773
727.897052940392,14.0,15.0,14.02536368905215,14.992150923796899,3.1986541198511764,3.122196125060773
728.0970796106147,14.0,15.0,14.019123289474921,14.99672755574298,2.6986541198511764,3.622196125060773
728.2971062808374,14.0,15.0,14.00115370358925,14.994969174071006,2.1986541198511764,3.122196125060773
728.4971329510602,14.0,15.0,13.997166597726524,14.985243124705404,2.6986541198511764,2.6510361762834247
728.6971596212828,14.0,15.0,13.982182883478377,14.969326717616225,2.1986541198511764,2.1510361762834247
728.8971862915055,14.0,15.0,13.96832078175469,14.956214831838086,2.3649206667185294,2.6344276184389606
729.0972129617282,14.0,15.0,13.962538604193215,14.949988460251047,2.8649206667185294,2.89283898339907
729.2972396319509,14.0,15.0,13.951221231834005,14.945158796750727,2.3649206667185294,2.942014527604002
729.4972663021736,14.0,15.0,13.948705625693242,14.944469075835434,2.8649206667185294,3.442014527604002
729.6972929723963,14.0,15.0,13.953538074568092,14.952884970203296,3.3649206667185294,3.942014527604002
729.897319642619,14.0,15.0,13.950503232716217,14.962291041675844,2.8649206667185294,3.962382692531197
730.0973463128416,14.0,15.0,13.952064294165533,14.964241054497082,3.3649206667185294,3.462382692531197
730.2973729830644,14.0,15.0,13.961111345503939,14.957598907447025,3.8649206667185294,2.962382692531197
730.4973996532871,14.0,15.0,13.969259555244268,14.945165969938982,3.4048528638068616,2.462382692531197
730.6974263235097,14.0,15.0,13.977044786715405,14.927394989237635,3.9048528638068616,1.9623826925311971
730.8974529937325,14.0,15.0,13.981055877901392,14.91853416361571,3.4048528638068616,2.462382692531197
731.0974796639551,14.0,15.0,13.980432773797713,14.909529277160896,2.9048528638068616,2.962382692531197
731.2975063341779,14.0,15.0,13.98815377962135,14.912464798076767,3.4048528638068616,3.462382692531197
731.4975330044006,14.0,15.0,13.980976229099134,14.922220978604123,2.9048528638068616,3.962382692531197
731.6975596746232,14.0,15.0,13.98820912540729,14.922487313410802,3.373946456291562,3.462382692531197
731.897586344846,14.0,15.0,13.982037419302108,14.928227099057331,2.873946456291562,3.962382692531197
732.0976130150686,14.0,15.0,13.988735944763759,14.931308220698435,3.373946456291562,3.462382692531197
732.2976396852913,14.0,15.0,14.00060802518207,14.931535676837049,3.873946456291562,3.0812501888808774
732.4976663555141,14.0,15.0,14.004253602708646,14.934552483735208,3.373946456291562,3.5812501888808774
732.6976930257367,14.0,15.0,14.018892106300239,14.932569615528386,3.873946456291562,3.175619790661448
732.8977196959594,14.0,15.0,14.024078315558251,14.937741348011269,3.373946456291562,3.675619790661448
733.0977463661822,14.0,15.0,14.018524230038214,14.94095905062945,2.873946456291562,3.683503578023972
733.2977730364048,14.0,15.0,14.01333616535325,14.943841097597733,2.9555279171592947,3.8727850494144196
733.4977997066276,14.0,15.0,14.004402585834763,14.95711241294926,2.4555279171592947,4.37278504941442
733.6978263768502,14.0,15.0,13.995624781868493,14.963181900530733,2.9555279171592947,3.8727850494144196
733.8978530470729,14.0,15.0,14.004522721807557,14.972152665449576,3.4555279171592947,4.02621370072411
734.0978797172957,14.0,15.0,14.007353229805386,14.987511445041703,2.9555279171592947,4.52621370072411
734.2979063875183,14.0,15.0,14.009745363582073,15.000246275613808,3.317787625799701,4.347002126040829
734.497933057741,14.0,15.0,14.003045527912057,15.007334523160754,2.817787625799701,3.847002126040829
734.6979597279637,14.0,15.0,14.004425004181448,15.002284482845921,3.317787625799701,3.347002126040829
734.8979863981864,14.0,15.0,14.012996868652634,15.008613609980353,3.817787625799701,3.655919430288959
735.098013068409,14.0,15.0,14.0141945827194,15.004367069165333,3.317787625799701,3.155919430288959
735.2980397386318,14.0,15.0,14.007324986928472,15.005257410248674,2.817787625799701,3.518258641790552
735.4980664088545,14.0,15.0,13.990408014178328,15.00948444250452,2.317787625799701,3.848355587336028
735.6980930790771,14.0,15.0,13.984287877147324,15.011719754829535,2.817787625799701,3.348355587336028
735.8981197492999,14.0,15.0,13.97013618282932,15.016619705119298,2.317787625799701,3.7631232490013757
736.0981464195225,14.0,15.0,13.96152286774514,15.016892722503137,2.817787625799701,3.2631232490013757
736.2981730897453,14.0,15.0,13.963396597993999,15.010707731139837,3.317787625799701,3.0941437190513237
736.498199759968,14.0,15.0,13.97707479352858,15.00389634192621,3.817787625799701,2.5941437190513237
736.6982264301906,14.0,15.0,13.982733657279091,14.994822976716351,3.526349932280122,2.620213058466144
736.8982531004134,14.0,15.0,13.984606396633618,14.995334373449953,3.026349932280122,3.120213058466144
737.098279770636,14.0,15.0,13.991933564268736,14.997154931094107,3.526349932280122,3.620213058466144
737.2983064408587,14.0,15.0,13.989317085373479,15.000761900188774,3.026349932280122,3.9542251098526138
737.4983331110815,14.0,15.0,13.98917853429958,15.014370497756854,3.03440757981241,4.454225109852613
737.6983597813041,14.0,15.0,13.97780789371625,15.023161936896802,2.53440757981241,4.1432754951131
737.8983864515268,14.0,15.0,13.959113569458326,15.024203631173892,2.03440757981241,3.6432754951131
738.0984131217496,14.0,15.0,13.928342931137,15.024533185080058,1.53440757981241,3.3055571876457885
738.2984397919722,14.0,15.0,13.914184164687233,15.032648111188655,2.0312813926670596,3.7255733588814657
738.498466462195,14.0,15.0,13.910155785107147,15.033880853629308,2.5312813926670596,3.2255733588814657
738.6984931324176,14.0,15.0,13.910098627996092,15.026666415229952,3.0312813926670596,2.7255733588814657
738.8985198026403,14.0,15.0,13.918114953900998,15.027374012935745,3.5312813926670596,3.2255733588814657
739.0985464728631,14.0,15.0,13.930203026433661,15.020392765293039,4.03128139266706,2.7255733588814657
739.2985731430857,14.0,15.0,13.954096543632675,15.017492940169875,4.53128139266706,3.2255733588814657
739.4985998133084,14.0,15.0,13.969795606847573,15.02284640665849,4.03128139266706,3.7255733588814657
739.6986264835311,14.0,15.0,13.976507533562273,15.019650832012088,3.5312813926670596,3.2255733588814657
739.8986531537538,14.0,15.0,13.984619654108927,15.025658969450133,3.5972590978533274,3.7255733588814657
740.0986798239765,14.0,15.0,14.00529737752516,15.02400491568199,4.097259097853327,3.2255733588814657
740.2987064941992,14.0,15.0,14.013666909123637,15.017535168231493,3.5972590978533274,2.7255733588814657
740.4987331644219,14.0,15.0,14.030631844660403,15.002566539569541,4.097259097853327,2.2255733588814657
740.6987598346445,14.0,15.0,14.04048582777001,14.995051264629948,3.5972590978533274,2.7255733588814657
740.8987865048673,14.0,15.0,14.048477524315079,14.979980770089151,3.0972590978533274,2.2255733588814657
741.09881317509,14.0,15.0,14.043231208324924,14.971099547014322,2.7409349147423137,2.7255733588814657
741.2988398453127,14.0,15.0,14.024607125574462,14.954520796333059,2.2409349147423137,2.238701361522704
741.4988665155354,14.0,15.0,14.015877185460527,14.946371113832074,2.4618333344770926,2.590663549152827
741.698893185758,14.0,15.0,14.012101798241947,14.94411794943572,2.9618333344770926,3.090663549152827
741.8989198559808,14.0,15.0,14.005755702022132,14.946193070143615,2.4618333344770926,3.590663549152827
742.0989465262035,14.0,15.0,13.985346724259669,14.95585407734464,1.9618333344770926,3.8825995034448546
742.2989731964261,14.0,15.0,13.964763070063054,14.969727430276867,1.8649720191396728,4.382599503444855
742.4989998666489,14.0,15.0,13.939616598143482,14.9904575810564,1.6165460458481187,4.882599503444855
742.6990265368715,14.0,15.0,13.924035471661375,14.999991084321305,2.1165460458481187,4.382599503444855
742.8990532070942,14.0,15.0,13.915548388108174,15.007108461076271,2.6165460458481187,3.8825995034448546
743.099079877317,14.0,15.0,13.914512639412829,15.006462934165814,3.1165460458481187,3.3825995034448546
743.2991065475396,14.0,15.0,13.917209740749621,15.006416140452053,3.446616249096296,3.5142349258002508
743.4991332177624,14.0,15.0,13.91710631768182,15.00207051716947,2.946616249096296,3.0142349258002508
743.699159887985,14.0,15.0,13.915575502650217,14.989625919868528,3.052292186359416,2.6525941924510303
743.8991865582077,14.0,15.0,13.9221449440199,14.976356730242893,3.552292186359416,2.1525941924510303
744.0992132284305,14.0,15.0,13.936416514221047,14.965370975544497,3.793767876948211,2.4147465214990325
744.2992398986531,14.0,15.0,13.94048952605818,14.960546537080525,3.293767876948211,2.9147465214990325
744.4992665688758,14.0,15.0,13.93517158341377,14.96072512063449,2.793767876948211,3.4147465214990325
744.6992932390986,14.0,15.0,13.92241640465783,14.955509012671493,2.458187769160833,2.9147465214990325
744.8993199093212,14.0,15.0,13.915788370252203,14.945022343224975,2.958187769160833,2.4147465214990325
745.0993465795439,14.0,15.0,13.92028076130903,14.938686062644475,3.2420010755868267,2.9147465214990325
745.2993732497666,14.0,15.0,13.928828173562362,14.940998761102485,3.4968943082367563,3.4147465214990325
745.4993999199893,14.0,15.0,13.944555738689015,14.937486705802847,3.9968943082367563,2.9147465214990325
745.6994265902119,14.0,15.0,13.948827048052989,14.937012707094935,3.4968943082367563,3.4147465214990325
745.8994532604347,14.0,15.0,13.944502918439849,14.935455676793413,2.9968943082367563,3.231568219915725
746.0994799306574,14.0,15.0,13.955367730857649,14.928931061802222,3.4968943082367563,2.791273808781722
746.2995066008801,14.0,15.0,13.966980883193981,14.928567611543011,3.9968943082367563,3.291273808781722
746.4995332711028,14.0,15.0,13.980520781935342,14.93367888516086,4.220742120648757,3.791273808781722
746.6995599413254,14.0,15.0,14.006167202563448,14.945222034472208,4.6592748247419955,4.291273808781722
746.8995866115482,14.0,15.0,14.023201265178349,14.96427311188717,4.1592748247419955,4.791273808781722
747.0996132817709,14.0,15.0,14.033466166113527,14.97718714669901,3.6592748247419955,4.291273808781722
747.2996399519935,14.0,15.0,14.033654927193583,14.982789489887205,3.1592748247419955,3.791273808781722
747.4996666222163,14.0,15.0,14.029947294711388,14.988571104371362,2.7684828114715825,3.6933047220007373
747.699693292439,14.0,15.0,14.031696225041856,14.982384661103925,3.2684828114715825,3.1933047220007373
747.8997199626616,14.0,15.0,14.027087188641367,14.985978563498188,2.7684828114715825,3.6933047220007373
748.0997466328844,14.0,15.0,14.022281894940727,14.985504541054906,2.5000370190321366,3.1933047220007373
748.299773303107,14.0,15.0,14.004155074860108,14.9876236859972,2.0000370190321366,3.6933047220007373
748.4997999733298,14.0,15.0,13.993808008768228,14.998093998858426,2.5000370190321366,4.193304722000738
748.6998266435525,14.0,15.0,13.97279262564958,15.004528313787606,2.0000370190321366,3.693304722000738
748.8998533137751,14.0,15.0,13.962038066238282,15.002878530322134,2.5000370190321366,3.193304722000738
749.0998799839979,14.0,15.0,13.963163500069616,14.991657825996311,3.0000370190321366,2.693304722000738
749.2999066542205,14.0,15.0,13.951205932725548,14.987950309724276,2.5000370190321366,3.193304722000738
749.4999333244432,14.0,15.0,13.949821000749033,14.980770659449902,3.0000370190321366,2.693304722000738
749.699959994666,14.0,15.0,13.941990803091668,14.980564152783755,2.818710676177705,3.193304722000738
749.8999866648886,14.0,15.0,13.941441678869086,14.985199621766789,3.1355440705118425,3.693304722000738
750.1000133351113,14.0,15.0,13.949619337164902,14.997076717700418,3.6355440705118425,4.14571222317999
750.300040005334,14.0,15.0,13.949897474322857,15.002378079916824,3.1355440705118425,3.6457122231799897
750.5000666755567,14.0,15.0,13.940879893751717,14.996849663018157,2.6355440705118425,3.1457122231799897
750.7000933457794,14.0,15.0,13.924011833746583,15.002259845191912,2.1355440705118425,3.6457122231799897
750.9001200160021,14.0,15.0,13.913939173864582,15.000358008865065,2.6355440705118425,3.205496015729155
751.1001466862248,14.0,15.0,13.914817665124326,15.00322914800068,3.1355440705118425,3.705496015729155
751.3001733564475,14.0,15.0,13.923691932425164,15.007135108857987,3.6355440705118425,3.8287167944952394
751.5002000266702,14.0,15.0,13.934984883556806,15.003489103711736,3.564843088599311,3.3287167944952394
751.7002266968929,14.0,15.0,13.932001243189347,14.995622967531105,3.2322030743831114,2.8287167944952394
751.9002533671156,14.0,15.0,13.927135975267866,14.995156155353987,2.7322030743831114,3.3287167944952394
752.1002800373383,14.0,15.0,13.930431621170962,15.001709389318123,3.2322030743831114,3.8287167944952394
752.3003067075609,14.0,15.0,13.93866553203788,15.002270413373196,3.6458448396431504,3.3287167944952394
752.5003333777837,14.0,15.0,13.93627213739208,14.995057755615624,3.1458448396431504,2.8287167944952394
752.7003600480064,14.0,15.0,13.932897736241628,14.980155273918623,2.7244568250734877,2.3287167944952394
752.900386718229,14.0,15.0,13.920432559146326,14.960428755231076,2.409488005947539,1.8287167944952394
753.1004133884518,14.0,15.0,13.917094678589805,14.94710291472052,2.909488005947539,2.3287167944952394
753.3004400586744,14.0,15.0,13.919629623239807,14.938160388017842,3.409488005947539,2.8287167944952394
753.5004667288972,14.0,15.0,13.929533183388141,14.931290558362399,3.527987873615651,2.7815024370693258
753.7004933991199,14.0,15.0,13.94267967593642,14.930429568158651,4.0279878736156505,3.2815024370693258
753.9005200693425,14.0,15.0,13.948727774723832,14.935619417149702,3.5279878736156505,3.7815024370693258
754.1005467395653,14.0,15.0,13.967899878945753,14.935519089251606,4.0279878736156505,3.2815024370693258
754.300573409788,14.0,15.0,13.974228918258921,14.941953991251909,3.5279878736156505,3.7815024370693258
754.5006000800106,14.0,15.0,13.986673888992378,14.945581797057574,3.711294938903579,3.538062685891205
754.7006267502334,14.0,15.0,13.98629281717537,14.953685388034966,3.211294938903579,4.038062685891205
754.900653420456,14.0,15.0,13.979540827350544,14.968981807019007,2.711294938903579,4.450812638973122
755.1006800906787,14.0,15.0,13.981176580073443,14.981873993457434,3.211294938903579,4.484531967950089
755.3007067609014,14.0,15.0,13.992387363037835,14.991431160026213,3.711294938903579,3.9845319679500886
755.5007334311241,14.0,15.0,14.009624956155653,14.990768953367798,4.211294938903579,3.4845319679500886
755.7007601013468,14.0,15.0,14.016783920098971,14.998230864621032,3.7112949389035794,3.9845319679500886
755.9007867715695,14.0,15.0,14.021207373592121,15.002224890493036,3.2112949389035794,3.4845319679500886
756.1008134417922,14.0,15.0,14.029143837596553,14.998303127616726,3.7112949389035794,2.9845319679500886
756.300840112015,14.0,15.0,14.044601964997254,14.997938331583091,4.211294938903579,3.4845319679500886
756.5008667822376,14.0,15.0,14.057108185752165,15.00134563104028,3.7112949389035794,3.7180658661530828
756.7008934524603,14.0,15.0,14.062574026583379,15.012216925569758,3.2112949389035794,4.218065866153083
756.900920122683,14.0,15.0,14.056749085244812,15.017107614920821,2.7112949389035794,3.7180658661530828
757.1009467929057,14.0,15.0,14.05518604954318,15.02428101542657,3.2112949389035794,3.8461457869389335
757.3009734631283,14.0,15.0,14.0431360152007,15.021298903272607,2.7112949389035794,3.3461457869389335
757.5010001333511,14.0,15.0,14.027996013994306,15.01569864742844,2.2112949389035794,2.8461457869389335
757.7010268035738,14.0,15.0,14.009928162139792,15.013096511571332,2.1632822377505216,3.1578362173245558
757.9010534737964,14.0,15.0,13.987251812311117,15.017755822583617,1.6632822377505216,3.6578362173245558
758.1010801440192,14.0,15.0,13.969969089650922,15.024494594592616,2.1632822377505216,3.855236533300082
758.3011068142418,14.0,15.0,13.960310748799069,15.024495113178872,2.6632822377505216,3.355236533300082
758.5011334844646,14.0,15.0,13.96010213312653,15.019895406921039,3.1632822377505216,2.9745238791994506
758.7011601546873,14.0,15.0,13.972514916649994,15.023055238249423,3.6632822377505216,3.4745238791994506
758.9011868249099,14.0,15.0,13.977243094254211,15.032147149265535,3.1632822377505216,3.9745238791994506
759.1012134951327,14.0,15.0,13.972530460117829,15.03352772462833,3.0651204219555073,3.4745238791994506
759.3012401653554,14.0,15.0,13.975474927660777,15.027930115603146,3.535698014913476,2.9745238791994506
759.501266835578,14.0,15.0,13.995371400746729,15.016900402371887,3.902376798071876,2.4745238791994506
759.7012935058008,14.0,15.0,14.013279044246135,15.007293995995964,4.198560755672567,2.349820038695437
759.9013201760234,14.0,15.0,14.01746467046344,14.992304414045005,3.698560755672567,2.079441227205764
760.1013468462461,14.0,15.0,14.01757576330098,14.981300173763845,3.198560755672567,2.579441227205764
760.3013735164689,14.0,15.0,14.01365058822559,14.977551604690703,2.698560755672567,3.079441227205764
760.5014001866915,14.0,15.0,14.016352149450443,14.980491197966076,3.198560755672567,3.579441227205764
760.7014268569142,14.0,15.0,14.022321366480039,14.977028097875941,3.698560755672567,3.079441227205764
760.9014535271369,14.0,15.0,14.019927340654451,14.969233555170437,3.198560755672567,2.579441227205764
761.1014801973596,14.0,15.0,14.02366819064919,14.967033508628578,3.698560755672567,3.079441227205764
761.3015068675824,14.0,15.0,14.0358018207344,14.957178604194592,4.198560755672567,2.579441227205764
761.501533537805,14.0,15.0,14.042267335070553,14.954813304054294,3.698560755672567,3.079441227205764
761.7015602080277,14.0,15.0,14.043661661907493,14.957880034065061,3.198560755672567,3.579441227205764
761.9015868782504,14.0,15.0,14.036992482958007,14.968426393216285,2.698560755672567,4.0794412272057645
762.1016135484731,14.0,15.0,14.023998894715382,14.971754213142608,2.6139019502723917,3.5794412272057645
762.3016402186958,14.0,15.0,14.027956327523219,14.976773953431808,3.1139019502723917,3.8447009092863986
762.5016668889185,14.0,15.0,14.04339456765996,14.976109764928685,3.6139019502723917,3.3792441659263566
762.7016935591412,14.0,15.0,14.054124319827697,14.969056634067535,3.524886008358505,2.8792441659263566
762.9017202293638,14.0,15.0,14.055384325662844,14.972547886091652,3.024886008358505,3.3792441659263566
763.1017468995866,14.0,15.0,14.05177731499952,14.967918173253715,2.6322964966586206,2.8792441659263566
763.3017735698093,14.0,15.0,14.037362554155248,14.968988280478767,2.1322964966586206,3.3792441659263566
763.501800240032,14.0,15.0,14.0293877274189,14.962475274712213,2.6322964966586206,2.8792441659263566
763.7018269102547,14.0,15.0,14.011832741337505,14.959663716766709,2.2934900247554575,3.0643019195035808
763.9018535804773,14.0,15.0,13.98885936654982,14.962132111456443,1.7934900247554575,3.5643019195035808
764.1018802507001,14.0,15.0,13.973132371905209,14.959706602518722,2.06010569672881,3.0643019195035808
764.3019069209228,14.0,15.0,13.964156536803904,14.95420983668392,2.56010569672881,2.8348436412771876
764.5019335911454,14.0,15.0,13.95572874993775,14.955678524344044,2.7825062298630563,3.3348436412771876
764.7019602613682,14.0,15.0,13.960487679839696,14.951679342866758,3.2825062298630563,2.8348436412771876
764.9019869315908,14.0,15.0,13.953080296459982,14.950656668338372,2.7825062298630563,3.3348436412771876
765.1020136018135,14.0,15.0,13.954052393714079,14.9599833319098,3.2825062298630563,3.8348436412771876
765.3020402720363,14.0,15.0,13.967913316281107,14.960583719859791,3.7825062298630563,3.3348436412771876
765.5020669422589,14.0,15.0,13.985037788992685,14.960204897026367,4.252166108199316,3.3739096604076044
765.7020936124816,14.0,15.0,13.996218831067322,14.953922787625087,3.752166108199316,2.8739096604076044
765.9021202827043,14.0,15.0,13.99922476787572,14.955315939290559,3.252166108199316,3.3739096604076044
766.102146952927,14.0,15.0,14.0004859884485,14.957641023910877,3.3358670914072905,3.589646620173556
766.3021736231498,14.0,15.0,14.009949748162889,14.969136895901107,3.8358670914072905,4.089646620173556
766.5022002933724,14.0,15.0,14.018664425078411,14.973572034468708,3.4779918777515975,3.589646620173556
766.7022269635951,14.0,15.0,14.025453492494917,14.976342048365474,3.754680402580812,3.5582174789580656
766.9022536338178,14.0,15.0,14.025531582957301,14.98810418634841,3.254680402580812,4.058217478958065
767.1022803040405,14.0,15.0,14.017610274348446,14.992769779306881,2.800664110692733,3.558217478958065
767.3023069742632,14.0,15.0,14.021851347957819,15.007597423548805,3.300664110692733,4.058217478958065
767.5023336444859,14.0,15.0,14.015591161805213,15.012588638749353,2.800664110692733,3.558217478958065
767.7023603147086,14.0,15.0,14.019194226635335,15.008966075314778,3.300664110692733,3.058217478958065
767.9023869849312,14.0,15.0,14.018099596406293,15.005970977687015,2.9259201776577655,2.658834347564699
768.102413655154,14.0,15.0,14.004868836862707,14.992293150271664,2.4259201776577655,2.158834347564699
768.3024403253767,14.0,15.0,14.002799557154422,14.982368243822059,2.9259201776577655,2.658834347564699
768.5024669955994,14.0,15.0,13.98967070215437,14.980340335926723,2.4259201776577655,3.158834347564699
768.7024936658221,14.0,15.0,13.981073512902585,14.97375324630061,2.4633001690611755,2.658834347564699
768.9025203360447,14.0,15.0,13.979634489812755,14.965686131650536,2.9633001690611755,2.912767864821316
769.1025470062675,14.0,15.0,13.98637257287522,14.965661168150008,3.4633001690611755,3.412767864821316
769.3025736764902,14.0,15.0,13.996523827166442,14.974404511471766,3.9633001690611755,3.912767864821316
769.5026003467128,14.0,15.0,14.02004976101684,14.974186769116338,4.463300169061176,3.412767864821316
769.7026270169356,14.0,15.0,14.034498060750979,14.978458843992994,3.963300169061176,3.912767864821316
769.9026536871582,14.0,15.0,14.037340543663854,14.978317242001113,3.463300169061176,3.412767864821316
770.1026803573809,14.0,15.0,14.036754935421806,14.986113918534192,2.963300169061176,3.912767864821316
770.3027070276037,14.0,15.0,14.040231707578041,14.985894450379863,3.463300169061176,3.412767864821316
770.5027336978263,14.0,15.0,14.038292007824488,14.9882605063386,2.963300169061176,3.3359803678260533
770.702760368049,14.0,15.0,14.035692712781433,14.98193482177765,2.9194863505071016,2.8359803678260533
770.9027870382718,14.0,15.0,14.042810350824235,14.985231228011807,3.4194863505071016,3.3359803678260533
771.1028137084944,14.0,15.0,14.04388291466952,14.978210573265375,2.9194863505071016,2.8359803678260533
771.3028403787172,14.0,15.0,14.026943075354328,14.963600587454692,2.4194863505071016,2.3359803678260533
771.5028670489398,14.0,15.0,14.022613456391868,14.9579109354841,2.9194863505071016,2.7082353186742
771.7028937191625,14.0,15.0,14.029246557912943,14.955776508205048,3.4194863505071016,3.2082353186742
771.9029203893853,14.0,15.0,14.044974898221131,14.961793707974348,3.9194863505071016,3.7082353186742
772.1029470596079,14.0,15.0,14.049840795741874,14.958706107630832,3.4194863505071016,3.2082353186742
772.3029737298306,14.0,15.0,14.048144459082327,14.951041830116122,3.211509680193747,2.7082353186742
772.5030004000533,14.0,15.0,14.040397966812332,14.95169089643521,2.711509680193747,3.2082353186742
772.703027070276,14.0,15.0,14.022833696218843,14.956586327313634,2.211509680193747,3.7082353186742
772.9030537404986,14.0,15.0,14.005342585566098,14.962680314564146,1.9741234919378972,4.2082353186742
773.1030804107214,14.0,15.0,13.973355475025079,14.969072519481895,1.4741234919378972,3.7082353186742
773.3031070809441,14.0,15.0,13.952332663059662,14.978254208710617,1.9741234919378972,4.2082353186742
773.5031337511668,14.0,15.0,13.923410792126147,14.995128172945504,1.475450250603906,4.7082353186742
773.7031604213895,14.0,15.0,13.903190569190452,15.01641351295193,1.975450250603906,4.86074478157029
773.9031870916122,14.0,15.0,13.89256931641075,15.032653185909941,2.475450250603906,4.651201737029708
774.1032137618349,14.0,15.0,13.893213572098249,15.043165300051465,2.975450250603906,4.151201737029708
774.3032404320576,14.0,15.0,13.89741875905329,15.045353365577006,3.475450250603906,3.651201737029708
774.5032671022802,14.0,15.0,13.912066336705756,15.042390947167359,3.975450250603906,3.151201737029708
774.703293772503,14.0,15.0,13.920913863833864,15.033754599332175,3.535719502578341,2.651201737029708
774.9033204427257,14.0,15.0,13.925743506717698,15.024473830041405,3.485841612460436,2.758330291169145
775.1033471129483,14.0,15.0,13.934547346325903,15.020977499623472,3.985841612460436,3.258330291169145
775.3033737831711,14.0,15.0,13.940133812122447,15.030320354676382,3.485841612460436,3.758330291169145
775.5034004533937,14.0,15.0,13.95079159126298,15.042657909331021,3.7486565251360946,4.258330291169145
775.7034271236164,14.0,15.0,13.95359050668494,15.055976897895523,3.2486565251360946,4.298168552334554
775.9034537938392,14.0,15.0,13.947836108153535,15.066810477053028,2.7486565251360946,4.012899175582711
776.1034804640618,14.0,15.0,13.950634982588612,15.069344225813344,3.2486565251360946,3.512899175582711
776.3035071342846,14.0,15.0,13.95994006946452,15.065800347152056,3.7486565251360946,3.012899175582711
776.5035338045072,14.0,15.0,13.962188084131572,15.055090570923676,3.2486565251360946,2.512899175582711
776.7035604747299,14.0,15.0,13.968724737900695,15.04160519002776,3.7486565251360946,2.012899175582711
776.9035871449527,14.0,15.0,13.974226561643894,15.03306270115653,3.2486565251360946,2.512899175582711
777.1036138151753,14.0,15.0,13.969878419742571,15.029830091829506,2.7486565251360946,3.012899175582711
777.303640485398,14.0,15.0,13.964654355854961,15.019163124005733,2.8224282059864554,2.512899175582711
777.5036671556207,14.0,15.0,13.953604848356365,15.017665734248414,2.5257503122860987,3.012899175582711
777.7036938258434,14.0,15.0,13.951574041767497,15.02132246560625,3.0257503122860987,3.512899175582711
777.9037204960661,14.0,15.0,13.959539609692468,15.014052664441452,3.5257503122860987,3.012899175582711
778.1037471662888,14.0,15.0,13.95765660768116,15.016043313190222,3.0257503122860987,3.512899175582711
778.3037738365115,14.0,15.0,13.96579218699611,15.028570582111861,3.5257503122860987,4.012899175582711
778.5038005067343,14.0,15.0,13.964722070471831,15.028187515612263,3.0257503122860987,3.512899175582711
778.7038271769569,14.0,15.0,13.95998817849484,15.026764174297892,2.654338009499856,3.012899175582711
778.9038538471796,14.0,15.0,13.962521412143026,15.030517799483397,3.154338009499856,3.3832296570240583
779.1038805174023,14.0,15.0,13.952174509466367,15.03585977004219,2.654338009499856,3.592059672805388
779.303907187625,14.0,15.0,13.94877997831575,15.032997031374354,3.154338009499856,3.092059672805388
779.5039338578476,14.0,15.0,13.940315574069443,15.024919820363884,2.654338009499856,3.1185327029506587
779.7039605280704,14.0,15.0,13.938678624910544,15.025556936779012,3.154338009499856,3.6005154217719717
779.9039871982931,14.0,15.0,13.929792869756731,15.023476443157193,2.654338009499856,3.198294023821839
780.1040138685157,14.0,15.0,13.927333871275613,15.015744760092057,3.0988907567921578,2.698294023821839
780.3040405387385,14.0,15.0,13.934304522917166,15.014747820051818,3.2611637797845954,3.198294023821839
780.5040672089611,14.0,15.0,13.949403955057697,15.008242745487381,3.7611637797845954,2.846411254101663
780.7040938791838,14.0,15.0,13.962839892347588,14.995953824377853,3.807782930564173,2.346411254101663
780.9041205494066,14.0,15.0,13.982858132655831,14.987844392620126,4.307782930564173,2.846411254101663
781.1041472196292,14.0,15.0,13.995239597849807,14.978919463187156,3.807782930564173,2.346411254101663
781.304173889852,14.0,15.0,14.003604088630212,14.971332419972976,3.6170658863670493,2.846411254101663
781.5042005600747,14.0,15.0,14.018448678104841,14.96329346978696,4.117065886367049,2.346411254101663
781.7042272302973,14.0,15.0,14.043531139716949,14.957476440594048,4.582812261613882,2.846411254101663
781.9042539005201,14.0,15.0,14.060657934602505,14.955326778083453,4.082812261613882,3.007923691164996
782.1042805707427,14.0,15.0,14.067748289380177,14.956545312084334,3.582812261613882,3.507923691164996
782.3043072409654,14.0,15.0,14.064226324394022,14.960528591195516,3.082812261613882,3.6252126405425598
782.5043339111882,14.0,15.0,14.05585827881994,14.960528800670856,2.582812261613882,3.1534521779222513
782.7043605814108,14.0,15.0,14.055360188626825,14.960430126032492,3.082812261613882,3.0086400855527606
782.9043872516335,14.0,15.0,14.04683163140827,14.961671514134522,2.582812261613882,3.5086400855527606
783.1044139218562,14.0,15.0,14.043454421265396,14.958991921312174,3.082812261613882,3.0086400855527606
783.3044405920789,14.0,15.0,14.03634294418122,14.964332002100095,2.582812261613882,3.5086400855527606
783.5044672623017,14.0,15.0,14.035200420503843,14.971425043813548,3.082812261613882,4.008640085552761
783.7044939325243,14.0,15.0,14.021132066097175,14.977071048532501,2.582812261613882,3.508640085552761
783.904520602747,14.0,15.0,14.00269462675068,14.977706209908703,2.082812261613882,3.546793526470476
784.1045472729697,14.0,15.0,13.985736717511928,14.975663305532915,2.062343210634329,3.046793526470476
784.3045739431924,14.0,15.0,13.976029143330607,14.964651572255784,2.562343210634329,2.546793526470476
784.504600613415,14.0,15.0,13.966833884975703,14.961926124910024,2.675702475474265,3.046793526470476
784.7046272836378,14.0,15.0,13.952942401022959,14.954866332503146,2.175702475474265,2.546793526470476
784.9046539538605,14.0,15.0,13.929304760486527,14.946270438413508,1.675702475474265,2.599016848935797
785.1046806240831,14.0,15.0,13.915504668643008,14.946353500468339,2.175702475474265,3.099016848935797
785.3047072943059,14.0,15.0,13.910741515685528,14.952154742140204,2.675702475474265,3.599016848935797
785.5047339645286,14.0,15.0,13.909521403939262,14.960860884590485,3.175702475474265,4.099016848935797
785.7047606347513,14.0,15.0,13.911764358900312,14.96596089577875,3.675702475474265,3.599016848935797
785.904787304974,14.0,15.0,13.928820179966461,14.97420154432327,4.102453258596879,4.099016848935797
786.1048139751966,14.0,15.0,13.946870873609553,14.977534408586939,4.1229093780050405,3.599016848935797
786.3048406454194,14.0,15.0,13.956433707301903,14.98711670233919,3.6229093780050405,4.099016848935797
786.5048673156421,14.0,15.0,13.95416078437236,14.993966371062665,3.1229093780050405,3.783372353333479
786.7048939858647,14.0,15.0,13.959671279807928,15.007264069292642,3.6229093780050405,4.283372353333479
786.9049206560875,14.0,15.0,13.970223480644584,15.017097670300773,4.031658507887515,4.168873125302431
787.1049473263101,14.0,15.0,13.97492003605648,15.021629833796506,3.5316585078875153,3.668873125302431
787.3049739965328,14.0,15.0,13.98917443107591,15.018492588167192,4.031658507887515,3.2704471323455895
787.5050006667556,14.0,15.0,13.99496993528767,15.012115057919592,3.5316585078875153,2.7704471323455895
787.7050273369782,14.0,15.0,13.99243274375965,15.009350042439419,3.0316585078875153,3.2704471323455895
787.9050540072009,14.0,15.0,13.996820708971294,15.001646940343166,3.5316585078875153,2.7704471323455895
788.1050806774236,14.0,15.0,13.992298487685304,14.99204279047476,3.0316585078875153,2.7419175624334136
788.3051073476463,14.0,15.0,13.988133703396594,14.99354385440896,3.023491227598294,3.2419175624334136
788.5051340178691,14.0,15.0,13.97759791408496,14.997762761486538,2.523491227598294,3.7419175624334136
788.7051606880917,14.0,15.0,13.976504719954987,15.003133012178814,3.023491227598294,3.7422462640325342
788.9051873583144,14.0,15.0,13.983591167283342,15.004930223361718,3.523491227598294,3.257689400856303
789.1052140285371,14.0,15.0,13.980559329397321,14.999629290214303,3.023491227598294,2.757689400856303
789.3052406987598,14.0,15.0,13.96693557113702,14.99562287866036,2.523491227598294,3.257689400856303
789.5052673689825,14.0,15.0,13.965664652596148,14.988776254198038,3.023491227598294,2.757689400856303
789.7052940392052,14.0,15.0,13.971698262358357,14.977333501853423,3.523491227598294,2.5188921675568166
789.9053207094279,14.0,15.0,13.985312408788845,14.971024727734092,4.023491227598294,2.704124693792004
790.1053473796505,14.0,15.0,13.992676535368602,14.959295155505004,3.523491227598294,2.204124693792004
790.3053740498733,14.0,15.0,13.997831663035104,14.94827943039573,3.7060462289737686,2.704124693792004
790.505400720096,14.0,15.0,14.013524422131434,14.948271763552182,4.052525621386285,3.204124693792004
790.7054273903187,14.0,15.0,14.019273266747415,14.946726797594959,3.552525621386285,3.053652217152218
790.9054540605414,14.0,15.0,14.019837350827126,14.949993275638134,3.052525621386285,3.553652217152218
791.105480730764,14.0,15.0,14.010007952565697,14.949336779032055,2.552525621386285,3.1667515497209036
791.3055074009868,14.0,15.0,13.987484568096653,14.947796727819602,2.052525621386285,3.1732001447832503
791.5055340712095,14.0,15.0,13.975000996212561,14.954173124117478,2.552525621386285,3.6732001447832503
791.7055607414321,14.0,15.0,13.976450345343915,14.95486468067682,3.052525621386285,3.1732001447832503
791.9055874116549,14.0,15.0,13.96900899981462,14.962816255762299,2.552525621386285,3.6732001447832503
792.1056140818775,14.0,15.0,13.967311686764457,14.97469548806711,3.052525621386285,4.17320014478325
792.3056407521002,14.0,15.0,13.974582176728921,14.977511438685335,3.552525621386285,3.67320014478325
792.505667422323,14.0,15.0,13.974641165364009,14.987710978091624,3.079781588039544,4.17320014478325
792.7056940925456,14.0,15.0,13.96875868478164,15.001673838183311,2.579781588039544,4.619995620359747
792.9057207627683,14.0,15.0,13.968146815806442,15.013537087779374,3.079781588039544,4.1950711560337846
793.105747432991,14.0,15.0,13.95795906113786,15.028896666653715,2.643209199789112,4.395635762880277
793.3057741032137,14.0,15.0,13.942197934378934,15.036163919598142,2.143209199789112,3.8956357628802767
793.5058007734365,14.0,15.0,13.931680491727256,15.037680398695699,2.643209199789112,3.3956357628802767
793.7058274436591,14.0,15.0,13.931379168576132,15.03393531527374,3.143209199789112,2.8956357628802767
793.9058541138818,14.0,15.0,13.938023983776151,15.029834420694918,3.643209199789112,3.2031475880973668
794.1058807841046,14.0,15.0,13.937425195792141,15.022899659642231,3.143209199789112,2.7031475880973668
794.3059074543272,14.0,15.0,13.938981034847002,15.020877098490905,3.217104308454216,3.2031475880973668
794.5059341245499,14.0,15.0,13.933555252100684,15.019245833364554,2.717104308454216,3.3712951799877935
794.7059607947726,14.0,15.0,13.938384241776095,15.01115651837453,3.217104308454216,2.8712951799877935
794.9059874649953,14.0,15.0,13.933095000371758,14.999897565150123,2.717104308454216,2.670055882282026
795.106014135218,14.0,15.0,13.929885292505912,14.984155854231725,3.056245595499347,2.170055882282026
795.3060408054407,14.0,15.0,13.935194281775859,14.96661115831813,3.556245595499347,1.6700558822820262
795.5060674756634,14.0,15.0,13.952210895052367,14.938212451795838,4.056245595499346,1.1700558822820262
795.7060941458861,14.0,15.0,13.975333270210072,14.904898355049275,4.556245595499346,0.6700558822820262
795.9061208161088,14.0,15.0,14.005464617683515,14.868118253286607,5.056245595499346,0.17005588228202617
796.1061474863315,14.0,15.0,14.047247876214271,14.826939242993156,5.556245595499346,0.0
796.3061741565542,14.0,15.0,14.092338703474061,14.785949716237235,6.0,0.0
796.5062008267769,14.0,15.0,14.13654288336917,14.745151921473076,6.0,0.0
796.7062274969995,14.0,15.0,14.17895443376793,14.704542101264263,5.66074731850731,0.0
796.9062541672223,14.0,15.0,14.211241043756312,14.664447867058326,5.208808307139271,0.0
797.106280837445,14.0,15.0,14.251447667988884,14.626109532145556,5.708808307139271,0.0
797.3063075076676,14.0,15.0,14.29588675914073,14.586437983937804,6.0,0.0
797.5063341778904,14.0,15.0,14.339943457397517,14.546539281409219,6.0,0.0
797.706360848113,14.0,15.0,14.380532738019388,14.506823773035043,6.0,0.0
797.9063875183357,14.0,15.0,14.423836962786497,14.467860181272275,6.0,0.0
798.1064141885585,14.0,15.0,14.466596750441594,14.428509095888504,6.0,0.0
798.3064408587811,14.0,15.0,14.49954267957786,14.38932961355148,5.5,0.0
798.5064675290039,14.0,15.0,14.537237886006585,14.35031572000972,5.696796876899936,0.0
798.7064941992265,14.0,15.0,14.579074426796865,14.311477043282629,6.0,0.0
798.9065208694492,14.0,15.0,14.613782572947555,14.272809848534438,5.8320194495178885,0.0
799.106547539672,14.0,15.0,14.64754042736465,14.235328423737213,5.3320194495178885,0.0
799.3065742098946,14.0,15.0,14.679808971079519,14.196980530009283,5.2513187325483335,0.0
799.5066008801173,14.0,15.0,14.711376759957107,14.158789269214271,5.589302156886896,0.0
799.70662755034,14.0,15.0,14.748366228113316,14.120759621697578,6.0,0.0
799.9066542205627,14.0,15.0,14.786993859532064,14.083107598429415,6.0,0.0
800.1066808907854,16.0,12.0,14.82634920776263,14.046664818524702,6.0,0.0
800.3067075610081,16.0,12.0,14.861408173946032,14.009283617424792,5.783518649399435,0.0
800.5067342312308,16.0,12.0,14.88863424561248,13.97191153255694,5.283518649399435,0.0
800.7067609014535,16.0,12.0,14.906344354743197,13.938553312705954,4.980813237317531,0.0
800.9067875716762,16.0,12.0,14.935854319079501,13.90304274212504,5.480813237317531,0.0
801.1068142418989,16.0,12.0,14.95943341628199,13.866074749258367,5.277332864774057,0.0
801.3068409121216,16.0,12.0,14.992264996430915,13.82951939423613,5.385841287045039,0.0
801.5068675823443,16.0,12.0,15.02033850190491,13.792849498378725,5.59514660766315,0.0
801.7068942525669,16.0,12.0,15.04111820322247,13.756318359285283,5.09514660766315,0.0
801.9069209227897,16.0,12.0,15.070515413909417,13.720039866416194,5.59514660766315,0.0
802.1069475930124,16.0,12.0,15.099127987159859,13.6842042575154,5.73276634858555,0.0
802.306974263235,16.0,12.0,15.13362298799291,13.648114005798202,6.0,0.0
802.5070009334578,16.0,12.0,15.169004538068382,13.612184144823162,6.0,0.0
802.7070276036804,16.0,12.0,15.20403466752178,13.576984630979412,6.0,0.0
802.9070542739031,16.0,12.0,15.229557343318065,13.541364369537527,5.5,0.0
803.1070809441259,16.0,12.0,15.263908833904889,13.507520044897214,6.0,0.0
803.3071076143485,16.0,12.0,15.295856310912262,13.47296044921439,5.5,0.0
803.5071342845713,16.0,12.0,15.327188790112988,13.43946450414336,5.671570172530292,0.0
803.707160954794,16.0,12.0,15.360543085180746,13.404446489400069,6.0,0.0
803.9071876250166,16.0,12.0,15.393549983922309,13.369583541846582,5.647814993741213,0.0
804.1072142952394,16.0,12.0,15.4242467360444,13.334872723790413,6.0,0.0
804.307240965462,16.0,12.0,15.456155600982042,13.300312718038521,6.0,0.0
804.5072676356847,16.0,12.0,15.483593650049182,13.265900037440657,5.5,0.0
804.7072943059075,16.0,12.0,15.5152592159379,13.235361621571226,6.0,0.0
804.9073209761301,16.0,12.0,15.539565714316728,13.201231331209984,5.508146424066242,0.0
805.1073476463528,16.0,12.0,15.570585820051518,13.167243831695128,6.0,0.0
805.3073743165755,16.0,12.0,15.59650979868926,13.133400602265766,5.5,0.0
805.5074009867982,16.0,12.0,15.619601412227423,13.101107117236879,5.701237045907057,0.0
805.707427657021,16.0,12.0,15.64776086375321,13.068418235756468,6.0,0.0
805.9074543272436,16.0,12.0,15.677497901460761,13.03671007015268,6.0,0.0
806.1074809974663,16.0,12.0,15.69959544704005,13.00341623499986,5.5,0.0
806.307507667689,16.0,12.0,15.72728769648599,12.971805795145677,6.0,0.0
806.5075343379117,16.0,12.0,15.751514906005694,12.939165075072335,5.657727657004795,0.0
806.7075610081343,16.0,12.0,15.77997977808023,12.906281361219602,6.0,0.0
806.9075876783571,16.0,12.0,15.808112329473405,12.873540544324905,6.0,0.0
807.1076143485798,16.0,12.0,15.83591730592177,12.841614323832601,6.0,0.0
807.3076410188024,16.0,12.0,15.849836764453846,12.809330559429027,5.5,0.0
807.5076676890252,16.0,12.0,15.871628838522833,12.776980466996566,6.0,0.0
807.7076943592479,16.0,12.0,15.898507160175587,12.745151400310194,6.0,0.0
807.9077210294705,16.0,12.0,15.922525568453967,12.713072265553564,6.0,0.0
808.1077476996933,16.0,12.0,15.94875912140783,12.681129336345121,6.0,0.0
808.3077743699159,16.0,12.0,15.974667044287026,12.649324314841127,6.0,0.0
808.5078010401387,16.0,12.0,15.995955830843869,12.617652357822442,6.0,0.0
808.7078277103614,16.0,12.0,16.021227445827407,12.586112787436951,6.0,0.0
808.907854380584,16.0,12.0,16.034027355176907,12.554697456729526,5.5,0.0
809.1078810508068,16.0,12.0,16.05208402205737,12.523399540778756,5.568234637904794,0.0
809.3079077210294,16.0,12.0,16.06406221121028,12.492218305386222,5.068234637904794,0.0
809.5079343912521,16.0,12.0,16.077827350589615,12.462369336340494,5.568234637904794,0.0
809.7079610614749,16.0,12.0,16.084179593033685,12.431405503006468,5.068234637904794,0.0
809.9079877316975,16.0,12.0,16.100465837381392,12.400551619226789,5.568234637904794,0.0
810.1080144019202,16.0,12.0,16.121196323286032,12.369821287628918,6.0,0.0
810.3080410721429,16.0,12.0,16.142904795091013,12.339219571819045,6.0,0.0
810.5080677423656,16.0,12.0,16.161370237152003,12.308744289098998,5.5,0.0
810.7080944125884,16.0,12.0,16.166324842576778,12.278379757151077,5.0,0.0
810.908121082811,16.0,12.0,16.178529711028162,12.250029721083175,5.5,0.0
811.1081477530337,16.0,12.0,16.179956398217907,12.21986769995205,5.0,0.0
811.3081744232564,16.0,12.0,16.19276778482325,12.189808205475464,5.5,0.0
811.5082010934791,16.0,12.0,16.19855600357681,12.16023838511777,5.0,0.0
811.7082277637018,16.0,12.0,16.193749893951757,12.13083975428049,4.5,0.0
811.9082544339245,16.0,12.0,16.179629544077322,12.10659871258497,4.0,0.5
812.1082811041472,16.0,12.0,16.156404400686363,12.076849379974714,3.5,0.0
812.3083077743698,16.0,12.0,16.127370565780158,12.047141895922733,3.0,0.0
812.5083344445926,16.0,12.0,16.102173731179928,12.018672469352271,3.249366399308228,0.0
812.7083611148153,16.0,12.0,16.089374094771497,11.992948210308267,3.749366399308228,0.5
812.9083877850379,16.0,12.0,16.073622568348394,11.977378540804871,3.737153350878775,1.0
813.1084144552607,16.0,12.0,16.04719365940416,11.9656286388314,3.237153350878775,1.5
813.3084411254833,16.0,12.0,16.010682698203087,11.959905067986739,2.737153350878775,2.0
813.5084677957061,16.0,12.0,15.9849228056728,11.948502186522907,3.237153350878775,1.5
813.7084944659288,16.0,12.0,15.967208882325405,11.930133579017358,3.737153350878775,1.0
813.9085211361514,16.0,12.0,15.95418175088125,11.917738337518507,4.237153350878775,1.5
814.1085478063742,16.0,12.0,15.957422531033112,11.910561645760447,4.737153350878775,2.0
814.3085744765968,16.0,12.0,15.957815372308357,11.90536505485771,5.237153350878775,2.3840844513964363
814.5086011468195,16.0,12.0,15.964486335687365,11.914336460350514,5.20350606595331,2.8840844513964363
814.7086278170423,16.0,12.0,15.96668989467003,11.925727783234567,4.70350606595331,3.3840844513964363
814.9086544872649,16.0,12.0,15.973070197369127,11.942071344969666,4.932794963202957,3.7570590174633143
815.1086811574876,16.0,12.0,15.991727173658134,11.955590200628494,5.432794963202957,3.2570590174633143
815.3087078277104,16.0,12.0,16.0008511775958,11.96478112257447,4.932794963202957,2.8554030427957455
815.508734497933,16.0,12.0,16.000796643240943,11.96446991412238,4.432794963202957,2.3554030427957455
815.7087611681558,16.0,12.0,15.992816008824796,11.96886741792724,3.932794963202957,2.8554030427957455
815.9087878383784,16.0,12.0,15.973687980142556,11.978615808265898,3.432794963202957,3.244968708954966
816.1088145086011,16.0,12.0,15.964060935251064,11.983988003462848,3.932794963202957,2.744968708954966
816.3088411788239,16.0,12.0,15.963759098774121,11.980537290904586,4.432794963202957,2.244968708954966
816.5088678490465,16.0,12.0,15.96807128372779,11.98665717387395,4.762136337357759,2.744968708954966
816.7088945192692,16.0,12.0,15.979559632501584,11.995126490293956,5.262136337357759,2.8379173614447804
816.9089211894919,16.0,12.0,15.984688024809586,11.99536046891978,4.762136337357759,2.3379173614447804
817.1089478597146,16.0,12.0,15.980951132260394,11.987500657732769,4.389824487112665,1.8379173614447804
817.3089745299372,16.0,12.0,15.972059564424603,11.982137500719098,3.959275964379978,1.7662698367633383
817.50900120016,16.0,12.0,15.972357967850808,11.980306794477993,4.459275964379978,2.266269836763338
817.7090278703827,16.0,12.0,15.980187315274046,11.97509098356076,4.959275964379978,1.766269836763338
817.9090545406053,16.0,12.0,16.000058751181406,11.963668220306609,5.459275964379978,1.3912832904778119
818.1090812108281,16.0,12.0,16.006177821636967,11.956921581055928,4.959275964379978,1.8912832904778119
818.3091078810507,16.0,12.0,16.003485852634533,11.9575979697172,4.459275964379978,2.391283290477812
818.5091345512735,16.0,12.0,16.010133669412042,11.970292633285892,4.959275964379978,2.891283290477812
818.7091612214962,16.0,12.0,16.02367910873249,11.985771761311016,5.354236282567235,3.391283290477812
818.9091878917188,16.0,12.0,16.028173451698443,11.994526892370775,4.854236282567235,2.891283290477812
819.1092145619416,16.0,12.0,16.029657707303123,11.9979908414245,4.354236282567235,2.391283290477812
819.3092412321643,16.0,12.0,16.01973480314957,11.992466465800149,3.8542362825672347,1.891283290477812
819.5092679023869,16.0,12.0,16.015090878586356,11.991235638381673,4.354236282567235,2.2135837919184747
819.7092945726097,16.0,12.0,16.003650663564883,11.996617826889459,3.8542362825672347,2.7135837919184747
819.9093212428323,16.0,12.0,15.994940335956791,12.004916875824051,4.051450729034422,3.1668813688469735
820.109347913055,16.0,12.0,15.978133838784814,12.011876834487717,3.551450729034422,2.6668813688469735
820.3093745832778,16.0,12.0,15.95155011096291,12.007786726410545,3.051450729034422,2.1668813688469735
820.5094012535004,16.0,12.0,15.921290433241502,12.000144136475168,2.551450729034422,1.6668813688469735
820.7094279237232,16.0,12.0,15.900690199939092,11.982328865711615,3.051450729034422,1.1668813688469735
820.9094545939458,16.0,12.0,15.872079029644517,11.976981998507322,2.551450729034422,1.6668813688469735
821.1094812641685,16.0,12.0,15.84946225245446,11.97493508653943,3.051450729034422,2.1668813688469735
821.3095079343913,16.0,12.0,15.836982385148882,11.98044697467045,3.551450729034422,2.6668813688469735
821.5095346046139,16.0,12.0,15.831323864712564,11.978832136249451,4.051450729034422,2.1668813688469735
821.7095612748366,16.0,12.0,15.834876456267517,11.981861825937246,4.551450729034422,2.6668813688469735
821.9095879450593,16.0,12.0,15.846934611809788,11.978639943241152,5.051450729034422,2.1668813688469735
822.109614615282,16.0,12.0,15.86712056027083,11.974984491777453,5.551450729034422,2.1430829921022863
822.3096412855047,16.0,12.0,15.894612613465473,11.9779162972853,6.0,2.6430829921022863
822.5096679557274,16.0,12.0,15.919280096662614,11.97546855812284,6.0,2.1430829921022863
822.7096946259501,16.0,12.0,15.94677101208295,11.977045077315465,6.0,2.2693566857737406
822.9097212961727,16.0,12.0,15.972211943640211,11.966225286075922,6.0,1.7693566857737406
823.1097479663955,16.0,12.0,15.991167336097527,11.96197818274397,5.5,1.7469844285128722
823.3097746366182,16.0,12.0,16.000218361214404,11.957552867908998,5.0,2.246984428512872
823.5098013068409,16.0,12.0,16.00151235811005,11.966397591590482,4.5,2.746984428512872
823.7098279770636,16.0,12.0,15.993686999292901,11.961435726978685,4.0,2.246984428512872
823.9098546472862,16.0,12.0,15.979601192185937,11.95758534988044,3.5,1.7469844285128722
824.109881317509,16.0,12.0,15.976381947339934,11.946830367421981,4.0,1.2469844285128722
824.3099079877317,16.0,12.0,15.96767482167858,11.93793664756665,3.8870972014447625,1.7469844285128722
824.5099346579543,16.0,12.0,15.973643736263252,11.925993067129463,4.387097201444762,1.3783234482383753
824.7099613281771,16.0,12.0,15.979735533204261,11.918101987270392,4.70245854708096,1.8783234482383753
824.9099879983997,16.0,12.0,15.993536277515869,11.920351150827502,5.20245854708096,2.3783234482383753
825.1100146686224,16.0,12.0,16.00083403232957,11.918694239963404,4.70245854708096,1.9564030310115674
825.3100413388452,16.0,12.0,16.01202095679321,11.92167667071007,5.20245854708096,2.4564030310115674
825.5100680090678,16.0,12.0,16.019324697888063,11.928447708307505,4.70245854708096,2.9564030310115674
825.7100946792906,16.0,12.0,16.022058724089757,11.932472955963894,4.20245854708096,2.4564030310115674
825.9101213495132,16.0,12.0,16.010487843157705,11.940935806336666,3.70245854708096,2.9564030310115674
826.1101480197359,16.0,12.0,16.00702986820951,11.955572724795664,4.20245854708096,3.3086021176075358
826.3101746899587,16.0,12.0,16.00055158259907,11.960367484181043,3.70245854708096,2.8086021176075358
826.5102013601813,16.0,12.0,15.998494419555518,11.97401369386514,4.20245854708096,3.3086021176075358
826.710228030404,16.0,12.0,16.006184200640117,11.978236875514526,4.70245854708096,2.8086021176075358
826.9102547006268,16.0,12.0,16.00210450786956,11.990355674920593,4.20245854708096,3.3086021176075358
827.1102813708494,16.0,12.0,16.005624842869505,11.995882338489816,4.402338461601676,2.8086021176075358
827.3103080410721,16.0,12.0,16.002955411032563,12.002955681472148,3.9023384616016763,2.779369462952472
827.5103347112948,16.0,12.0,16.005825837337376,12.017343179810286,4.360528656499139,3.279369462952472
827.7103613815175,16.0,12.0,16.014364784023332,12.027625119460202,4.860528656499139,2.779369462952472
827.9103880517401,16.0,12.0,16.02095672089579,12.02928102375372,4.360528656499139,2.279369462952472
828.1104147219629,16.0,12.0,16.012180586617088,12.023209461144651,3.860528656499139,1.779369462952472
828.3104413921856,16.0,12.0,15.998877666535531,12.00863066590226,3.360528656499139,1.279369462952472
828.5104680624083,16.0,12.0,15.973174524607751,12.00367292617698,2.860528656499139,1.779369462952472
828.710494732631,16.0,12.0,15.95735829501682,12.00430373155645,3.360528656499139,2.279369462952472
828.9105214028536,16.0,12.0,15.944986366006928,12.00463514918899,3.761380840290222,2.3556813456627466
829.1105480730764,16.0,12.0,15.936623650428135,11.99574909337988,3.7087387712589166,1.8556813456627466
829.3105747432991,16.0,12.0,15.930316020226941,11.984091014572275,4.120176576629956,1.3556813456627466
829.5106014135217,16.0,12.0,15.917477009199695,11.979027983604718,3.645202862833253,1.8556813456627466
829.7106280837445,16.0,12.0,15.918340021636402,11.979388738246374,4.145202862833253,2.3556813456627466
829.9106547539672,16.0,12.0,15.92768461739031,11.987672208056601,4.501153251182731,2.8556813456627466
830.1106814241898,16.0,12.0,15.939919834503943,11.984250729338513,5.001153251182731,2.3556813456627466
830.3107080944126,16.0,12.0,15.96187642568527,11.988870444169835,5.501153251182731,2.6506100073324452
830.5107347646352,16.0,12.0,15.973790126197425,11.993341692371223,5.001153251182731,2.4359382503428453
830.710761434858,16.0,12.0,15.998971917141452,11.991553844153389,5.501153251182731,1.9359382503428453
830.9107881050807,16.0,12.0,16.028388392907676,11.98151276548026,5.97530753295857,1.4359382503428453
831.1108147753033,16.0,12.0,16.053696155921987,11.974363389037487,5.47530753295857,1.9359382503428453
831.3108414455261,16.0,12.0,16.063620376178886,11.977386497975441,4.97530753295857,2.4359382503428453
831.5108681157487,16.0,12.0,16.067443803110155,11.9846321745786,4.47530753295857,2.9359382503428453
831.7108947859714,16.0,12.0,16.061468808188284,11.985178226565779,3.9753075329585696,2.4359382503428453
831.9109214561942,16.0,12.0,16.05179111805881,11.982326764171782,3.535753161268213,1.9359382503428453
832.1109481264168,16.0,12.0,16.031333560799503,11.984292934114995,3.035753161268213,2.4359382503428453
832.3109747966395,16.0,12.0,16.010658787582706,11.984749201463899,3.085066340142744,2.405002396606001
832.5110014668622,16.0,12.0,15.998765232050918,11.991768707007939,3.585066340142744,2.905002396606001
832.7110281370849,16.0,12.0,15.998864696812477,11.989436433644421,4.085066340142744,2.405002396606001
832.9110548073076,16.0,12.0,15.985473381081842,11.988044762127942,3.5850663401427436,2.0831498290563397
833.1110814775303,16.0,12.0,15.980630344369004,11.990164413252351,4.085066340142744,2.5831498290563397
833.311108147753,16.0,12.0,15.970221264385406,11.999683999133278,3.5850663401427436,3.0831498290563397
833.5111348179757,16.0,12.0,15.970205385140423,12.001816114398485,4.085066340142744,2.5831498290563397
833.7111614881984,16.0,12.0,15.976388322980084,11.994389704667974,4.585066340142744,2.0831498290563397
833.911188158421,16.0,12.0,15.975856281894089,11.997915712620404,4.085066340142744,2.5831498290563397
834.1112148286438,16.0,12.0,15.98430286610699,12.010023567638,4.585066340142744,3.0831498290563397
834.3112414988665,16.0,12.0,15.99636058113291,12.02768357554854,5.085066340142744,3.5831498290563397
834.5112681690891,16.0,12.0,16.00150386685986,12.044255882336204,4.585066340142744,3.556268210239358
834.7112948393119,16.0,12.0,16.000364201718785,12.05299771706884,4.085066340142744,3.056268210239358
834.9113215095346,16.0,12.0,15.991721950132952,12.053901355240571,3.5850663401427436,2.614264992814147
835.1113481797572,16.0,12.0,15.987762452952996,12.057164042348225,4.085066340142744,2.5114747110564957
835.31137484998,16.0,12.0,15.981939946131654,12.057726989926723,3.5850663401427436,2.518274984679119
835.5114015202026,16.0,12.0,15.963720729373179,12.061471828816757,3.0850663401427436,3.018274984679119
835.7114281904254,16.0,12.0,15.958047263827453,12.075990727340718,3.5850663401427436,3.420554206244549
835.9114548606481,16.0,12.0,15.95913208369184,12.084842539114245,4.085066340142744,2.920554206244549
836.1114815308707,16.0,12.0,15.95018578926787,12.082176119479806,3.5850663401427436,2.420554206244549
836.3115082010935,16.0,12.0,15.95016900926383,12.074919043520282,4.085066340142744,1.920554206244549
836.5115348713161,16.0,12.0,15.954365567970125,12.073944635371907,4.585066340142744,2.420554206244549
836.7115615415388,16.0,12.0,15.970269916410091,12.071725873888678,5.085066340142744,2.0459293087527657
836.9115882117616,16.0,12.0,15.995592664835575,12.066530868635324,5.585066340142744,1.743461517728221
837.1116148819842,16.0,12.0,16.026477753074865,12.064247573090714,6.0,2.243461517728221
837.3116415522069,16.0,12.0,16.04724201853128,12.056391465718114,5.5,1.743461517728221
837.5116682224296,16.0,12.0,16.063572687435784,12.042350446916343,5.0,1.243461517728221
837.7116948926523,16.0,12.0,16.071185034926025,12.021983920077833,4.5,0.7434615177282211
837.911721562875,16.0,12.0,16.069895975866828,11.997209823641215,4.0,0.2434615177282211
838.1117482330977,16.0,12.0,16.055489569284344,11.975278048064432,3.5,0.7434615177282211
838.3117749033204,16.0,12.0,16.037480806066945,11.961263518582312,3.0,1.243461517728221
838.5118015735432,16.0,12.0,16.018883318842626,11.946925719385677,3.5,1.1972847848277235
838.7118282437658,16.0,12.0,16.000187171954902,11.94165378394398,3.0,1.6972847848277235
838.9118549139885,16.0,12.0,15.986176187388056,11.94139527528572,3.5,2.1972847848277235
839.1118815842112,16.0,12.0,15.978971889994533,11.94759235359968,4.0,2.6972847848277235
839.3119082544339,16.0,12.0,15.98483957208307,11.952434396152572,4.5,2.5016144574036887
839.5119349246565,16.0,12.0,15.97837598811043,11.95280967286253,4.0,2.41607490635828
839.7119615948793,16.0,12.0,15.987086960480305,11.958465110139523,4.5,2.8622167960449634
839.911988265102,16.0,12.0,15.98659823168682,11.958586956661422,4.0,2.3622167960449634
840.1120149353246,16.0,12.0,15.992543192575685,11.965974565935038,4.5,2.8622167960449634
840.3120416055474,16.0,12.0,15.98662760607775,11.975829868618446,4.0,3.3622167960449634
840.51206827577,16.0,12.0,15.992535214814383,11.981111469051873,4.5,2.8622167960449634
840.7120949459928,16.0,12.0,16.003958802085876,11.982846595796465,5.0,2.3622167960449634
840.9121216162155,16.0,12.0,16.006868738606215,11.989953543754389,4.5,2.8622167960449634
841.1121482864381,16.0,12.0,16.00809623020066,11.989532673209384,4.0,2.3622167960449634
841.3121749566609,16.0,12.0,16.00776228935891,11.982882921780888,4.230057734892645,1.864609013460992
841.5122016268836,16.0,12.0,16.001676786431194,11.98043705859228,3.730057734892645,2.364609013460992
841.7122282971062,16.0,12.0,15.993408235478501,11.975684971276939,3.7909511662967232,1.864609013460992
841.912254967329,16.0,12.0,15.97736197710462,11.965621490135534,3.2909511662967232,1.364609013460992
842.1122816375516,16.0,12.0,15.973189115295952,11.958345548946632,3.7909511662967232,1.864609013460992
842.3123083077743,16.0,12.0,15.959708114462897,11.950449528720517,3.3044858388169263,1.364609013460992
842.512334977997,16.0,12.0,15.957442592527654,11.94553213139014,3.8044858388169263,1.864609013460992
842.7123616482197,16.0,12.0,15.958519213661857,11.947056985510944,4.304485838816927,2.364609013460992
842.9123883184424,16.0,12.0,15.954783269625777,11.949545363517478,3.8044858388169267,2.4665799781013322
843.1124149886651,16.0,12.0,15.959968670226157,11.956398174824887,4.304485838816927,2.9665799781013322
843.3124416588878,16.0,12.0,15.954866279370567,11.964468727128452,3.9851572085540616,2.8091072839974727
843.5124683291106,16.0,12.0,15.958989067265874,11.965860948566187,4.485157208554062,2.555681279955608
843.7124949993332,16.0,12.0,15.971652967815398,11.961368246472983,4.985157208554062,2.055681279955608
843.9125216695559,16.0,12.0,15.991098524848072,11.966509105488866,5.485157208554062,2.555681279955608
844.1125483397786,16.0,12.0,16.019918380068916,11.976200999222032,5.985157208554062,3.055681279955608
844.3125750100013,16.0,12.0,16.044332710838606,11.98595263881661,5.485157208554062,3.056644550406635
844.512601680224,16.0,12.0,16.057064601464425,12.002963435143098,4.985157208554062,3.556644550406635
844.7126283504467,16.0,12.0,16.05997218114678,12.015087550429232,4.485157208554062,3.4296328130280345
844.9126550206694,16.0,12.0,16.059111917792,12.024045960933163,3.985157208554062,2.9296328130280345
845.112681690892,16.0,12.0,16.067443954704082,12.027564648196456,4.485157208554062,2.835220795711032
845.3127083611148,16.0,12.0,16.081276567125908,12.026564500307435,4.985157208554062,2.335220795711032
845.5127350313375,16.0,12.0,16.087343708826733,12.022441986514206,4.485157208554062,1.8352207957110318
845.7127617015602,16.0,12.0,16.083857568985884,12.023923674958677,3.985157208554062,2.335220795711032
845.9127883717829,16.0,12.0,16.074963411183116,12.032164580128505,3.485157208554062,2.835220795711032
846.1128150420055,16.0,12.0,16.052893469252105,12.032142692463756,2.985157208554062,2.474224844887347
846.3128417122283,16.0,12.0,16.042434588992272,12.04108562924941,3.485157208554062,2.974224844887347
846.512868382451,16.0,12.0,16.03903884907872,12.040538032003177,3.985157208554062,2.474224844887347
846.7128950526736,16.0,12.0,16.02935473366718,12.048075544043034,3.485157208554062,2.974224844887347
846.9129217228964,16.0,12.0,16.02916255847492,12.05226003885495,3.985157208554062,2.474224844887347
847.112948393119,16.0,12.0,16.03585245054586,12.060722816760412,4.485157208554062,2.974224844887347
847.3129750633417,16.0,12.0,16.038015635465197,12.065359877392927,3.985157208554062,2.474224844887347
847.5130017335645,16.0,12.0,16.02794417188537,12.071181899411682,3.485157208554062,2.974224844887347
847.7130284037871,16.0,12.0,16.02426300754126,12.076767540392565,3.985157208554062,2.474224844887347
847.9130550740098,16.0,12.0,16.030352596217774,12.075080802230797,4.485157208554062,1.9742248448873472
848.1130817442325,16.0,12.0,16.030944426745357,12.067618225980087,3.985157208554062,1.4742248448873472
848.3131084144552,16.0,12.0,16.035777369083917,12.058913365422777,4.485157208554062,1.4390810630855315
848.513135084678,16.0,12.0,16.033071991068475,12.040311483110177,3.985157208554062,0.9390810630855315
848.7131617549006,16.0,12.0,16.02789682383043,12.018536901658631,4.030387404738567,0.4390810630855315
848.9131884251233,16.0,12.0,16.033314027601854,12.000675048009834,4.530387404738567,0.9390810630855315
849.113215095346,16.0,12.0,16.02930789218039,11.989621480658187,4.030387404738567,1.4390810630855315
849.3132417655687,16.0,12.0,16.01947788634957,11.985248888172038,3.5303874047385673,1.9390810630855315
849.5132684357914,16.0,12.0,16.01435573499654,11.990558445139166,3.7018580225653386,2.4390810630855313
849.7132951060141,16.0,12.0,16.01501499143475,11.99197725582609,4.201858022565339,2.7097693289238465
849.9133217762368,16.0,12.0,16.00709534129743,11.99180498527576,3.7018580225653386,2.2097693289238465
850.1133484464594,16.0,12.0,15.998651647781605,11.99682150947036,3.6216285261169436,2.7097693289238465
850.3133751166822,16.0,12.0,15.977638617282745,11.998435438558106,3.1216285261169436,2.2097693289238465
850.5134017869049,16.0,12.0,15.952676914383282,12.003479038789305,2.6216285261169436,2.7097693289238465
850.7134284571276,16.0,12.0,15.934790441622118,12.015530500301622,3.1216285261169436,3.2097693289238465
850.9134551273503,16.0,12.0,15.925400276043158,12.020455934586131,3.6216285261169436,2.7097693289238465
851.113481797573,16.0,12.0,15.927284201916098,12.019180862236707,4.121628526116943,2.2097693289238465
851.3135084677957,16.0,12.0,15.93617725511202,12.025605317090964,4.593575076084848,2.7097693289238465
851.5135351380184,16.0,12.0,15.949320653970984,12.02467962618985,5.093575076084848,2.322572005950831
851.713561808241,16.0,12.0,15.971954900200789,12.019880193143981,5.593575076084848,1.822572005950831
851.9135884784638,16.0,12.0,15.99083070679976,12.020478377837437,5.093575076084848,2.322572005950831
852.1136151486864,16.0,12.0,16.016738391415018,12.016450351726006,5.559047189307117,2.068519731861289
852.3136418189091,16.0,12.0,16.045327469950678,12.00774538436506,6.0,1.5685197318612891
852.5136684891319,16.0,12.0,16.071127318270744,11.990887379574005,5.5,1.0685197318612891
852.7136951593545,16.0,12.0,16.08382280157802,11.978485675394639,5.0,1.5685197318612891
852.9137218295772,16.0,12.0,16.086500967468254,11.974828959563336,4.5,2.068519731861289
853.1137484998,16.0,12.0,16.096887801615022,11.970547972604995,5.0,1.746906804179649
853.3137751700226,16.0,12.0,16.099715231116917,11.955968972882912,4.5,1.246906804179649
853.5138018402454,16.0,12.0,16.093545028470057,11.950835108467984,4.0,1.746906804179649
853.713828510468,16.0,12.0,16.083312017070618,11.947877034189924,3.5,2.246906804179649
853.9138551806907,16.0,12.0,16.063084892046405,11.950169998742519,3.0,2.4234650894323133
854.1138818509135,16.0,12.0,16.037164284088345,11.961816227764063,2.5,2.9234650894323133
854.3139085211361,16.0,12.0,16.007726522053453,11.96620551013613,2.2148411629428524,2.4234650894323133
854.5139351913588,16.0,12.0,15.981887448153756,11.964677213639717,2.7148411629428524,1.9234650894323133
854.7139618615815,16.0,12.0,15.964466773829166,11.966744097041973,3.2148411629428524,2.4234650894323133
854.9139885318042,16.0,12.0,15.958381033508017,11.973994443397926,3.7148411629428524,2.9234650894323133
855.1140152020268,16.0,12.0,15.957940256572414,11.986722658972006,4.214841162942852,3.4234650894323133
855.3140418722496,16.0,12.0,15.961701194446851,12.006716025664913,4.291548556080734,3.851664502020793
855.5140685424723,16.0,12.0,15.957780285989182,12.020102583388132,3.791548556080734,3.351664502020793
855.714095212695,16.0,12.0,15.958792730435496,12.029642256978361,4.291548556080734,2.851664502020793
855.9141218829177,16.0,12.0,15.96677146757493,12.038364618031691,4.606296486281538,3.0133796039864897
856.1141485531404,16.0,12.0,15.963964837013421,12.039596336627588,4.173933989560953,2.5133796039864897
856.3141752233631,16.0,12.0,15.97106825323672,12.045834835864643,4.673933989560953,2.850340164884447
856.5142018935858,16.0,12.0,15.982517811412173,12.047952286496855,4.664687839148337,2.350340164884447
856.7142285638084,16.0,12.0,15.999375648169426,12.040333149323994,5.164687839148337,1.850340164884447
856.9142552340312,16.0,12.0,16.010211825062054,12.028976876000433,4.664687839148337,1.350340164884447
857.1142819042539,16.0,12.0,16.027689761047398,12.025121404150278,5.164687839148337,1.850340164884447
857.3143085744765,16.0,12.0,16.044420421088372,12.01257040112487,5.343097692108943,1.350340164884447
857.5143352446993,16.0,12.0,16.0501500725897,12.004411773155852,4.843097692108943,1.850340164884447
857.7143619149219,16.0,12.0,16.05626077032146,11.993746109938746,4.343097692108943,1.4535568001622923
857.9143885851447,16.0,12.0,16.057783999410038,11.980199789160402,4.209019594857928,1.2039970956057424
858.1144152553674,16.0,12.0,16.051917903224908,11.972736589170184,3.709019594857928,1.7039970956057424
858.31444192559,16.0,12.0,16.04727064644172,11.973269741978076,3.8231541659519475,2.203997095605742
858.5144685958128,16.0,12.0,16.041948344339165,11.965667227542923,4.08893372472809,1.7039970956057422
858.7144952660354,16.0,12.0,16.050712302819502,11.964948578481513,4.58893372472809,2.203997095605742
858.9145219362581,16.0,12.0,16.054614482788025,11.968239039920011,4.42745915985579,2.703997095605742
859.1145486064809,16.0,12.0,16.057317401856135,11.972671039523808,3.9274591598557897,2.203997095605742
859.3145752767035,16.0,12.0,16.044535430042558,11.968139480698106,3.4274591598557897,1.7039970956057422
859.5146019469262,16.0,12.0,16.034603051431713,11.954491772710607,3.5158003686332,1.2039970956057422
859.714628617149,16.0,12.0,16.035288176595664,11.947951319109409,3.970389196799679,1.7039970956057422
859.9146552873716,16.0,12.0,16.043646563419962,11.946479598886913,4.47038919679968,2.203997095605742
860.1146819575943,16.0,12.0,16.038709182034907,11.953483564832547,3.9703891967996796,2.703997095605742
860.314708627817,16.0,12.0,16.044117692284964,11.954934930776872,4.47038919679968,2.203997095605742
860.5147352980397,16.0,12.0,16.044874824889924,11.960610192453785,3.9703891967996796,2.703997095605742
860.7147619682625,16.0,12.0,16.033852705041422,11.959558847999768,3.4703891967996796,2.203997095605742
860.9147886384851,16.0,12.0,16.024277197526832,11.96125860270654,3.772793827161344,2.703997095605742
861.1148153087078,16.0,12.0,16.00737564490155,11.962630911840474,3.272793827161344,2.203997095605742
861.3148419789305,16.0,12.0,15.997710783304525,11.96819160107674,3.772793827161344,2.703997095605742
861.5148686491532,16.0,12.0,16.004219555457553,11.976208113643539,4.272793827161344,3.0025392996509823
861.7148953193758,16.0,12.0,16.000996092133907,11.991672123697004,3.8265942022907247,3.5025392996509823
861.9149219895986,16.0,12.0,16.004642229786885,12.00162687404592,4.314749189749474,3.0025392996509823
862.1149486598213,16.0,12.0,15.99817078505775,12.005459512701023,3.814749189749474,2.5025392996509823
862.3149753300439,16.0,12.0,15.982710916960654,12.013579026877535,3.314749189749474,3.0025392996509823
862.5150020002667,16.0,12.0,15.969200149722935,12.011205873548857,3.2401762392106663,2.5025392996509823
862.7150286704893,16.0,12.0,15.950484312090778,12.005269269992176,3.262787779238657,2.0709017203315834
862.9150553407121,16.0,12.0,15.941236010971586,12.000544007051667,3.762787779238657,1.858123539994867
863.1150820109348,16.0,12.0,15.940164317701322,11.990193663877642,4.262787779238657,1.358123539994867
863.3151086811574,16.0,12.0,15.933126947024734,11.982966746258578,3.762787779238657,1.858123539994867
863.5151353513802,16.0,12.0,15.936785259403162,11.978377092651602,4.262787779238657,1.7180380937746458
863.7151620216029,16.0,12.0,15.937758575708308,11.967252402619085,4.062305368567229,1.2180380937746458
863.9151886918255,16.0,12.0,15.941632188059078,11.955755226069064,4.389856887087866,1.7180380937746458
864.1152153620483,16.0,12.0,15.938115488986424,11.95337834737232,3.8898568870878663,2.218038093774646
864.3152420322709,16.0,12.0,15.943866377958116,11.95460982720518,4.389856887087866,2.718038093774646
864.5152687024936,16.0,12.0,15.954158624875328,11.955842028689979,4.889856887087866,2.218038093774646
864.7152953727164,16.0,12.0,15.976041468231351,11.948480513820744,5.389856887087866,1.8992699217211388
864.915322042939,16.0,12.0,15.988943025278529,11.937485086409096,4.889856887087866,1.3992699217211388
865.1153487131617,16.0,12.0,15.989292365042173,11.930427964600549,4.389856887087866,1.8992699217211388
865.3153753833844,16.0,12.0,16.002845792991483,11.930990958480395,4.889856887087866,2.399269921721139
865.5154020536071,16.0,12.0,16.002453277329145,11.93770408948826,4.389856887087866,2.899269921721139
865.7154287238299,16.0,12.0,15.996459393427234,11.9408215728489,3.8898568870878663,2.399269921721139
865.9154553940525,16.0,12.0,15.997700378960344,11.95062972584364,4.389856887087866,2.899269921721139
866.1154820642752,16.0,12.0,16.010176742253535,11.949708521267137,4.8144268447547915,2.399269921721139
866.3155087344979,16.0,12.0,16.032376419752016,11.95834613861027,5.3144268447547915,2.899269921721139
866.5155354047206,16.0,12.0,16.04542512277172,11.973893540310504,4.8144268447547915,3.399269921721139
866.7155620749433,16.0,12.0,16.04639451568353,11.99641500401236,4.3144268447547915,3.899269921721139
866.915588745166,16.0,12.0,16.040956060570597,12.021298623414523,3.8144268447547915,4.399269921721139
867.1156154153887,16.0,12.0,16.028832785067966,12.042580267120176,3.3144268447547915,3.899269921721139
867.3156420856113,16.0,12.0,16.02357140767974,12.055256070136652,3.8144268447547915,3.399269921721139
867.5156687558341,16.0,12.0,16.01039901238498,12.063069718560161,3.3144268447547915,2.899269921721139
867.7156954260568,16.0,12.0,15.9914679225411,12.075002672062311,2.902703842194357,3.399269921721139
867.9157220962795,16.0,12.0,15.965660153638131,12.082885377244734,2.6872167717036004,2.899269921721139
868.1157487665022,16.0,12.0,15.950895057212902,12.086442490728622,3.1872167717036004,2.399269921721139
868.3157754367248,16.0,12.0,15.945199706717386,12.079772686645533,3.6872167717036004,1.8992699217211388
868.5158021069476,16.0,12.0,15.946369631384787,12.081769117589976,4.1872167717036,2.361060284798692
868.7158287771703,16.0,12.0,15.957593679523548,12.076003222643639,4.6872167717036,1.861060284798692
868.9158554473929,16.0,12.0,15.97697010508339,12.059625751284697,5.1872167717036,1.361060284798692
869.1158821176157,16.0,12.0,16.00576125851428,12.043833806921242,5.6872167717036,0.8610602847986919
869.3159087878383,16.0,12.0,16.037029299516277,12.03291707643097,6.0,1.361060284798692
869.515935458061,16.0,12.0,16.06891612471366,12.027127210500778,5.799907404630768,1.861060284798692
869.7159621282838,16.0,12.0,16.089528826537933,12.01796640228702,5.299907404630768,1.361060284798692
869.9159887985064,16.0,12.0,16.09718849147813,12.013570405147592,4.799907404630768,1.861060284798692
870.1160154687291,16.0,12.0,16.099608613966804,12.015905245316302,4.299907404630768,2.361060284798692
870.3160421389518,16.0,12.0,16.09833075810561,12.022759463978232,3.799907404630768,2.861060284798692
870.5160688091745,16.0,12.0,16.0799361092998,12.035534895020339,3.299907404630768,3.361060284798692
870.7160954793973,16.0,12.0,16.059339488462772,12.040150067498825,2.799907404630768,2.861060284798692
870.9161221496199,16.0,12.0,16.035144274447372,12.04822803932137,2.648651005809202,2.994421230704291
871.1161488198426,16.0,12.0,16.012934212850702,12.052737342078002,2.753238836775671,2.494421230704291
871.3161754900653,16.0,12.0,15.99692835976578,12.056296350389026,3.253238836775671,2.5489486795992993
871.516202160288,16.0,12.0,15.97484321746718,12.06413782329152,2.753238836775671,3.0489486795992993
871.7162288305107,16.0,12.0,15.959087440499399,12.065043120215172,3.253238836775671,2.5489486795992993
871.9162555007334,16.0,12.0,15.93760923932653,12.068261271201774,2.753238836775671,2.882056278915811
872.1162821709561,16.0,12.0,15.92739820292502,12.0704467521942,3.253238836775671,2.660801992089966
872.3163088411787,16.0,12.0,15.920057396329542,12.069094081988569,3.753238836775671,2.160801992089966
872.5163355114015,16.0,12.0,15.920346093512924,12.061375952116702,4.253238836775671,1.660801992089966
872.7163621816242,16.0,12.0,15.914191064350213,12.047483924950363,3.7532388367756706,1.160801992089966
872.9163888518469,16.0,12.0,15.919299386780562,12.029089747466985,4.195840718912918,0.6608019920899659
873.1164155220696,16.0,12.0,15.92667028638965,12.007725833996885,4.695840718912918,0.6832663024272352
873.3164421922922,16.0,12.0,15.92738158010937,11.99527285956518,4.195840718912918,1.1832663024272352
873.516468862515,16.0,12.0,15.935778116806334,11.98927237715702,4.695840718912918,1.6832663024272352
873.7164955327377,16.0,12.0,15.936887107626335,11.990431925352247,4.195840718912918,2.183266302427235
873.9165222029603,16.0,12.0,15.948472123673918,11.98935583679922,4.695840718912918,2.3962771430719765
874.1165488731831,16.0,12.0,15.94808411057516,11.996933900248427,4.195840718912918,2.8962771430719765
874.3165755434057,16.0,12.0,15.942552680609301,11.99953108401479,3.758581313831742,2.3962771430719765
874.5166022136284,16.0,12.0,15.946679843824995,12.00583478840354,4.253068267998066,2.8962771430719765
874.7166288838512,16.0,12.0,15.948410148913032,12.009370853879386,4.148684781617701,2.3962771430719765
874.9166555540738,16.0,12.0,15.961798745413068,12.006276060147973,4.648684781617701,1.8962771430719765
875.1166822242965,16.0,12.0,15.961694295788321,11.997272286807755,4.148684781617701,1.3962771430719765
875.3167088945193,16.0,12.0,15.970645416745437,11.986644982921364,4.648684781617701,1.619287265057833
875.5167355647419,16.0,12.0,15.970985365887975,11.986596505158083,4.148684781617701,2.119287265057833
875.7167622349647,16.0,12.0,15.983608905091087,11.991039541961598,4.648684781617701,2.619287265057833
875.9167889051873,16.0,12.0,15.983861116339853,11.991024647507118,4.148684781617701,2.119287265057833
876.11681557541,16.0,12.0,15.975973977676805,11.986514199596217,3.6486847816177006,1.9261228612993866
876.3168422456328,16.0,12.0,15.960401033903162,11.987918295749594,3.1486847816177006,2.426122861299387
876.5168689158554,16.0,12.0,15.936324367905401,11.995977402058639,2.6486847816177006,2.926122861299387
876.7168955860781,16.0,12.0,15.922030877580005,12.007113701593273,3.1486847816177006,2.953523545394042
876.9169222563008,16.0,12.0,15.911911936552437,12.007431817410538,3.6486847816177006,2.453523545394042
877.1169489265235,16.0,12.0,15.911099194822839,12.000831926510445,4.148684781617701,1.953523545394042
877.3169755967461,16.0,12.0,15.907534746422382,12.000749974829908,3.6486847816177006,2.453523545394042
877.5170022669689,16.0,12.0,15.907383255796672,11.996261081995188,4.011558980576293,1.953523545394042
877.7170289371916,16.0,12.0,15.917211028336293,11.985396258103352,4.511558980576293,1.453523545394042
877.9170556074143,16.0,12.0,15.928831063810508,11.979617080622564,4.82726164330857,1.953523545394042
878.117082277637,16.0,12.0,15.942610664761471,11.967535975688177,4.889002172043444,1.453523545394042
878.3171089478597,16.0,12.0,15.962758540065755,11.954948911974551,5.389002172043444,1.204659933644978
878.5171356180824,16.0,12.0,15.976687949351085,11.947097837734033,4.889002172043444,1.704659933644978
878.7171622883051,16.0,12.0,15.995062614513499,11.945498685673378,5.389002172043444,2.2046599336449777
878.9171889585277,16.0,12.0,16.00733089157102,11.938479199114532,4.889002172043444,1.9291498793257915
879.1172156287505,16.0,12.0,16.02789711589212,11.93999873729298,5.389002172043444,2.4291498793257915
879.3172422989732,16.0,12.0,16.039289993511897,11.943757447550656,4.889002172043444,2.9291498793257915
879.5172689691958,16.0,12.0,16.04298143513843,11.945916844381383,4.389002172043444,2.5382277095947057
879.7172956394186,16.0,12.0,16.037176920285614,11.941611362453044,3.889002172043444,2.0382277095947057
879.9173223096412,16.0,12.0,16.044118988569586,11.94939260400927,4.389002172043444,2.5382277095947057
880.1173489798639,16.0,12.0,16.04190825749102,11.963425860471176,3.889002172043444,3.0382277095947057
880.3173756500867,16.0,12.0,16.028037068852136,11.963790440164304,3.389002172043444,2.5382277095947057
880.5174023203093,16.0,12.0,16.004684034215217,11.97326562368981,2.889002172043444,3.0223119570666808
880.7174289905321,16.0,12.0,15.989331496718153,11.978179668255805,3.389002172043444,2.5223119570666808
880.9174556607547,16.0,12.0,15.983902017432177,11.977384451978246,3.889002172043444,2.0223119570666808
881.1174823309774,16.0,12.0,15.989123864866714,11.97868822354766,4.389002172043444,2.5223119570666808
881.3175090012002,16.0,12.0,16.001176759569297,11.97994022644719,4.756159663353069,2.6347722552335915
881.5175356714228,16.0,12.0,16.019311106014506,11.983980075779591,5.256159663353069,2.995521930331363
881.7175623416455,16.0,12.0,16.03090434349496,11.987785275220663,4.756159663353069,2.495521930331363
881.9175890118682,16.0,12.0,16.032886022351118,11.995409976653248,4.256159663353069,2.995521930331363
882.1176156820909,16.0,12.0,16.023521206197447,12.011039999649535,3.7561596633530687,3.495521930331363
882.3176423523136,16.0,12.0,16.0268162000505,12.017878616129329,4.256159663353069,2.995521930331363
882.5176690225363,16.0,12.0,16.02174024691701,12.02138211123535,3.7561596633530687,2.7356823978886764
882.717695692759,16.0,12.0,16.006839881591358,12.01709476959233,3.2561596633530687,2.2356823978886764
882.9177223629817,16.0,12.0,15.98456379013028,12.024045878279411,2.7561596633530687,2.7356823978886764
883.1177490332044,16.0,12.0,15.961899183336568,12.031588412004949,2.8446776451405924,3.2356823978886764
883.3177757034271,16.0,12.0,15.94948823394274,12.036311406961149,3.3446776451405924,2.7356823978886764
883.5178023736498,16.0,12.0,15.94085063872998,12.036138572713211,3.5828337497085774,2.2356823978886764
883.7178290438725,16.0,12.0,15.935643505551003,12.041680713010098,3.824249991287314,2.7356823978886764
883.9178557140951,16.0,12.0,15.940086938521281,12.043261482620595,4.324249991287314,2.2356823978886764
884.1178823843179,16.0,12.0,15.953431205125561,12.036744593049304,4.821041818483499,1.7356823978886764
884.3179090545406,16.0,12.0,15.95250143819662,12.023238015608955,4.321041818483499,1.2356823978886764
884.5179357247632,16.0,12.0,15.9656371054498,12.017162856767802,4.821041818483499,1.7356823978886764
884.717962394986,16.0,12.0,15.968633253289754,12.006441267510795,4.321041818483499,1.2356823978886764
884.9179890652086,16.0,12.0,15.977581592967898,12.002393368206397,4.821041818483499,1.7356823978886764
885.1180157354313,16.0,12.0,16.000729248019496,11.987981285424528,5.321041818483499,1.3622884110902245
885.3180424056541,16.0,12.0,16.01199062334676,11.965997404801852,4.821041818483499,0.8622884110902245
885.5180690758767,16.0,12.0,16.018890123058117,11.953297674025606,4.321041818483499,1.3622884110902245
885.7180957460995,16.0,12.0,16.009936492978717,11.93688525150676,3.821041818483499,0.8622884110902245
885.9181224163221,16.0,12.0,16.00998975219256,11.924604816787445,4.321041818483499,1.3622884110902245
886.1181490865448,16.0,12.0,16.026761718177248,11.921709750124599,4.821041818483499,1.8622884110902245
886.3181757567676,16.0,12.0,16.029645394122685,11.908835194748562,4.321041818483499,1.3622884110902245
886.5182024269902,16.0,12.0,16.02168057618525,11.893573934552897,3.821041818483499,0.9496912710555442
886.7182290972129,16.0,12.0,16.0056132908953,11.872034313760011,3.321041818483499,0.4496912710555442
886.9182557674357,16.0,12.0,15.999352814897593,11.8589272406896,3.821041818483499,0.9496912710555442
887.1182824376583,16.0,12.0,16.007452881144765,11.849922518416793,4.321041818483499,1.4496912710555443
887.318309107881,16.0,12.0,15.999830685323532,11.844298430722166,3.821041818483499,1.9496912710555443
887.5183357781037,16.0,12.0,15.987532695494663,11.848576567322045,3.321041818483499,2.4496912710555443
887.7183624483264,16.0,12.0,15.981697809042155,11.85381133674629,3.821041818483499,2.9496912710555443
887.9183891185492,16.0,12.0,15.988235871118553,11.86579402796585,4.321041818483499,3.4496912710555443
888.1184157887718,16.0,12.0,15.984299787893955,11.886937590504274,3.821041818483499,3.9496912710555443
888.3184424589945,16.0,12.0,15.972010976812243,11.911929698797387,3.321041818483499,4.449691271055544
888.5184691292172,16.0,12.0,15.967071801024446,11.931893333328622,3.821041818483499,3.949691271055544
888.7184957994399,16.0,12.0,15.967489179713686,11.957377407710426,4.321041818483499,4.408376842560096
888.9185224696625,16.0,12.0,15.982006896295617,11.977265711502177,4.821041818483499,3.908376842560096
889.1185491398853,16.0,12.0,15.987062214052203,11.99280671951623,4.321041818483499,3.408376842560096
889.318575810108,16.0,12.0,15.977449432770598,12.000340196201883,3.821041818483499,2.908376842560096
889.5186024803306,16.0,12.0,15.96673251902594,12.000455626377915,3.321041818483499,2.408376842560096
889.7186291505534,16.0,12.0,15.944928347466796,11.995643662811053,2.821041818483499,1.908376842560096
889.918655820776,16.0,12.0,15.92830954809092,11.986404543194503,3.321041818483499,1.408376842560096
890.1186824909987,16.0,12.0,15.916477230822537,11.9809004372904,3.580238353304567,1.908376842560096
890.3187091612215,16.0,12.0,15.917032308461547,11.98377052930187,4.080238353304567,2.408376842560096
890.5187358314441,16.0,12.0,15.927286605905437,11.976194475298817,4.580238353304567,1.908376842560096
890.7187625016669,16.0,12.0,15.930499810626,11.965714057512784,4.080238353304567,1.408376842560096
890.9187891718896,16.0,12.0,15.940646206130188,11.951883024540447,4.580238353304567,1.010377050429081
891.1188158421122,16.0,12.0,15.94024604874612,11.93916393142848,4.080238353304567,1.510377050429081
891.318842512335,16.0,12.0,15.947559969979858,11.929808676154563,4.580238353304567,1.3045671257520681
891.5188691825576,16.0,12.0,15.96742926199173,11.923041683278946,5.080238353304567,1.8045671257520681
891.7188958527803,16.0,12.0,15.978609353947979,11.9209459534855,4.580238353304567,2.304567125752068
891.9189225230031,16.0,12.0,15.981344995661157,11.926502279685211,4.080238353304567,2.804567125752068
892.1189491932257,16.0,12.0,15.988116967005965,11.934372019654305,4.580238353304567,3.126823974572529
892.3189758634484,16.0,12.0,16.008377785540393,11.943553215800023,5.080238353304567,3.0758997858536476
892.5190025336711,16.0,12.0,16.033338264914878,11.960592397605444,5.580238353304567,3.5758997858536476
892.7190292038938,16.0,12.0,16.05210466270956,11.98465282458145,5.080238353304567,4.075899785853648
892.9190558741166,16.0,12.0,16.066445046380995,12.0015900313714,4.90898048119578,3.5758997858536476
893.1190825443392,16.0,12.0,16.07220764830232,12.016847511017462,4.40898048119578,3.3128337199169584
893.3191092145619,16.0,12.0,16.072322194574223,12.024769793956185,3.90898048119578,2.8128337199169584
893.5191358847846,16.0,12.0,16.06521583503865,12.026532620027236,3.808021174902381,2.3128337199169584
893.7191625550073,16.0,12.0,16.054371836559454,12.02107104527649,3.308021174902381,1.8128337199169584
893.91918922523,16.0,12.0,16.03108155461315,12.005956057902862,2.808021174902381,1.3128337199169584
894.1192158954527,16.0,12.0,15.999899980026303,11.983397989977957,2.308021174902381,0.8128337199169584
894.3192425656754,16.0,12.0,15.97640695524832,11.959829180188569,2.808021174902381,0.3128337199169584
894.519269235898,16.0,12.0,15.96130113877072,11.941638148502655,3.308021174902381,0.8128337199169584
894.7192959061208,16.0,12.0,15.954324343586764,11.913584406911935,3.430255379662777,0.3128337199169585
894.9193225763435,16.0,12.0,15.935753266143951,11.894232558192893,2.930255379662777,0.8128337199169585
895.1193492465661,16.0,12.0,15.903067726653283,11.87917842436836,2.430255379662777,1.3128337199169584
895.3193759167889,16.0,12.0,15.885228699918228,11.86859479340344,2.930255379662777,1.8128337199169584
895.5194025870115,16.0,12.0,15.875509429131105,11.86769072223232,3.430255379662777,2.3128337199169584
895.7194292572343,16.0,12.0,15.87204375053251,11.878390326152836,3.930255379662777,2.8128337199169584
895.919455927457,16.0,12.0,15.879155970175555,11.887055287981763,4.430255379662777,2.814563090682565
896.1194825976796,16.0,12.0,15.889546784495806,11.898723543919417,4.930255379662777,3.213063250185186
896.3195092679024,16.0,12.0,15.912247396477492,11.915785927389518,5.430255379662777,3.6863481505743394
896.519535938125,16.0,12.0,15.944037267398194,11.929468778732605,5.930255379662777,3.4050734821457587
896.7195626083477,16.0,12.0,15.9758491776852,11.939706571745651,5.872817415535312,3.018642743504676
896.9195892785705,16.0,12.0,16.007690414145696,11.955511939462426,6.0,3.518642743504676
897.1196159487931,16.0,12.0,16.036330320554782,11.963427628577174,5.5,3.018642743504676
897.3196426190158,16.0,12.0,16.047699398326444,11.976940835079862,5.0,3.518642743504676
897.5196692892385,16.0,12.0,16.059146405652978,12.002289419615533,4.5,4.018642743504676
897.7196959594612,16.0,12.0,16.077406900937397,12.016514316461677,5.0,3.5186427435046763
897.919722629684,16.0,12.0,16.088161845865876,12.037098344884528,4.5,4.018642743504676
898.1197492999066,16.0,12.0,16.091198803667027,12.050879785909547,4.0,3.5186427435046763
898.3197759701293,16.0,12.0,16.086091127769922,12.06831732869413,3.8250724390827866,3.6414058320315426
898.519802640352,16.0,12.0,16.089843871062143,12.081914241092619,4.325072439082787,3.1414058320315426
898.7198293105747,16.0,12.0,16.086518386942483,12.099606466231226,3.8250724390827866,3.6414058320315426
898.9198559807974,16.0,12.0,16.072359965985452,12.109517287655576,3.3250724390827866,3.1414058320315426
899.1198826510201,16.0,12.0,16.067396497578866,12.114222331095187,3.8250724390827866,2.6414058320315426
899.3199093212428,16.0,12.0,16.05450639178263,12.109752206148977,3.3250724390827866,2.1414058320315426
899.5199359914654,16.0,12.0,16.031504726685515,12.100599422270376,2.8250724390827866,1.6414058320315426
899.7199626616882,16.0,12.0,16.020515400190014,12.09830902386116,3.3250724390827866,2.0292621187179845
899.9199893319109,16.0,12.0,15.998294093762174,12.088861922846954,2.8250724390827866,1.5292621187179845
900.1200160021335,16.0,12.0,15.986517046566007,12.072160721530684,3.3250724390827866,1.0292621187179845
900.3200426723563,16.0,12.0,15.967562402570985,12.055780851652763,2.8250724390827866,1.0855279291571924
900.520069342579,16.0,12.0,15.953736656381519,12.04728926718303,3.3250724390827866,1.5855279291571924
900.7200960128017,16.0,12.0,15.948233955025756,12.034417190023362,3.8250724390827866,1.265572255229456
900.9201226830244,16.0,12.0,15.953332534460568,12.016595540114714,4.325072439082787,1.0844811524818856
901.120149353247,16.0,12.0,15.957591621843635,12.009425149202764,4.469947328952215,1.5844811524818856
901.3201760234698,16.0,12.0,15.962682626140019,11.99359283920011,4.328974753769842,1.2049968921778653
901.5202026936925,16.0,12.0,15.974993669301842,11.988899672613353,4.828974753769842,1.7049968921778653
901.7202293639151,16.0,12.0,15.976514742982001,11.98659901247607,4.328974753769842,2.2049968921778653
901.9202560341379,16.0,12.0,15.987885366870684,11.986194934351344,4.828974753769842,2.29686877491391
902.1202827043605,16.0,12.0,16.01049476574544,11.993321124590288,5.328974753769842,2.79686877491391
902.3203093745832,16.0,12.0,16.022965346891997,11.993990733882766,4.828974753769842,2.29686877491391
902.520336044806,16.0,12.0,16.043764767205463,11.993924981600294,5.328974753769842,2.2251075358549413
902.7203627150286,16.0,12.0,16.07572614011361,11.997642254048758,5.828974753769842,2.7251075358549413
902.9203893852514,16.0,12.0,16.09752643844172,11.996994174310274,5.328974753769842,2.2251075358549413
903.120416055474,16.0,12.0,16.1110177580249,12.00528342147778,4.828974753769842,2.7251075358549413
903.3204427256967,16.0,12.0,16.116460096077756,12.005228137574369,4.328974753769842,2.2251075358549413
903.5204693959195,16.0,12.0,16.112562666541642,12.01140028129022,3.8289747537698418,2.7251075358549413
903.7204960661421,16.0,12.0,16.098985316330467,12.010401428840193,3.3289747537698418,2.2251075358549413
903.9205227363648,16.0,12.0,16.07991838144448,12.003000062238632,2.8289747537698418,1.7251075358549413
904.1205494065875,16.0,12.0,16.057191300822836,12.00325912619287,2.3289747537698418,2.2251075358549413
904.3205760768102,16.0,12.0,16.03738474404184,11.992945124305423,2.7835067497945345,1.7251075358549413
904.5206027470329,16.0,12.0,16.010822513471783,11.991107611996682,2.2835067497945345,2.2251075358549413
904.7206294172556,16.0,12.0,15.987739192916774,11.999023739172083,2.7835067497945345,2.7251075358549413
904.9206560874783,16.0,12.0,15.971473434019737,11.998052208232696,3.2835067497945345,2.2251075358549413
905.1206827577009,16.0,12.0,15.949251095545312,11.993332028701227,2.7835067497945345,1.921795972371865
905.3207094279237,16.0,12.0,15.937197318667517,11.992090594771081,3.2835067497945345,2.421795972371865
905.5207360981464,16.0,12.0,15.927209105927325,11.987617809965975,3.7835067497945345,1.9217959723718652
905.7207627683691,16.0,12.0,15.922646819689104,11.973466595319708,3.776615098949473,1.4217959723718652
905.9207894385918,16.0,12.0,15.906134201605576,11.969591202886585,3.276615098949473,1.9217959723718652
906.1208161088144,16.0,12.0,15.90351776662882,11.959918304655899,3.776615098949473,1.4217959723718652
906.3208427790372,16.0,12.0,15.909804994502522,11.957166498069645,4.276615098949473,1.9217959723718652
906.5208694492599,16.0,12.0,15.919902389643596,11.946664351051716,4.776615098949473,1.4217959723718652
906.7208961194825,16.0,12.0,15.938523168342595,11.92979557308001,5.276615098949473,0.9469654122208612
906.9209227897053,16.0,12.0,15.946682874720173,11.916999854881842,4.776615098949473,1.446965412220861
907.1209494599279,16.0,12.0,15.966181358205583,11.901892635102286,5.157529583785415,0.9469654122208611
907.3209761301506,16.0,12.0,15.991705920729702,11.891839376918599,5.657529583785415,1.446965412220861
907.5210028003734,16.0,12.0,16.022922332911467,11.887684286473567,6.0,1.946965412220861
907.721029470596,16.0,12.0,16.053795239806092,11.875799368663968,6.0,1.446965412220861
907.9210561408188,16.0,12.0,16.07301138145845,11.874905450412252,5.5,1.946965412220861
908.1210828110414,16.0,12.0,16.089556497558014,11.87472184005268,5.0,2.446965412220861
908.3211094812641,16.0,12.0,16.095804909105844,11.886141729769971,4.5,2.946965412220861
908.5211361514869,16.0,12.0,16.094419896944853,11.902013030362903,4.0,3.446965412220861
908.7211628217095,16.0,12.0,16.086033474769142,11.911013736229108,3.5,2.946965412220861
908.9211894919322,16.0,12.0,16.066841019581545,11.925308874512194,3.0,3.446965412220861
909.121216162155,16.0,12.0,16.037611713087184,11.947224023621965,2.5,3.946965412220861
909.3212428323776,16.0,12.0,16.014798856139944,11.96091626572252,3.0,3.446965412220861
909.5212695026003,16.0,12.0,15.99770860581591,11.975923906751193,3.106719196396704,3.946965412220861
909.721296172823,16.0,12.0,15.99163049996738,11.98818117132578,3.606719196396704,3.446965412220861
909.9213228430457,16.0,12.0,15.993219274277203,11.997084547778007,4.106719196396703,2.946965412220861
910.1213495132683,16.0,12.0,15.986657163125388,12.01256688622745,3.6067191963967034,3.446965412220861
910.3213761834911,16.0,12.0,15.987526996459568,12.019939971665504,4.106719196396703,3.1797588385371816
910.5214028537138,16.0,12.0,16.003320541959237,12.02621803736606,4.606719196396703,2.6797588385371816
910.7214295239365,16.0,12.0,16.022072444597608,12.031764085277768,5.106719196396703,2.657276165058464
910.9214561941592,16.0,12.0,16.033283437936944,12.041432831130843,4.606719196396703,3.157276165058464
911.1214828643818,16.0,12.0,16.047966693969137,12.057136448979511,5.106719196396703,3.657276165058464
911.3215095346046,16.0,12.0,16.064227465629017,12.07134218356965,5.185441408606704,3.4421212824537344
911.5215362048273,16.0,12.0,16.08046367992623,12.078307680652527,4.685441408606704,2.9421212824537344
911.7215628750499,16.0,12.0,16.084839697002742,12.081209308526978,4.185441408606704,2.4421212824537344
911.9215895452727,16.0,12.0,16.082086825445707,12.084372355977141,3.685441408606704,2.599889379408254
912.1216162154954,16.0,12.0,16.0662484351507,12.096112128806647,3.185441408606704,3.099889379408254
912.321642885718,16.0,12.0,16.04530179257454,12.099754842244895,2.685441408606704,2.599889379408254
912.5216695559408,16.0,12.0,16.015534168436222,12.095603611058154,2.185441408606704,2.139562007157305
912.7216962261634,16.0,12.0,15.975909496285762,12.087184263252809,1.685441408606704,1.6395620071573052
912.9217228963862,16.0,12.0,15.944825581749233,12.08537151495552,2.185441408606704,2.139562007157305
913.1217495666089,16.0,12.0,15.919797233140429,12.07528549211109,2.685441408606704,1.6395620071573052
913.3217762368315,16.0,12.0,15.905567138874378,12.07169822596135,3.185441408606704,2.139562007157305
913.5218029070543,16.0,12.0,15.897316128100051,12.067147206013734,3.685441408606704,1.9766222717552284
913.7218295772769,16.0,12.0,15.902429581546112,12.065988992255896,4.185441408606704,2.4766222717552284
913.9218562474996,16.0,12.0,15.91238504895517,12.060795532929726,4.685441408606704,1.9766222717552284
914.1218829177224,16.0,12.0,15.917409337418544,12.062449642041106,4.185441408606704,2.4766222717552284
914.321909587945,16.0,12.0,15.924046841771146,12.071932220585774,4.5664422122121255,2.9045515462185474
914.5219362581677,16.0,12.0,15.929017748969233,12.072186952140079,4.0664422122121255,2.4045515462185474
914.7219629283904,16.0,12.0,15.930896048523708,12.06449505349536,4.513284973711759,1.9045515462185474
914.9219895986131,16.0,12.0,15.945571290197346,12.060519854919033,5.013284973711759,2.379826632441817
915.1220162688358,16.0,12.0,15.969847895864357,12.053315983654082,5.513284973711759,1.8798266324418171
915.3220429390585,16.0,12.0,15.984017411026883,12.043394811077922,5.013284973711759,1.3798266324418171
915.5220696092812,16.0,12.0,16.00780535806407,12.026299286933817,5.513284973711759,0.8798266324418171
915.722096279504,16.0,12.0,16.029510162346032,12.002777891137837,5.429269590075712,0.6791636689854292
915.9221229497266,16.0,12.0,16.041086233492404,11.99013580284468,4.929269590075712,1.1791636689854292
916.1221496199493,16.0,12.0,16.04393846374106,11.985327122916553,4.429269590075712,1.6791636689854292
916.322176290172,16.0,12.0,16.044136798919002,11.983252985787184,3.9809977595475052,2.1791636689854292
916.5222029603947,16.0,12.0,16.03748130169175,11.97686666012852,3.616983027492558,1.6791636689854292
916.7222296306173,16.0,12.0,16.036544019273972,11.969881454271365,3.7974467060569617,1.780690798617368
916.9222563008401,16.0,12.0,16.042112543863958,11.97090279343824,4.297446706056961,2.2806907986173677
917.1222829710628,16.0,12.0,16.05386458787442,11.97400395822499,4.797446706056961,2.7806907986173677
917.3223096412854,16.0,12.0,16.071299610765788,11.972361402013158,5.176109631993275,2.2806907986173677
917.5223363115082,16.0,12.0,16.078055904030748,11.978051988422354,4.676109631993275,2.7806907986173677
917.7223629817308,16.0,12.0,16.076422578177617,11.990360923884484,4.176109631993275,3.2806907986173677
917.9223896519536,16.0,12.0,16.067780657249738,11.996143238922361,3.676109631993275,2.7806907986173677
918.1224163221763,16.0,12.0,16.05376311392743,11.99637234814203,3.176109631993275,2.2806907986173677
918.3224429923989,16.0,12.0,16.030310187445536,11.993724614890617,2.676109631993275,1.7806907986173677
918.5224696626217,16.0,12.0,16.009355674513685,11.980845703383352,2.767383733578515,1.2806907986173677
918.7224963328443,16.0,12.0,15.979244435003057,11.972353710092095,2.267383733578515,1.7806907986173677
918.922523003067,16.0,12.0,15.954723429657221,11.968293155661797,2.767383733578515,2.125618767871426
919.1225496732898,16.0,12.0,15.941973571328834,11.959565684607421,3.267383733578515,1.6256187678714258
919.3225763435124,16.0,12.0,15.937845916512734,11.956881939189454,3.767383733578515,2.125618767871426
919.5226030137351,16.0,12.0,15.944661033258946,11.962976788329156,4.267383733578515,2.625618767871426
919.7226296839578,16.0,12.0,15.945955376607651,11.961165914983864,3.9759287241667245,2.179496400633345
919.9226563541805,16.0,12.0,15.951116066839472,11.96478413262714,4.4759287241667245,2.679496400633345
920.1226830244032,16.0,12.0,15.950364774841168,11.977159998198367,3.9759287241667245,3.179496400633345
920.3227096946259,16.0,12.0,15.955058591993913,11.997347859385078,4.4759287241667245,3.679496400633345
920.5227363648486,16.0,12.0,15.973337014211669,12.007417712710282,4.9759287241667245,3.179496400633345
920.7227630350714,16.0,12.0,15.996527266705238,12.011631819085233,5.4759287241667245,2.7089778808709104
920.922789705294,16.0,12.0,16.008568228592317,12.024879407146054,4.9759287241667245,3.2089778808709104
921.1228163755167,16.0,12.0,16.011651231819304,12.029975036450416,4.4759287241667245,2.7089778808709104
921.3228430457394,16.0,12.0,16.007202361198566,12.041447736176995,3.9759287241667245,3.2089778808709104
921.5228697159621,16.0,12.0,15.999338153266116,12.059603890451186,3.4759287241667245,3.7089778808709104
921.7228963861847,16.0,12.0,15.980985196494453,12.076471498852902,2.9759287241667245,3.5361702341211014
921.9229230564075,16.0,12.0,15.959752434599832,12.084597250064357,2.4759287241667245,3.0361702341211014
922.1229497266302,16.0,12.0,15.944111636698409,12.087701801250892,2.9759287241667245,2.5361702341211014
922.3229763968528,16.0,12.0,15.938460170410805,12.096811720907377,3.4759287241667245,3.0168684519227593
922.5230030670756,16.0,12.0,15.934796742453296,12.098460618548623,3.9759287241667245,2.5168684519227593
922.7230297372982,16.0,12.0,15.944070957551673,12.091409912619506,4.4027694075411805,2.0168684519227593
922.923056407521,16.0,12.0,15.957503209880388,12.082649567602356,4.9027694075411805,1.5425831795688427
923.1230830777437,16.0,12.0,15.981757915750697,12.069017803244162,5.222769407541181,1.321663815449641
923.3231097479663,16.0,12.0,16.01082592718759,12.053430621167884,5.722769407541181,1.0801181977925913
923.5231364181891,16.0,12.0,16.043326288107988,12.047456434680402,6.0,1.5801181977925913
923.7231630884118,16.0,12.0,16.075660910978634,12.03664612635416,6.0,1.291868225744012
923.9231897586344,16.0,12.0,16.100729308590722,12.017167429016828,5.5,0.7918682257440119
924.1232164288572,16.0,12.0,16.11443709925918,12.005897558214413,5.0,1.291868225744012
924.3232430990798,16.0,12.0,16.124589593100787,11.997359478355843,4.5,1.791868225744012
924.5232697693025,16.0,12.0,16.121970183827184,11.990699959363672,4.0,1.7387909681419123
924.7232964395253,16.0,12.0,16.114613779440855,11.980375283582894,3.5,1.2387909681419123
924.9233231097479,16.0,12.0,16.10387978856737,11.961560914070624,3.5430066328060694,0.7387909681419123
925.1233497799706,16.0,12.0,16.08946394035331,11.947776377089195,3.0430066328060694,1.2387909681419123
925.3233764501933,16.0,12.0,16.064764457468254,11.93933476231071,2.5430066328060694,1.7387909681419123
925.523403120416,16.0,12.0,16.047171885979907,11.936916786768364,3.0430066328060694,2.1620704728264406
925.7234297906388,16.0,12.0,16.030808141770788,11.94448685041741,3.2038319710622996,2.6620704728264406
925.9234564608614,16.0,12.0,16.016589161205484,11.94500836134757,3.216609445800106,2.4708845267375477
926.1234831310841,16.0,12.0,16.007039963346905,11.95485281918311,3.412626223226421,2.9708845267375477
926.3235098013068,16.0,12.0,15.989262665561547,11.96945874075349,2.912626223226421,3.4708845267375477
926.5235364715295,16.0,12.0,15.980126230004503,11.986398179063203,3.412626223226421,3.9708845267375477
926.7235631417522,16.0,12.0,15.977948818102952,12.001079841709032,3.912626223226421,3.4708845267375477
926.9235898119749,16.0,12.0,15.96358667858029,12.009734685433461,3.412626223226421,2.9708845267375477
927.1236164821976,16.0,12.0,15.959981438903318,12.011661799312106,3.912626223226421,2.4708845267375477
927.3236431524202,16.0,12.0,15.963677649071329,12.010949825474361,4.0744591191443655,2.259121078115823
927.523669822643,16.0,12.0,15.955621208793149,12.004079499692727,3.5744591191443655,1.759121078115823
927.7236964928657,16.0,12.0,15.95676845818079,11.988844020058046,4.0744591191443655,1.259121078115823
927.9237231630884,16.0,12.0,15.9680200090205,11.979322448062637,4.5744591191443655,1.5380327700951453
928.1237498333111,16.0,12.0,15.969630021005258,11.976202964121129,4.0744591191443655,2.0380327700951453
928.3237765035337,16.0,12.0,15.974527183264382,11.97696791615371,4.5744591191443655,2.2403053780295394
928.5238031737565,16.0,12.0,15.973780095676254,11.980724410014805,4.0744591191443655,2.7403053780295394
928.7238298439792,16.0,12.0,15.966880123881328,11.980893233526096,3.5744591191443655,2.4066017123142527
928.9238565142018,16.0,12.0,15.966204207388587,11.981035872206123,4.0744591191443655,2.2540085766921663
929.1238831844246,16.0,12.0,15.956439688502858,11.974485102155034,3.5744591191443655,1.7540085766921663
929.3239098546472,16.0,12.0,15.956863415168508,11.962915210690142,4.0744591191443655,1.2540085766921663
929.5239365248699,16.0,12.0,15.966185041448563,11.953744972855556,4.5744591191443655,1.7540085766921663
929.7239631950927,16.0,12.0,15.981607693188334,11.952991417792433,5.0744591191443655,2.2540085766921663
929.9239898653153,16.0,12.0,16.004158657973857,11.96046875455257,5.5744591191443655,2.7540085766921663
930.124016535538,16.0,12.0,16.023892587958912,11.973486093332962,5.0744591191443655,3.2540085766921663
930.3240432057607,16.0,12.0,16.029044647475736,11.981186076973149,4.5744591191443655,2.7540085766921663
930.5240698759834,16.0,12.0,16.03798143229832,11.991684885185126,4.714661624832705,3.2540085766921663
930.7240965462062,16.0,12.0,16.059932119952226,11.997250978148719,5.214661624832705,2.7540085766921663
930.9241232164288,16.0,12.0,16.071822792080088,11.99760734846625,4.714661624832705,2.2540085766921663
931.1241498866515,16.0,12.0,16.073185010191743,12.003842012027235,4.214661624832705,2.7540085766921663
931.3241765568742,16.0,12.0,16.070569583398985,12.002541203275811,3.77817924178997,2.2540085766921663
931.5242032270969,16.0,12.0,16.069393786893855,12.006512395175374,3.9568625869951655,2.7540085766921663
931.7242298973196,16.0,12.0,16.059766113343958,12.02017086974511,3.4568625869951655,3.2540085766921663
931.9242565675423,16.0,12.0,16.041200755368813,12.02723561614056,2.9568625869951655,2.7540085766921663
932.124283237765,16.0,12.0,16.026944628455663,12.027650669661503,3.177963294148094,2.6705079356287302
932.3243099079876,16.0,12.0,16.02101168893129,12.04239545657644,3.677963294148094,3.1705079356287302
932.5243365782104,16.0,12.0,16.023615250822022,12.044065155766017,4.177963294148094,2.6705079356287302
932.7243632484331,16.0,12.0,16.019753832238198,12.044766147290629,3.6779632941480944,2.1705079356287302
932.9243899186558,16.0,12.0,16.003983687943286,12.04985148426095,3.1779632941480944,2.6142271856840895
933.1244165888785,16.0,12.0,15.982981879686164,12.04411295552207,2.6779632941480944,2.1142271856840895
933.3244432591011,16.0,12.0,15.970696955809204,12.036559812407933,3.1779632941480944,1.8853102077827075
933.5244699293239,16.0,12.0,15.961786064004194,12.038543837309167,3.561556058018047,2.3853102077827075
933.7244965995466,16.0,12.0,15.944416998606066,12.032159854589473,3.061556058018047,1.8853102077827075
933.9245232697692,16.0,12.0,15.934877281471577,12.032023521282705,3.561556058018047,2.3853102077827075
934.124549939992,16.0,12.0,15.937574474581663,12.024864619945536,4.061556058018047,1.8853102077827075
934.3245766102146,16.0,12.0,15.948487726500357,12.020748040949188,4.561556058018047,2.255071828479688
934.5246032804373,16.0,12.0,15.949237167048421,12.025097485890024,4.061556058018047,2.755071828479688
934.7246299506601,16.0,12.0,15.95385890192212,12.03283999070315,4.561556058018047,2.766357140118514
934.9246566208827,16.0,12.0,15.9589455273426,12.033698530519665,4.537329196266294,2.266357140118514
935.1246832911055,16.0,12.0,15.975073285923688,12.02777798191814,5.037329196266294,1.7663571401185139
935.3247099613282,16.0,12.0,15.992571034681484,12.02425186639499,5.192703603216876,1.9945029984399705
935.5247366315508,16.0,12.0,16.01816548065029,12.016838044361743,5.570234849602906,1.725580905359894
935.7247633017736,16.0,12.0,16.048015812445204,12.003007263001706,6.0,1.2437671512797324
935.9247899719962,16.0,12.0,16.071491246841134,11.984441649959908,5.5,0.7437671512797324
936.1248166422189,16.0,12.0,16.08345743579388,11.958533696718298,5.0,0.24376715127973236
936.3248433124417,16.0,12.0,16.092190159925558,11.937838514231172,4.5,0.7437671512797324
936.5248699826643,16.0,12.0,16.090855346911514,11.926873555308473,4.0,1.2437671512797324
936.724896652887,16.0,12.0,16.078560908310536,11.919743241223786,3.5,1.7437671512797324
936.9249233231097,16.0,12.0,16.078207990231288,11.917528513823555,4.0,2.2437671512797324
937.1249499933324,16.0,12.0,16.067407444471506,11.922650647476516,3.5,2.7437671512797324
937.324976663555,16.0,12.0,16.05371089786794,11.933041509024145,3.34905105975837,3.2437671512797324
937.5250033337778,16.0,12.0,16.04521923285226,11.946336547255468,3.528978767258774,3.5681822559402603
937.7250300040005,16.0,12.0,16.0432209835899,11.963593095085459,4.028978767258774,3.6575304054275923
937.9250566742232,16.0,12.0,16.046740641119047,11.984473252951931,3.6896079128753794,4.049403665482985
938.1250833444459,16.0,12.0,16.03388557032,12.010359405549274,3.1896079128753794,4.381633897834075
938.3251100146686,16.0,12.0,16.010373085889306,12.041195040394442,2.6896079128753794,4.838642858572934
938.5251366848913,16.0,12.0,15.981571554108138,12.070926345247537,2.1896079128753794,4.644954203678362
938.725163355114,16.0,12.0,15.959905185407521,12.09346063972497,2.6896079128753794,4.144954203678362
938.9251900253366,16.0,12.0,15.944857427655442,12.108058434575959,3.1896079128753794,3.6449542036783624
939.1252166955594,16.0,12.0,15.936541914460452,12.119929765275813,3.6896079128753794,3.1449542036783624
939.3252433657821,16.0,12.0,15.92274716486351,12.125963881164488,3.1896079128753794,2.6449542036783624
939.5252700360047,16.0,12.0,15.914749543364046,12.122982670783218,3.6896079128753794,2.1449542036783624
939.7252967062275,16.0,12.0,15.91799683560476,12.115488384634109,4.189607912875379,1.6449542036783624
939.9253233764501,16.0,12.0,15.936030231328337,12.100024978674549,4.689607912875379,1.1449542036783624
940.1253500466729,16.0,12.0,15.947549170677355,12.080280151040855,4.967798180490254,0.6449542036783624
940.3253767168956,16.0,12.0,15.958730272275856,12.054869199482948,4.467798180490254,0.44654104999019606
940.5254033871182,16.0,12.0,15.956934659644984,12.03418829477797,3.967798180490254,0.9465410499901961
940.725430057341,16.0,12.0,15.946646194529126,12.010536033283131,3.467798180490254,0.44654104999019606
940.9254567275636,16.0,12.0,15.941933683390035,11.985144614794912,3.967798180490254,0.319676500093314
941.1254833977863,16.0,12.0,15.934023499645154,11.95590310416779,3.467798180490254,0.0
941.3255100680091,16.0,12.0,15.926938727611011,11.933828319069656,3.521095591851355,0.4999999999999999
941.5255367382317,16.0,12.0,15.90755268523364,11.917476835406722,3.021095591851355,0.9802307453604104
941.7255634084544,16.0,12.0,15.897648661683576,11.908929465607864,3.521095591851355,1.4802307453604104
941.9255900786771,16.0,12.0,15.901106790366905,11.902501398868766,4.0210955918513545,1.9802307453604104
942.1256167488998,16.0,12.0,15.907755057418875,11.906909083190376,4.5210955918513545,2.4802307453604104
942.3256434191225,16.0,12.0,15.922926058715415,11.913479986400858,5.0210955918513545,2.9802307453604104
942.5256700893452,16.0,12.0,15.949520691496332,11.915074972235136,5.5210955918513545,2.4802307453604104
942.7256967595679,16.0,12.0,15.978424986566315,11.910721081521132,6.0,2.145434351115129
942.9257234297907,16.0,12.0,16.009665101143504,11.91427908270526,6.0,2.645434351115129
943.1257501000133,16.0,12.0,16.033929380413927,11.925379623249423,5.5,3.145434351115129
943.325776770236,16.0,12.0,16.04965521634746,11.937698395057813,5.0,3.645434351115129
943.5258034404587,16.0,12.0,16.073022079695576,11.949883730458604,5.5,3.3116472262945345
943.7258301106814,16.0,12.0,16.091433666607433,11.95495023344371,5.0,2.8116472262945345
943.925856780904,16.0,12.0,16.097965606308502,11.957012605943454,4.5,2.3116472262945345
944.1258834511268,16.0,12.0,16.108634386479142,11.951609375403068,5.0,1.924013605479538
944.3259101213495,16.0,12.0,16.118491827972115,11.951571925862508,4.5,2.424013605479538
944.5259367915721,16.0,12.0,16.118400140834044,11.960001622453849,4.0,2.924013605479538
944.7259634617949,16.0,12.0,16.108251115468057,11.962983157472328,3.5,2.424013605479538
944.9259901320175,16.0,12.0,16.090986817947297,11.956324922469404,3.0,1.924013605479538
945.1260168022403,16.0,12.0,16.079860753514858,11.960723963294354,3.275489302765832,2.424013605479538
945.326043472463,16.0,12.0,16.058490203069333,11.968359378229902,2.775489302765832,2.924013605479538
945.5260701426856,16.0,12.0,16.03976647006404,11.969925325524176,2.7638508805578494,2.424013605479538
945.7260968129084,16.0,12.0,16.012153868531872,11.96531955330157,2.2638508805578494,1.924013605479538
945.926123483131,16.0,12.0,15.98988558524604,11.97017915036698,2.683333384083073,2.424013605479538
946.1261501533537,16.0,12.0,15.959751090479637,11.979331208509175,2.183333384083073,2.924013605479538
946.3261768235765,16.0,12.0,15.935935409712252,11.979651881063084,2.683333384083073,2.424013605479538
946.5262034937991,16.0,12.0,15.920997174480947,11.987537142849586,3.183333384083073,2.924013605479538
946.7262301640218,16.0,12.0,15.901268759614007,12.003467264834786,2.683333384083073,3.424013605479538
946.9262568342446,16.0,12.0,15.889731523874131,12.006028504035047,3.183333384083073,2.924013605479538
947.1262835044672,16.0,12.0,15.881758367640145,12.007087248782545,3.683333384083073,2.424013605479538
947.3263101746899,16.0,12.0,15.888179393952209,12.014935383713333,4.183333384083073,2.924013605479538
947.5263368449126,16.0,12.0,15.889946525672487,12.017812119662167,4.220624799119221,2.479052217215702
947.7263635151353,16.0,12.0,15.902352576382373,12.015497229266185,4.720624799119221,1.9790522172157021
947.9263901853581,16.0,12.0,15.92298249908803,12.014033604955097,5.220624799119221,2.0553675029663934
948.1264168555807,16.0,12.0,15.936727217898488,12.006767404692543,4.777149890245731,1.5553675029663934
948.3264435258034,16.0,12.0,15.938390146851802,11.990265249800482,4.277149890245731,1.0553675029663934
948.5264701960261,16.0,12.0,15.93106626544333,11.981761842388112,3.777149890245731,1.5553675029663934
948.7264968662488,16.0,12.0,15.936350567968017,11.978351793261186,4.277149890245731,2.0553675029663934
948.9265235364714,16.0,12.0,15.93298381223559,11.97632016431601,3.777149890245731,2.204448171218204
949.1265502066942,16.0,12.0,15.93354492329399,11.97969912263876,4.277149890245731,2.704448171218204
949.3265768769169,16.0,12.0,15.92737524609212,11.97940666089183,3.777149890245731,2.416392510622502
949.5266035471395,16.0,12.0,15.925320845487041,11.983519802969756,3.876263703012938,2.6740405247612045
949.7266302173623,16.0,12.0,15.931065198632451,11.992077460055516,4.376263703012938,3.1740405247612045
949.926656887585,16.0,12.0,15.945199520696251,11.99363442512108,4.876263703012938,2.6740405247612045
950.1266835578077,16.0,12.0,15.951432372654661,11.994253686719064,4.376263703012938,2.41474810949658
950.3267102280304,16.0,12.0,15.950529372388917,12.002054489154597,3.8762637030129383,2.91474810949658
950.526736898253,16.0,12.0,15.956141016192964,12.004222435240866,4.376263703012938,2.41474810949658
950.7267635684758,16.0,12.0,15.971071967555831,12.008215275421671,4.876263703012938,2.522759226860087
950.9267902386985,16.0,12.0,15.991865111615862,12.016752054765659,5.376263703012938,3.022759226860087
951.1268169089211,16.0,12.0,16.01051355018243,12.018602190745916,5.23201720213704,2.522759226860087
951.3268435791439,16.0,12.0,16.021137761686333,12.030697543274806,4.73201720213704,3.022759226860087
951.5268702493665,16.0,12.0,16.022559101930334,12.030712987318527,4.23201720213704,2.522759226860087
951.7268969195892,16.0,12.0,16.019109970473302,12.04048010784235,3.7320172021370404,3.022759226860087
951.926923589812,16.0,12.0,16.024929880394765,12.04455365974231,4.23201720213704,2.522759226860087
952.1269502600346,16.0,12.0,16.01761000562336,12.052445143629805,3.7320172021370404,3.022759226860087
952.3269769302573,16.0,12.0,16.02082760557009,12.055599363411964,4.23201720213704,2.522759226860087
952.52700360048,16.0,12.0,16.013982426766447,12.050875781825022,3.7320172021370404,2.022759226860087
952.7270302707027,16.0,12.0,15.997825888690281,12.044049437654605,3.2320172021370404,1.522759226860087
952.9270569409255,16.0,12.0,15.995048944171112,12.035437035406446,3.7320172021370404,1.7032744126794581
953.1270836111481,16.0,12.0,16.001550375136652,12.024287711176804,4.23201720213704,1.2032744126794581
953.3271102813708,16.0,12.0,15.995744259650445,12.013723257535329,3.7320172021370404,1.7032744126794581
953.5271369515935,16.0,12.0,15.981637562314646,12.000750719359953,3.2320172021370404,1.2032744126794581
953.7271636218162,16.0,12.0,15.978206389727083,11.977526523911758,3.7320172021370404,0.7032744126794581
953.9271902920389,16.0,12.0,15.963977542529168,11.961255073519885,3.2320172021370404,1.2032744126794581
954.1272169622616,16.0,12.0,15.943530973513234,11.955264487651686,2.8258234325095186,1.7032744126794581
954.3272436324843,16.0,12.0,15.928117488594387,11.953690144815178,3.1758174807723565,2.203274412679458
954.5272703027069,16.0,12.0,15.92179194565367,11.95761728404022,3.6758174807723565,2.703274412679458
954.7272969729297,16.0,12.0,15.925554694218258,11.97055026233076,4.1758174807723565,3.203274412679458
954.9273236431524,16.0,12.0,15.936898042100026,11.972611328948796,4.6758174807723565,2.703274412679458
955.1273503133751,16.0,12.0,15.955912856806348,11.969955159256655,5.1758174807723565,2.203274412679458
955.3273769835978,16.0,12.0,15.967444235299771,11.97483555999892,4.6758174807723565,2.703274412679458
955.5274036538204,16.0,12.0,15.973951707524023,11.985743269268438,4.446795991188973,2.9714274299071555
955.7274303240432,16.0,12.0,15.98875017925485,11.987903100738393,4.946795991188973,2.4714274299071555
955.9274569942659,16.0,12.0,15.993585894730272,11.987801801131676,4.446795991188973,2.5024463236678947
956.1274836644885,16.0,12.0,16.008981893928627,11.985469025899917,4.941230443133982,2.0024463236678947
956.3275103347113,16.0,12.0,16.015899400480414,11.974864997525923,4.441230443133982,1.5024463236678947
956.527537004934,16.0,12.0,16.03158823414697,11.971566264182716,4.941230443133982,2.0024463236678947
956.7275636751566,16.0,12.0,16.05263867630807,11.976138250216652,5.441230443133982,2.5024463236678947
956.9275903453794,16.0,12.0,16.066457265505363,11.971347703021152,4.941230443133982,2.0024463236678947
957.127617015602,16.0,12.0,16.07940709394985,11.975327439217251,4.770191656067933,2.5024463236678947
957.3276436858247,16.0,12.0,16.081211827187893,11.971322928683541,4.270191656067933,2.0024463236678947
957.5276703560475,16.0,12.0,16.077807385441666,11.961496787116115,3.770191656067933,1.5024463236678947
957.7276970262701,16.0,12.0,16.062110047372958,11.958005193539599,3.270191656067933,2.0024463236678947
957.9277236964929,16.0,12.0,16.056986511681586,11.954173305741502,3.770191656067933,1.9983615985071144
958.1277503667155,16.0,12.0,16.044274274738978,11.955725896046498,3.270191656067933,2.498361598507114
958.3277770369382,16.0,12.0,16.040772318462057,11.949953894193959,3.770191656067933,1.9983615985071141
958.527803707161,16.0,12.0,16.028758398288815,11.939806528479455,3.270191656067933,1.5384195623701735
958.7278303773836,16.0,12.0,16.023458917470677,11.935670478538452,3.770191656067933,1.8978533284941426
958.9278570476063,16.0,12.0,16.00626758216904,11.93336141135877,3.270191656067933,2.3978533284941426
959.127883717829,16.0,12.0,16.001372386640824,11.93938966193754,3.770191656067933,2.8978533284941426
959.3279103880517,16.0,12.0,15.988440430028428,11.956353416451282,3.270191656067933,3.3978533284941426
959.5279370582743,16.0,12.0,15.98045196560496,11.9667452874597,3.770191656067933,2.8978533284941426
959.7279637284971,16.0,12.0,15.980023706996917,11.970408246137495,4.270191656067933,2.3978533284941426
959.9279903987198,16.0,12.0,15.974710073731044,11.976336347322668,3.770191656067933,2.856952467375492
960.1280170689425,16.0,12.0,15.963661796626223,11.977618524033666,3.270191656067933,2.356952467375492
960.3280437391652,16.0,12.0,15.961066815543015,11.98338576872663,3.770191656067933,2.856952467375492
960.5280704093879,16.0,12.0,15.963128784762326,11.986382635859204,4.1109057324562235,2.356952467375492
960.7280970796106,16.0,12.0,15.970139521369015,11.991499913799837,4.6109057324562235,2.856952467375492
960.9281237498333,16.0,12.0,15.97886140024165,11.998862248960458,4.671044782748367,2.952275322791672
961.1281504200559,16.0,12.0,15.98104987985112,12.002251567242661,4.171044782748367,2.452275322791672
961.3281770902787,16.0,12.0,15.988152305390043,12.003266581203917,4.671044782748367,2.1199626180875986
961.5282037605014,16.0,12.0,15.989388122158008,11.993138180436961,4.171044782748367,1.6199626180875986
961.728230430724,16.0,12.0,15.997744478729036,11.99307439049976,4.671044782748367,2.1199626180875986
961.9282571009468,16.0,12.0,16.00835193473548,11.983691506107913,4.695147873751635,1.6199626180875986
962.1282837711694,16.0,12.0,16.009817031604072,11.979746371156207,4.195147873751635,2.1199626180875986
962.3283104413921,16.0,12.0,16.018536831124674,11.982836738239213,4.695147873751635,2.6199626180875986
962.5283371116149,16.0,12.0,16.0394634286425,11.981091497161383,5.195147873751635,2.1199626180875986
962.7283637818375,16.0,12.0,16.051301792294623,11.970709480043745,4.695147873751635,1.6199626180875986
962.9283904520603,16.0,12.0,16.062817128940758,11.967934682805907,4.7971847781479715,2.1199626180875986
963.1284171222829,16.0,12.0,16.063951845925654,11.967837280596866,4.2971847781479715,2.544049005553498
963.3284437925056,16.0,12.0,16.077151058026097,11.960663590809233,4.7971847781479715,2.044049005553498
963.5284704627284,16.0,12.0,16.09291719624024,11.95251235201488,4.910784362439857,1.5440490055534979
963.728497132951,16.0,12.0,16.101654792494074,11.94824910446207,4.410784362439857,2.044049005553498
963.9285238031737,16.0,12.0,16.09803297937035,11.951211389074322,3.9107843624398573,2.544049005553498
964.1285504733964,16.0,12.0,16.08184625445329,11.949209008021924,3.4107843624398573,2.044049005553498
964.3285771436191,16.0,12.0,16.06155975014623,11.950552005438427,2.9107843624398573,2.544049005553498
964.5286038138418,16.0,12.0,16.03762614647193,11.945886675306955,2.749665181625139,2.080237540331371
964.7286304840645,16.0,12.0,16.02262561755475,11.94534469387308,3.249665181625139,2.3548147641695096
964.9286571542872,16.0,12.0,15.999042714797081,11.936556956231657,2.749665181625139,1.8548147641695096
965.12868382451,16.0,12.0,15.967793726793106,11.93502143213112,2.249665181625139,2.3548147641695096
965.3287104947326,16.0,12.0,15.93812737457064,11.942074586397307,2.283659685147216,2.8548147641695096
965.5287371649553,16.0,12.0,15.91535185762171,11.954814574250046,2.783659685147216,3.3548147641695096
965.728763835178,16.0,12.0,15.899349814110568,11.964560345676462,3.283659685147216,2.8548147641695096
965.9287905054007,16.0,12.0,15.896893075145028,11.968289667771483,3.783659685147216,2.549795117508323
966.1288171756233,16.0,12.0,15.900386960544905,11.965848421798611,4.2836596851472155,2.049795117508323
966.3288438458461,16.0,12.0,15.911941305376757,11.970505324395715,4.7836596851472155,2.549795117508323
966.5288705160688,16.0,12.0,15.933616993071475,11.965863025055155,5.2836596851472155,2.049795117508323
966.7288971862914,16.0,12.0,15.944851101293153,11.968094548248883,4.7836596851472155,2.549795117508323
966.9289238565142,16.0,12.0,15.94497691971306,11.963909563659804,4.2836596851472155,2.049795117508323
967.1289505267368,16.0,12.0,15.954553717162856,11.968188624548269,4.7836596851472155,2.549795117508323
967.3289771969595,16.0,12.0,15.97548333711041,11.974243194325359,5.2836596851472155,2.8700612745374072
967.5290038671823,16.0,12.0,15.989483781648076,11.97803025054416,4.7836596851472155,2.621007280777839
967.7290305374049,16.0,12.0,16.008346067760115,11.986603782701934,5.168715471378007,3.121007280777839
967.9290572076277,16.0,12.0,16.019021447915172,12.000040326484065,4.668715471378007,3.3224714009976
968.1290838778503,16.0,12.0,16.037808914114525,12.008912939367976,5.168715471378007,2.8224714009976
968.329110548073,16.0,12.0,16.064759945524564,12.022175987336066,5.668715471378007,3.3224714009976
968.5291372182958,16.0,12.0,16.08229545742608,12.029023818830607,5.168715471378007,2.8224714009976
968.7291638885184,16.0,12.0,16.090759917411297,12.03091039538005,4.668715471378007,2.3224714009976
968.9291905587411,16.0,12.0,16.088566987843883,12.025582635920609,4.168715471378007,1.8224714009976002
969.1292172289639,16.0,12.0,16.078197481598696,12.013330055836976,3.6687154713780066,1.3224714009976002
969.3292438991865,16.0,12.0,16.083822747076354,12.007733836334568,4.168715471378007,1.8224714009976002
969.5292705694092,16.0,12.0,16.089838253293536,12.006771878119597,4.668715471378007,2.3224714009976
969.7292972396319,16.0,12.0,16.086278547225973,12.013716976580023,4.168715471378007,2.8224714009976
969.9293239098546,16.0,12.0,16.081993083228582,12.020496747151794,3.6687154713780066,2.9521341287170006
970.1293505800774,16.0,12.0,16.08121666181834,12.020566474249383,4.168715471378007,2.4521341287170006
970.3293772503,16.0,12.0,16.073503729824832,12.02682777471537,3.6687154713780066,2.7647855725088037
970.5294039205227,16.0,12.0,16.056977189093658,12.027635624540059,3.1687154713780066,2.2647855725088037
970.7294305907454,16.0,12.0,16.040724106650224,12.023810759405151,3.1182926731751817,1.7647855725088037
970.9294572609681,16.0,12.0,16.014065010319495,12.010454195796482,2.6182926731751817,1.2647855725088037
971.1294839311907,16.0,12.0,15.99647882798288,12.001044409969168,3.1182926731751817,1.7647855725088037
971.3295106014135,16.0,12.0,15.98839440628944,12.003701421259267,3.6182926731751817,2.2647855725088037
971.5295372716362,16.0,12.0,15.987582255751382,12.007689039430003,4.118292673175182,2.7647855725088037
971.7295639418588,16.0,12.0,15.97777419323496,12.017769196267981,3.6182926731751817,3.0534110853118515
971.9295906120816,16.0,12.0,15.960950799438764,12.020771160108628,3.1182926731751817,2.5534110853118515
972.1296172823043,16.0,12.0,15.953616552004235,12.017554009061465,3.6182926731751817,2.1565099820839713
972.3296439525269,16.0,12.0,15.955431126949144,12.01439377189174,4.117668600645535,1.7813849036302145
972.5296706227497,16.0,12.0,15.944074361330344,12.004287903755422,3.617668600645535,1.2813849036302145
972.7296972929723,16.0,12.0,15.944598609550106,12.000087182264773,4.117668600645535,1.7813849036302143
972.9297239631951,16.0,12.0,15.935316192048784,12.000979568329667,3.617668600645535,2.2813849036302143
973.1297506334178,16.0,12.0,15.922163125606819,11.998131526711111,3.117668600645535,2.1729944153256255
973.3297773036404,16.0,12.0,15.912357981376994,11.98824684363764,3.617668600645535,1.6729944153256255
973.5298039738632,16.0,12.0,15.921085125081019,11.98751122069794,4.117668600645535,2.1729944153256255
973.7298306440858,16.0,12.0,15.927447596476732,11.977770418566667,4.617668600645535,1.9079182533234729
973.9298573143085,16.0,12.0,15.928342311987727,11.969967299037908,4.117668600645535,1.7611931419867461
974.1298839845313,16.0,12.0,15.936564988927183,11.97305488231381,4.617668600645535,2.2611931419867464
974.3299106547539,16.0,12.0,15.948256005286881,11.96255011068102,4.734016817789191,1.7611931419867464
974.5299373249766,16.0,12.0,15.965455213046924,11.956414519992435,5.234016817789191,1.840647711223335
974.7299639951993,16.0,12.0,15.981703873689284,11.951956666303582,4.734016817789191,2.340647711223335
974.929990665422,16.0,12.0,15.983895572385164,11.956305352508704,4.411178037704594,2.840647711223335
975.1300173356448,16.0,12.0,15.980173369080717,11.971286366975669,3.9111780377045937,3.340647711223335
975.3300440058674,16.0,12.0,15.978690325358654,11.97832637386519,3.976154729260137,3.1214084142089074
975.5300706760901,16.0,12.0,15.975876069561698,11.984292413922207,3.7390120855724387,2.9312163389506543
975.7300973463128,16.0,12.0,15.96347290081119,11.988058803597132,3.2390120855724387,2.4312163389506543
975.9301240165355,16.0,12.0,15.952645442550006,11.981002106344736,3.7390120855724387,1.9312163389506543
976.1301506867582,16.0,12.0,15.95812723337999,11.982124824039445,4.239012085572439,2.3889653985656887
976.3301773569809,16.0,12.0,15.967031475998406,11.988058233670555,4.739012085572439,2.8889653985656887
976.5302040272036,16.0,12.0,15.969627117318241,11.987789153687626,4.239012085572439,2.3889653985656887
976.7302306974262,16.0,12.0,15.963702005445255,11.993204871183362,3.7390120855724387,2.8889653985656887
976.930257367649,16.0,12.0,15.969330369320284,12.00167427122623,4.239012085572439,3.0670548945273453
977.1302840378717,16.0,12.0,15.984104797803807,12.003762367320386,4.739012085572439,2.5670548945273453
977.3303107080943,16.0,12.0,16.003527695110943,12.007003795288503,5.239012085572439,2.5387681783465434
977.5303373783171,16.0,12.0,16.015272069694216,12.001644389676725,4.739012085572439,2.0387681783465434
977.7303640485397,16.0,12.0,16.019919267685808,12.004694918735922,4.239012085572439,2.5387681783465434
977.9303907187625,16.0,12.0,16.02808696024951,12.012553796029962,4.145038719288224,3.0387681783465434
978.1304173889852,16.0,12.0,16.019644668147023,12.015760617860089,3.645038719288224,2.6707937408115088
978.3304440592078,16.0,12.0,16.005926725689307,12.014183725515597,3.145038719288224,2.1707937408115088
978.5304707294306,16.0,12.0,16.00139188451399,12.006938202541221,3.645038719288224,1.6707937408115088
978.7304973996532,16.0,12.0,16.002559733392005,11.993133763771187,4.145038719288224,1.1707937408115088
978.9305240698759,16.0,12.0,16.011375603791137,11.981981445590984,4.645038719288224,1.6707937408115088
979.1305507400987,16.0,12.0,16.01320044563013,11.978944037486798,4.145038719288224,2.1707937408115088
979.3305774103213,16.0,12.0,16.02243578691977,11.971158615298755,4.586402273544488,1.6707937408115088
979.530604080544,16.0,12.0,16.036768016655863,11.968243991371985,5.086402273544488,2.1707937408115088
979.7306307507667,16.0,12.0,16.049583966187186,11.972471435738965,4.586402273544488,2.6707937408115088
979.9306574209894,16.0,12.0,16.04864230361822,11.981861321633605,4.086402273544488,3.1707937408115088
980.1306840912122,16.0,12.0,16.03990479067439,11.995814818396783,3.586402273544488,3.4088633281403498
980.3307107614348,16.0,12.0,16.02315393886556,12.000396294908315,3.086402273544488,2.9088633281403498
980.5307374316575,16.0,12.0,16.014172813835764,12.008231536762041,3.586402273544488,2.5633585560941836
980.7307641018803,16.0,12.0,15.999238598727953,12.014030990260714,3.086402273544488,3.0371665535430505
980.9307907721029,16.0,12.0,15.993922971091918,12.020783461203303,3.586402273544488,2.5371665535430505
981.1308174423256,16.0,12.0,15.991496973127136,12.017564184007233,3.8771548550489427,2.0371665535430505
981.3308441125483,16.0,12.0,15.993798163981388,12.008026308586699,4.1099283467943675,1.5371665535430505
981.530870782771,16.0,12.0,15.98415173865263,12.001966239158515,3.6099283467943675,2.0371665535430505
981.7308974529936,16.0,12.0,15.966120860422116,11.994856124868953,3.1099283467943675,1.5371665535430505
981.9309241232164,16.0,12.0,15.943582567992792,11.987992713559953,2.6099283467943675,2.0371665535430505
982.1309507934391,16.0,12.0,15.922429080828408,11.97656962569511,3.0488751270483605,1.5371665535430505
982.3309774636617,16.0,12.0,15.913151126558008,11.971298306571343,3.5488751270483605,2.0371665535430505
982.5310041338845,16.0,12.0,15.91314694776356,11.965732553798457,4.04887512704836,2.1600259752424127
982.7310308041071,16.0,12.0,15.922324045737504,11.971940932512352,4.54887512704836,2.6600259752424127
982.9310574743299,16.0,12.0,15.940167247796618,11.96872190168595,5.04887512704836,2.1600259752424127
983.1310841445526,16.0,12.0,15.966975110216742,11.956030649975753,5.396660119433509,1.6650676644674984
983.3311108147752,16.0,12.0,15.987567033389496,11.941015740136889,5.4185123316436234,1.1650676644674984
983.531137484998,16.0,12.0,16.002849374371557,11.916898576994969,4.9185123316436234,0.6650676644674984
983.7311641552207,16.0,12.0,16.023230935245092,11.904646456828546,5.4185123316436234,1.1650676644674984
983.9311908254433,16.0,12.0,16.03762511867761,11.897920580732748,4.9185123316436234,1.6650676644674984
984.1312174956661,16.0,12.0,16.040412783062433,11.895631300176486,4.4185123316436234,2.1650676644674984
984.3312441658887,16.0,12.0,16.03737473869891,11.902149171530395,3.9185123316436234,2.6650676644674984
984.5312708361114,16.0,12.0,16.046186914461355,11.903915986088485,4.4185123316436234,2.5930380955976826
984.7312975063342,16.0,12.0,16.060706679625444,11.910294126351387,4.9185123316436234,2.99604459208098
984.9313241765568,16.0,12.0,16.063594382712623,11.924542459702714,4.4185123316436234,3.49604459208098
985.1313508467796,16.0,12.0,16.059348367985013,11.947058944942704,3.9185123316436234,3.99604459208098
985.3313775170022,16.0,12.0,16.04596342736408,11.975618007430228,3.4185123316436234,4.49604459208098
985.5314041872249,16.0,12.0,16.02320024928086,11.998722838340534,2.9185123316436234,3.99604459208098
985.7314308574477,16.0,12.0,16.01532508122714,12.016719405635486,3.4185123316436234,3.49604459208098
985.9314575276703,16.0,12.0,15.99531014126059,12.024342768658359,2.9185123316436234,2.99604459208098
986.131484197893,16.0,12.0,15.968258182436132,12.024847616354446,2.4185123316436234,2.49604459208098
986.3315108681157,16.0,12.0,15.946810348441504,12.03149961262972,2.9185123316436234,2.925896134151142
986.5315375383384,16.0,12.0,15.932508362983787,12.034101494584943,3.2837235837864074,2.425896134151142
986.731564208561,16.0,12.0,15.928893125200542,12.03026978279892,3.7837235837864074,1.968635964460506
986.9315908787838,16.0,12.0,15.916693159886192,12.019895309284427,3.2837235837864074,1.5258535487583778
987.1316175490065,16.0,12.0,15.910144121593106,12.017063912348796,3.7837235837864074,2.025853548758378
987.3316442192291,16.0,12.0,15.916957161289474,12.022101965381012,4.283723583786408,2.525853548758378
987.5316708894519,16.0,12.0,15.927276387598537,12.032121155637322,4.783723583786408,2.855950334381114
987.7316975596746,16.0,12.0,15.933032827131823,12.03342066166092,4.283723583786408,2.355950334381114
987.9317242298973,16.0,12.0,15.929639632593492,12.028099693739277,3.783723583786408,1.855950334381114
988.13175090012,16.0,12.0,15.932890101755829,12.026140174616788,4.283723583786408,2.355950334381114
988.3317775703426,16.0,12.0,15.941815851546673,12.028788280442326,4.783723583786408,2.6034008692217987
988.5318042405654,16.0,12.0,15.959620414952106,12.037762103783741,5.036579317012477,3.1034008692217987
988.7318309107881,16.0,12.0,15.979340872109152,12.039098865546977,5.216815553398438,2.6034008692217987
988.9318575810107,16.0,12.0,15.991288902849103,12.037751036613498,4.716815553398438,2.1692302183456116
989.1318842512335,16.0,12.0,15.998092365070152,12.029343860079802,4.302694700483342,1.6692302183456116
989.3319109214561,16.0,12.0,15.993376745278573,12.030482597231178,3.8026947004833422,2.1692302183456116
989.5319375916788,16.0,12.0,15.980289436236761,12.028158926433683,3.3026947004833422,1.7819900153911905
989.7319642619016,16.0,12.0,15.956525924739967,12.02646157034008,2.88981106981506,2.2819900153911905
989.9319909321242,16.0,12.0,15.943883831991517,12.030290144340594,3.3898110698150603,2.7819900153911905
990.132017602347,16.0,12.0,15.917645902541201,12.045480186571282,2.8898110698150603,3.2819900153911905
990.3320442725696,16.0,12.0,15.906214622640148,12.051499219905695,3.3898110698150603,2.831662072654037
990.5320709427923,16.0,12.0,15.901393645691465,12.061259347584388,3.8898110698150603,3.331662072654037
990.7320976130151,16.0,12.0,15.90609342117919,12.06858746766651,4.38981106981506,2.831662072654037
990.9321242832377,16.0,12.0,15.918423496534126,12.072685280728544,4.88981106981506,2.750586327240484
991.1321509534604,16.0,12.0,15.931625548222703,12.070271706968997,5.025536191841071,2.250586327240484
991.3321776236832,16.0,12.0,15.947225871002594,12.06481854423988,4.926102241880957,2.004352977864005
991.5322042939058,16.0,12.0,15.9551504106212,12.053055737234821,4.426102241880957,1.5043529778640048
991.7322309641285,16.0,12.0,15.95061272450098,12.036226621928712,3.9261022418809572,1.0043529778640048
991.9322576343512,16.0,12.0,15.945015957821164,12.013489536388027,3.596246058046672,0.5043529778640048
992.1322843045739,16.0,12.0,15.94597759305004,11.997393953586108,3.8517196445684307,1.0043529778640048
992.3323109747965,16.0,12.0,15.950200192815727,11.973527696326899,4.132306840776733,0.5043529778640048
992.5323376450193,16.0,12.0,15.961829576767686,11.955697522417802,4.632306840776733,1.0043529778640048
992.732364315242,16.0,12.0,15.977282966690687,11.946956026242976,5.132306840776733,1.5043529778640048
992.9323909854647,16.0,12.0,16.002460201864416,11.942936454876515,5.632306840776733,2.004352977864005
993.1324176556874,16.0,12.0,16.02061871683605,11.945553173702798,5.132306840776733,2.504352977864005
993.33244432591,16.0,12.0,16.029449309466912,11.950697246702116,4.632306840776733,3.004352977864005
993.5324709961328,16.0,12.0,16.030336895837756,11.966984462878909,4.132306840776733,3.504352977864005
993.7324976663555,16.0,12.0,16.028307426398023,11.985990469573114,3.6323068407767334,4.004352977864005
993.9325243365781,16.0,12.0,16.01411522848289,12.002803802576157,3.1323068407767334,3.504352977864005
994.1325510068009,16.0,12.0,15.992539394367435,12.011820737479042,2.6323068407767334,3.004352977864005
994.3325776770236,16.0,12.0,15.959242246200525,12.013505084857936,2.1323068407767334,2.504352977864005
994.5326043472462,16.0,12.0,15.936994794954682,12.018676015173929,2.6323068407767334,2.5716600839932036
994.732631017469,16.0,12.0,15.921254713822519,12.018411945633586,3.1323068407767334,2.0716600839932036
994.9326576876916,16.0,12.0,15.916998492061028,12.02056743740483,3.6323068407767334,2.5716600839932036
995.1326843579144,16.0,12.0,15.919163904266297,12.017604589876585,4.132306840776733,2.0716600839932036
995.332711028137,16.0,12.0,15.910000486107897,12.019709541216505,3.6323068407767334,2.5716600839932036
995.5327376983597,16.0,12.0,15.894384209260519,12.031509410515131,3.1323068407767334,3.0716600839932036
995.7327643685825,16.0,12.0,15.870685748961282,12.047922393946221,2.6323068407767334,3.5716600839932036
995.9327910388051,16.0,12.0,15.83538836949525,12.070074320737152,2.1323068407767334,4.071660083993203
996.1328177090278,16.0,12.0,15.796265365603512,12.100780468038192,1.6323068407767334,4.571660083993203
996.3328443792506,16.0,12.0,15.74963830067068,12.132878434093207,1.1323068407767334,5.071660083993203
996.5328710494732,16.0,12.0,15.698220517350824,12.1688712173701,1.0058012012134292,5.571660083993203
996.7328977196959,16.0,12.0,15.649279566335732,12.213928141761503,1.022113517029996,6.0
996.9329243899186,16.0,12.0,15.601801352011945,12.25879036616031,1.1393567915930167,6.0
997.1329510601413,16.0,12.0,15.554389952798306,12.300858369398705,1.126697560082602,6.0
997.332977730364,16.0,12.0,15.509135113218829,12.344677905927457,1.115693487408534,6.0
997.5330044005867,16.0,12.0,15.45579085799047,12.388965339105042,0.615693487408534,6.0
997.7330310708094,16.0,12.0,15.415987799060897,12.433060603776129,1.1024432230899899,6.0
997.9330577410321,16.0,12.0,15.366366717051552,12.476967103404146,0.6708490489416306,6.0
998.1330844112548,16.0,12.0,15.323188311591846,12.520681489906847,1.0744231575389824,6.0
998.3331110814775,16.0,12.0,15.283232663325219,12.56421299850625,1.0693413893125814,6.0
998.5331377517002,16.0,12.0,15.232525798435159,12.606864114886053,0.6117525849888905,6.0
998.7331644219229,16.0,12.0,15.18690418282056,12.65001091840458,1.1117525849888905,6.0
998.9331910921455,16.0,12.0,15.147339208264329,12.69297259699942,1.2289353439559165,6.0
999.1332177623683,16.0,12.0,15.10404808423845,12.735689234150765,0.7289353439559165,6.0
999.333244432591,16.0,12.0,15.061521906340932,12.777594322986868,0.9079764933040756,6.0
999.5332711028136,16.0,12.0,15.020857753117046,12.818882015490175,1.3572265606629543,6.0
999.7332977730364,16.0,12.0,14.98161059288935,12.86111537455173,1.3941541531246744,6.0
999.933324443259,16.0,12.0,14.953688227921642,12.903181218703663,1.8710398327462148,6.0
1000.1333511134818,12.0,16.0,14.917210331441108,12.945082261224602,1.3710398327462148,6.0
1000.3333777837045,12.0,16.0,14.890653217196885,12.98603666204163,1.8710398327462148,6.0
1000.5334044539271,12.0,16.0,14.854841437709313,13.025769072013961,1.3710398327462148,6.0
1000.7334311241499,12.0,16.0,14.821174404436674,13.067179729045128,1.2666080682486176,6.0
1000.9334577943725,12.0,16.0,14.785443952959245,13.104559833232795,0.9902376908933437,6.0
1001.1334844645952,12.0,16.0,14.753022593578834,13.145640426548438,1.4902376908933437,6.0
1001.333511134818,12.0,16.0,14.714059409619939,13.186549084210208,0.9902376908933437,6.0
1001.5335378050406,12.0,16.0,14.680215003915485,13.227284354447944,1.2737292806638911,6.0
1001.7335644752633,12.0,16.0,14.649677120957739,13.266757459644607,1.1881985087047262,6.0
1001.933591145486,12.0,16.0,14.615841015401188,13.307165647198413,1.3020619002903886,6.0
1002.1336178157087,12.0,16.0,14.581978600213418,13.346686047971158,1.4256721119309763,6.0
1002.3336444859314,12.0,16.0,14.556029219198399,13.386767695407615,1.9256721119309763,6.0
1002.5336711561541,12.0,16.0,14.524904240395745,13.426692256813146,1.4256721119309763,6.0
1002.7336978263768,12.0,16.0,14.487378300441955,13.466447640783986,0.9256721119309763,6.0
1002.9337244965996,12.0,16.0,14.45371199101291,13.50518132194703,1.0732508594490888,6.0
1003.1337511668222,12.0,16.0,14.410673800563131,13.543318246864985,0.704138651713394,6.0
1003.3337778370449,12.0,16.0,14.371845978303131,13.582545568821905,0.8317861423691393,6.0
1003.5338045072676,12.0,16.0,14.331468792362797,13.620232833680717,0.7552773561771906,6.0
1003.7338311774903,12.0,16.0,14.290402838990655,13.659099945491223,0.7935856615369844,6.0
1003.9338578477129,12.0,16.0,14.246808442530476,13.696963897173537,0.5703996591903826,6.0
1004.1338845179357,12.0,16.0,14.211312747320028,13.732551072661543,0.8508467699166217,6.0
1004.3339111881584,12.0,16.0,14.16948787592356,13.769713027664597,0.6045396014460025,6.0
1004.533937858381,12.0,16.0,14.133094912882862,13.807076075071176,0.7530752502893883,6.0
1004.7339645286038,12.0,16.0,14.08663817346316,13.845046342135586,0.5456628511886761,6.0
1004.9339911988264,12.0,16.0,14.049536367393822,13.881310736912011,0.794276917663784,6.0
1005.1340178690492,12.0,16.0,14.016898260777653,13.918928737337042,1.2591147381889376,6.0
1005.3340445392719,12.0,16.0,13.982339134886024,13.95637939498568,0.7591147381889376,6.0
1005.5340712094945,12.0,16.0,13.947553920027342,13.992555568113278,0.7541595380509514,6.0
1005.7340978797173,12.0,16.0,13.921406191113714,14.029678540547803,1.1324968033403406,6.0
1005.93412454994,12.0,16.0,13.892271267393696,14.064427727207994,1.1941449117599103,6.0
1006.1341512201626,12.0,16.0,13.85858815078983,14.101239039075049,0.8015848117384733,6.0
1006.3341778903854,12.0,16.0,13.813756058645845,14.137870184908598,0.3829323392487589,6.0
1006.534204560608,12.0,16.0,13.77871448931213,14.174319616818106,0.8829323392487589,6.0
1006.7342312308307,12.0,16.0,13.741660135530243,14.21059614284336,0.4258107540756312,6.0
1006.9342579010535,12.0,16.0,13.696705406412235,14.24668832317268,0.30130542958096773,6.0
1007.1342845712761,12.0,16.0,13.658698544548855,14.281163490287222,0.8013054295809677,6.0
1007.3343112414989,12.0,16.0,13.614041841573675,14.31550092646332,0.30130542958096773,6.0
1007.5343379117215,12.0,16.0,13.582582460323758,14.35105059537237,0.8013054295809677,6.0
1007.7343645819442,12.0,16.0,13.56117747378636,14.38644985776084,1.3013054295809678,6.0
1007.934391252167,12.0,16.0,13.521738424396698,14.421010424515833,0.8013054295809678,6.0
1008.1344179223896,12.0,16.0,13.480293926314237,14.456067758495598,0.3891103650146442,6.0
1008.3344445926123,12.0,16.0,13.43697823646019,14.490936867072215,0.24996483854010404,6.0
1008.534471262835,12.0,16.0,13.401704220253388,14.523137370292163,0.37998931986754053,6.0
1008.7344979330577,12.0,16.0,13.366848832147289,14.556905508738927,0.6081252845927787,6.0
1008.9345246032804,12.0,16.0,13.329713060769924,14.589951069565505,0.5913806630215686,6.0
1009.1345512735031,12.0,16.0,13.301271335108288,14.623956365148851,0.8576226187366899,6.0
1009.3345779437258,12.0,16.0,13.266565730518826,14.657982681440714,0.5650279046012066,6.0
1009.5346046139484,12.0,16.0,13.236847462802876,14.691460866715742,0.7976865587442105,6.0
1009.7346312841712,12.0,16.0,13.195464733798024,14.723866454618603,0.29768655874421046,6.0
1009.9346579543939,12.0,16.0,13.158623843722756,14.757378902804536,0.26046596129467414,6.0
1010.1346846246166,12.0,16.0,13.114878990311597,14.79043293173528,0.08364083540950501,6.0
1010.3347112948393,12.0,16.0,13.080037408675876,14.822747665448503,0.5836408354095051,6.0
1010.5347379650619,12.0,16.0,13.03679272441395,14.855715079900376,0.08364083540950507,6.0
1010.7347646352847,12.0,16.0,12.993811199527704,14.888490702097917,0.04271131269671835,6.0
1010.9347913055074,12.0,16.0,12.9526415183723,14.92107699365073,0.20299914598249008,6.0
1011.13481797573,12.0,16.0,12.921249168951226,14.950085399857679,0.70299914598249,6.0
1011.3348446459528,12.0,16.0,12.895122929140243,14.982349039776922,0.9436572486903066,6.0
1011.5348713161754,12.0,16.0,12.86169504099115,15.011997213194874,0.44365724869030665,6.0
1011.7348979863981,12.0,16.0,12.825207269072225,15.043936752667479,0.43975790579785407,6.0
1011.9349246566209,12.0,16.0,12.783597121314887,15.072685633028334,0.09563463911213227,6.0
1012.1349513268435,12.0,16.0,12.753294890948817,15.103514997966688,0.5956346391121323,6.0
1012.3349779970663,12.0,16.0,12.714071992444508,15.134934781644725,0.09563463911213232,6.0
1012.535004667289,12.0,16.0,12.674377296660643,15.166126028459527,0.32452522773697434,6.0
1012.7350313375116,12.0,16.0,12.645062344784282,15.197191599149777,0.7912657498686609,6.0
1012.9350580077344,12.0,16.0,12.605544587016107,15.228086727942058,0.29126574986866094,6.0
1013.135084677957,12.0,16.0,12.571226463781315,15.258804501274305,0.47439181265298636,6.0
1013.3351113481797,12.0,16.0,12.534537798871543,15.287482023137509,0.0,6.0
1013.5351380184024,12.0,16.0,12.497758069084346,15.31713347092026,0.1285067711158771,6.0
1013.7351646886251,12.0,16.0,12.458203600006142,15.347324330515196,0.046522918645622524,6.0
1013.9351913588478,12.0,16.0,12.42489252249259,15.37733857244819,0.5465229186456224,6.0
1014.1352180290705,12.0,16.0,12.385782307211358,15.403587977646033,0.16115151991198157,6.0
1014.3352446992932,12.0,16.0,12.346896774074198,15.433014329940788,0.024443298672598923,6.0
1014.5352713695158,12.0,16.0,12.30826567820732,15.462491904685676,0.0,6.0
1014.7352980397386,12.0,16.0,12.280265334101395,15.491801240080624,0.5,6.0
1014.9353247099613,12.0,16.0,12.242038414855962,15.520942715609522,0.0,6.0
1015.135351380184,12.0,16.0,12.214343345679653,15.549916737167276,0.5,6.0
1015.3353780504067,12.0,16.0,12.176532537156177,15.576509716421143,0.1761698593384362,6.0
1015.5354047206293,12.0,16.0,12.150609896678612,15.60515669057774,0.5681104247627621,6.0
1015.7354313908521,12.0,16.0,12.129504778150599,15.633664189338118,0.9229316503827951,6.0
1015.9354580610748,12.0,16.0,12.11162873255759,15.661189679929482,1.4135865702828467,6.0
1016.1354847312974,12.0,16.0,12.083982436157466,15.688427452147522,0.9135865702828467,6.0
1016.3355114015202,12.0,16.0,12.068001004996548,15.716539888237415,1.4135865702828467,6.0
1016.5355380717428,12.0,16.0,12.0634841275989,15.741276127704722,1.9135865702828467,5.907160631905026
1016.7355647419655,12.0,16.0,12.051920483915195,15.7675503203575,1.5035091629944932,6.0
1016.9355914121883,12.0,16.0,12.047154018378738,15.79538947740694,2.003509162994493,6.0
1017.1356180824109,12.0,16.0,12.051369798817486,15.823160696193332,2.503509162994493,5.9500882210433375
1017.3356447526337,12.0,16.0,12.053785604974761,15.842402964909578,2.003509162994493,5.4500882210433375
1017.5356714228564,12.0,16.0,12.044374830391522,15.870056096074336,1.5035091629944932,5.9500882210433375
1017.735698093079,12.0,16.0,12.02980759695568,15.897042982082882,1.0035091629944932,6.0
1017.9357247633018,12.0,16.0,12.021895128967145,15.91915713069559,1.5035091629944932,5.5
1018.1357514335244,12.0,16.0,12.023567164126334,15.938257398020015,2.003509162994493,5.183862779391395
1018.3357781037471,12.0,16.0,12.010461189590753,15.959730935854052,1.5035091629944932,5.683862779391395
1018.5358047739699,12.0,16.0,12.007956030317382,15.973459552085995,2.003509162994493,5.183862779391395
1018.7358314441925,12.0,16.0,11.99524711337387,15.98448917555517,1.5035091629944932,4.683862779391395
1018.9358581144152,12.0,16.0,11.995854509485861,15.98899294832961,2.003509162994493,4.341216659960455
1019.1358847846379,12.0,16.0,12.003350596835464,15.988748651265572,2.503509162994493,3.8412166599604554
1019.3359114548606,12.0,16.0,12.015510334580867,15.988984933033738,2.7839552927350697,3.8566034508558893
1019.5359381250832,12.0,16.0,12.019025971593368,15.996073176803558,2.2839552927350697,4.356603450855889
1019.735964795306,12.0,16.0,12.014838860855694,16.0057117267955,1.7839552927350697,4.579647515484858
1019.9359914655287,12.0,16.0,12.000735443432818,16.009945414972233,1.2839552927350697,4.079647515484858
1020.1360181357514,12.0,16.0,12.001915454336357,16.018198741643005,1.7839552927350697,4.579647515484858
1020.3360448059741,12.0,16.0,12.004607447914655,16.030186651380873,2.2839552927350697,5.079647515484858
1020.5360714761968,12.0,16.0,12.003707393398432,16.036690798031067,2.129332693133332,4.579647515484858
1020.7360981464195,12.0,16.0,12.009784066920897,16.03970184363312,2.629332693133332,4.079647515484858
1020.9361248166422,12.0,16.0,12.024464461915835,16.047254718634104,3.124705628927699,4.183603470257048
1021.1361514868648,12.0,16.0,12.031843176704411,16.05494699965063,2.624705628927699,4.5494467791679885
1021.3361781570876,12.0,16.0,12.026645021834648,16.05789316010269,2.124705628927699,4.0494467791679885
1021.5362048273103,12.0,16.0,12.030931508871273,16.05619069139815,2.624705628927699,3.5494467791679885
1021.7362314975329,12.0,16.0,12.051367669851608,16.058790437811226,3.124705628927699,4.0494467791679885
1021.9362581677557,12.0,16.0,12.075023788580811,16.05607343399057,3.624705628927699,3.5494467791679885
1022.1362848379783,12.0,16.0,12.089200264855378,16.045306691060315,3.124705628927699,3.0494467791679885
1022.3363115082011,12.0,16.0,12.097709258624631,16.029051556838372,2.624705628927699,2.5494467791679885
1022.5363381784238,12.0,16.0,12.095362577606137,16.018721930258714,2.124705628927699,3.0494467791679885
1022.7363648486464,12.0,16.0,12.10073339122001,16.00587560424963,2.624705628927699,2.5494467791679885
1022.9363915188692,12.0,16.0,12.09890026543426,15.994535278166106,2.124705628927699,3.0494467791679885
1023.1364181890918,12.0,16.0,12.089564555195174,15.990935288120655,1.6247056289276989,3.5494467791679885
1023.3364448593145,12.0,16.0,12.093496827961232,15.992378643504802,2.124705628927699,4.0494467791679885
1023.5364715295373,12.0,16.0,12.084373537146906,16.00137159894531,1.6645091670753618,4.484642131617503
1023.7364981997599,12.0,16.0,12.062631804027179,16.00148370479837,1.1645091670753618,3.9846421316175027
1023.9365248699826,12.0,16.0,12.053547223347964,16.002868797199557,1.6645091670753618,3.9772102240089326
1024.1365515402053,12.0,16.0,12.04587873140281,16.011613787754598,1.8207618061359923,4.477210224008933
1024.3365782104281,12.0,16.0,12.046027511913653,16.013538609273667,2.3207618061359923,3.9772102240089326
1024.5366048806507,12.0,16.0,12.04551705878371,16.01823999937676,2.1524737953105597,4.264802463445775
1024.7366315508734,12.0,16.0,12.039080165942126,16.018571020125687,1.6524737953105597,3.7648024634457746
1024.9366582210962,12.0,16.0,12.024080188299186,16.02138161695367,1.1524737953105597,4.264802463445775
1025.1366848913187,12.0,16.0,12.013638707981668,16.03358901553571,1.6524737953105597,4.718759540495453
1025.3367115615415,12.0,16.0,12.012244512312666,16.038324408299214,2.1524737953105597,4.218759540495453
1025.5367382317643,12.0,16.0,12.004336276180391,16.038462525522217,1.6524737953105597,3.718759540495453
1025.7367649019868,12.0,16.0,12.004493280512767,16.04312388481636,2.1524737953105597,4.218759540495453
1025.9367915722096,12.0,16.0,12.012203703715805,16.040179350058004,2.6524737953105597,3.718759540495453
1026.1368182424324,12.0,16.0,12.027186558033128,16.048755159715444,3.1524737953105597,4.218759540495453
1026.336844912655,12.0,16.0,12.049637923227166,16.047057518242646,3.5601053607536413,3.718759540495453
1026.5368715828777,12.0,16.0,12.072038610888836,16.05399314757463,3.629370699709801,4.218759540495453
1026.7368982531004,12.0,16.0,12.088164676044833,16.058010513022765,3.129370699709801,4.308971313350697
1026.936924923323,12.0,16.0,12.09493393781209,16.054843276021124,2.629370699709801,3.808971313350697
1027.1369515935457,12.0,16.0,12.091847911160183,16.053719804062503,2.129370699709801,3.719237027596698
1027.3369782637685,12.0,16.0,12.084432694292168,16.05693432707417,1.629370699709801,4.219237027596698
1027.537004933991,12.0,16.0,12.065582534063902,16.05679906781853,1.129370699709801,3.719237027596698
1027.7370316042138,12.0,16.0,12.04855250498114,16.048028710941487,1.629370699709801,3.219237027596698
1027.9370582744366,12.0,16.0,12.046078145365058,16.03570760130997,2.129370699709801,2.9206471645676295
1028.1370849446591,12.0,16.0,12.052814753459433,16.03105985314575,2.629370699709801,3.4206471645676295
1028.337111614882,12.0,16.0,12.049581764347195,16.02249233690482,2.129370699709801,3.229323629637961
1028.5371382851047,12.0,16.0,12.050661786160786,16.009753491226135,2.1405787003366505,2.729323629637961
1028.7371649553274,12.0,16.0,12.060170519428771,15.992546338361207,2.6405787003366505,2.229323629637961
1028.93719162555,12.0,16.0,12.063323210373275,15.97933984711034,2.1405787003366505,2.729323629637961
1029.1372182957728,12.0,16.0,12.052068469286452,15.967702396364102,1.6405787003366505,3.229323629637961
1029.3372449659955,12.0,16.0,12.030814364665881,15.952700165472955,1.1405787003366505,2.729323629637961
1029.537271636218,12.0,16.0,12.004356166580036,15.946602068572952,0.6405787003366505,3.229323629637961
1029.7372983064408,12.0,16.0,11.989100395919131,15.942718169501672,1.1405787003366505,3.729323629637961
1029.9373249766636,12.0,16.0,11.98036098024902,15.94790550172934,1.6405787003366505,4.22932362963796
1030.1373516468861,12.0,16.0,11.978025533915892,15.947332973082222,2.1405787003366505,3.7293236296379604
1030.337378317109,12.0,16.0,11.988322736935224,15.9367005052368,2.6405787003366505,3.2293236296379604
1030.5374049873317,12.0,16.0,11.99982150675476,15.928832486807249,2.996253763223155,3.041865516288303
1030.7374316575542,12.0,16.0,12.008351979464901,15.922902211399238,2.7505735400759064,3.541865516288303
1030.937458327777,12.0,16.0,12.021265684565583,15.926978869080811,3.151598430846707,4.041865516288302
1031.1374849979998,12.0,16.0,12.027226290315289,15.931139052102878,2.79828842145859,4.541865516288302
1031.3375116682223,12.0,16.0,12.043403567602635,15.939437139936885,3.29828842145859,4.40410943454526
1031.537538338445,12.0,16.0,12.052677793468982,15.952669187309816,2.79828842145859,4.90410943454526
1031.7375650086678,12.0,16.0,12.05563776355756,15.958818626737381,2.4203598936461663,4.40410943454526
1031.9375916788904,12.0,16.0,12.06358425571358,15.956632625328174,2.9203598936461663,3.9041094345452603
1032.1376183491132,12.0,16.0,12.064448774287408,15.948559083010087,2.4203598936461663,3.4041094345452603
1032.337645019336,12.0,16.0,12.07736634887146,15.952768144739101,2.9203598936461663,3.9041094345452603
1032.5376716895585,12.0,16.0,12.097008931687865,15.960227536667274,3.4203598936461663,4.40410943454526
1032.7376983597812,12.0,16.0,12.106568205504521,15.96405710177413,2.9203598936461663,3.9041094345452603
1032.937725030004,12.0,16.0,12.109940112238727,15.972940805301848,2.4203598936461663,4.40410943454526
1033.1377517002265,12.0,16.0,12.114446054370772,15.973340791396058,2.5985809572944136,3.9041094345452603
1033.3377783704493,12.0,16.0,12.112727508241584,15.984097430563418,2.0985809572944136,4.40410943454526
1033.537805040672,12.0,16.0,12.114665665393275,15.987274619832782,2.460006411806535,3.9041094345452603
1033.7378317108949,12.0,16.0,12.114497841478896,15.992870292391363,2.1605960343470785,4.40410943454526
1033.9378583811174,12.0,16.0,12.104968773927311,15.992851567774634,1.6605960343470785,3.9041094345452603
1034.1378850513402,12.0,16.0,12.090830106931508,15.983999575305338,1.1605960343470785,3.4041094345452603
1034.337911721563,12.0,16.0,12.062836663999978,15.97068768462068,0.6605960343470785,2.9041094345452603
1034.5379383917855,12.0,16.0,12.044502434100888,15.962722382248137,1.1605960343470785,3.4041094345452603
1034.7379650620082,12.0,16.0,12.031995195059924,15.963627588026998,1.6605960343470785,3.8564792693693226
1034.937991732231,12.0,16.0,12.029950616886472,15.967777121522978,2.1605960343470785,4.356479269369323
1035.1380184024536,12.0,16.0,12.03898224540949,15.972569780392027,2.6605960343470785,4.653893155026007
1035.3380450726763,12.0,16.0,12.054428378993704,15.98438722129076,3.1605960343470785,4.67121852757489
1035.538071742899,12.0,16.0,12.05970733818118,15.999130904816415,2.6605960343470785,5.17121852757489
1035.7380984131216,12.0,16.0,12.065314744901938,16.008184502282845,2.5621125506185587,4.67121852757489
1035.9381250833444,12.0,16.0,12.064674863266925,16.018953178954707,2.0621125506185587,4.671783234755692
1036.1381517535672,12.0,16.0,12.053458876045106,16.034238006059148,1.5621125506185587,5.171783234755692
1036.3381784237897,12.0,16.0,12.035219484200377,16.043963341801476,1.0621125506185587,4.671783234755692
1036.5382050940125,12.0,16.0,12.02208625796169,16.0499572076712,1.5621125506185587,4.26926150368615
1036.7382317642353,12.0,16.0,12.011165201216366,16.04524523285368,2.0621125506185587,3.76926150368615
1036.9382584344578,12.0,16.0,12.017846279557526,16.03907480355742,2.5621125506185587,3.3756087609807195
1037.1382851046806,12.0,16.0,12.01397147366495,16.02708997405153,2.0621125506185587,2.8756087609807195
1037.3383117749033,12.0,16.0,12.002208599498346,16.0227710815115,1.5621125506185587,3.3756087609807195
1037.5383384451259,12.0,16.0,11.98761547965104,16.02074658466054,1.2087791455477936,3.8756087609807195
1037.7383651153486,12.0,16.0,11.965615489297036,16.030512309794275,0.7087791455477936,4.37560876098072
1037.9383917855714,12.0,16.0,11.949081773721067,16.036828684806558,1.2087791455477936,4.46498713986002
1038.138418455794,12.0,16.0,11.938599311877235,16.03946629706247,1.7087791455477936,3.9649871398600203
1038.3384451260167,12.0,16.0,11.940003538241903,16.048429478650977,2.2087791455477936,4.46498713986002
1038.5384717962395,12.0,16.0,11.950689291956925,16.05070473092148,2.7087791455477936,3.9649871398600203
1038.7384984664623,12.0,16.0,11.958698393866205,16.04687881908928,2.70094517498912,3.7680549220269857
1038.9385251366848,12.0,16.0,11.974217447039482,16.04936690091741,3.20094517498912,4.071028893729685
1039.1385518069076,12.0,16.0,11.979006048548653,16.05014802403345,2.70094517498912,3.9268427892134747
1039.3385784771303,12.0,16.0,11.979397863707458,16.046549618413724,2.20094517498912,3.4268427892134747
1039.5386051473529,12.0,16.0,11.985534703045406,16.035261881077084,2.70094517498912,2.9268427892134747
1039.7386318175757,12.0,16.0,12.001061353493194,16.028940150417544,3.20094517498912,3.4268427892134747
1039.9386584877984,12.0,16.0,12.008372668652951,16.0138671445027,2.70094517498912,2.9268427892134747
1040.138685158021,12.0,16.0,12.023985748065245,16.005987207256126,3.20094517498912,3.4268427892134747
1040.3387118282437,12.0,16.0,12.028795482838294,16.00482311979943,2.70094517498912,3.9268427892134747
1040.5387384984665,12.0,16.0,12.026764295116607,16.009859431392364,2.20094517498912,4.426842789213475
1040.738765168689,12.0,16.0,12.033579172336644,16.025135630480698,2.70094517498912,4.926842789213475
1040.9387918389118,12.0,16.0,12.038215094430507,16.03453827531349,2.20094517498912,4.426842789213475
1041.1388185091346,12.0,16.0,12.047145517734515,16.037930526241762,2.70094517498912,3.9268427892134747
1041.3388451793571,12.0,16.0,12.050658575904825,16.03243886104216,2.20094517498912,3.4268427892134747
1041.53887184958,12.0,16.0,12.043460384195592,16.032367751773883,1.70094517498912,3.9268427892134747
1041.7388985198027,12.0,16.0,12.024230031429376,16.027886554531868,1.20094517498912,3.5378144991964513
1041.9389251900252,12.0,16.0,12.011466716888037,16.031402328167307,1.70094517498912,4.037814499196451
1042.138951860248,12.0,16.0,12.008142830424118,16.03267903698497,2.20094517498912,4.187753155196086
1042.3389785304707,12.0,16.0,12.016177524221728,16.041963927395788,2.5756177298033625,4.687753155196086
1042.5390052006933,12.0,16.0,12.030296938114036,16.054817428929955,3.0756177298033625,4.965598528883357
1042.739031870916,12.0,16.0,12.037085812639813,16.06240002312641,2.5756177298033625,4.465598528883357
1042.9390585411388,12.0,16.0,12.051750227585854,16.065492619233293,3.0756177298033625,3.9655985288833566
1043.1390852113614,12.0,16.0,12.056045185724496,16.061736915358534,2.5978556048956136,3.4655985288833566
1043.3391118815841,12.0,16.0,12.053818819659742,16.047999447235615,2.1281571395764587,2.9655985288833566
1043.539138551807,12.0,16.0,12.041953539707743,16.03247910738111,1.6281571395764587,2.5744531619377193
1043.7391652220297,12.0,16.0,12.020234648692075,16.017333494052096,1.1521678927476238,2.6235335117533563
1043.9391918922522,12.0,16.0,12.004028482236142,16.007733185707288,1.2214194590071805,3.1235335117533563
1044.139218562475,12.0,16.0,11.993420936258202,16.008485331137067,1.7214194590071805,3.6235335117533563
1044.3392452326977,12.0,16.0,11.975386578517789,16.010104406847844,1.2214194590071805,4.123533511753356
1044.5392719029203,12.0,16.0,11.964774273866842,16.010391519434627,1.7214194590071805,4.080729781402999
1044.739298573143,12.0,16.0,11.96553506792915,16.022738781032103,2.2214194590071807,4.580729781402999
1044.9393252433658,12.0,16.0,11.971324744496595,16.026093365281852,2.7214194590071807,4.23700866418117
1045.1393519135884,12.0,16.0,11.986032197882027,16.027409045716084,3.205963478784748,4.064685551406692
1045.3393785838111,12.0,16.0,11.98903505595295,16.024425003720985,2.705963478784748,3.5646855514066917
1045.539405254034,12.0,16.0,12.006525641499064,16.026401020853154,3.205963478784748,4.064685551406692
1045.7394319242565,12.0,16.0,12.026995535579022,16.035175482192844,3.705963478784748,4.379904701577353
1045.9394585944792,12.0,16.0,12.042682432082518,16.043770289755848,3.205963478784748,4.771964100388038
1046.139485264702,12.0,16.0,12.058216765183364,16.049165836916462,3.085929271585319,4.271964100388038
1046.3395119349245,12.0,16.0,12.079505408286087,16.046262271717662,3.585929271585319,3.771964100388038
1046.5395386051473,12.0,16.0,12.095784199392352,16.046037158173075,3.085929271585319,3.9184771575741415
1046.73956527537,12.0,16.0,12.098829634626368,16.04157395438828,2.585929271585319,3.4184771575741415
1046.9395919455926,12.0,16.0,12.09631948104722,16.044206102546735,2.085929271585319,3.9184771575741415
1047.1396186158154,12.0,16.0,12.080691724048593,16.036036907269118,1.5859292715853188,3.4184771575741415
1047.3396452860381,12.0,16.0,12.061956623200803,16.029726345449077,1.0859292715853188,3.381590129497801
1047.5396719562607,12.0,16.0,12.044906606179996,16.01700325510185,1.5859292715853188,2.881590129497801
1047.7396986264835,12.0,16.0,12.03711975443243,15.999274083636465,1.9384276063859391,2.381590129497801
1047.9397252967062,12.0,16.0,12.02578642204247,15.986694748840554,1.4384276063859391,2.881590129497801
1048.1397519669288,12.0,16.0,12.001802040317619,15.984553107551305,0.9519936910290533,3.381590129497801
1048.3397786371515,12.0,16.0,11.974494816256549,15.98884724725068,0.4519936910290533,3.881590129497801
1048.5398053073743,12.0,16.0,11.943400635987247,15.996942531587635,0.3263862030379434,4.381590129497801
1048.739831977597,12.0,16.0,11.91727172693587,15.995722054692552,0.8263862030379434,4.093443629438275
1048.9398586478196,12.0,16.0,11.901691980845158,16.002395899097877,1.3263862030379434,4.302355745412386
1049.1398853180424,12.0,16.0,11.894010597942765,16.003389039794246,1.8263862030379434,3.8023557454123864
1049.3399119882652,12.0,16.0,11.891023132018052,15.997568163819894,2.326386203037943,3.3023557454123864
1049.5399386584877,12.0,16.0,11.89931542521891,15.998115487367205,2.826386203037943,3.8023557454123864
1049.7399653287105,12.0,16.0,11.919895592918667,16.004999379283454,3.326386203037943,4.302355745412386
1049.9399919989332,12.0,16.0,11.947810295520858,16.008508230550863,3.826386203037943,4.0634426774595145
1050.1400186691558,12.0,16.0,11.97659487879561,16.00935951347528,3.8989930684473726,3.8799402963619882
1050.3400453393785,12.0,16.0,11.995199934934478,16.009691869328062,3.3989930684473726,3.9869543199051214
1050.5400720096013,12.0,16.0,12.002784938348508,16.009974677161352,2.8989930684473726,4.02990429581523
1050.7400986798239,12.0,16.0,12.000364345744421,16.003408381119073,2.3989930684473726,3.5299042958152302
1050.9401253500466,12.0,16.0,11.997876157459848,16.006031723702275,2.1117376553230813,4.02990429581523
1051.1401520202694,12.0,16.0,11.983155741166167,16.000192508095587,1.6117376553230813,3.5299042958152302
1051.340178690492,12.0,16.0,11.982208164580989,15.987148029077359,2.1117376553230813,3.0299042958152302
1051.5402053607147,12.0,16.0,11.969665650254164,15.98361443518159,1.643693571802184,3.5299042958152302
1051.7402320309375,12.0,16.0,11.968059046352906,15.986266822557406,2.143693571802184,4.02990429581523
1051.94025870116,12.0,16.0,11.956469467685789,15.984615998756514,1.6436935718021841,4.005501889977127
1052.1402853713828,12.0,16.0,11.955591758322196,15.99342379072802,2.143693571802184,4.505501889977127
1052.3403120416056,12.0,16.0,11.961399975889297,16.00035625039801,2.643693571802184,4.400621693712055
1052.540338711828,12.0,16.0,11.975133484801086,16.006059070645474,3.143693571802184,4.316335245751728
1052.7403653820509,12.0,16.0,11.981217677703896,16.018596035604972,2.7200646991578736,4.816335245751728
1052.9403920522736,12.0,16.0,11.997824192812296,16.028009715584247,3.2200646991578736,4.316335245751728
1053.1404187224962,12.0,16.0,12.01583873078848,16.03708245914133,3.4892713547931966,4.816335245751728
1053.340445392719,12.0,16.0,12.030286303028763,16.04622227866862,2.9892713547931966,4.592319963835615
1053.5404720629417,12.0,16.0,12.042417033662243,16.04998200451797,3.4535671308516243,4.092319963835615
1053.7404987331645,12.0,16.0,12.059995556962779,16.052786636323713,3.168725476211709,3.9739180418579725
1053.940525403387,12.0,16.0,12.08490392858055,16.047717151165752,3.668725476211709,3.4739180418579725
1054.1405520736098,12.0,16.0,12.095806954470385,16.034045784547963,3.168725476211709,2.9739180418579725
1054.3405787438326,12.0,16.0,12.103532414668607,16.025767956404977,2.668725476211709,3.4739180418579725
1054.540605414055,12.0,16.0,12.097993558674743,16.02727791652638,2.168725476211709,3.704664270889862
1054.7406320842779,12.0,16.0,12.08673168669274,16.020298249657117,1.668725476211709,3.259747742833598
1054.9406587545006,12.0,16.0,12.076899543162575,16.018638325329203,1.8938402868129915,3.759747742833598
1055.1406854247232,12.0,16.0,12.060539029709224,16.011615374499854,1.3938402868129915,3.259747742833598
1055.340712094946,12.0,16.0,12.035351587489723,16.00835299292316,0.8938402868129915,3.759747742833598
1055.5407387651687,12.0,16.0,12.002038964766859,16.017571109672062,0.486591546569112,4.259747742833598
1055.7407654353913,12.0,16.0,11.966929110629824,16.026950173712702,0.0,4.759747742833598
1055.940792105614,12.0,16.0,11.93872713026608,16.030127240505937,0.49999999999999994,4.259747742833598
1056.1408187758368,12.0,16.0,11.914852879520348,16.02750933865981,0.9999999999999999,3.759747742833598
1056.3408454460593,12.0,16.0,11.90366701630625,16.026966208411487,1.4999999999999998,3.8002656739844034
1056.5408721162821,12.0,16.0,11.893275974114973,16.029942995059564,1.9999999999999998,4.300265673984404
1056.7408987865049,12.0,16.0,11.89626496711975,16.04439883987011,2.4999999999999996,4.705018176673294
1056.9409254567274,12.0,16.0,11.906078647292114,16.044981426062506,2.9999999999999996,4.205018176673294
1057.1409521269502,12.0,16.0,11.923451405124542,16.043667358428213,3.326709771777852,3.7050181766732937
1057.340978797173,12.0,16.0,11.932417147496816,16.034557102324495,2.9096724499672995,3.2050181766732937
1057.5410054673955,12.0,16.0,11.95326360399098,16.019823120333903,3.4096724499672995,2.7050181766732937
1057.7410321376183,12.0,16.0,11.961936809127204,16.01402818472984,2.9096724499672995,3.2050181766732937
1057.941058807841,12.0,16.0,11.981413281345057,16.01281638242185,3.4096724499672995,3.7050181766732937
1058.1410854780636,12.0,16.0,11.989936033651997,16.01793476281321,2.9096724499672995,4.205018176673294
1058.3411121482864,12.0,16.0,12.005380386272394,16.016776870143346,3.4096724499672995,3.7050181766732937
1058.5411388185091,12.0,16.0,12.01887340373805,16.026538790961382,2.9096724499672995,4.205018176673294
1058.741165488732,12.0,16.0,12.020704559043367,16.039773202163953,2.4096724499672995,4.705018176673294
1058.9411921589544,12.0,16.0,12.01402507492553,16.042403423118746,1.9096724499672995,4.205018176673294
1059.1412188291772,12.0,16.0,12.018265275301774,16.046073373458594,2.4096724499672995,4.248277485054282
1059.3412454994,12.0,16.0,12.030251025249532,16.047956296144577,2.9096724499672995,3.748277485054282
1059.5412721696225,12.0,16.0,12.048891279156413,16.050572287471212,3.4096724499672995,4.248277485054282
1059.7412988398453,12.0,16.0,12.059567334507847,16.049153745515937,2.9096724499672995,3.748277485054282
1059.941325510068,12.0,16.0,12.060681407669984,16.054114652604504,2.4096724499672995,4.248277485054282
1060.1413521802906,12.0,16.0,12.05450300202895,16.05419570828377,1.9096724499672995,3.748277485054282
1060.3413788505134,12.0,16.0,12.053727534215755,16.051980098509947,2.243530054358295,3.6802892938098273
1060.5414055207361,12.0,16.0,12.042561040411314,16.04346414318493,1.743530054358295,3.1802892938098273
1060.7414321909587,12.0,16.0,12.039750966663702,16.036935011055892,2.243530054358295,3.6802892938098273
1060.9414588611814,12.0,16.0,12.030438484392727,16.02832866966428,1.743530054358295,3.1802892938098273
1061.1414855314042,12.0,16.0,12.026173508649096,16.022880821098035,2.2316905777038527,3.6802892938098273
1061.3415122016268,12.0,16.0,12.030278504895653,16.023056585346385,2.7316905777038527,3.671844417452865
1061.5415388718495,12.0,16.0,12.047892679283914,16.02226910409581,3.1517008313586694,3.9007194824146842
1061.7415655420723,12.0,16.0,12.061827387821223,16.029959017290555,2.9397053190934352,4.384262260889737
1061.9415922122948,12.0,16.0,12.062752208398825,16.037228603179848,2.4397053190934352,4.644585715677163
1062.1416188825176,12.0,16.0,12.07132223198956,16.038671012380647,2.7165231328532173,4.144585715677163
1062.3416455527404,12.0,16.0,12.073388844369346,16.033676029420036,2.2165231328532173,3.644585715677163
1062.541672222963,12.0,16.0,12.074504484884901,16.033695198566637,2.2653088925974147,4.059790126512624
1062.7416988931857,12.0,16.0,12.072460058224697,16.031155524716308,2.2947936572286105,3.6953056706173832
1062.9417255634085,12.0,16.0,12.071695263130625,16.025326721125165,2.2062388720112267,3.1953056706173832
1063.141752233631,12.0,16.0,12.056040480155247,16.025557075662302,1.7062388720112267,3.6953056706173832
1063.3417789038538,12.0,16.0,12.05179574840229,16.024362724056047,2.2062388720112267,3.9353907054258386
1063.5418055740765,12.0,16.0,12.040893270907036,16.017909813327588,1.7062388720112267,3.4353907054258386
1063.7418322442993,12.0,16.0,12.02265067822597,16.016708592447458,1.2062388720112267,3.9353907054258386
1063.9418589145218,12.0,16.0,12.006927707055288,16.011984863557092,1.7062388720112267,3.4353907054258386
1064.1418855847446,12.0,16.0,11.983468279687289,15.999312119560663,1.2062388720112267,2.9353907054258386
1064.3419122549674,12.0,16.0,11.974680157472104,15.979063614484671,1.7062388720112267,2.4353907054258386
1064.54193892519,12.0,16.0,11.955427970230533,15.966801073568647,1.2690218963733888,2.9353907054258386
1064.7419655954127,12.0,16.0,11.939189712392293,15.964897493978082,1.7690218963733888,3.4353907054258386
1064.9419922656355,12.0,16.0,11.938388520001123,15.964473699395718,2.269021896373389,3.9353907054258386
1065.142018935858,12.0,16.0,11.943071712392419,15.959519104119813,2.769021896373389,3.4680833460504
1065.3420456060808,12.0,16.0,11.951150643997048,15.959573621917114,3.269021896373389,3.9680833460504
1065.5420722763035,12.0,16.0,11.966767646045227,15.964591194286509,3.368269789107034,4.4680833460504
1065.742098946526,12.0,16.0,11.975140130126503,15.968408196106482,2.868269789107034,3.971157839128617
1065.9421256167489,12.0,16.0,11.989642353854556,15.974966987153195,3.368269789107034,4.471157839128617
1066.1421522869716,12.0,16.0,12.001231722572285,15.986819939065478,2.868269789107034,4.971157839128617
1066.3421789571942,12.0,16.0,12.017974521330503,16.007606032567004,3.368269789107034,5.471157839128617
1066.542205627417,12.0,16.0,12.042038710212895,16.0216214172778,3.7113621806614567,4.971157839128617
1066.7422322976397,12.0,16.0,12.057481087558338,16.028764201479326,3.3623678266673958,4.471157839128617
1066.9422589678622,12.0,16.0,12.064029819667537,16.038798932478763,2.8623678266673958,4.646309966324479
1067.142285638085,12.0,16.0,12.074044522409315,16.041109921001837,3.3151759100473535,4.146309966324479
1067.3423123083078,12.0,16.0,12.093787641832586,16.051502468074577,3.394005509734715,4.646309966324479
1067.5423389785303,12.0,16.0,12.104021008466562,16.059512538810406,2.894005509734715,4.435035758765279
1067.742365648753,12.0,16.0,12.106661454698632,16.060437772033403,2.394005509734715,3.935035758765279
1067.9423923189759,12.0,16.0,12.095954103193767,16.05160282900797,1.8940055097347148,3.435035758765279
1068.1424189891984,12.0,16.0,12.091333492965678,16.043764408864387,1.9631412761066476,2.935035758765279
1068.3424456594212,12.0,16.0,12.077104721069611,16.039683236108264,1.4631412761066476,3.435035758765279
1068.542472329644,12.0,16.0,12.057247141052745,16.027364048879342,0.9631412761066476,2.935035758765279
1068.7424989998667,12.0,16.0,12.025699126391908,16.02310490094339,0.46314127610664757,3.435035758765279
1068.9425256700893,12.0,16.0,12.001681432893808,16.024292730221315,0.9631412761066476,3.935035758765279
1069.142552340312,12.0,16.0,11.981867600934724,16.018400040591228,1.4631412761066476,3.435035758765279
1069.3425790105348,12.0,16.0,11.971273538006285,16.018548078931445,1.9631412761066476,3.6471043181323974
1069.5426056807573,12.0,16.0,11.965006911214862,16.014256458718158,1.7655401647619384,3.8139297113056694
1069.74263235098,12.0,16.0,11.966447738274564,16.00806477889059,2.2655401647619384,3.4289378715828454
1069.9426590212029,12.0,16.0,11.971719590158957,16.009510441540098,2.7655401647619384,3.9289378715828454
1070.1426856914254,12.0,16.0,11.985851163833251,16.00733496622969,3.2655401647619384,3.4289378715828454
1070.3427123616482,12.0,16.0,11.99222370360222,16.008687911095528,2.7655401647619384,3.9289378715828454
1070.542739031871,12.0,16.0,12.009367036444011,16.009893737726745,3.2655401647619384,3.4289378715828454
1070.7427657020935,12.0,16.0,12.013820638336515,15.994509667223689,2.7655401647619384,2.9289378715828454
1070.9427923723163,12.0,16.0,12.006782362770371,15.984724129666677,2.2655401647619384,2.9745740974193087
1071.142819042539,12.0,16.0,12.014214330463055,15.967672873056385,2.7655401647619384,2.4745740974193087
1071.3428457127616,12.0,16.0,12.011126134318594,15.941795621407133,2.2655401647619384,1.9745740974193087
1071.5428723829843,12.0,16.0,12.01784861862232,15.919906883721069,2.7655401647619384,2.4745740974193087
1071.742899053207,12.0,16.0,12.027472470590519,15.913047245233495,2.8238438979189664,2.9745740974193087
1071.9429257234297,12.0,16.0,12.042152040930434,15.908668623973119,3.3238438979189664,3.4745740974193087
1072.1429523936524,12.0,16.0,12.061745926159187,15.912369250400541,3.8238438979189664,3.9745740974193087
1072.3429790638752,12.0,16.0,12.075685306375666,15.92005724844703,3.3238438979189664,4.474574097419309
1072.5430057340977,12.0,16.0,12.07772320805863,15.929701550979278,2.8238438979189664,4.5965583116398605
1072.7430324043205,12.0,16.0,12.083769936765504,15.93215553630877,2.489449502440084,4.0965583116398605
1072.9430590745433,12.0,16.0,12.077851244977701,15.944538838623425,1.9894495024400838,4.5965583116398605
1073.1430857447658,12.0,16.0,12.08063234151841,15.96064765453002,2.489449502440084,5.0965583116398605
1073.3431124149886,12.0,16.0,12.077094746542553,15.978941240144545,1.9894495024400838,5.5965583116398605
1073.5431390852114,12.0,16.0,12.069554024911048,16.006060052354805,2.000409031382871,6.0
1073.7431657554341,12.0,16.0,12.072346108354825,16.026420333361102,2.500409031382871,5.5
1073.9431924256567,12.0,16.0,12.062188950484245,16.053429760361787,2.000409031382871,6.0
1074.1432190958794,12.0,16.0,12.066219865305046,16.072379821062842,2.500409031382871,5.5
1074.3432457661022,12.0,16.0,12.074302964181756,16.0854648341179,3.000409031382871,5.0
1074.5432724363247,12.0,16.0,12.074319178285679,16.096214354547406,2.500409031382871,4.5
1074.7432991065475,12.0,16.0,12.063323331880449,16.09719182419905,2.000409031382871,4.0
1074.9433257767703,12.0,16.0,12.043326979691217,16.08942708101829,1.5004090313828709,3.5
1075.1433524469928,12.0,16.0,12.035999334648082,16.08884324948362,1.9159946382080273,4.0
1075.3433791172156,12.0,16.0,12.035737421488916,16.08617544900942,2.4159946382080273,3.5
1075.5434057874384,12.0,16.0,12.023971962364934,16.076043938292642,1.9159946382080273,3.0
1075.743432457661,12.0,16.0,12.004412951158779,16.059897833230274,1.4159946382080273,2.5
1075.9434591278837,12.0,16.0,11.986706751995857,16.041492320411702,1.4689149975239766,2.152226433538912
1076.1434857981064,12.0,16.0,11.983023297717576,16.027900746828017,1.9689149975239766,2.652226433538912
1076.343512468329,12.0,16.0,11.982320608495902,16.021603221229803,2.4689149975239766,3.152226433538912
1076.5435391385518,12.0,16.0,11.97991805758908,16.015554372696755,2.384460432194558,3.5439324002265544
1076.7435658087745,12.0,16.0,11.96950637894275,16.018440272773123,1.8844604321945582,4.043932400226554
1076.943592478997,12.0,16.0,11.97128385164669,16.0136605893516,2.384460432194558,3.543932400226554
1077.1436191492198,12.0,16.0,11.979994373100226,16.01679177992646,2.884460432194558,4.043932400226554
1077.3436458194426,12.0,16.0,11.995474591943289,16.023495570589887,3.384460432194558,4.371134465393838
1077.5436724896651,12.0,16.0,11.999424087264526,16.021553852029353,2.884460432194558,3.8711344653938378
1077.743699159888,12.0,16.0,12.00446050262246,16.02906132135917,2.672137949581131,4.371134465393838
1077.9437258301107,12.0,16.0,12.011537040888927,16.02903270560587,2.646002786361071,3.8711344653938378
1078.1437525003332,12.0,16.0,12.021521817091424,16.022795540774343,3.146002786361071,3.3711344653938378
1078.343779170556,12.0,16.0,12.026981590305256,16.023748214698827,2.646002786361071,3.8711344653938378
1078.5438058407788,12.0,16.0,12.018957619589788,16.01295773487926,2.146002786361071,3.3711344653938378
1078.7438325110015,12.0,16.0,12.005189944067597,16.013680877739468,1.6460027863610711,3.8711344653938378
1078.943859181224,12.0,16.0,11.982430742108651,16.020480192965397,1.1460027863610711,4.371134465393838
1079.1438858514468,12.0,16.0,11.952355723440274,16.023626967776284,0.6460027863610711,3.8711344653938378
1079.3439125216696,12.0,16.0,11.931707886839925,16.02347705274295,1.1460027863610711,4.0379152530826765
1079.5439391918922,12.0,16.0,11.92139407054696,16.030405787368778,1.6460027863610711,4.346138968276387
1079.743965862115,12.0,16.0,11.915703109083355,16.02987077495481,2.146002786361071,3.846138968276387
1079.9439925323377,12.0,16.0,11.902899750219206,16.02581920492712,1.6460027863610711,3.667362417287721
1080.1440192025602,12.0,16.0,11.899673405072685,16.02026296655522,2.146002786361071,3.5631754961870126
1080.344045872783,12.0,16.0,11.903025062241703,16.009221753201775,2.646002786361071,3.092499018646227
1080.5440725430058,12.0,16.0,11.91239488355782,15.99679470005473,3.146002786361071,2.7899234994292157
1080.7440992132283,12.0,16.0,11.932868467439091,15.989277335455041,3.60642110492957,3.2899234994292157
1080.944125883451,12.0,16.0,11.963078801748637,15.989428858851955,4.10642110492957,3.7899234994292157
1081.1441525536738,12.0,16.0,11.980783098146894,15.994492769428403,3.60642110492957,4.289923499429215
1081.3441792238964,12.0,16.0,11.989381875404117,16.004798372466237,3.10642110492957,4.789923499429215
1081.5442058941192,12.0,16.0,11.993479780738959,16.01003330722489,2.60642110492957,4.289923499429215
1081.744232564342,12.0,16.0,11.98773288711319,16.01626247958217,2.10642110492957,4.32997266515203
1081.9442592345645,12.0,16.0,11.987762265037013,16.01555526582035,2.60642110492957,3.8932688650821405
1082.1442859047872,12.0,16.0,11.988802064728237,16.021230387462705,2.3371753497749093,4.393268865082141
1082.34431257501,12.0,16.0,11.99159935229801,16.021429675898652,2.8371753497749093,3.893268865082141
1082.5443392452325,12.0,16.0,12.009348286073905,16.015380333104332,3.3371753497749093,3.393268865082141
1082.7443659154553,12.0,16.0,12.016448415774272,16.00299357057575,2.866688563540155,2.893268865082141
1082.944392585678,12.0,16.0,12.020538691069982,15.998412671697109,2.366688563540155,3.393268865082141
1083.1444192559006,12.0,16.0,12.024191938041735,15.997865258483023,2.7933322010932238,3.893268865082141
1083.3444459261234,12.0,16.0,12.039516943383195,16.006783446789655,3.2933322010932238,4.393268865082141
1083.5444725963462,12.0,16.0,12.045680937562814,16.014893640179068,2.7933322010932238,4.52248110476167
1083.744499266569,12.0,16.0,12.058648554585504,16.027098553179282,3.2933322010932238,4.6491516491308955
1083.9445259367915,12.0,16.0,12.067897449606981,16.043484752311453,2.7933322010932238,5.1491516491308955
1084.1445526070142,12.0,16.0,12.066539775956308,16.055061382468836,2.2933322010932238,4.6491516491308955
1084.344579277237,12.0,16.0,12.072234347450832,16.05634859394048,2.7933322010932238,4.1491516491308955
1084.5446059474596,12.0,16.0,12.075280757140439,16.057012362882464,2.6141921391781646,4.1153586553833605
1084.7446326176823,12.0,16.0,12.070080370153143,16.05719596577495,2.1141921391781646,3.8273974962677433
1084.944659287905,12.0,16.0,12.054303607503357,16.04881153438997,1.6141921391781646,3.3273974962677433
1085.1446859581276,12.0,16.0,12.043848271315133,16.037653145900435,1.742977119531085,2.8273974962677433
1085.3447126283504,12.0,16.0,12.033623058025686,16.01469469350306,2.0519044981357646,2.3273974962677433
1085.5447392985732,12.0,16.0,12.023212009389361,15.99968552762483,1.71043222908732,2.8159539040414163
1085.7447659687957,12.0,16.0,12.014811993584136,15.991045714697043,2.1070628153882844,3.3159539040414163
1085.9447926390185,12.0,16.0,12.002991632145976,15.980078240666046,1.8281960388403635,3.081622389798965
1086.1448193092413,12.0,16.0,11.986005042016734,15.965142357952981,1.5286198818317522,2.581622389798965
1086.3448459794638,12.0,16.0,11.980173149472364,15.957716558158724,2.0286198818317525,3.081622389798965
1086.5448726496866,12.0,16.0,11.986822656977687,15.954098863116245,2.5286198818317525,3.581622389798965
1086.7448993199093,12.0,16.0,11.976207793699839,15.94576380848857,2.0286198818317525,3.081622389798965
1086.9449259901319,12.0,16.0,11.97149146462206,15.941929009719741,1.7204324215588254,3.581622389798965
1087.1449526603546,12.0,16.0,11.968972495222927,15.944915232482018,2.2204324215588254,4.081622389798965
1087.3449793305774,12.0,16.0,11.971409192354516,15.94265800948663,2.7204324215588254,3.581622389798965
1087.5450060008,12.0,16.0,11.97268519958805,15.944479853204259,2.762486663093762,4.081622389798965
1087.7450326710227,12.0,16.0,11.964854480747226,15.95369095982558,2.262486663093762,4.581622389798965
1087.9450593412455,12.0,16.0,11.968427544636913,15.969504624716892,2.762486663093762,4.886250679047626
1088.145086011468,12.0,16.0,11.983154879978688,15.975830976420802,3.262486663093762,4.386250679047626
1088.3451126816908,12.0,16.0,11.985070128253197,15.979294563406153,2.762486663093762,4.124581110523453
1088.5451393519136,12.0,16.0,11.997589650469846,15.979115819268475,3.262486663093762,3.827610493550463
1088.7451660221363,12.0,16.0,12.020792740281472,15.97900261623298,3.762486663093762,3.754051909819805
1088.945192692359,12.0,16.0,12.035900023102803,15.98793424204813,3.262486663093762,4.254051909819805
1089.1452193625817,12.0,16.0,12.039467431006381,15.98486240003197,2.762486663093762,3.754051909819805
1089.3452460328044,12.0,16.0,12.037345966875854,15.984714450684416,2.262486663093762,3.7844277708256264
1089.545272703027,12.0,16.0,12.044557515839486,15.989787587023237,2.762486663093762,4.284427770825626
1089.7452993732497,12.0,16.0,12.044247952489146,15.989213834308895,2.262486663093762,3.8161821882003673
1089.9453260434725,12.0,16.0,12.035196912065103,15.98220732862567,1.7624866630937621,3.3161821882003673
1090.145352713695,12.0,16.0,12.032540069964726,15.974185004354563,2.262486663093762,2.8161821882003673
1090.3453793839178,12.0,16.0,12.021524664734386,15.965568167313085,1.7624866630937621,3.1126824819971266
1090.5454060541406,12.0,16.0,12.019572808603195,15.955353747542345,2.262486663093762,3.0189692080034334
1090.7454327243631,12.0,16.0,12.006096353889792,15.954575479195752,1.7624866630937621,3.5189692080034334
1090.945459394586,12.0,16.0,12.004660463643326,15.954150290088165,2.262486663093762,3.945405481385169
1091.1454860648087,12.0,16.0,12.00546515210352,15.959153847230738,2.6474993926049346,4.445405481385169
1091.3455127350312,12.0,16.0,12.018827814051424,15.976016469973368,3.1474993926049346,4.945405481385169
1091.545539405254,12.0,16.0,12.037877702643296,15.9843944357295,3.6474993926049346,4.445405481385169
1091.7455660754767,12.0,16.0,12.044412768040162,15.982591804584287,3.1474993926049346,3.945405481385169
1091.9455927456993,12.0,16.0,12.05931167185415,15.98753997731031,3.346069279864321,4.445405481385169
1092.145619415922,12.0,16.0,12.06533804519878,16.002508225133287,2.846069279864321,4.77313367414016
1092.3456460861448,12.0,16.0,12.075520846979279,16.00448316048241,3.147225929272487,4.27313367414016
1092.5456727563674,12.0,16.0,12.079500640281376,16.014134437611762,2.69819644441118,4.77313367414016
1092.7456994265901,12.0,16.0,12.072162110561033,16.019589727554102,2.224925813843335,4.27313367414016
1092.945726096813,12.0,16.0,12.062345858993966,16.022980006462962,1.9205360801270086,4.092158337143917
1093.1457527670354,12.0,16.0,12.059390779575327,16.032265039627234,2.3251564541368954,4.592158337143917
1093.3457794372582,12.0,16.0,12.048921271844252,16.033949582528795,1.8251564541368954,4.092158337143917
1093.545806107481,12.0,16.0,12.04929961949815,16.039617929210387,2.3251564541368954,4.481877261035289
1093.7458327777038,12.0,16.0,12.038099306699289,16.042952594895958,1.8251564541368954,3.9818772610352893
1093.9458594479263,12.0,16.0,12.032647756755484,16.03654749864697,2.141189272742757,3.486220328999708
1094.145886118149,12.0,16.0,12.038123689359752,16.03613118513027,2.641189272742757,3.986220328999708
1094.3459127883718,12.0,16.0,12.030705932041123,16.03621017574799,2.1664119476956256,3.731796844149169
1094.5459394585944,12.0,16.0,12.017545374156523,16.03718944798623,1.6664119476956256,4.231796844149169
1094.7459661288171,12.0,16.0,12.017571547336676,16.044304143368905,2.1664119476956256,4.455597038096981
1094.94599279904,12.0,16.0,12.023563619090364,16.045340235207092,2.6351803369810503,3.9555970380969807
1095.1460194692625,12.0,16.0,12.039008931362954,16.049010409716622,3.1351803369810503,4.413783774705907
1095.3460461394852,12.0,16.0,12.047412909904832,16.050209230699686,2.6351803369810503,3.913783774705907
1095.546072809708,12.0,16.0,12.05698132160741,16.057192404987994,3.108529353729566,4.413783774705907
1095.7460994799305,12.0,16.0,12.056313274891348,16.061195818764457,2.608529353729566,3.913783774705907
1095.9461261501533,12.0,16.0,12.068971291194414,16.06768802655417,3.0599060091014856,4.413783774705907
1096.146152820376,12.0,16.0,12.085143552689114,16.068587339265683,3.5599060091014856,3.913783774705907
1096.3461794905986,12.0,16.0,12.095690918229938,16.063715130648482,3.0599060091014856,3.413783774705907
1096.5462061608214,12.0,16.0,12.098739262459357,16.054840385034815,2.5599060091014856,2.913783774705907
1096.7462328310442,12.0,16.0,12.087879143989426,16.050288525086238,2.0599060091014856,3.336544240981121
1096.9462595012667,12.0,16.0,12.076933176981,16.040044528369698,1.5599060091014856,2.836544240981121
1097.1462861714895,12.0,16.0,12.059108360527707,16.03308023398715,1.2810247006756272,2.9611943120594293
1097.3463128417122,12.0,16.0,12.027743535684483,16.016203263306423,0.7810247006756272,2.4611943120594293
1097.5463395119348,12.0,16.0,12.003985103900405,16.004389927338526,0.8735667850327756,2.9611943120594293
1097.7463661821575,12.0,16.0,11.986865019852678,15.997794186140178,1.3735667850327755,3.4611943120594293
1097.9463928523803,12.0,16.0,11.972255912303565,15.985854406486014,1.8735667850327755,3.1713716712748528
1098.1464195226029,12.0,16.0,11.968510932196354,15.979957693343799,2.3735667850327755,3.6713716712748528
1098.3464461928256,12.0,16.0,11.97092702725345,15.981564220239678,2.8735667850327755,4.03742342145346
1098.5464728630484,12.0,16.0,11.98807152152878,15.983394243547362,3.3735667850327755,3.8444043923371165
1098.7464995332712,12.0,16.0,11.996241136149266,15.987226554812104,2.8735667850327755,4.3444043923371165
1098.9465262034937,12.0,16.0,11.998478288506663,15.985213164679955,2.3735667850327755,3.8444043923371165
1099.1465528737165,12.0,16.0,11.992608611756085,15.978846178868872,1.8735667850327755,3.3444043923371165
1099.3465795439392,12.0,16.0,11.988915310448238,15.97791348954432,2.3735667850327755,3.8444043923371165
1099.5466062141618,12.0,16.0,11.976855382414373,15.976303548828188,1.8735667850327755,3.7499838634723135
1099.7466328843846,12.0,16.0,11.977358600441624,15.983119720178953,2.3735667850327755,4.2499838634723135
1099.9466595546073,12.0,16.0,11.977311268575892,15.989876266830255,2.1011990097433264,4.368919348625036
1100.1466862248299,12.0,16.0,11.967219032299578,15.991829248421094,1.943474678547629,3.8689193486250364
1100.3467128950526,12.0,16.0,11.966540586797091,15.98495361694429,2.443474678547629,3.3689193486250364
1100.5467395652754,12.0,16.0,11.958971810516994,15.987533837069995,1.9434746785476291,3.8689193486250364
1100.746766235498,12.0,16.0,11.954775439511666,15.994564752913911,2.443474678547629,4.368919348625036
1100.9467929057207,12.0,16.0,11.968067830606957,16.008681613249,2.9015503380508174,4.868919348625036
1101.1468195759435,12.0,16.0,11.968084109888215,16.01588291768278,2.4015503380508174,4.368919348625036
1101.346846246166,12.0,16.0,11.961597666707624,16.017190903307995,1.9015503380508174,3.8689193486250364
1101.5468729163888,12.0,16.0,11.95970491005349,16.019746036725667,2.4015503380508174,4.368919348625036
1101.7468995866116,12.0,16.0,11.97181376767225,16.01998844309856,2.9015503380508174,3.8689193486250364
1101.946926256834,12.0,16.0,11.969073461243589,16.024391023956248,2.4444627451101377,4.368919348625036
1102.1469529270569,12.0,16.0,11.974859093687783,16.022889028440087,2.9444627451101377,3.8689193486250364
1102.3469795972796,12.0,16.0,11.983594104683814,16.021092230867094,2.8112484389276053,3.7273366356483963
1102.5470062675022,12.0,16.0,11.983416543224823,16.014057656666076,2.543679712505079,3.2273366356483963
1102.747032937725,12.0,16.0,11.98846807479056,16.01278119575638,3.035174565731105,3.7273366356483963
1102.9470596079477,12.0,16.0,11.991863885466898,16.01653812620681,2.535174565731105,4.227336635648396
1103.1470862781703,12.0,16.0,11.99665518038566,16.01404190064008,2.691786930668346,3.7273366356483963
1103.347112948393,12.0,16.0,12.004842836155676,16.006460304758544,2.7348276282744237,3.2273366356483963
1103.5471396186158,12.0,16.0,12.001982299950065,15.99093275686241,2.2348276282744237,2.7273366356483963
1103.7471662888386,12.0,16.0,12.005519119359883,15.97488293384615,2.7348276282744237,2.2273366356483963
1103.947192959061,12.0,16.0,11.998184054282817,15.961598184076463,2.2348276282744237,2.7273366356483963
1104.1472196292839,12.0,16.0,11.988660082463875,15.957874553943665,1.7348276282744237,3.2273366356483963
1104.3472462995067,12.0,16.0,11.980885266896237,15.958315243323431,2.2348276282744237,3.7273366356483963
1104.5472729697292,12.0,16.0,11.97423003657586,15.967151465639082,2.031865022636547,4.227336635648396
1104.747299639952,12.0,16.0,11.97214476239811,15.976346356938508,2.531865022636547,4.727336635648396
1104.9473263101747,12.0,16.0,11.975696012205411,15.981261517393373,2.690325296457181,4.314839060030749
1105.1473529803973,12.0,16.0,11.977245967308944,15.994627666553644,2.479214994421424,4.638456582873914
1105.34737965062,12.0,16.0,11.978368398564438,16.013362310003302,2.5148363524081314,5.138456582873914
1105.5474063208428,12.0,16.0,11.992275703387774,16.02468250037474,3.0148363524081314,4.638456582873914
1105.7474329910654,12.0,16.0,11.994631743773207,16.04361017077684,2.6227622508368986,5.138456582873914
1105.9474596612881,12.0,16.0,12.006432428407932,16.055297611192547,3.1227622508368986,4.852268015156923
1106.147486331511,12.0,16.0,12.010423364970098,16.063099233846245,2.6227622508368986,4.352268015156923
1106.3475130017334,12.0,16.0,12.023943438377632,16.062517451837437,3.1227622508368986,3.8522680151569233
1106.5475396719562,12.0,16.0,12.030876122721617,16.061552953088473,2.9071675287687744,3.754612094300571
1106.747566342179,12.0,16.0,12.029683237884695,16.055707702628673,2.5270019397135584,3.254612094300571
1106.9475930124015,12.0,16.0,12.027346193915136,16.046873332167667,2.0270019397135584,2.754612094300571
1107.1476196826243,12.0,16.0,12.022128479060449,16.029657090874807,2.0818059071692145,2.254612094300571
1107.347646352847,12.0,16.0,12.021252057292857,16.014848419507402,2.155156727247258,2.754612094300571
1107.5476730230696,12.0,16.0,12.023380497651374,16.008600293137736,2.6338177301208714,3.254612094300571
1107.7476996932924,12.0,16.0,12.03475023423849,16.009484562751616,3.1338177301208714,3.754612094300571
1107.9477263635151,12.0,16.0,12.041269993960038,16.00545235960471,2.6338177301208714,3.2680476872903066
1108.1477530337377,12.0,16.0,12.052150866049347,16.00331175160164,3.1338177301208714,3.6286393654414173
1108.3477797039604,12.0,16.0,12.05488065716293,15.994719267629902,2.6338177301208714,3.1286393654414173
1108.5478063741832,12.0,16.0,12.048407129620267,15.992721285795788,2.1338177301208714,3.6286393654414173
1108.747833044406,12.0,16.0,12.034544225818527,15.994876649583572,1.6338177301208714,4.128639365441417
1108.9478597146285,12.0,16.0,12.011940710799035,15.997467937158376,1.1338177301208714,4.094795125461212
1109.1478863848513,12.0,16.0,11.997480179561201,15.995847081434711,1.6338177301208714,3.7258585492507956
1109.347913055074,12.0,16.0,11.980086862726674,15.987875441142986,1.1338177301208714,3.2258585492507956
1109.5479397252966,12.0,16.0,11.94930403234387,15.991165929759593,0.6338177301208714,3.7076404224261355
1109.7479663955194,12.0,16.0,11.928453561156568,15.995935182792772,1.1338177301208714,4.2076404224261355
1109.9479930657421,12.0,16.0,11.913522596098975,15.995848790761523,1.6338177301208714,3.7076404224261355
1110.1480197359647,12.0,16.0,11.90622730375841,15.998410557472416,2.1338177301208714,4.2076404224261355
1110.3480464061874,12.0,16.0,11.910082219465206,15.996204065391638,2.6338177301208714,3.7076404224261355
1110.5480730764102,12.0,16.0,11.922139944218529,15.988041307057546,3.1338177301208714,3.2076404224261355
1110.7480997466328,12.0,16.0,11.941668479345259,15.985699966117622,3.6338177301208714,3.7076404224261355
1110.9481264168555,12.0,16.0,11.966751800888135,15.991263373147595,4.081541226065357,4.2076404224261355
1111.1481530870783,12.0,16.0,11.982204775059731,15.990227656566589,3.581541226065357,3.7076404224261355
1111.3481797573008,12.0,16.0,12.010833337969668,15.993394659500227,4.081541226065357,4.2076404224261355
1111.5482064275236,12.0,16.0,12.035398729509827,15.991046445145049,3.705681636893266,3.7076404224261355
1111.7482330977464,12.0,16.0,12.050153028702683,15.985780743485076,3.205681636893266,3.300910266919289
1111.948259767969,12.0,16.0,12.046620056796169,15.971763047547649,2.705681636893266,2.800910266919289
1112.1482864381917,12.0,16.0,12.043271403677887,15.966976534919898,2.205681636893266,3.300910266919289
1112.3483131084145,12.0,16.0,12.047158058079656,15.965255891328926,2.705681636893266,3.665597182796256
1112.548339778637,12.0,16.0,12.041092558358118,15.969501235162944,2.205681636893266,3.8219750268824995
1112.7483664488598,12.0,16.0,12.030574463582507,15.972629069503304,1.705681636893266,4.3219750268825
1112.9483931190825,12.0,16.0,12.01622018773677,15.970131269240088,1.7739990710260507,3.8219750268825
1113.148419789305,12.0,16.0,12.011623001337401,15.964875887429297,2.2739990710260507,3.3219750268825
1113.3484464595278,12.0,16.0,12.0175251881114,15.967395821525452,2.7739990710260507,3.8219750268825
1113.5484731297506,12.0,16.0,12.013384261343992,15.964896005405116,2.2739990710260507,3.468795099698331
1113.7484997999734,12.0,16.0,12.000515738044411,15.954812864957603,1.7739990710260507,2.968795099698331
1113.948526470196,12.0,16.0,11.992818248605882,15.953208337755942,2.2739990710260507,3.468795099698331
1114.1485531404187,12.0,16.0,11.983747539834033,15.954157414135448,1.7739990710260507,3.5652886149755005
1114.3485798106415,12.0,16.0,11.982775575530905,15.959830904210465,2.2739990710260507,4.0652886149755005
1114.548606480864,12.0,16.0,11.98449040535207,15.956365922608608,2.7739990710260507,3.5652886149755005
1114.7486331510868,12.0,16.0,11.98181667820004,15.949555901880528,2.2739990710260507,3.0652886149755005
1114.9486598213095,12.0,16.0,11.976199419616002,15.944960483811894,2.072603941199134,3.5652886149755005
1115.148686491532,12.0,16.0,11.978827975835907,15.942139021619166,2.572603941199134,3.5851227788200406
1115.3487131617549,12.0,16.0,11.967159791900015,15.935062028007918,2.072603941199134,3.1361629639789435
1115.5487398319776,12.0,16.0,11.967944882580047,15.91977674266519,2.572603941199134,2.6361629639789435
1115.7487665022002,12.0,16.0,11.97716205010154,15.909218026936978,3.072603941199134,3.1361629639789435
1115.948793172423,12.0,16.0,11.991109384502128,15.909618338555154,3.4745831558105222,3.6361629639789435
1116.1488198426457,12.0,16.0,12.006675636912613,15.906181015246432,2.9745831558105222,3.5495936469032534
1116.3488465128682,12.0,16.0,12.006115612406457,15.895926748888495,2.4745831558105222,3.0495936469032534
1116.548873183091,12.0,16.0,12.017691744620775,15.889797380561076,2.9745831558105222,3.5495936469032534
1116.7488998533138,12.0,16.0,12.014935679503012,15.893118371106109,2.7262577717795677,4.049593646903253
1116.9489265235363,12.0,16.0,12.012427347612576,15.903073140541597,2.2262577717795677,4.549593646903253
1117.148953193759,12.0,16.0,11.998037396186449,15.906665357410182,1.7262577717795677,4.049593646903253
1117.3489798639819,12.0,16.0,11.98883581997929,15.913768174758424,1.7456906189084025,4.549593646903253
1117.5490065342044,12.0,16.0,11.973937146281514,15.928778262143249,1.2456906189084025,5.049593646903253
1117.7490332044272,12.0,16.0,11.95866912125624,15.936025587114969,1.7456906189084025,4.549593646903253
1117.94905987465,12.0,16.0,11.953082451686122,15.950048841464953,2.187593511930199,5.049593646903253
1118.1490865448727,12.0,16.0,11.956539559995987,15.960177794657127,2.687593511930199,4.549593646903253
1118.3491132150953,12.0,16.0,11.967268552386141,15.976228145668582,3.187593511930199,5.049593646903253
1118.549139885318,12.0,16.0,11.98772769358793,15.9849372815767,3.687593511930199,4.549593646903253
1118.7491665555408,12.0,16.0,11.999045891687384,15.990417109819449,3.187593511930199,4.049593646903253
1118.9491932257633,12.0,16.0,12.00116362801786,15.985704588070826,2.687593511930199,3.5495936469032534
1119.149219895986,12.0,16.0,12.0151638985324,15.988483799250448,3.187593511930199,4.049593646903253
1119.3492465662089,12.0,16.0,12.017415074089167,15.98455083678647,2.687593511930199,3.5495936469032534
1119.5492732364314,12.0,16.0,12.011211574110728,15.986845427436005,2.187593511930199,4.049593646903253
1119.7492999066542,12.0,16.0,11.999965418723551,15.98169671978058,1.6875935119301988,3.5495936469032534
1119.949326576877,12.0,16.0,11.997206167065308,15.985562638168169,2.187593511930199,3.922729070493625
1120.1493532470995,12.0,16.0,12.001028103796141,15.989166759717387,2.687593511930199,4.4227290704936255
1120.3493799173223,12.0,16.0,12.010551182282795,15.989306083591671,3.187593511930199,3.9864326264318146
1120.549406587545,12.0,16.0,12.013929009120307,15.984999141089212,2.687593511930199,3.4864326264318146
1120.7494332577676,12.0,16.0,12.025818949078044,15.983975415158383,3.0631833582998356,3.6740285182787504
1120.9494599279903,12.0,16.0,12.027036800079427,15.978733945974946,2.5631833582998356,3.2738720895946085
1121.1494865982131,12.0,16.0,12.037435835992005,15.97787056795868,3.0631833582998356,3.501666603654666
1121.3495132684357,12.0,16.0,12.038689556644218,15.968473843139224,2.5631833582998356,3.001666603654666
1121.5495399386584,12.0,16.0,12.037576702504229,15.96419636459343,2.6326585600939856,3.308129402557
1121.7495666088812,12.0,16.0,12.044371404679307,15.949324717270262,3.1326585600939856,2.808129402557
1121.9495932791037,12.0,16.0,12.049520305160632,15.945222658251796,2.6326585600939856,3.308129402557
1122.1496199493265,12.0,16.0,12.05561160153108,15.943494035144017,3.1326585600939856,3.808129402557
1122.3496466195493,12.0,16.0,12.0574679313758,15.93947841502318,2.6326585600939856,3.308129402557
1122.5496732897718,12.0,16.0,12.054678914293593,15.939990156924317,2.1326585600939856,3.808129402557
1122.7496999599946,12.0,16.0,12.053389298612899,15.945841556094098,2.6326585600939856,4.223228813041731
1122.9497266302174,12.0,16.0,12.048253036415707,15.952543765579481,2.1326585600939856,4.528239489746185
1123.1497533004401,12.0,16.0,12.052645809174951,15.955819347975076,2.6326585600939856,4.122114016968986
1123.3497799706627,12.0,16.0,12.045830253466605,15.961268360595296,2.1326585600939856,4.115307033106714
1123.5498066408854,12.0,16.0,12.02845594712456,15.958373254183845,1.6326585600939856,3.6153070331067143
1123.7498333111082,12.0,16.0,12.0252146214066,15.960081942127792,2.1326585600939856,4.115307033106714
1123.9498599813307,12.0,16.0,12.027457420890965,15.964203368648729,2.6326585600939856,4.288411284767648
1124.1498866515535,12.0,16.0,12.04053695179597,15.973316853425718,3.1326585600939856,4.788411284767648
1124.3499133217763,12.0,16.0,12.056392081232367,15.980258744433257,3.576682157913703,4.288411284767648
1124.5499399919988,12.0,16.0,12.068879749021345,15.991934960971175,3.076682157913703,4.788411284767648
1124.7499666622216,12.0,16.0,12.071111881876096,16.00976519471007,2.576682157913703,5.288411284767648
1124.9499933324444,12.0,16.0,12.081902709361264,16.022737301922202,3.076682157913703,4.788411284767648
1125.150020002667,12.0,16.0,12.08946866981664,16.031174700958864,2.943904108092709,4.288411284767648
1125.3500466728897,12.0,16.0,12.091083605553484,16.030005417451267,2.443904108092709,3.7884112847676477
1125.5500733431124,12.0,16.0,12.081100642761482,16.02196305573995,1.9439041080927089,3.2884112847676477
1125.750100013335,12.0,16.0,12.064069947138824,16.00674843788231,1.6842801856160707,2.7884112847676477
1125.9501266835578,12.0,16.0,12.042636249747526,16.000687719443135,1.1842801856160707,3.2884112847676477
1126.1501533537805,12.0,16.0,12.030002940100122,15.988862124704593,1.6842801856160707,2.7884112847676477
1126.350180024003,12.0,16.0,12.00655339023831,15.9851351249165,1.211215360558492,3.2884112847676477
1126.5502066942258,12.0,16.0,11.993157799825475,15.984428530516174,1.711215360558492,3.7884112847676477
1126.7502333644486,12.0,16.0,11.985874319159695,15.97899213360644,2.211215360558492,3.601683825483824
1126.9502600346711,12.0,16.0,11.97648159932588,15.980912415535881,2.133255141005198,4.101683825483824
1127.150286704894,12.0,16.0,11.97849482439285,15.977051542439368,2.633255141005198,3.601683825483824
1127.3503133751167,12.0,16.0,11.973068247231573,15.980562437514315,2.1630004027374827,4.101683825483824
1127.5503400453392,12.0,16.0,11.958240016174884,15.992817165553321,1.6630004027374827,4.601683825483824
1127.750366715562,12.0,16.0,11.956690795443059,15.996031002090794,2.1630004027374827,4.101683825483824
1127.9503933857848,12.0,16.0,11.958303727488408,15.993000038421453,2.6630004027374827,3.601683825483824
1128.1504200560075,12.0,16.0,11.968981368461769,15.993019272371674,3.1630004027374827,4.101683825483824
1128.35044672623,12.0,16.0,11.971506116895492,15.989893251389974,2.773005792425059,3.601683825483824
1128.5504733964528,12.0,16.0,11.963630848516841,15.989948734604438,2.273005792425059,3.9433411547475514
1128.7505000666756,12.0,16.0,11.970557262356287,15.986024469588743,2.773005792425059,3.4433411547475514
1128.9505267368982,12.0,16.0,11.97260299556848,15.987339300158075,2.6628652678992766,3.9433411547475514
1129.150553407121,12.0,16.0,11.967821274316536,15.9963684956722,2.1628652678992766,4.443341154747552
1129.3505800773437,12.0,16.0,11.956168950045495,16.010919712918927,1.6628652678992766,4.943341154747552
1129.5506067475662,12.0,16.0,11.94946458176017,16.018049524987994,2.1628652678992766,4.443341154747552
1129.750633417789,12.0,16.0,11.95218758742964,16.030953208478337,2.6628652678992766,4.743427100269126
1129.9506600880118,12.0,16.0,11.963132643726537,16.048429299777872,3.1628652678992766,5.13117184897764
1130.1506867582343,12.0,16.0,11.972750922436186,16.05852508365096,3.070695670253823,4.63117184897764
1130.350713428457,12.0,16.0,11.987898900704439,16.062928441091554,3.418920396957435,4.13117184897764
1130.5507400986799,12.0,16.0,11.99428346070013,16.06155713539314,2.918920396957435,3.7119064229106016
1130.7507667689024,12.0,16.0,12.010474030509771,16.05788166353749,3.335542425774234,3.7224841663580266
1130.9507934391252,12.0,16.0,12.01880055627495,16.052629456792413,2.835542425774234,3.223626881696447
1131.150820109348,12.0,16.0,12.018669369079682,16.0374684940479,2.335542425774234,2.723626881696447
1131.3508467795705,12.0,16.0,12.005753079329004,16.018883340840777,1.8355424257742339,2.223626881696447
1131.5508734497932,12.0,16.0,12.006338646660934,16.01032469214043,2.335542425774234,2.723626881696447
1131.750900120016,12.0,16.0,12.006768303210237,15.992201843264734,2.5474220353542383,2.223626881696447
1131.9509267902386,12.0,16.0,11.99910473265859,15.979946983602696,2.0474220353542383,2.723626881696447
1132.1509534604613,12.0,16.0,12.001363719393076,15.969979442654132,2.5474220353542383,3.223626881696447
1132.350980130684,12.0,16.0,12.003077968387428,15.96926459365075,2.556759427218341,3.723626881696447
1132.5510068009066,12.0,16.0,12.01420491369927,15.961592714992154,3.056759427218341,3.223626881696447
1132.7510334711294,12.0,16.0,12.018562023982767,15.959979633660934,2.556759427218341,3.723626881696447
1132.9510601413522,12.0,16.0,12.020356271994881,15.965576294221076,2.746889035032921,4.223626881696447
1133.151086811575,12.0,16.0,12.017705769619766,15.964330711962887,2.246889035032921,3.723626881696447
1133.3511134817975,12.0,16.0,12.010530021309686,15.96802013196956,1.746889035032921,4.223626881696447
1133.5511401520203,12.0,16.0,12.0015304895645,15.97964908883733,2.1340387213504872,4.604182464368039
1133.751166822243,12.0,16.0,12.001311557129219,15.981838068505835,2.6340387213504872,4.104182464368039
1133.9511934924656,12.0,16.0,12.012286850168866,15.98019699993822,3.1340387213504872,4.011694558595381
1134.1512201626883,12.0,16.0,12.018240068249645,15.988896194352648,2.6340387213504872,4.511694558595381
1134.351246832911,12.0,16.0,12.009873701856122,16.005580678184245,2.1340387213504872,5.011694558595381
1134.5512735031336,12.0,16.0,12.018988311280825,16.01474963014175,2.6340387213504872,4.511694558595381
1134.7513001733564,12.0,16.0,12.028066955351036,16.029875704422565,2.8697885450106657,5.011694558595381
1134.9513268435792,12.0,16.0,12.029566685587424,16.037964789030564,2.3697885450106657,4.686235961883806
1135.1513535138017,12.0,16.0,12.036702229645748,16.04147889930672,2.8697885450106657,4.186235961883806
1135.3513801840245,12.0,16.0,12.030774044011926,16.04104919139884,2.3697885450106657,3.8400870645697847
1135.5514068542473,12.0,16.0,12.022733841369993,16.032667342047333,2.2415119687020346,3.3400870645697847
1135.7514335244698,12.0,16.0,12.008547452491175,16.025592325962542,1.7415119687020346,3.4094846886152377
1135.9514601946926,12.0,16.0,12.01005202926529,16.02237561484246,2.2415119687020346,3.3783804249116534
1136.1514868649153,12.0,16.0,12.015778016607795,16.010767766335615,2.7415119687020346,2.8783804249116534
1136.3515135351379,12.0,16.0,12.019015334649442,15.993514329211283,2.5979515201093277,2.3783804249116534
1136.5515402053607,12.0,16.0,12.023939489201275,15.975695643600837,2.887869764930408,2.6002322621302585
1136.7515668755834,12.0,16.0,12.041344466185622,15.965092013850404,3.387869764930408,2.9482764740587983
1136.951593545806,12.0,16.0,12.050401304950093,15.961518897385112,2.887869764930408,3.4482764740587983
1137.1516202160287,12.0,16.0,12.051209829902959,15.965144834587178,2.387869764930408,3.9482764740587983
1137.3516468862515,12.0,16.0,12.038128220430966,15.967971739071773,1.8878697649304081,4.141466363347238
1137.551673556474,12.0,16.0,12.038835500589704,15.978971212046893,2.387869764930408,4.641466363347238
1137.7517002266968,12.0,16.0,12.033857904658479,15.98359125129481,1.9329942861745815,4.141466363347238
1137.9517268969196,12.0,16.0,12.033516495698517,15.984019450237394,2.4329942861745817,3.8450379791471483
1138.1517535671424,12.0,16.0,12.039158370435363,15.985633949929094,2.7824498051481785,4.019991032678763
1138.351780237365,12.0,16.0,12.033761634794903,15.996353829255419,2.2824498051481785,4.519991032678763
1138.5518069075877,12.0,16.0,12.038298280018791,15.999188627123049,2.7824498051481785,4.019991032678763
1138.7518335778104,12.0,16.0,12.033458492742584,16.009393944878656,2.2824498051481785,4.519991032678763
1138.951860248033,12.0,16.0,12.021066079663044,16.013459721967795,1.7824498051481785,4.019991032678763
1139.1518869182557,12.0,16.0,12.003951472580027,16.013992906338867,1.4258802687693293,3.8587718761161804
1139.3519135884785,12.0,16.0,11.995164522518431,16.01624328202545,1.9258802687693293,4.35877187611618
1139.551940258701,12.0,16.0,11.997048371046532,16.020295079953698,2.4258802687693293,3.8587718761161804
1139.7519669289238,12.0,16.0,12.007165173636904,16.015563437118395,2.9258802687693293,3.3587718761161804
1139.9519935991466,12.0,16.0,12.02491480613248,16.006007248906766,3.4258802687693293,2.8587718761161804
1140.1520202693691,12.0,16.0,12.041434951921888,15.989356311799252,3.510956305170208,2.3587718761161804
1140.352046939592,12.0,16.0,12.048109889153235,15.964228221221317,3.010956305170208,1.8587718761161804
1140.5520736098147,12.0,16.0,12.044023789475558,15.945936311746,2.510956305170208,2.3587718761161804
1140.7521002800372,12.0,16.0,12.038377656358746,15.923691809022934,2.36630289148431,2.057581334995915
1140.95212695026,12.0,16.0,12.046786282382197,15.894249098048771,2.86630289148431,1.557581334995915
1141.1521536204827,12.0,16.0,12.063307205073103,15.871118469612643,3.36630289148431,2.057581334995915
1141.3521802907053,12.0,16.0,12.07059681410888,15.854980625553326,3.0073599163433533,2.557581334995915
1141.552206960928,12.0,16.0,12.068473005761513,15.846515730686749,2.5073599163433533,3.057581334995915
1141.7522336311508,12.0,16.0,12.059496991915983,15.844249729178244,2.0073599163433533,3.557581334995915
1141.9522603013734,12.0,16.0,12.04085191707407,15.84648903430217,1.5073599163433533,4.0575813349959144
1142.1522869715961,12.0,16.0,12.019118352132184,15.853192567729122,1.0073599163433533,4.274579449059335
1142.352313641819,12.0,16.0,11.9905131432127,15.866964506500855,0.8469094645254764,4.774579449059335
1142.5523403120415,12.0,16.0,11.95574677912267,15.886665254229987,0.34690946452547644,5.247875880056389
1142.7523669822642,12.0,16.0,11.9302040232833,15.900051113277767,0.8469094645254764,4.982643754948142
1142.952393652487,12.0,16.0,11.911389241624619,15.912359948518613,1.3469094645254764,4.482643754948142
1143.1524203227098,12.0,16.0,11.894936040976669,15.92861676688977,1.8469094645254764,4.982643754948142
1143.3524469929323,12.0,16.0,11.890407605975819,15.936479272785153,2.3469094645254764,4.482643754948142
1143.552473663155,12.0,16.0,11.894051166482804,15.950831031062494,2.8469094645254764,4.982643754948142
1143.7525003333778,12.0,16.0,11.907159293951967,15.96105575113317,3.3469094645254764,4.952344643589004
1143.9525270036004,12.0,16.0,11.928733212082472,15.977532702015704,3.8469094645254764,5.271705726348771
1144.1525536738231,12.0,16.0,11.964656839903448,15.99001819124115,4.346909464525476,4.771705726348771
1144.352580344046,12.0,16.0,11.987913404683132,15.996352230497196,3.846909464525476,4.271705726348771
1144.5526070142685,12.0,16.0,12.00080753968789,16.00057504490862,3.346909464525476,4.002139151858604
1144.7526336844912,12.0,16.0,12.014307088231337,16.00957334670555,3.4223132651110775,4.502139151858604
1144.952660354714,12.0,16.0,12.01997674975255,16.02447828509944,2.9223132651110775,5.002139151858604
1145.1526870249365,12.0,16.0,12.018066777539978,16.033830987233827,2.4223132651110775,4.502139151858604
1145.3527136951593,12.0,16.0,12.024967029135324,16.04929803701274,2.9223132651110775,5.002139151858604
1145.552740365382,12.0,16.0,12.044369464298017,16.057494190926345,3.4223132651110775,4.502139151858604
1145.7527670356046,12.0,16.0,12.055084926177486,16.071392898389878,2.9223132651110775,5.002139151858604
1145.9527937058274,12.0,16.0,12.055571807234836,16.07965159194097,2.4223132651110775,4.502139151858604
1146.1528203760502,12.0,16.0,12.061915374762668,16.085743743950836,2.9223132651110775,4.002139151858604
1146.3528470462727,12.0,16.0,12.05927959174877,16.08467742862144,2.4223132651110775,3.5021391518586036
1146.5528737164955,12.0,16.0,12.05133897353151,16.07230961753366,1.9905167178376706,3.0021391518586036
1146.7529003867182,12.0,16.0,12.035891709077625,16.05685643902221,1.4905167178376706,2.5021391518586036
1146.9529270569408,12.0,16.0,12.023126129497,16.034451923154553,1.9905167178376706,2.0021391518586036
1147.1529537271635,12.0,16.0,12.005588666409253,16.01677188698107,1.579078334608767,2.5021391518586036
1147.3529803973863,12.0,16.0,11.99660656568243,16.008760645514155,2.079078334608767,3.0021391518586036
1147.5530070676089,12.0,16.0,11.986350098519557,16.0040367878732,1.775382136084602,3.4474788547323443
1147.7530337378316,12.0,16.0,11.971697605945952,16.008901680561564,1.6719236683052066,3.9474788547323443
1147.9530604080544,12.0,16.0,11.969738389723151,16.001197718064816,2.1719236683052063,3.4474788547323443
1148.1530870782772,12.0,16.0,11.963897968593642,15.992074290273859,1.9058566711256208,3.2495484326404496
1148.3531137484997,12.0,16.0,11.961785165669518,15.983702911542247,2.405856671125621,2.984052529295748
1148.5531404187225,12.0,16.0,11.96460534121583,15.976188682282507,2.905856671125621,3.484052529295748
1148.7531670889452,12.0,16.0,11.983133097382435,15.966797217835973,3.405856671125621,2.984052529295748
1148.9531937591678,12.0,16.0,11.990252901183531,15.965462482035482,2.905856671125621,3.484052529295748
1149.1532204293906,12.0,16.0,11.993612635193104,15.968051049971896,2.5212763173238346,3.984052529295748
1149.3532470996133,12.0,16.0,11.986539547720925,15.965611453343257,2.0212763173238346,3.484052529295748
1149.5532737698359,12.0,16.0,11.978032579220308,15.958562441632578,1.8101331067776487,3.401263776903121
1149.7533004400586,12.0,16.0,11.973222090057703,15.958959352927371,2.3101331067776485,3.772261489962791
1149.9533271102814,12.0,16.0,11.969662956431062,15.955333890141477,2.2920491770792917,3.3019656585884065
1150.153353780504,12.0,16.0,11.96001587891835,15.958158469628797,2.1039770581245025,3.8019656585884065
1150.3533804507267,12.0,16.0,11.947298475557588,15.964296961816727,1.6039770581245025,4.301965658588406
1150.5534071209495,12.0,16.0,11.94167381248621,15.961038041913783,2.1039770581245025,3.801965658588406
1150.753433791172,12.0,16.0,11.943977496331138,15.95231632720023,2.6039770581245025,3.301965658588406
1150.9534604613948,12.0,16.0,11.95785519883237,15.953145025496065,3.1039770581245025,3.801965658588406
1151.1534871316176,12.0,16.0,11.969935588332282,15.95797882941337,3.224845716919818,4.301965658588406
1151.35351380184,12.0,16.0,11.977186675738569,15.959605541021686,2.724845716919818,3.864578168833159
1151.5535404720629,12.0,16.0,11.97093573205965,15.95779752653656,2.224845716919818,3.4952254285920556
1151.7535671422856,12.0,16.0,11.976058924778863,15.958826797239087,2.7055666319286873,3.9952254285920556
1151.9535938125082,12.0,16.0,11.986632301062963,15.959273547474433,3.182751900508803,3.820581877050038
1152.153620482731,12.0,16.0,12.00161278366392,15.967016914311467,3.31928852586084,4.320581877050039
1152.3536471529537,12.0,16.0,12.005683738837254,15.967178648555002,2.81928852586084,3.8205818770500386
1152.5536738231763,12.0,16.0,12.000182005129634,15.963832926004939,2.31928852586084,3.4921130257404434
1152.753700493399,12.0,16.0,12.001095944403758,15.95443848487731,2.6021833992616377,2.9921130257404434
1152.9537271636218,12.0,16.0,11.99690160634426,15.947338953063044,2.1021833992616377,3.4921130257404434
1153.1537538338446,12.0,16.0,11.983563663351442,15.93639182023813,1.6021833992616377,2.9921130257404434
1153.3537805040671,12.0,16.0,11.97383826536158,15.928297058909147,2.1021833992616377,2.962562458721896
1153.55380717429,12.0,16.0,11.961118186715426,15.920115433489281,1.6021833992616377,3.462562458721896
1153.7538338445127,12.0,16.0,11.950688899558312,15.921649839840521,2.1021833992616377,3.962562458721896
1153.9538605147352,12.0,16.0,11.955008830683854,15.918790826940294,2.573624780585725,3.719535259473884
1154.153887184958,12.0,16.0,11.945157162526154,15.925132264603953,2.0942138758277506,4.219535259473884
1154.3539138551807,12.0,16.0,11.946474237355185,15.9265262434112,2.3493944397734428,3.799342671005315
1154.5539405254033,12.0,16.0,11.94530018669501,15.930063922617416,2.394063453581741,4.299342671005315
1154.753967195626,12.0,16.0,11.935232769484774,15.940728444396518,1.894063453581741,4.799342671005315
1154.9539938658488,12.0,16.0,11.938139326357874,15.952188607927013,2.394063453581741,4.647488775855672
1155.1540205360714,12.0,16.0,11.941659082963136,15.961299198615565,2.894063453581741,4.318878391891412
1155.3540472062941,12.0,16.0,11.94551852275332,15.974594905614168,2.4448385033744837,4.818878391891412
1155.554073876517,12.0,16.0,11.953975053716261,15.981073418895837,2.9448385033744837,4.318878391891412
1155.7541005467394,12.0,16.0,11.96533530488696,15.991978123911988,3.158644985813508,4.714182497957888
1155.9541272169622,12.0,16.0,11.969407284579464,15.99900681675473,2.658644985813508,4.214182497957888
1156.154153887185,12.0,16.0,11.976170361726295,16.012955133820647,2.978744082864103,4.714182497957888
1156.3541805574075,12.0,16.0,11.99469385733031,16.021096056278402,3.478744082864103,4.214182497957888
1156.5542072276303,12.0,16.0,12.002008865466019,16.021103780190174,2.978744082864103,3.881380546943811
1156.754233897853,12.0,16.0,11.999652013221048,16.016085609619797,2.478744082864103,3.381380546943811
1156.9542605680756,12.0,16.0,11.992848480032325,16.01812119196248,1.978744082864103,3.881380546943811
1157.1542872382984,12.0,16.0,11.995389873455727,16.02405292617439,2.478744082864103,4.381380546943811
1157.3543139085211,12.0,16.0,11.996864594721636,16.03787861051082,2.5734565482571696,4.881380546943811
1157.5543405787437,12.0,16.0,12.005830739500365,16.05798578690095,3.0734565482571696,5.381380546943811
1157.7543672489664,12.0,16.0,12.016300233278278,16.072307709670667,3.1414830478883538,4.881380546943811
1157.9543939191892,12.0,16.0,12.034550230802937,16.08039246841204,3.6414830478883538,4.381380546943811
1158.154420589412,12.0,16.0,12.041893904913623,16.082599750245894,3.1414830478883538,3.881380546943811
1158.3544472596345,12.0,16.0,12.045459328714893,16.077259800778773,2.6414830478883538,3.381380546943811
1158.5544739298573,12.0,16.0,12.041186022787848,16.064562666227552,2.1414830478883538,2.881380546943811
1158.75450060008,12.0,16.0,12.043049070399485,16.04674080134786,2.6414830478883538,2.381380546943811
1158.9545272703026,12.0,16.0,12.039732921830144,16.038629669386804,2.1414830478883538,2.881380546943811
1159.1545539405254,12.0,16.0,12.02970090121581,16.02324794708353,1.6414830478883538,2.381380546943811
1159.3545806107481,12.0,16.0,12.022732928949708,16.014585334741888,2.0750809800751346,2.881380546943811
1159.5546072809707,12.0,16.0,12.024840237750727,15.999794539414285,2.5750809800751346,2.78074074205756
1159.7546339511935,12.0,16.0,12.018330726164802,15.993505282515443,2.0750809800751346,3.2612208783160717
1159.9546606214162,12.0,16.0,12.020910747862716,15.993354182731233,2.5750809800751346,3.7612208783160717
1160.1546872916388,12.0,16.0,12.01362294792334,15.997145382170725,2.0750809800751346,4.261220878316072
1160.3547139618615,12.0,16.0,12.011066448045062,16.011588150313884,2.5750809800751346,4.761220878316072
1160.5547406320843,12.0,16.0,12.013112952200562,16.014699679462662,2.4462745233318626,4.261220878316072
1160.7547673023068,12.0,16.0,12.005679453587968,16.013535322941962,1.9462745233318626,3.761220878316072
1160.9547939725296,12.0,16.0,11.991500110380967,16.010994113827334,1.4462745233318626,3.261220878316072
1161.1548206427524,12.0,16.0,11.980938708666068,16.009782683334045,1.9462745233318626,3.322830821224132
1161.354847312975,12.0,16.0,11.981749836017643,16.012054452996736,2.4462745233318626,3.822830821224132
1161.5548739831977,12.0,16.0,11.995469984050464,16.01996528088618,2.9462745233318626,4.322830821224132
1161.7549006534205,12.0,16.0,11.993237717339587,16.017819879647046,2.4462745233318626,3.822830821224132
1161.954927323643,12.0,16.0,11.999579364248596,16.01171829606928,2.9462745233318626,3.322830821224132
1162.1549539938658,12.0,16.0,12.00110140786853,16.002825324992518,2.4462745233318626,2.822830821224132
1162.3549806640885,12.0,16.0,12.007948775161852,15.985711563000834,2.9462745233318626,2.322830821224132
1162.555007334311,12.0,16.0,12.006571634479117,15.966158993530879,2.4462745233318626,2.3187677359138066
1162.7550340045339,12.0,16.0,11.995245005786684,15.956100183509136,1.9462745233318626,2.8187677359138066
1162.9550606747566,12.0,16.0,11.981372419872791,15.950970023570607,1.6914011172344017,3.3187677359138066
1163.1550873449794,12.0,16.0,11.979343690393456,15.952645953418775,2.1914011172344017,3.8187677359138066
1163.355114015202,12.0,16.0,11.973293413091477,15.958135254577687,2.1632322261672856,4.318767735913807
1163.5551406854247,12.0,16.0,11.973123679097673,15.963504590307904,2.6632322261672856,3.8187677359138066
1163.7551673556475,12.0,16.0,11.97259229562785,15.968978030532522,2.1632322261672856,4.318767735913807
1163.95519402587,12.0,16.0,11.971734943247958,15.970172924486162,2.6632322261672856,3.8187677359138066
1164.1552206960928,12.0,16.0,11.963972894723053,15.973411495277857,2.1632322261672856,4.318767735913807
1164.3552473663156,12.0,16.0,11.952788727897584,15.975451849583287,1.6632322261672856,3.9803044102113843
1164.555274036538,12.0,16.0,11.94552614421186,15.972004855490152,2.1632322261672856,3.4803044102113843
1164.7553007067609,12.0,16.0,11.949144691162543,15.976766846655238,2.6632322261672856,3.9803044102113843
1164.9553273769836,12.0,16.0,11.94489080977274,15.979495263093282,2.1632322261672856,4.051653213130917
1165.1553540472062,12.0,16.0,11.943233939345243,15.978281160543245,2.6632322261672856,3.6794946629484317
1165.355380717429,12.0,16.0,11.94442203124208,15.985358273817722,2.5128574948959064,4.179494662948432
1165.5554073876517,12.0,16.0,11.941907958945325,15.981361922271512,2.409784142148083,3.679494662948432
1165.7554340578743,12.0,16.0,11.93354789015279,15.976677009434523,2.137342196262257,3.179494662948432
1165.955460728097,12.0,16.0,11.937400765054209,15.971580065403227,2.637342196262257,3.0077969288371125
1166.1554873983198,12.0,16.0,11.947595799482631,15.965272546843686,3.137342196262257,3.2503259691828617
1166.3555140685423,12.0,16.0,11.957243493995277,15.956746842276665,3.145400751863556,3.4780891637080025
1166.555540738765,12.0,16.0,11.967083504585979,15.962467925332202,3.019543385085061,3.9780891637080025
1166.7555674089879,12.0,16.0,11.969151125413735,15.969714228195832,2.7872680765393625,4.245789051834219
1166.9555940792104,12.0,16.0,11.968189226039746,15.98214480488666,2.2872680765393625,4.745789051834219
1167.1556207494332,12.0,16.0,11.973594271024517,16.000096588629038,2.7872680765393625,5.245789051834219
1167.355647419656,12.0,16.0,11.978144379579827,16.012189368552335,2.727767940118323,4.745789051834219
1167.5556740898785,12.0,16.0,11.97588749464833,16.02339506962316,2.227767940118323,4.717326770316118
1167.7557007601013,12.0,16.0,11.967156646423263,16.040684336856874,1.933119361983828,5.0544732025026455
1167.955727430324,12.0,16.0,11.967974036901031,16.054654870713016,2.4331193619838283,4.5544732025026455
1168.1557541005468,12.0,16.0,11.980888905801987,16.05872350013762,2.9331193619838283,4.0544732025026455
1168.3557807707693,12.0,16.0,11.996308675161023,16.05334609257902,3.4331193619838283,3.5544732025026455
1168.555807440992,12.0,16.0,12.00414424530104,16.04346773542997,2.9349677562684793,3.0823808143327938
1168.7558341112149,12.0,16.0,12.007159531603259,16.029056572848862,2.4349677562684793,2.5823808143327938
1168.9558607814374,12.0,16.0,11.998897249295391,16.01903230037911,1.9349677562684793,3.0823808143327938
1169.1558874516602,12.0,16.0,11.994100563824087,16.008745490954674,2.4349677562684793,2.925513056225021
1169.355914121883,12.0,16.0,11.986719506244054,16.00317111800771,1.9349677562684793,3.425513056225021
1169.5559407921055,12.0,16.0,11.970520305107552,15.99194457282326,1.4874444928341308,2.925513056225021
1169.7559674623283,12.0,16.0,11.96791594322601,15.973461280690547,1.9874444928341308,2.425513056225021
1169.955994132551,12.0,16.0,11.945754046775493,15.96080576090472,1.4874444928341308,2.925513056225021
1170.1560208027736,12.0,16.0,11.930726421338123,15.945132899475402,1.5827324389535782,2.4759483692998114
1170.3560474729964,12.0,16.0,11.91399122282674,15.936098875036201,1.4566371534760785,2.9759483692998114
1170.5560741432191,12.0,16.0,11.900482120163515,15.93079570441338,1.9566371534760785,3.4759483692998114
1170.7561008134417,12.0,16.0,11.89830982719936,15.925806318170737,2.4566371534760787,3.1238246533091436
1170.9561274836644,12.0,16.0,11.889899479104022,15.923453151526841,1.9566371534760787,3.6238246533091436
1171.1561541538872,12.0,16.0,11.894401027607437,15.927034778949027,2.4566371534760787,4.123824653309144
1171.3561808241097,12.0,16.0,11.89937410875211,15.935202214537503,2.9566371534760787,4.361461745408051
1171.5562074943325,12.0,16.0,11.914109167821092,15.945541568847638,3.3593365780529756,4.861461745408051
1171.7562341645553,12.0,16.0,11.927135141794897,15.96474506017666,3.1661044492006294,5.361461745408051
1171.9562608347778,12.0,16.0,11.944056538082382,15.97990077997883,3.6661044492006294,4.861461745408051
1172.1562875050006,12.0,16.0,11.965991760167759,15.985701803325066,3.835324761258562,4.361461745408051
1172.3563141752234,12.0,16.0,11.9889553746047,16.00148927819107,3.761084723974292,4.861461745408051
1172.556340845446,12.0,16.0,12.003660075098649,16.006832682654892,3.261084723974292,4.361461745408051
1172.7563675156687,12.0,16.0,12.012842920104742,16.007567814683025,2.8990989404080088,3.861461745408051
1172.9563941858914,12.0,16.0,12.013062269784784,15.999331835602922,2.722116911272884,3.361461745408051
1173.1564208561142,12.0,16.0,12.01124489451849,15.986584023573448,2.222116911272884,2.861461745408051
1173.3564475263368,12.0,16.0,11.998219507043554,15.967538621975105,1.722481301894718,2.361461745408051
1173.5564741965595,12.0,16.0,11.98629800180902,15.954736907333963,1.6132232582556842,2.861461745408051
1173.7565008667823,12.0,16.0,11.983285332572759,15.937641105468328,2.113223258255684,2.3786110884830225
1173.9565275370048,12.0,16.0,11.984089658731838,15.926956511094549,2.613223258255684,2.8786110884830225
1174.1565542072276,12.0,16.0,11.980515720698852,15.92338595642913,2.113223258255684,3.3786110884830225
1174.3565808774504,12.0,16.0,11.972171280178689,15.92577690536185,2.2017649765337253,3.8786110884830225
1174.556607547673,12.0,16.0,11.974896690113704,15.917409504569532,2.7017649765337253,3.3786110884830225
1174.7566342178957,12.0,16.0,11.968752260084704,15.918945283551952,2.2017649765337253,3.8786110884830225
1174.9566608881184,12.0,16.0,11.97289787967921,15.913119891785525,2.7017649765337253,3.3786110884830225
1175.156687558341,12.0,16.0,11.978061335558351,15.913289794167884,2.8089114864172764,3.8786110884830225
1175.3567142285638,12.0,16.0,11.976647180117048,15.916348726736208,2.3089114864172764,4.378611088483023
1175.5567408987865,12.0,16.0,11.978688600554083,15.928975638993816,2.8089114864172764,4.878611088483023
1175.756767569009,12.0,16.0,11.985716051681619,15.937002272361047,3.09307203382268,4.378611088483023
1175.9567942392318,12.0,16.0,11.990354364820451,15.940583175567433,2.59307203382268,4.193084688741328
1176.1568209094546,12.0,16.0,11.98704565278149,15.950466208296975,2.1658569495205233,4.693084688741328
1176.3568475796772,12.0,16.0,11.990629582974723,15.953619832295754,2.6658569495205233,4.193084688741328
1176.5568742499,12.0,16.0,12.001108918887311,15.955923785355385,3.1658569495205233,3.9200082604300346
1176.7569009201227,12.0,16.0,12.00400106916344,15.961756993139415,2.6658569495205233,4.420008260430034
1176.9569275903452,12.0,16.0,12.002368019661604,15.973942380838102,2.1658569495205233,4.8756730005725375
1177.156954260568,12.0,16.0,12.007200319276018,15.98377344804815,2.6658569495205233,4.3756730005725375
1177.3569809307908,12.0,16.0,11.997051038106672,15.997654341472037,2.1658569495205233,4.619726833222805
1177.5570076010133,12.0,16.0,12.001373787982581,16.00068321314604,2.6658569495205233,4.119726833222805
1177.757034271236,12.0,16.0,12.017618778601912,16.009095511827894,3.1658569495205233,4.619726833222805
1177.9570609414588,12.0,16.0,12.021264141311601,16.012825914568346,2.6658569495205233,4.119726833222805
1178.1570876116816,12.0,16.0,12.018690289058506,16.009471725022294,2.286334021191882,3.6197268332228054
1178.3571142819042,12.0,16.0,12.025659625366458,16.008372439981446,2.786334021191882,3.972061242280292
1178.557140952127,12.0,16.0,12.036680879227674,16.006123205878836,3.078668440624318,3.472061242280292
1178.7571676223497,12.0,16.0,12.039086774063064,16.00641141425765,2.6231516212168624,3.972061242280292
1178.9571942925722,12.0,16.0,12.030150101487125,16.017364002627033,2.1231516212168624,4.472061242280292
1179.157220962795,12.0,16.0,12.032218942697044,16.019385202740818,2.6231516212168624,3.972061242280292
1179.3572476330178,12.0,16.0,12.022340366557371,16.026443107541947,2.1231516212168624,4.472061242280292
1179.5572743032403,12.0,16.0,12.024068674609897,16.034472093315117,2.6231516212168624,3.972061242280292
1179.757300973463,12.0,16.0,12.018110399303456,16.03074801089341,2.1231516212168624,3.472061242280292
1179.9573276436859,12.0,16.0,12.019355658913845,16.023797522547692,2.6231516212168624,2.972061242280292
1180.1573543139084,12.0,16.0,12.016344018984926,16.008387782072106,2.3753725154189906,2.472061242280292
1180.3573809841312,12.0,16.0,12.00526721742437,15.99742389941466,1.8753725154189906,2.972061242280292
1180.557407654354,12.0,16.0,12.004820616636723,15.992766960821694,2.3753725154189906,3.472061242280292
1180.7574343245765,12.0,16.0,12.002420306605615,15.985699664513309,2.2452049396941405,3.2945389687099347
1180.9574609947992,12.0,16.0,11.996800388945807,15.973563812636124,1.8949012954793027,2.7945389687099347
1181.157487665022,12.0,16.0,11.996775958999704,15.964449377263374,2.3949012954793027,3.2945389687099347
1181.3575143352446,12.0,16.0,11.99202213143624,15.955710803918256,1.8949012954793027,3.039760865057889
1181.5575410054673,12.0,16.0,11.972229578922276,15.9532084937858,1.3949012954793027,3.539760865057889
1181.75756767569,12.0,16.0,11.965445471800216,15.953467763271247,1.8949012954793027,4.03976086505789
1181.9575943459126,12.0,16.0,11.95958765533235,15.950444877775485,2.1773786544239133,3.5397608650578896
1182.1576210161354,12.0,16.0,11.96159416262759,15.952473686481488,2.6773786544239133,4.03976086505789
1182.3576476863582,12.0,16.0,11.956274965199365,15.96496578669332,2.1773786544239133,4.53976086505789
1182.5576743565807,12.0,16.0,11.94983824270004,15.967596687308964,2.1182280456328715,4.03976086505789
1182.7577010268035,12.0,16.0,11.951290261008358,15.964436931670399,2.6182280456328715,3.5397608650578896
1182.9577276970263,12.0,16.0,11.956778954943676,15.96781066139142,3.1182280456328715,4.03976086505789
1183.157754367249,12.0,16.0,11.964725916068872,15.977454928514748,3.3536173623899592,4.53976086505789
1183.3577810374716,12.0,16.0,11.98703482603573,15.986931587923102,3.8536173623899592,4.5054162802074
1183.5578077076943,12.0,16.0,12.004844454935595,15.99555652942732,3.3536173623899592,4.415082515223217
1183.757834377917,12.0,16.0,12.0277605995866,15.996566989813573,3.8536173623899592,3.915082515223217
1183.9578610481396,12.0,16.0,12.041525126698604,16.003410704723677,3.3536173623899592,4.330931235605973
1184.1578877183624,12.0,16.0,12.05968212313714,16.002488837654315,3.8536173623899592,3.8309312356059726
1184.3579143885852,12.0,16.0,12.069946674919002,16.011435243915745,3.3536173623899592,4.330931235605973
1184.5579410588077,12.0,16.0,12.077611476758797,16.014438631154086,3.0279398031493865,3.8309312356059726
1184.7579677290305,12.0,16.0,12.074009912595907,16.02554681700288,2.5279398031493865,4.330931235605973
1184.9579943992533,12.0,16.0,12.069369204304211,16.038786187402092,2.0279398031493865,4.830931235605973
1185.1580210694758,12.0,16.0,12.058229054593136,16.053737389071355,1.9979734431091074,4.894876675955944
1185.3580477396986,12.0,16.0,12.042143952063702,16.06093801588195,1.6718388791812322,4.394876675955944
1185.5580744099213,12.0,16.0,12.03880588567542,16.059519904513078,2.171838879181232,3.8948766759559437
1185.758101080144,12.0,16.0,12.027446788629812,16.06801020629687,1.671838879181232,4.394876675955944
1185.9581277503667,12.0,16.0,12.021773746209101,16.069229280204183,2.171838879181232,3.8948766759559437
1186.1581544205894,12.0,16.0,12.009339646160477,16.062576163081268,1.8920703329102593,3.3948766759559437
1186.358181090812,12.0,16.0,12.005450562537545,16.051421088061137,2.228180766492731,2.8948766759559437
1186.5582077610347,12.0,16.0,12.011982848067928,16.031549014737827,2.728180766492731,2.3948766759559437
1186.7582344312575,12.0,16.0,12.0117517399504,16.018671189808867,2.6796974996173653,2.8948766759559437
1186.95826110148,12.0,16.0,12.005354528115129,16.012200586478738,2.1796974996173653,3.3948766759559437
1187.1582877717028,12.0,16.0,11.994769580421332,16.002867822542235,1.6796974996173653,2.8948766759559437
1187.3583144419256,12.0,16.0,11.97809404396779,15.988964084367137,1.4058406639326124,2.3948766759559437
1187.5583411121481,12.0,16.0,11.967083695192432,15.96632425405313,1.9058406639326124,1.8948766759559437
1187.758367782371,12.0,16.0,11.962143580620392,15.946735862920429,2.127920041144439,2.3948766759559437
1187.9583944525937,12.0,16.0,11.960024742029349,15.937924929828228,2.627920041144439,2.8948766759559437
1188.1584211228164,12.0,16.0,11.968240103837296,15.928747994995186,3.069059420944365,3.355290122711163
1188.358447793039,12.0,16.0,11.972910114029398,15.932679496209921,2.569059420944365,3.855290122711163
1188.5584744632617,12.0,16.0,11.964938242973114,15.92565035731105,2.069059420944365,3.355290122711163
1188.7585011334845,12.0,16.0,11.970364240542347,15.928114852110063,2.569059420944365,3.855290122711163
1188.958527803707,12.0,16.0,11.965891998055863,15.933984626973473,2.069059420944365,4.355290122711163
1189.1585544739298,12.0,16.0,11.967801539254314,15.936958958953882,2.569059420944365,3.99457995334851
1189.3585811441526,12.0,16.0,11.975864832131132,15.944404890259987,3.069059420944365,4.494579953348509
1189.5586078143751,12.0,16.0,11.985829850363356,15.954483454345127,3.2138759628741944,4.2049859367448
1189.758634484598,12.0,16.0,11.99251281914216,15.967567636985702,2.8043703685823296,4.7049859367448
1189.9586611548207,12.0,16.0,11.989936594523433,15.981029998041818,2.3043703685823296,4.776224459838601
1190.1586878250432,12.0,16.0,11.980465427325782,15.98669631936257,1.9467470093063477,4.276224459838601
1190.358714495266,12.0,16.0,11.980106396106581,15.98721131068494,2.4467470093063475,3.776224459838601
1190.5587411654888,12.0,16.0,11.98686176827462,15.991414397297456,2.9467470093063475,4.005875267514915
1190.7587678357113,12.0,16.0,11.984059113503305,16.00012749108535,2.4467470093063475,4.505875267514915
1190.958794505934,12.0,16.0,11.975737375036202,16.01415997535891,1.9467470093063475,5.005875267514915
1191.1588211761568,12.0,16.0,11.977970131173716,16.020461952895754,2.4467470093063475,4.505875267514915
1191.3588478463794,12.0,16.0,11.964835656796776,16.035112675702596,1.9467470093063475,4.934876541917269
1191.5588745166021,12.0,16.0,11.966149536811653,16.053462366483352,2.4467470093063475,5.376463605896791
1191.758901186825,12.0,16.0,11.974393608987606,16.065487261710214,2.9467470093063475,4.876463605896791
1191.9589278570475,12.0,16.0,11.981289930363815,16.070914458904326,2.7642701252234487,4.376463605896791
1192.1589545272702,12.0,16.0,11.979544531574872,16.075390283260685,2.2642701252234487,3.8764636058967907
1192.358981197493,12.0,16.0,11.98228895848484,16.07317915987079,2.7642701252234487,3.548730097737543
1192.5590078677155,12.0,16.0,11.976494362081942,16.073644382565888,2.285003620483661,4.048730097737542
1192.7590345379383,12.0,16.0,11.974246900036182,16.076500207282578,2.1755605074154216,4.102529038493578
1192.959061208161,12.0,16.0,11.97704135888917,16.071999638499975,2.6755605074154216,3.6025290384935778
1193.1590878783838,12.0,16.0,11.991366673534708,16.074272975039893,3.1755605074154216,4.102529038493578
1193.3591145486064,12.0,16.0,11.99679768282857,16.081190797727235,2.6755605074154216,4.393768050314776
1193.5591412188292,12.0,16.0,12.007646669212807,16.078451696969026,3.1755605074154216,3.893768050314776
1193.759167889052,12.0,16.0,12.008763000588818,16.073024814929692,2.6755605074154216,3.393768050314776
1193.9591945592745,12.0,16.0,12.003456587501512,16.06085251169298,2.1755605074154216,2.893768050314776
1194.1592212294972,12.0,16.0,12.00097448412541,16.054315943349334,2.2828953012513233,3.078290663775646
1194.35924789972,12.0,16.0,12.005595334232952,16.03777298437561,2.7828953012513233,2.578290663775646
1194.5592745699425,12.0,16.0,12.00319761538488,16.026451744291126,2.2828953012513233,2.7764019578028294
1194.7593012401653,12.0,16.0,12.006081914872425,16.008078847302343,2.7828953012513233,2.2764019578028294
1194.959327910388,12.0,16.0,12.00108649083244,15.983808753705864,2.2828953012513233,1.7764019578028294
1195.1593545806106,12.0,16.0,12.002307860684306,15.952166149541585,2.4906390912501646,1.2764019578028294
1195.3593812508334,12.0,16.0,12.010417454079592,15.92945426550233,2.9906390912501646,1.7764019578028294
1195.5594079210562,12.0,16.0,12.025027044826809,15.89762117151843,3.4906390912501646,1.309586366591728
1195.7594345912787,12.0,16.0,12.051105670628433,15.862767751987144,3.9906390912501646,0.809586366591728
1195.9594612615015,12.0,16.0,12.080293632466123,15.821190022458708,4.490639091250165,0.309586366591728
1196.1594879317242,12.0,16.0,12.119421227986216,15.778395161620656,4.990639091250165,0.24232374157277942
1196.3595146019468,12.0,16.0,12.167752458810185,15.735913766521366,5.490639091250165,0.2919208827116266
1196.5595412721696,12.0,16.0,12.224102437917452,15.694209067107959,5.990639091250165,0.15995819960443416
1196.7595679423923,12.0,16.0,12.280035388099096,15.64887227531622,6.0,0.18651297431550973
1196.9595946126149,12.0,16.0,12.334792617017769,15.608196959972643,6.0,0.01993402513024195
1197.1596212828376,12.0,16.0,12.388765715785413,15.567448976976543,6.0,0.34445849419368796
1197.3596479530604,12.0,16.0,12.442639199619215,15.525371223359445,6.0,0.2741643065159203
1197.559674623283,12.0,16.0,12.494804725752052,15.482069359708042,6.0,0.18324280342097815
1197.7597012935057,12.0,16.0,12.547997026954958,15.438735861624606,6.0,0.15995337583416336
1197.9597279637285,12.0,16.0,12.601492871586737,15.395570330021057,6.0,0.035370305362385446
1198.1597546339513,12.0,16.0,12.654584872384888,15.355234738182457,6.0,0.35851434285733674
1198.3597813041738,12.0,16.0,12.706401057342859,15.320332198942635,6.0,0.6282549647565553
1198.5598079743966,12.0,16.0,12.758736055873353,15.279432961430578,6.0,0.42992758015283067
1198.7598346446193,12.0,16.0,12.808186513038072,15.246042559726112,6.0,0.5938046285442915
1198.9598613148419,12.0,16.0,12.859082532455117,15.205516719474044,6.0,0.2987803158578847
1199.1598879850646,12.0,16.0,12.909028081180486,15.16915480918526,6.0,0.3713498321953896
1199.3599146552874,12.0,16.0,12.957190635854708,15.129218611100294,6.0,0.1938508791246657
1199.55994132551,12.0,16.0,13.007636147898635,15.086126928492572,6.0,0.0
1199.7599679957327,12.0,16.0,13.056902506853582,15.048213454447845,6.0,0.370941287308273
1199.9599946659555,12.0,16.0,13.106596578594383,15.015770231172194,6.0,0.5720334869289454
1200.160021336178,15.0,14.0,13.155940367761296,14.98097129526526,6.0,0.7104905561284642
1200.3600480064008,15.0,14.0,13.204926232670765,14.945909873280241,6.0,0.6124476581230931
1200.5600746766236,15.0,14.0,13.252549517252678,14.912335329346837,6.0,0.6482999644267708
1200.760101346846,15.0,14.0,13.300830361817045,14.876827163473855,6.0,0.6247906643759737
1200.9601280170689,15.0,14.0,13.348771034885555,14.847598311574815,6.0,0.9849741813869927
1201.1601546872917,15.0,14.0,13.396380811155716,14.814855269278326,6.0,0.7141823186275784
1201.3601813575142,15.0,14.0,13.44364675662532,14.781444039742937,6.0,0.6244792193977302
1201.560208027737,15.0,14.0,13.490102521811256,14.750570252007519,6.0,0.7291676064688654
1201.7602346979597,15.0,14.0,13.535040761342668,14.712837217095483,6.0,0.4200095819283388
1201.9602613681823,15.0,14.0,13.580242924135247,14.680346632981983,6.0,0.5394832057765774
1202.160288038405,15.0,14.0,13.626140202244837,14.648998461360137,6.0,0.7131566699118215
1202.3603147086278,15.0,14.0,13.67169828379616,14.614899964086105,6.0,0.4137752366020828
1202.5603413788504,15.0,14.0,13.716917440907801,14.583486335311838,6.0,0.7563877803964109
1202.7603680490731,15.0,14.0,13.761152452426993,14.551526587861595,6.0,0.7446746310593957
1202.960394719296,15.0,14.0,13.805706824784995,14.518756918042351,6.0,0.7244078355187672
1203.1604213895187,15.0,14.0,13.84754736423121,14.485018021915083,6.0,0.6819672195402371
1203.3604480597412,15.0,14.0,13.890222255897461,14.456349871729849,6.0,0.7558650958532652
1203.560474729964,15.0,14.0,13.932525463550286,14.43073254287709,6.0,1.1272136990982828
1203.7605014001867,15.0,14.0,13.975831285547647,14.401957302290256,6.0,0.9084904089521528
1203.9605280704093,15.0,14.0,14.018808256069702,14.3673876476362,6.0,0.49643685385198705
1204.160554740632,15.0,14.0,14.06048424618716,14.343665542236911,6.0,0.9723740018305571
1204.3605814108548,15.0,14.0,14.099754509121663,14.314688948801491,6.0,0.8715373078364839
1204.5606080810774,15.0,14.0,14.141820564883776,14.281711981277232,6.0,0.6281435844940829
1204.7606347513001,15.0,14.0,14.182553694994597,14.262127564190168,6.0,1.128143584494083
1204.960661421523,15.0,14.0,14.223887642676447,14.23532961625148,6.0,1.077716111642491
1205.1606880917454,15.0,14.0,14.264960002870703,14.215388185225173,6.0,1.315274534993844
1205.3607147619682,15.0,14.0,14.304109365261816,14.19467291559044,6.0,1.5177892701101976
1205.560741432191,15.0,14.0,14.34315582853614,14.18318278369679,6.0,2.017789270110198
1205.7607681024135,15.0,14.0,14.382506477652086,14.164246983240798,6.0,1.5177892701101978
1205.9607947726363,15.0,14.0,14.422870382407151,14.14267401430497,6.0,1.3609163812888598
1206.160821442859,15.0,14.0,14.462976503634891,14.119281624875386,6.0,1.235899066434515
1206.3608481130816,15.0,14.0,14.50177190081611,14.100277480402017,6.0,1.735899066434515
1206.5608747833044,15.0,14.0,14.541422577909646,14.086424657382272,6.0,1.5718787395606133
1206.7609014535271,15.0,14.0,14.580279663774371,14.066406462476046,6.0,1.4885129401561947
1206.9609281237497,15.0,14.0,14.619437785122972,14.04107645021357,6.0,0.9885129401561947
1207.1609547939725,15.0,14.0,14.654694671887205,14.024032548647751,6.0,1.4885129401561947
1207.3609814641952,15.0,14.0,14.689554402237551,14.016571579245879,5.5,1.9885129401561947
1207.5610081344178,15.0,14.0,14.728214236190254,14.014089237647623,6.0,2.4885129401561947
1207.7610348046405,15.0,14.0,14.766394014016345,14.005074489861475,6.0,1.9885129401561947
1207.9610614748633,15.0,14.0,14.804785747393318,13.998434155169761,6.0,2.4885129401561947
1208.161088145086,15.0,14.0,14.832050648317239,14.00249862465004,5.5,2.9885129401561947
1208.3611148153086,15.0,14.0,14.870333184684052,14.007161697469993,6.0,3.4885129401561947
1208.5611414855314,15.0,14.0,14.899427328962785,14.00846296899303,5.702957007610626,2.9885129401561947
1208.7611681557541,15.0,14.0,14.929748771342249,14.016111147666678,5.202957007610626,3.4885129401561947
1208.9611948259767,15.0,14.0,14.946435470731682,14.02928390142323,4.702957007610626,3.9885129401561947
1209.1612214961995,15.0,14.0,14.966426248212642,14.047750771010262,4.807384705375772,4.488512940156195
1209.3612481664222,15.0,14.0,14.996636617168626,14.063584625644435,5.307384705375772,3.9885129401561947
1209.5612748366448,15.0,14.0,15.016039947187311,14.071206362882528,4.807384705375772,3.4885129401561947
1209.7613015068675,15.0,14.0,15.026132462112415,14.08451075669597,4.307384705375772,3.9885129401561947
1209.9613281770903,15.0,14.0,15.031256891433477,14.10057392566714,3.807384705375772,3.804453174853637
1210.1613548473129,15.0,14.0,15.026674818043459,14.105868425850574,3.307384705375772,3.304453174853637
1210.3613815175356,15.0,14.0,15.030013742650056,14.106724757358654,3.807384705375772,2.804453174853637
1210.5614081877584,15.0,14.0,15.02430931769216,14.099567657507695,3.307384705375772,2.304453174853637
1210.761434857981,15.0,14.0,15.025872437697771,14.088847512819026,3.807384705375772,1.971442210156076
1210.9614615282037,15.0,14.0,15.038155004053092,14.084661156948876,4.2358244122701345,2.4714422101560762
1211.1614881984265,15.0,14.0,15.042131492297564,14.075285860853171,3.9135292862896645,1.9714422101560762
1211.361514868649,15.0,14.0,15.036117489283766,14.072592623711984,3.4135292862896645,2.4714422101560762
1211.5615415388718,15.0,14.0,15.02452107645349,14.060067213148189,2.9135292862896645,1.9714422101560762
1211.7615682090945,15.0,14.0,15.002800036233545,14.05418676394616,2.4135292862896645,2.4714422101560762
1211.961594879317,15.0,14.0,14.992490419189279,14.049637320100782,2.9135292862896645,2.5383405036510993
1212.1616215495399,15.0,14.0,14.969424725463764,14.051432379215857,2.4135292862896645,3.0383405036510993
1212.3616482197626,15.0,14.0,14.957820981965389,14.04734283241824,2.9135292862896645,2.5383405036510993
1212.5616748899852,15.0,14.0,14.936546179598809,14.036668551533959,2.4135292862896645,2.0383405036510993
1212.761701560208,15.0,14.0,14.903287357189274,14.034882131305805,1.9135292862896645,2.5383405036510993
1212.9617282304307,15.0,14.0,14.880735002466018,14.033999678627023,2.4135292862896645,3.0383405036510993
1213.1617549006535,15.0,14.0,14.871617325918013,14.030189021048516,2.9135292862896645,2.5383405036510993
1213.361781570876,15.0,14.0,14.86727039603704,14.019059845705446,3.4135292862896645,2.0383405036510993
1213.5618082410988,15.0,14.0,14.867298947988703,14.000028111766667,3.9135292862896645,1.5383405036510993
1213.7618349113216,15.0,14.0,14.879565882147816,13.990337241605516,4.4135292862896645,2.0383405036510993
1213.961861581544,15.0,14.0,14.900834260586176,13.977605217122889,4.9135292862896645,1.9735095431736247
1214.1618882517669,15.0,14.0,14.927954135712653,13.970938727533918,5.4135292862896645,2.4735095431736247
1214.3619149219896,15.0,14.0,14.948855530220541,13.970690682493707,4.9135292862896645,2.9735095431736247
1214.5619415922122,15.0,14.0,14.964945807612288,13.977698450066992,4.4135292862896645,3.4735095431736247
1214.761968262435,15.0,14.0,14.968201348677805,13.979763802072844,3.9135292862896645,2.9735095431736247
1214.9619949326577,15.0,14.0,14.975333994904222,13.989638823923322,4.106456563131611,3.4735095431736247
1215.1620216028803,15.0,14.0,14.973911367271434,13.990936870111486,3.7513575243981485,2.9735095431736247
1215.362048273103,15.0,14.0,14.966771505178789,13.986214496164793,3.2714250509873923,2.4735095431736247
1215.5620749433258,15.0,14.0,14.96743616454273,13.98594417064981,3.7714250509873923,2.9735095431736247
1215.7621016135483,15.0,14.0,14.95936615730858,13.992203298870082,3.2714250509873923,3.4735095431736247
1215.962128283771,15.0,14.0,14.965830677888157,13.993360845898506,3.7714250509873923,2.9735095431736247
1216.1621549539939,15.0,14.0,14.960333212682213,13.988429735428387,3.2714250509873923,2.4735095431736247
1216.3621816242164,15.0,14.0,14.963477876888486,13.98928915990175,3.7191469164662116,2.9735095431736247
1216.5622082944392,15.0,14.0,14.963119628254017,13.99748949350836,3.4840597815357923,3.4735095431736247
1216.762234964662,15.0,14.0,14.958213989978228,14.01115694299527,3.5088547039525855,3.9735095431736247
1216.9622616348845,15.0,14.0,14.948556202585118,14.01813227889496,3.0088547039525855,3.4735095431736247
1217.1622883051073,15.0,14.0,14.94695717213392,14.022986469768206,3.5088547039525855,2.9735095431736247
1217.36231497533,15.0,14.0,14.953032409654702,14.018279729438762,4.0088547039525855,2.4735095431736247
1217.5623416455526,15.0,14.0,14.961930415198852,14.007806895664896,4.5088547039525855,1.9735095431736247
1217.7623683157753,15.0,14.0,14.969711386336318,14.004222589940051,4.0088547039525855,2.4735095431736247
1217.9623949859981,15.0,14.0,14.966350709931735,14.007296635277829,3.5088547039525855,2.9735095431736247
1218.1624216562209,15.0,14.0,14.956579247825777,14.011261293301501,3.0088547039525855,3.4735095431736247
1218.3624483264434,15.0,14.0,14.951693736701642,14.009536641031104,3.5088547039525855,2.9735095431736247
1218.5624749966662,15.0,14.0,14.95007590521103,14.011176210671671,3.7008726346830767,3.0104207220775616
1218.762501666889,15.0,14.0,14.940876100642203,14.002704660712553,3.2008726346830767,2.5104207220775616
1218.9625283371115,15.0,14.0,14.935504812755669,13.990277772796235,3.7008726346830767,2.0104207220775616
1219.1625550073343,15.0,14.0,14.940361869790248,13.970807231914916,4.200872634683076,1.5104207220775616
1219.362581677557,15.0,14.0,14.950772646706334,13.959335104380349,4.117431263266724,1.86150287521758
1219.5626083477796,15.0,14.0,14.96157953521653,13.951484985151493,4.189782757913044,2.36150287521758
1219.7626350180024,15.0,14.0,14.962488898848788,13.952382793385603,3.6897827579130444,2.86150287521758
1219.9626616882251,15.0,14.0,14.970922043727144,13.951305433476753,4.189782757913044,2.9534053165716507
1220.1626883584477,15.0,14.0,14.98999858197947,13.957596881279178,4.689782757913044,3.4534053165716507
1220.3627150286704,15.0,14.0,14.993494689244562,13.970594611387567,4.189782757913044,3.9534053165716507
1220.5627416988932,15.0,14.0,15.01392168950644,13.97782233403362,4.689782757913044,3.4534053165716507
1220.7627683691157,15.0,14.0,15.02877833533554,13.99404929246589,4.189782757913044,3.9534053165716507
1220.9627950393385,15.0,14.0,15.045936422568799,14.007081879123223,4.689782757913044,3.8311899805729093
1221.1628217095613,15.0,14.0,15.050624972264664,14.010097132738183,4.189782757913044,3.3311899805729093
1221.3628483797838,15.0,14.0,15.04952612716299,14.020916241157693,3.6897827579130444,3.8311899805729093
1221.5628750500066,15.0,14.0,15.046161574478257,14.032613431978852,3.5059443169989524,3.3311899805729093
1221.7629017202294,15.0,14.0,15.031287863101216,14.045786069110163,3.0059443169989524,3.8311899805729093
1221.962928390452,15.0,14.0,15.010435807849953,14.054303301976494,2.5278594760959208,3.3311899805729093
1222.1629550606747,15.0,14.0,14.999814833358244,14.051035545673443,3.0278594760959208,2.8311899805729093
1222.3629817308974,15.0,14.0,14.982835249419367,14.04689789033821,2.5278594760959208,2.3311899805729093
1222.56300840112,15.0,14.0,14.973450735147244,14.031837953398906,3.0278594760959208,1.8311899805729093
1222.7630350713428,15.0,14.0,14.965692068036358,14.009516198806175,3.007132393660905,1.3311899805729093
1222.9630617415655,15.0,14.0,14.95844029154265,13.995888714821099,3.507132393660905,1.8311899805729093
1223.1630884117883,15.0,14.0,14.968839689330203,13.988090399699786,4.007132393660905,2.3311899805729093
1223.3631150820108,15.0,14.0,14.986566572190553,13.987559007097019,4.507132393660905,2.809296916436797
1223.5631417522336,15.0,14.0,15.00990621584614,13.993896018673851,5.007132393660905,3.309296916436797
1223.7631684224564,15.0,14.0,15.021274141274931,14.003603207474123,4.507132393660905,3.809296916436797
1223.963195092679,15.0,14.0,15.038879538224835,14.02114769797264,4.75768993484513,4.3092969164367965
1224.1632217629017,15.0,14.0,15.04721417013812,14.04704809598635,4.25768993484513,4.8092969164367965
1224.3632484331245,15.0,14.0,15.043516872215895,14.067458323951495,3.7576899348451303,4.554194985581628
1224.563275103347,15.0,14.0,15.036904773859208,14.096070133145075,3.2576899348451303,5.0414825436239115
1224.7633017735698,15.0,14.0,15.036730575917604,14.117143535708164,3.7576899348451303,4.5414825436239115
1224.9633284437925,15.0,14.0,15.03210200666985,14.134421896787744,3.2576899348451303,4.0414825436239115
1225.163355114015,15.0,14.0,15.03235685713912,14.144496026748627,3.7576899348451303,3.5414825436239115
1225.3633817842378,15.0,14.0,15.045783115797274,14.149036863430803,4.25768993484513,3.0414825436239115
1225.5634084544606,15.0,14.0,15.048554518605814,14.145977090859146,3.7576899348451303,2.5414825436239115
1225.7634351246832,15.0,14.0,15.051812702350123,14.13463906533368,4.05109373862995,2.0414825436239115
1225.963461794906,15.0,14.0,15.062732785393832,14.121548274154616,4.55109373862995,1.9311979241722113
1226.1634884651287,15.0,14.0,15.072947644345811,14.119250935751056,4.05109373862995,2.4311979241722113
1226.3635151353512,15.0,14.0,15.072725993365015,14.108336073940297,3.55109373862995,1.9311979241722113
1226.563541805574,15.0,14.0,15.067855817689605,14.093480239774344,3.05109373862995,1.4311979241722113
1226.7635684757968,15.0,14.0,15.05083097932373,14.072016362272278,2.55109373862995,0.9311979241722113
1226.9635951460193,15.0,14.0,15.037897453184295,14.053878487333352,2.8542024874194944,1.4311979241722113
1227.163621816242,15.0,14.0,15.032372692377367,14.040923686307384,3.3542024874194944,1.8921426882162216
1227.3636484864649,15.0,14.0,15.023225325882464,14.035088328997707,2.8542024874194944,2.2626739664569215
1227.5636751566874,15.0,14.0,15.006973739720744,14.031279926581133,2.7428095469317233,2.7626739664569215
1227.7637018269102,15.0,14.0,14.981181264768354,14.034947987716885,2.3340860633597624,3.2626739664569215
1227.963728497133,15.0,14.0,14.948873441234795,14.043821968524757,1.8340860633597624,3.7626739664569215
1228.1637551673557,15.0,14.0,14.924315474438423,14.04745092222565,2.3340860633597624,3.2626739664569215
1228.3637818375782,15.0,14.0,14.90791892884136,14.049026724451704,2.8340860633597624,2.7626739664569215
1228.563808507801,15.0,14.0,14.904175812154978,14.042213190094467,3.3340860633597624,2.4535553427975603
1228.7638351780238,15.0,14.0,14.911336929768934,14.034417893230177,3.8340860633597624,2.3065758878470555
1228.9638618482463,15.0,14.0,14.921395053081442,14.033844100925457,4.334086063359763,2.8065758878470555
1229.163888518469,15.0,14.0,14.926541943332374,14.03770654440063,3.834086063359763,3.3065758878470555
1229.3639151886919,15.0,14.0,14.936589999414025,14.047409326447092,4.334086063359763,3.6609620494534103
1229.5639418589144,15.0,14.0,14.95714990284345,14.050573661866492,4.834086063359763,3.1609620494534103
1229.7639685291372,15.0,14.0,14.972817220638476,14.050308835158784,4.334086063359763,2.6609620494534103
1229.96399519936,15.0,14.0,14.975055478978646,14.04275496583362,3.834086063359763,2.1609620494534103
1230.1640218695825,15.0,14.0,14.970332882281836,14.031336584371388,3.334086063359763,1.9353650097502275
1230.3640485398053,15.0,14.0,14.956416134428219,14.024906882439428,2.834086063359763,2.4353650097502273
1230.564075210028,15.0,14.0,14.93750369950567,14.014777145829186,2.334086063359763,1.9353650097502273
1230.7641018802506,15.0,14.0,14.91605150227149,14.008578714498961,2.0605602880647567,2.4353650097502273
1230.9641285504733,15.0,14.0,14.895616870569315,14.008253753896529,2.5605602880647567,2.869255008228594
1231.164155220696,15.0,14.0,14.884339460783302,13.999702909920655,3.0605602880647567,2.369255008228594
1231.3641818909186,15.0,14.0,14.87549380468269,14.00030569074725,3.1796957214687467,2.869255008228594
1231.5642085611414,15.0,14.0,14.86348369560555,13.996533453052875,2.944184649319747,2.369255008228594
1231.7642352313642,15.0,14.0,14.842742737026718,13.998516048553245,2.444184649319747,2.869255008228594
1231.9642619015867,15.0,14.0,14.834105266114404,14.005078429303778,2.944184649319747,3.369255008228594
1232.1642885718095,15.0,14.0,14.835997436711546,14.017568223962028,3.444184649319747,3.869255008228594
1232.3643152420323,15.0,14.0,14.8426158457714,14.021037692792657,3.944184649319747,3.369255008228594
1232.5643419122548,15.0,14.0,14.860140384505275,14.033154367029459,4.288402825056844,3.869255008228594
1232.7643685824776,15.0,14.0,14.878070071825174,14.04032778148886,4.788402825056844,3.369255008228594
1232.9643952527003,15.0,14.0,14.901011314470201,14.042434572353736,5.146718276127551,3.1788599765630012
1233.164421922923,15.0,14.0,14.916635268366969,14.041463416023303,4.646718276127551,2.8997796123746653
1233.3644485931457,15.0,14.0,14.926056993062405,14.036589158196932,4.146718276127551,2.3997796123746653
1233.5644752633684,15.0,14.0,14.928406290942094,14.032842103831799,3.646718276127551,2.8997796123746653
1233.7645019335912,15.0,14.0,14.936450458842359,14.030398450347603,4.146718276127551,2.5968726503732076
1233.9645286038137,15.0,14.0,14.951177546454632,14.017658516305868,4.646718276127551,2.0968726503732076
1234.1645552740365,15.0,14.0,14.95882611373862,14.013274798353057,4.146718276127551,2.5968726503732076
1234.3645819442593,15.0,14.0,14.958269715694799,14.013508235562647,3.646718276127551,3.0968726503732076
1234.5646086144818,15.0,14.0,14.969767786694282,14.012175248010946,4.146718276127551,2.5968726503732076
1234.7646352847046,15.0,14.0,14.987279574742004,14.016741420665955,4.646718276127551,3.0968726503732076
1234.9646619549274,15.0,14.0,15.014961390693957,14.024544040861795,4.996975338017352,3.5968726503732076
1235.16468862515,15.0,14.0,15.035347853358457,14.036371789151497,4.496975338017352,4.096872650373207
1235.3647152953727,15.0,14.0,15.041638919177526,14.047959179196376,3.996975338017352,3.596872650373207
1235.5647419655954,15.0,14.0,15.039760031700121,14.05317654840991,3.496975338017352,3.14706841878736
1235.764768635818,15.0,14.0,15.050383603635485,14.048409998761517,3.996975338017352,2.64706841878736
1235.9647953060407,15.0,14.0,15.048126608412376,14.036997843571955,3.496975338017352,2.14706841878736
1236.1648219762635,15.0,14.0,15.042547795207824,14.031614223366551,2.996975338017352,2.64706841878736
1236.364848646486,15.0,14.0,15.028396412069167,14.022772476090708,2.7009546266334086,2.14706841878736
1236.5648753167088,15.0,14.0,15.003177644685024,14.019160181283025,2.2009546266334086,2.64706841878736
1236.7649019869316,15.0,14.0,14.9845439037511,14.017091964479025,2.7009546266334086,2.504284452581712
1236.9649286571541,15.0,14.0,14.959481448070429,14.005485573711992,2.2009546266334086,2.004284452581712
1237.164955327377,15.0,14.0,14.943266729455631,13.988982187809057,2.7009546266334086,1.5042844525817118
1237.3649819975997,15.0,14.0,14.921243689613757,13.973093815169696,2.4157794361013223,1.60141007617906
1237.5650086678222,15.0,14.0,14.910300328990221,13.958079624079001,2.9157794361013223,1.683185441300281
1237.765035338045,15.0,14.0,14.891790859531703,13.94972388991032,2.4157794361013223,2.183185441300281
1237.9650620082678,15.0,14.0,14.87985719225884,13.9383785421502,2.9157794361013223,2.061845005820447
1238.1650886784905,15.0,14.0,14.861065935734258,13.93572330111848,2.494416060482757,2.561845005820447
1238.365115348713,15.0,14.0,14.85435914229105,13.931197933854753,2.994416060482757,2.3685638597953353
1238.5651420189358,15.0,14.0,14.852924923554633,13.920034356220473,3.494416060482757,2.1912455508169213
1238.7651686891586,15.0,14.0,14.86077349966294,13.91329849758439,3.994416060482757,2.5021029708826186
1238.9651953593811,15.0,14.0,14.877348122424465,13.909136183994478,4.494416060482757,2.5369484044877577
1239.165222029604,15.0,14.0,14.887217971804937,13.906760453002963,3.9944160604827568,3.0369484044877577
1239.3652486998267,15.0,14.0,14.904736886825745,13.914810072871186,4.494416060482757,3.366121333916449
1239.5652753700492,15.0,14.0,14.926106730916004,13.914427623326935,4.994416060482757,2.866121333916449
1239.765302040272,15.0,14.0,14.941526253328373,13.920693153994078,4.494416060482757,3.3170312725025424
1239.9653287104948,15.0,14.0,14.94682271643385,13.933747454797233,3.9944160604827568,3.8170312725025424
1240.1653553807173,15.0,14.0,14.94527193356551,13.938629345036231,3.5272471898662054,3.3170312725025424
1240.36538205094,15.0,14.0,14.931672023187684,13.951972399343294,3.0272471898662054,3.8170312725025424
1240.5654087211628,15.0,14.0,14.93371382031003,13.96469464189133,3.5272471898662054,3.705245629494682
1240.7654353913854,15.0,14.0,14.9261095118536,13.982925202506161,3.0272471898662054,4.205245629494682
1240.9654620616082,15.0,14.0,14.925190535694295,13.99066387898145,3.5272471898662054,3.705245629494682
1241.165488731831,15.0,14.0,14.933594335252419,13.993119291275683,4.0272471898662054,3.205245629494682
1241.3655154020535,15.0,14.0,14.934608565685448,13.991138559507238,3.5272471898662054,2.7798636491380586
1241.5655420722762,15.0,14.0,14.946598087727727,13.998023522990303,4.0272471898662054,3.2798636491380586
1241.765568742499,15.0,14.0,14.956303845026325,14.009847649477035,3.9967103422103074,3.7798636491380586
1241.9655954127215,15.0,14.0,14.969882776054703,14.014132401251183,4.496710342210307,3.3473784838399077
1242.1656220829443,15.0,14.0,14.976609212994113,14.025095202846906,3.9967103422103074,3.8473784838399077
1242.365648753167,15.0,14.0,14.981840176899453,14.034000156107266,3.838141148645068,3.3473784838399077
1242.5656754233896,15.0,14.0,14.982058039453548,14.044353255228646,3.338141148645068,3.8473784838399077
1242.7657020936124,15.0,14.0,14.985094949958226,14.051321159378977,3.6946287628940757,3.3473784838399077
1242.9657287638352,15.0,14.0,14.983919003417329,14.05179181289392,3.1946287628940757,2.8473784838399077
1243.165755434058,15.0,14.0,14.980377328248299,14.042383252139626,3.6946287628940757,2.3473784838399077
1243.3657821042805,15.0,14.0,14.976985692234143,14.028056442765509,3.1946287628940757,1.8473784838399077
1243.5658087745032,15.0,14.0,14.960764135475044,14.009189089571493,2.6946287628940757,1.3473784838399077
1243.765835444726,15.0,14.0,14.939001589971724,13.996356053898385,2.1946287628940757,1.8473784838399077
1243.9658621149485,15.0,14.0,14.921098195488883,13.97531996701502,2.6946287628940757,1.3732235517242715
1244.1658887851713,15.0,14.0,14.91173289915296,13.96154847187626,3.1595988239385258,1.8732235517242715
1244.365915455394,15.0,14.0,14.909223761349491,13.942142053294539,3.6595988239385258,1.3732235517242715
1244.5659421256166,15.0,14.0,14.917937331272542,13.929579280057354,4.159598823938525,1.8732235517242715
1244.7659687958394,15.0,14.0,14.91758902286034,13.920155896988762,3.6595988239385253,2.3732235517242715
1244.9659954660622,15.0,14.0,14.91108372577381,13.914027907810116,3.4321650951336404,2.519288496945733
1245.1660221362847,15.0,14.0,14.906978792966163,13.914421364181784,3.388790079779115,3.019288496945733
1245.3660488065075,15.0,14.0,14.914285155677083,13.923379365655162,3.888790079779115,3.519288496945733
1245.5660754767302,15.0,14.0,14.931700115809226,13.930865531314007,4.388790079779115,3.5200485192172484
1245.7661021469528,15.0,14.0,14.953187790094775,13.931063216923876,4.888790079779115,3.0200485192172484
1245.9661288171756,15.0,14.0,14.963164793526573,13.93894782422055,4.388790079779115,3.5200485192172484
1246.1661554873983,15.0,14.0,14.98538388959963,13.938679867680374,4.888790079779115,3.0200485192172484
1246.3661821576209,15.0,14.0,14.998894592078356,13.935043474246257,4.388790079779115,2.5200485192172484
1246.5662088278436,15.0,14.0,15.005537651458651,13.93667218665163,3.953295829820706,3.0200485192172484
1246.7662354980664,15.0,14.0,15.004795508811045,13.942826385812124,3.453295829820706,3.5200485192172484
1246.966262168289,15.0,14.0,15.00989837714986,13.949703879254118,3.953295829820706,3.569860848372892
1247.1662888385117,15.0,14.0,15.02234283307197,13.95434258578457,4.453295829820706,3.069860848372892
1247.3663155087345,15.0,14.0,15.028969902732586,13.966584210895618,3.953295829820706,3.569860848372892
1247.566342178957,15.0,14.0,15.034945644332677,13.969542988256766,3.9578914917945918,3.069860848372892
1247.7663688491798,15.0,14.0,15.034984884682306,13.979443231550704,3.4578914917945918,3.569860848372892
1247.9663955194026,15.0,14.0,15.041379278555615,13.994696959649922,3.9578914917945918,4.069860848372892
1248.1664221896253,15.0,14.0,15.043196232771354,14.01729695916429,3.4578914917945918,4.569860848372892
1248.3664488598479,15.0,14.0,15.031768376442594,14.030945010046285,2.9578914917945918,4.069860848372892
1248.5664755300706,15.0,14.0,15.013667546180635,14.038553439364279,2.4578914917945918,3.569860848372892
1248.7665022002934,15.0,14.0,15.006750403230376,14.037509227574265,2.9578914917945918,3.069860848372892
1248.966528870516,15.0,14.0,15.007231842080124,14.047145885165554,3.4578914917945918,3.569860848372892
1249.1665555407387,15.0,14.0,14.996770258497184,14.051619311360952,2.9578914917945918,3.069860848372892
1249.3665822109615,15.0,14.0,14.993421604826539,14.04709455022538,3.4578914917945918,2.569860848372892
1249.566608881184,15.0,14.0,15.003559332777924,14.035648714706047,3.9578914917945918,2.069860848372892
1249.7666355514068,15.0,14.0,14.99767729946316,14.01982166421281,3.4578914917945918,1.5698608483728922
1249.9666622216296,15.0,14.0,14.999194587889116,14.010654817770707,3.9578914917945918,2.069860848372892
1250.1666888918521,15.0,14.0,14.993321165470753,13.999166281430396,3.4578914917945918,1.8587727846745352
1250.366715562075,15.0,14.0,15.002330265309986,13.988908187570171,3.9578914917945918,2.097966713482098
1250.5667422322977,15.0,14.0,14.999684554073816,13.983428983303636,3.4578914917945918,2.597966713482098
1250.7667689025202,15.0,14.0,14.988861185320358,13.986221465230251,2.9578914917945918,3.0358228196579424
1250.966795572743,15.0,14.0,14.972049754634513,13.994513561183055,2.4578914917945918,3.5358228196579424
1251.1668222429657,15.0,14.0,14.963075667504139,13.996604649591925,2.9578914917945918,3.0358228196579424
1251.3668489131883,15.0,14.0,14.962575594699096,13.99569715603969,3.4578914917945918,2.7676204253361987
1251.566875583411,15.0,14.0,14.964818765536863,14.002250777143788,3.9578914917945918,3.2676204253361987
1251.7669022536338,15.0,14.0,14.979669708322577,13.996899265452226,4.457891491794592,2.7676204253361987
1251.9669289238564,15.0,14.0,14.989731496779445,13.985165250722225,3.9578914917945918,2.2676204253361987
1252.1669555940791,15.0,14.0,15.000121495749264,13.971521304597696,4.457891491794592,1.7676204253361987
1252.366982264302,15.0,14.0,15.006127847310786,13.961938755964841,3.9578914917945918,1.8873290804944503
1252.5670089345244,15.0,14.0,15.004656314824768,13.955001728067465,3.4578914917945918,2.3873290804944505
1252.7670356047472,15.0,14.0,15.00782253870063,13.942870057889245,3.9578914917945918,1.8873290804944505
1252.96706227497,15.0,14.0,15.006627006885054,13.936696932968733,3.4578914917945918,2.3873290804944505
1253.1670889451927,15.0,14.0,15.000940578069523,13.938592520776291,2.9578914917945918,2.8873290804944505
1253.3671156154153,15.0,14.0,14.998209643193865,13.935292123838193,3.4578914917945918,3.06136389962015
1253.567142285638,15.0,14.0,15.00487534293437,13.942790085045514,3.9578914917945918,3.56136389962015
1253.7671689558608,15.0,14.0,15.000582262667729,13.95619330586696,3.4578914917945918,4.0440475674810905
1253.9671956260834,15.0,14.0,15.0047158910322,13.965199288631382,3.6024889289901108,3.5440475674810905
1254.1672222963061,15.0,14.0,14.996737027289859,13.96659506837501,3.1024889289901108,3.0440475674810905
1254.367248966529,15.0,14.0,14.999446300018937,13.978721264833302,3.6024889289901108,3.5440475674810905
1254.5672756367514,15.0,14.0,15.00362230421951,13.980784592943083,4.102488928990111,3.199472268248056
1254.7673023069742,15.0,14.0,15.019580455754086,13.990971551672137,4.5322030219429115,3.699472268248056
1254.967328977197,15.0,14.0,15.029568162772849,14.010234883346516,4.0322030219429115,4.199472268248056
1255.1673556474195,15.0,14.0,15.043366404202853,14.023928992950163,4.5322030219429115,3.699472268248056
1255.3673823176423,15.0,14.0,15.053673913757741,14.027077388597661,4.0322030219429115,3.2902661645343696
1255.567408987865,15.0,14.0,15.06808992187857,14.027700658386788,4.458766189759881,2.9147092428561763
1255.7674356580876,15.0,14.0,15.073305160274979,14.03169714790284,3.9587661897598814,3.4147092428561763
1255.9674623283104,15.0,14.0,15.067425921904873,14.043317130979537,3.4587661897598814,3.9147092428561763
1256.1674889985331,15.0,14.0,15.057713340215376,14.062954304183904,2.9587661897598814,4.414709242856176
1256.3675156687557,15.0,14.0,15.038322734107142,14.07497344863066,2.4587661897598814,3.9147092428561763
1256.5675423389785,15.0,14.0,15.031298324519467,14.08077378547986,2.9587661897598814,3.4147092428561763
1256.7675690092012,15.0,14.0,15.01740863855685,14.079189867241382,2.4587661897598814,2.9147092428561763
1256.9675956794238,15.0,14.0,15.010683676680706,14.073277955728226,2.9587661897598814,2.4147092428561763
1257.1676223496465,15.0,14.0,14.998238042067463,14.060714900590387,2.6602883833829996,1.9147092428561763
1257.3676490198693,15.0,14.0,14.976780987276047,14.04806412447418,2.1602883833829996,2.1352736950312243
1257.5676756900918,15.0,14.0,14.967615949059587,14.044830560163946,2.6602883833829996,2.6352736950312243
1257.7677023603146,15.0,14.0,14.961299879228811,14.033392851306736,3.1602883833829996,2.1352736950312243
1257.9677290305374,15.0,14.0,14.945855614125957,14.01815443835138,2.6602883833829996,1.6352736950312243
1258.1677557007602,15.0,14.0,14.938826880383834,14.006376157457412,3.1602883833829996,2.1352736950312243
1258.3677823709827,15.0,14.0,14.937553749338036,14.004967900242296,3.6602883833829996,2.6352736950312243
1258.5678090412055,15.0,14.0,14.928928425133886,14.010627848407143,3.1602883833829996,3.1352736950312243
1258.7678357114282,15.0,14.0,14.922949225688091,14.006354670040942,3.270216850864086,2.6352736950312243
1258.9678623816508,15.0,14.0,14.926268888349373,14.008997825990214,3.770216850864086,3.1352736950312243
1259.1678890518735,15.0,14.0,14.938325687377805,14.006986807229712,4.270216850864086,2.834361820180024
1259.3679157220963,15.0,14.0,14.955340223225173,14.001165283271034,4.770216850864086,2.334361820180024
1259.5679423923189,15.0,14.0,14.966734651226094,14.002180590339691,4.270216850864086,2.834361820180024
1259.7679690625416,15.0,14.0,14.976484970291473,14.007413902506933,4.058368127760951,3.334361820180024
1259.9679957327644,15.0,14.0,14.978142751026521,14.01818586664096,3.558368127760951,3.834361820180024
1260.168022402987,15.0,14.0,14.988245526089662,14.037379076232,4.058368127760951,4.334361820180024
1260.3680490732097,15.0,14.0,14.984297718531586,14.049245241594328,3.558368127760951,3.834361820180024
1260.5680757434325,15.0,14.0,14.992047346999023,14.052895975333188,4.058368127760951,3.334361820180024
1260.768102413655,15.0,14.0,14.99754193920738,14.05406231209743,3.7722875314044853,2.834361820180024
1260.9681290838778,15.0,14.0,14.992095295604123,14.05692832964635,3.3682180756738984,3.334361820180024
1261.1681557541006,15.0,14.0,14.99224936475905,14.059018897193136,3.8682180756738984,2.834361820180024
1261.368182424323,15.0,14.0,14.999242872696609,14.067570296940033,4.3169434663460535,3.334361820180024
1261.5682090945459,15.0,14.0,15.012610739539337,14.077667950570932,4.445205018453371,3.834361820180024
1261.7682357647686,15.0,14.0,15.01754472650856,14.100002803898077,3.945205018453371,4.334361820180024
1261.9682624349912,15.0,14.0,15.020629860582092,14.109603662594052,3.5786849897468684,3.834361820180024
1262.168289105214,15.0,14.0,15.029340833391151,14.116211260306455,4.078684989746868,3.334361820180024
1262.3683157754367,15.0,14.0,15.028494063707667,14.127974241846458,3.5786849897468684,3.834361820180024
1262.5683424456593,15.0,14.0,15.019761853101615,14.132243146254035,3.0786849897468684,3.334361820180024
1262.768369115882,15.0,14.0,15.014742756238872,14.127352639867448,3.0462915152243135,2.834361820180024
1262.9683957861048,15.0,14.0,15.009314817031337,14.122126795447349,2.8950167517602674,2.334361820180024
1263.1684224563276,15.0,14.0,15.001532171842465,14.12429653267913,2.733483527641576,2.834361820180024
1263.36844912655,15.0,14.0,14.997429586012972,14.11658784631352,3.233483527641576,2.334361820180024
1263.5684757967729,15.0,14.0,14.986734461908442,14.106044072261385,2.773804401844918,1.8343618201800238
1263.7685024669956,15.0,14.0,14.978378451895988,14.095606046220784,3.227219652275262,1.8600927621995778
1263.9685291372182,15.0,14.0,14.972831082837791,14.084422434123184,3.155392247174216,1.9055792632720843
1264.168555807441,15.0,14.0,14.958496418980678,14.073282051791924,2.655392247174216,1.8553655076009818
1264.3685824776637,15.0,14.0,14.949696533366478,14.054082682460773,3.155392247174216,1.3553655076009818
1264.5686091478863,15.0,14.0,14.93713343704373,14.036428926583758,2.9873193299134257,1.3212075777304884
1264.768635818109,15.0,14.0,14.940589524887516,14.025474220973003,3.4873193299134257,1.8212075777304881
1264.9686624883318,15.0,14.0,14.926567907996548,14.006574785010804,2.9873193299134257,1.3212075777304881
1265.1686891585543,15.0,14.0,14.921659706540668,13.993300467106481,3.1723100841488696,1.8212075777304881
1265.368715828777,15.0,14.0,14.926272994168706,13.97991927510111,3.5664182790498087,1.8262320245520736
1265.5687424989999,15.0,14.0,14.929152399530059,13.970033719610033,3.9691070393963828,2.3262320245520733
1265.7687691692224,15.0,14.0,14.94436124809488,13.968055917538575,4.469107039396382,2.8262320245520733
1265.9687958394452,15.0,14.0,14.954948034006529,13.976094919609366,3.9691070393963823,3.3262320245520733
1266.168822509668,15.0,14.0,14.968250087613997,13.987983236929834,4.469107039396382,3.8262320245520733
1266.3688491798905,15.0,14.0,14.99109254968619,13.991950724355936,4.969107039396382,3.3262320245520733
1266.5688758501133,15.0,14.0,15.017780581885317,14.002732570970863,5.469107039396382,3.8262320245520733
1266.768902520336,15.0,14.0,15.040166602731686,14.019700696948346,4.969107039396382,4.326232024552073
1266.9689291905586,15.0,14.0,15.058303870034925,14.032938562248223,4.469107039396382,3.8262320245520733
1267.1689558607814,15.0,14.0,15.062299168402914,14.041160794379996,3.9691070393963823,3.499376410209357
1267.3689825310041,15.0,14.0,15.058592755084137,14.045621120181986,3.4691070393963823,3.2593457302272726
1267.569009201227,15.0,14.0,15.052544302931594,14.05687644466843,2.9691070393963823,3.7593457302272726
1267.7690358714494,15.0,14.0,15.027874099394898,14.060279631380245,2.4691070393963823,3.2593457302272726
1267.9690625416722,15.0,14.0,15.015548855851682,14.07075011395984,2.9691070393963823,3.7593457302272726
1268.169089211895,15.0,14.0,15.004488046376597,14.077429293103432,3.1296447338775253,3.2593457302272726
1268.3691158821175,15.0,14.0,14.990896066033487,14.088342791978933,2.6296447338775253,3.7593457302272726
1268.5691425523403,15.0,14.0,14.980415365260054,14.092405683603738,3.1296447338775253,3.2593457302272726
1268.769169222563,15.0,14.0,14.983791426026212,14.089301566287736,3.6296447338775253,2.7593457302272726
1268.9691958927856,15.0,14.0,14.97727811689592,14.080488741069432,3.1296447338775253,2.2593457302272726
1269.1692225630084,15.0,14.0,14.965800386356532,14.066356106714892,3.0947772816957193,1.7593457302272726
1269.3692492332311,15.0,14.0,14.967263337497844,14.049982538532813,3.5947772816957193,1.6375078219938122
1269.5692759034537,15.0,14.0,14.958570233408517,14.039190898192164,3.0947772816957193,2.137507821993812
1269.7693025736764,15.0,14.0,14.956901273529935,14.024776626688446,3.5947772816957193,1.637507821993812
1269.9693292438992,15.0,14.0,14.962976642229224,14.001260793760169,4.09477728169572,1.137507821993812
1270.1693559141218,15.0,14.0,14.96500162303651,13.968827785509442,3.5947772816957198,0.637507821993812
1270.3693825843445,15.0,14.0,14.973779949408028,13.94988051794323,4.09477728169572,1.137507821993812
1270.5694092545673,15.0,14.0,14.975463023234248,13.930853335445008,3.5947772816957198,1.637507821993812
1270.7694359247898,15.0,14.0,14.98856882755844,13.921611065453824,4.09477728169572,2.137507821993812
1270.9694625950126,15.0,14.0,14.988946838494309,13.916616271281262,3.5947772816957198,2.637507821993812
1271.1694892652354,15.0,14.0,14.999037713070459,13.91897081448855,4.09477728169572,3.137507821993812
1271.369515935458,15.0,14.0,15.005170567478322,13.926789654738315,3.8511636297122136,3.2911960310058723
1271.5695426056807,15.0,14.0,14.999599922703073,13.93981747880816,3.3511636297122136,3.7911960310058723
1271.7695692759035,15.0,14.0,15.008355350554536,13.949280819263048,3.8511636297122136,3.2911960310058723
1271.969595946126,15.0,14.0,15.00748480182394,13.961010344250498,3.3511636297122136,3.7911960310058723
1272.1696226163488,15.0,14.0,14.994387546345024,13.966864709122683,2.8511636297122136,3.2911960310058723
1272.3696492865715,15.0,14.0,14.98787841476803,13.981603070381102,3.3511636297122136,3.7911960310058723
1272.5696759567943,15.0,14.0,14.977873595984548,13.997721806567101,2.8511636297122136,4.291196031005873
1272.7697026270168,15.0,14.0,14.956166299259712,14.009086712143786,2.3511636297122136,3.94730426326469
1272.9697292972396,15.0,14.0,14.944770470677287,14.015131200799903,2.8511636297122136,3.44730426326469
1273.1697559674624,15.0,14.0,14.9432417776407,14.02713905997761,3.3511636297122136,3.9318988513903945
1273.369782637685,15.0,14.0,14.949493695018907,14.036044796148785,3.8511636297122136,3.4318988513903945
1273.5698093079077,15.0,14.0,14.94902625186007,14.031826995618564,3.3511636297122136,2.9318988513903945
1273.7698359781305,15.0,14.0,14.947784174465752,14.025260656817325,3.6136138777258,2.4318988513903945
1273.969862648353,15.0,14.0,14.941644682458172,14.016194813301814,3.1136138777258,1.9318988513903945
1274.1698893185758,15.0,14.0,14.928479260022701,14.008194193018898,2.6136138777258,2.4318988513903945
1274.3699159887985,15.0,14.0,14.920147477875185,13.997797491179357,3.1136138777258,2.0416314311309662
1274.569942659021,15.0,14.0,14.904228893510352,13.994628011216212,2.6136138777258,2.5416314311309662
1274.7699693292438,15.0,14.0,14.890080805682341,13.999768813443282,3.0774527896559,3.0416314311309662
1274.9699959994666,15.0,14.0,14.892607281092738,13.992820897110066,3.5774527896559,2.5416314311309662
1275.1700226696892,15.0,14.0,14.878607753686127,13.99411440709618,3.0774527896559,3.0416314311309662
1275.370049339912,15.0,14.0,14.86237740633298,13.997240612220516,2.5774527896559,3.215411021256393
1275.5700760101347,15.0,14.0,14.856324636086368,13.99869136964308,3.0774527896559,2.9436090424347645
1275.7701026803572,15.0,14.0,14.858824408747289,13.991591612975059,3.5774527896559,2.5352630355047445
1275.97012935058,15.0,14.0,14.873160508403265,13.989655858370764,4.0774527896559,3.0352630355047445
1276.1701560208028,15.0,14.0,14.888963908185803,13.982739269764647,4.5774527896559,2.5352630355047445
1276.3701826910253,15.0,14.0,14.91142681863301,13.981030145959913,5.0774527896559,3.0352630355047445
1276.570209361248,15.0,14.0,14.92458453775564,13.99059056574932,4.5774527896559,3.5352630355047445
1276.7702360314709,15.0,14.0,14.931802689524446,14.00356498909005,4.0774527896559,4.0352630355047445
1276.9702627016934,15.0,14.0,14.932063019175091,14.00833776658719,3.5774527896559,3.5352630355047445
1277.1702893719162,15.0,14.0,14.918294390708986,14.012107757594311,3.0774527896559,3.0352630355047445
1277.370316042139,15.0,14.0,14.902011676433373,14.01670761009208,2.5774527896559,3.3253202945099223
1277.5703427123617,15.0,14.0,14.893725091388568,14.015027967383773,3.0774527896559,2.8253202945099223
1277.7703693825842,15.0,14.0,14.895535985987943,14.008297104967706,3.5774527896559,2.3253202945099223
1277.970396052807,15.0,14.0,14.908068923288724,14.006034046061119,4.0774527896559,2.8253202945099223
1278.1704227230298,15.0,14.0,14.922883907987481,14.00765582493541,4.5774527896559,2.9310369748852714
1278.3704493932523,15.0,14.0,14.928228616945582,14.00139949994335,4.0774527896559,2.4310369748852714
1278.570476063475,15.0,14.0,14.94641222040604,13.995952931510283,4.488903511797692,2.5522753742858098
1278.7705027336979,15.0,14.0,14.968216715675796,13.9964719489644,4.926731833096276,2.8615645195439106
1278.9705294039204,15.0,14.0,14.9760647912616,13.99288154351032,4.426731833096276,2.3615645195439106
1279.1705560741432,15.0,14.0,14.981846266988839,13.980786463121424,3.9267318330962757,1.8615645195439106
1279.370582744366,15.0,14.0,14.989971659358952,13.961981834920646,4.030609379597226,1.3615645195439106
1279.5706094145885,15.0,14.0,14.987997153502674,13.952300955719808,3.5306093795972258,1.8615645195439106
1279.7706360848113,15.0,14.0,14.978814575541248,13.944929651014682,3.0306093795972258,2.3615645195439106
1279.970662755034,15.0,14.0,14.961125737463417,13.930433171015984,2.5306093795972258,1.8615645195439106
1280.1706894252566,15.0,14.0,14.934785885711566,13.926015737996279,2.0306093795972258,2.3615645195439106
1280.3707160954793,15.0,14.0,14.92023822427026,13.92609873309973,2.5306093795972258,2.8615645195439106
1280.570742765702,15.0,14.0,14.915268730081923,13.918399295405854,3.0306093795972258,2.3615645195439106
1280.7707694359246,15.0,14.0,14.912489947331842,13.908705929928747,3.5306093795972258,2.1225177342068124
1280.9707961061474,15.0,14.0,14.916542751146451,13.904952403389164,4.030609379597226,2.6225177342068124
1281.1708227763702,15.0,14.0,14.927890004738469,13.909315600849329,4.3028384407750195,3.1225177342068124
1281.3708494465927,15.0,14.0,14.936814163385927,13.918496682000622,3.8028384407750195,3.6225177342068124
1281.5708761168155,15.0,14.0,14.936262323390759,13.934613860671158,3.563456229416406,4.122517734206813
1281.7709027870383,15.0,14.0,14.943698052204407,13.946936405661612,4.063456229416406,3.8496461496424796
1281.9709294572608,15.0,14.0,14.963877153884333,13.960747138648243,4.563456229416406,4.209190670430341
1282.1709561274836,15.0,14.0,14.974326323533779,13.973405532734748,4.133744172164581,3.709190670430341
1282.3709827977063,15.0,14.0,14.99364102217052,13.993892985899484,4.633744172164581,4.205538404924419
1282.5710094679291,15.0,14.0,15.001043838148236,14.003074108348564,4.133744172164581,3.705538404924419
1282.7710361381517,15.0,14.0,15.00117797235469,14.00502514192866,3.6337441721645813,3.205538404924419
1282.9710628083744,15.0,14.0,14.993281141962285,14.01418190947645,3.1337441721645813,3.705538404924419
1283.1710894785972,15.0,14.0,14.984560403773672,14.01729037361225,2.999172580716905,3.205538404924419
1283.3711161488197,15.0,14.0,14.967098216842395,14.029128041031909,2.499172580716905,3.705538404924419
1283.5711428190425,15.0,14.0,14.955122597703497,14.02687064759324,2.999172580716905,3.205538404924419
1283.7711694892653,15.0,14.0,14.955408057600877,14.02702191918148,3.499172580716905,2.705538404924419
1283.9711961594878,15.0,14.0,14.95438090070463,14.017784407304404,3.6289698126905057,2.205538404924419
1284.1712228297106,15.0,14.0,14.949428842175172,14.016676249336486,3.1289698126905057,2.705538404924419
1284.3712494999334,15.0,14.0,14.939559037036933,14.014927345611834,3.0705006473063117,2.608469061786985
1284.571276170156,15.0,14.0,14.935955177513929,14.017661015971967,3.5705006473063117,3.108469061786985
1284.7713028403787,15.0,14.0,14.933547769078757,14.015633631799156,3.2231317357133653,2.608469061786985
1284.9713295106014,15.0,14.0,14.939627153777149,14.014815566468773,3.7231317357133653,3.0323086499976557
1285.171356180824,15.0,14.0,14.953052950803707,14.014511696287412,4.223131735713365,2.8891756930876733
1285.3713828510467,15.0,14.0,14.974374507763315,14.012205238575172,4.723131735713365,2.5523559918766443
1285.5714095212695,15.0,14.0,14.996493091460625,14.000821670888913,4.977530821259688,2.0523559918766443
1285.771436191492,15.0,14.0,15.027450945013168,13.982205705307244,5.477530821259688,1.5523559918766443
1285.9714628617148,15.0,14.0,15.053970109085435,13.958431829667688,4.977530821259688,1.0523559918766443
1286.1714895319376,15.0,14.0,15.068673654927352,13.941396060967016,4.477530821259688,1.5523559918766443
1286.3715162021601,15.0,14.0,15.070465706122137,13.93309570153671,3.9775308212596876,2.0523559918766443
1286.571542872383,15.0,14.0,15.0664539769513,13.929888485263977,3.4775308212596876,2.5523559918766443
1286.7715695426057,15.0,14.0,15.056815294438653,13.930717298499014,2.9775308212596876,3.0523559918766443
1286.9715962128282,15.0,14.0,15.0512519096925,13.940664468325206,3.314378554286014,3.5523559918766443
1287.171622883051,15.0,14.0,15.054781857848477,13.957420430635379,3.814378554286014,4.052355991876644
1287.3716495532738,15.0,14.0,15.045777493303044,13.964763045446876,3.314378554286014,3.5523559918766443
1287.5716762234965,15.0,14.0,15.033887745109975,13.976581220983098,2.92713033898908,4.052355991876644
1287.771702893719,15.0,14.0,15.02909899464029,13.983202407832945,3.42713033898908,3.5523559918766443
1287.9717295639418,15.0,14.0,15.023042059937637,13.990927429083488,2.92713033898908,3.4414310293519264
1288.1717562341646,15.0,14.0,15.01826180668402,13.99143542221368,3.220775198299011,2.9414310293519264
1288.3717829043871,15.0,14.0,15.006428124092466,13.98807982972121,2.720775198299011,2.6682835972780805
1288.57180957461,15.0,14.0,14.99342040039591,13.983041250271459,2.9531440467276435,2.6121740758881087
1288.7718362448327,15.0,14.0,14.974384411414425,13.98587198084251,2.4531440467276435,3.1121740758881087
1288.9718629150552,15.0,14.0,14.95755685979149,14.00021507731584,2.9531440467276435,3.6121740758881087
1289.171889585278,15.0,14.0,14.9548359027387,14.005649930844708,3.4531440467276435,3.2698962416837984
1289.3719162555008,15.0,14.0,14.945023566193505,14.002456324674464,2.9531440467276435,2.7698962416837984
1289.5719429257233,15.0,14.0,14.926535323667155,13.994301393559336,2.4531440467276435,2.2698962416837984
1289.771969595946,15.0,14.0,14.917659662832946,13.992659798277074,2.9531440467276435,2.7698962416837984
1289.9719962661688,15.0,14.0,14.919499445411066,13.986206665845954,3.4531440467276435,2.2698962416837984
1290.1720229363914,15.0,14.0,14.918267098487657,13.985420848879594,3.249954521713873,2.7698962416837984
1290.3720496066142,15.0,14.0,14.920854774331312,13.98932196343199,3.6694410995707187,3.2698962416837984
1290.572076276837,15.0,14.0,14.930608103781037,13.989505967559133,4.169441099570719,2.7698962416837984
1290.7721029470595,15.0,14.0,14.939499701537049,13.981552144532452,3.9701327286077923,2.2698962416837984
1290.9721296172822,15.0,14.0,14.955959836259922,13.982063476934647,4.470132728607792,2.7698962416837984
1291.172156287505,15.0,14.0,14.968099981138787,13.984814293049102,4.423325847946159,3.2698962416837984
1291.3721829577275,15.0,14.0,14.973955705393566,13.996382144061545,3.923325847946159,3.7698962416837984
1291.5722096279503,15.0,14.0,14.973223350278744,14.012310581919103,3.423325847946159,4.269896241683798
1291.772236298173,15.0,14.0,14.978740910399203,14.025157704000804,3.923325847946159,3.7698962416837984
1291.9722629683956,15.0,14.0,14.97795362246929,14.034513903529973,3.423325847946159,3.581608241676369
1292.1722896386184,15.0,14.0,14.970510972728269,14.047292404084962,2.923325847946159,3.8538740023669176
1292.3723163088412,15.0,14.0,14.967783986460084,14.052203356657131,3.423325847946159,3.3538740023669176
1292.572342979064,15.0,14.0,14.958097363181702,14.051477837980848,2.923325847946159,2.8538740023669176
1292.7723696492865,15.0,14.0,14.936053460709907,14.041803976588715,2.423325847946159,2.3538740023669176
1292.9723963195092,15.0,14.0,14.928154969988404,14.033669318119092,2.923325847946159,2.107881850391713
1293.172422989732,15.0,14.0,14.926868525471594,14.017013974398385,3.423325847946159,1.607881850391713
1293.3724496599546,15.0,14.0,14.918684271106063,13.992197961345978,2.923325847946159,1.107881850391713
1293.5724763301773,15.0,14.0,14.914120995065419,13.976215366401286,3.423325847946159,1.607881850391713
1293.7725030004,15.0,14.0,14.911452608914255,13.964658787057171,3.4765684893783275,2.107881850391713
1293.9725296706226,15.0,14.0,14.914855597008694,13.95865801831833,3.9765684893783275,2.607881850391713
1294.1725563408454,15.0,14.0,14.916547919174363,13.96281872022395,3.63729855184095,3.107881850391713
1294.3725830110682,15.0,14.0,14.927562482126776,13.965503912993436,4.13729855184095,3.2205906104410813
1294.5726096812907,15.0,14.0,14.944158910619137,13.975570159845681,4.63729855184095,3.7205906104410813
1294.7726363515135,15.0,14.0,14.952288346283249,13.979554997706767,4.13729855184095,3.2205906104410813
1294.9726630217363,15.0,14.0,14.947584408030828,13.991728875220618,3.63729855184095,3.7205906104410813
1295.1726896919588,15.0,14.0,14.94133013943983,13.993285702272077,3.228368128184113,3.2205906104410813
1295.3727163621816,15.0,14.0,14.94149392763124,13.999886198446791,3.728368128184113,3.5852339977399303
1295.5727430324043,15.0,14.0,14.94434324545892,14.012442369660484,4.189320120191432,4.08523399773993
1295.7727697026269,15.0,14.0,14.949760857226307,14.020930289773569,3.6893201201914323,3.5852339977399303
1295.9727963728496,15.0,14.0,14.954961076037383,14.022527360623032,4.189320120191432,3.0852339977399303
1296.1728230430724,15.0,14.0,14.974228759015707,14.030318902716154,4.689320120191432,3.3138372974864754
1296.372849713295,15.0,14.0,14.987179631302686,14.041510320001716,4.189320120191432,3.8138372974864754
1296.5728763835177,15.0,14.0,14.99058118641063,14.051066745937396,3.6893201201914323,3.3511120346464054
1296.7729030537405,15.0,14.0,14.999732126696944,14.052300947243728,4.189320120191432,2.8511120346464054
1296.972929723963,15.0,14.0,15.018768412793243,14.043969154616834,4.689320120191432,2.3511120346464054
1297.1729563941858,15.0,14.0,15.027842111792296,14.029174038864987,4.189320120191432,1.8511120346464054
1297.3729830644086,15.0,14.0,15.029043803633074,14.010690239300438,3.6893201201914323,1.3511120346464054
1297.5730097346313,15.0,14.0,15.019655888893332,13.998872411536377,3.1893201201914323,1.8511120346464054
1297.7730364048539,15.0,14.0,15.001173039028735,13.990959888834734,2.6893201201914323,2.2856297108136685
1297.9730630750767,15.0,14.0,14.997578860956258,13.986446251033737,3.1893201201914323,2.7856297108136685
1298.1730897452994,15.0,14.0,14.99887139813598,13.990524566744549,3.6893201201914323,3.2856297108136685
1298.373116415522,15.0,14.0,15.002689935417543,13.988540449148003,3.896108105872481,2.7856297108136685
1298.5731430857447,15.0,14.0,15.004821280561048,13.991794745699313,3.396108105872481,3.2856297108136685
1298.7731697559675,15.0,14.0,14.997399385409944,13.98734468770191,2.896108105872481,2.7856297108136685
1298.97319642619,15.0,14.0,14.995387947183861,13.992066171373734,3.396108105872481,3.2856297108136685
1299.1732230964128,15.0,14.0,14.997611219937578,14.004644739257408,3.882274317439405,3.7194666573783346
1299.3732497666356,15.0,14.0,14.999485308853956,14.008124256139688,3.382274317439405,3.2194666573783346
1299.5732764368581,15.0,14.0,15.005304516436317,14.006580243453453,3.882274317439405,2.7194666573783346
1299.773303107081,15.0,14.0,15.003929759442961,14.011479282018247,3.382274317439405,3.2194666573783346
1299.9733297773037,15.0,14.0,14.991757317324964,14.021903973411645,2.882274317439405,3.675146936847288
1300.1733564475262,15.0,14.0,14.98621485157705,14.024392579790364,3.382274317439405,3.175146936847288
1300.373383117749,15.0,14.0,14.976504690898889,14.020322798076924,2.882274317439405,2.675146936847288
1300.5734097879717,15.0,14.0,14.959444288959869,14.021587249292113,2.6340353518498594,3.175146936847288
1300.7734364581943,15.0,14.0,14.947800926079802,14.018590825324697,3.1340353518498594,2.675146936847288
1300.973463128417,15.0,14.0,14.933687194832848,14.010906185514369,3.059553924712451,2.175146936847288
1301.1734897986398,15.0,14.0,14.915886748981622,14.00865215283252,2.559553924712451,2.675146936847288
1301.3735164688624,15.0,14.0,14.90967929878519,14.011831811789575,3.059553924712451,2.910813224285496
1301.5735431390851,15.0,14.0,14.895401294328888,14.009656495617827,2.559553924712451,2.6740048619188355
1301.773569809308,15.0,14.0,14.889872135782259,14.01390880715674,3.059553924712451,3.1740048619188355
1301.9735964795304,15.0,14.0,14.895004524034581,14.010139858931073,3.559553924712451,2.6740048619188355
1302.1736231497532,15.0,14.0,14.897351916757243,14.000334951825828,3.3295558384590915,2.284415272317753
1302.373649819976,15.0,14.0,14.901382114074423,13.987395914942194,3.6698963764819115,1.7844152723177529
1302.5736764901987,15.0,14.0,14.912831085204344,13.977585094339341,4.169896376481912,2.284415272317753
1302.7737031604213,15.0,14.0,14.92554494677939,13.964781904228522,4.669896376481912,1.7844152723177529
1302.973729830644,15.0,14.0,14.937664748842753,13.956381328880457,4.169896376481912,2.284415272317753
1303.1737565008668,15.0,14.0,14.963166960601558,13.953826839283819,4.669896376481912,2.784415272317753
1303.3737831710894,15.0,14.0,14.97490557320546,13.958842431895922,4.2943021431625885,3.284415272317753
1303.5738098413121,15.0,14.0,14.981400060329273,13.970062712692316,3.7943021431625885,3.784415272317753
1303.773836511535,15.0,14.0,14.993499748518223,13.9770428343908,4.07276482769164,3.284415272317753
1303.9738631817575,15.0,14.0,14.99243161430846,13.988188620016018,3.57276482769164,3.784415272317753
1304.1738898519802,15.0,14.0,14.998807473437461,14.003914889901427,4.07276482769164,4.2368645766167
1304.373916522203,15.0,14.0,14.997161458641953,14.017603060952975,3.57276482769164,3.7368645766167
1304.5739431924255,15.0,14.0,14.989213305282968,14.024871903081149,3.07276482769164,3.2368645766167
1304.7739698626483,15.0,14.0,14.97302291110953,14.031258606500922,2.583069370314201,3.4914533757930966
1304.973996532871,15.0,14.0,14.9565953709165,14.031964672247366,2.489394010726744,2.9914533757930966
1305.1740232030936,15.0,14.0,14.945438596619496,14.022499282411266,2.989394010726744,2.4914533757930966
1305.3740498733164,15.0,14.0,14.944634039270847,14.010966461286467,3.489394010726744,1.9914533757930966
1305.5740765435391,15.0,14.0,14.931860005495153,14.003580812674869,3.0198678085568504,2.4914533757930966
1305.7741032137617,15.0,14.0,14.932461533856044,14.002143572466561,3.5198678085568504,2.9914533757930966
1305.9741298839845,15.0,14.0,14.940191504941195,14.001137926186473,3.9886095098782666,2.835702839230786
1306.1741565542072,15.0,14.0,14.955480368854564,14.009102735696546,4.488609509878266,3.335702839230786
1306.3741832244298,15.0,14.0,14.963345212401446,14.00871382420518,3.988609509878266,2.835702839230786
1306.5742098946525,15.0,14.0,14.969838877754299,14.002026941881413,3.762295441491011,2.335702839230786
1306.7742365648753,15.0,14.0,14.963818050522082,13.988533255254989,3.262295441491011,1.8357028392307861
1306.9742632350979,15.0,14.0,14.970572721066443,13.979161876332334,3.762295441491011,2.335702839230786
1307.1742899053206,15.0,14.0,14.978619416130055,13.971812407882197,4.0725627465849845,2.27545386502953
1307.3743165755434,15.0,14.0,14.98064727686033,13.971368693494725,3.5725627465849845,2.77545386502953
1307.5743432457662,15.0,14.0,14.96710314371517,13.978373757373138,3.0725627465849845,3.27545386502953
1307.7743699159887,15.0,14.0,14.965618065455834,13.978391758925433,3.5725627465849845,2.77545386502953
1307.9743965862115,15.0,14.0,14.970637874286322,13.971198368083504,4.0725627465849845,2.27545386502953
1308.1744232564342,15.0,14.0,14.990851147250222,13.96779417732059,4.5725627465849845,2.633158221553791
1308.3744499266568,15.0,14.0,15.001286647575977,13.963052344932498,4.0725627465849845,2.264759483408148
1308.5744765968795,15.0,14.0,15.003214173186759,13.954907582683079,3.5725627465849845,2.4434680136937774
1308.7745032671023,15.0,14.0,14.994879962061836,13.941151032537396,3.3085609007726027,1.9434680136937774
1308.9745299373249,15.0,14.0,14.992580092131359,13.92601010273129,3.5763389333841427,1.8718871150330207
1309.1745566075476,15.0,14.0,15.001343676259243,13.918882852270158,4.076338933384143,2.3718871150330205
1309.3745832777704,15.0,14.0,15.01599161725723,13.916700076588157,4.331134736302308,2.8718871150330205
1309.574609947993,15.0,14.0,15.020987302481505,13.922687970891793,3.8311347363023076,3.3718871150330205
1309.7746366182157,15.0,14.0,15.018882515643298,13.933752539752984,3.3311347363023076,3.8718871150330205
1309.9746632884385,15.0,14.0,15.023857775337037,13.940689540621438,3.8311347363023076,3.3718871150330205
1310.174689958661,15.0,14.0,15.01693001436875,13.95011581967131,3.3311347363023076,3.8718871150330205
1310.3747166288838,15.0,14.0,15.006254350301662,13.960073656939826,2.8311347363023076,3.3718871150330205
1310.5747432991066,15.0,14.0,14.999832398272643,13.972317771135842,3.078003545728641,3.8718871150330205
1310.774769969329,15.0,14.0,14.997954226629435,13.980466701883813,3.578003545728641,3.3718871150330205
1310.9747966395519,15.0,14.0,14.992722879678018,13.979411640552959,3.269182167715486,2.8718871150330205
1311.1748233097746,15.0,14.0,14.977531178930942,13.98383328931382,2.769182167715486,3.3718871150330205
1311.3748499799972,15.0,14.0,14.974835927593432,13.980177271033137,3.269182167715486,2.8718871150330205
1311.57487665022,15.0,14.0,14.958487059548238,13.974452941356866,2.769182167715486,2.3718871150330205
1311.7749033204427,15.0,14.0,14.952840132948744,13.975621931625168,3.269182167715486,2.8718871150330205
1311.9749299906653,15.0,14.0,14.954404300230205,13.972481661063124,3.769182167715486,2.721738841540817
1312.174956660888,15.0,14.0,14.949288173815086,13.976338925573067,3.269182167715486,3.221738841540817
1312.3749833311108,15.0,14.0,14.943782838973684,13.974166512686184,3.2661465987857237,2.721738841540817
1312.5750100013336,15.0,14.0,14.94970551393301,13.965304723011293,3.7661465987857237,2.221738841540817
1312.775036671556,15.0,14.0,14.963480720839675,13.963679657267742,4.266146598785724,2.721738841540817
1312.9750633417789,15.0,14.0,14.970361774809428,13.967439027111952,3.766146598785724,3.221738841540817
1313.1750900120016,15.0,14.0,14.970962445734175,13.978117114042885,3.8196597424657943,3.721738841540817
1313.3751166822242,15.0,14.0,14.982445716414125,13.996000134021198,4.319659742465794,4.221738841540817
1313.575143352447,15.0,14.0,14.985892505348835,14.007938902042909,3.8196597424657943,3.721738841540817
1313.7751700226697,15.0,14.0,14.998636194368856,14.010704824410546,4.319659742465794,3.221738841540817
1313.9751966928923,15.0,14.0,15.00463272941699,14.018105636439707,3.8196597424657943,3.721738841540817
1314.175223363115,15.0,14.0,15.000754260373894,14.01814074148212,3.3196597424657943,3.221738841540817
1314.3752500333378,15.0,14.0,14.984818326402563,14.017524672028786,2.8196597424657943,2.721738841540817
1314.5752767035603,15.0,14.0,14.968631168242002,14.01011348224783,2.5615136321369905,2.221738841540817
1314.7753033737831,15.0,14.0,14.961648539381745,14.004705356690268,3.0615136321369905,2.721738841540817
1314.975330044006,15.0,14.0,14.963096129797044,14.002288428083524,3.5615136321369905,2.393363208525788
1315.1753567142284,15.0,14.0,14.967968863392489,13.996535036404122,3.6212168188261984,2.4895619634717967
1315.3753833844512,15.0,14.0,14.978365967973083,13.993984836527705,4.121216818826198,2.810729995011198
1315.575410054674,15.0,14.0,14.978745106801865,13.994881013741592,3.6212168188261984,2.8805957371571416
1315.7754367248965,15.0,14.0,14.971438368862785,13.989486816449492,3.213180802239873,2.3805957371571416
1315.9754633951193,15.0,14.0,14.960493901917758,13.978852661141413,2.713180802239873,1.8805957371571416
1316.175490065342,15.0,14.0,14.954403525170855,13.96257449736784,3.213180802239873,1.6093309066319041
1316.3755167355646,15.0,14.0,14.953892609520416,13.950784361295138,3.713180802239873,2.109330906631904
1316.5755434057874,15.0,14.0,14.96384277344241,13.943043727263824,4.213180802239873,2.2196405566623003
1316.7755700760101,15.0,14.0,14.96398513211899,13.943347073196266,3.713180802239873,2.7196405566623003
1316.9755967462327,15.0,14.0,14.978356336326224,13.943686573430387,4.213180802239873,3.2196405566623003
1317.1756234164554,15.0,14.0,14.980835130677832,13.95688006592959,3.713180802239873,3.7196405566623003
1317.3756500866782,15.0,14.0,14.989003634105432,13.968251229265206,4.213180802239873,3.834317826009421
1317.575676756901,15.0,14.0,14.991858108586461,13.983668868764608,3.713180802239873,4.233587000807478
1317.7757034271235,15.0,14.0,14.991145214704684,14.002458416593017,3.537551114722635,4.565757004456578
1317.9757300973463,15.0,14.0,14.979841475953082,14.015743924565918,3.114018960188396,4.065757004456578
1318.175756767569,15.0,14.0,14.970899511119462,14.038918508362762,3.1309100684377618,4.565757004456578
1318.3757834377916,15.0,14.0,14.968899507176314,14.051152314004002,3.2025229280561325,4.065757004456578
1318.5758101080144,15.0,14.0,14.96590661644199,14.05731646524044,3.454181043117545,3.565757004456578
1318.7758367782371,15.0,14.0,14.96126092256692,14.05677263936282,3.2814737318580045,3.065757004456578
1318.9758634484597,15.0,14.0,14.962958752079281,14.05063953057329,3.7814737318580045,2.565757004456578
1319.1758901186824,15.0,14.0,14.974413757746705,14.041192620335611,4.243785264047453,2.065757004456578
1319.3759167889052,15.0,14.0,14.981957645438087,14.027762262298722,3.743785264047453,1.9231502106404499
1319.5759434591278,15.0,14.0,14.987553602469612,14.010149436237553,3.848446286539179,1.4231502106404499
1319.7759701293505,15.0,14.0,14.982860853972742,13.994838454200764,3.348446286539179,1.9231502106404497
1319.9759967995733,15.0,14.0,14.987376330372824,13.982901436238066,3.848446286539179,2.005527340911174
1320.1760234697958,15.0,14.0,14.994513231324246,13.973605488818263,4.311253857168338,2.505527340911174
1320.3760501400186,15.0,14.0,14.999331816912946,13.963051120831947,3.811253857168338,2.005527340911174
1320.5760768102414,15.0,14.0,14.991373904858694,13.959580513062173,3.311253857168338,2.505527340911174
1320.776103480464,15.0,14.0,14.979990795821832,13.960612634188214,2.811253857168338,3.005527340911174
1320.9761301506867,15.0,14.0,14.97557572519088,13.969863259168774,3.311253857168338,3.505527340911174
1321.1761568209095,15.0,14.0,14.98286262508091,13.973128721017723,3.811253857168338,3.005527340911174
1321.376183491132,15.0,14.0,14.996632654538873,13.976771536218722,4.311253857168338,3.1788343216188784
1321.5762101613548,15.0,14.0,15.001909759811538,13.984445493362847,3.811253857168338,3.6788343216188784
1321.7762368315775,15.0,14.0,14.998801292803945,14.000834552689774,3.311253857168338,4.178834321618878
1321.9762635018,15.0,14.0,14.990594879269977,14.011655241328057,2.811253857168338,3.6788343216188784
1322.1762901720228,15.0,14.0,14.983448948308341,14.012068220785364,3.311253857168338,3.1788343216188784
1322.3763168422456,15.0,14.0,14.967907928143301,14.018974541351497,2.811253857168338,3.6788343216188784
1322.5763435124684,15.0,14.0,14.955410076634843,14.029464556201846,3.048350837176575,3.764745429573487
1322.776370182691,15.0,14.0,14.956499731003378,14.030043850953883,3.548350837176575,3.264745429573487
1322.9763968529137,15.0,14.0,14.969367277503315,14.029704906248678,4.048350837176574,2.764745429573487
1323.1764235231365,15.0,14.0,14.969396157486415,14.019247767342229,3.5483508371765744,2.4288514458857584
1323.376450193359,15.0,14.0,14.963811412141066,14.020955759356562,3.0483508371765744,2.9288514458857584
1323.5764768635818,15.0,14.0,14.96774906781682,14.027371317823912,3.5483508371765744,3.0335158073623254
1323.7765035338045,15.0,14.0,14.961683716994576,14.02582721662073,3.1549822301053667,2.95655196362477
1323.976530204027,15.0,14.0,14.95447622227099,14.032076948960194,2.6549822301053667,3.45655196362477
1324.1765568742499,15.0,14.0,14.951118303036294,14.034855861782878,3.1266179581685574,2.95655196362477
1324.3765835444726,15.0,14.0,14.955718023577978,14.02724561235141,3.6266179581685574,2.45655196362477
1324.5766102146952,15.0,14.0,14.968635271094172,14.028525369196501,4.126617958168557,2.95655196362477
1324.776636884918,15.0,14.0,14.988594847474822,14.038477988140198,4.626617958168557,3.45655196362477
1324.9766635551407,15.0,14.0,14.996811929496205,14.034816862757777,4.126617958168557,2.95655196362477
1325.1766902253632,15.0,14.0,14.99950857378093,14.030109978187818,3.6266179581685574,2.45655196362477
1325.376716895586,15.0,14.0,15.013865415812216,14.017329038943585,4.126617958168557,1.95655196362477
1325.5767435658088,15.0,14.0,15.016031869507767,14.00055574077355,3.6266179581685574,1.45655196362477
1325.7767702360313,15.0,14.0,15.009087695664848,13.9894758887133,3.1266179581685574,1.95655196362477
1325.976796906254,15.0,14.0,14.990273451047287,13.969099443522111,2.6266179581685574,1.45655196362477
1326.1768235764769,15.0,14.0,14.968768175316418,13.958048476099464,2.1266179581685574,1.95655196362477
1326.3768502466994,15.0,14.0,14.947724304074269,13.95247018705076,2.3277849449979344,2.45655196362477
1326.5768769169222,15.0,14.0,14.928139125935243,13.954033785436312,2.8277849449979344,2.95655196362477
1326.776903587145,15.0,14.0,14.925114658042345,13.95073993578065,3.3277849449979344,2.850894017609191
1326.9769302573675,15.0,14.0,14.920126501317533,13.948039006156327,3.5416274629742146,2.6037582856253394
1327.1769569275903,15.0,14.0,14.913098013890588,13.952186327754172,3.0416274629742146,3.1037582856253394
1327.376983597813,15.0,14.0,14.913887732325502,13.959817389547966,3.5416274629742146,3.6037582856253394
1327.5770102680358,15.0,14.0,14.920768138411264,13.96330407173018,4.041627462974215,3.1037582856253394
1327.7770369382583,15.0,14.0,14.934676185701786,13.969675543794569,4.541627462974215,3.6037582856253394
1327.977063608481,15.0,14.0,14.942128760099566,13.970690543496186,4.041627462974215,3.1037582856253394
1328.1770902787039,15.0,14.0,14.943133185670252,13.979674586317106,3.661867519953322,3.4847771741835434
1328.3771169489264,15.0,14.0,14.949584681228593,13.981807874812853,3.6961221258784303,2.9847771741835434
1328.5771436191492,15.0,14.0,14.942999311738856,13.990990139085389,3.1961221258784303,3.4847771741835434
1328.777170289372,15.0,14.0,14.927892401788748,13.992400284681477,2.6961221258784303,2.9847771741835434
1328.9771969595945,15.0,14.0,14.918641222482522,13.984470184451112,3.1961221258784303,2.4847771741835434
1329.1772236298173,15.0,14.0,14.91875952573581,13.977281740648218,3.6961221258784303,2.177571336177166
1329.37725030004,15.0,14.0,14.9309879291906,13.972272036374866,4.19612212587843,2.677571336177166
1329.5772769702626,15.0,14.0,14.941539012234497,13.966667788591646,4.218630828434635,2.3750867392489594
1329.7773036404853,15.0,14.0,14.956672577565644,13.967165105195923,4.254910987323574,2.826737337260368
1329.977330310708,15.0,14.0,14.960182517504135,13.970674810864821,3.7549109873235738,3.326737337260368
1330.1773569809307,15.0,14.0,14.95747108767871,13.97552603880716,3.2549109873235738,3.1715470338957443
1330.3773836511534,15.0,14.0,14.943962644923838,13.985962959021391,2.7549109873235738,3.6715470338957443
1330.5774103213762,15.0,14.0,14.937017568357685,13.988216088141831,3.2549109873235738,3.1715470338957443
1330.7774369915987,15.0,14.0,14.94031040671604,13.998084809630202,3.7549109873235738,3.6715470338957443
1330.9774636618215,15.0,14.0,14.955218442013074,14.003684383872178,4.254910987323574,3.1715470338957443
1331.1774903320443,15.0,14.0,14.955982809879178,13.997762442182589,3.7549109873235738,2.6715470338957443
1331.3775170022668,15.0,14.0,14.952678926585907,13.986052544791349,3.2549109873235738,2.1715470338957443
1331.5775436724896,15.0,14.0,14.951454520758118,13.98449551561236,3.7549109873235738,2.6715470338957443
1331.7775703427124,15.0,14.0,14.961514390463607,13.976632388788826,4.254910987323574,2.2246347721609903
1331.977597012935,15.0,14.0,14.963864591584164,13.975957603696152,3.7549109873235738,2.7246347721609903
1332.1776236831577,15.0,14.0,14.976237907834772,13.979153002636446,4.254910987323574,3.0293732665115467
1332.3776503533804,15.0,14.0,14.980561322637499,13.985411150749101,3.7549109873235738,3.5293732665115467
1332.5776770236032,15.0,14.0,14.992517410929318,13.986455238917285,4.254910987323574,3.0293732665115467
1332.7777036938257,15.0,14.0,15.000538746879098,13.991678302647632,4.04576591731198,3.5293732665115467
1332.9777303640485,15.0,14.0,14.998542757780378,13.995517791389608,3.5457659173119804,3.0293732665115467
1333.1777570342713,15.0,14.0,14.988643075273682,13.997240510451773,3.0457659173119804,3.5293732665115467
1333.3777837044938,15.0,14.0,14.989948414804658,13.999451191720693,3.5457659173119804,3.0293732665115467
1333.5778103747166,15.0,14.0,14.980339994176992,13.996575728669777,3.0457659173119804,2.5293732665115467
1333.7778370449394,15.0,14.0,14.978518732880241,13.986482292188823,3.4515966807259533,2.0293732665115467
1333.977863715162,15.0,14.0,14.972301011523129,13.982417582282489,3.2193457271106825,2.5293732665115467
1334.1778903853847,15.0,14.0,14.975980065053475,13.980071844499577,3.7193457271106825,2.7752131324117997
1334.3779170556074,15.0,14.0,14.984813026248643,13.982415279001652,4.2193457271106825,3.2752131324117997
1334.57794372583,15.0,14.0,15.00359470739191,13.996290545893665,4.7193457271106825,3.7752131324117997
1334.7779703960528,15.0,14.0,15.02453681344383,14.011585439700072,4.58888989303197,4.2752131324118
1334.9779970662755,15.0,14.0,15.033920940378916,14.03581215156347,4.08888989303197,4.7752131324118
1335.178023736498,15.0,14.0,15.029754461888421,14.052555489708013,3.58888989303197,4.2752131324118
1335.3780504067208,15.0,14.0,15.02232099594621,14.060288753323741,3.08888989303197,3.7752131324117997
1335.5780770769436,15.0,14.0,15.023665582736287,14.059934316125627,3.58888989303197,3.2752131324117997
1335.7781037471661,15.0,14.0,15.034962333883836,14.058441037533518,4.08888989303197,2.7752131324117997
1335.978130417389,15.0,14.0,15.033801010635777,14.055745788441893,3.58888989303197,2.8354989907830097
1336.1781570876117,15.0,14.0,15.04592321297881,14.049424931919475,4.08888989303197,2.5025031623983716
1336.3781837578342,15.0,14.0,15.047827336140445,14.03630203058641,3.58888989303197,2.0025031623983716
1336.578210428057,15.0,14.0,15.036718607694723,14.029918885745879,3.08888989303197,2.5025031623983716
1336.7782370982798,15.0,14.0,15.020627982612984,14.032477119815695,2.58888989303197,3.0025031623983716
1336.9782637685023,15.0,14.0,14.99342620232517,14.027597455700214,2.08888989303197,2.5025031623983716
1337.178290438725,15.0,14.0,14.977197382816671,14.027924089143296,2.58888989303197,3.0025031623983716
1337.3783171089478,15.0,14.0,14.972024082079454,14.020858454345321,3.08888989303197,2.514489673351018
1337.5783437791706,15.0,14.0,14.952148181436026,14.019381819038616,2.58888989303197,3.014489673351018
1337.7783704493932,15.0,14.0,14.946620923724222,14.015559984157195,3.08888989303197,2.514489673351018
1337.978397119616,15.0,14.0,14.937629711932342,14.012292210537211,2.750746095553361,3.014489673351018
1338.1784237898387,15.0,14.0,14.92571663102361,14.004044559395014,2.520417617253209,2.514489673351018
1338.3784504600612,15.0,14.0,14.919164342671085,14.006523268720215,3.020417617253209,3.014489673351018
1338.578477130284,15.0,14.0,14.90775458595235,14.008082645765878,3.0462478895745235,2.7281477622351336
1338.7785038005068,15.0,14.0,14.903254108062075,14.01271840558782,3.092508605011997,3.2281477622351336
1338.9785304707293,15.0,14.0,14.896956889673417,14.010313648555634,3.268750581787155,2.7281477622351336
1339.178557140952,15.0,14.0,14.904036756633833,14.00133093193618,3.768750581787155,2.2281477622351336
1339.3785838111748,15.0,14.0,14.915447297515454,13.984474639929886,4.268750581787155,1.7281477622351336
1339.5786104813974,15.0,14.0,14.934860441800518,13.972320799057547,4.768750581787155,1.9926208114584618
1339.7786371516202,15.0,14.0,14.963438868502937,13.96325828235029,5.260559774325997,2.492620811458462
1339.978663821843,15.0,14.0,14.979432924657454,13.967232979876153,4.760559774325997,2.992620811458462
1340.1786904920655,15.0,14.0,14.997469375963819,13.960256855963937,4.260559774325997,2.492620811458462
1340.3787171622882,15.0,14.0,15.016162341026687,13.961583308789624,4.760559774325997,2.8861777863089912
1340.578743832511,15.0,14.0,15.02548507781633,13.967374919670165,4.260559774325997,3.3861777863089912
1340.7787705027336,15.0,14.0,15.028680764244866,13.961663209794361,3.760559774325997,2.9145405018619037
1340.9787971729563,15.0,14.0,15.02531682803023,13.966743973873951,3.260559774325997,3.4145405018619037
1341.178823843179,15.0,14.0,15.008517170208405,13.979372868065605,2.760559774325997,3.9145405018619037
1341.3788505134016,15.0,14.0,15.004754631845936,13.986290446525354,3.21212170032457,3.4145405018619037
1341.5788771836244,15.0,14.0,14.991246788035598,13.985194677981703,2.71212170032457,2.9145405018619037
1341.7789038538472,15.0,14.0,14.98557896720476,13.992071367353596,3.21212170032457,3.4145405018619037
1341.9789305240697,15.0,14.0,14.984256819299745,13.990274411135834,3.601820186417898,2.9145405018619037
1342.1789571942925,15.0,14.0,14.984646317631467,13.99304372356016,3.5448919585759757,3.0826435658308617
1342.3789838645152,15.0,14.0,14.97979896216697,13.999555844182318,3.510598218065221,3.5826435658308617
1342.579010534738,15.0,14.0,14.981282047811572,14.00686657982509,3.66203997629398,3.460277010771421
1342.7790372049606,15.0,14.0,14.989668015921257,14.008141807217864,4.16203997629398,2.960277010771421
1342.9790638751833,15.0,14.0,14.99316016445816,14.000133538633719,3.736897013030814,2.460277010771421
1343.179090545406,15.0,14.0,15.005126464747505,14.000045930785856,4.236897013030815,2.960277010771421
1343.3791172156286,15.0,14.0,15.02562190878488,14.006852917539652,4.649116334049668,3.460277010771421
1343.5791438858514,15.0,14.0,15.038466172516484,14.004315709003407,4.149116334049668,2.960277010771421
1343.7791705560742,15.0,14.0,15.057792447464902,14.00843248684674,4.649116334049668,3.460277010771421
1343.9791972262967,15.0,14.0,15.068539957680645,14.005681988104813,4.149116334049668,2.960277010771421
1344.1792238965195,15.0,14.0,15.0689240659005,14.015497315581538,3.649116334049668,3.460277010771421
1344.3792505667423,15.0,14.0,15.066373670212451,14.015678544416874,3.149116334049668,2.960277010771421
1344.5792772369648,15.0,14.0,15.049611327197853,14.022784968238438,2.649116334049668,3.3894653754392823
1344.7793039071876,15.0,14.0,15.023204779606349,14.020785691547669,2.149116334049668,2.8894653754392823
1344.9793305774103,15.0,14.0,15.00068813315437,14.028517039838933,2.2175989548545547,3.3894653754392823
1345.1793572476329,15.0,14.0,14.98896527680566,14.026018687458556,2.7175989548545547,2.8894653754392823
1345.3793839178556,15.0,14.0,14.980822367584617,14.032347477396304,3.2175989548545547,3.3894653754392823
1345.5794105880784,15.0,14.0,14.975704222957342,14.02781743940563,3.4550180064081943,2.8894653754392823
1345.779437258301,15.0,14.0,14.97835670189988,14.034110408223526,3.9550180064081943,3.3894653754392823
1345.9794639285237,15.0,14.0,14.975368235986254,14.031857897163157,3.4550180064081943,2.8894653754392823
1346.1794905987465,15.0,14.0,14.981843724824648,14.039405364574488,3.9550180064081943,3.3894653754392823
1346.379517268969,15.0,14.0,14.983599616633859,14.038362459260089,3.4550180064081943,2.8894653754392823
1346.5795439391918,15.0,14.0,14.978454193719791,14.029641878853683,3.3169636402875566,2.3894653754392823
1346.7795706094146,15.0,14.0,14.987989867621113,14.028983941880618,3.8169636402875566,2.8894653754392823
1346.9795972796371,15.0,14.0,14.996578733050693,14.026433624505906,4.106830120821086,2.9830443759673395
1347.17962394986,15.0,14.0,14.993393436723666,14.027451598830522,3.606830120821086,3.024513670422337
1347.3796506200827,15.0,14.0,15.002155933668744,14.020113371858141,4.106830120821086,2.524513670422337
1347.5796772903054,15.0,14.0,15.004883338753364,14.007703564605652,3.606830120821086,2.024513670422337
1347.779703960528,15.0,14.0,15.0092682292104,13.990273293726435,4.106830120821086,1.524513670422337
1347.9797306307507,15.0,14.0,15.013410843691654,13.977804738500593,3.606830120821086,2.024513670422337
1348.1797573009735,15.0,14.0,15.006728769554737,13.970472844717703,3.106830120821086,2.3897820714901545
1348.379783971196,15.0,14.0,14.991528721673676,13.971063123221743,2.606830120821086,2.8897820714901545
1348.5798106414188,15.0,14.0,14.984746477504679,13.976818144700957,3.106830120821086,3.3897820714901545
1348.7798373116416,15.0,14.0,14.989618144756083,13.978677364120854,3.606830120821086,3.0546044324171593
1348.9798639818641,15.0,14.0,15.00288771083827,13.976164073290999,4.106830120821086,2.8072160382547318
1349.179890652087,15.0,14.0,15.02113437011291,13.98120516099694,4.606830120821086,3.3072160382547318
1349.3799173223097,15.0,14.0,15.028209272115769,13.993152163097541,4.106830120821086,3.8072160382547318
1349.5799439925322,15.0,14.0,15.034211564253344,13.999920444459004,3.606830120821086,3.3072160382547318
1349.779970662755,15.0,14.0,15.041443742366468,14.010547278687797,4.106830120821086,3.609399857993691
1349.9799973329777,15.0,14.0,15.04563358166181,14.014032790433495,3.606830120821086,3.109399857993691
1350.1800240032003,15.0,14.0,15.055167861252908,14.009224994764862,4.106830120821086,2.609399857993691
1350.380050673423,15.0,14.0,15.05657168816871,14.012442934659829,3.606830120821086,3.109399857993691
1350.5800773436458,15.0,14.0,15.066432870042377,14.022800839820379,4.106830120821086,3.609399857993691
1350.7801040138684,15.0,14.0,15.07070242436624,14.034852477023327,3.800524170015493,4.109399857993691
1350.9801306840911,15.0,14.0,15.08566509773835,14.043502043818131,4.300524170015493,3.609399857993691
1351.180157354314,15.0,14.0,15.0848516301425,14.045155483970378,3.8005241700154926,3.3081215117885203
1351.3801840245364,15.0,14.0,15.082112172081601,14.046265503638574,3.3005241700154926,2.8081215117885203
1351.5802106947592,15.0,14.0,15.082270963543332,14.041759246839328,3.752821908189523,2.3081215117885203
1351.780237364982,15.0,14.0,15.081023366052348,14.034996258795337,3.252821908189523,2.490673308998816
1351.9802640352045,15.0,14.0,15.06933834326555,14.035722148100884,2.752821908189523,2.990673308998816
1352.1802907054273,15.0,14.0,15.051636863315863,14.036005182203127,2.252821908189523,2.9810973475892797
1352.38031737565,15.0,14.0,15.035962304440172,14.032026340545633,2.588145477122983,2.605736073051455
1352.5803440458728,15.0,14.0,15.025034044639119,14.033472062957985,2.788262113701626,2.7395796451091843
1352.7803707160954,15.0,14.0,15.021433471539403,14.02251979205977,3.233367238209782,2.2395796451091843
1352.9803973863181,15.0,14.0,15.007735144030693,14.021114614099243,2.733367238209782,2.7395796451091843
1353.180424056541,15.0,14.0,14.98553029873372,14.013125027562133,2.233367238209782,2.2395796451091843
1353.3804507267635,15.0,14.0,14.968985202865573,14.005521390277696,2.733367238209782,2.324006550748485
1353.5804773969862,15.0,14.0,14.964248848595021,14.000864108355856,3.233367238209782,2.2440608921110754
1353.780504067209,15.0,14.0,14.950149963382948,13.996568053764177,2.733367238209782,2.7440608921110754
1353.9805307374315,15.0,14.0,14.930561368691912,14.002629765664777,2.433180580702993,3.2440608921110754
1354.1805574076543,15.0,14.0,14.921479818843501,13.998920925443214,2.933180580702993,2.7440608921110754
1354.380584077877,15.0,14.0,14.920278193002842,13.988912687517631,3.433180580702993,2.2440608921110754
1354.5806107480996,15.0,14.0,14.928001624510875,13.983716244739538,3.933180580702993,2.7440608921110754
1354.7806374183224,15.0,14.0,14.92259722556492,13.983500218213825,3.433180580702993,2.630204067977258
1354.9806640885452,15.0,14.0,14.92708783226577,13.971498694373677,3.933180580702993,2.130204067977258
1355.1806907587677,15.0,14.0,14.927131379731739,13.969999963271281,3.8726216503143585,2.630204067977258
1355.3807174289905,15.0,14.0,14.925678542635808,13.973852634227928,3.3726216503143585,3.130204067977258
1355.5807440992132,15.0,14.0,14.933058029404553,13.97783077332232,3.8726216503143585,3.5473872931402615
1355.7807707694358,15.0,14.0,14.93935186970137,13.978375398690677,3.7696237661829173,3.0473872931402615
1355.9807974396585,15.0,14.0,14.93353983118823,13.987204840847665,3.2696237661829173,3.5473872931402615
1356.1808241098813,15.0,14.0,14.928664673730704,13.992955987329829,3.125716921351094,3.2479252751626877
1356.3808507801039,15.0,14.0,14.913684252289558,13.992949826180519,2.625716921351094,2.8234566405378207
1356.5808774503266,15.0,14.0,14.908877329539086,13.986289228532286,3.125716921351094,2.36844261202555
1356.7809041205494,15.0,14.0,14.911557103853005,13.985741692253937,3.625716921351094,2.86844261202555
1356.980930790772,15.0,14.0,14.921043376477943,13.977606570026085,4.125716921351094,2.36844261202555
1357.1809574609947,15.0,14.0,14.924473356956552,13.976459685695499,3.625716921351094,2.86844261202555
1357.3809841312175,15.0,14.0,14.937921099480672,13.979760100216124,4.125716921351094,3.2092134582381147
1357.5810108014402,15.0,14.0,14.945188898676307,13.989668550504417,3.9148914034462017,3.7092134582381147
1357.7810374716628,15.0,14.0,14.963619639675722,13.99377467050444,4.414891403446202,3.2092134582381147
1357.9810641418856,15.0,14.0,14.963830432115618,14.000013931392191,3.9148914034462017,3.7092134582381147
1358.1810908121083,15.0,14.0,14.9617536898294,14.015175784893243,3.4949808840903933,4.209213458238114
1358.3811174823309,15.0,14.0,14.95242073693176,14.024691419245189,2.9949808840903933,3.709213458238114
1358.5811441525536,15.0,14.0,14.951716185391456,14.032096847819917,3.4949808840903933,3.6027949556380325
1358.7811708227764,15.0,14.0,14.944473112362653,14.035271612043637,2.9949808840903933,3.1027949556380325
1358.981197492999,15.0,14.0,14.94250790284741,14.03489594739959,3.4949808840903933,3.034170989274333
1359.1812241632217,15.0,14.0,14.935957329201761,14.0429400947986,2.9949808840903933,3.406420259237912
1359.3812508334445,15.0,14.0,14.934948215000043,14.039458139483328,3.4949808840903933,2.906420259237912
1359.581277503667,15.0,14.0,14.937039038744125,14.043909785530419,3.5391231436767514,3.406420259237912
1359.7813041738898,15.0,14.0,14.943326457771672,14.048473072169434,4.039123143676751,3.345925181383934
1359.9813308441126,15.0,14.0,14.937708210287784,14.06352600772016,3.5391231436767514,3.845925181383934
1360.181357514335,15.0,14.0,14.932386802341698,14.067746755536001,3.0391231436767514,3.345925181383934
1360.3813841845579,15.0,14.0,14.936681603242095,14.066889177250438,3.5391231436767514,2.845925181383934
1360.5814108547806,15.0,14.0,14.946640474090398,14.05994000648706,4.039123143676751,2.345925181383934
1360.7814375250032,15.0,14.0,14.961660435354137,14.060910402552572,4.539123143676751,2.845925181383934
1360.981464195226,15.0,14.0,14.984684463070002,14.059645771277681,4.826571374418342,2.824041155590019
1361.1814908654487,15.0,14.0,14.995664010976961,14.053972291177082,4.326571374418342,2.324041155590019
1361.3815175356713,15.0,14.0,15.007824652754254,14.038348344487451,4.247994209369624,1.824041155590019
1361.581544205894,15.0,14.0,15.015048119824682,14.015943835680234,3.7822563002544034,1.324041155590019
1361.7815708761168,15.0,14.0,15.02975734980746,14.00205618706984,4.282256300254403,1.824041155590019
1361.9815975463393,15.0,14.0,15.035108925680197,13.994079703938656,3.782256300254403,2.324041155590019
1362.181624216562,15.0,14.0,15.050734522364024,13.980688517178727,4.282256300254403,1.824041155590019
1362.3816508867849,15.0,14.0,15.057914409413922,13.969181088695114,3.782256300254403,2.324041155590019
1362.5816775570077,15.0,14.0,15.055858148494442,13.966948322459624,3.282256300254403,2.5612794503088905
1362.7817042272302,15.0,14.0,15.053146591461074,13.961978616029427,3.3776457611323205,2.6816343430630423
1362.981730897453,15.0,14.0,15.055833975785061,13.960918736802546,3.8776457611323205,2.8138757660306237
1363.1817575676757,15.0,14.0,15.053558085211522,13.962865269071226,3.3776457611323205,3.0804757788665844
1363.3817842378983,15.0,14.0,15.041605994690173,13.969924451480754,2.8776457611323205,3.5804757788665844
1363.581810908121,15.0,14.0,15.036566431322548,13.982130574296209,3.3776457611323205,4.080475778866584
1363.7818375783438,15.0,14.0,15.029414742419918,13.98814419137623,2.8776457611323205,3.595049070524234
1363.9818642485664,15.0,14.0,15.016664503205984,13.989624026705798,2.8394183066665297,3.095049070524234
1364.1818909187891,15.0,14.0,15.01488752030616,13.986105806278601,3.3394183066665297,2.595049070524234
1364.381917589012,15.0,14.0,15.007483203825615,13.979817289163362,3.0629763512848767,2.324881318508617
1364.5819442592344,15.0,14.0,14.99176160008039,13.98003346452604,2.5629763512848767,2.824881318508617
1364.7819709294572,15.0,14.0,14.979511872418096,13.981848863017674,3.0629763512848767,3.324881318508617
1364.98199759968,15.0,14.0,14.967323306009485,13.99640765234713,2.916140738282797,3.824881318508617
1365.1820242699025,15.0,14.0,14.943961748847258,14.002776208323576,2.416140738282797,3.324881318508617
1365.3820509401253,15.0,14.0,14.93855854489361,14.000837594383498,2.916140738282797,2.906663774796868
1365.582077610348,15.0,14.0,14.934003894473065,13.99630856428997,3.416140738282797,2.7975737416258237
1365.7821042805706,15.0,14.0,14.944298274146268,13.99390241114989,3.916140738282797,2.5179092484890164
1365.9821309507934,15.0,14.0,14.947403587047933,13.983038766464501,3.6982647482893958,2.0179092484890164
1366.1821576210161,15.0,14.0,14.943188503391424,13.977610029920402,3.1982647482893958,2.5179092484890164
1366.3821842912387,15.0,14.0,14.9408600460343,13.978172871470962,3.6982647482893958,3.0179092484890164
1366.5822109614614,15.0,14.0,14.938617221625956,13.984581336586052,3.7963951577354744,3.5179092484890164
1366.7822376316842,15.0,14.0,14.949574428034634,13.99838708501872,4.296395157735475,4.017909248489016
1366.9822643019068,15.0,14.0,14.955940099836868,14.003465693371977,3.796395157735475,3.5179092484890164
1367.1822909721295,15.0,14.0,14.965198327467531,14.01827492944565,4.066224803310393,4.017909248489016
1367.3823176423523,15.0,14.0,14.963549906947177,14.027066293157015,3.5662248033103934,3.5179092484890164
1367.582344312575,15.0,14.0,14.979164842336267,14.023254356686408,4.066224803310393,3.0179092484890164
1367.7823709827976,15.0,14.0,14.978767491606867,14.033980583030468,3.5662248033103934,3.5179092484890164
1367.9823976530204,15.0,14.0,14.980736827930084,14.03362239169324,3.703544575137572,3.0179092484890164
1368.1824243232431,15.0,14.0,14.984694459623054,14.03030300174607,3.754890760968564,2.5179092484890164
1368.3824509934657,15.0,14.0,14.999084321179279,14.028836260841354,4.254890760968564,3.0179092484890164
1368.5824776636885,15.0,14.0,15.00513355925765,14.025096876471244,3.7548907609685642,2.5179092484890164
1368.7825043339112,15.0,14.0,15.014490446730791,14.012416260831719,4.254890760968564,2.0179092484890164
1368.9825310041338,15.0,14.0,15.022598648052966,13.996411514788702,3.7548907609685642,1.5179092484890164
1369.1825576743565,15.0,14.0,15.017849675869657,13.986678323567302,3.2548907609685642,2.0179092484890164
1369.3825843445793,15.0,14.0,15.003516875337407,13.982454838145157,2.7548907609685642,2.5179092484890164
1369.5826110148018,15.0,14.0,14.992731214230671,13.971587930891024,2.722365384871009,2.0179092484890164
1369.7826376850246,15.0,14.0,14.98098339838327,13.960770867376702,2.675176732552471,1.9693068210499578
1369.9826643552474,15.0,14.0,14.974504872357064,13.957216114979055,3.175176732552471,2.469306821049958
1370.18269102547,15.0,14.0,14.959134675145908,13.956660631811955,2.675176732552471,2.969306821049958
1370.3827176956927,15.0,14.0,14.953418775348895,13.963014271946145,3.175176732552471,3.332310463941566
1370.5827443659155,15.0,14.0,14.95694269893596,13.961248404859454,3.675176732552471,2.832310463941566
1370.782771036138,15.0,14.0,14.965897527008064,13.954383761971313,4.0322011697415645,2.332310463941566
1370.9827977063608,15.0,14.0,14.984245565295806,13.951641746823253,4.5322011697415645,2.832310463941566
1371.1828243765835,15.0,14.0,14.986867178709844,13.955803236120902,4.0322011697415645,3.332310463941566
1371.382851046806,15.0,14.0,14.98423689319153,13.957555727910345,3.5322011697415645,2.832310463941566
1371.5828777170289,15.0,14.0,14.990577241531435,13.952511174053662,4.0322011697415645,2.332310463941566
1371.7829043872516,15.0,14.0,15.002747156747283,13.939074832239944,4.193984144092603,1.8323104639415662
1371.9829310574742,15.0,14.0,15.025839470231428,13.93346056704333,4.693984144092603,2.332310463941566
1372.182957727697,15.0,14.0,15.037854457280096,13.931871801993585,4.193984144092603,2.832310463941566
1372.3829843979197,15.0,14.0,15.042484187841026,13.937346439553883,3.779435545199255,3.332310463941566
1372.5830110681425,15.0,14.0,15.036650715285337,13.953937938867563,3.279435545199255,3.832310463941566
1372.783037738365,15.0,14.0,15.021576462052613,13.96057062444231,2.779435545199255,3.391127672848676
1372.9830644085878,15.0,14.0,15.002105588973334,13.959682716924592,2.279435545199255,2.891127672848676
1373.1830910788105,15.0,14.0,14.98881676897917,13.949822903158854,2.779435545199255,2.391127672848676
1373.383117749033,15.0,14.0,14.970306040290124,13.951511965966741,2.279435545199255,2.891127672848676
1373.5831444192559,15.0,14.0,14.953688628627216,13.954152749426706,2.6377159991493784,3.391127672848676
1373.7831710894786,15.0,14.0,14.943761432109236,13.960996449902657,3.1377159991493784,3.5396344380454705
1373.9831977597012,15.0,14.0,14.945981878388636,13.964893877163414,3.6377159991493784,3.2214457829126046
1374.183224429924,15.0,14.0,14.954019803181126,13.968145043071344,4.137715999149378,3.0882484317098515
1374.3832511001467,15.0,14.0,14.95352240973788,13.977317327743279,3.6377159991493784,3.5882484317098515
1374.5832777703692,15.0,14.0,14.961955300757143,13.98690361223945,4.137715999149378,3.8119348994264652
1374.783304440592,15.0,14.0,14.963660404039219,13.993754248064963,3.6377159991493784,3.3119348994264652
1374.9833311108148,15.0,14.0,14.967296253211957,14.00198126519254,3.8004203446000226,3.364677283432886
1375.1833577810373,15.0,14.0,14.961634474915686,14.014443356884348,3.3004203446000226,3.864677283432886
1375.38338445126,15.0,14.0,14.964272190176958,14.025389095634903,3.8004203446000226,3.364677283432886
1375.5834111214829,15.0,14.0,14.961219185394725,14.033502213447985,3.3201576194864173,3.864677283432886
1375.7834377917054,15.0,14.0,14.965912892136906,14.040220386934186,3.8201576194864173,3.7435493286209565
1375.9834644619282,15.0,14.0,14.979942130998058,14.044263478996918,4.320157619486418,3.2435493286209565
1376.183491132151,15.0,14.0,14.99027650530234,14.05412279742329,3.8587949493869336,3.7435493286209565
1376.3835178023735,15.0,14.0,14.988729540179332,14.06994937385298,3.3587949493869336,4.243549328620956
1376.5835444725963,15.0,14.0,14.995196185964842,14.080300529342711,3.8587949493869336,3.743549328620956
1376.783571142819,15.0,14.0,14.999162483268357,14.08360415501121,3.93898321761932,3.243549328620956
1376.9835978130416,15.0,14.0,14.997019380924979,14.084566114607721,3.43898321761932,2.8101850491164004
1377.1836244832643,15.0,14.0,14.990586457731235,14.076747232504044,3.259241784085757,2.3101850491164004
1377.383651153487,15.0,14.0,14.981654628977877,14.06923018987988,3.08207819015073,2.241567829120151
1377.5836778237099,15.0,14.0,14.9815816693397,14.0625962047508,3.58207819015073,2.741567829120151
1377.7837044939324,15.0,14.0,14.991644865757515,14.05242281733471,4.08207819015073,2.241567829120151
1377.9837311641552,15.0,14.0,15.010547375354134,14.051914013265112,4.58207819015073,2.549333113553767
1378.183757834378,15.0,14.0,15.036729822114435,14.055087916124709,5.021594403861312,3.006775444931829
1378.3837845046005,15.0,14.0,15.053668529062266,14.058704183910745,4.521594403861312,3.506775444931829
1378.5838111748233,15.0,14.0,15.063262407437914,14.059624869873947,4.021594403861312,3.006775444931829
1378.783837845046,15.0,14.0,15.055127577789285,14.069030876842266,3.521594403861312,3.506775444931829
1378.9838645152686,15.0,14.0,15.06335235751121,14.068346466778978,4.021594403861312,3.006775444931829
1379.1838911854913,15.0,14.0,15.063704518328109,14.078869843100483,3.521594403861312,3.506775444931829
1379.3839178557141,15.0,14.0,15.053185528665106,14.077452602200939,3.021594403861312,3.006775444931829
1379.5839445259367,15.0,14.0,15.0553940951764,14.081310438659324,3.521594403861312,3.506775444931829
1379.7839711961594,15.0,14.0,15.058877627119921,14.084099891166431,3.682583946141325,3.006775444931829
1379.9839978663822,15.0,14.0,15.05061285971999,14.077904372219681,3.182583946141325,2.506775444931829
1380.1840245366047,15.0,14.0,15.054411660697646,14.07632555287042,3.682583946141325,2.581180274825548
1380.3840512068275,15.0,14.0,15.049592453502287,14.069002738733076,3.182583946141325,2.081180274825548
1380.5840778770503,15.0,14.0,15.048889715731976,14.063131312554555,3.547286358538921,2.581180274825548
1380.7841045472728,15.0,14.0,15.043247354135818,14.054173453024756,3.047286358538921,2.081180274825548
1380.9841312174956,15.0,14.0,15.032720708860484,14.048840370932409,2.7515139254035987,2.555156645836332
1381.1841578877184,15.0,14.0,15.015437933385583,14.035471368154836,2.2515139254035987,2.055156645836332
1381.384184557941,15.0,14.0,14.986849407272977,14.017909206853732,1.7515139254035987,2.0134163973092454
1381.5842112281637,15.0,14.0,14.965570594343314,14.011531064486714,2.2515139254035987,2.5134163973092454
1381.7842378983864,15.0,14.0,14.950729905321356,14.000089498263938,2.573574674128388,2.0134163973092454
1381.984264568609,15.0,14.0,14.934855621840628,13.991155433883216,2.5763458296643926,2.3358980058384535
1382.1842912388317,15.0,14.0,14.926598438538635,13.989987534954055,3.0763458296643926,2.8358980058384535
1382.3843179090545,15.0,14.0,14.917112098001573,13.982662486338693,2.976465640762993,2.3358980058384535
1382.5843445792773,15.0,14.0,14.918343722347608,13.977979747901271,3.476465640762993,2.694969940335088
1382.7843712494998,15.0,14.0,14.908165162850759,13.966621338442188,2.976465640762993,2.194969940335088
1382.9843979197226,15.0,14.0,14.906331915147081,13.949399416174879,3.476465640762993,1.694969940335088
1383.1844245899454,15.0,14.0,14.914622377333572,13.94027742559033,3.976465640762993,2.194969940335088
1383.384451260168,15.0,14.0,14.915970475395508,13.936869514210075,3.476465640762993,2.694969940335088
1383.5844779303907,15.0,14.0,14.920148318713169,13.939243767589584,3.85715882707524,3.194969940335088
1383.7845046006134,15.0,14.0,14.934982827121067,13.949499312429232,4.35715882707524,3.694969940335088
1383.984531270836,15.0,14.0,14.937601373264359,13.952917587167082,3.8571588270752404,3.194969940335088
1384.1845579410588,15.0,14.0,14.950386899831953,13.961856558226101,4.0456251994473105,3.2411147127338626
1384.3845846112815,15.0,14.0,14.947635378374649,13.963320901027426,3.5456251994473105,2.7411147127338626
1384.584611281504,15.0,14.0,14.946887755371879,13.962682945973066,3.483661923185912,3.2411147127338626
1384.7846379517268,15.0,14.0,14.954237467183152,13.960619973316255,3.983661923185912,2.7411147127338626
1384.9846646219496,15.0,14.0,14.971454264020155,13.962435151828965,4.397841468729108,3.2411147127338626
1385.1846912921721,15.0,14.0,14.976236734431499,13.962687594262391,3.8978414687291076,2.7411147127338626
1385.384717962395,15.0,14.0,14.987935904049573,13.955241176110135,4.397841468729108,2.2411147127338626
1385.5847446326177,15.0,14.0,15.009052964807752,13.946646034784878,4.792346390608802,2.01078757498733
1385.7847713028402,15.0,14.0,15.018725825904587,13.942737997220126,4.292346390608802,2.51078757498733
1385.984797973063,15.0,14.0,15.020711142334756,13.932392617779206,3.7923463906088024,2.01078757498733
1386.1848246432858,15.0,14.0,15.019882415146203,13.928486678230556,3.2923463906088024,2.51078757498733
1386.3848513135083,15.0,14.0,15.025881103685318,13.928467294859697,3.7923463906088024,2.8571200810521296
1386.584877983731,15.0,14.0,15.0211157740379,13.936198535523673,3.2923463906088024,3.3571200810521296
1386.7849046539538,15.0,14.0,15.026477304015428,13.94698471186142,3.7923463906088024,3.8571200810521296
1386.9849313241764,15.0,14.0,15.020720407793183,13.963711123865155,3.2923463906088024,4.35712008105213
1387.1849579943992,15.0,14.0,15.010700071699809,13.976246360409675,3.0869691316841754,3.8571200810521296
1387.384984664622,15.0,14.0,14.995256742499167,13.990750984702105,2.5869691316841754,3.932053120379934
1387.5850113348447,15.0,14.0,14.988290416030152,13.999582528483483,3.0869691316841754,3.432053120379934
1387.7850380050672,15.0,14.0,14.988778063839204,13.99847605386912,3.5869691316841754,2.932053120379934
1387.98506467529,15.0,14.0,14.978422534032516,13.992911838428723,3.0869691316841754,2.432053120379934
1388.1850913455128,15.0,14.0,14.977263293178844,13.995662902975674,3.360079238265863,2.932053120379934
1388.3851180157353,15.0,14.0,14.964239298369707,13.990310324393235,2.860079238265863,2.432053120379934
1388.585144685958,15.0,14.0,14.96208701406603,13.992298235767414,3.360079238265863,2.839540605412812
1388.7851713561809,15.0,14.0,14.970555918007696,13.99856528201054,3.860079238265863,3.339540605412812
1388.9851980264034,15.0,14.0,14.979022855621343,13.99700074735816,4.360079238265863,2.839540605412812
1389.1852246966262,15.0,14.0,14.986515265670983,13.988418053462539,3.860079238265863,2.339540605412812
1389.385251366849,15.0,14.0,14.997008267194689,13.9895685273043,4.03879293075897,2.839540605412812
1389.5852780370715,15.0,14.0,14.999696665964763,13.994742827718705,3.5387929307589703,3.339540605412812
1389.7853047072942,15.0,14.0,14.995932947870756,14.002102140814655,3.0387929307589703,3.4870508048336886
1389.985331377517,15.0,14.0,14.97535372016295,14.001538388433925,2.5387929307589703,2.9870508048336886
1390.1853580477396,15.0,14.0,14.970256610242025,14.001335398442018,3.0021847353134574,2.8155107135226793
1390.3853847179623,15.0,14.0,14.956017392567325,13.994261471834106,2.5021847353134574,2.3155107135226793
1390.585411388185,15.0,14.0,14.942824065584713,13.9938343130732,3.0021847353134574,2.8155107135226793
1390.7854380584076,15.0,14.0,14.942928366319707,13.999205866802749,3.5021847353134574,3.3155107135226793
1390.9854647286304,15.0,14.0,14.94336689830538,13.992444361442814,3.823354870887082,2.8155107135226793
1391.1854913988532,15.0,14.0,14.947088486705017,13.998792918761417,4.013902338511137,3.3155107135226793
1391.3855180690757,15.0,14.0,14.963844396047971,13.999315167488714,4.513902338511137,3.0256982694326706
1391.5855447392985,15.0,14.0,14.972116922811752,13.9958883465271,4.013902338511137,2.5256982694326706
1391.7855714095213,15.0,14.0,14.981783441497011,13.996165308711571,4.165401555231847,3.0256982694326706
1391.9855980797438,15.0,14.0,14.99906970693144,13.992023715603109,4.560301042192485,2.5256982694326706
1392.1856247499666,15.0,14.0,15.009271123191377,13.992125457731639,4.060301042192485,3.0256982694326706
1392.3856514201893,15.0,14.0,15.010677198546174,13.998771179957686,3.560301042192485,3.5256982694326706
1392.585678090412,15.0,14.0,15.015995784834287,14.00045365342353,3.8510160645399667,3.0256982694326706
1392.7857047606346,15.0,14.0,15.022741522041704,14.008307111413272,4.048056085470354,3.5256982694326706
1392.9857314308574,15.0,14.0,15.03878469556148,14.012536891521327,4.548056085470354,3.0256982694326706
1393.1857581010802,15.0,14.0,15.044708459699214,14.019498566189904,4.048056085470354,3.5256982694326706
1393.3857847713027,15.0,14.0,15.043923774398708,14.028877668795278,3.5480560854703542,3.771225523700818
1393.5858114415255,15.0,14.0,15.032967036547863,14.033060807510928,3.0480560854703542,3.271225523700818
1393.7858381117483,15.0,14.0,15.020939382256724,14.03170932836809,2.5480560854703542,2.88418795813533
1393.9858647819708,15.0,14.0,15.0101829157882,14.024460981028987,2.824175031887003,2.38418795813533
1394.1858914521936,15.0,14.0,15.006133921424347,14.011889581020363,3.324175031887003,1.88418795813533
1394.3859181224163,15.0,14.0,15.005447307167794,14.005081763418898,3.517183064756518,2.38418795813533
1394.5859447926389,15.0,14.0,15.01543912625351,14.003228900820394,4.017183064756518,2.88418795813533
1394.7859714628617,15.0,14.0,15.014749331242466,13.996389839201653,3.5299165631601706,2.38418795813533
1394.9859981330844,15.0,14.0,15.005632219041381,13.992807034458176,3.0299165631601706,2.4671874519821397
1395.186024803307,15.0,14.0,15.008547229668645,13.992445386137279,3.5299165631601706,2.9671874519821397
1395.3860514735297,15.0,14.0,14.99702221551592,13.986797652317483,3.0299165631601706,2.4671874519821397
1395.5860781437525,15.0,14.0,14.981948764315769,13.971769620572761,2.5299165631601706,1.9671874519821397
1395.786104813975,15.0,14.0,14.95616571058031,13.952743476991605,2.0299165631601706,1.4671874519821397
1395.9861314841978,15.0,14.0,14.923839799693884,13.928184960344883,1.5299165631601706,0.9671874519821397
1396.1861581544206,15.0,14.0,14.88290037001617,13.895696600541802,1.0299165631601706,0.46718745198213973
1396.3861848246431,15.0,14.0,14.837026716080903,13.859710452594214,0.5299165631601706,0.0
1396.586211494866,15.0,14.0,14.778713903750345,13.822742814956383,0.029916563160170606,0.0
1396.7862381650887,15.0,14.0,14.722749075918262,13.785734173101442,0.0,0.0
1396.9862648353112,15.0,14.0,14.665465112833479,13.748866136099416,0.0,0.0
1397.186291505534,15.0,14.0,14.605796782346747,13.711774495644768,0.0,0.0
1397.3863181757567,15.0,14.0,14.54658010179456,13.674638013387987,0.0,0.0
1397.5863448459795,15.0,14.0,14.487895365268058,13.639617099982233,0.0,0.0
1397.786371516202,15.0,14.0,14.428009476910667,13.602388847746601,0.0,0.0
1397.9863981864248,15.0,14.0,14.368054013422242,13.566575159634837,0.0,0.0
1398.1864248566476,15.0,14.0,14.308029561573301,13.529254361262907,0.0,0.0
1398.3864515268701,15.0,14.0,14.247941892676696,13.494665431674589,0.0,0.0
1398.586478197093,15.0,14.0,14.19258878647236,13.457255535736072,0.0,0.0
1398.7865048673157,15.0,14.0,14.13418359962999,13.419809204661505,0.0,0.0
1398.9865315375382,15.0,14.0,14.075581404106577,13.382323139442482,0.0,0.0
1399.186558207761,15.0,14.0,14.015190859236238,13.345125685887783,0.0,0.0
1399.3865848779838,15.0,14.0,13.954731114843712,13.307672129757036,0.0,0.0
1399.5866115482063,15.0,14.0,13.894201436632812,13.27005686745704,0.0,0.0
1399.786638218429,15.0,14.0,13.833908034368829,13.23327579241032,0.0,0.0
1399.9866648886518,15.0,14.0,13.779058452950414,13.19558047924326,0.0,0.0
1400.1866915588744,10.0,10.0,13.718309953039252,13.157849490417476,0.0,0.0
1400.3867182290971,10.0,10.0,13.657499191687682,13.12140605439187,0.0,0.0
1400.58674489932,10.0,10.0,13.596626781926409,13.083587605397245,0.0,0.0
1400.7867715695425,10.0,10.0,13.535690004843321,13.04627675008003,0.0,0.0
1400.9867982397652,10.0,10.0,13.47559686164388,13.008374495098208,0.0,0.0
1401.186824909988,10.0,10.0,13.414532926749304,12.971525086169441,0.0,0.0
1401.3868515802105,10.0,10.0,13.353420887603097,12.936152783126861,0.0,0.0
1401.5868782504333,10.0,10.0,13.29225641315739,12.898119518298346,0.0,0.0
1401.786904920656,10.0,10.0,13.232099310340827,12.860046698358447,0.0,0.0
1401.9869315908786,10.0,10.0,13.170804604244319,12.82193453572306,0.0,0.0
1402.1869582611014,10.0,10.0,13.109450693319541,12.78447361913723,0.0,0.0
1402.3869849313242,10.0,10.0,13.048046286387448,12.747948150771965,0.0,0.0
1402.587011601547,10.0,10.0,12.988612696757839,12.709712592645543,0.0,0.0
1402.7870382717695,10.0,10.0,12.928319401092338,12.67144141649289,0.0,0.0
1402.9870649419922,10.0,10.0,12.866735793505729,12.634090180014272,0.0,0.0
1403.187091612215,10.0,10.0,12.80510604679434,12.597392770007371,0.0,0.0
1403.3871182824375,10.0,10.0,12.744598005357863,12.559000702658848,0.0,0.0
1403.5871449526603,10.0,10.0,12.682856090156013,12.520571209912514,0.0,0.0
1403.787171622883,10.0,10.0,12.62141691438062,12.482103432391185,0.0,0.0
1403.9871982931056,10.0,10.0,12.560753964633335,12.444968504437158,0.0,0.0
1404.1872249633284,10.0,10.0,12.498861220228632,12.408235827740773,0.0,0.0
1404.3872516335512,10.0,10.0,12.436940517459584,12.372866570752185,0.0,0.0
1404.5872783037737,10.0,10.0,12.378183292387437,12.334239698015773,0.0,0.0
1404.7873049739965,10.0,10.0,12.316319049658704,12.296656125389958,0.0,0.0
1404.9873316442192,10.0,10.0,12.254265309623905,12.259834341780953,0.0,0.0
1405.1873583144418,10.0,10.0,12.19335765282615,12.221094966403511,0.0,0.0
1405.3873849846645,10.0,10.0,12.131880429108083,12.183984628809831,0.0,0.0
1405.5874116548873,10.0,10.0,12.073906416376452,12.146752803140112,0.0,0.0
1405.7874383251099,10.0,10.0,12.011674020427556,12.107911345778044,0.0,0.0
1405.9874649953326,10.0,10.0,11.951083970429792,12.071939042172732,0.0,0.0
1406.1874916655554,10.0,10.0,11.889547734619839,12.033024452849844,0.0,0.0
1406.387518335778,10.0,10.0,11.82722942835271,11.994075094813008,0.0,0.0
1406.5875450060007,10.0,10.0,11.764839958346322,11.9571348822804,0.0,0.0
1406.7875716762235,10.0,10.0,11.70449339688562,11.919187741892843,0.0,0.0
1406.987598346446,10.0,10.0,11.643145636610367,11.880132741339823,0.0,0.0
1407.1876250166688,10.0,10.0,11.58065241264389,11.844122418593711,0.0,0.0
1407.3876516868916,10.0,10.0,11.518134862985344,11.80507339615855,0.0,0.0
1407.5876783571143,10.0,10.0,11.455572889017136,11.765956661600475,0.0,0.0
1407.7877050273369,10.0,10.0,11.392966637161113,11.726757123662175,0.0,0.0
1407.9877316975596,10.0,10.0,11.332173281087297,11.689857722313679,0.0,0.0
1408.1877583677824,10.0,10.0,11.269521304957207,11.65237894344406,0.0,0.0
1408.387785038005,10.0,10.0,11.207724998983583,11.614168138580542,0.0,0.0
1408.5878117082277,10.0,10.0,11.145829036738771,11.574831289561079,0.0,0.0
1408.7878383784505,10.0,10.0,11.08307571225474,11.535481811147463,0.0,0.0
1408.987865048673,10.0,10.0,11.020282020106695,11.496079991292047,0.0,0.0
1409.1878917188958,10.0,10.0,10.96078924966692,11.45665095260424,0.0,0.0
1409.3879183891186,10.0,10.0,10.897915161280839,11.418355203416642,0.0,0.0
1409.587945059341,10.0,10.0,10.835021610894287,11.379917667352375,0.0,0.0
1409.7879717295639,10.0,10.0,10.77211021605179,11.341611565233555,0.0,0.0
1409.9879983997866,10.0,10.0,10.70918041619839,11.302920659982089,0.0,0.0
1410.1880250700092,10.0,10.0,10.65094852008501,11.264365600026931,0.0,0.0
1410.388051740232,10.0,10.0,10.58939939294297,11.22475671982968,0.0,0.0
1410.5880784104547,10.0,10.0,10.526369118782323,11.185179489982085,0.0,0.0
1410.7881050806773,10.0,10.0,10.463339133330972,11.148942453469163,0.0,0.0
1410.9881317509,10.0,10.0,10.400335467708263,11.111805937417866,0.0,0.0
1411.1881584211228,10.0,10.0,10.340212832924022,11.073025061357171,0.0,0.0
1411.3881850913453,10.0,10.0,10.280094810050247,11.033264386328911,0.0,0.0
1411.5882117615681,10.0,10.0,10.217884022707453,10.993480656759825,0.0,0.0
1411.788238431791,10.0,10.0,10.165565207070728,10.953688912261137,0.49999999999999994,0.0
1411.9882651020134,10.0,10.0,10.102389058832678,10.913887767432172,0.0,0.0
1412.1882917722362,10.0,10.0,10.048354633988962,10.874451874978794,0.49999999999999994,0.0
1412.388318442459,10.0,10.0,9.998144024429381,10.834651093135694,0.9999999999999999,0.0
1412.5883451126817,10.0,10.0,9.958486217446335,10.794891830208067,1.4999999999999998,0.0
1412.7883717829043,10.0,10.0,9.923611953880698,10.755204258713368,1.9999999999999998,0.0
1412.988398453127,10.0,10.0,9.90472494327071,10.716896968503827,2.4999999999999996,0.0
1413.1884251233498,10.0,10.0,9.884965374478139,10.677459848487253,2.81408830318352,0.0
1413.3884517935724,10.0,10.0,9.871940523681955,10.63820488298667,3.1153421545341824,0.0
1413.5884784637951,10.0,10.0,9.856668335183947,10.599625921046904,3.070100916849899,0.0
1413.788505134018,10.0,10.0,9.84688835734514,10.560735392942403,3.32324006900807,0.0
1413.9885318042404,10.0,10.0,9.831036217531148,10.524743816415166,2.82324006900807,0.0
1414.1885584744632,10.0,10.0,9.824445964336489,10.486110983487395,3.32324006900807,0.0
1414.388585144686,10.0,10.0,9.820993200410015,10.450434259827922,3.82324006900807,0.0
1414.5886118149085,10.0,10.0,9.821349557126595,10.412189229984149,4.068799686890816,0.0
1414.7886384851313,10.0,10.0,9.827419707752346,10.376411855314993,4.301954761196019,0.0
1414.988665155354,10.0,10.0,9.82633006641748,10.338594018636291,3.8019547611960194,0.0
1415.1886918255766,10.0,10.0,9.835741051769629,10.307530928904804,4.301954761196019,0.5
1415.3887184957994,10.0,10.0,9.846425081779214,10.272804265863876,4.801954761196019,0.0
1415.5887451660221,10.0,10.0,9.848298574687634,10.23593195733178,4.301954761196019,0.0
1415.7887718362447,10.0,10.0,9.863367187391914,10.202153194638843,4.801954761196019,0.4484810926309504
1415.9887985064674,10.0,10.0,9.874291359680349,10.166883622446457,4.7042179524669985,0.0
1416.1888251766902,10.0,10.0,9.895822909188864,10.130570027077292,5.2042179524669985,0.0
1416.3888518469128,10.0,10.0,9.928758539020013,10.096007718678644,5.7042179524669985,0.0
1416.5888785171355,10.0,10.0,9.948558075624353,10.060094616288936,5.2042179524669985,0.0
1416.7889051873583,10.0,10.0,9.96212035829008,10.030089481087076,4.7042179524669985,0.5
1416.988931857581,10.0,10.0,9.982141731300986,10.007475261295298,5.2042179524669985,1.0
1417.1889585278036,10.0,10.0,9.991570207334183,9.987606921857571,4.7042179524669985,0.8546147147535548
1417.3889851980264,10.0,10.0,9.994006874493317,9.969114383252725,4.2042179524669985,1.3546147147535548
1417.5890118682491,10.0,10.0,9.988851466462512,9.945829373658,3.7042179524669985,0.8546147147535548
1417.7890385384717,10.0,10.0,9.99022513189373,9.931017088932352,4.2042179524669985,1.3546147147535548
1417.9890652086945,10.0,10.0,10.002991003369793,9.921848699145926,4.7042179524669985,1.8546147147535548
1418.1890918789172,10.0,10.0,10.009461691922532,9.916550507505038,4.2042179524669985,2.3546147147535548
1418.3891185491398,10.0,10.0,10.008050348088902,9.918608518862337,3.7042179524669985,2.8546147147535548
1418.5891452193625,10.0,10.0,10.003326786900487,9.92690336892856,3.4458345500060936,3.3546147147535548
1418.7891718895853,10.0,10.0,9.999130300390565,9.92576890042788,3.5443394999957185,2.8546147147535548
1418.9891985598078,10.0,10.0,9.991867468357862,9.935482073548116,3.162545074244591,3.3195841416583325
1419.1892252300306,10.0,10.0,9.974641954660413,9.944054670456175,2.8086669566941485,3.4058462143097645
1419.3892519002534,10.0,10.0,9.969266485685603,9.94779858571182,3.3086669566941485,2.9058462143097645
1419.589278570476,10.0,10.0,9.96884433612363,9.943033936769268,3.8086669566941485,2.4058462143097645
1419.7893052406987,10.0,10.0,9.98145770412056,9.935234530008838,4.3086669566941485,2.0697174549412347
1419.9893319109215,10.0,10.0,9.995605781500835,9.920776253300872,4.65659958241462,1.5697174549412347
1420.189358581144,10.0,10.0,10.00606515134668,9.903881978289114,4.15659958241462,1.191646302563144
1420.3893852513668,10.0,10.0,10.006605296558803,9.89360034770865,3.6565995824146196,1.691646302563144
1420.5894119215895,10.0,10.0,10.016211482819177,9.884740100211799,4.15659958241462,2.191646302563144
1420.789438591812,10.0,10.0,10.019085253088612,9.882723480439234,3.7834796692261823,2.691646302563144
1420.9894652620349,10.0,10.0,10.014579104889801,9.89056332861854,3.2834796692261823,3.191646302563144
1421.1894919322576,10.0,10.0,10.015057367130751,9.894559642797423,3.4124152499562532,2.8336229622363276
1421.3895186024802,10.0,10.0,10.019193446596143,9.9039506200924,3.9124152499562532,3.3336229622363276
1421.589545272703,10.0,10.0,10.032926686968684,9.9119781338498,4.412415249956253,3.3326328587276057
1421.7895719429257,10.0,10.0,10.040898201846415,9.912756385462707,3.9124152499562532,2.8326328587276057
1421.9895986131485,10.0,10.0,10.040128082464262,9.922957711901985,3.4124152499562532,3.3326328587276057
1422.189625283371,10.0,10.0,10.027908800371495,9.925640512484467,2.9712326817286456,2.8326328587276057
1422.3896519535938,10.0,10.0,10.014634590659652,9.934981101555504,2.4712326817286456,3.3326328587276057
1422.5896786238166,10.0,10.0,10.002648670086614,9.940741390671482,2.5778388447442966,2.8326328587276057
1422.789705294039,10.0,10.0,9.998345904262592,9.936593624093664,3.0778388447442966,2.3326328587276057
1422.9897319642619,10.0,10.0,9.994836385094537,9.940252986964335,3.5778388447442966,2.8326328587276057
1423.1897586344846,10.0,10.0,9.99436513238056,9.951244746605681,3.613093731978948,3.3326328587276057
1423.3897853047072,10.0,10.0,9.987792531744509,9.96168178499332,3.113093731978948,3.272375611152951
1423.58981197493,10.0,10.0,9.990936645666558,9.966240464321043,3.416378258488318,3.128400891479844
1423.7898386451527,10.0,10.0,9.986088224070354,9.96687752936023,2.916378258488318,2.628400891479844
1423.9898653153753,10.0,10.0,9.989479408414208,9.95962768180236,3.416378258488318,2.128400891479844
1424.189891985598,10.0,10.0,9.986369706972324,9.9515148623153,2.916378258488318,1.9443834098966313
1424.3899186558208,10.0,10.0,9.987662956852896,9.947697820518526,3.3721848616096275,2.4443834098966315
1424.5899453260433,10.0,10.0,9.996934129476102,9.951514337891293,3.834273795195847,2.9443834098966315
1424.789971996266,10.0,10.0,9.997026822046594,9.960140528553337,3.334273795195847,3.4443834098966315
1424.9899986664889,10.0,10.0,9.993133128631051,9.965950697558421,3.0277706933181308,2.9443834098966315
1425.1900253367114,10.0,10.0,9.994156320776348,9.965119247665381,3.5277706933181308,2.4443834098966315
1425.3900520069342,10.0,10.0,9.990987629303396,9.969974050976864,3.0277706933181308,2.9443834098966315
1425.590078677157,10.0,10.0,9.997717047725116,9.966313554566748,3.5277706933181308,2.4443834098966315
1425.7901053473795,10.0,10.0,9.993587154410426,9.96981125245384,3.0277706933181308,2.9443834098966315
1425.9901320176023,10.0,10.0,9.983913581099925,9.978922618829932,2.5277706933181308,3.4443834098966315
1426.190158687825,10.0,10.0,9.981275801163214,9.981065997957593,2.8950986347930376,2.9443834098966315
1426.3901853580476,10.0,10.0,9.966583444638694,9.975989255062846,2.3950986347930376,2.4443834098966315
1426.5902120282703,10.0,10.0,9.960978261977287,9.965763440023412,2.8950986347930376,1.9443834098966315
1426.790238698493,10.0,10.0,9.963919183438232,9.964396187383743,3.3950986347930376,2.4443834098966315
1426.9902653687159,10.0,10.0,9.95988818030168,9.956089757077454,2.8950986347930376,1.9443834098966315
1427.1902920389384,10.0,10.0,9.960693686229824,9.954755063851755,3.3950986347930376,2.4443834098966315
1427.3903187091612,10.0,10.0,9.960426140338063,9.956883367740597,3.2735152938885426,2.9443834098966315
1427.590345379384,10.0,10.0,9.959628558726514,9.967239898591913,2.8820616040868505,3.4443834098966315
1427.7903720496065,10.0,10.0,9.96228801828294,9.970783742177682,3.3820616040868505,2.9443834098966315
1427.9903987198293,10.0,10.0,9.973461215584667,9.970833057974197,3.8820616040868505,2.4443834098966315
1428.190425390052,10.0,10.0,9.99187644618863,9.964908658332476,4.38206160408685,2.179439883155878
1428.3904520602746,10.0,10.0,10.00636875228313,9.964836770442068,4.130947837500144,2.679439883155878
1428.5904787304974,10.0,10.0,10.033297157558366,9.967597321376381,4.582171661587225,2.604773334186641
1428.7905054007201,10.0,10.0,10.059616587416304,9.972158964645853,4.8907643571690045,2.8135155816907784
1428.9905320709427,10.0,10.0,10.082999058154641,9.974277880955443,4.3907643571690045,2.790336801466145
1429.1905587411654,10.0,10.0,10.097469860615442,9.98376956735776,3.8907643571690045,3.290336801466145
1429.3905854113882,10.0,10.0,10.101735779630838,9.9889016040659,3.3907643571690045,2.8935583373401905
1429.5906120816107,10.0,10.0,10.094897619666847,9.98954231216215,2.8907643571690045,2.3935583373401905
1429.7906387518335,10.0,10.0,10.085715841691803,9.992770255875744,2.4482893612995467,2.8935583373401905
1429.9906654220563,10.0,10.0,10.077095741825993,9.995038099449816,2.9482893612995467,2.3935583373401905
1430.1906920922788,10.0,10.0,10.0720922791255,9.99972309444681,2.7794829330197737,2.8935583373401905
1430.3907187625016,10.0,10.0,10.057223878155323,10.000926848643678,2.2794829330197737,2.3935583373401905
1430.5907454327244,10.0,10.0,10.032568577523945,9.989977890794137,1.7794829330197737,1.8935583373401905
1430.790772102947,10.0,10.0,10.016018315518522,9.986493815382333,1.9918648476656242,2.3935583373401905
1430.9907987731697,10.0,10.0,10.004735685510129,9.989510385329579,2.2320448253278897,2.8935583373401905
1431.1908254433924,10.0,10.0,9.987616413061108,9.998816187764415,1.7320448253278897,3.3935583373401905
1431.390852113615,10.0,10.0,9.971971944682476,10.004172599411842,2.2320448253278897,2.8935583373401905
1431.5908787838378,10.0,10.0,9.96469509418937,10.000849105140702,2.7320448253278897,2.3935583373401905
1431.7909054540605,10.0,10.0,9.967660249788342,10.006403088529966,3.2320448253278897,2.8935583373401905
1431.9909321242833,10.0,10.0,9.976305129056449,10.004861075011009,3.7320448253278897,2.3935583373401905
1432.1909587945058,10.0,10.0,9.976923102847492,10.006436966642774,3.2320448253278897,2.503577320923321
1432.3909854647286,10.0,10.0,9.980118813809646,9.999439551149448,3.229696397475909,2.1035273417621303
1432.5910121349514,10.0,10.0,9.970999615422043,9.990346769936762,2.7323064279576394,1.997599356457771
1432.791038805174,10.0,10.0,9.956577638147253,9.98964335910053,2.2323064279576394,2.497599356457771
1432.9910654753967,10.0,10.0,9.953670374965348,9.994728080932921,2.7323064279576394,2.922317749088022
1433.1910921456195,10.0,10.0,9.954431404370977,9.993699019383032,3.2323064279576394,2.422317749088022
1433.391118815842,10.0,10.0,9.96021463895937,9.995774737111219,3.2378867388206136,2.922317749088022
1433.5911454860648,10.0,10.0,9.957484870724082,9.991382131431553,2.7378867388206136,2.5502216917857745
1433.7911721562875,10.0,10.0,9.960987693032443,9.996757651527309,3.2378867388206136,3.0502216917857745
1433.99119882651,10.0,10.0,9.95362026575242,10.00693581519495,2.7378867388206136,3.541310163727698
1434.1912254967328,10.0,10.0,9.94236098160501,10.015093826867641,2.2378867388206136,3.041310163727698
1434.3912521669556,10.0,10.0,9.937545928597393,10.012613420722984,2.7378867388206136,2.541310163727698
1434.5912788371782,10.0,10.0,9.942130778637209,10.015286244740317,3.2378867388206136,3.041310163727698
1434.791305507401,10.0,10.0,9.953188436842517,10.017579306339657,3.7378867388206136,2.8386247389911703
1434.9913321776237,10.0,10.0,9.956143902397615,10.026979284428407,3.2378867388206136,3.3386247389911703
1435.1913588478462,10.0,10.0,9.954999251221537,10.029822201330697,2.7378867388206136,2.8386247389911703
1435.391385518069,10.0,10.0,9.950700251097341,10.040369226471983,2.907705339307509,3.3386247389911703
1435.5914121882918,10.0,10.0,9.953400743191317,10.055254958858646,3.1153425304185127,3.4719292948348617
1435.7914388585143,10.0,10.0,9.946866410682537,10.062250274095126,2.6153425304185127,2.9719292948348617
1435.991465528737,10.0,10.0,9.948194542813145,10.05929080431031,3.1153425304185127,2.4719292948348617
1436.1914921989598,10.0,10.0,9.941665703184864,10.056812947203742,2.6153425304185127,2.372540558472324
1436.3915188691824,10.0,10.0,9.929221720629942,10.046585381727542,2.1153425304185127,1.8725405584723238
1436.5915455394052,10.0,10.0,9.904264497408148,10.03167036945497,1.6153425304185127,1.3725405584723238
1436.791572209628,10.0,10.0,9.892120259335188,10.025101856065856,2.1153425304185127,1.8725405584723238
1436.9915988798507,10.0,10.0,9.89156463879127,10.022361047786534,2.6153425304185127,2.372540558472324
1437.1916255500732,10.0,10.0,9.898197567467932,10.017180150084307,3.1153425304185127,1.9773959787438373
1437.391652220296,10.0,10.0,9.90738608555977,10.020674646286354,3.6153425304185127,2.4773959787438375
1437.5916788905188,10.0,10.0,9.918062394177754,10.01216075701627,3.7493174622441865,1.9773959787438375
1437.7917055607413,10.0,10.0,9.921757327379474,10.004747189874681,3.2493174622441865,1.992367153615003
1437.991732230964,10.0,10.0,9.934205714193457,9.99339584814829,3.7493174622441865,1.688956228821858
1438.1917589011869,10.0,10.0,9.941845133361817,9.978298793111223,3.2493174622441865,1.4826295036734625
1438.3917855714094,10.0,10.0,9.951673019898157,9.966274851109988,3.7493174622441865,1.9826295036734625
1438.5918122416322,10.0,10.0,9.954882058236151,9.962799283345927,3.2493174622441865,2.4826295036734622
1438.791838911855,10.0,10.0,9.966627945014778,9.96882979664694,3.7493174622441865,2.9826295036734622
1438.9918655820775,10.0,10.0,9.976353416517986,9.982607022470697,3.413763334600116,3.4826295036734622
1439.1918922523002,10.0,10.0,9.984103533798377,9.988783804298148,3.4868468848232075,2.9826295036734622
1439.391918922523,10.0,10.0,9.982604219824283,9.984534944771852,2.9868468848232075,2.4826295036734622
1439.5919455927456,10.0,10.0,9.972551096551435,9.990763780304295,2.4868468848232075,2.9826295036734622
1439.7919722629683,10.0,10.0,9.974613917234462,10.00259723358286,2.9868468848232075,3.4826295036734622
1439.991998933191,10.0,10.0,9.972998211165546,10.01169335366277,2.4868468848232075,3.3828900300731792
1440.1920256034136,10.0,10.0,9.975562173979524,10.01551154323953,2.9868468848232075,2.8828900300731792
1440.3920522736364,10.0,10.0,9.96900085925364,10.013339159773393,2.4868468848232075,2.3828900300731792
1440.5920789438592,10.0,10.0,9.955364822314207,10.013570313104339,1.9868468848232075,2.4436002726152832
1440.7921056140817,10.0,10.0,9.945251427706754,10.013576313541831,2.438492464644284,2.503402959961512
1440.9921322843045,10.0,10.0,9.94826643801378,10.018570370952425,2.938492464644284,3.003402959961512
1441.1921589545273,10.0,10.0,9.951757090778816,10.029235058859095,3.3539211220975185,3.503402959961512
1441.3921856247498,10.0,10.0,9.95663971693554,10.032700967268543,3.118409381111164,3.003402959961512
1441.5922122949726,10.0,10.0,9.952952081870702,10.044096991068367,2.618409381111164,3.503402959961512
1441.7922389651953,10.0,10.0,9.956821044747374,10.05019143442622,3.118409381111164,3.003402959961512
1441.992265635418,10.0,10.0,9.969618287398788,10.047842196745533,3.618409381111164,2.503402959961512
1442.1922923056406,10.0,10.0,9.982753326407574,10.036890902654699,3.7550488255477417,2.003402959961512
1442.3923189758634,10.0,10.0,9.984257506464436,10.022782989954054,3.2550488255477417,1.503402959961512
1442.5923456460862,10.0,10.0,9.979588762819215,10.004148020705307,2.7550488255477417,1.003402959961512
1442.7923723163087,10.0,10.0,9.990463602041277,9.990010376978905,3.2550488255477417,1.503402959961512
1442.9923989865315,10.0,10.0,9.983943748669757,9.982716452819398,2.7550488255477417,2.003402959961512
1443.1924256567543,10.0,10.0,9.971005072660477,9.985077116063852,2.3499498053554864,2.503402959961512
1443.3924523269768,10.0,10.0,9.9696037021591,9.99004063090271,2.8499498053554864,3.003402959961512
1443.5924789971996,10.0,10.0,9.969470215241168,9.992624748912887,2.8561086051005073,2.629959797303208
1443.7925056674223,10.0,10.0,9.962666238357084,10.001826892346875,2.8464558073413695,3.129959797303208
1443.992532337645,10.0,10.0,9.960495575453349,10.005191737915425,2.7145267524909724,2.647973660755988
1444.1925590078677,10.0,10.0,9.960581338007895,10.002352038655763,3.2145267524909724,2.147973660755988
1444.3925856780904,10.0,10.0,9.960134315412668,10.002874917611045,2.744990315024851,2.647973660755988
1444.592612348313,10.0,10.0,9.971765524504262,10.009447533886478,3.244990315024851,3.147973660755988
1444.7926390185357,10.0,10.0,9.98615225575912,10.012375221898084,3.744990315024851,2.647973660755988
1444.9926656887585,10.0,10.0,9.98960746756292,10.008240796045571,3.4599903155607863,2.147973660755988
1445.192692358981,10.0,10.0,9.99865616055491,9.9924786844286,3.24730324984995,1.647973660755988
1445.3927190292038,10.0,10.0,10.01202191946492,9.986460592901324,3.74730324984995,2.147973660755988
1445.5927456994266,10.0,10.0,10.019385730469903,9.989658745246532,3.24730324984995,2.647973660755988
1445.7927723696491,10.0,10.0,10.017760368586547,9.989458707145527,3.078528544463107,2.653118913450662
1445.992799039872,10.0,10.0,10.013936696969576,9.986657493638777,2.578528544463107,2.153118913450662
1446.1928257100947,10.0,10.0,10.02056632258037,9.988186331824872,3.078528544463107,2.653118913450662
1446.3928523803172,10.0,10.0,10.015899539903462,9.981389373933899,2.578528544463107,2.153118913450662
1446.59287905054,10.0,10.0,10.002955020832099,9.972863244870817,2.078528544463107,1.6531189134506619
1446.7929057207627,10.0,10.0,9.998765945431636,9.969689847230272,2.578528544463107,2.153118913450662
1446.9929323909855,10.0,10.0,9.98323876175776,9.971259523325555,2.078528544463107,2.653118913450662
1447.192959061208,10.0,10.0,9.980303174281916,9.975135532479705,2.578528544463107,2.5585490207411765
1447.3929857314308,10.0,10.0,9.984755670862425,9.970800730915787,3.078528544463107,2.0895483350051984
1447.5930124016536,10.0,10.0,9.993490964097173,9.971174293688177,3.578528544463107,2.49727185790425
1447.7930390718761,10.0,10.0,9.99324909901192,9.975471920056938,3.078528544463107,2.7135332350334274
1447.993065742099,10.0,10.0,9.989399872929278,9.97163695606126,2.578528544463107,2.2860632838838915
1448.1930924123217,10.0,10.0,9.978015537655342,9.975800735644873,2.442478488508769,2.7860632838838915
1448.3931190825442,10.0,10.0,9.972409804519343,9.984614287194036,2.5379680026067377,3.2860632838838915
1448.593145752767,10.0,10.0,9.96962087421447,9.999843672632386,3.0379680026067377,3.7860632838838915
1448.7931724229898,10.0,10.0,9.974254950045507,10.011255946444383,3.0745670240846152,3.2860632838838915
1448.9931990932123,10.0,10.0,9.96879307225245,10.011671473921462,2.5745670240846152,2.805124006094297
1449.193225763435,10.0,10.0,9.950490167052422,10.010941171883179,2.0745670240846152,2.4728925512085222
1449.3932524336578,10.0,10.0,9.944764192254304,10.01808344224677,2.5745670240846152,2.9728925512085222
1449.5932791038804,10.0,10.0,9.945351677046194,10.025323563128554,3.0745670240846152,3.4728925512085222
1449.7933057741031,10.0,10.0,9.957402973922692,10.028289993804824,3.5745670240846152,2.9728925512085222
1449.993332444326,10.0,10.0,9.978385263869058,10.033613683317938,4.074567024084615,2.887163675467674
1450.1933591145485,10.0,10.0,9.993103772603067,10.030141939035348,3.5745670240846152,2.387163675467674
1450.3933857847712,10.0,10.0,10.014685759900148,10.033159532514667,4.074567024084615,2.887163675467674
1450.593412454994,10.0,10.0,10.044560811739213,10.03989920640687,4.574567024084615,3.1485373241915835
1450.7934391252165,10.0,10.0,10.064015801209537,10.044534954157204,4.074567024084615,2.6485373241915835
1450.9934657954393,10.0,10.0,10.0742026691444,10.0403893786972,3.5745670240846152,2.1485373241915835
1451.193492465662,10.0,10.0,10.07532395212761,10.030472574671277,3.0745670240846152,1.6485373241915835
1451.3935191358846,10.0,10.0,10.068670835770844,10.025617051910022,2.5745670240846152,2.1485373241915835
1451.5935458061074,10.0,10.0,10.053143339739572,10.020957260896886,2.0745670240846152,2.3525384252173662
1451.7935724763302,10.0,10.0,10.03258570515876,10.009781876051152,1.5745670240846152,1.8525384252173662
1451.993599146553,10.0,10.0,10.0204444461722,9.993577704084377,2.0745670240846152,1.379147854494543
1452.1936258167755,10.0,10.0,9.9979726844085,9.98515368307089,1.5745670240846152,1.879147854494543
1452.3936524869982,10.0,10.0,9.981134050291615,9.981907762312332,2.0745670240846152,2.3791478544945432
1452.593679157221,10.0,10.0,9.975983427916615,9.984647984018448,2.5745670240846152,2.8791478544945432
1452.7937058274435,10.0,10.0,9.978452772833228,9.981907750869771,3.0745670240846152,2.3791478544945432
1452.9937324976663,10.0,10.0,9.98731722506629,9.9876378747804,3.3447863372710254,2.8791478544945432
1453.193759167889,10.0,10.0,9.982645741492512,9.985805906024188,2.8447863372710254,2.3791478544945432
1453.3937858381116,10.0,10.0,9.974753354066195,9.991596460900588,2.53532230241761,2.8791478544945432
1453.5938125083344,10.0,10.0,9.977688650398283,10.000656788003427,2.9638092969850107,3.0903453390631905
1453.7938391785572,10.0,10.0,9.986816536489439,10.014653106790737,3.4638092969850107,3.5903453390631905
1453.9938658487797,10.0,10.0,9.988875456692776,10.022646936635436,2.9638092969850107,3.0903453390631905
1454.1938925190025,10.0,10.0,9.992373748282079,10.021404631941602,3.23992846957718,2.5903453390631905
1454.3939191892252,10.0,10.0,10.004347796812365,10.015221749483601,3.461496620442337,2.0903453390631905
1454.5939458594478,10.0,10.0,10.015805519691014,10.018239249128637,2.961496620442337,2.5903453390631905
1454.7939725296706,10.0,10.0,10.006164848094564,10.011062524796786,2.461496620442337,2.0903453390631905
1454.9939991998933,10.0,10.0,10.010674482153044,10.01002386908597,2.961496620442337,2.291169339845178
1455.1940258701159,10.0,10.0,10.00993177417806,9.999707282114448,2.701403437063131,1.7911693398451778
1455.3940525403386,10.0,10.0,10.02012137254044,9.996917988323673,3.201403437063131,2.291169339845178
1455.5940792105614,10.0,10.0,10.0249711428788,9.991787726240418,3.120657386852404,2.0416257843787453
1455.794105880784,10.0,10.0,10.02168751820957,9.993311128447068,2.620657386852404,2.5416257843787453
1455.9941325510067,10.0,10.0,10.007682676744324,9.997992094084847,2.232218443781329,3.0416257843787453
1456.1941592212295,10.0,10.0,9.99560208610507,10.01013245169171,1.732218443781329,3.5416257843787453
1456.394185891452,10.0,10.0,9.96710033241278,10.031990368946735,1.232218443781329,4.041625784378745
1456.5942125616748,10.0,10.0,9.950355058718065,10.040091651398589,1.732218443781329,3.541625784378745
1456.7942392318976,10.0,10.0,9.939517754396205,10.043221931518802,2.232218443781329,3.041625784378745
1456.9942659021203,10.0,10.0,9.936757147615927,10.050894945778769,2.732218443781329,3.1713145659377386
1457.1942925723429,10.0,10.0,9.940795868990497,10.052545276921135,3.232218443781329,2.713938231453053
1457.3943192425656,10.0,10.0,9.951659330466121,10.046148996615814,3.732218443781329,2.213938231453053
1457.5943459127884,10.0,10.0,9.975637796687447,10.047062804961376,4.2236512930612164,2.713938231453053
1457.794372583011,10.0,10.0,9.984440907550834,10.044620347942637,3.7236512930612164,2.3985162820982375
1457.9943992532337,10.0,10.0,9.98923879938927,10.036977867246831,3.2236512930612164,1.8985162820982375
1458.1944259234565,10.0,10.0,10.002919943793488,10.024705303382406,3.6534304874019505,1.3985162820982375
1458.394452593679,10.0,10.0,10.007026463499125,10.016403246073876,3.1534304874019505,1.8985162820982375
1458.5944792639018,10.0,10.0,10.02039116016118,10.015726866965016,3.6534304874019505,2.3985162820982375
1458.7945059341246,10.0,10.0,10.0408625115302,10.020829314786264,4.15343048740195,2.8985162820982375
1458.9945326043471,10.0,10.0,10.054474472412135,10.019767403026425,3.65343048740195,2.3985162820982375
1459.1945592745699,10.0,10.0,10.073194283026524,10.009113973546787,3.764903985120309,1.8985162820982375
1459.3945859447927,10.0,10.0,10.084475996619341,10.007288995368118,3.5184147181668606,2.3985162820982375
1459.5946126150152,10.0,10.0,10.087428730468885,9.998981774020574,3.0184147181668606,1.8985162820982375
1459.794639285238,10.0,10.0,10.081203403100385,9.99792914232435,2.5404282804776352,2.3985162820982375
1459.9946659554607,10.0,10.0,10.082119538682404,10.00193542784642,3.0404282804776352,2.8985162820982375
1460.1946926256833,10.0,10.0,10.081441288182633,10.001494273091069,2.80723155190704,2.3985162820982375
1460.394719295906,10.0,10.0,10.078879636599721,9.992011003655879,2.808053454292142,1.8985162820982375
1460.5947459661288,10.0,10.0,10.07021842607745,9.989620913516267,2.308053454292142,2.3985162820982375
1460.7947726363514,10.0,10.0,10.052180299926983,9.993051772247863,1.8080534542921418,2.8985162820982375
1460.9947993065741,10.0,10.0,10.022254615606679,9.991019961347229,1.3080534542921418,2.3985162820982375
1461.194825976797,10.0,10.0,10.010369118272314,9.995199740436382,1.8080534542921418,2.8985162820982375
1461.3948526470194,10.0,10.0,10.003092126770778,9.992831989873883,2.308053454292142,2.3985162820982375
1461.5948793172422,10.0,10.0,9.996135318278748,9.996272546455682,2.2346325244537244,2.8985162820982375
1461.794905987465,10.0,10.0,9.99761942729442,9.996848124526993,2.7346325244537244,2.432907521597534
1461.9949326576877,10.0,10.0,10.004318242471541,9.999703870360166,2.9740886898437138,2.932907521597534
1462.1949593279103,10.0,10.0,9.997336051853924,10.006148438628955,2.4740886898437138,3.432907521597534
1462.394985998133,10.0,10.0,10.00045278185396,10.0127686310482,2.9740886898437138,2.932907521597534
1462.5950126683558,10.0,10.0,10.005914722333305,10.018784038267425,3.2230519472897208,2.9510145181763163
1462.7950393385784,10.0,10.0,10.01997302971606,10.020798948319444,3.7230519472897208,2.4510145181763163
1462.9950660088011,10.0,10.0,10.031163795722177,10.01440683016763,3.2230519472897208,1.9510145181763163
1463.195092679024,10.0,10.0,10.028650478175678,10.000284896259613,2.7230519472897208,1.4510145181763163
1463.3951193492464,10.0,10.0,10.026645476099095,9.993564956169688,2.787245261659011,1.9510145181763163
1463.5951460194692,10.0,10.0,10.017337297198258,9.98223147202533,2.287245261659011,1.8105046067134571
1463.795172689692,10.0,10.0,10.013374832387404,9.973595092026155,2.787245261659011,1.95122082760745
1463.9951993599145,10.0,10.0,10.018815971178498,9.962006022706017,3.1379513728352277,1.4512208276074499
1464.1952260301373,10.0,10.0,10.033423421936849,9.957755825960447,3.6379513728352277,1.9512208276074499
1464.39525270036,10.0,10.0,10.035581664189971,9.955825960099121,3.1379513728352277,2.45122082760745
1464.5952793705826,10.0,10.0,10.034077793771884,9.950284496764848,2.6379513728352277,2.007072587136828
1464.7953060408054,10.0,10.0,10.023150267753268,9.949224406548439,2.202010297686505,2.507072587136828
1464.9953327110281,10.0,10.0,10.013192078951777,9.952946217432515,2.3511433207919543,3.007072587136828
1465.1953593812507,10.0,10.0,9.993946025678392,9.964833286664117,1.8511433207919543,3.507072587136828
1465.3953860514735,10.0,10.0,9.986871608999499,9.972374373879296,2.3511433207919543,3.007072587136828
1465.5954127216962,10.0,10.0,9.96919332906205,9.981915276312618,1.8511433207919543,3.507072587136828
1465.7954393919188,10.0,10.0,9.962460779936208,9.989985350199804,2.3511433207919543,3.007072587136828
1465.9954660621415,10.0,10.0,9.962116844626157,9.995696345050181,2.8511433207919543,3.157670828737254
1466.1954927323643,10.0,10.0,9.972113402376893,10.001298209015204,3.3511433207919543,3.0704531163400386
1466.3955194025868,10.0,10.0,9.989515362980379,10.001728359885233,3.8511433207919543,2.5704531163400386
1466.5955460728096,10.0,10.0,9.993868200050848,9.994961658610674,3.3511433207919543,2.0704531163400386
1466.7955727430324,10.0,10.0,9.992071893635398,9.99523567277735,2.8511433207919543,2.418104298559259
1466.9955994132551,10.0,10.0,9.991962081621915,9.998631561440614,2.7626252778833305,2.918104298559259
1467.1956260834777,10.0,10.0,9.984920809809173,10.008701161925488,2.2626252778833305,3.418104298559259
1467.3956527537005,10.0,10.0,9.972991418658173,10.012699030186328,2.2090896855229696,2.918104298559259
1467.5956794239232,10.0,10.0,9.967663612657278,10.02174110932575,2.378225343139773,3.418104298559259
1467.7957060941458,10.0,10.0,9.967938500383287,10.024555873226856,2.8301427988678443,2.918104298559259
1467.9957327643685,10.0,10.0,9.973833312125945,10.023052254125586,3.282247659378244,2.418104298559259
1468.1957594345913,10.0,10.0,9.97589909533746,10.027322892392398,3.0175637596895877,2.918104298559259
1468.3957861048139,10.0,10.0,9.969389489575702,10.02657810686531,2.5175637596895877,2.429212957395369
1468.5958127750366,10.0,10.0,9.959900586820524,10.020864451742783,2.1938529216876894,1.929212957395369
1468.7958394452594,10.0,10.0,9.960367223187257,10.018889661638887,2.6938529216876894,2.429212957395369
1468.995866115482,10.0,10.0,9.966102533071163,10.009895593615765,3.1938529216876894,1.929212957395369
1469.1958927857047,10.0,10.0,9.983018067573513,10.007383682938801,3.6938529216876894,2.429212957395369
1469.3959194559275,10.0,10.0,9.991419460042055,10.012353139824176,3.1938529216876894,2.929212957395369
1469.59594612615,10.0,10.0,9.98917923844669,10.008875360771377,2.6938529216876894,2.429212957395369
1469.7959727963728,10.0,10.0,9.987706129279083,10.012461879232813,2.716002809489466,2.929212957395369
1469.9959994665955,10.0,10.0,9.986539070891952,10.010335242727688,2.935521787359169,2.429212957395369
1470.196026136818,10.0,10.0,9.999082952457263,10.011570540608338,3.4139050514857594,2.570531108793704
1470.3960528070409,10.0,10.0,9.99923410967223,10.018869470730817,2.9139050514857594,3.070531108793704
1470.5960794772636,10.0,10.0,9.992118867927413,10.025833086720016,2.4139050514857594,2.966750195257605
1470.7961061474862,10.0,10.0,9.997028782450085,10.0266674761487,2.9139050514857594,2.466750195257605
1470.996132817709,10.0,10.0,9.992960267943339,10.019616854704676,2.4139050514857594,2.0407877885226426
1471.1961594879317,10.0,10.0,9.993541917468134,10.024334816170542,2.9139050514857594,2.5407877885226426
1471.3961861581543,10.0,10.0,9.988821323129914,10.020820051172441,2.4139050514857594,2.0407877885226426
1471.596212828377,10.0,10.0,9.994701238286076,10.016744627043467,2.9139050514857594,2.3321022035469516
1471.7962394985998,10.0,10.0,10.000007443943092,10.012509401999216,3.4139050514857594,2.2058662982625865
1471.9962661688226,10.0,10.0,10.012166155262118,10.013540558302328,3.6112468240369773,2.7058662982625865
1472.196292839045,10.0,10.0,10.011684219229487,10.007795287626838,3.1112468240369773,2.2058662982625865
1472.3963195092679,10.0,10.0,10.007696373596065,10.010243970369888,2.6112468240369773,2.7058662982625865
1472.5963461794906,10.0,10.0,10.009444508276491,10.003716526443764,2.779328735525291,2.2058662982625865
1472.7963728497132,10.0,10.0,10.021637391115537,10.002986261031632,3.279328735525291,2.373283938115076
1472.996399519936,10.0,10.0,10.015222222617249,9.99443767710157,2.779328735525291,1.873283938115076
1473.1964261901587,10.0,10.0,10.021374742816558,9.996168081259212,3.279328735525291,2.373283938115076
1473.3964528603813,10.0,10.0,10.024667359243203,9.998946748989358,2.8368129816613337,2.873283938115076
1473.596479530604,10.0,10.0,10.030107384184744,9.998695607716492,3.263020782098346,2.373283938115076
1473.7965062008268,10.0,10.0,10.026518028783414,9.992567192854718,2.763020782098346,1.873283938115076
1473.9965328710493,10.0,10.0,10.034300114445507,9.990546689541661,3.263020782098346,2.373283938115076
1474.196559541272,10.0,10.0,10.043662806151875,9.98464222578236,3.248469226211142,1.873283938115076
1474.3965862114949,10.0,10.0,10.044137610727878,9.986289192264321,3.0050830592324242,2.373283938115076
1474.5966128817174,10.0,10.0,10.049473884632787,9.984250273835752,3.335513542480055,2.3721835285119384
1474.7966395519402,10.0,10.0,10.04846858377847,9.978519934007883,2.835513542480055,1.9725372285314609
1474.996666222163,10.0,10.0,10.043591423993758,9.97773213431453,2.335513542480055,2.472537228531461
1475.1966928923855,10.0,10.0,10.028119026321145,9.982200259840015,1.8355135424800548,2.8463973683112287
1475.3967195626083,10.0,10.0,10.020799137696516,9.98999910770484,2.335513542480055,3.3463973683112287
1475.596746232831,10.0,10.0,10.024305056666538,9.992681418188555,2.835513542480055,2.8463973683112287
1475.7967729030536,10.0,10.0,10.019851320485026,9.990376529092284,2.66449281661488,2.3463973683112287
1475.9967995732763,10.0,10.0,10.010203423195657,9.995391659495974,2.16449281661488,2.8463973683112287
1476.1968262434991,10.0,10.0,9.991682736706396,9.997999477666752,1.6644928166148798,2.719792357822384
1476.3968529137217,10.0,10.0,9.97785927057903,9.994435775888377,2.16449281661488,2.219792357822384
1476.5968795839444,10.0,10.0,9.9758972899024,9.984058858238887,2.66449281661488,1.7197923578223842
1476.7969062541672,10.0,10.0,9.98233497020046,9.976347199952036,3.1616186063105354,2.219792357822384
1476.99693292439,10.0,10.0,9.988435613977483,9.965625015684187,3.260212033147159,1.7197923578223842
1477.1969595946125,10.0,10.0,10.001478600355911,9.961784784192874,3.760212033147159,2.219792357822384
1477.3969862648353,10.0,10.0,10.008028713928226,9.955911209346391,3.260212033147159,1.9181540254956908
1477.597012935058,10.0,10.0,10.024199435673067,9.95435348621215,3.760212033147159,2.418154025495691
1477.7970396052806,10.0,10.0,10.044128981032253,9.958461259659343,3.9130490887866363,2.918154025495691
1477.9970662755034,10.0,10.0,10.052564400324375,9.959460866116695,3.4130490887866363,2.874014509734654
1478.1970929457261,10.0,10.0,10.054200741661436,9.968076306779686,2.9870231397483917,3.374014509734654
1478.3971196159487,10.0,10.0,10.046746538675261,9.983353794236615,2.4870231397483917,3.874014509734654
1478.5971462861714,10.0,10.0,10.047995753320608,10.006378925797547,2.8211212415521505,4.3740145097346534
1478.7971729563942,10.0,10.0,10.041808191401138,10.018825530793048,2.5622919380583054,3.8740145097346534
1478.9971996266167,10.0,10.0,10.045812511341923,10.032359669594317,3.0622919380583054,3.3740145097346534
1479.1972262968395,10.0,10.0,10.0433921679624,10.036659861622942,2.5622919380583054,2.8740145097346534
1479.3972529670623,10.0,10.0,10.030768022458131,10.034159469874265,2.0622919380583054,2.3740145097346534
1479.5972796372848,10.0,10.0,10.031190833751193,10.028452618320872,2.5622919380583054,1.8740145097346534
1479.7973063075076,10.0,10.0,10.024428082254031,10.008560772662298,2.4188941605163268,1.3740145097346534
1479.9973329777304,10.0,10.0,10.010932261649883,10.000084528357661,1.9188941605163268,1.8740145097346534
1480.197359647953,10.0,10.0,10.000791714999416,9.991626192901872,2.4188941605163268,1.6981463947697797
1480.3973863181757,10.0,10.0,10.001769501384313,9.988185810369329,2.9188941605163268,2.19814639476978
1480.5974129883984,10.0,10.0,9.996015298070905,9.977334403300523,2.4452913618547925,1.69814639476978
1480.797439658621,10.0,10.0,9.985545599714182,9.975728950771025,1.9452913618547925,2.19814639476978
1480.9974663288438,10.0,10.0,9.98146967461241,9.967218911830114,2.4452913618547925,1.69814639476978
1481.1974929990665,10.0,10.0,9.986864520608638,9.968328896067149,2.9452913618547925,2.19814639476978
1481.397519669289,10.0,10.0,9.99960405477259,9.967259904173565,3.4452913618547925,2.69814639476978
1481.5975463395118,10.0,10.0,10.015891865233986,9.962894672680632,3.7994539600167414,2.19814639476978
1481.7975730097346,10.0,10.0,10.026546700512366,9.959991372819285,3.4409008813195596,2.69814639476978
1481.9975996799574,10.0,10.0,10.035231778947782,9.970541003880182,3.244459660913559,3.19814639476978
1482.19762635018,10.0,10.0,10.036244826137825,9.970404702973063,2.8017817022847296,2.69814639476978
1482.3976530204027,10.0,10.0,10.034993137996992,9.978986978941387,2.920149868749833,3.19814639476978
1482.5976796906255,10.0,10.0,10.047002788487614,9.992506943682402,3.420149868749833,3.4880395569866933
1482.797706360848,10.0,10.0,10.048179043037985,10.01031217384415,2.920149868749833,3.9880395569866933
1482.9977330310708,10.0,10.0,10.035839163174034,10.028095567368416,2.420149868749833,3.4880395569866933
1483.1977597012935,10.0,10.0,10.021328406200793,10.034945302399148,1.9201498687498328,2.9880395569866933
1483.397786371516,10.0,10.0,10.012262714667193,10.050492958910533,2.420149868749833,3.4880395569866933
1483.5978130417388,10.0,10.0,9.999283447459081,10.054795661181934,1.9201498687498328,2.9880395569866933
1483.7978397119616,10.0,10.0,9.991176509485788,10.065268945489866,2.420149868749833,3.4880395569866933
1483.9978663821842,10.0,10.0,9.996331432634383,10.06936914360144,2.920149868749833,2.9997840453666993
1484.197893052407,10.0,10.0,9.995135335609145,10.06599114599582,2.420149868749833,2.4997840453666993
1484.3979197226297,10.0,10.0,9.995156944831175,10.057848454221674,2.920149868749833,1.9997840453666993
1484.5979463928522,10.0,10.0,10.008354044533702,10.057451446266569,3.420149868749833,2.4997840453666993
1484.797973063075,10.0,10.0,10.014902697832678,10.061188572793009,2.920149868749833,2.9997840453666993
1484.9979997332978,10.0,10.0,10.010678552844276,10.05929666938865,2.420149868749833,2.4997840453666993
1485.1980264035203,10.0,10.0,10.013015232972847,10.052381949172988,2.920149868749833,1.9997840453666993
1485.398053073743,10.0,10.0,10.007737376986672,10.046025354196336,2.420149868749833,2.161496082691367
1485.5980797439659,10.0,10.0,10.002239902665973,10.047994054163084,2.470648346354838,2.6113445453347737
1485.7981064141884,10.0,10.0,9.99273474414925,10.055124960139409,2.2840728150364855,3.1113445453347737
1485.9981330844112,10.0,10.0,9.994071530365817,10.055158257996421,2.7840728150364855,2.6113445453347737
1486.198159754634,10.0,10.0,9.990722397096025,10.063865483439297,2.6979424468031645,3.1113445453347737
1486.3981864248565,10.0,10.0,9.978917988129583,10.061479522314315,2.1979424468031645,2.6113445453347737
1486.5982130950792,10.0,10.0,9.979790993518053,10.056834382660242,2.6979424468031645,2.1113445453347737
1486.798239765302,10.0,10.0,9.976680470300238,10.042385592644639,2.584306874454866,1.6113445453347737
1486.9982664355248,10.0,10.0,9.986260684419223,10.023707972520093,3.084306874454866,1.1113445453347737
1487.1982931057473,10.0,10.0,9.98509576952441,10.0099811742142,2.584306874454866,1.6113445453347737
1487.39831977597,10.0,10.0,9.987834877841083,10.000081546111929,3.084306874454866,2.1113445453347737
1487.5983464461929,10.0,10.0,9.998859935453297,10.000915781269711,3.584306874454866,2.6113445453347737
1487.7983731164154,10.0,10.0,10.005408132227767,10.008448313835784,3.084306874454866,2.7022313380006455
1487.9983997866382,10.0,10.0,10.001404337747044,10.005918049729727,2.584306874454866,2.5648348492096193
1488.198426456861,10.0,10.0,10.008697003791921,10.013987845578207,3.084306874454866,3.0648348492096193
1488.3984531270835,10.0,10.0,10.008435945380839,10.016590257047511,2.584306874454866,2.5648348492096193
1488.5984797973063,10.0,10.0,9.99626267751155,10.022895596130157,2.084306874454866,3.0648348492096193
1488.798506467529,10.0,10.0,9.992458433972711,10.0377444981423,2.584306874454866,3.5648348492096193
1488.9985331377516,10.0,10.0,10.00079574305997,10.056774139569137,3.084306874454866,4.064834849209619
1489.1985598079743,10.0,10.0,10.013602171719267,10.070976158606008,3.584306874454866,3.5648348492096193
1489.398586478197,10.0,10.0,10.019001891256185,10.078113392030806,3.084306874454866,3.0648348492096193
1489.5986131484196,10.0,10.0,10.017692578528683,10.077489494537229,2.584306874454866,2.5648348492096193
1489.7986398186424,10.0,10.0,10.023604206552623,10.069073310085573,3.084306874454866,2.0648348492096193
1489.9986664888652,10.0,10.0,10.0229570197127,10.06782926836514,2.584306874454866,2.5648348492096193
1490.1986931590877,10.0,10.0,10.014759781023258,10.05965680405398,2.084306874454866,2.0648348492096193
1490.3987198293105,10.0,10.0,10.011288790482045,10.05824796486455,2.584306874454866,2.5648348492096193
1490.5987464995333,10.0,10.0,10.01187770296901,10.062770632641007,2.922558471023018,3.0648348492096193
1490.7987731697558,10.0,10.0,10.022025840035452,10.0634264700338,3.422558471023018,2.5648348492096193
1490.9987998399786,10.0,10.0,10.034242919567236,10.067485793932851,3.922558471023018,3.0648348492096193
1491.1988265102013,10.0,10.0,10.044249824230642,10.07887558487313,3.422558471023018,3.388319209750988
1491.3988531804239,10.0,10.0,10.043915910119956,10.085346285762238,2.922558471023018,2.888319209750988
1491.5988798506467,10.0,10.0,10.05623351111505,10.080411451243782,3.422558471023018,2.388319209750988
1491.7989065208694,10.0,10.0,10.053110104147787,10.072038526314662,2.922558471023018,1.8883192097509882
1491.9989331910922,10.0,10.0,10.04986049447944,10.062208818830356,2.422558471023018,1.3883192097509882
1492.1989598613147,10.0,10.0,10.049170859038226,10.040869559415638,2.922558471023018,0.8883192097509882
1492.3989865315375,10.0,10.0,10.047723256382252,10.026945162041219,2.726388813860053,1.3883192097509882
1492.5990132017603,10.0,10.0,10.056934169387324,10.02400639895248,2.9423761524840644,1.8883192097509882
1492.7990398719828,10.0,10.0,10.065936587842938,10.01914554830462,3.4423761524840644,2.388319209750988
1492.9990665422056,10.0,10.0,10.06717057041202,10.00836394793497,2.9423761524840644,1.8883192097509882
1493.1990932124284,10.0,10.0,10.059291573926567,9.997608116717375,2.4423761524840644,1.6182072085914831
1493.399119882651,10.0,10.0,10.054455181035676,9.98838625744472,2.5091020416057233,2.118207208591483
1493.5991465528737,10.0,10.0,10.038436874206386,9.987632880265153,2.0091020416057233,2.457552812491809
1493.7991732230964,10.0,10.0,10.033303219836263,9.994150508315514,2.5091020416057233,2.957552812491809
1493.999199893319,10.0,10.0,10.025848801094543,9.997433132774969,2.506190077166079,3.0173325370231847
1494.1992265635417,10.0,10.0,10.013982189719565,10.012957811606832,2.006190077166079,3.5173325370231847
1494.3992532337645,10.0,10.0,10.013886008705049,10.017182787815653,2.506190077166079,3.0173325370231847
1494.599279903987,10.0,10.0,10.015223105668861,10.030534269267589,2.8864254156768037,3.5173325370231847
1494.7993065742098,10.0,10.0,10.024170353869039,10.03584034160385,3.3864254156768037,3.0173325370231847
1494.9993332444326,10.0,10.0,10.030639489603253,10.046510037698711,3.0153260753493254,3.5173325370231847
1495.1993599146551,10.0,10.0,10.026109011240127,10.0508888494725,2.5153260753493254,3.0173325370231847
1495.399386584878,10.0,10.0,10.01491314884159,10.06048268114777,2.0153260753493254,3.5173325370231847
1495.5994132551007,10.0,10.0,10.008690207768787,10.071822276257866,2.5153260753493254,3.5695050068224417
1495.7994399253232,10.0,10.0,9.999144944954297,10.077807696291472,2.0153260753493254,3.0695050068224417
1495.999466595546,10.0,10.0,9.978880068373229,10.082438143428702,1.5153260753493254,2.908674126182416
1496.1994932657688,10.0,10.0,9.949916717956377,10.079764309673703,1.0153260753493254,2.408674126182416
1496.3995199359913,10.0,10.0,9.927177910453066,10.083075665297587,1.5153260753493254,2.908674126182416
1496.599546606214,10.0,10.0,9.911919337026049,10.0841740743977,2.0153260753493254,2.408674126182416
1496.7995732764368,10.0,10.0,9.90572483902666,10.087095801882677,2.5153260753493254,2.908674126182416
1496.9995999466596,10.0,10.0,9.909448207238848,10.084959163008024,3.0153260753493254,2.408674126182416
1497.1996266168821,10.0,10.0,9.901391344246262,10.076946805580684,2.5153260753493254,1.908674126182416
1497.399653287105,10.0,10.0,9.904269237301484,10.062598898451645,2.685894429496022,1.408674126182416
1497.5996799573277,10.0,10.0,9.897923638258817,10.040079708378837,2.185894429496022,0.9086741261824162
1497.7997066275502,10.0,10.0,9.897068158697468,10.024632079545075,2.685894429496022,1.408674126182416
1497.999733297773,10.0,10.0,9.904991112827192,10.015211336668335,3.185894429496022,1.908674126182416
1498.1997599679958,10.0,10.0,9.90617788750008,10.000712496336172,2.685894429496022,1.5097942107825033
1498.3997866382183,10.0,10.0,9.905586062958745,9.989362225110625,2.649360854940182,1.5197352823323018
1498.599813308441,10.0,10.0,9.89325403230676,9.970318456062476,2.149360854940182,1.0197352823323018
1498.7998399786638,10.0,10.0,9.889358786764532,9.954648575183166,2.649360854940182,1.5197352823323018
1498.9998666488864,10.0,10.0,9.892120405109573,9.945451002534606,3.149360854940182,2.019735282332302
1499.1998933191092,10.0,10.0,9.908289768877777,9.944961776768737,3.649360854940182,2.519735282332302
1499.399919989332,10.0,10.0,9.916870210026937,9.94200526557688,3.149360854940182,2.3716288566004056
1499.5999466595545,10.0,10.0,9.928233282357766,9.939232838752739,3.325375011112121,2.3993666914235767
1499.7999733297772,10.0,10.0,9.945157713769756,9.940639352854197,3.825375011112121,2.688623169105059
1500.0,10.0,10.0,9.957818124161903,9.947160180961657,3.325375011112121,3.188623169105059
