Time_s,h1_ref,h2_ref,h1_pinn_nmpc,h2_pinn_nmpc,v1_pump,v2_pump
0.0,12.0,12.0,12.38645095421227,12.695550230025788,2.5,2.5
0.20002667022269635,12.009426019256072,12.009426019256072,12.37733279483985,12.684219640115757,2.0,2.0
0.4000533404453927,12.018851945456325,12.018851945456325,12.35345203528395,12.665172159588979,1.5,1.5
0.600080010668089,12.028277685545861,12.028277685545861,12.317608746356829,12.63923580944819,1.0,1.0
0.8001066808907854,12.037703146471618,12.037703146471618,12.276308718229856,12.60886320225696,0.5,0.5000000000000001
1.0001333511134818,12.04712823518329,12.04712823518329,12.243960966611542,12.571185394770666,1.0,2.220446049250313e-16
1.200160021336178,12.056552858634248,12.056552858634248,12.222944838696883,12.53352488025562,1.5,0.0
1.4001866915588745,12.06597692378245,12.06597692378245,12.209640550625995,12.495906735457602,2.0,-2.220446049250313e-16
1.6002133617815708,12.075400337591374,12.075400337591374,12.200487637103341,12.465367151542562,2.5,0.4999999999999998
1.800240032004267,12.084823007030918,12.084823007030918,12.201707104871124,12.429638069386236,3.0,0.0
2.0002667022269636,12.094244839078339,12.094244839078339,12.208716101194485,12.39689620955575,3.374991318445381,0.5
2.20029337244966,12.103665740719155,12.103665740719155,12.219308565101725,12.372973718440544,3.5272820163324803,1.0
2.400320042672356,12.11308561894807,12.11308561894807,12.218872089357815,12.339289525689013,3.0272820163324803,0.5
2.6003467128950524,12.122504380769893,12.122504380769893,12.221373022253212,12.316105227185547,3.5272820163324803,1.0
2.800373383117749,12.13192193320045,12.13192193320045,12.23950855917796,12.293894461931432,4.02728201633248,1.2945114385821626
3.0004000533404453,12.141338183267514,12.141338183267514,12.256664787276861,12.280757500778842,3.8242863931685585,1.7945114385821626
3.2004267235631416,12.150753038011707,12.150753038011707,12.263792867704383,12.260420832108244,3.6618711900323286,1.2945114385821626
3.400453393785838,12.160166404487434,12.160166404487434,12.281794084644199,12.245384351863141,4.161871190032329,1.7945114385821626
3.600480064008534,12.169578189763783,12.169578189763783,12.308060215832658,12.23438875864442,4.661871190032329,2.2945114385821626
3.800506734231231,12.178988300925461,12.178988300925461,12.325366959872472,12.233191746278953,4.161871190032329,2.7945114385821626
4.000533404453927,12.188396645073698,12.188396645073698,12.333094565514552,12.237239843026407,3.661871190032329,3.2945114385821626
4.200560074676623,12.197803129327168,12.197803129327168,12.349439201636967,12.248025590468913,4.161871190032329,3.7945114385821626
4.40058674489932,12.207207660822908,12.207207660822908,12.357851663101677,12.2650919657957,3.661871190032329,4.2945114385821626
4.600613415122016,12.216610146717231,12.216610146717231,12.353526749128322,12.289681907654193,3.394432549397007,4.7945114385821626
4.800640085344712,12.22601049418665,12.22601049418665,12.368536180301934,12.305456743208667,3.894432549397007,4.2945114385821626
5.0006667555674085,12.235408610428777,12.235408610428777,12.393751219965056,12.32032976032513,4.394432549397007,4.043999509791307
5.200693425790105,12.244804402663267,12.244804402663267,12.409111724685504,12.327296421714461,3.894432549397007,3.5439995097913073
5.400720096012802,12.254197778132706,12.254197778132706,12.426016071997676,12.336357314035602,4.062414169913842,3.6988045506567184
5.600746766235498,12.263588644103544,12.263588644103544,12.434977378545092,12.351808991513112,3.5624141699138416,4.198804550656718
5.800773436458194,12.272976907867006,12.272976907867006,12.448076254460725,12.365469446049879,3.7772375834971634,4.040910753807263
6.000800106680891,12.282362476740003,12.282362476740003,12.448326049689554,12.374900477296277,3.2772375834971634,3.540910753807263
6.200826776903587,12.291745258066053,12.291745258066053,12.443589097236794,12.392854756080588,2.7772375834971634,4.040910753807263
6.400853447126283,12.301125159216193,12.301125159216193,12.426823949076248,12.395552326492203,2.2772375834971634,3.540910753807263
6.6008801173489795,12.310502087589892,12.310502087589892,12.40178022942708,12.399977819318702,1.7772375834971634,3.040910753807263
6.800906787571676,12.319875950615973,12.319875950615973,12.391100631962122,12.395753018970142,2.2772375834971634,2.540910753807263
7.000933457794372,12.329246655753513,12.329246655753513,12.383014994511475,12.395140320878072,2.7772375834971634,3.040910753807263
7.200960128017068,12.338614110492768,12.338614110492768,12.387879103452393,12.387543600047806,3.2772375834971634,2.540910753807263
7.400986798239765,12.347978222356083,12.347978222356083,12.3993460423004,12.388170979231699,3.7772375834971634,3.040910753807263
7.601013468462462,12.357338898898806,12.357338898898806,12.416479543704096,12.389532153187155,4.224847103378735,3.1002632846017675
7.801040138685158,12.366696047710194,12.366696047710194,12.426113464915312,12.397824403859081,3.7248471033787354,3.6002632846017675
8.001066808907854,12.376049576414337,12.376049576414337,12.446115281589517,12.413237674181232,4.224847103378735,4.100263284601768
8.20109347913055,12.385399392671056,12.385399392671056,12.476573145323282,12.435213643056985,4.724847103378735,4.600263284601768
8.401120149353247,12.394745404176833,12.394745404176833,12.49904785133547,12.456349207982338,4.224847103378735,4.314802208639739
8.601146819575943,12.4040875186657,12.4040875186657,12.508841448778046,12.465909785564008,3.7248471033787354,3.8148022086397386
8.80117348979864,12.413425643910166,12.413425643910166,12.510655605641665,12.47028257977398,3.2248471033787354,3.3148022086397386
9.001200160021336,12.422759687722127,12.422759687722127,12.518779896794612,12.470299297261718,3.373210346344798,2.8148022086397386
9.201226830244032,12.432089557953766,12.432089557953766,12.532291433211068,12.463990324741873,3.873210346344798,2.3148022086397386
9.401253500466728,12.441415162498469,12.441415162498469,12.549592670172542,12.465268224907005,4.373210346344798,2.8148022086397386
9.601280170689424,12.450736409291736,12.450736409291736,12.563592938206083,12.467188678237893,3.8732103463447984,3.3148022086397386
9.80130684091212,12.460053206312086,12.460053206312086,12.580048608534,12.479219298917082,4.069883436478534,3.8148022086397386
10.001333511134817,12.469365461581969,12.469365461581969,12.58409481801346,12.483605250754383,3.569883436478534,3.3148022086397386
10.201360181357513,12.478673083168673,12.478673083168673,12.59652305375428,12.49493478264825,3.93397296492627,3.8148022086397386
10.40138685158021,12.487975979185226,12.487975979185226,12.605280397494374,12.514166859995477,3.508842830817591,4.314802208639739
10.601413521802906,12.497274057791312,12.497274057791312,12.604962331943808,12.539432081916575,3.008842830817591,4.799915136795745
10.801440192025604,12.506567227194173,12.506567227194173,12.609900520337037,12.570961253805319,3.508842830817591,5.299915136795745
11.0014668622483,12.515855395649517,12.515855395649517,12.625134468372313,12.599718901157662,4.008842830817591,4.799915136795745
11.201493532470996,12.525138471462416,12.525138471462416,12.636251023321696,12.61263928968878,3.508842830817591,4.299915136795745
11.401520202693693,12.534416362988226,12.534416362988226,12.646825090202224,12.627044531985485,3.654369847388617,3.799915136795745
11.601546872916389,12.543688978633481,12.543688978633481,12.651286498449068,12.63902561116857,3.154369847388617,4.299915136795745
11.801573543139085,12.552956226856796,12.552956226856796,12.644838747184693,12.648166452773399,2.654369847388617,3.799915136795745
12.001600213361781,12.562218016169778,12.562218016169778,12.636743361219256,12.655365696839398,2.8433931866240485,3.43357335652328
12.201626883584478,12.571474255137925,12.571474255137925,12.641812296147899,12.65777418508412,3.3433931866240485,2.93357335652328
12.401653553807174,12.580724852381529,12.580724852381529,12.658785601479758,12.663879652104105,3.8433931866240485,3.3848635867069032
12.60168022402987,12.58996971657658,12.58996971657658,12.681779209838856,12.673328775482315,4.3433931866240485,3.8848635867069032
12.801706894252566,12.59920875645566,12.59920875645566,12.712693774612505,12.693420619670013,4.8433931866240485,4.384863586706903
13.001733564475263,12.608441880808858,12.608441880808858,12.752410105298637,12.717681157981602,5.3433931866240485,4.884863586706903
13.201760234697959,12.617668998484659,12.617668998484659,12.782873205202279,12.736047410882716,4.8433931866240485,4.384863586706903
13.401786904920655,12.626890018390844,12.626890018390844,12.807708322352559,12.758914234437448,4.3433931866240485,4.884863586706903
13.601813575143352,12.636104849495398,12.636104849495398,12.82833877032436,12.78128727609296,4.109753332591443,4.384863586706903
13.801840245366048,12.645313400827401,12.645313400827401,12.841083341366089,12.795288420206779,3.609753332591443,3.884863586706903
14.001866915588744,12.654515581477927,12.654515581477927,12.853509472864175,12.799566582264243,4.109753332591443,3.384863586706903
14.20189358581144,12.663711300600946,12.663711300600946,12.862123360438487,12.810176535432728,3.609753332591443,3.884863586706903
14.401920256034137,12.672900467414212,12.672900467414212,12.863506767831668,12.815626156114126,3.109753332591443,3.384863586706903
14.601946926256833,12.682082991200174,12.682082991200174,12.868941771098244,12.827789874569596,3.0182896083066875,3.884863586706903
14.80197359647953,12.691258781306853,12.691258781306853,12.859934860139377,12.846884663103998,2.5182896083066875,4.384863586706903
15.002000266702227,12.700427747148751,12.700427747148751,12.845066205021618,12.85945318225076,2.0182896083066875,4.063943908623879
15.202026936924923,12.709589798207743,12.709589798207743,12.836087724725694,12.880500947071475,2.5182896083066875,4.563943908623879
15.40205360714762,12.718744844033962,12.718744844033962,12.835375461233571,12.896382800601234,3.0182896083066875,4.063943908623879
15.602080277370316,12.727892794246705,12.727892794246705,12.845975140651147,12.90689928288154,3.5182896083066875,3.5639439086238793
15.802106947593012,12.737033558535312,12.737033558535312,12.847139417747465,12.919134151300469,3.0182896083066875,4.063943908623879
16.00213361781571,12.746167046660071,12.746167046660071,12.83527911344918,12.924052040088496,2.5182896083066875,3.5639439086238793
16.202160288038403,12.755293168453097,12.755293168453097,12.833387576570988,12.925084264680025,3.0182896083066875,3.0639439086238793
16.4021869582611,12.764411833819226,12.764411833819226,12.840731458674897,12.919805714712965,3.17567018040858,2.5639439086238793
16.602213628483796,12.773522952736911,12.773522952736911,12.851641688282848,12.913390117601784,3.67567018040858,2.642167811241987
16.802240298706494,12.782626435259104,12.782626435259104,12.84780182540915,12.915870402774143,3.17567018040858,3.142167811241987
17.002266968929188,12.79172219151414,12.79172219151414,12.864921560048092,12.91644526408903,3.67567018040858,2.9806826454321693
17.202293639151886,12.800810131706633,12.800810131706633,12.876495110208786,12.922259410032915,3.523286529835729,3.305005202250193
17.402320309374584,12.809890166118361,12.809890166118361,12.877161686323612,12.932781150337297,3.023286529835729,3.805005202250193
17.60234697959728,12.818962205109147,12.818962205109147,12.88522254112873,12.937635336084787,3.523286529835729,3.3404836952284716
17.802373649819977,12.828026159117748,12.828026159117748,12.885837871043385,12.937887260341743,3.023286529835729,2.8404836952284716
18.00240032004267,12.837081938662735,12.837081938662735,12.892244885040762,12.942160709400621,3.523286529835729,3.3023715464092915
18.20242699026537,12.846129454343384,12.846129454343384,12.893312619423616,12.943380871268763,3.023286529835729,3.0025798235563466
18.402453660488064,12.855168616840547,12.855168616840547,12.899980378541812,12.948653635171041,3.523286529835729,3.5025798235563466
18.602480330710762,12.86419933691755,12.86419933691755,12.916805972244433,12.950440660867502,4.023286529835729,3.0025798235563466
18.802507000933456,12.873221525421055,12.873221525421055,12.944585717771087,12.947389808936249,4.523286529835729,2.8825749581897893
19.002533671156154,12.882235093281956,12.882235093281956,12.964069774017675,12.951782977933048,4.023286529835729,3.3825749581897893
19.20256034137885,12.891239951516248,12.891239951516248,12.969837034861529,12.949431777372343,3.5232865298357288,2.8825749581897893
19.402587011601547,12.90023601122591,12.90023601122591,12.989042062895498,12.955404967169825,4.023286529835729,3.3825749581897893
19.60261368182424,12.909223183599789,12.909223183599789,12.99786360982069,12.969523496340125,3.5232865298357288,3.8825749581897893
19.80264035204694,12.918201379914457,12.918201379914457,13.015248010534247,12.977546001705534,3.994879661173987,3.3825749581897893
20.002667022269634,12.92717051153511,12.92717051153511,13.038294489739709,12.987723311433108,4.494879661173988,3.8825749581897893
20.202693692492332,12.93613048991643,12.93613048991643,13.057466217011035,12.994973082979023,3.9948796611739876,3.3825749581897893
20.402720362715026,12.945081226603458,12.945081226603458,13.083930702107114,13.006954469123652,4.494879661173988,3.8825749581897893
20.602747032937724,12.954022633232478,12.954022633232478,13.120682458194912,13.013784894964244,4.994879661173988,3.3825749581897893
20.80277370316042,12.962954621531876,12.962954621531876,13.14168574683831,13.025542679932505,4.494879661173988,3.8825749581897893
21.002800373383117,12.971877103323024,12.971877103323024,13.160677225136993,13.032494832847512,4.373768812863858,3.3825749581897893
21.20282704360581,12.98078999052114,12.98078999052114,13.173489463098393,13.045736485378704,3.873768812863858,3.8825749581897893
21.40285371382851,12.98969319513616,12.98969319513616,13.180498592403868,13.048348540221244,3.373768812863858,3.3825749581897893
21.602880384051208,12.998586629273618,12.998586629273618,13.177026029624358,13.059644065733098,2.873768812863858,3.8825749581897893
21.802907054273902,13.007470205135492,13.007470205135492,13.181287236463726,13.080959284354003,3.3220163351519822,4.382574958189789
22.0029337244966,13.016343835021093,13.016343835021093,13.177035881952436,13.102267637848472,2.8220163351519822,4.882574958189789
22.202960394719295,13.025207431327916,13.025207431327916,13.179958549121318,13.124397819392984,3.2709855966166974,5.038861232493716
22.402987064941993,13.034060906552511,13.034060906552511,13.17648415898187,13.14586998188479,2.7709855966166974,4.538861232493716
22.603013735164687,13.042904173291348,13.042904173291348,13.178962018437767,13.158851253488741,3.2395942623941894,4.038861232493716
22.803040405387385,13.051737144241674,13.051737144241674,13.18768821631249,13.16913185725396,3.7395942623941894,3.724060987912992
23.00306707561008,13.060559732202378,13.060559732202378,13.1914120583265,13.167621652505087,3.2395942623941894,3.224060987912992
23.203093745832778,13.069371850074857,13.069371850074857,13.202079400248481,13.17910806133387,3.7395942623941894,3.724060987912992
23.403120416055472,13.078173410863865,13.078173410863865,13.219726239026556,13.183071162527801,4.239594262394189,3.224060987912992
23.60314708627817,13.086964327678382,13.086964327678382,13.229934942197342,13.19292222499195,3.7395942623941894,3.724060987912992
23.803173756500865,13.095744513732468,13.095744513732468,13.237150844902333,13.207430946490947,3.45291716735231,4.224060987912992
24.003200426723563,13.104513882346119,13.104513882346119,13.236042124061205,13.215938811577761,2.95291716735231,3.724060987912992
24.203227096946257,13.113272346946118,13.113272346946118,13.236383594118116,13.23100649275422,2.915408947403475,4.224060987912992
24.403253767168955,13.122019821066903,13.122019821066903,13.227380512476916,13.239811696089449,2.415408947403475,3.724060987912992
24.60328043739165,13.130756218351408,13.130756218351408,13.230827398990165,13.24173444597376,2.915408947403475,3.224060987912992
24.803307107614348,13.139481452551921,13.139481452551921,13.239217695992235,13.236812133593043,3.415408947403475,2.724060987912992
25.003333777837042,13.148195437530935,13.148195437530935,13.24181223838284,13.227339335204427,2.915408947403475,2.224060987912992
25.20336044805974,13.156898087261998,13.156898087261998,13.228506458177513,13.22627897592416,2.415408947403475,2.724060987912992
25.403387118282435,13.165589315830559,13.165589315830559,13.228021176904614,13.229769254907954,2.915408947403475,3.224060987912992
25.603413788505133,13.174269037434824,13.174269037434824,13.234501608745065,13.238020503797022,3.415408947403475,3.724060987912992
25.80344045872783,13.182937166386596,13.182937166386596,13.234034108131997,13.252957105462299,2.915408947403475,4.224060987912992
26.003467128950525,13.191593617112124,13.191593617112124,13.235465257387654,13.277121672401789,3.1156850690698645,4.724060987912992
26.203493799173224,13.200238304152945,13.200238304152945,13.242318560655871,13.294127990903252,3.6156850690698645,4.224060987912992
26.403520469395918,13.208871142166732,13.208871142166732,13.259908572804134,13.302058808956703,4.1156850690698645,3.724060987912992
26.603547139618616,13.217492045928136,13.217492045928136,13.28470286236211,13.303830475749448,4.6156850690698645,3.224060987912992
26.80357380984131,13.22610093032962,13.22610093032962,13.32080600014699,13.315110135894958,5.1156850690698645,3.724060987912992
27.00360048006401,13.234697710382312,13.234697710382312,13.348805515411408,13.325733198662757,4.6156850690698645,4.224060987912992
27.203627150286703,13.24328230121683,13.24328230121683,13.366799608018392,13.335860441457546,4.1156850690698645,3.724060987912992
27.4036538205094,13.251854618084131,13.251854618084131,13.375561895558922,13.3399455621471,3.6156850690698645,3.224060987912992
27.603680490732096,13.260414576356345,13.260414576356345,13.391586834509232,13.351807179320861,4.1156850690698645,3.724060987912992
27.803707160954794,13.268962091527602,13.268962091527602,13.402957378295486,13.35680681662675,3.6442059526459465,3.224060987912992
28.003733831177488,13.27749707921488,13.27749707921488,13.427117241745519,13.366133441065987,4.1442059526459465,3.724060987912992
28.203760501400186,13.286019455158828,13.286019455158828,13.453112681117107,13.370844759256203,4.6442059526459465,3.2780634425076514
28.40378717162288,13.2945291352246,13.2945291352246,13.472856408165425,13.381630952420016,4.544787093338713,3.7780634425076514
28.60381384184558,13.303026035402691,13.303026035402691,13.490014575460469,13.399445009657644,4.044787093338713,4.278063442507651
28.803840512068273,13.31151007180976,13.31151007180976,13.498533989667697,13.405934414002994,3.544787093338713,3.7780634425076514
29.00386718229097,13.319981160689455,13.319981160689455,13.506681381300801,13.421525692054725,3.460825103728864,4.278063442507651
29.203893852513666,13.328439218413251,13.328439218413251,13.505045864575225,13.443645990586317,2.960825103728864,4.778063442507651
29.403920522736364,13.33688416148127,13.33688416148127,13.499128268604295,13.467300432342752,2.460825103728864,4.821904124449982
29.60394719295906,13.345315906523101,13.345315906523101,13.499197406150524,13.486957924399158,2.960825103728864,4.321904124449982
29.803973863181756,13.353734370298628,13.353734370298628,13.49808761428789,13.508099703817447,2.6931800174462066,4.638724803899344
30.004000533404454,13.362139469698853,13.362139469698853,13.499464222488491,13.525452518235689,3.1739769973111773,4.138724803899344
30.20402720362715,13.37053112174671,13.37053112174671,13.500493285378163,13.53621992031145,2.9881660062298416,3.6387248038993443
30.404053873849847,13.378909243597894,13.378909243597894,13.507208016262975,13.544783199911292,3.4881660062298416,3.794417170639012
30.60408054407254,13.387273752541667,13.387273752541667,13.510480624964474,13.552317690118569,2.9881660062298416,3.8045812199414746
30.80410721429524,13.395624566001684,13.395624566001684,13.52069627777692,13.555320376221045,3.4881660062298416,3.3045812199414746
31.004133884517934,13.403961601536807,13.403961601536807,13.522533691500715,13.55741764488094,2.9881660062298416,3.1304595491621012
31.204160554740632,13.412284776841913,13.412284776841913,13.516764072065023,13.551793215075133,2.627013199850141,2.6304595491621012
31.404187224963326,13.420594009748712,13.420594009748712,13.497829836273375,13.541089819998705,2.127013199850141,2.1304595491621012
31.604213895186025,13.428889218226555,13.428889218226555,13.490492238473692,13.536244061851287,2.627013199850141,2.6304595491621012
31.80424056540872,13.43717032038325,13.43717032038325,13.490750593779508,13.540195274079032,3.127013199850141,3.1304595491621012
32.00426723563142,13.44543723446586,13.44543723446586,13.483773555693759,13.537334580723765,2.627013199850141,2.6304595491621012
32.204293905854115,13.453689878861521,13.453689878861521,13.484033131758983,13.540077231030823,3.127013199850141,3.1304595491621012
32.404320576076806,13.461928172098236,13.461928172098236,13.4963815987891,13.542497430859108,3.627013199850141,3.270899512906984
32.604347246299504,13.470152032845695,13.470152032845695,13.501591293002324,13.554505712095544,3.2850105940812653,3.770899512906984
32.8043739165222,13.47836137991606,13.47836137991606,13.51147510138474,13.57255380891533,3.7850105940812653,4.270899512906984
33.0044005867449,13.48655613226478,13.48655613226478,13.533560921383318,13.582445145731668,4.285010594081265,3.7708995129069844
33.20442725696759,13.49473620899139,13.49473620899139,13.543060884687895,13.598151421394636,3.785010594081265,4.270899512906984
33.40445392719029,13.502901529340296,13.502901529340296,13.564570370417668,13.606210993152905,4.083287820479167,3.7708995129069844
33.60448059741299,13.511052012701589,13.511052012701589,13.57443861060867,13.608781018151348,3.5832878204791667,3.2708995129069844
33.804507267635685,13.519187578611835,13.519187578611835,13.591994482538764,13.620014066877197,4.083287820479167,3.7708995129069844
34.004533937858376,13.527308146754867,13.527308146754867,13.616410080992393,13.635328354864312,4.583287820479167,4.178673440231018
34.204560608081074,13.535413636962579,13.535413636962579,13.637948356357649,13.643547628140384,4.083287820479167,3.6786734402310177
34.40458727830377,13.543503969215717,13.543503969215717,13.647625416216755,13.647174604007827,3.5832878204791667,3.1786734402310177
34.60461394852647,13.55157906364467,13.55157906364467,13.665403052083835,13.64584619397005,4.083287820479167,2.857804446868868
34.80464061874917,13.55963884053026,13.55963884053026,13.69287045685106,13.649765300621876,4.401743233557262,3.357804446868868
35.00466728897186,13.567683220304527,13.567683220304527,13.706729647701492,13.660551764858711,3.901743233557262,3.857804446868868
35.20469395919456,13.575712123551515,13.575712123551515,13.723397566297551,13.679094758834989,3.9615522775690817,4.357804446868868
35.404720629417255,13.583725471008051,13.583725471008051,13.73489704406074,13.700834784113729,3.826676799492508,4.857804446868868
35.60474729963995,13.591723183564541,13.591723183564541,13.738321186864537,13.716800259426387,3.326676799492508,4.357804446868868
35.804773969862644,13.599705182265733,13.599705182265733,13.75378167014862,13.723952578377405,3.826676799492508,3.857804446868868
36.00480064008534,13.607671388311514,13.607671388311514,13.761261184109147,13.729380386542587,3.326676799492508,3.357804446868868
36.20482731030804,13.615621723057675,13.615621723057675,13.759659085202584,13.73735628763647,2.826676799492508,3.857804446868868
36.40485398053074,13.623556108016691,13.623556108016691,13.76759907461934,13.752364876577785,3.326676799492508,4.357804446868868
36.60488065075343,13.631474464858503,13.631474464858503,13.76523596392747,13.761895159818984,2.826676799492508,3.857804446868868
36.80490732097613,13.639376715411277,13.639376715411277,13.763818863562609,13.772592123347989,2.773259239659503,4.084868922023086
37.004933991198826,13.647262781662192,13.647262781662192,13.751710918104777,13.781393837513034,2.280491032652721,3.5848689220230856
37.204960661421524,13.655132585758196,13.655132585758196,13.749907321171474,13.781093769926832,2.780491032652721,3.0848689220230856
37.404987331644215,13.662986050006785,13.662986050006785,13.752910050424878,13.777518127393973,3.280491032652721,2.6798792507580447
37.60501400186691,13.670823096876763,13.670823096876763,13.760655049843855,13.765519427603815,3.390130512759584,2.204777987417533
37.80504067208961,13.67864364899901,13.67864364899901,13.760247157125907,13.75992316308372,2.890130512759584,2.704777987417533
38.00506734231231,13.686447629167247,13.686447629167247,13.74790094175957,13.761795547828482,2.390130512759584,3.204777987417533
38.205094012535,13.6942349603388,13.6942349603388,13.728947139796261,13.762624887359296,1.8901305127595842,3.027011985888543
38.4051206827577,13.702005565635352,13.702005565635352,13.715515023879233,13.766548277243167,2.390130512759584,3.527011985888543
38.605147352980396,13.70975936834371,13.70975936834371,13.714142810051534,13.769088138804351,2.890130512759584,3.027011985888543
38.805174023203094,13.71749629191656,13.71749629191656,13.718714830022012,13.773424060882501,3.390130512759584,3.527011985888543
39.00520069342579,13.725216259973227,13.725216259973227,13.731807585927273,13.78334321750049,3.890130512759584,3.9973030437468977
39.20522736364848,13.732919196300415,13.732919196300415,13.739999539773793,13.789998335929837,3.579621721075854,3.5728876237942204
39.40525403387118,13.74060502485298,13.74060502485298,13.743403408927643,13.80019193630317,3.079621721075854,4.07288762379422
39.60528070409388,13.748273669754663,13.748273669754663,13.751565407571404,13.818521043885276,3.579621721075854,4.57288762379422
39.80530737431658,13.755925055298846,13.755925055298846,13.760238819667748,13.843800466089192,3.5540669821330786,5.07288762379422
40.00533404453927,13.763559105949303,13.763559105949303,13.782632775453772,13.866189917759417,4.054066982133079,4.93271289411679
40.205360714761966,13.77117574634094,13.77117574634094,13.803272214624617,13.886102972906354,4.199397951434616,4.43271289411679
40.405387384984664,13.77877490128054,13.77877490128054,13.812234895604863,13.8926674513081,3.699397951434616,3.93271289411679
40.60541405520736,13.786356495747508,13.786356495747508,13.833442403352871,13.905062185979723,4.199397951434616,3.861700577971383
40.80544072543005,13.79392045489461,13.79392045489461,13.848575025110339,13.907211226625877,3.699397951434616,3.361700577971383
41.00546739565275,13.801466704048714,13.801466704048714,13.860920115862047,13.917837607109925,3.5687584294025214,3.861700577971383
41.20549406587545,13.808995168711515,13.808995168711515,13.86182019172319,13.921026290800356,3.0687584294025214,3.361700577971383
41.40552073609815,13.816505774560296,13.816505774560296,13.868358859166714,13.918952988796566,3.5687584294025214,2.861700577971383
41.60554740632084,13.823998447448634,13.823998447448634,13.882627858702266,13.914652621064269,4.068758429402521,2.8543731797510135
41.805574076543536,13.83147311340715,13.83147311340715,13.90893944856746,13.907060004748352,4.568758429402521,2.3543731797510135
42.005600746766234,13.83892969864423,13.83892969864423,13.942686874659346,13.903351047537644,5.068758429402521,2.8543731797510135
42.20562741698893,13.846368129546763,13.846368129546763,13.96580243783074,13.90569071527626,4.568758429402521,3.3543731797510135
42.40565408721162,13.853788332680857,13.853788332680857,13.987621444540643,13.91750343277686,4.118593271231681,3.8543731797510135
42.60568075743432,13.861190234792566,13.861190234792566,14.015712309565382,13.931693768760791,4.618593271231681,4.119852571625536
42.80570742765702,13.868573762808625,13.868573762808625,14.043521319542577,13.950014577101648,4.472241626648023,4.619852571625536
43.00573409787972,13.875938843837153,13.875938843837153,14.05823998100293,13.976512815056969,3.9722416266480227,5.119852571625536
43.205760768102415,13.883285405168387,13.883285405168387,14.065641656906008,13.998179410978251,3.4722416266480227,4.619852571625536
43.405787438325106,13.890613374275393,13.890613374275393,14.08251787423579,14.027391842833133,3.8736842469004844,5.119852571625536
43.605814108547804,13.897922678814785,13.897922678814785,14.091023563849028,14.047201378635133,3.3736842469004844,4.619852571625536
43.8058407787705,13.905213246627435,13.905213246627435,14.089831511191141,14.062566929856906,2.8736842469004844,4.119852571625536
44.0058674489932,13.912485005739192,13.912485005739192,14.077140389484939,14.07267707493738,2.3736842469004844,3.619852571625536
44.20589411921589,13.919737884361586,13.919737884361586,14.05986629355928,14.074599120051657,1.8736842469004844,3.119852571625536
44.40592078943859,13.926971810892542,13.926971810892542,14.051435954863733,14.075398524105182,2.3736842469004844,3.0810643005966334
44.60594745966129,13.934186713917082,13.934186713917082,14.048512373219507,14.086404513632354,2.8736842469004844,3.5810643005966334
44.805974129883985,13.941382522208032,13.941382522208032,14.036386691632634,14.08684338311943,2.3736842469004844,3.0810643005966334
45.006000800106676,13.948559164726728,13.948559164726728,14.030384671593694,14.08522487939321,2.6717272004752752,2.5810643005966334
45.206027470329374,13.955716570623714,13.955716570623714,14.0292657778873,14.071443010837074,3.15840163610714,2.0810643005966334
45.40605414055207,13.96285466923944,13.96285466923944,14.042013081870813,14.065855628989441,3.65840163610714,2.5810643005966334
45.60608081077477,13.96997339010497,13.96997339010497,14.039253208020364,14.052283216441296,3.15840163610714,2.0810643005966334
45.80610748099746,13.977072662942657,13.977072662942657,14.0355680403306,14.04464685960641,2.65840163610714,2.5810643005966334
46.00613415122016,13.984152417666857,13.984152417666857,14.036445886661998,14.047797967293654,3.1497983089408352,3.0810643005966334
46.20616082144286,13.991212584384616,13.991212584384616,14.046866806370355,14.042470019542032,3.5728784917754144,2.5810643005966334
46.406187491665555,13.998253093396348,13.998253093396348,14.06417508927956,14.04459346443556,4.072878491775414,3.0810643005966334
46.606214161888246,14.005273875196544,14.005273875196544,14.071081109217948,14.051433545052411,3.5728784917754144,3.5810643005966334
46.806240832110944,14.012274860474434,14.012274860474434,14.088221419689416,14.056556146147097,4.072878491775414,3.5526147871277347
47.00626750233364,14.019255980114696,14.019255980114696,14.1136745855931,14.063261525030208,4.572878491775414,3.3555919224817394
47.20629417255634,14.02621716519812,14.02621716519812,14.131826386615582,14.060622575172689,4.072878491775414,2.8555919224817394
47.40632084277904,14.033158347002288,14.033158347002288,14.137998970132493,14.068648615696203,3.5728784917754144,3.3555919224817394
47.60634751300173,14.040079457002271,14.040079457002271,14.154684256763684,14.07095286629353,4.072878491775414,3.071982202087217
47.80637418322443,14.04698042687129,14.04698042687129,14.164639083158743,14.065362015338494,3.7683805733712528,2.571982202087217
48.006400853447126,14.053861188481388,14.053861188481388,14.17013970186589,14.062184532574365,3.2683805733712528,3.071982202087217
48.206427523669824,14.060721673904116,14.060721673904116,14.179043324846578,14.069368298573835,3.7683805733712528,3.571982202087217
48.406454193892515,14.067561815411192,14.067561815411192,14.186357810874828,14.069442149628772,3.2683805733712528,3.071982202087217
48.60648086411521,14.074381545475173,14.074381545475173,14.181188500083177,14.075582572900023,2.7683805733712528,3.571982202087217
48.80650753433791,14.081180796770125,14.081180796770125,14.185404175901994,14.086614239639472,3.2683805733712528,4.0719822020872165
49.00653420456061,14.087959502172286,14.087959502172286,14.17800619846982,14.09140900535235,2.7683805733712528,3.5719822020872165
49.2065608747833,14.094717594760724,14.094717594760724,14.178391650091468,14.103783009165786,3.2683805733712528,3.8165236811320913
49.406587545006,14.101455007818004,14.101455007818004,14.19070857545741,14.116275643655948,3.7683805733712528,4.130131336558108
49.606614215228696,14.108171674830842,14.108171674830842,14.212093909749276,14.12778983020936,4.268380573371253,3.9311838874914318
49.806640885451394,14.114867529490768,14.114867529490768,14.243491442723515,14.13615386331408,4.768380573371253,3.505167639743203
50.006667555674085,14.121542505694771,14.121542505694771,14.263951731472142,14.145641986992986,4.268380573371253,4.0051676397432034
50.20669422589678,14.12819653754596,14.12819653754596,14.281743117622687,14.165250889096301,3.768380573371253,4.5051676397432034
50.40672089611948,14.134829559354213,14.134829559354213,14.29579921008505,14.181002651913017,4.024186119708871,4.0051676397432034
50.60674756634218,14.14144150563682,14.14144150563682,14.30490808441186,14.190995313702256,3.5241861197088706,4.061814218691692
50.80677423656487,14.148032311119133,14.148032311119133,14.32030278771284,14.202822732023524,4.024186119708871,4.050216557313847
51.00680090678757,14.154601910735217,14.154601910735217,14.326258019546177,14.223096815804539,3.5241861197088706,4.550216557313847
51.206827577010266,14.161150239628478,14.161150239628478,14.327575556477589,14.24752857549164,3.0241861197088706,5.050216557313847
51.406854247232964,14.167677233152318,14.167677233152318,14.322927446510839,14.268231228353988,2.5241861197088706,4.550216557313847
51.60688091745566,14.174182826870764,14.174182826870764,14.319225205641796,14.283416956218955,3.0241861197088706,4.050216557313847
51.80690758767835,14.180666956559108,14.180666956559108,14.309834140194017,14.288304297665206,2.5241861197088706,3.5502165573138473
52.00693425790105,14.187129558204536,14.187129558204536,14.295130305310712,14.301921874935037,2.0241861197088706,4.050216557313847
52.20696092812375,14.19357056800677,14.19357056800677,14.286891014440334,14.324372527817534,2.5241861197088706,4.550216557313847
52.40698759834645,14.199989922378684,14.199989922378684,14.270201378904787,14.33483601598132,2.0241861197088706,4.050216557313847
52.60701426856914,14.206387557946949,14.206387557946949,14.2563644128874,14.340111560891168,2.5241861197088706,3.5502165573138473
52.807040938791836,14.212763411552638,14.212763411552638,14.248670056095614,14.33882573411321,2.734780384034501,3.0502165573138473
53.007067609014534,14.21911742025187,14.21911742025187,14.25267271087378,14.345185808350262,3.234780384034501,3.2487889506194163
53.20709427923723,14.225449521316415,14.225449521316415,14.244791629450178,14.349093987811056,2.734780384034501,3.455651773001731
53.40712094945992,14.231759652234324,14.231759652234324,14.249491382041901,14.35142305199712,3.234780384034501,3.010346663107833
53.60714761968262,14.238047750710544,14.238047750710544,14.263486738564557,14.352717631294666,3.734780384034501,3.510346663107833
53.80717428990532,14.244313754667527,14.244313754667527,14.279584716851561,14.353640070130433,4.100154102644631,3.010346663107833
54.00720096012802,14.250557602245847,14.250557602245847,14.28575145064986,14.347183718295279,3.6001541026446313,2.510346663107833
54.20722763035071,14.256779231804813,14.256779231804813,14.301236234871904,14.338234861716522,4.100154102644631,2.2895455315562305
54.407254300573406,14.262978581923079,14.262978581923079,14.324152663322433,14.326523222372153,4.600154102644631,2.3778992442293374
54.607280970796104,14.26915559139924,14.26915559139924,14.340068552259499,14.325790265282023,4.100154102644631,2.8778992442293374
54.8073076410188,14.275310199252447,14.275310199252447,14.345666120260114,14.329642058233349,3.6001541026446313,3.3778992442293374
55.00733431124149,14.281442344723,14.281442344723,14.34736139814253,14.326376255670715,3.1001541026446313,2.8778992442293374
55.20736098146419,14.287551967272963,14.287551967272963,14.356200323574623,14.326616558742575,3.6001541026446313,3.3778992442293374
55.40738765168689,14.293639006586739,14.293639006586739,14.371437470662968,14.325893505744087,4.100154102644631,2.8778992442293374
55.60741432190959,14.299703402571685,14.299703402571685,14.381284118714332,14.326301002171006,3.6001541026446313,2.9629850978084145
55.807440992132285,14.3057450953587,14.3057450953587,14.379523267987386,14.319588190128187,3.1001541026446313,2.4629850978084145
56.007467662354976,14.311764025302809,14.311764025302809,14.384717057935962,14.312290746111124,3.410669993158629,2.790648588475234
56.207494332577674,14.317760132983757,14.317760132983757,14.396405797011319,14.314623044583177,3.910669993158629,3.290648588475234
56.40752100280037,14.323733359206601,14.323733359206601,14.40425792657734,14.321895926250086,3.410669993158629,3.790648588475234
56.60754767302307,14.329683645002284,14.329683645002284,14.418623022841903,14.336289397812985,3.910669993158629,4.175460452662637
56.80757434324576,14.335610931628224,14.335610931628224,14.423684304684429,14.3427714185773,3.410669993158629,3.6754604526626373
57.00760101346846,14.341515160568893,14.341515160568893,14.422364672260779,14.357050614085123,2.910669993158629,4.175460452662637
57.20762768369116,14.347396273536392,14.347396273536392,14.421106217164867,14.372720484312998,3.2113789008120364,4.288983516933605
57.407654353913856,14.353254212471027,14.353254212471027,14.42514947449025,14.382430118491529,3.3494978892325005,3.7889835169336052
57.60768102413655,14.359088919541886,14.359088919541886,14.437578481494441,14.396631401936311,3.8494978892325005,4.288983516933605
57.807707694359244,14.364900337147409,14.364900337147409,14.45701403874749,14.42138303774296,4.187897491544873,4.788983516933605
58.00773436458194,14.37068840791595,14.37068840791595,14.480320631418248,14.434958780343598,4.485937047399674,4.288983516933605
58.20776103480464,14.376453074706347,14.376453074706347,14.492590443942952,14.441392321582319,3.9859370473996742,3.7889835169336052
58.40778770502733,14.382194280608498,14.382194280608498,14.496493314199956,14.456429358585966,3.4859370473996742,4.288983516933605
58.60781437525003,14.387911968943904,14.387911968943904,14.488486024395039,14.465316283351267,2.9859370473996742,3.7889835169336052
58.80784104547273,14.393606083266235,14.393606083266235,14.47992254038696,14.467495935272712,2.4859370473996742,3.2889835169336052
59.007867715695426,14.399276567361891,14.399276567361891,14.467440421690702,14.477840493208753,1.993143216034795,3.7889835169336052
59.20789438591812,14.40492336525056,14.40492336525056,14.444037890018281,14.477499511182163,1.493143216034795,3.2889835169336052
59.407921056140815,14.410546421185764,14.410546421185764,14.411960483898024,14.475053992343277,1.1560422467032192,2.7889835169336052
59.60794772636351,14.4161456796554,14.4161456796554,14.388356221248836,14.478322959218016,1.6560422467032192,3.2889835169336052
59.80797439658621,14.421721085382316,14.421721085382316,14.351960986705762,14.485836634228571,1.1560422467032192,3.7889835169336052
60.00800106680891,14.427272583324829,14.427272583324829,14.33051909148877,14.50185910523887,1.6560422467032192,4.190566449595113
60.2080277370316,14.432800118677282,14.432800118677282,14.313123308879856,14.509005695392052,2.156042246703219,3.6905664495951127
60.4080544072543,14.438303636870579,14.438303636870579,14.310464820448841,14.508755276319315,2.656042246703219,3.1905664495951127
60.608081077476996,14.443783083572733,14.443783083572733,14.31240966120305,14.514303435222644,3.156042246703219,3.41460476859419
60.808107747699694,14.449238404689392,14.449238404689392,14.3186991289237,14.521072999766329,3.656042246703219,3.91460476859419
61.008134417922385,14.454669546364379,14.454669546364379,14.337999177643162,14.524028773291848,4.156042246703219,3.41460476859419
61.20816108814508,14.46007645498022,14.46007645498022,14.365090765987144,14.517059375317167,4.656042246703219,2.91460476859419
61.40818775836778,14.465459077158677,14.465459077158677,14.40005073675823,14.5225962708875,5.066446477305384,3.41460476859419
61.60821442859048,14.470817359761273,14.470817359761273,14.438080533839418,14.53370542767085,5.566446477305384,3.91460476859419
61.80824109881317,14.476151249889817,14.476151249889817,14.479390492263944,14.537266959446175,5.553318971704234,3.41460476859419
62.00826776903587,14.481460694886925,14.481460694886925,14.515101252768153,14.533473639066818,5.290755748471284,2.9210624396375167
62.208294439258566,14.486745642336542,14.486745642336542,14.541040172831423,14.523972126759642,4.790755748471284,2.4210624396375167
62.408321109481264,14.49200604006446,14.49200604006446,14.55974672784589,14.509754049392713,4.290755748471284,1.9210624396375167
62.608347779703955,14.497241836138826,14.497241836138826,14.586141348465945,14.502564430749816,4.790755748471284,2.4210624396375167
62.80837444992665,14.502452978870668,14.502452978870668,14.6089256337554,14.501165997153597,4.290755748471284,2.9210624396375167
63.00840112014935,14.507639416814389,14.507639416814389,14.618334796463776,14.503533919433691,3.790755748471284,3.4210624396375167
63.20842779037205,14.51280109876829,14.51280109876829,14.622830760158275,14.502541187625036,3.290755748471284,2.9210624396375167
63.40845446059474,14.517937973775064,14.517937973775064,14.617529844526928,14.506495753892494,2.790755748471284,3.4210624396375167
63.60848113081744,14.52304999112231,14.52304999112231,14.624043862241955,14.514467916702147,3.290755748471284,3.818050282186034
63.808507801040136,14.52813710034302,14.52813710034302,14.614392815425465,14.526491927606493,2.790755748471284,4.318050282186034
64.00853447126283,14.53319925121609,14.53319925121609,14.618147249885576,14.537433964522409,3.290755748471284,3.818050282186034
64.20856114148553,14.538236393766807,14.538236393766807,14.609838475283237,14.552264227580903,2.790755748471284,4.318050282186034
64.40858781170823,14.543248478267351,14.543248478267351,14.612442155765715,14.57273419008512,3.290755748471284,4.818050282186034
64.60861448193093,14.548235455237275,14.548235455237275,14.603830383839405,14.587437411249098,2.790755748471284,4.318050282186034
64.80864115215361,14.553197275444003,14.553197275444003,14.609351890614002,14.596044606407231,3.290755748471284,3.818050282186034
65.00866782237631,14.55813388990331,14.55813388990331,14.618049596755986,14.597906081079906,3.790755748471284,3.318050282186034
65.20869449259901,14.563045249879812,14.563045249879812,14.63801762917533,14.60491999177683,4.290755748471284,3.818050282186034
65.4087211628217,14.567931306887436,14.567931306887436,14.648453937819184,14.615439537393945,3.790755748471284,3.668404312488442
65.6087478330444,14.572792012689913,14.572792012689913,14.650801667970503,14.616667777922125,3.290755748471284,3.306303903433397
65.8087745032671,14.577627319301241,14.577627319301241,14.657001999514955,14.6260220912532,3.5048984763275453,3.806303903433397
66.0088011734898,14.582437178986169,14.582437178986169,14.655608639230152,14.629270912747176,3.0048984763275453,3.306303903433397
66.2088278437125,14.587221544260663,14.587221544260663,14.658559735923754,14.624633776923192,3.5048984763275453,2.806303903433397
66.40885451393518,14.591980367892372,14.591980367892372,14.67254701989387,14.627914211056913,3.9543205641915473,3.306303903433397
66.60888118415788,14.596713602901104,14.596713602901104,14.684502428439057,14.621829099227027,3.903785196712917,2.806303903433397
66.80890785438058,14.601421202559278,14.601421202559278,14.70297375964088,14.622092781447163,4.403785196712917,3.1738641040309785
67.00893452460328,14.606103120392394,14.606103120392394,14.727027049219712,14.631581537493114,4.549519772631444,3.6738641040309785
67.20896119482597,14.61075931017949,14.61075931017949,14.746510220439202,14.636669490785545,4.049519772631444,3.6792941969620134
67.40898786504867,14.615389725953595,14.615389725953595,14.761931590464984,14.633756901168928,4.05019891252161,3.1792941969620134
67.60901453527137,14.619994322002183,14.619994322002183,14.765941241597117,14.641255529750762,3.5501989125216102,3.5574395476155525
67.80904120549407,14.624573052867632,14.624573052867632,14.764279570147984,14.64835470005359,3.0501989125216102,3.5054623710821398
68.00906787571675,14.629125873347661,14.629125873347661,14.75707570658856,14.658333505172743,2.5501989125216102,3.6399154211574007
68.20909454593945,14.633652738495789,14.633652738495789,14.753087196913716,14.670597637179826,3.0501989125216102,4.069454589080737
68.40912121616215,14.638153603621763,14.638153603621763,14.741781773441684,14.68794404820503,2.5501989125216102,4.569454589080737
68.60914788638485,14.642628424292017,14.642628424292017,14.738720060544459,14.700985139452458,3.0501989125216102,4.069454589080737
68.80917455660754,14.647077156330095,14.647077156330095,14.739626191553937,14.714849007968567,3.4581331169963985,4.316172283662048
69.00920122683024,14.651499755817099,14.651499755817099,14.743193450682837,14.721204249002215,2.9581331169963985,3.8161722836620484
69.20922789705294,14.655896179092114,14.655896179092114,14.728806689012846,14.721909436955103,2.4581331169963985,3.3161722836620484
69.40925456727564,14.660266382752646,14.660266382752646,14.710460133217833,14.722564657914331,1.9581331169963985,3.081340421430256
69.60928123749834,14.664610323655044,14.664610323655044,14.700654753882,14.716537250256517,2.4581331169963985,2.581340421430256
69.80930790772102,14.668927958914928,14.668927958914928,14.695346472737107,14.715586639334001,2.9581331169963985,3.081340421430256
70.00933457794372,14.673219245907617,14.673219245907617,14.689446784252167,14.721252222232426,2.7932150989996156,3.581340421430256
70.20936124816642,14.677484142268547,14.677484142268547,14.68895302437173,14.723578796002943,3.2932150989996156,3.099080563404378
70.40938791838911,14.68172260589368,14.68172260589368,14.702120067382607,14.71763900255304,3.7932150989996156,2.599080563404378
70.60941458861181,14.685934594939939,14.685934594939939,14.703491407035854,14.714562592813788,3.2932150989996156,3.099080563404378
70.80944125883451,14.690120067825601,14.690120067825601,14.700040713279927,14.721264372647711,2.7932150989996156,3.599080563404378
71.00946792905721,14.694278983230722,14.694278983230722,14.700407507297864,14.719029189111817,3.2932150989996156,3.099080563404378
71.2094945992799,14.69841130009754,14.69841130009754,14.713839575045359,14.72554709673102,3.7932150989996156,3.599080563404378
71.40952126950259,14.702516977630875,14.702516977630875,14.714957397076802,14.738258110828284,3.2932150989996156,4.099080563404378
71.60954793972529,14.706595975298539,14.706595975298539,14.726780125908956,14.75446094613507,3.7932150989996156,4.532680012308439
71.80957460994799,14.710648252831737,14.710648252831737,14.748022876292476,14.766204728266171,4.293215098999616,4.032680012308439
72.00960128017068,14.714673770225456,14.714673770225456,14.75986328592107,14.770622956464058,3.8551557519849915,3.5326800123084388
72.20962795039338,14.71867248773887,14.71867248773887,14.762524217894171,14.781606285394421,3.3551557519849915,4.032680012308439
72.40965462061608,14.722644365895722,14.722644365895722,14.765637399088334,14.786654171505253,3.546108792113536,3.5326800123084388
72.60968129083878,14.726589365484724,14.726589365484724,14.765456274605059,14.790858733052785,3.046108792113536,3.3093943103126007
72.80970796106148,14.73050744755994,14.73050744755994,14.773050856857019,14.786165606930055,3.546108792113536,2.8093943103126007
73.00973463128418,14.734398573441165,14.734398573441165,14.769560819508433,14.777210320101574,3.046108792113536,2.3093943103126007
73.20976130150686,14.738262704714316,14.738262704714316,14.750470443826261,14.772949440718042,2.546108792113536,2.8093943103126007
73.40978797172956,14.742099803231802,14.742099803231802,14.751601742092403,14.765171303674924,3.046108792113536,2.3093943103126007
73.60981464195225,14.745909831112915,14.745909831112915,14.758200195120331,14.762693117650844,3.546108792113536,2.8093943103126007
73.80984131217495,14.749692750744181,14.749692750744181,14.75453607685165,14.763271501930662,3.046108792113536,3.3093943103126007
74.00986798239765,14.753448524779758,14.753448524779758,14.761538050363754,14.763339720081138,3.546108792113536,2.970231599147105
74.20989465262035,14.757177116141785,14.757177116141785,14.762096840430878,14.76804177633436,3.046108792113536,3.470231599147105
74.40992132284305,14.760878488020753,14.760878488020753,14.764590690370483,14.774132766979141,3.546108792113536,3.970231599147105
74.60994799306575,14.764552603875874,14.764552603875874,14.77945641817038,14.790844561479169,4.030964834147562,4.470231599147104
74.80997466328843,14.768199427435434,14.768199427435434,14.782219489834581,14.802820328934862,3.5309648341475617,3.9702315991471044
75.01000133351113,14.771818922697157,14.771818922697157,14.796528647223417,14.806574953789019,3.8905822785898256,3.4702315991471044
75.21002800373383,14.775411053928563,14.775411053928563,14.798609605877685,14.814824256545696,3.4168444805034244,3.9702315991471044
75.41005467395652,14.778975785667306,14.778975785667306,14.812554767413944,14.834337534571794,3.9168444805034244,4.470231599147104
75.61008134417922,14.78251308272154,14.78251308272154,14.831666533665125,14.846570162724465,4.416844480503425,3.9702315991471044
75.81010801440192,14.78602291017026,14.78602291017026,14.84677573492547,14.864612665702703,3.916844480503425,4.470231599147104
76.01013468462462,14.789505233363645,14.789505233363645,14.855425639622187,14.875727653000636,3.416844480503425,3.9702315991471044
76.21016135484732,14.792960017923406,14.792960017923406,14.852825688284419,14.880274623821155,2.916844480503425,3.4702315991471044
76.41018802507,14.796387229743122,14.796387229743122,14.847347828629173,14.87852974164309,2.7145143175106203,2.9702315991471044
76.6102146952927,14.799786834988566,14.799786834988566,14.846426516523568,14.870642243435942,3.2145143175106203,2.4702315991471044
76.8102413655154,14.803158800098068,14.803158800098068,14.853658531401301,14.863470987958184,3.7145143175106203,2.507941876723278
77.0102680357381,14.80650309178281,14.80650309178281,14.87366518085103,14.849132154481628,4.21451431751062,2.007941876723278
77.21029470596079,14.809819677027182,14.809819677027182,14.89092148520168,14.840296233327333,4.438230781345043,2.507941876723278
77.41032137618349,14.813108523089095,14.813108523089095,14.90249167482344,14.836693348679008,3.938230781345043,3.007941876723278
77.61034804640619,14.81636959750031,14.81636959750031,14.908513605531672,14.843588010634523,3.438230781345043,3.507941876723278
77.81037471662889,14.819602868066754,14.819602868066754,14.907346113269984,14.843113738067828,2.938230781345043,3.007941876723278
78.01040138685158,14.82280830286884,14.82280830286884,14.892212557908863,14.847529343681419,2.438230781345043,3.507941876723278
78.21042805707427,14.825985870261782,14.825985870261782,14.888435849392826,14.842922415201462,2.938230781345043,3.007941876723278
78.41045472729697,14.82913553887591,14.82913553887591,14.872283111627484,14.839499421763449,2.438230781345043,2.8970751780608643
78.61048139751966,14.832257277616975,14.832257277616975,14.85554800740389,14.842740712905558,1.9382307813450428,3.198326522665919
78.81050806774236,14.835351055666457,14.835351055666457,14.842344073232008,14.850606409024564,2.438230781345043,3.698326522665919
79.01053473796506,14.83841684248187,14.83841684248187,14.83964779465432,14.865784938492245,2.938230781345043,4.198326522665919
79.21056140818776,14.841454607797068,14.841454607797068,14.842839227038182,14.883254837229055,3.438230781345043,4.698326522665919
79.41058807841046,14.844464321622537,14.844464321622537,14.83799812758568,14.902329983522932,2.938230781345043,4.732782411109066
79.61061474863315,14.847445954245693,14.847445954245693,14.841621151600293,14.913799795333459,3.438230781345043,4.232782411109066
79.81064141885584,14.850399476231175,14.850399476231175,14.83261728770594,14.919875338105621,2.938230781345043,3.8143024162386814
80.01066808907854,14.853324858421143,14.853324858421143,14.83835675308968,14.933432145797855,3.438230781345043,4.127977099446446
80.21069475930123,14.856222071935552,14.856222071935552,14.831088008139425,14.940512199773671,2.938230781345043,3.627977099446446
80.41072142952393,14.859091088172447,14.859091088172447,14.836985758041376,14.949337487259676,3.438230781345043,3.9758259580261113
80.61074809974663,14.861931878808242,14.861931878808242,14.836970287352354,14.954089909133192,3.274958653073877,3.4758259580261113
80.81077476996933,14.86474441579801,14.86474441579801,14.829030334548126,14.964062558746118,2.774958653073877,3.9758259580261113
81.01080144019203,14.867528671375734,14.867528671375734,14.822098812467035,14.967556220883383,2.637174660299014,3.4758259580261113
81.21082811041472,14.87028461805461,14.87028461805461,14.822310973096466,14.963636528640428,3.137174660299014,2.9758259580261113
81.41085478063742,14.873012228627301,14.873012228627301,14.809648206742393,14.954351895865315,2.637174660299014,2.4758259580261113
81.6108814508601,14.875711476166213,14.875711476166213,14.814470299409196,14.948272834655365,3.137174660299014,2.9758259580261113
81.8109081210828,14.878382334023756,14.878382334023756,14.819386850292727,14.940832843651258,3.637174660299014,2.6066822523853745
82.0109347913055,14.88102477583261,14.88102477583261,14.826478001458852,14.940171521953559,3.577886568288309,3.1066822523853745
82.2109614615282,14.883638775505986,14.883638775505986,14.842133347315263,14.934164407089801,4.077886568288309,2.6066822523853745
82.4109881317509,14.886224307237882,14.886224307237882,14.86648014699139,14.935340660526906,4.577886568288309,3.1066822523853745
82.6110148019736,14.888781345503336,14.888781345503336,14.881337454944989,14.93872995288208,4.077886568288309,3.6066822523853745
82.8110414721963,14.891309865058682,14.891309865058682,14.885639900568016,14.93792736484697,3.577886568288309,3.1066822523853745
83.01106814241899,14.893809840941795,14.893809840941795,14.897380297852848,14.932711807144154,3.9113880609402605,2.812957870934235
83.21109481264168,14.896281248472345,14.896281248472345,14.899498090208443,14.935018170006163,3.4113880609402605,3.312957870934235
83.41112148286437,14.898724063252029,14.898724063252029,14.914706120364754,14.92860011532453,3.9113880609402605,2.812957870934235
83.61114815308707,14.901138261164823,14.901138261164823,14.920171882107892,14.9295912568814,3.4113880609402605,3.312957870934235
83.81117482330977,14.90352381837721,14.90352381837721,14.925787247587145,14.942964480953291,3.560273948381206,3.812957870934235
84.01120149353247,14.905880711338426,14.905880711338426,14.927693468910768,14.946669680895495,3.3540851583884743,3.3182440008129337
84.21122816375517,14.908208916780682,14.908208916780682,14.918631456380448,14.940795558856854,2.889465109313405,2.8182440008129337
84.41125483397786,14.910508411719405,14.910508411719405,14.902289934809462,14.941753431552883,2.389465109313405,3.3182440008129337
84.61128150420056,14.912779173453453,14.912779173453453,14.894429897098274,14.950062810897654,2.889465109313405,3.8182440008129337
84.81130817442325,14.915021179565347,14.915021179565347,14.897766445603402,14.950190108435036,3.389465109313405,3.3182440008129337
85.01133484464594,14.91723440792149,14.91723440792149,14.907280142354313,14.947069336835648,3.889465109313405,2.8182440008129337
85.21136151486864,14.919418836672385,14.919418836672385,14.927768547498287,14.946797682035205,4.389465109313405,3.1304150640404993
85.41138818509134,14.921574444252853,14.921574444252853,14.936369115320273,14.952356296668166,3.889465109313405,3.6304150640404993
85.61141485531404,14.92370120938224,14.92370120938224,14.951343894398075,14.951454978297201,4.300259381987034,3.1304150640404993
85.81144152553674,14.925799111064642,14.925799111064642,14.959180568660308,14.94455568559736,3.8002593819870336,2.6304150640404993
86.01146819575943,14.927868128589083,14.927868128589083,14.96580570351508,14.933683947384864,3.3002593819870336,2.2437175250514363
86.21149486598213,14.929908241529757,14.929908241529757,14.962857320579808,14.927842073645389,2.863725526304317,2.7437175250514363
86.41152153620483,14.931919429746198,14.931919429746198,14.95092079579789,14.917856899473179,2.363725526304317,2.2554843736088115
86.61154820642751,14.933901673383499,14.933901673383499,14.937276621671888,14.906584859960404,2.6066441238570435,2.1411945669406443
86.81157487665021,14.935854952872496,14.935854952872496,14.91711106029988,14.899029939456948,2.1066441238570435,2.6411945669406443
87.01160154687291,14.937779248929967,14.937779248929967,14.902989964699055,14.887889918960587,2.5683429282355497,2.2966253679370126
87.21162821709561,14.939674542558823,14.939674542558823,14.90075870750616,14.883797258867727,3.0683429282355497,2.7966253679370126
87.4116548873183,14.941540815048288,14.941540815048288,14.90870553327094,14.872095425130075,3.5683429282355497,2.3595501846965448
87.611681557541,14.943378047974097,14.943378047974097,14.908904082274862,14.853531008015231,3.282071962611461,1.8595501846965448
87.8117082277637,14.945186223198665,14.945186223198665,14.914527777029063,14.845951386868299,3.782071962611461,2.3595501846965448
88.0117348979864,14.946965322871272,14.946965322871272,14.914592637855709,14.844108400828757,3.282071962611461,2.8595501846965448
88.21176156820908,14.94871532942824,14.94871532942824,14.922648357718685,14.847530719531408,3.782071962611461,3.3595501846965448
88.41178823843178,14.950436225593101,14.950436225593101,14.940193860374212,14.857373483280684,4.282071962611461,3.8595501846965448
88.61181490865448,14.95212799437678,14.95212799437678,14.94629439089513,14.873608568236705,3.782071962611461,4.359550184696545
88.81184157887718,14.953790619077747,14.953790619077747,14.944050149520127,14.882762401127994,3.282071962611461,3.8595501846965448
89.01186824909988,14.955424083282187,14.955424083282187,14.956331577509289,14.891486043786573,3.782071962611461,3.8171646621660065
89.21189491932257,14.957028370864172,14.957028370864172,14.955897174695217,14.904441751447987,3.282071962611461,4.3171646621660065
89.41192158954527,14.958603465985806,14.958603465985806,14.964568547867334,14.912309529346174,3.782071962611461,3.8171646621660065
89.61194825976797,14.96014935309739,14.96014935309739,14.981009533447985,14.913466588027148,4.282071962611461,3.3171646621660065
89.81197492999067,14.961666016937574,14.961666016937574,14.989288843069062,14.92187191365387,3.782071962611461,3.8171646621660065
90.01200160021335,14.963153442533505,14.963153442533505,15.000600425337241,14.924478132323385,4.0201693351868935,3.3171646621660065
90.21202827043605,14.964611615200976,14.964611615200976,15.005275276760367,14.925047190968867,3.5201693351868935,3.013833363902973
90.41205494065875,14.966040520544574,14.966040520544574,15.001210609554978,14.928757454927625,3.0201693351868935,3.513833363902973
90.61208161088145,14.96744014445782,14.96744014445782,15.00623125749962,14.93751874450539,3.5201693351868935,4.0138333639029735
90.81210828110414,14.968810473123305,14.968810473123305,15.003769763582188,14.946199760775592,3.0201693351868935,3.8828052756123186
91.01213495132684,14.970151493012832,14.970151493012832,14.989087549099647,14.947893962327077,2.5871354944739515,3.3828052756123186
91.21216162154954,14.971463190887544,14.971463190887544,14.971680732935333,14.943363069404509,2.0871354944739515,2.8828052756123186
91.41218829177224,14.972745553798061,14.972745553798061,14.962198588538676,14.937509296195472,2.5871354944739515,2.7897811711577782
91.61221496199492,14.973998569084603,14.973998569084603,14.960780045163261,14.938800130839514,3.0871354944739515,3.059237679426722
91.81224163221762,14.975222224377118,14.975222224377118,14.967645812723296,14.941230326969569,3.5871354944739515,3.559237679426722
92.01226830244032,14.976416507595399,14.976416507595399,14.97910718638986,14.942798192083428,4.068686036533538,3.059237679426722
92.21229497266302,14.97758140694921,14.97758140694921,14.986589530127205,14.945910610039817,3.5686860365335384,3.559237679426722
92.41232164288571,14.978716910938397,14.978716910938397,14.981650910772013,14.947307976323021,3.0686860365335384,3.059237679426722
92.61234831310841,14.979823008353007,14.979823008353007,14.988659889201886,14.953824755494049,3.5686860365335384,3.559237679426722
92.81237498333111,14.980899688273391,14.980899688273391,14.986524917753195,14.955309909306541,3.0686860365335384,3.1600450793743966
93.01240165355381,14.98194694007032,14.98194694007032,14.974690343613942,14.958774389619746,2.5686860365335384,3.6600450793743966
93.21242832377649,14.982964753405083,14.982964753405083,14.971561550552599,14.956566689789009,3.0686860365335384,3.2820219030601065
93.41245499399919,14.983953118229596,14.983953118229596,14.959254548792849,14.94864590577275,2.5686860365335384,2.7820219030601065
93.61248166422189,14.984912024786496,14.984912024786496,14.955487322589217,14.948993957258141,3.0686860365335384,3.2820219030601065
93.81250833444459,14.985841463609237,14.985841463609237,14.959635274155984,14.944530999189471,3.5686860365335384,2.7820219030601065
94.01253500466728,14.986741425522187,14.986741425522187,14.972057217107333,14.94298357484837,4.068686036533538,3.2820219030601065
94.21256167488998,14.987611901640713,14.987611901640713,14.980673748366273,14.949952355163969,3.5686860365335384,3.7820219030601065
94.41258834511268,14.98845288337128,14.98845288337128,14.98684159685675,14.950258755763237,3.5518696093110984,3.2820219030601065
94.61261501533538,14.989264362411522,14.989264362411522,14.984303400760727,14.960318379342567,3.0518696093110984,3.7820219030601065
94.81264168555808,14.990046330750332,14.990046330750332,14.995357134220884,14.96789418146399,3.5518696093110984,3.8929388236858524
95.01266835578076,14.99079878066794,14.99079878066794,14.9948966036442,14.971361296643495,3.0518696093110984,3.3929388236858524
95.21269502600346,14.99152170473599,14.99152170473599,14.996303745522237,14.968509826527042,3.5518696093110984,2.8929388236858524
95.41272169622616,14.992215095817608,14.992215095817608,14.99507210583595,14.969616791631251,3.0518696093110984,3.3929388236858524
95.61274836644886,14.99287894706748,14.99287894706748,14.979888634011862,14.976299983828971,2.5993318074764824,3.8929388236858524
95.81277503667155,14.993513251931914,14.993513251931914,14.972836244062604,14.978761135277905,3.0993318074764824,3.3929388236858524
96.01280170689425,14.994118004148907,14.994118004148907,14.97766128936062,14.975865009120694,3.5993318074764824,2.8929388236858524
96.21282837711695,14.994693197748207,14.994693197748207,14.991983430559731,14.976996962377147,4.099331807476482,3.3929388236858524
96.41285504733965,14.995238827051374,14.995238827051374,14.995182551420855,14.982887829208591,3.5993318074764824,3.525531473010443
96.61288171756233,14.995754886671826,14.995754886671826,15.008324267177208,14.98896066495687,4.099331807476482,3.82176629193623
96.81290838778503,14.996241371514905,14.996241371514905,15.010170449388454,15.004670115478646,3.5993318074764824,4.32176629193623
97.01293505800773,14.996698276777927,14.996698276777927,15.007799588280326,15.025286866384429,3.0993318074764824,4.82176629193623
97.21296172823043,14.997125597950212,14.997125597950212,15.013512775029424,15.042211235156072,3.5993318074764824,4.32176629193623
97.41298839845312,14.997523330813152,14.997523330813152,15.008056276187297,15.058480829121185,3.0993318074764824,4.338375195282919
97.61301506867582,14.997891471440235,14.997891471440235,14.998472785685255,15.067103603094678,2.5993318074764824,3.838375195282919
97.81304173889852,14.998230016197095,14.998230016197095,14.983431233113334,15.069038230545374,2.161319353428052,3.4907155329595065
98.01306840912122,14.998538961741536,14.998538961741536,14.977242409437423,15.066979326817277,2.661319353428052,2.9907155329595065
98.21309507934392,14.998818305023581,14.998818305023581,14.978123339802432,15.06027529387931,3.161319353428052,2.746655734538895
98.4131217495666,14.999068043285488,14.999068043285488,14.977757071063396,15.045116407124418,3.3749495873807094,2.246655734538895
98.6131484197893,14.999288174061785,14.999288174061785,14.969085037855672,15.036922349328204,2.8749495873807094,2.746655734538895
98.813175090012,14.999478695179288,14.999478695179288,14.964759630792612,15.022591175854853,2.8491212356881515,2.246655734538895
99.0132017602347,14.999639604757132,14.999639604757132,14.950546194848053,15.014729056547493,2.3491212356881515,2.746655734538895
99.21322843045739,14.999770901206778,14.999770901206778,14.929636168790816,15.01668823984033,1.8491212356881515,3.246655734538895
99.41325510068009,14.99987258323204,14.99987258323204,14.916317506662462,15.008409154320875,2.21609939896471,2.746655734538895
99.61328177090279,14.999944649829088,14.999944649829088,14.91022958646998,15.000024437135885,2.71609939896471,2.912884666204021
99.81330844112549,14.999987100286464,14.999987100286464,14.908636785265275,15.001492963319295,3.21609939896471,3.412884666204021
100.01333511134817,14.999999934185087,14.999999934185087,14.916610067177036,15.008818396045111,3.71609939896471,3.912884666204021
100.21336178157087,14.999983151398261,14.999983151398261,14.92819628716566,15.01236768861014,4.21609939896471,3.535283505399972
100.41338845179357,14.999936752091667,14.999936752091667,14.934221384020354,15.017245675073712,3.71609939896471,3.7937793016565675
100.61341512201626,14.999860736723369,14.999860736723369,14.93395112707744,15.01859332067331,3.21609939896471,3.2937793016565675
100.81344179223896,14.999755106043809,14.999755106043809,14.939696589817936,15.012756285115566,3.71609939896471,2.7937793016565675
101.01346846246166,14.999619861095798,14.999619861095798,14.955602397210244,15.014428101204958,4.21609939896471,3.2937793016565675
101.21349513268436,14.999455003214504,14.999455003214504,14.964650388966815,15.00947487183008,3.71609939896471,2.7937793016565675
101.41352180290706,14.99926053402744,14.99926053402744,14.965315077009357,15.011665407542107,3.21609939896471,3.2937793016565675
101.61354847312974,14.999036455454455,14.999036455454455,14.970692019863023,15.004805647504407,3.71609939896471,2.7937793016565675
101.81357514335244,14.998782769707699,14.998782769707699,14.969700208737759,15.002709628882624,3.21609939896471,3.2937793016565675
102.01360181357514,14.99849947929162,14.99849947929162,14.955832285003428,15.003774028642967,2.71609939896471,3.58086063332961
102.21362848379783,14.998186587002923,14.998186587002923,14.955581941567225,15.002851352618846,3.21609939896471,3.08086063332961
102.41365515402053,14.997844095930553,14.997844095930553,14.945867956930007,14.996333433544748,2.71609939896471,2.58086063332961
102.61368182424323,14.99747200945566,14.99747200945566,14.9447521937812,14.980985955819214,3.21609939896471,2.08086063332961
102.81370849446593,14.997070331251564,14.997070331251564,14.951008516290758,14.975939026990586,3.71609939896471,2.58086063332961
103.01373516468863,14.99663906528373,14.99663906528373,14.962906853493266,14.971349178391542,4.21609939896471,2.5674773331492076
103.21376183491132,14.99617821580971,14.99617821580971,14.968796411295255,14.956891958838954,3.71609939896471,2.0674773331492076
103.41378850513401,14.995687787379119,14.995687787379119,14.967487310432714,14.948966975362024,3.21609939896471,2.5674773331492076
103.6138151753567,14.995167784833573,14.995167784833573,14.951994342313302,14.944427036929468,2.71609939896471,3.0674773331492076
103.8138418455794,14.994618213306662,14.994618213306662,14.94995372414387,14.934123123341324,3.21609939896471,2.5674773331492076
104.0138685158021,14.994039078223878,14.994039078223878,14.952428036531586,14.932641217451675,3.71609939896471,3.0674773331492076
104.2138951860248,14.993430385302576,14.993430385302576,14.948359562342969,14.936992626583402,3.21609939896471,3.5674773331492076
104.4139218562475,14.992792140551911,14.992792140551911,14.953095797407746,14.934716998254999,3.71609939896471,3.0674773331492076
104.6139485264702,14.992124350272782,14.992124350272782,14.950860472246541,14.937704416054395,3.21609939896471,3.5674773331492076
104.8139751966929,14.991427021057769,14.991427021057769,14.941729037225302,14.938408256262955,2.71609939896471,3.2684434612721933
105.01400186691558,14.990700159791063,14.990700159791063,14.93817028440566,14.944148469262274,3.21609939896471,3.7684434612721933
105.21402853713828,14.989943773648404,14.989943773648404,14.946023204480905,14.94439924580146,3.71609939896471,3.2684434612721933
105.41405520736097,14.989157870097014,14.989157870097014,14.946753649906787,14.954354339841531,3.21609939896471,3.7684434612721933
105.61408187758367,14.988342456895506,14.988342456895506,14.943976481740396,14.954107883660557,3.2906326402426616,3.2684434612721933
105.81410854780637,14.987497542093829,14.987497542093829,14.952488195159104,14.959625623432819,3.7906326402426616,3.7684434612721933
106.01413521802907,14.986623134033175,14.986623134033175,14.97111139116343,14.966370202157677,4.250581000573254,3.7731458932448807
106.21416188825177,14.985719241345901,14.985719241345901,14.991667939297747,14.967617042382402,4.375715882471182,3.2731458932448807
106.41418855847446,14.984785872955442,14.984785872955442,14.99536992612996,14.961460685453549,3.875715882471182,2.7731458932448807
106.61421522869715,14.98382303807622,14.98382303807622,14.996178632986421,14.962608256388808,3.375715882471182,3.2731458932448807
106.81424189891985,14.982830746213569,14.982830746213569,14.991132134738372,14.957552859084299,2.875715882471182,3.112319058717849
107.01426856914254,14.981809007163616,14.981809007163616,14.977124469096776,14.951406780813725,2.375715882471182,2.612319058717849
107.21429523936524,14.980757831013204,14.980757831013204,14.976374724570933,14.944215460718405,2.8722036153367565,2.3063114724438445
107.41432190958794,14.979677228139781,14.979677228139781,14.978839622992538,14.92771087584126,3.3722036153367565,2.2128887744429093
107.61434857981064,14.978567209211313,14.978567209211313,14.968888834949867,14.920375667019217,2.8722036153367565,2.7128887744429093
107.81437525003334,14.977427785186153,14.977427785186153,14.967965563067285,14.921804212380739,3.3722036153367565,3.2128887744429093
108.01440192025603,14.97625896731296,14.97625896731296,14.96863508601466,14.915955428692994,3.201056256764107,2.7128887744429093
108.21442859047873,14.975060767130572,14.975060767130572,14.956483097940572,14.917707529116552,2.701056256764107,3.2128887744429093
108.41445526070142,14.973833196467892,14.973833196467892,14.956004021788386,14.925736802191379,3.201056256764107,3.7128887744429093
108.61448193092411,14.97257626744378,14.97257626744378,14.962107605249741,14.926489063525294,3.5778132890999608,3.461156626401489
108.81450860114681,14.971289992466925,14.971289992466925,14.95922499071823,14.923143863847473,3.0778132890999608,3.0331148660166063
109.01453527136951,14.969974384235732,14.969974384235732,14.96323759302377,14.914711518418892,3.5778132890999608,2.5331148660166063
109.21456194159221,14.968629455738181,14.968629455738181,14.958381832243985,14.907600585730743,3.0778132890999608,2.871989105518652
109.4145886118149,14.967255220251719,14.967255220251719,14.945395322452212,14.90995422237442,2.5778132890999608,3.371989105518652
109.6146152820376,14.965851691343111,14.965851691343111,14.919963484861766,14.905954228026031,2.0778132890999608,2.9011262086804703
109.8146419522603,14.964418882868312,14.964418882868312,14.905303334569362,14.902455776874325,2.5778132890999608,2.9458753023958364
110.01466862248299,14.96295680897234,14.96295680897234,14.901650833827278,14.90542833148486,3.0778132890999608,3.444139946904755
110.21469529270568,14.961465484089121,14.961465484089121,14.907566324828325,14.901195754492889,3.5778132890999608,2.944139946904755
110.41472196292838,14.959944922941354,14.959944922941354,14.904303883890053,14.892860944478645,3.0778132890999608,2.444139946904755
110.61474863315108,14.958395140540366,14.958395140540366,14.911644916625457,14.88965346849563,3.5778132890999608,2.944139946904755
110.81477530337378,14.956816152185967,14.956816152185967,14.905999655948696,14.886673607587625,3.1532101815984053,3.0925501902752996
111.01480197359648,14.955207973466287,14.955207973466287,14.894125481106098,14.89162757532031,2.6532101815984053,3.5925501902752996
111.21482864381917,14.953570620257636,14.953570620257636,14.878472532036014,14.892412306626142,2.717398148081921,3.0925501902752996
111.41485531404187,14.951904108724342,14.951904108724342,14.87214397978895,14.895032669909808,3.217398148081921,3.3865151161069824
111.61488198426457,14.950208455318583,14.950208455318583,14.878340330488381,14.898174136649244,3.717398148081921,3.676304074046436
111.81490865448725,14.948483676780238,14.948483676780238,14.897425599992916,14.90866434016856,4.217398148081921,4.1763040740464366
112.01493532470995,14.94672979013672,14.94672979013672,14.903723323348578,14.916150635456368,3.785523456026846,3.6763040740464366
112.21496199493265,14.944946812702794,14.944946812702794,14.91786133718158,14.913107484103792,4.285523456026846,3.1763040740464366
112.41498866515535,14.943134762080422,14.943134762080422,14.926844375451955,14.907495736152054,3.785523456026846,2.7608214539471794
112.61501533537805,14.941293656158585,14.941293656158585,14.925903576873562,14.9009327643665,3.285523456026846,2.6503096388833587
112.81504200560074,14.939423513113098,14.939423513113098,14.933099484300772,14.899909571943258,3.785523456026846,3.1503096388833587
113.01506867582344,14.937524351406443,14.937524351406443,14.953111010929826,14.894407869778636,4.285523456026846,2.9164329195174226
113.21509534604614,14.935596189787578,14.935596189787578,14.96169100250893,14.898340398573225,3.785523456026846,3.4164329195174226
113.41512201626882,14.933639047291756,14.933639047291756,14.963482432373125,14.90473703097046,3.285523456026846,3.9164329195174226
113.61514868649152,14.931652943240335,14.931652943240335,14.951961202070022,14.919458422222599,2.785523456026846,4.416432919517423
113.81517535671422,14.929637897240589,14.929637897240589,14.935055582605148,14.928091230016028,2.285523456026846,3.9164329195174226
114.01520202693692,14.92759392918551,14.92759392918551,14.924528623770378,14.930033192470713,2.785523456026846,3.4164329195174226
114.21522869715962,14.925521059253622,14.925521059253622,14.920779302685826,14.925073469556889,3.285523456026846,2.9164329195174226
114.41525536738231,14.92341930790877,14.92341930790877,14.911831001490429,14.915956012034775,2.785523456026846,2.4164329195174226
114.61528203760501,14.921288695899921,14.921288695899921,14.911535353753301,14.902418575876082,3.285523456026846,2.1974753126111697
114.81530870782771,14.919129244260969,14.919129244260969,14.900341817130426,14.895742301430474,2.785523456026846,2.6974753126111697
115.0153353780504,14.916940974310512,14.916940974310512,14.8855974481093,14.900143165954603,2.4674478813251106,3.1974753126111697
115.2153620482731,14.91472390765165,14.91472390765165,14.877815996345383,14.894237321963773,2.9674478813251106,2.6974753126111697
115.41538871849579,14.912478066171774,14.912478066171774,14.86853694695639,14.882294202442369,2.843410229339758,2.1974753126111697
115.61541538871849,14.910203472042344,14.910203472042344,14.869374960545521,14.873113760299725,3.343410229339758,2.6974753126111697
115.81544205894119,14.907900147718673,14.907900147718673,14.861162776924376,14.871525858776995,2.843410229339758,3.0650880940669287
116.01546872916389,14.905568115939705,14.905568115939705,14.84562806919609,14.86331590516762,2.343410229339758,2.5650880940669287
116.21549539938658,14.903207399727794,14.903207399727794,14.824086656304107,14.862739869324523,1.8434102293397578,3.0650880940669287
116.41552206960928,14.900818022388467,14.900818022388467,14.807142876838816,14.86813260592401,2.343410229339758,3.5650880940669287
116.61554873983198,14.898400007510208,14.898400007510208,14.797366721930953,14.877517793487895,2.843410229339758,3.8746453410774935
116.81557541005466,14.895953378964206,14.895953378964206,14.796324121143495,14.87787098810014,3.343410229339758,3.3746453410774935
117.01560208027736,14.893478160904145,14.893478160904145,14.801478510717144,14.871160492178747,3.366839155436165,2.8746453410774935
117.21562875050006,14.890974377765938,14.890974377765938,14.809019679924234,14.862551128695603,3.866839155436165,2.3746453410774935
117.41565542072276,14.888442054267507,14.888442054267507,14.810357890825234,14.860023511999621,3.366839155436165,2.7271410606174626
117.61568209094546,14.885881215408528,14.885881215408528,14.803351408680102,14.858253585163009,2.9839384113326735,3.2271410606174626
117.81570876116815,14.88329188647019,14.88329188647019,14.808931789048572,14.847842618082062,3.4839384113326735,2.7271410606174626
118.01573543139085,14.880674093014939,14.880674093014939,14.81856540343429,14.838247593264505,3.9839384113326735,2.2271410606174626
118.21576210161355,14.87802786088623,14.87802786088623,14.816903837713674,14.830193389338534,3.4839384113326735,2.7271410606174626
118.41578877183623,14.875353216208271,14.875353216208271,14.821326476472466,14.83259756291059,3.9407218083194335,3.2271410606174626
118.61581544205893,14.872650185385769,14.872650185385769,14.8230078702593,14.825601212783985,3.6583963376147057,2.7271410606174626
118.81584211228163,14.869918795103661,14.869918795103661,14.81965771354012,14.815462380093734,3.1583963376147057,2.2271410606174626
119.01586878250433,14.867159072326857,14.867159072326857,14.815094454577956,14.795531499636517,3.012179564393776,1.7271410606174626
119.21589545272703,14.86437104429997,14.86437104429997,14.813458521734734,14.785893540630278,3.212977560241913,2.2271410606174626
119.41592212294972,14.861554738547051,14.861554738547051,14.800775729070919,14.780509094033734,2.712977560241913,2.7271410606174626
119.61594879317242,14.858710182871315,14.858710182871315,14.779892596236909,14.781190898638783,2.212977560241913,3.2271410606174626
119.81597546339512,14.855837405354865,14.855837405354865,14.771994910695135,14.775647061439694,2.712977560241913,2.7271410606174626
120.01600213361782,14.85293643435842,14.85293643435842,14.752357685751049,14.770620472677303,2.465131007173891,2.793222599693708
120.2160288038405,14.850007298521026,14.850007298521026,14.747801790515556,14.774539138751008,2.965131007173891,3.261877505269932
120.4160554740632,14.847050026759783,14.847050026759783,14.734444808153839,14.772431591235396,2.465131007173891,3.277662512001289
120.6160821442859,14.844064648269557,14.844064648269557,14.727245624280146,14.782016893340026,2.965131007173891,3.777662512001289
120.8161088145086,14.841051192522682,14.841051192522682,14.724139632284366,14.783089080325313,3.187033715974202,3.277662512001289
121.0161354847313,14.838009689268686,14.838009689268686,14.716391475601018,14.791274707326151,2.687033715974202,3.777662512001289
121.21616215495399,14.834940168533985,14.834940168533985,14.710124573105842,14.793031865849585,3.187033715974202,3.277662512001289
121.41618882517669,14.831842660621588,14.831842660621588,14.713348445366375,14.788175817210632,3.687033715974202,2.9811137761113384
121.61621549539939,14.828717196110802,14.828717196110802,14.708873933505535,14.791639692101795,3.187033715974202,3.4811137761113384
121.81624216562207,14.825563805856927,14.825563805856927,14.717396550575534,14.788967081779937,3.687033715974202,2.9811137761113384
122.01626883584477,14.822382520990953,14.822382520990953,14.733183711415025,14.790059065116093,4.187033715974202,3.2450584661808657
122.21629550606747,14.819173372919252,14.819173372919252,14.753638098927166,14.78959147994447,4.179113303019159,2.969960339178086
122.41632217629017,14.81593639332327,14.81593639332327,14.759306681001782,14.777891060451198,3.679113303019159,2.469960339178086
122.61634884651286,14.812671614159205,14.812671614159205,14.76478792086176,14.774487782642051,3.5810492013340465,2.969960339178086
122.81637551673556,14.809379067657707,14.809379067657707,14.760416644595486,14.77738586444683,3.0810492013340465,3.469960339178086
123.01640218695826,14.806058786323547,14.806058786323547,14.762381129825199,14.787306808375105,3.5810492013340465,3.969960339178086
123.21642885718096,14.802710802935302,14.802710802935302,14.775856233045213,14.792709873524622,4.0810492013340465,3.469960339178086
123.41645552740364,14.79933515054503,14.79933515054503,14.783532978002489,14.798952338885277,3.5810492013340465,3.6122637971772478
123.61648219762634,14.795931862477941,14.795931862477941,14.775287323342228,14.800055580822509,3.0810492013340465,3.1122637971772478
123.81650886784904,14.792500972332077,14.792500972332077,14.763271576305803,14.800753473507926,2.5810492013340465,3.135700553385355
124.01653553807174,14.789042513977968,14.789042513977968,14.750242177907928,14.793691454956265,2.3565884204184298,2.635700553385355
124.21656220829443,14.785556521558306,14.785556521558306,14.723938726440727,14.789582809891305,1.8565884204184298,2.6071201674341213
124.41658887851713,14.782043029487607,14.782043029487607,14.705273113283123,14.775874190798126,2.3565884204184298,2.1071201674341213
124.61661554873983,14.778502072451865,14.778502072451865,14.699594062486932,14.764918248396613,2.8565884204184298,2.28458003391049
124.81664221896253,14.774933685408218,14.774933685408218,14.68702716798425,14.74812676213804,2.575945332397733,1.8073777449178396
125.01666888918523,14.771337903584602,14.771337903584602,14.682671513209389,14.728615460682155,3.075945332397733,1.7713301166259101
125.21669555940791,14.767714762479397,14.767714762479397,14.687248630914045,14.717232130593862,3.575945332397733,2.27133011662591
125.41672222963061,14.76406429786108,14.76406429786108,14.685662637549848,14.707379038859653,3.075945332397733,2.2277350354229415
125.6167488998533,14.76038654576787,14.76038654576787,14.677251793113735,14.69274304918865,2.738490601473501,1.7982140120040702
125.816775570076,14.75668154250738,14.75668154250738,14.660887602319763,14.68211861395109,2.238490601473501,2.29821401200407
126.0168022402987,14.752949324656248,14.752949324656248,14.651864871577535,14.675131184676971,2.738490601473501,2.79821401200407
126.2168289105214,14.749189929059781,14.749189929059781,14.646886006754832,14.67723375175928,3.238490601473501,3.2101288840193
126.4168555807441,14.745403392831596,14.745403392831596,14.635890976474421,14.671572759052626,2.738490601473501,2.7101288840193
126.6168822509668,14.741589753353242,14.741589753353242,14.634262585483736,14.66375265083053,3.238490601473501,2.590167719326744
126.81690892118948,14.737749048273841,14.737749048273841,14.62941186252321,14.653671561289801,2.738490601473501,2.444026985636955
127.01693559141218,14.733881315509711,14.733881315509711,14.608486160271642,14.639004116001301,2.238490601473501,1.9440269856369552
127.21696226163488,14.729986593243995,14.729986593243995,14.597352230736464,14.627336421802989,2.738490601473501,2.295819993969343
127.41698893185757,14.72606491992628,14.72606491992628,14.598787076586174,14.62120608170313,3.238490601473501,2.795819993969343
127.61701560208027,14.722116334272226,14.722116334272226,14.602778707954933,14.621468367466955,3.738490601473501,3.295819993969343
127.81704227230297,14.718140875263169,14.718140875263169,14.600551992296028,14.617557335384646,3.238490601473501,2.795819993969343
128.01706894252567,14.714138582145754,14.714138582145754,14.594350970815515,14.617092254135999,2.738490601473501,3.295819993969343
128.21709561274835,14.71010949443153,14.71010949443153,14.591137191661975,14.624781091784264,3.238490601473501,3.795819993969343
128.41712228297106,14.706053651896573,14.706053651896573,14.584470725164316,14.625806782477431,2.738490601473501,3.295819993969343
128.61714895319375,14.701971094581092,14.701971094581092,14.583665601476392,14.623805085544454,3.238490601473501,3.0856165654569936
128.81717562341646,14.69786186278902,14.69786186278902,14.591092113760302,14.62638984368189,3.738490601473501,3.3984757276641213
129.01720229363914,14.69372599708764,14.69372599708764,14.603428503374074,14.637939695075366,4.238490601473501,3.8984757276641213
129.21722896386186,14.689563538307159,14.689563538307159,14.606687080195302,14.638855332693126,3.738490601473501,3.3984757276641213
129.41725563408454,14.685374527540326,14.685374527540326,14.604268800494767,14.639113068510957,3.238490601473501,2.8984757276641213
129.61728230430722,14.681159006142009,14.681159006142009,14.607408416603759,14.628966062306294,3.6532258055184053,2.3984757276641213
129.81730897452994,14.676917015728801,14.676917015728801,14.613419036678346,14.627658579142063,3.99186749885587,2.8984757276641213
130.01733564475262,14.672648598178604,14.672648598178604,14.61748936729781,14.63227945860077,3.49186749885587,3.3984757276641213
130.21736231497533,14.66835379563021,14.66835379563021,14.613739516818521,14.63246338931831,2.99186749885587,2.961292398883354
130.41738898519802,14.664032650482891,14.664032650482891,14.603895170436804,14.623096603828342,3.046954135703941,2.461292398883354
130.61741565542073,14.65968520539598,14.65968520539598,14.605983683202908,14.618709552953174,3.546954135703941,2.961292398883354
130.8174423256434,14.655311503288454,14.655311503288454,14.598990971151018,14.61491101811507,3.046954135703941,2.7253764100036095
131.0174689958661,14.650911587338495,14.650911587338495,14.585313185708609,14.600592563220536,2.546954135703941,2.2253764100036095
131.2174956660888,14.646485500983081,14.646485500983081,14.57858879073231,14.5954576721469,3.046954135703941,2.7253764100036095
131.4175223363115,14.64203328791755,14.64203328791755,14.568067281199548,14.595698775422482,2.546954135703941,3.2253764100036095
131.6175490065342,14.637554992095167,14.637554992095167,14.555358791569324,14.59117536148529,2.9281748814994883,2.7253764100036095
131.8175756767569,14.633050657726692,14.633050657726692,14.561550927600173,14.58012166834754,3.4281748814994883,2.397037822279386
132.0176023469796,14.628520329279944,14.628520329279944,14.553237683006822,14.562150752322816,2.9281748814994883,1.897037822279386
132.21762901720228,14.623964051479362,14.623964051479362,14.554266551080657,14.550836111110693,3.4281748814994883,2.397037822279386
132.417655687425,14.619381869305563,14.619381869305563,14.54630254170828,14.546102825257867,2.9281748814994883,2.897037822279386
132.61768235764768,14.614773827994897,14.614773827994897,14.541770054344587,14.548814441531775,3.4281748814994883,3.397037822279386
132.81770902787036,14.610139973039,14.610139973039,14.530780066693229,14.545389205886801,2.9281748814994883,2.897037822279386
133.01773569809308,14.60548035018435,14.60548035018435,14.515691710101004,14.541415185872559,2.4281748814994883,2.778650542348431
133.21776236831576,14.600795005431811,14.600795005431811,14.50994437878269,14.540573447825453,2.9281748814994883,3.278650542348431
133.41778903853847,14.596083985036172,14.596083985036172,14.511198342184667,14.543657626596175,3.4281748814994883,3.348382184044298
133.61781570876116,14.59134733550571,14.59134733550571,14.505267409679254,14.541876328363122,2.9281748814994883,2.848382184044298
133.81784237898387,14.58658510360171,14.58658510360171,14.506311879270166,14.531962764860888,3.2013867975953256,2.457384690542419
134.01786904920655,14.581797336338013,14.581797336338013,14.511499140791363,14.519142615031551,3.7013867975953256,1.957384690542419
134.21789571942927,14.576984080980555,14.576984080980555,14.523230178770863,14.512807056418266,4.201386797595326,2.457384690542419
134.41792238965195,14.572145385046891,14.572145385046891,14.524971978228795,14.503298852188585,3.701386797595326,2.2675322314265616
134.61794905987463,14.567281296305737,14.567281296305737,14.519672952662525,14.484608428311542,3.201386797595326,1.7675322314265616
134.81797573009734,14.562391862776487,14.562391862776487,14.507559923572405,14.46296990368456,2.701386797595326,1.4581920163187032
135.01800240032003,14.557477132728748,14.557477132728748,14.503444942535014,14.44792279968415,3.201386797595326,1.9581920163187032
135.21802907054274,14.552537154681858,14.552537154681858,14.511361070332663,14.440510730339474,3.701386797595326,2.458192016318703
135.41805574076542,14.547571977404413,14.547571977404413,14.517285517363929,14.437684247708125,3.62036914808384,2.958192016318703
135.61808241098814,14.542581649913775,14.542581649913775,14.513901224552676,14.442798022378858,3.12036914808384,3.458192016318703
135.81810908121082,14.5375662214756,14.5375662214756,14.499791883489396,14.453653502817438,2.62036914808384,3.958192016318703
136.0181357514335,14.532525741603344,14.532525741603344,14.494518379251742,14.469058597652866,3.12036914808384,4.458192016318703
136.21816242165622,14.52746026005778,14.52746026005778,14.482992213254681,14.483018463026195,2.62036914808384,3.958192016318703
136.4181890918789,14.522369826846493,14.522369826846493,14.477794175641279,14.487736875280307,3.12036914808384,3.458192016318703
136.6182157621016,14.517254492223412,14.517254492223412,14.464416427541984,14.486616098403765,2.62036914808384,2.958192016318703
136.8182424323243,14.512114306688286,14.512114306688286,14.453163416077718,14.478527255667942,2.8939461292385076,2.458192016318703
137.018269102547,14.506949320986203,14.506949320986203,14.435890615149619,14.463444731958493,2.3939461292385076,1.9581920163187032
137.2182957727697,14.501759586107084,14.501759586107084,14.410274764053472,14.441719190912483,1.8939461292385076,1.5547131852023757
137.4183224429924,14.496545153285176,14.496545153285176,14.392828339587211,14.425917124088802,2.3939461292385076,2.0547131852023757
137.6183491132151,14.491306073998556,14.491306073998556,14.384593110368812,14.406864694666092,2.7098747595586534,1.5547131852023757
137.81837578343777,14.48604239996861,14.48604239996861,14.36679509286706,14.39629888518015,2.2251050611927514,2.0547131852023757
138.01840245366049,14.480754183159533,14.480754183159533,14.35671734408643,14.388465843892511,2.7251050611927514,2.5547131852023757
138.21842912388317,14.47544147577781,14.47544147577781,14.35142596047155,14.37356391056452,3.1581019955857106,2.0547131852023757
138.41845579410588,14.470104330271706,14.470104330271706,14.346554840218516,14.365367772889334,3.03517117481559,2.5547131852023757
138.61848246432857,14.464742799330738,14.464742799330738,14.335116097954385,14.349355489850486,2.53517117481559,2.0547131852023757
138.81850913455128,14.459356935885168,14.459356935885168,14.327610259343164,14.345115411661473,2.8913261535744827,2.5547131852023757
139.01853580477396,14.453946793105471,14.453946793105471,14.30971137041656,14.334557107876615,2.3913261535744827,2.1214576257888105
139.21856247499667,14.448512424401814,14.448512424401814,14.303461724428832,14.320292009515567,2.8913261535744827,2.1043385940756183
139.41858914521936,14.443053883423527,14.443053883423527,14.299340754881502,14.315876087429219,3.3913261535744827,2.6043385940756183
139.61861581544204,14.437571224058578,14.437571224058578,14.289833973456899,14.30453112444852,2.8913261535744827,2.322630469665728
139.81864248566475,14.432064500433029,14.432064500433029,14.274969450741162,14.300840934865048,2.3913261535744827,2.822630469665728
140.01866915588744,14.42653376691052,14.42653376691052,14.2661029329814,14.291043238832444,2.8913261535744827,2.5288064190118877
140.21869582611015,14.420979078091714,14.420979078091714,14.26621853670528,14.272557869322739,3.3913261535744827,2.0288064190118877
140.41872249633283,14.41540048881377,14.41540048881377,14.273744593599496,14.264829770965507,3.8913261535744827,2.5288064190118877
140.61874916655555,14.4097980541498,14.4097980541498,14.276757287320926,14.264439848766363,3.6915899615436816,3.0288064190118877
140.81877583677823,14.404171829408314,14.404171829408314,14.295025122629395,14.268436854177265,4.191589961543682,3.5288064190118877
141.01880250700094,14.398521870132695,14.398521870132695,14.318149054085191,14.278901941611199,4.454114354828646,3.668630409340316
141.21882917722363,14.392848232100633,14.392848232100633,14.328472604780389,14.290823881661698,4.0057833998375525,4.168630409340317
141.4188558474463,14.387150971323578,14.387150971323578,14.331343092093192,14.296641106545282,3.5057833998375525,3.6686304093403166
141.61888251766902,14.381430144046188,14.381430144046188,14.335453730958454,14.305439463228826,3.653971662393156,3.940159380120858
141.8189091878917,14.375685806745787,14.375685806745787,14.328735236334428,14.31017127308939,3.153971662393156,3.440159380120858
142.01893585811442,14.36991801613178,14.36991801613178,14.319710082075547,14.307795614479371,2.8258047170423954,2.940159380120858
142.2189625283371,14.364126829145118,14.364126829145118,14.300950876878623,14.299594280645307,2.3258047170423954,2.440159380120858
142.4189891985598,14.358312302957719,14.358312302957719,14.291551220293085,14.298714615452228,2.8258047170423954,2.940159380120858
142.6190158687825,14.35247449497192,14.35247449497192,14.291056755525366,14.301705521068754,3.3258047170423954,3.440159380120858
142.81904253900518,14.346613462819896,14.346613462819896,14.28017188794985,14.305447306146222,2.8258047170423954,3.555656396995616
143.0190692092279,14.340729264363095,14.340729264363095,14.262206934877586,14.308167009624396,2.3258047170423954,3.064477001675278
143.21909587945058,14.33482195769167,14.33482195769167,14.251969267612765,14.299766023061354,2.8258047170423954,2.564477001675278
143.4191225496733,14.328891601123905,14.328891601123905,14.235292148940122,14.287417448827414,2.3258047170423954,2.064477001675278
143.61914921989597,14.322938253205635,14.322938253205635,14.221579795552705,14.278232943251748,2.8258047170423954,2.564477001675278
143.8191758901187,14.316961972709674,14.316961972709674,14.21370031808022,14.277437647261145,2.8598306115362497,3.064477001675278
144.01920256034137,14.310962818635227,14.310962818635227,14.212744806879941,14.270447115450295,3.3598306115362497,2.805222438651501
144.21922923056408,14.304940850207316,14.304940850207316,14.214763207811421,14.268689235131903,3.7248511439924936,3.005656944859199
144.41925590078677,14.298896126876194,14.298896126876194,14.231207976138096,14.268944492111578,4.224851143992494,3.1390102791382204
144.61928257100945,14.292828708316746,14.292828708316746,14.235143257090243,14.263660657876546,3.7248511439924936,2.6390102791382204
144.81930924123216,14.28673865442792,14.28673865442792,14.231806648022422,14.266836784518405,3.2248511439924936,3.1390102791382204
145.01933591145485,14.28062602533212,14.28062602533212,14.223966466779052,14.264059535422845,2.7248511439924936,2.6390102791382204
145.21936258167756,14.274490881374618,14.274490881374618,14.201810251610196,14.252550278314102,2.2248511439924936,2.1390102791382204
145.41938925190024,14.268333283122956,14.268333283122956,14.189137641465193,14.233250354301083,2.7248511439924936,2.04728354903732
145.61941592212295,14.262153291366356,14.262153291366356,14.177070555430621,14.227100849407512,3.000264335281436,2.54728354903732
145.81944259234564,14.25595096711511,14.25595096711511,14.169786405929022,14.215318580625382,2.929318227035454,2.148178516360753
146.01946926256835,14.249726371599978,14.249726371599978,14.172571206671847,14.208277352392459,3.429318227035454,2.609483933035319
146.21949593279103,14.243479566271594,14.243479566271594,14.163418821686388,14.205307229422909,2.929318227035454,3.109483933035319
146.41952260301372,14.237210612799847,14.237210612799847,14.150660525332807,14.196990667202643,2.429318227035454,2.609483933035319
146.61954927323643,14.23091957307328,14.23091957307328,14.140388802388562,14.183778863754375,2.929318227035454,2.109483933035319
146.8195759434591,14.224606509198473,14.224606509198473,14.120627386504577,14.173420763164875,2.429318227035454,2.295544255988362
147.01960261368183,14.218271483499441,14.218271483499441,14.105093341275289,14.157505029156123,2.2983938030236337,1.795544255988362
147.2196292839045,14.211914558517005,14.211914558517005,14.075028241606667,14.14194294978792,1.7983938030236337,1.7732514628925977
147.41965595412722,14.205535797008181,14.205535797008181,14.059939013506458,14.126839386204434,2.2983938030236337,2.1378430411927365
147.6196826243499,14.199135261945562,14.199135261945562,14.04844084940427,14.12238943989786,2.7983938030236337,2.6130307388778857
147.8197092945726,14.192713016516695,14.192713016516695,14.045071352258715,14.121130724625468,3.2983938030236337,3.1130307388778857
148.0197359647953,14.186269124123454,14.186269124123454,14.037279118145689,14.128179543870992,2.7983938030236337,3.6130307388778857
148.219762635018,14.17980364838142,14.17980364838142,14.040978487730552,14.127754761940627,3.2983938030236337,3.1130307388778857
148.4197893052407,14.173316653119246,14.173316653119246,14.051850640199138,14.12206431916331,3.7983938030236337,2.6130307388778857
148.61981597546338,14.166808202378036,14.166808202378036,14.067123161081934,14.110077408252316,4.298393803023634,2.1130307388778857
148.8198426456861,14.1602783604107,14.1602783604107,14.07234618777692,14.101125131109168,3.798393803023634,2.6130307388778857
149.01986931590878,14.153727191681334,14.153727191681334,14.071203206866265,14.100664559899492,3.298393803023634,3.1130307388778857
149.2198959861315,14.147154760864575,14.147154760864575,14.060250188744053,14.092241014085285,2.798393803023634,2.6130307388778857
149.41992265635417,14.140561132844962,14.140561132844962,14.056400269701083,14.092028263358648,3.2295818629849227,3.1130307388778857
149.61994932657686,14.133946372716299,14.133946372716299,14.060409541377382,14.086628091256776,3.7295818629849227,2.6130307388778857
149.81997599679957,14.127310545781008,14.127310545781008,14.075836928601202,14.070934292723726,4.229581862984922,2.1130307388778857
150.02000266702225,14.120653717549494,14.120653717549494,14.08237091855591,14.052841482417458,3.9205892815075445,1.6130307388778857
150.22002933724497,14.113975953739487,14.113975953739487,14.079244327693768,14.026750425147863,3.4205892815075445,1.1130307388778857
150.42005600746765,14.107277320275397,14.107277320275397,14.072128021508858,14.005665609760047,2.9205892815075445,1.6130307388778857
150.62008267769036,14.100557883287664,14.100557883287664,14.052943151607375,13.9784052881776,2.548280265054076,1.1130307388778857
150.82010934791305,14.093817709112113,14.093817709112113,14.045767329116677,13.947136007344858,3.048280265054076,0.6130307388778857
151.02013601813576,14.087056864289277,14.087056864289277,14.031676928716076,13.926269935353675,2.548280265054076,1.1130307388778857
151.22016268835844,14.080275415563769,14.080275415563769,14.012499877043526,13.910033318870438,2.1510085325409656,1.6130307388778857
151.42018935858113,14.073473429883597,14.073473429883597,14.000223036418769,13.899805980909843,2.6510085325409656,2.1130307388778857
151.62021602880384,14.066650974399522,14.066650974399522,13.979551672980218,13.888458532938246,2.1510085325409656,2.2793063641447517
151.82024269902652,14.059808116464385,14.059808116464385,13.952983105225345,13.885709466535118,2.0334483426628087,2.7793063641447517
152.02026936924923,14.052944923632442,14.052944923632442,13.925597686394713,13.891941414114301,1.9624859742007026,3.2793063641447517
152.22029603947192,14.046061463658704,14.046061463658704,13.908790358389973,13.884260399203217,2.4624859742007024,2.7793063641447517
152.42032270969463,14.039157804498261,14.039157804498261,13.897787768868564,13.883997118379723,2.728697582754216,3.2793063641447517
152.62034937991731,14.032234014305619,14.032234014305619,13.894994993983074,13.890858982205504,3.228697582754216,3.7793063641447517
152.82037605014,14.025290161434011,14.025290161434011,13.881718724972492,13.894331788334055,2.728697582754216,3.2793063641447517
153.0204027203627,14.018326314434749,14.018326314434749,13.875799447506079,13.902985586274806,3.228697582754216,3.7793063641447517
153.2204293905854,14.011342542056518,14.011342542056518,13.865809888283112,13.912727550409855,2.728697582754216,3.88680297118357
153.4204560608081,14.004338913244716,14.004338913244716,13.848792592380361,13.91452945621134,2.5372203818444086,3.38680297118357
153.6204827310308,13.997315497140768,13.997315497140768,13.838775454821818,13.91107915492455,3.0372203818444086,2.88680297118357
153.8205094012535,13.990272363081447,13.990272363081447,13.827708638053338,13.905062937135005,2.7327674346294386,2.38680297118357
154.0205360714762,13.983209580598183,13.983209580598183,13.809054421605396,13.90429682176601,2.2327674346294386,2.88680297118357
154.2205627416989,13.976127219416377,13.976127219416377,13.800486718239528,13.894984387580255,2.7327674346294386,2.38680297118357
154.42058941192158,13.969025349454721,13.969025349454721,13.798397481386539,13.877480352017713,3.2327674346294386,1.8868029711835699
154.62061608214427,13.961904040824498,13.961904040824498,13.807911252146797,13.866179300403989,3.7327674346294386,2.38680297118357
154.82064275236698,13.954763363828896,13.954763363828896,13.817812428778524,13.862103026712797,4.232767434629439,2.8698722921109447
155.02066942258966,13.947603388962312,13.947603388962312,13.841044923626551,13.855338860446324,4.732767434629439,2.590423155729066
155.22069609281237,13.940424186909652,13.940424186909652,13.855929848728017,13.840058715603819,4.232767434629439,2.090423155729066
155.42072276303506,13.933225828545647,13.933225828545647,13.858841646369806,13.82911106168338,3.732767434629439,2.590423155729066
155.62074943325777,13.926008384934132,13.926008384934132,13.85397110277536,13.82616538579258,3.232767434629439,3.090423155729066
155.82077610348045,13.918771927327361,13.918771927327361,13.838044448643858,13.819817484023538,2.732767434629439,2.712361247263714
156.02080277370317,13.9115165271653,13.9115165271653,13.818588898647782,13.810748779865744,2.232767434629439,2.212361247263714
156.22082944392585,13.90424225607492,13.90424225607492,13.807723704230606,13.795177546088526,2.732767434629439,1.712361247263714
156.42085611414853,13.896949185869486,13.896949185869486,13.795669508679087,13.784481555318608,2.3562195963815444,2.212361247263714
156.62088278437125,13.889637388547854,13.889637388547854,13.775089378294641,13.778450626772727,2.1951031796972993,2.712361247263714
156.82090945459393,13.882306936293766,13.882306936293766,13.746408859444696,13.779755567450955,1.794906684579363,3.212361247263714
157.02093612481664,13.874957901475115,13.874957901475115,13.72715550418728,13.791728344297328,2.294906684579363,3.712361247263714
157.22096279503933,13.867590356643259,13.867590356643259,13.72013897724731,13.792930139246934,2.794906684579363,3.212361247263714
157.42098946526204,13.860204374532282,13.860204374532282,13.71224610587014,13.787345211840329,2.748543872463142,2.712361247263714
157.62101613548472,13.852800028058294,13.852800028058294,13.710520044014949,13.787464955442093,3.248543872463142,3.212361247263714
157.8210428057074,13.84537739031869,13.84537739031869,13.696091974267446,13.782683395276747,2.748543872463142,2.712361247263714
158.02106947593012,13.83793653459145,13.83793653459145,13.680606246856264,13.768145945353796,2.387483372065309,2.212361247263714
158.2210961461528,13.830477534334406,13.830477534334406,13.672511117271894,13.763349363222996,2.887483372065309,2.712361247263714
158.42112281637552,13.82300046318451,13.82300046318451,13.666216851294221,13.752766212191892,3.0287107254914787,2.212361247263714
158.6211494865982,13.815505394957123,13.815505394957123,13.67089977848396,13.741985438077863,3.5287107254914787,2.158885429194023
158.8211761568209,13.807992403645269,13.807992403645269,13.67285699599683,13.726841313068553,3.2866937385534607,1.9328257959578432
159.0212028270436,13.800461563418917,13.800461563418917,13.665980286514117,13.703729814396873,2.7866937385534607,1.4328257959578432
159.2212294972663,13.792912948624245,13.792912948624245,13.659335102951102,13.67532419854223,2.9963897318065196,0.9328257959578432
159.421256167489,13.785346633782908,13.785346633782908,13.658841624967938,13.651866504867439,3.4963897318065196,1.4328257959578432
159.62128283771168,13.777762693591288,13.777762693591288,13.672434627625682,13.626136099292077,3.9963897318065196,0.9712749969589104
159.8213095079344,13.770161202919784,13.770161202919784,13.678392486449958,13.607820105290969,3.4963897318065196,1.4712749969589103
160.02133617815707,13.762542236812049,13.762542236812049,13.6733799313421,13.589872495879817,2.9963897318065196,1.9712749969589103
160.22136284837978,13.754905870484258,13.754905870484258,13.655272356644085,13.5708896223287,2.4963897318065196,1.7402156297646276
160.42138951860247,13.747252179324365,13.747252179324365,13.648432201253568,13.562080065605048,2.9963897318065196,2.2402156297646276
160.62141618882518,13.739581238891361,13.739581238891361,13.630771526162144,13.559904235080277,2.4963897318065196,2.7402156297646276
160.82144285904786,13.731893124914526,13.731893124914526,13.622139134149776,13.558352182914565,2.9963897318065196,2.8412666084542892
161.02146952927058,13.724187913292674,13.724187913292674,13.621126312477726,13.546744839455386,3.4963897318065196,2.3412666084542892
161.22149619949326,13.716465680093421,13.716465680093421,13.613166241760915,13.544622608781516,2.9963897318065196,2.8412666084542892
161.42152286971594,13.70872650155242,13.70872650155242,13.613223050730468,13.544262491491741,3.4963897318065196,3.3412666084542892
161.62154953993866,13.700970454072607,13.700970454072607,13.605592802632854,13.544269837339895,2.9963897318065196,2.8412666084542892
161.82157621016134,13.693197614223457,13.693197614223457,13.584640062726628,13.539930809186188,2.4963897318065196,2.721772038412106
162.02160288038405,13.685408058740228,13.685408058740228,13.581638097418871,13.53017661578487,2.9963897318065196,2.221772038412106
162.22162955060674,13.67760186452319,13.67760186452319,13.567327450262376,13.528052704477874,2.7044047163537623,2.661454432777666
162.42165622082945,13.669779108636874,13.669779108636874,13.56327828818748,13.527434972026915,3.2044047163537623,3.0301155365159973
162.62168289105213,13.661939868309322,13.661939868309322,13.568155027974584,13.535576193156242,3.7044047163537623,3.5301155365159973
162.82170956127484,13.654084220931301,13.654084220931301,13.581382553209668,13.544847257641072,4.204404716353762,3.6213380738612244
163.02173623149753,13.646212244055564,13.646212244055564,13.584608884379294,13.55912234206102,3.7044047163537623,4.121338073861224
163.2217629017202,13.638324015396062,13.638324015396062,13.581248807595784,13.573806895870291,3.2044047163537623,4.343707385107366
163.42178957194292,13.630419612827197,13.630419612827197,13.574278258777557,13.582895613657975,2.7044047163537623,3.8437073851073658
163.6218162421656,13.622499114383036,13.622499114383036,13.556730973248719,13.586261680716747,2.2044047163537623,3.3437073851073658
163.82184291238832,13.614562598256551,13.614562598256551,13.544446699707477,13.582977482616297,2.7044047163537623,2.8437073851073658
164.021869582611,13.606610142798846,13.606610142798846,13.538052100501169,13.573164420542623,3.058955639331672,2.3437073851073658
164.22189625283372,13.598641826518378,13.598641826518378,13.52450430181768,13.55872375478448,2.558955639331672,1.8437073851073658
164.4219229230564,13.59065772808019,13.59065772808019,13.517918061479879,13.537420550427976,3.058955639331672,1.4568960673541391
164.62194959327908,13.582657926305126,13.582657926305126,13.504262027821598,13.521395427201659,2.558955639331672,1.9568960673541391
164.8219762635018,13.574642500169057,13.574642500169057,13.485997057056396,13.50247699349628,2.259988814980762,1.4568960673541391
165.02200293372448,13.566611528802108,13.566611528802108,13.473458632349153,13.489354289127105,2.759988814980762,1.9568960673541391
165.2220296039472,13.55856509148786,13.55856509148786,13.47814985608809,13.475946768562693,3.259988814980762,1.7915268017225658
165.42205627416988,13.550503267662586,13.550503267662586,13.46941395900137,13.454633361946401,2.759988814980762,1.2915268017225658
165.6220829443926,13.542426136914452,13.542426136914452,13.450392999143665,13.435759032510633,2.259988814980762,1.7915268017225658
165.82210961461527,13.534333778982743,13.534333778982743,13.41868682446881,13.414761106759185,1.7599888149807619,1.2915268017225658
166.02213628483798,13.526226273757064,13.526226273757064,13.39990833358574,13.383856021109057,2.259988814980762,0.7915268017225658
166.22216295506067,13.51810370127656,13.51810370127656,13.389561199661259,13.360740736340372,2.759988814980762,1.2915268017225658
166.42218962528335,13.50996614172913,13.50996614172913,13.388903899638667,13.34543216127102,3.0074290737629807,1.7915268017225658
166.62221629550606,13.501813675450617,13.501813675450617,13.374633014351478,13.336852817128028,2.5074290737629807,2.1635951924055976
166.82224296572875,13.493646382924036,13.493646382924036,13.368453186744155,13.329574717966466,3.0074290737629807,2.3768746834320513
167.02226963595146,13.485464344778762,13.485464344778762,13.368758562793824,13.325638712256314,3.5074290737629807,2.8768746834320513
167.22229630617414,13.477267641789753,13.477267641789753,13.37697488901524,13.331993476492897,4.007429073762981,3.3768746834320513
167.42232297639686,13.469056354876733,13.469056354876733,13.395478969057022,13.343472503590407,4.507429073762981,3.8768746834320513
167.62234964661954,13.460830565103404,13.460830565103404,13.405217906888936,13.348796698388169,4.007429073762981,3.3768746834320513
167.82237631684225,13.45259035367664,13.45259035367664,13.405226646243808,13.346988576088904,3.5074290737629807,2.8768746834320513
168.02240298706494,13.444335801945702,13.444335801945702,13.406514586151172,13.337616965127046,3.491195741489793,2.3768746834320513
168.22242965728762,13.436066991401406,13.436066991401406,13.396694870299797,13.322789597076284,2.991195741489793,1.8768746834320513
168.42245632751033,13.427784003675338,13.427784003675338,13.40107384315436,13.314377446432129,3.491195741489793,2.3768746834320513
168.62248299773302,13.419486920539056,13.419486920539056,13.396370462228328,13.313607512206346,2.991195741489793,2.8768746834320513
168.82250966795573,13.411175823903253,13.411175823903253,13.381483718456163,13.314025819362147,2.5570634431459527,3.1664456809687125
169.0225363381784,13.402850795816985,13.402850795816985,13.35860892629656,13.311164526025284,2.0570634431459527,2.6664456809687125
169.22256300840112,13.394511918466822,13.394511918466822,13.345739803034132,13.30027202614641,2.5570634431459527,2.1664456809687125
169.4225896786238,13.38615927417608,13.38615927417608,13.326797278818393,13.294508465400265,2.0570634431459527,2.6664456809687125
169.6226163488465,13.377792945403968,13.377792945403968,13.311692505997328,13.293495481931092,2.5570634431459527,3.0204613959667395
169.8226430190692,13.369413014744794,13.369413014744794,13.288056694228185,13.299774518619358,2.0570634431459527,3.5204613959667395
170.0226696892919,13.361019564927155,13.361019564927155,13.264973808833117,13.302807494530875,2.410294017205613,3.0204613959667395
170.2226963595146,13.352612678813104,13.352612678813104,13.255097073418776,13.293150654544878,2.910294017205613,2.5204613959667395
170.42272302973728,13.344192439397347,13.344192439397347,13.24021390328791,13.276391674216184,2.426644724850962,2.0204613959667395
170.62274969996,13.33575892980641,13.33575892980641,13.232784646689122,13.267481251656768,2.926644724850962,2.5204613959667395
170.82277637018268,13.32731223329783,13.32731223329783,13.220606409304693,13.254934663956034,2.426644724850962,2.167840067231385
171.0228030404054,13.318852433259325,13.318852433259325,13.212602267081806,13.251329287235869,2.926644724850962,2.667840067231385
171.22282971062808,13.310379613207978,13.310379613207978,13.209062847828209,13.252663258308925,2.993401445185908,3.167840067231385
171.42285638085076,13.301893856789405,13.301893856789405,13.192811573052525,13.252039891241504,2.493401445185908,3.0683793306263496
171.62288305107347,13.293395247776933,13.293395247776933,13.186403907930668,13.243072267455132,2.993401445185908,2.5683793306263496
171.82290972129616,13.284883870070777,13.284883870070777,13.17595404122469,13.232510295999166,2.727911649033756,2.0683793306263496
172.02293639151887,13.276359807697201,13.276359807697201,13.164055546441746,13.21413880919801,2.5364038831337385,1.5683793306263496
172.22296306174155,13.2678231448077,13.2678231448077,13.15785623599613,13.185760475677311,3.0364038831337385,1.0683793306263496
172.42298973196426,13.259273965678162,13.259273965678162,13.158616532194095,13.170965121461467,3.5364038831337385,1.5683793306263496
172.62301640218695,13.250712354708039,13.250712354708039,13.15017708527506,13.156702119404414,3.0364038831337385,1.9853947369602944
172.82304307240966,13.242138396419511,13.242138396419511,13.139015487902812,13.139230344788926,2.8168703212003194,1.4853947369602944
173.02306974263234,13.233552175456657,13.233552175456657,13.119105917488723,13.114998478307454,2.34071712907767,0.9853947369602944
173.22309641285503,13.224953776584613,13.224953776584613,13.091986174991286,13.095673243582363,1.84071712907767,1.4853947369602944
173.42312308307774,13.216343284688739,13.216343284688739,13.070110964573278,13.08126532542777,2.34071712907767,1.9853947369602944
173.62314975330042,13.207720784773779,13.207720784773779,13.062210406537929,13.076989666721117,2.84071712907767,2.4313744751449766
173.82317642352314,13.199086361963026,13.199086361963026,13.06073207375119,13.074946566866723,3.34071712907767,2.9313744751449766
174.02320309374582,13.190440101497478,13.190440101497478,13.066745888134122,13.063598453722532,3.84071712907767,2.4313744751449766
174.22322976396853,13.181782088734993,13.181782088734993,13.061486291108967,13.046556423704866,3.34071712907767,1.9313744751449766
174.42325643419122,13.173112409149454,13.173112409149454,13.056404605669961,13.033274408786566,2.84071712907767,1.9089654462894166
174.6232831044139,13.164431148329921,13.164431148329921,13.05128000467343,13.028004985869055,3.34071712907767,2.4089654462894163
174.8233097746366,13.155738391979785,13.155738391979785,13.043175238097035,13.01556094124686,2.84071712907767,1.9089654462894163
175.0233364448593,13.147034225915927,13.147034225915927,13.043170220445974,13.010443364787221,3.338948295758613,2.4089654462894163
175.223363115082,13.138318736067863,13.138318736067863,13.033461873365077,13.01040424078536,2.838948295758613,2.9089654462894163
175.4233897853047,13.129592008476903,13.129592008476903,13.033687571577737,13.015304528609136,3.338948295758613,3.4089654462894163
175.6234164555274,13.120854129295298,13.120854129295298,13.027429933880615,13.015636623774952,2.838948295758613,2.9089654462894163
175.8234431257501,13.112105184785388,13.112105184785388,13.005799639697253,13.009850094599702,2.338948295758613,2.4089654462894163
176.0234697959728,13.103345261318752,13.103345261318752,12.99869825857182,13.002998726905012,2.838948295758613,2.36887526816365
176.22349646619548,13.094574445375367,13.094574445375367,12.98022862852321,13.000377238733657,2.338948295758613,2.86887526816365
176.42352313641817,13.085792823542725,13.085792823542725,12.967336106987643,12.991459962488413,2.838948295758613,2.36887526816365
176.62354980664088,13.077000482515004,13.077000482515004,12.954711290461848,12.988539262700856,2.889218015636271,2.86887526816365
176.82357647686356,13.068197509092215,13.068197509092215,12.935372430276125,12.98151676114936,2.456669836379379,2.4059425788432653
177.02360314708628,13.059383990179317,13.059383990179317,12.912808476447152,12.97812255192178,1.9566698363793789,2.9059425788432653
177.22362981730896,13.050560012785386,13.050560012785386,12.897711668358657,12.971948394157794,2.456669836379379,2.4059425788432653
177.42365648753167,13.041725664022744,13.041725664022744,12.880259755607174,12.967023889052909,2.564891528927324,2.4708835089329777
177.62368315775436,13.032881031106106,13.032881031106106,12.877515629809867,12.954281158481818,3.064891528927324,1.9708835089329777
177.82370982797707,13.024026201351708,13.024026201351708,12.88260940295887,12.93297486249046,3.564891528927324,1.4708835089329777
178.02373649819975,13.015161262176456,13.015161262176456,12.898014575282891,12.919520635047244,4.064891528927324,1.9708835089329777
178.22376316842244,13.006286301097054,13.006286301097054,12.900467962434293,12.91411221933998,3.5648915289273244,2.4708835089329777
178.42378983864515,12.997401405729152,12.997401405729152,12.896378544566147,12.915515546477696,3.0648915289273244,2.9708835089329777
178.62381650886783,12.988506663786467,12.988506663786467,12.88204807925678,12.910240651061148,2.5648915289273244,2.4708835089329777
178.82384317909055,12.979602163079923,12.979602163079923,12.877025419655865,12.908305437269826,3.0648915289273244,2.9708835089329777
179.02386984931323,12.97068799151679,12.97068799151679,12.871072334108195,12.914048321703213,3.073592364125581,3.4708835089329777
179.22389651953594,12.961764237099807,12.961764237099807,12.862921375794942,12.911944208238856,2.573592364125581,2.9708835089329777
179.42392318975863,12.952830987926323,12.952830987926323,12.858300380483891,12.916397965362117,3.073592364125581,3.228868091301786
179.62394985998134,12.94388833218741,12.94388833218741,12.847867694163577,12.909029703329056,2.573592364125581,2.728868091301786
179.82397653020402,12.934936358167016,12.934936358167016,12.83252513166487,12.900121301651238,2.073592364125581,2.432008368533476
180.0240032004267,12.925975154241076,12.925975154241076,12.806456499628483,12.884602180941924,1.573592364125581,1.932008368533476
180.22402987064942,12.917004808876639,12.917004808876639,12.772390520779707,12.87320995437314,1.1724076813113975,2.131173773033372
180.4240565408721,12.90802541063101,12.90802541063101,12.743743026292158,12.865598215965651,1.6724076813113975,2.575039978453355
180.6240832110948,12.899037048150863,12.899037048150863,12.727054566778415,12.860854925457328,2.1724076813113973,2.6335984239533046
180.8241098813175,12.890039810171366,12.890039810171366,12.716493300931742,12.850388134451098,2.668247601953566,2.1335984239533046
181.0241365515402,12.88103378551531,12.88103378551531,12.696362409306786,12.834362897526905,2.168247601953566,1.6335984239533046
181.2241632217629,12.872019063092232,12.872019063092232,12.672980393356344,12.823439222422065,1.6682476019535661,2.1335984239533046
181.42418989198558,12.86299573189753,12.86299573189753,12.655715287955937,12.809316113767167,2.168247601953566,2.017356111099264
181.6242165622083,12.853963881011598,12.853963881011598,12.638999216452062,12.791475278743816,2.668247601953566,1.6415010280657985
181.82424323243097,12.84492359959893,12.84492359959893,12.63260237306501,12.766937934872027,3.168247601953566,1.1415010280657985
182.02426990265369,12.835874976907249,12.835874976907249,12.640096759926024,12.745387214874558,3.668247601953566,1.6415010280657985
182.22429657287637,12.826818102266635,12.826818102266635,12.653905577090601,12.731100205869755,4.168247601953566,2.1415010280657985
182.42432324309908,12.81775306508862,12.81775306508862,12.6626713831282,12.725781565801194,3.775599367249039,2.6176076758891758
182.62434991332177,12.808679954865328,12.808679954865328,12.6649188326776,12.716031588465473,3.275599367249039,2.1176076758891758
182.82437658354448,12.799598861168574,12.799598861168574,12.67282417397767,12.714364162800223,3.775599367249039,2.6176076758891758
183.02440325376716,12.790509873648997,12.790509873648997,12.671899606860748,12.70664923201864,3.275599367249039,2.769603716746164
183.22442992398985,12.781413082035156,12.781413082035156,12.664623458091766,12.702580606083657,2.9878700290424733,2.409525143862089
183.42445659421256,12.772308576132657,12.772308576132657,12.648959663122163,12.692268142715735,2.4878700290424733,2.158202376860222
183.62448326443524,12.76319644582327,12.76319644582327,12.626894703735847,12.683844777748973,1.9878700290424733,2.358365238550145
183.82450993465795,12.754076781064027,12.754076781064027,12.596461313339393,12.679838091091005,1.6019818877177496,2.6389756133893822
184.02453660488064,12.744949671886344,12.744949671886344,12.579380302833048,12.675803816068237,2.1019818877177494,2.7479087139469516
184.22456327510335,12.735815208395127,12.735815208395127,12.562842720253752,12.668373745063203,2.6019818877177494,2.2479087139469516
184.42458994532603,12.726673480767893,12.726673480767893,12.559525327726828,12.656321089829747,3.1019818877177494,1.8928726894625203
184.62461661554875,12.717524579253867,12.717524579253867,12.562972783586192,12.635579129518606,3.6019818877177494,1.3928726894625203
184.82464328577143,12.708368594173097,12.708368594173097,12.559596768206719,12.60939757849325,3.1019818877177494,0.8928726894625203
185.0246699559941,12.69920561591556,12.69920561591556,12.547559027868546,12.574661798880816,2.6019818877177494,0.3928726894625203
185.22469662621683,12.690035734940274,12.690035734940274,12.545635363866603,12.537271489378774,3.1019818877177494,0.0
185.4247232964395,12.680859041774402,12.680859041774402,12.544442000268438,12.506167932147857,3.154067611622425,0.5
185.62474996666222,12.671675627012355,12.671675627012355,12.53929413185208,12.483033034803295,3.171555562805028,1.0
185.8247766368849,12.66248558131491,12.66248558131491,12.528238168482384,12.461717696079868,2.671555562805028,1.5
186.02480330710762,12.653288995408293,12.653288995408293,12.52511865113032,12.448878389707067,3.171555562805028,2.0
186.2248299773303,12.644085960083306,12.644085960083306,12.507900692773353,12.446156052970064,2.671555562805028,2.5
186.42485664755299,12.634876566194418,12.634876566194418,12.505403464354563,12.436356882704663,3.171555562805028,2.1606898901868354
186.6248833177757,12.625660904658872,12.625660904658872,12.495189296579325,12.432534518153464,2.671555562805028,2.6606898901868354
186.82490998799838,12.616439066455788,12.616439066455788,12.48923863092514,12.424423724696451,3.171555562805028,2.1729122624876775
187.0249366582211,12.607211142625259,12.607211142625259,12.497842743326123,12.42286249320159,3.671555562805028,2.6729122624876775
187.22496332844378,12.59797722426746,12.59797722426746,12.496116250530475,12.427625398498076,3.171555562805028,3.1729122624876775
187.4249899986665,12.588737402541746,12.588737402541746,12.48328761669838,12.421202944409613,2.671555562805028,2.672912262487678
187.62501666888917,12.57949176866575,12.57949176866575,12.471734631685457,12.41255078781673,2.6038631249994646,2.266390313838362
187.8250433391119,12.570240413914481,12.570240413914481,12.468855943808741,12.411301097832814,3.1038631249994646,2.766390313838362
188.02507000933457,12.560983429619435,12.560983429619435,12.475359581689398,12.409233663601686,3.6038631249994646,3.1150574596792646
188.22509667955725,12.551720907167676,12.551720907167676,12.470542118780887,12.40992203267642,3.1038631249994646,2.781126889001275
188.42512334977997,12.54245293800094,12.54245293800094,12.46237631825322,12.406404502763046,2.865891293931427,2.681067708577428
188.62515002000265,12.533179613614742,12.533179613614742,12.450856039827245,12.412409746996737,2.365891293931427,3.181067708577428
188.82517669022536,12.523901025557459,12.523901025557459,12.44159967116853,12.40816443681729,2.865891293931427,2.681067708577428
189.02520336044805,12.514617265429436,12.514617265429436,12.442821827587935,12.40172758120106,3.365891293931427,2.3554031663490154
189.22523003067076,12.505328424882075,12.505328424882075,12.429157076240934,12.398521305824598,2.865891293931427,2.4315657286579277
189.42525670089344,12.496034595616935,12.496034595616935,12.412261797769416,12.38560356074716,2.365891293931427,1.9315657286579277
189.62528337111615,12.486735869384823,12.486735869384823,12.391548955195987,12.378140047702242,1.8658912939314272,2.4315657286579277
189.82531004133884,12.477432337984894,12.477432337984894,12.380212372241772,12.364732101344897,2.365891293931427,1.9315657286579277
190.02533671156152,12.468124093263736,12.468124093263736,12.368259401862996,12.348328506827716,2.608835573583804,1.4707634181998368
190.22536338178423,12.458811227114465,12.458811227114465,12.349772146251317,12.33801698515411,2.292805278670342,1.9707634181998368
190.42539005200692,12.449493831475833,12.449493831475833,12.341058529308711,12.323655997414978,2.792805278670342,1.6697914814376082
190.62541672222963,12.440171998331296,12.440171998331296,12.318402215516237,12.30319839033183,2.292805278670342,1.4434426514061565
190.8254433924523,12.430845819708125,12.430845819708125,12.31154317277989,12.282073247776722,2.792805278670342,1.276342678248833
191.02547006267503,12.421515387676486,12.421515387676486,12.302644637453703,12.26631762680993,2.6538081922248407,1.776342678248833
191.2254967328977,12.41218079434854,12.41218079434854,12.302538706425098,12.253647353824231,3.1538081922248407,1.9623761877704524
191.4255234031204,12.402842131877527,12.402842131877527,12.288564247602256,12.243018088740968,2.6538081922248407,2.1018635068340474
191.6255500733431,12.393499492456856,12.393499492456856,12.274925947668658,12.234623199444192,2.6310751014165357,2.2658393318836643
191.8255767435658,12.384152968319203,12.384152968319203,12.269778747374737,12.221254153947797,3.1310751014165357,1.7658393318836643
192.0256034137885,12.37480265173559,12.37480265173559,12.26073182093034,12.210869210471339,2.874401064995993,2.2658393318836643
192.2256300840112,12.365448635014484,12.365448635014484,12.24637737907093,12.204883525770983,2.374401064995993,2.689594530036476
192.4256567542339,12.356091010500872,12.356091010500872,12.218069426997852,12.196120300450055,1.8744010649959928,2.189594530036476
192.62568342445658,12.34672987057537,12.34672987057537,12.202564002012192,12.185862590005668,2.374401064995993,2.1985034855411114
192.8257100946793,12.337365307653284,12.337365307653284,12.196349798948976,12.186091326381568,2.874401064995993,2.6985034855411114
193.02573676490198,12.327997414183729,12.327997414183729,12.177006746764103,12.188320583384524,2.374401064995993,3.1985034855411114
193.22576343512466,12.318626282648687,12.318626282648687,12.164731395572607,12.189043950220784,2.874401064995993,2.6985034855411114
193.42579010534737,12.309252005562112,12.309252005562112,12.15188412315755,12.189716129034846,2.374401064995993,3.1985034855411114
193.62581677557006,12.299874675469013,12.299874675469013,12.144040177042733,12.198490219325882,2.874401064995993,3.4135476171604067
193.82584344579277,12.290494384944534,12.290494384944534,12.14184889181545,12.199339623552673,3.374401064995993,3.1301609828579076
194.02587011601545,12.281111226593053,12.281111226593053,12.15186073805976,12.209446633658178,3.874401064995993,3.6301609828579076
194.22589678623817,12.271725293047252,12.271725293047252,12.155244547825838,12.212803401013437,3.374401064995993,3.1301609828579076
194.42592345646085,12.262336676967214,12.262336676967214,12.144856163688043,12.210088518982788,2.874401064995993,2.6301609828579076
194.62595012668356,12.252945471039505,12.252945471039505,12.132831902958673,12.200134602395526,2.374401064995993,2.1301609828579076
194.82597679690625,12.243551767976257,12.243551767976257,12.121879381968784,12.196188851269575,2.436316960002854,2.6301609828579076
195.02600346712893,12.234155660514256,12.234155660514256,12.113947555249995,12.185187444369367,2.936316960002854,2.1301609828579076
195.22603013735164,12.224757241414023,12.224757241414023,12.099707789223233,12.18317381446682,2.436316960002854,2.5981334139620076
195.42605680757433,12.215356603458899,12.215356603458899,12.090873226419896,12.172545306697096,2.5638181652449794,2.275636694079931
195.62608347779704,12.205953839454134,12.205953839454134,12.085098675179768,12.168759421726852,2.8059818285474467,2.3985155500836863
195.82611014801972,12.196549042225966,12.196549042225966,12.068360270157429,12.160655557278613,2.475112188145153,2.199050541340819
196.02613681824243,12.1871423046207,12.1871423046207,12.063010627809101,12.15504731659849,2.975112188145153,2.699050541340819
196.22616348846512,12.177733719503804,12.177733719503804,12.048300622870912,12.144553580894025,2.475112188145153,2.199050541340819
196.42619015868783,12.168323379758982,12.168323379758982,12.03140626711248,12.14011306461446,2.3713629550351927,2.699050541340819
196.62621682891051,12.15891137828726,12.15891137828726,12.005419615540797,12.132163091102944,1.8713629550351927,2.199050541340819
196.8262434991332,12.149497808006068,12.149497808006068,11.987404082092958,12.119196347398791,2.3713629550351927,1.699050541340819
197.0262701693559,12.140082761848323,12.140082761848323,11.981253477512226,12.094660675917876,2.8713629550351927,1.199050541340819
197.2262968395786,12.13066633276152,12.13066633276152,11.980598087325145,12.076770406939403,3.3713629550351927,1.6422491485292836
197.4263235098013,12.121248613706793,12.121248613706793,11.972473928393574,12.065582846453482,2.8713629550351927,1.959927487969098
197.626350180024,12.111829697658022,12.111829697658022,11.973460869814538,12.057447603812577,3.3713629550351927,2.459927487969098
197.8263768502467,12.102409677600901,12.102409677600901,11.969480290283437,12.044094167496716,2.8713629550351927,1.959927487969098
198.0264035204694,12.092988646532024,12.092988646532024,11.971069426652019,12.031096936959536,3.3713629550351927,1.720678072053073
198.22643019069207,12.083566697457961,12.083566697457961,11.971165484564759,12.022289570960163,3.4450261657271315,2.220678072053073
198.42645686091478,12.074143923394345,12.074143923394345,11.984143596377374,12.010705124974535,3.9008853452518877,1.7206780720530732
198.62648353113747,12.064720417364965,12.064720417364965,11.98195284329445,11.987839650914383,3.4008853452518877,1.2206780720530732
198.82651020136018,12.055296272400822,12.055296272400822,11.97265152166443,11.95811544647981,2.9008853452518877,0.7206780720530733
199.02653687158286,12.045871581539231,12.045871581539231,11.95954540172074,11.937307632247613,2.4008853452518877,1.2206780720530732
199.22656354180558,12.036446437822896,12.036446437822896,11.950788917763113,11.925163033731103,2.9008853452518877,1.7206780720530732
199.42659021202826,12.027020934298992,12.027020934298992,11.937255193387553,11.902387052235476,2.4008853452518877,1.2206780720530732
199.62661688225097,12.017595164018244,12.017595164018244,11.912329408139376,11.8869425253595,1.9008853452518877,1.7206780720530732
199.82664355247366,12.008169220034015,12.008169220034015,11.899273348146298,11.867635348069458,2.3671639127554274,1.2206780720530732
200.02667022269634,11.998743195401376,11.998743195401376,11.8788636570033,11.85525498658878,2.326473051219346,1.7206780720530732
200.22669689291905,11.9893171831762,11.9893171831762,11.85474765528757,11.83766929714194,1.826473051219346,1.390822481005054
200.42672356314173,11.979891276414234,11.979891276414234,11.838475359602272,11.826371527265815,2.326473051219346,1.890822481005054
200.62675023336445,11.970465568170185,11.970465568170185,11.831543392462914,11.817880890598621,2.826473051219346,2.390822481005054
200.82677690358713,11.961040151496805,11.961040151496805,11.823712875251697,11.81580060763967,2.7637183879473897,2.890822481005054
201.02680357380984,11.951615119443955,11.951615119443955,11.825459416758056,11.806117769330001,3.2637183879473897,2.390822481005054
201.22683024403253,11.942190565057716,11.942190565057716,11.833590361940239,11.800179682753534,3.7637183879473897,2.664508371761972
201.42685691425524,11.932766581379436,11.932766581379436,11.829075148398543,11.79806454708288,3.2637183879473897,2.805893349833129
201.62688358447792,11.923343261444844,11.923343261444844,11.821473393008256,11.79267378053315,2.7637183879473897,2.305893349833129
201.8269102547006,11.913920698283107,11.913920698283107,11.821395708234906,11.792489973390149,3.2637183879473897,2.711665064341674
202.02693692492332,11.90449898491592,11.90449898491592,11.805940599106314,11.799525202883322,2.7637183879473897,3.1351799769501225
202.226963595146,11.895078214356596,11.895078214356596,11.807034940460001,11.792464435882408,3.2637183879473897,2.6351799769501225
202.42699026536872,11.885658479609136,11.885658479609136,11.817318545751128,11.783501359975014,3.7637183879473897,2.1351799769501225
202.6270169355914,11.876239873667314,11.876239873667314,11.819007975772807,11.774900966323107,3.2637183879473897,2.070043150739198
202.8270436058141,11.866822489513764,11.866822489513764,11.814442227778398,11.766838972240592,2.7637183879473897,2.2606554926572486
203.0270702760368,11.857406420119055,11.857406420119055,11.79722531014046,11.76692777829478,2.2637183879473897,2.7606554926572486
203.22709694625948,11.84799175844078,11.84799175844078,11.774368715509013,11.769571875476032,1.7637183879473897,3.2606554926572486
203.4271236164822,11.838578597422627,11.838578597422627,11.762944506398641,11.768119184315463,2.2637183879473897,2.7606554926572486
203.62715028670488,11.829167029993478,11.829167029993478,11.733623421619527,11.760575845723654,1.7637183879473897,2.2606554926572486
203.8271769569276,11.81975714906648,11.81975714906648,11.713202329910885,11.74807828712756,2.2637183879473897,1.8205993757943073
204.02720362715027,11.810349047538127,11.810349047538127,11.68898377427644,11.727347398712709,1.7637183879473897,1.3205993757943073
204.22723029737298,11.80094281828735,11.80094281828735,11.674861605481516,11.714625749873704,2.2637183879473897,1.8205993757943073
204.42725696759567,11.791538554174595,11.791538554174595,11.660047664484384,11.695307725587407,2.4593736641639348,1.320599375794307
204.62728363781838,11.782136348040908,11.782136348040908,11.654190050824552,11.684692169486812,2.9593736641639348,1.820599375794307
204.82731030804106,11.77273629270702,11.77273629270702,11.641477900862359,11.666627407308402,2.533478967215785,1.320599375794307
205.02733697826375,11.763338480972424,11.763338480972424,11.624681313713621,11.648130324942997,2.2870494897709768,1.2239639244658431
205.22736364848646,11.753943005614468,11.753943005614468,11.618571717314397,11.632452594449337,2.7870494897709768,1.7239639244658431
205.42739031870914,11.744549959387438,11.744549959387438,11.612887275187116,11.612879032559258,2.970445323777974,1.2239639244658431
205.62741698893186,11.735159435021627,11.735159435021627,11.60072672545908,11.601899486500916,2.470445323777974,1.7239639244658431
205.82744365915454,11.725771525222443,11.725771525222443,11.597619495563121,11.59222003838563,2.970445323777974,2.223963924465843
206.02747032937725,11.716386322669477,11.716386322669477,11.581466422808337,11.582194424969625,2.470445323777974,1.8192732300627787
206.22749699959994,11.707003920015598,11.707003920015598,11.559218570478253,11.563014207871802,1.970445323777974,1.3192732300627787
206.42752366982265,11.697624409886028,11.697624409886028,11.530841305612917,11.555327953161843,1.640686387742174,1.8192732300627787
206.62755034004533,11.688247884877438,11.688247884877438,11.50786639177961,11.54812207586026,2.140686387742174,2.3192732300627785
206.82757701026802,11.678874437557026,11.678874437557026,11.496081596366345,11.538918429098148,2.640686387742174,1.8192732300627785
207.02760368049073,11.669504160461608,11.669504160461608,11.481595754931972,11.533205733895281,2.4235221515264302,2.3192732300627785
207.2276303507134,11.660137146096702,11.660137146096702,11.463288539838446,11.519004439897216,2.12121239063576,1.8192732300627785
207.42765702093612,11.650773486935616,11.650773486935616,11.452734815659579,11.504146849027936,2.62121239063576,1.738820436102052
207.6276836911588,11.641413275418536,11.641413275418536,11.449197048508305,11.487038730758227,3.12121239063576,1.238820436102052
207.82771036138152,11.63205660395161,11.63205660395161,11.455808329453324,11.47188867108811,3.62121239063576,1.7388204361020518
208.0277370316042,11.622703564906038,11.622703564906038,11.468014685797282,11.463723696974997,4.12121239063576,2.238820436102052
208.2277637018269,11.613354250617162,11.613354250617162,11.477465030530132,11.46678034037558,4.111952068723575,2.738820436102052
208.4277903720496,11.604008753383548,11.604008753383548,11.498698846810722,11.460535146766961,4.611952068723575,2.238820436102052
208.62781704227228,11.594667165466086,11.594667165466086,11.510830842743447,11.448644640758824,4.111952068723575,1.7388204361020518
208.827843712495,11.585329579087064,11.585329579087064,11.514577686121934,11.426680912650607,3.6893684088808736,1.2388204361020518
209.02787038271768,11.575996086429274,11.575996086429274,11.519658629394026,11.407245386215724,3.816020261755731,1.2944059562597605
209.2278970529404,11.566666779635089,11.566666779635089,11.51627219831579,11.393410964200026,3.316020261755731,1.7944059562597605
209.42792372316308,11.55734175080556,11.55734175080556,11.512360422940834,11.388304572355954,2.816020261755731,2.2944059562597605
209.6279503933858,11.5480210919995,11.5480210919995,11.495232612597567,11.38624450306544,2.316020261755731,2.4516362582134814
209.82797706360847,11.53870489523259,11.53870489523259,11.482982577853726,11.377549764409059,2.816020261755731,2.051798076505852
210.02800373383116,11.529393252476453,11.529393252476453,11.469458616053503,11.375948578451593,2.316020261755731,2.551798076505852
210.22803040405387,11.520086255657752,11.520086255657752,11.456673055053557,11.364891818678892,2.5229187344458865,2.051798076505852
210.42805707427655,11.510783996657294,11.510783996657294,11.444489824707244,11.351708721703824,2.5906549022147445,1.551798076505852
210.62808374449926,11.501486567309104,11.501486567309104,11.420395218843995,11.340619397721662,2.0906549022147445,2.051798076505852
210.82811041472195,11.492194059399534,11.492194059399534,11.407425850677107,11.338116367384647,2.5906549022147445,2.551798076505852
211.02813708494466,11.48290656466634,11.48290656466634,11.404495473999747,11.333757463639278,3.0906549022147445,2.722345362901146
211.22816375516734,11.473624174797804,11.473624174797804,11.393900962396827,11.32915333914587,2.7239994025274092,2.3106327730836433
211.42819042539006,11.464346981431795,11.464346981431795,11.376456471267575,11.322445378282955,2.2239994025274092,2.152840278105667
211.62821709561274,11.45507507615489,11.45507507615489,11.361529252460846,11.322936405236598,2.7239994025274092,2.652840278105667
211.82824376583542,11.445808550501457,11.445808550501457,11.35815034014461,11.319198912270059,3.2239994025274092,2.429526608834152
212.02827043605814,11.436547495952757,11.436547495952757,11.345855666883967,11.313273915492026,2.7239994025274092,2.226585988042574
212.22829710628082,11.427292003936039,11.427292003936039,11.343230203899706,11.31238905591124,3.214775360048353,2.726585988042574
212.42832377650353,11.418042165823637,11.418042165823637,11.336096732573008,11.310905551640943,2.714775360048353,2.4495202054589713
212.62835044672622,11.408798072932067,11.408798072932067,11.332954425987735,11.305701889352362,3.214775360048353,2.1486093838335636
212.82837711694893,11.399559816521128,11.399559816521128,11.321789322856002,11.306139607291014,2.714775360048353,2.6486093838335636
213.0284037871716,11.390327487793005,11.390327487793005,11.321234301625426,11.310101528307028,3.214775360048353,3.1486093838335636
213.2284304573943,11.381101177891352,11.381101177891352,11.315448587356457,11.308587442091454,2.714775360048353,2.6486093838335636
213.428457127617,11.371880977900414,11.371880977900414,11.297662879293883,11.300783315627527,2.214775360048353,2.1486093838335636
213.6284837978397,11.362666978844112,11.362666978844112,11.28976771592851,11.287666299685924,2.714775360048353,1.6486093838335636
213.8285104680624,11.353459271685155,11.353459271685155,11.274300151670491,11.281171087366877,2.214775360048353,2.1486093838335636
214.0285371382851,11.344257947324131,11.344257947324131,11.262411506940964,11.280259296996048,2.714775360048353,2.6486093838335636
214.2285638085078,11.335063096598619,11.335063096598619,11.248740816836008,11.27147478971648,2.214775360048353,2.1486093838335636
214.42859047873048,11.32587481028229,11.32587481028229,11.234774017867974,11.261242461315781,2.0667524813660636,1.908961323364549
214.6286171489532,11.316693179084005,11.316693179084005,11.208003519097398,11.241045226486523,1.5667524813660636,1.408961323364549
214.82864381917588,11.307518293646929,11.307518293646929,11.18708880778586,11.22760549609606,2.0667524813660636,1.908961323364549
215.02867048939856,11.29835024454763,11.29835024454763,11.173957788496754,11.209471444616163,2.5667524813660636,1.408961323364549
215.22869715962128,11.289189122295182,11.289189122295182,11.148576151233959,11.195568495253431,2.0667524813660636,1.8360049422875044
215.42872382984396,11.280035017330285,11.280035017330285,11.134925949664618,11.187148741471509,2.5274824803789433,2.105628420429733
215.62875050006667,11.27088802002435,11.27088802002435,11.125329081024041,11.187728343903462,2.817490383606987,2.605628420429733
215.82877717028936,11.26174822067863,11.26174822067863,11.109349629711573,11.180734375484406,2.317490383606987,2.105628420429733
216.02880384051207,11.252615709523315,11.252615709523315,11.1001986904044,11.179388009779846,2.817490383606987,2.605628420429733
216.22883051073475,11.243490576716642,11.243490576716642,11.08046976190622,11.170860059743099,2.317490383606987,2.105628420429733
216.42885718095746,11.234372912344009,11.234372912344009,11.05343207037735,11.163635541882908,1.817490383606987,2.2876770177679173
216.62888385118015,11.225262806417085,11.225262806417085,11.02173545471316,11.154740882663871,1.5164758265703964,1.7876770177679173
216.82891052140283,11.21616034887292,11.21616034887292,11.003732454767116,11.148404630929466,2.0164758265703964,2.2876770177679173
217.02893719162554,11.207065629573052,11.207065629573052,10.994253785713902,11.148539579087128,2.5164758265703964,2.7876770177679173
217.22896386184823,11.197978738302636,11.197978738302636,10.988108853551612,11.14267200493628,3.0164758265703964,2.2876770177679173
217.42899053207094,11.188899764769538,11.188899764769538,10.99180955761371,11.128483545124524,3.5164758265703964,1.7876770177679173
217.62901720229362,11.179828798603461,11.179828798603461,10.988844747172505,11.119057984305098,3.0164758265703964,1.9264630666395763
217.82904387251634,11.170765929355055,11.170765929355055,10.980484695928697,11.102374334152065,2.5164758265703964,1.4264630666395763
218.02907054273902,11.161711246495043,11.161711246495043,10.980824937255008,11.09259385028424,3.0164758265703964,1.9264630666395763
218.22909721296173,11.152664839413323,11.152664839413323,10.97620042037915,11.076570801403326,3.046968757524139,1.4264630666395763
218.42912388318442,11.143626797418092,11.143626797418092,10.977384477069464,11.067476574096826,3.163713314304367,1.9264630666395761
218.6291505534071,11.134597209734972,11.134597209734972,10.967260343958152,11.06529741643551,2.663713314304367,2.426463066639576
218.8291772236298,11.125576165506113,11.125576165506113,10.97468341878089,11.064230315223513,3.163713314304367,2.926463066639576
219.0292038938525,11.11656375378933,11.11656375378933,10.964070238725814,11.062617152309452,2.663713314304367,2.426463066639576
219.2292305640752,11.107560063557212,11.107560063557212,10.947020228365277,11.049210116084746,2.163713314304367,1.9264630666395761
219.4292572342979,11.098565183696248,11.098565183696248,10.929879038302799,11.034085879421191,2.254890883886039,1.4264630666395761
219.6292839045206,11.089579203005949,11.089579203005949,10.91892988598831,11.022494528205302,2.754890883886039,1.9264630666395761
219.8293105747433,11.080602210197972,11.080602210197972,10.910767876033235,11.008863067735575,2.5582880965727073,1.5837269844515875
220.02933724496597,11.071634293895242,11.071634293895242,10.910046603964197,11.002096801516764,3.0582880965727073,2.0837269844515873
220.22936391518869,11.06267554263108,11.06267554263108,10.899721601991931,10.996579066049554,2.5582880965727073,2.5837269844515873
220.42939058541137,11.053726044848327,11.053726044848327,10.893178231412499,10.991133596586012,3.0582880965727073,2.1505354236018617
220.62941725563408,11.044785888898474,11.044785888898474,10.898216717369007,10.972383327392714,3.5582880965727073,1.6505354236018617
220.82944392585676,11.03585516304078,11.03585516304078,10.910904614340978,10.953997311680496,4.058288096572707,1.1505354236018617
221.02947059607948,11.02693395544142,11.02693395544142,10.914774435441364,10.947005114844803,3.5582880965727073,1.6505354236018617
221.22949726630216,11.018022354172594,11.018022354172594,10.910964967981766,10.927225190841398,3.0582880965727073,1.1505354236018617
221.42952393652487,11.00912044721166,11.00912044721166,10.90006738813883,10.897720342160165,2.5582880965727073,0.6505354236018617
221.62955060674756,11.000228322440291,11.000228322440291,10.897455847483648,10.879842804260056,3.0582880965727073,1.1505354236018617
221.82957727697024,10.99134606764357,10.99134606764357,10.897709516855498,10.864977027075462,3.5582880965727073,1.6505354236018617
222.02960394719295,10.982473770509149,10.982473770509149,10.893580245759944,10.859222675724803,3.0582880965727073,2.1505354236018617
222.22963061741564,10.973611518626372,10.973611518626372,10.897962752854879,10.850887736010355,3.5582880965727073,1.6505354236018617
222.42965728763835,10.96475939948542,10.96475939948542,10.895635040862821,10.838508110675209,3.0582880965727073,1.6335877285658171
222.62968395786103,10.955917500476437,10.955917500476437,10.89745474119524,10.816595086169869,3.364665856216583,1.1335877285658171
222.82971062808375,10.947085908888669,10.947085908888669,10.892207981752966,10.800843899076467,2.864665856216583,1.6335877285658171
223.02973729830643,10.93826471190961,10.93826471190961,10.874892708183618,10.792276671532518,2.364665856216583,2.133587728565817
223.22976396852914,10.929453996624137,10.929453996624137,10.851029891495783,10.791070390359389,1.864665856216583,2.633587728565817
223.42979063875183,10.920653850013641,10.920653850013641,10.822358852457167,10.796689696238806,1.364665856216583,3.133587728565817
223.6298173089745,10.911864358955187,10.911864358955187,10.801565750265832,10.809350739607465,1.864665856216583,3.633587728565817
223.82984397919722,10.903085610220636,10.903085610220636,10.770632803142856,10.816636687351892,1.364665856216583,3.133587728565817
224.0298706494199,10.894317690475807,10.894317690475807,10.747959495977414,10.816073442437997,1.864665856216583,2.633587728565817
224.22989731964262,10.885560686279607,10.885560686279607,10.733205216710713,10.808944260463797,2.364665856216583,2.133587728565817
224.4299239898653,10.876814684083184,10.876814684083184,10.723069661730454,10.79413905387213,2.864665856216583,1.6752516186292086
224.629950660088,10.868079770229073,10.868079770229073,10.716197203351303,10.782533460931587,2.9655557764243667,1.6384357266089418
224.8299773303107,10.859356030950341,10.859356030950341,10.702329284069252,10.76253725665171,2.4655557764243667,1.1384357266089418
225.03000400053338,10.850643552369739,10.850643552369739,10.695709180425142,10.75059366714609,2.9655557764243667,1.6384357266089418
225.2300306707561,10.841942420498842,10.841942420498842,10.69562597591707,10.741240325732216,3.4655557764243667,2.1384357266089418
225.43005734097878,10.833252721237223,10.833252721237223,10.711088187145254,10.742614947905302,3.9655557764243667,2.6384357266089418
225.6300840112015,10.824574540371572,10.824574540371572,10.73493078067694,10.747971001617884,4.465555776424367,3.1384357266089418
225.83011068142417,10.81590796357488,10.81590796357488,10.745327383778651,10.760889808346821,3.9655557764243667,3.6384357266089418
226.03013735164689,10.807253076405571,10.807253076405571,10.74777435185247,10.766593800598605,3.4655557764243667,3.1384357266089418
226.23016402186957,10.798609964306676,10.798609964306676,10.749911647408105,10.766144842746725,2.9655557764243667,2.6384357266089418
226.43019069209228,10.789978712604972,10.789978712604972,10.742935253236247,10.758032311941587,2.4655557764243667,2.1384357266089418
226.63021736231497,10.781359406510148,10.781359406510148,10.723285363470453,10.742904902057756,2.0065988813627826,1.6384357266089418
226.83024403253765,10.772752131113968,10.772752131113968,10.708398694662948,10.735274393057116,2.5065988813627826,2.1384357266089418
227.03027070276036,10.76415697138942,10.76415697138942,10.70595028752878,10.72451181835021,2.936028258654054,1.8719831562052118
227.23029737298305,10.75557401218989,10.75557401218989,10.705539241313257,10.707630532523353,3.16856824862787,1.3719831562052118
227.43032404320576,10.747003338248309,10.747003338248309,10.695461010499086,10.686491795312667,2.66856824862787,0.8719831562052118
227.63035071342844,10.738445034176337,10.738445034176337,10.67893759548251,10.671982211923261,2.16856824862787,1.3719831562052118
227.83037738365115,10.729899184463504,10.729899184463504,10.659464367180854,10.663732720493567,2.1564711645751315,1.8719831562052118
228.03040405387384,10.721365873476394,10.721365873476394,10.639931013490243,10.664470297372157,1.6564711645751315,2.368500768151049
228.23043072409655,10.712845185457805,10.712845185457805,10.605057518189106,10.654786281891216,1.1564711645751315,1.8955980227495401
228.43045739431923,10.704337204525919,10.704337204525919,10.57788888996176,10.654120983227491,1.6564711645751315,2.39559802274954
228.63048406454192,10.695842014673469,10.695842014673469,10.558895297529073,10.650030160689345,2.1564711645751315,2.0507704936488413
228.83051073476463,10.68735969976691,10.68735969976691,10.551710505668984,10.63201937875962,2.6564711645751315,1.5507704936488413
229.0305374049873,10.678890343545596,10.678890343545596,10.546645446286293,10.62515920440522,2.7035297887083263,2.0507704936488413
229.23056407521003,10.67043402962095,10.67043402962095,10.534017919716982,10.610804573446956,2.2035297887083263,1.6108647285289437
229.4305907454327,10.661990841475635,10.661990841475635,10.515533294592723,10.594090616565799,1.824952728833456,1.1108647285289437
229.63061741565542,10.653560862462735,10.653560862462735,10.503662584226712,10.57766811768133,2.324952728833456,1.6108647285289437
229.8306440858781,10.645144175804933,10.645144175804933,10.501022023412387,10.564350813634753,2.824952728833456,1.8045216310715926
230.0306707561008,10.636740864593685,10.636740864593685,10.498019627712907,10.55823651201482,2.7632779620307457,2.3045216310715926
230.2306974263235,10.628351011788398,10.628351011788398,10.500066432882809,10.54366315019195,3.1528155744940034,1.8045216310715926
230.4307240965462,10.619974700215618,10.619974700215618,10.491099625585033,10.527205681097541,2.6528155744940034,1.3045216310715926
230.6307507667689,10.61161201256821,10.61161201256821,10.488470671921416,10.505974968555789,2.6353479918019524,1.0761715252223907
230.83077743699158,10.603263031404541,10.603263031404541,10.489200544979836,10.491981359237997,3.1353479918019524,1.5761715252223907
231.0308041072143,10.594927839147658,10.594927839147658,10.484403117833464,10.483251626871443,2.6353479918019524,2.0761715252223905
231.23083077743698,10.586606518084487,10.586606518084487,10.485443518990675,10.480732584758064,3.1353479918019524,2.5761715252223905
231.4308574476597,10.578299150365014,10.578299150365014,10.487911822918933,10.471516645295239,3.6353479918019524,2.0761715252223905
231.63088411788237,10.570005818001473,10.570005818001473,10.485072902620095,10.472166370687654,3.1353479918019524,2.5761715252223905
231.83091078810506,10.561726602867537,10.561726602867537,10.472468174187512,10.465843876416008,2.6353479918019524,2.2189593198715003
232.03093745832777,10.553461586697509,10.553461586697509,10.453083726444214,10.467786031548622,2.1353479918019524,2.7189593198715003
232.23096412855045,10.545210851085523,10.545210851085523,10.42981184707032,10.463912115413658,1.6353479918019524,2.2189593198715003
232.43099079877317,10.536974477484723,10.536974477484723,10.415480436722131,10.453458834788512,2.1353479918019524,1.7189593198715003
232.63101746899585,10.528752547206478,10.528752547206478,10.408349282024586,10.449079073823816,2.6353479918019524,2.2189593198715003
232.83104413921856,10.52054514141956,10.52054514141956,10.40139751228912,10.43786303932498,2.7028790731232206,1.7189593198715003
233.03107080944125,10.51235234114936,10.51235234114936,10.383905911371237,10.420753447155578,2.2028790731232206,1.2189593198715003
233.23109747966396,10.504174227277073,10.504174227277073,10.373023385613925,10.411441088166882,2.7028790731232206,1.7189593198715003
233.43112414988664,10.496010880538908,10.496010880538908,10.372804885172966,10.405557347591875,3.2028790731232206,2.2189593198715003
233.63115082010933,10.487862381525296,10.487862381525296,10.383534825725183,10.40549314061088,3.7028790731232206,2.7189593198715003
233.83117749033204,10.47972881068008,10.47972881068008,10.379021967898007,10.402277562610175,3.2028790731232206,2.4460425362852756
234.03120416055472,10.47161024829973,10.47161024829973,10.375144989287511,10.40735280829337,2.7028790731232206,2.942292286449234
234.23123083077743,10.46350677453255,10.46350677453255,10.360462973830321,10.405109561316808,2.2028790731232206,2.442292286449234
234.43125750100012,10.455418469377891,10.455418469377891,10.354465487472817,10.399265954817638,2.7028790731232206,2.3109875417390495
234.63128417122283,10.447345412685348,10.447345412685348,10.347862133585588,10.389554100096133,2.988464190145537,1.8109875417390495
234.83131084144551,10.439287684153985,10.439287684153985,10.340946940529594,10.37460787267924,2.569352258950419,1.5160312430840626
235.03133751166823,10.431245363331536,10.431245363331536,10.320527029581243,10.364363384629034,2.069352258950419,2.0160312430840626
235.2313641818909,10.423218529613639,10.423218529613639,10.307136582153678,10.359831961892448,2.569352258950419,2.0834912747323617
235.4313908521136,10.415207262243026,10.415207262243026,10.28854647059804,10.360655750286506,2.077960838606319,2.5834912747323617
235.6314175223363,10.407211640308761,10.407211640308761,10.274888694586233,10.352957471618334,2.295946766574472,2.0834912747323617
235.831444192559,10.399231742745457,10.399231742745457,10.249882509714963,10.342968765250648,1.7959467665744722,1.5834912747323617
236.0314708627817,10.391267648332482,10.391267648332482,10.227578284148882,10.32392315562014,1.5625284238969572,1.2045384962653496
236.2314975330044,10.383319435693203,10.383319435693203,10.215727598000397,10.298431506469543,2.062528423896957,0.7045384962653496
236.4315242032271,10.375387183294187,10.375387183294187,10.187562587688474,10.268344557830344,1.562528423896957,0.2779262924884109
236.63155087344978,10.367470969444451,10.367470969444451,10.171270164159784,10.242933311220936,2.062528423896957,0.7779262924884109
236.83157754367247,10.359570872294663,10.359570872294663,10.143104811524983,10.224856822443204,1.5901581597407408,1.277926292488411
237.03160421389518,10.35168696983639,10.35168696983639,10.123291007668115,10.214305321645954,2.090158159740741,1.777926292488411
237.23163088411786,10.34381933990132,10.34381933990132,10.104945946073483,10.204398826646166,1.9195731445941024,1.8748059309878085
237.43165755434057,10.335968060160495,10.335968060160495,10.09201666544907,10.190817115867063,2.4195731445941027,1.3748059309878085
237.63168422456326,10.328133208123546,10.328133208123546,10.086969364832726,10.181440614526416,2.9195731445941027,1.8748059309878085
237.83171089478597,10.320314861137923,10.320314861137923,10.092269829857745,10.16230207749094,3.4195731445941027,1.3748059309878085
238.03173756500865,10.312513096388134,10.312513096388134,10.101883233941868,10.15418679136042,3.9195731445941027,1.8748059309878085
238.23176423523137,10.304727990894987,10.304727990894987,10.11983075994488,10.150011890690779,4.161702875623349,2.3748059309878085
238.43179090545405,10.296959621514825,10.296959621514825,10.127878955722746,10.140005424595588,3.661702875623349,1.8748059309878085
238.63181757567673,10.289208064938762,10.289208064938762,10.128222729755562,10.135951384622507,3.161702875623349,2.3748059309878085
238.83184424589945,10.281473397691943,10.281473397691943,10.113599871170953,10.138926822939894,2.6766729592827145,2.8748059309878085
239.03187091612213,10.273755696132769,10.273755696132769,10.116782282068746,10.147053260368336,3.1766729592827145,3.3748059309878085
239.23189758634484,10.266055036452155,10.266055036452155,10.125833764322905,10.149176602287067,3.6766729592827145,2.8748059309878085
239.43192425656753,10.258371494672774,10.258371494672774,10.127408900645905,10.14498995800075,3.1766729592827145,2.3748059309878085
239.63195092679024,10.25070514664831,10.25070514664831,10.12118163676409,10.151427518493222,2.6766729592827145,2.8748059309878085
239.83197759701292,10.243056068062703,10.243056068062703,10.103935233565549,10.147271503857326,2.1766729592827145,2.3748059309878085
240.03200426723564,10.235424334429405,10.235424334429405,10.085285195989385,10.152379870121147,2.089381850268701,2.8748059309878085
240.23203093745832,10.227810021090637,10.227810021090637,10.078064169545634,10.154222830612671,2.589381850268701,2.925291218115153
240.432057607681,10.220213203216641,10.220213203216641,10.068059822036723,10.163026677047837,2.5359805633224517,3.425291218115153
240.63208427790372,10.21263395580494,10.21263395580494,10.050666083407076,10.166675036282905,2.0359805633224517,2.925291218115153
240.8321109481264,10.205072353679597,10.205072353679597,10.044536925907241,10.167187012294471,2.5359805633224517,2.425291218115153
241.0321376183491,10.19752847149048,10.19752847149048,10.046186815992476,10.158220465733285,3.0359805633224517,1.9252912181151531
241.2321642885718,10.190002383712521,10.190002383712521,10.039148005288673,10.157435820441282,2.5359805633224517,2.425291218115153
241.4321909587945,10.182494164644975,10.182494164644975,10.037433293691837,10.150276926255762,3.0359805633224517,1.9252912181151531
241.6322176290172,10.1750038884107,10.1750038884107,10.030172741671214,10.14782440782151,2.726936824555596,2.425291218115153
241.83224429923987,10.167531628955416,10.167531628955416,10.016304619920017,10.139683899700248,2.226936824555596,1.9252912181151531
242.0322709694626,10.160077460046976,10.160077460046976,10.009359339589428,10.126781077320013,2.653503734595021,1.681541483872824
242.23229763968527,10.152641455274642,10.152641455274642,10.013528287243494,10.110442282562083,3.153503734595021,1.181541483872824
242.43232430990798,10.145223688048352,10.145223688048352,10.006481857611684,10.086761608360822,2.653503734595021,0.681541483872824
242.63235098013067,10.137824231598003,10.137824231598003,10.008137164076574,10.07068340707428,3.153503734595021,1.181541483872824
242.83237765035338,10.130443158972719,10.130443158972719,10.001289309394458,10.058083195144983,2.653503734595021,1.6337750935972486
243.03240432057606,10.123080543040139,10.123080543040139,10.002567584624764,10.036150330564649,3.143656306611598,1.1337750935972486
243.23243099079878,10.115736456485688,10.115736456485688,10.009626813907683,10.024563715816901,3.643656306611598,1.6337750935972486
243.43245766102146,10.108410971811873,10.108410971811873,10.026205769051773,10.013913156483083,4.143656306611598,1.6724712592364583
243.63248433124414,10.10110416133755,10.10110416133755,10.041884138201535,10.009882587834404,3.9605507355332876,2.1724712592364583
243.83251100146686,10.093816097197223,10.093816097197223,10.048541426598922,9.998778480329364,3.4605507355332876,1.6724712592364583
244.03253767168954,10.086546851340332,10.086546851340332,10.0445501860195,9.98161502976797,2.9605507355332876,1.1724712592364583
244.23256434191225,10.07929649553053,10.07929649553053,10.034419264674975,9.96109537319893,2.4605507355332876,0.8916173501201687
244.43259101213494,10.072065101344991,10.072065101344991,10.018322156595366,9.947071383917601,1.9605507355332876,1.3916173501201687
244.63261768235765,10.064852740173688,10.064852740173688,10.0018760116142,9.93941956549443,2.0650066060072634,1.8916173501201687
244.83264435258033,10.057659483218705,10.057659483218705,9.99212872454132,9.93805608725877,2.5650066060072634,2.3249508127633094
245.03267102280304,10.050485401493518,10.050485401493518,9.989967970473717,9.936564413452164,3.0650066060072634,2.8249508127633094
245.23269769302573,10.043330565822302,10.043330565822302,9.979415858651054,9.93942168857807,2.5650066060072634,2.7541462826325986
245.4327243632484,10.03619504683923,10.03619504683923,9.97608428050871,9.937708946182195,2.6703941564929097,2.3961921985369585
245.63275103347112,10.029078914987778,10.029078914987778,9.963747902942043,9.935368269638019,2.1703941564929097,2.288515847511765
245.8327777036938,10.02198224052003,10.02198224052003,9.95160895110685,9.931322080393548,2.6703941564929097,2.376450389059541
246.03280437391652,10.014905093495974,10.014905093495974,9.934807499375744,9.919325465733762,2.1703941564929097,1.880153205699979
246.2328310441392,10.007847543782828,10.007847543782828,9.917368086418989,9.918243685478012,1.6703941564929097,2.359511610913528
246.43285771436192,10.000809661054337,10.000809661054337,9.883997847866867,9.920237149720082,1.1703941564929097,2.614687753550192
246.6328843845846,9.993791514790086,9.993791514790086,9.857568336235355,9.92541260529042,1.2699431622806074,3.114687753550192
246.83291105480728,9.986793174274823,9.986793174274823,9.835283421836488,9.931970880949661,1.7699431622806074,3.29172126779122
247.03293772503,9.979814708597761,9.979814708597761,9.80903681919773,9.934640139924976,1.2699431622806074,2.79172126779122
247.23296439525268,9.972856186651917,9.972856186651917,9.784553450260248,9.931452983540119,1.7699431622806074,2.29172126779122
247.4329910654754,9.965917677133405,9.965917677133405,9.77160356214045,9.920773975164536,2.269943162280607,1.7917212677912202
247.63301773569808,9.95899924854078,9.95899924854078,9.767177896177444,9.919356177601218,2.769943162280607,2.29172126779122
247.8330444059208,9.95210096917435,9.95210096917435,9.773188098676027,9.909826304573448,3.161944814370755,1.7917212677912202
248.03307107614347,9.945222907135507,9.945222907135507,9.779206498311618,9.891103386625979,3.420949372567029,1.2917212677912202
248.23309774636618,9.938365130326055,9.938365130326055,9.79687314856366,9.872374492537284,3.920949372567029,1.0348912213444899
248.43312441658887,9.93152770644753,9.93152770644753,9.820758505262873,9.857847722482553,4.420949372567029,1.3434609516049782
248.63315108681155,9.924710703000551,9.924710703000551,9.8533752599843,9.845668874535324,4.920949372567029,1.8434609516049782
248.83317775703426,9.91791418728413,9.91791418728413,9.875591570225193,9.83733475196056,4.420949372567029,2.0869859047817143
249.03320442725695,9.911138226395025,9.911138226395025,9.892555276794925,9.838064634624988,3.920949372567029,2.5869859047817143
249.23323109747966,9.904382887227072,9.904382887227072,9.899797707643245,9.830364798362153,3.420949372567029,2.0869859047817143
249.43325776770234,9.897648236470525,9.897648236470525,9.89858153656798,9.8281272058965,2.920949372567029,2.5281561721651657
249.63328443792506,9.890934340611397,9.890934340611397,9.889023302514378,9.82937903147658,2.420949372567029,2.79748240045261
249.83331110814774,9.8842412659308,9.8842412659308,9.86784927800846,9.82624384464491,1.920949372567029,2.29748240045261
250.03333777837045,9.877569078504303,9.877569078504303,9.844889329740875,9.832331679436217,1.420949372567029,2.79748240045261
250.23336444859314,9.870917844201262,9.870917844201262,9.824157275187163,9.829637637900356,1.920949372567029,2.29748240045261
250.43339111881582,9.864287628684188,9.864287628684188,9.797884675976741,9.815640026658512,1.420949372567029,1.7974824004526102
250.63341778903853,9.857678497408077,9.857678497408077,9.777484178644858,9.799297372019717,1.920949372567029,1.2974824004526102
250.83344445926122,9.851090515619793,9.851090515619793,9.767704881037497,9.789229433903241,2.420949372567029,1.7974824004526102
251.03347112948393,9.844523748357393,9.844523748357393,9.765880996315198,9.787988885917244,2.832713093827901,2.29748240045261
251.2334977997066,9.837978260449509,9.837978260449509,9.774997845251029,9.776325367113282,3.332713093827901,1.7974824004526102
251.43352446992932,9.83145411651469,9.83145411651469,9.771806446879175,9.761726429576239,2.832713093827901,1.3594942298736863
251.633551140152,9.824951380960783,9.824951380960783,9.76118407248949,9.749581739021213,2.332713093827901,1.8594942298736863
251.83357781037472,9.818470117984276,9.818470117984276,9.74037175734495,9.73318301530213,1.832713093827901,1.3594942298736863
252.0336044805974,9.81201039156968,9.81201039156968,9.71043060934583,9.71275735204163,1.332713093827901,0.8596527059156179
252.2336311508201,9.805572265488895,9.805572265488895,9.691871747062136,9.694074944599002,1.832713093827901,1.359652705915618
252.4336578210428,9.799155803300568,9.799155803300568,9.665930590607507,9.68509721367589,1.332713093827901,1.859652705915618
252.63368449126548,9.792761068349488,9.792761068349488,9.645205318795842,9.68304038911666,1.5122647077273126,2.359652705915618
252.8337111614882,9.786388123765935,9.786388123765935,9.627663756177745,9.684882157600947,2.0122647077273124,2.859652705915618
253.03373783171088,9.780037032465078,9.780037032465078,9.615556055906458,9.69853463350176,2.5122647077273124,3.359652705915618
253.2337645019336,9.773707857146345,9.773707857146345,9.614954976737161,9.703620239570192,3.0122647077273124,3.0201998317001477
253.43379117215628,9.767400660292799,9.767400660292799,9.621788914034648,9.70393010227776,3.4171264885453576,2.5201998317001477
253.63381784237896,9.76111550417053,9.76111550417053,9.634705216867355,9.698413662324652,3.9171264885453576,2.0201998317001477
253.83384451260167,9.754852450828036,9.754852450828036,9.652604114850046,9.696682332284704,4.190457001835775,2.5201998317001477
254.03387118282436,9.748611562095617,9.748611562095617,9.663746590022601,9.69032783448011,3.6904570018357754,2.0201998317001477
254.23389785304707,9.742392899584747,9.742392899584747,9.665916439706653,9.677934627627268,3.1904570018357754,1.5201998317001477
254.43392452326975,9.73619652468749,9.73619652468749,9.663416332570476,9.668381023605713,2.6904570018357754,2.0201998317001477
254.63395119349246,9.730022498575872,9.730022498575872,9.645569783023854,9.647241066164622,2.1904570018357754,1.5201998317001477
254.83397786371515,9.723870882201293,9.723870882201293,9.637445191771658,9.638397938904635,2.293246752985912,2.0201998317001477
255.03400453393786,9.717741736293917,9.717741736293917,9.63825614212612,9.623169198877392,2.793246752985912,1.5201998317001477
255.23403120416054,9.711635121362074,9.711635121362074,9.641546024630903,9.615884834249877,3.293246752985912,2.0201998317001477
255.43405787438323,9.70555109769166,9.70555109769166,9.639653534249991,9.601049027015096,2.793246752985912,1.5201998317001477
255.63408454460594,9.699489725345554,9.699489725345554,9.630391043077129,9.596704249929683,2.293246752985912,2.0201998317001477
255.83411121482862,9.693451064163007,9.693451064163007,9.621491846009194,9.585802493427058,2.409340827857398,1.5201998317001477
256.03413788505134,9.687435173759061,9.687435173759061,9.6237361828613,9.564767153435348,2.854722206045628,1.0201998317001477
256.23416455527405,9.681442113523964,9.681442113523964,9.626756990136824,9.555271385414859,3.354722206045628,1.5201998317001477
256.4341912254967,9.675471942622579,9.675471942622579,9.624240569230594,9.550684713006058,2.854722206045628,2.0201998317001477
256.6342178957194,9.669524719993795,9.669524719993795,9.608987571753785,9.553087822113936,2.354722206045628,2.5201998317001477
256.83424456594213,9.663600504349956,9.663600504349956,9.604277075827904,9.544894528020667,2.854722206045628,2.0201998317001477
257.0342712361648,9.657699354176275,9.657699354176275,9.607322645718172,9.541915921031705,3.2542018877516314,2.5201998317001477
257.2342979063875,9.651821327730254,9.651821327730254,9.606458378776745,9.53984102554556,2.7542018877516314,2.0201998317001477
257.4343245766102,9.645966483041112,9.645966483041112,9.59807618347614,9.535673487997967,2.2542018877516314,2.5201998317001477
257.6343512468329,9.640134877909219,9.640134877909219,9.592892837963705,9.527336836501165,2.5628838080727823,2.0201998317001477
257.8343779170556,9.634326569905515,9.634326569905515,9.582845456305368,9.520141032033651,2.0628838080727823,1.6573197310133394
258.0344045872783,9.628541616370942,9.628541616370942,9.557445265800412,9.511150721044718,1.5628838080727823,2.1573197310133394
258.234431257501,9.622780074415884,9.622780074415884,9.52445513752927,9.512282828631765,1.0628838080727823,2.6573197310133394
258.4344579277237,9.617042000919604,9.617042000919604,9.496337058052044,9.521116746215569,1.5628838080727823,3.1573197310133394
258.63448459794637,9.611327452529675,9.611327452529675,9.466028061338674,9.524789374716386,1.0628838080727823,2.6573197310133394
258.8345112681691,9.605636485661424,9.605636485661424,9.422284244284189,9.527822269020964,0.5628838080727823,3.0619225797512346
259.0345379383918,9.599969156497377,9.599969156497377,9.390609425475189,9.527764840447471,1.0628838080727823,2.5619225797512346
259.23456460861445,9.594325520986706,9.594325520986706,9.365579938721952,9.529458939275022,1.5628838080727823,2.859635282828857
259.43459127883716,9.588705634844668,9.588705634844668,9.346227690962438,9.53955919393772,2.0628838080727823,3.359635282828857
259.6346179490599,9.58310955355207,9.58310955355207,9.339263288884734,9.543437316172879,2.5628838080727823,2.859635282828857
259.8346446192826,9.577537332354702,9.577537332354702,9.340441440706469,9.537825278055855,3.0628838080727823,2.359635282828857
260.03467128950524,9.571989026262807,9.571989026262807,9.355591870032459,9.52602871017247,3.5628838080727823,1.8596352828288572
260.23469795972795,9.56646469005053,9.56646469005053,9.375297463247785,9.511816218599643,4.062883808072782,1.3596352828288572
260.43472462995067,9.560964378255385,9.560964378255385,9.400016572048427,9.501702841073776,4.562883808072782,1.6485954099236453
260.6347513001733,9.555488145177705,9.555488145177705,9.425665238367992,9.500053125110087,4.317319621930964,2.1485954099236455
260.83477797039603,9.550036044880118,9.550036044880118,9.443747012400722,9.489144225955943,3.817319621930964,1.6485954099236455
261.03480464061874,9.544608131187001,9.544608131187001,9.44951113195029,9.474464857043305,3.317319621930964,1.1485954099236455
261.23483131084146,9.539204457683963,9.539204457683963,9.462911220390902,9.46387076338866,3.817319621930964,1.6485954099236455
261.4348579810641,9.533825077717305,9.533825077717305,9.470925423149406,9.448154174460486,3.317319621930964,1.1722723629588625
261.6348846512868,9.528470044393494,9.528470044393494,9.46852103582888,9.438364634891911,2.817319621930964,1.6722723629588625
261.83491132150954,9.523139410578644,9.523139410578644,9.458694902589109,9.424079826682219,2.35582562086912,1.3960178672821342
262.0349379917322,9.517833228897992,9.517833228897992,9.445414213074733,9.415631971519032,1.85582562086912,1.8960178672821342
262.2349646619549,9.512551551735374,9.512551551735374,9.428532231304711,9.4140280957008,2.1237848692718755,2.396017867282134
262.4349913321776,9.507294431232719,9.507294431232719,9.40447756791405,9.420955711498634,1.6237848692718755,2.896017867282134
262.63501800240033,9.502061919289522,9.502061919289522,9.390329684629807,9.43242207092372,2.1237848692718755,3.396017867282134
262.835044672623,9.496854067562339,9.496854067562339,9.364915521704184,9.451276328493677,1.6237848692718755,3.757338625172864
263.0350713428457,9.491670927464268,9.491670927464268,9.335602528358736,9.456892088645999,1.1237848692718755,3.257338625172864
263.2350980130684,9.48651255016446,9.48651255016446,9.314158512244367,9.470476737722118,1.6237848692718755,3.72058216940081
263.4351246832911,9.481378986587588,9.481378986587588,9.306765762615877,9.47970999423587,2.1237848692718755,3.22058216940081
263.6351513535138,9.476270287413373,9.476270287413373,9.304650177336754,9.47908236697137,2.6237848692718755,2.72058216940081
263.8351780237365,9.471186503076057,9.471186503076057,9.304825917930131,9.474676092738841,3.1237848692718755,2.22058216940081
264.0352046939592,9.466127683763922,9.466127683763922,9.317695239168854,9.463905184823533,3.6237848692718755,1.72058216940081
264.23523136418186,9.461093879418794,9.461093879418794,9.319374829033679,9.44711168104973,3.1237848692718755,1.22058216940081
264.43525803440457,9.456085139735535,9.456085139735535,9.3266802256586,9.422610240580106,3.1755815797747133,0.7205821694008102
264.6352847046273,9.45110151416157,9.45110151416157,9.330555682330441,9.398346264657443,3.4056754023594773,0.460381508801072
264.83531137485,9.44614305189639,9.44614305189639,9.349053927819975,9.36670299109435,3.9056754023594773,0.03892878303565861
265.03533804507265,9.441209801891073,9.441209801891073,9.371806019962426,9.349323334552157,4.405675402359478,0.5389287830356586
265.23536471529536,9.436301812847784,9.436301812847784,9.384782935355425,9.333089726624204,3.9056754023594777,1.0389287830356586
265.4353913855181,9.431419133219318,9.431419133219318,9.39373562796139,9.319171729859358,3.431474551123732,1.5389287830356586
265.63541805574073,9.426561811208607,9.426561811208607,9.395770908781506,9.30076354335279,2.931474551123732,1.0389287830356586
265.83544472596344,9.42172989476824,9.42172989476824,9.398927038916012,9.28983303479363,3.431474551123732,1.5389287830356584
266.03547139618615,9.416923431600004,9.416923431600004,9.396208083297104,9.282338173866966,2.931474551123732,2.0389287830356584
266.23549806640887,9.4121424691544,9.4121424691544,9.398077976568212,9.282222596445767,2.8599202393259278,2.5389287830356584
266.4355247366315,9.407387054630187,9.407387054630187,9.400649848705248,9.28844504551407,3.074900052760841,3.0389287830356584
266.63555140685423,9.402657234973898,9.402657234973898,9.408907768312451,9.288893911556507,3.574900052760841,2.5389287830356584
266.83557807707695,9.397953056879402,9.397953056879402,9.42892269583164,9.286677238191745,3.973124566791937,2.1674803775990146
267.0356047472996,9.393274566787415,9.393274566787415,9.43891236221943,9.282628216656216,3.473124566791937,2.1398577715714606
267.2356314175223,9.388621810885066,9.388621810885066,9.442201650245568,9.284889121262959,2.973124566791937,2.6398577715714606
267.435658087745,9.38399483510542,9.38399483510542,9.449255002208261,9.28354429417722,3.473124566791937,2.1398577715714606
267.63568475796774,9.379393685127045,9.379393685127045,9.447789593230164,9.276025861966135,2.973124566791937,2.1141831442694707
267.8357114281904,9.374818406373546,9.374818406373546,9.438253586996268,9.271731920171527,2.473124566791937,2.013907364095453
268.0357380984131,9.370269044013117,9.370269044013117,9.422614523644905,9.2625856304454,1.9731245667919368,1.8812241106283654
268.2357647686358,9.365745642958103,9.365745642958103,9.40676703630119,9.262706192506387,1.982805440225325,2.381224110628365
268.43579143885853,9.361248247864559,9.361248247864559,9.38280026868874,9.269925017356169,1.482805440225325,2.881224110628365
268.6358181090812,9.356776903131797,9.356776903131797,9.367058559255701,9.26822812406827,1.982805440225325,2.381224110628365
268.8358447793039,9.352331652901952,9.352331652901952,9.348407442481905,9.267289219209847,1.7308048954353152,2.881224110628365
269.0358714495266,9.347912541059552,9.347912541059552,9.329510228782425,9.266316439823248,1.6383467154806366,2.381224110628365
269.23589811974927,9.34351961123108,9.34351961123108,9.315758649419422,9.268079013849292,2.138346715480637,2.881224110628365
269.435924789972,9.339152906784545,9.339152906784545,9.313980420519549,9.27841847928161,2.638346715480637,3.381224110628365
269.6359514601947,9.334812470829046,9.334812470829046,9.300175084499791,9.287368168692069,2.138346715480637,3.078500252235503
269.8359781304174,9.33049834621437,9.33049834621437,9.279688319802958,9.292338242086696,1.6383467154806368,2.578500252235503
270.03600480064006,9.326210575530533,9.326210575530533,9.268304150366088,9.301228022325613,2.138346715480637,3.078500252235503
270.23603147086277,9.321949201107392,9.321949201107392,9.265838728739727,9.30247644584593,2.638346715480637,2.578500252235503
270.4360581410855,9.317714265014208,9.317714265014208,9.25157893742209,9.305187370480382,2.138346715480637,2.5198250416359755
270.63608481130814,9.31350580905924,9.31350580905924,9.232079949791117,9.300303360563941,1.6383467154806368,2.0198250416359755
270.83611148153085,9.309323874789328,9.309323874789328,9.201717268418319,9.287256114225592,1.1383467154806368,1.5198250416359755
271.03613815175356,9.305168503489481,9.305168503489481,9.1774620048928,9.279276024173345,1.6383467154806368,2.0198250416359755
271.2361648219763,9.301039736182474,9.301039736182474,9.163095594008215,9.28134057358266,2.138346715480637,2.5198250416359755
271.43619149219893,9.29693761362845,9.29693761362845,9.152791465889537,9.273954784020257,2.4801426931380375,2.0198250416359755
271.63621816242164,9.292862176324492,9.292862176324492,9.149436076671783,9.257297073301455,2.9801426931380375,1.5198250416359755
271.83624483264435,9.288813464504253,9.288813464504253,9.159773327230932,9.252865129441474,3.4801426931380375,2.0198250416359755
272.036271502867,9.284791518137542,9.284791518137542,9.16320176257166,9.255971271547935,3.143354517627134,2.5198250416359755
272.2362981730897,9.280796376929933,9.280796376929933,9.163349582735515,9.24975138556151,2.7007594375524526,2.0198250416359755
272.43632484331243,9.276828080322375,9.276828080322375,9.15311367750989,9.246658650306134,2.2007594375524526,2.5198250416359755
272.63635151353515,9.272886667490795,9.272886667490795,9.151477803872863,9.252732992849673,2.7007594375524526,3.0198250416359755
272.8363781837578,9.268972177345727,9.268972177345727,9.156612337811522,9.252183947036063,3.2007594375524526,2.5198250416359755
273.0364048539805,9.26508464853191,9.26508464853191,9.155299751099546,9.253090667980311,2.7007594375524526,2.571659673381972
273.2364315242032,9.261224119427922,9.261224119427922,9.145615211226422,9.252059105663948,2.2007594375524526,2.071659673381972
273.43645819442594,9.257390628145783,9.257390628145783,9.142218073437869,9.254358424959072,2.7007594375524526,2.571659673381972
273.6364848646486,9.253584212530601,9.253584212530601,9.15037395400319,9.249455284433267,3.18147588062405,2.071659673381972
273.8365115348713,9.249804910160176,9.249804910160176,9.165384106597136,9.237678264099577,3.68147588062405,1.5716596733819719
274.036538205094,9.24605275834465,9.24605275834465,9.190379535348212,9.230702792101406,4.18147588062405,2.071659673381972
274.2365648753167,9.242327794126123,9.242327794126123,9.211350740164905,9.224489973168028,4.170984705109763,1.9626366586714938
274.4365915455394,9.238630054278293,9.238630054278293,9.241511168013096,9.217570994270812,4.500202313436736,1.8282336985268537
274.6366182157621,9.23495957530609,9.23495957530609,9.26423183158565,9.204868468206039,4.000202313436736,1.3282336985268537
274.8366448859848,9.23131639344533,9.23131639344533,9.274135131065945,9.197621227493316,3.500202313436736,1.8282336985268537
275.03667155620747,9.22770054466233,9.22770054466233,9.278681089063088,9.196432826726772,3.000202313436736,2.3282336985268537
275.2366982264302,9.224112064653578,9.224112064653578,9.268900790458769,9.186817616236784,2.500202313436736,1.8282336985268537
275.4367248966529,9.220550988845371,9.220550988845371,9.255497351914688,9.171494502348262,2.000202313436736,1.3282336985268537
275.63675156687555,9.217017352393464,9.217017352393464,9.251882567024575,9.1553454541063,2.500202313436736,0.8282336985268537
275.83677823709826,9.213511190182722,9.213511190182722,9.238834992129672,9.140865138084948,2.000202313436736,1.3282336985268537
276.03680490732097,9.210032536826782,9.210032536826782,9.214198856475042,9.132405496412575,1.500202313436736,1.819850446869797
276.2368315775437,9.206581426667704,9.206581426667704,9.20185827552224,9.133851828003008,2.000202313436736,2.319850446869797
276.43685824776634,9.20315789377564,9.20315789377564,9.185245446353287,9.141064081587759,1.8489916204969266,2.819850446869797
276.63688491798905,9.199761971948487,9.199761971948487,9.165758335750958,9.140755117515429,1.6506999028016862,2.319850446869797
276.83691158821176,9.19639369471156,9.19639369471156,9.1509223334185,9.142597852374266,2.150699902801686,2.819850446869797
277.0369382584344,9.193053095317266,9.193053095317266,9.149691842373329,9.145780451216048,2.650699902801686,2.614055546279932
277.23696492865713,9.189740206744762,9.189740206744762,9.14414607879007,9.14302383925383,2.59718086837446,2.2988284579465854
277.43699159887984,9.186455061699647,9.186455061699647,9.132601523055495,9.143891236417051,2.09718086837446,2.513504635068414
277.63701826910255,9.183197692613621,9.183197692613621,9.120613807716218,9.145927252528887,2.0892552984852597,2.648669311010778
277.8370449393252,9.179968131644177,9.179968131644177,9.115838461517717,9.14334105249888,2.5892552984852597,2.148669311010778
278.0370716095479,9.17676641067428,9.17676641067428,9.107147385020442,9.137305581066517,2.092941096271399,1.648669311010778
278.23709827977063,9.173592561312052,9.173592561312052,9.105580146711857,9.130781040148587,2.592941096271399,1.8432777881940088
278.43712494999335,9.170446614890457,9.170446614890457,9.092157082491594,9.125467660937836,2.092941096271399,2.003105239351408
278.637151620216,9.167328602467,9.167328602467,9.085483133078364,9.122974886812463,2.592941096271399,2.391978107111048
278.8371782904387,9.164238554823413,9.164238554823413,9.080133359062833,9.130037468369746,2.272584699992051,2.683106806607128
279.0372049606614,9.161176502465352,9.161176502465352,9.077577664481092,9.12561318309601,2.772584699992051,2.183106806607128
279.2372316308841,9.1581424756221,9.1581424756221,9.078623126045454,9.1285421708146,2.9319243917584887,2.683106806607128
279.4372583011068,9.15513650424626,9.15513650424626,9.078229116858054,9.124352719918935,2.878221527258428,2.183106806607128
279.6372849713295,9.152158618013472,9.152158618013472,9.084638216931635,9.125134466000162,3.378221527258428,2.683106806607128
279.8373116415522,9.149208846322109,9.149208846322109,9.086789117319299,9.133054740822354,2.878221527258428,3.183106806607128
280.0373383117749,9.146287218292994,9.146287218292994,9.084680337511978,9.138098073223789,2.8427403524297397,3.091040784917527
280.2373649819976,9.143393762769103,9.143393762769103,9.088469781045271,9.138973833829601,2.8785467205907627,2.591040784917527
280.4373916522203,9.140528508315292,9.140528508315292,9.08894278887193,9.132968520049513,2.9109528539205893,2.091040784917527
280.63741832244295,9.13769148321801,9.13769148321801,9.087760642007867,9.123986249216202,2.6366399494506174,1.591040784917527
280.83744499266567,9.134882715485016,9.134882715485016,9.076489384712017,9.108198846205452,2.1366399494506174,1.091040784917527
281.0374716628884,9.13210223284511,9.13210223284511,9.072602741199267,9.098243324299846,2.6366399494506174,1.591040784917527
281.2374983331111,9.129350062747848,9.129350062747848,9.081079349459166,9.091718137250545,3.1366399494506174,2.091040784917527
281.43752500333375,9.126626232363288,9.126626232363288,9.080200814487883,9.092029269955162,2.6366399494506174,2.591040784917527
281.63755167355646,9.123930768581701,9.123930768581701,9.070153434865551,9.090477575947913,2.2748449350688906,2.25706065023026
281.83757834377917,9.121263698013324,9.121263698013324,9.070976855046936,9.093823280372437,2.7748449350688906,2.75706065023026
282.0376050140019,9.11862504698809,9.11862504698809,9.06727284069703,9.087065117093744,2.5178603395967243,2.25706065023026
282.23763168422454,9.116014841555362,9.116014841555362,9.073364021258357,9.08467937343449,3.0178603395967243,2.168328466138796
282.43765835444725,9.113433107483688,9.113433107483688,9.079987092089763,9.088028583472889,3.160747905574624,2.668328466138796
282.63768502466996,9.110879870260534,9.110879870260534,9.092749257471953,9.090767365124604,3.660747905574624,2.7051072293954608
282.8377116948926,9.108355155092045,9.108355155092045,9.103981828330337,9.100468696487603,3.160747905574624,3.2051072293954608
283.03773836511533,9.105858986902785,9.105858986902785,9.10018502005667,9.104814369526098,2.660747905574624,2.7051072293954608
283.23776503533804,9.103391390335496,9.103391390335496,9.105094433620392,9.113550808079,2.998693770149259,3.2051072293954608
283.43779170556076,9.100952389750859,9.100952389750859,9.096252004912323,9.116084364404143,2.498693770149259,2.7051072293954608
283.6378183757834,9.098542009227241,9.098542009227241,9.085387545424553,9.126280628124567,1.9986937701492589,3.2051072293954608
283.8378450460061,9.096160272560475,9.096160272560475,9.081880988534254,9.1319251233146,2.498693770149259,2.7051072293954608
284.03787171622884,9.093807203263605,9.093807203263605,9.065806036591411,9.129707503139697,1.9986937701492589,2.2051072293954608
284.2378983864515,9.091482824566672,9.091482824566672,9.057624690529329,9.134698174701345,2.498693770149259,2.5997310207445206
284.4379250566742,9.089187159416475,9.089187159416475,9.045201587170629,9.133811933104678,1.9986937701492589,2.0997310207445206
284.6379517268969,9.086920230476341,9.086920230476341,9.039539923835438,9.134424316827959,2.498693770149259,2.5997310207445206
284.8379783971196,9.084682060125918,9.084682060125918,9.044625206824335,9.126999780358316,2.998693770149259,2.0997310207445206
285.0380050673423,9.082472670460929,9.082472670460929,9.058108645988113,9.132405629778058,3.498693770149259,2.5997310207445206
285.238031737565,9.080292083292978,9.080292083292978,9.058859493020119,9.127565091255681,2.998693770149259,2.0997310207445206
285.4380584077877,9.078140320149316,9.078140320149316,9.060917329364091,9.118631477791713,2.8110125059152558,1.5997310207445206
285.63808507801036,9.076017402272647,9.076017402272647,9.0583963332375,9.100461402199432,2.7515845186146386,1.0997310207445206
285.8381117482331,9.073923350620898,9.073923350620898,9.065199728719303,9.07509750140016,2.943950485522295,0.5997310207445206
286.0381384184558,9.071858185867026,9.071858185867026,9.056752868678059,9.05889172130104,2.443950485522295,1.0997310207445206
286.2381650886785,9.06982192839881,9.06982192839881,9.045856824050409,9.047270533447973,1.9439504855222949,1.5997310207445206
286.43819175890116,9.067814598318648,9.067814598318648,9.043289395129749,9.043014150070109,2.443950485522295,2.0997310207445206
286.63821842912387,9.065836215443365,9.065836215443365,9.0266631749221,9.043051152824631,1.9439504855222949,2.5997310207445206
286.8382450993466,9.063886799304006,9.063886799304006,9.019620968117856,9.048940833157651,2.443950485522295,3.0997310207445206
287.0382717695693,9.061966369145656,9.061966369145656,9.015239335187138,9.064809308217143,2.467502269127607,3.5997310207445206
287.23829843979195,9.060074943927237,9.060074943927237,9.001764957491318,9.080439394939958,1.967502269127607,3.7407086000068763
287.43832511001466,9.058212542321336,9.058212542321336,8.998191708492781,9.092652149559454,2.467502269127607,3.5862761438441564
287.6383517802374,9.056379182714002,9.056379182714002,8.987920353397156,9.10090366913864,1.967502269127607,3.0862761438441564
287.83837845046,9.054574883204586,9.054574883204586,8.97045525071815,9.101915392820162,1.8577591519184282,2.5862761438441564
288.03840512068274,9.05279966160554,9.05279966160554,8.955616626730652,9.096343015018903,2.2246148392155662,2.0862761438441564
288.23843179090545,9.051053535442263,9.051053535442263,8.948577461036557,9.09813649998762,2.7246148392155662,2.5862761438441564
288.43845846112816,9.049336521952906,9.049336521952906,8.958522466168155,9.090200166927442,3.2246148392155662,2.0862761438441564
288.6384851313508,9.047648638088225,9.047648638088225,8.963308843190731,9.07773124718697,2.7246148392155662,1.5862761438441564
288.83851180157353,9.04598990051139,9.04598990051139,8.96814389004485,9.06207242714035,3.2246148392155662,1.0862761438441564
289.03853847179624,9.044360325597841,9.044360325597841,8.977955520081041,9.038147233622421,3.7246148392155662,0.6177918809911402
289.2385651420189,9.042759929435114,9.042759929435114,9.003326844141505,9.021235167766736,4.224614839215566,1.1177918809911402
289.4385918122416,9.041188727822686,9.041188727822686,9.016972936221974,9.01367356476119,3.7246148392155662,1.6177918809911402
289.6386184824643,9.039646736271816,9.039646736271816,9.01963750609884,9.009314363440751,3.2246148392155662,2.11779188099114
289.83864515268704,9.0381339700054,9.0381339700054,9.017234023666331,9.013116119357365,2.7246148392155662,2.506534106017794
290.0386718229097,9.036650443957813,9.036650443957813,9.024793999433346,9.007235307831342,3.2246148392155662,2.006534106017794
290.2386984931324,9.03519617277476,9.03519617277476,9.040750639078716,9.011984884107028,3.7246148392155662,2.506534106017794
290.4387251633551,9.033771170813143,9.033771170813143,9.059608362698759,9.01275799531629,3.8820465918785696,2.7036596233378933
290.63875183357777,9.032375452140904,9.032375452140904,9.070764829284522,9.010511624982843,3.3820465918785696,2.2036596233378933
290.8387785038005,9.0310090305369,9.0310090305369,9.071146787196092,8.999727584291827,2.8820465918785696,1.7036596233378933
291.0388051740232,9.029671919490754,9.029671919490754,9.079207390471982,8.995498971422855,3.3820465918785696,2.2036596233378933
291.2388318442459,9.028364132202734,9.028364132202734,9.079844608721292,8.998050833881143,2.8820465918785696,2.7036596233378933
291.43885851446856,9.027085681583614,9.027085681583614,9.084628373200562,8.99410106269604,3.0983550803659847,2.2036596233378933
291.6388851846913,9.025836580254554,9.025836580254554,9.080703633159482,8.996274213490855,2.5983550803659847,2.7036596233378933
291.838911854914,9.024616840546965,9.024616840546965,9.070353109722287,9.008651911847746,2.0983550803659847,3.2036596233378933
292.0389385251367,9.023426474502397,9.023426474502397,9.070128066094675,9.013469102893762,2.5983550803659847,2.8122447784564564
292.23896519535936,9.022265493872416,9.022265493872416,9.073627317916799,9.024591609522231,3.063180567953441,3.3122447784564564
292.43899186558207,9.021133910118488,9.021133910118488,9.067729685098639,9.028372493451297,2.563180567953441,2.8440436879247875
292.6390185358048,9.020031734411868,9.020031734411868,9.058499406378694,9.02607469066894,2.063180567953441,2.3440436879247875
292.83904520602744,9.018958977633485,9.018958977633485,9.053323566005584,9.019885377548418,2.527565132232438,1.8440436879247875
293.03907187625015,9.017915650373839,9.017915650373839,9.058933760395853,9.018094834101728,3.027565132232438,2.3440436879247875
293.23909854647286,9.016901762932896,9.016901762932896,9.05496363966723,9.018154150808334,2.527565132232438,2.3367305951964803
293.4391252166956,9.015917325319986,9.015917325319986,9.042928138427806,9.011305531239675,2.027565132232438,1.8367305951964803
293.6391518869182,9.0149623472537,9.0149623472537,9.036181154658884,9.013965395390159,2.320609295959235,2.3367305951964803
293.83917855714094,9.014036838161802,9.014036838161802,9.01908078105849,9.00622891680557,1.820609295959235,1.8367305951964803
294.03920522736365,9.013140807181127,9.013140807181127,9.011870955716866,8.994364089365197,2.320609295959235,1.4916317075274486
294.2392318975863,9.0122742631575,9.0122742631575,9.013410407513964,8.988305702576511,2.820609295959235,1.9916317075274486
294.439258567809,9.011437214645643,9.011437214645643,9.024123196346887,8.98749086006958,3.320609295959235,2.4916317075274486
294.63928523803173,9.010629669909086,9.010629669909086,9.04268576434229,8.981307300742372,3.820609295959235,1.9916317075274486
294.83931190825444,9.009851636920098,9.009851636920098,9.0490611879155,8.96858660816975,3.320609295959235,1.4916317075274486
295.0393385784771,9.009103123359598,9.009103123359598,9.05428441945269,8.962396327732769,3.270980441301265,1.9230582636210247
295.2393652486998,9.008384136617083,9.008384136617083,9.05138917476849,8.959731144045106,2.802428253330588,2.4230582636210247
295.4393919189225,9.007694683790556,9.007694683790556,9.047436145447227,8.958384323035594,2.302428253330588,2.4692747987463246
295.6394185891452,9.00703477168645,9.00703477168645,9.03494930478447,8.965947841697618,1.802428253330588,2.9692747987463246
295.8394452593679,9.006404406819572,9.006404406819572,9.025999911713457,8.9653599014265,2.302428253330588,2.4692747987463246
296.0394719295906,9.005803595413024,9.005803595413024,9.026014772256435,8.973607976846264,2.802428253330588,2.9692747987463246
296.2394985998133,9.00523234339816,9.00523234339816,9.03688441160089,8.977089392120385,3.302428253330588,2.4692747987463246
296.439525270036,9.004690656414502,9.004690656414502,9.032052198869279,8.973878323558527,2.802428253330588,1.9692747987463246
296.6395519402587,9.004178539809713,9.004178539809713,9.030511734073267,8.971694934339721,2.3191002678261246,2.4692747987463246
296.8395786104814,9.003695998639524,9.003695998639524,9.027963508378226,8.976118659767234,2.507579993980656,2.9692747987463246
297.0396052807041,9.003243037667692,9.003243037667692,9.032282574318499,8.98862681987589,3.007579993980656,3.4692747987463246
297.23963195092676,9.002819661365953,9.002819661365953,9.045805377940598,9.008715444587903,3.507579993980656,3.9692747987463246
297.4396586211495,9.002425873913973,9.002425873913973,9.059694428991177,9.025401511809978,3.6953102349864952,3.4692747987463246
297.6396852913722,9.002061679199311,9.002061679199311,9.065954288161931,9.030051241531565,3.1953102349864952,2.9692747987463246
297.83971196159484,9.001727080817382,9.001727080817382,9.07900252168178,9.033790332319208,3.6953102349864952,2.4692747987463246
298.03973863181756,9.001422082071414,9.001422082071414,9.089152468003796,9.039621179372698,3.1953102349864952,2.9692747987463246
298.23976530204027,9.001146685972431,9.001146685972431,9.090425134213906,9.048025087048039,2.6953102349864952,3.241819629919279
298.439791972263,9.000900895239202,9.000900895239202,9.083443577474528,9.063997995693798,2.1953102349864952,3.741819629919279
298.63981864248564,9.00068471229823,9.00068471229823,9.066480312873185,9.076574552095456,1.6953102349864952,3.241819629919279
298.83984531270835,9.000498139283723,9.000498139283723,9.040870165275084,9.083243886881778,1.1953102349864952,2.9893415450270493
299.03987198293106,9.000341178037573,9.000341178037573,9.020516870243195,9.08301201951847,1.6953102349864952,2.4893415450270493
299.2398986531537,9.000213830109333,9.000213830109333,9.012005679394948,9.083286391479175,2.1953102349864952,2.6592853972136683
299.43992532337643,9.000116096756216,9.000116096756216,9.012784080675019,9.081961315868568,2.6953102349864952,2.1592853972136683
299.63995199359914,9.000047978943067,9.000047978943067,9.022541605070005,9.075151838648381,3.1953102349864952,1.6592853972136683
299.83997866382185,9.00000947734236,9.00000947734236,9.038659705950746,9.070709035245521,3.6953102349864952,2.1592853972136683
300.0400053340445,9.000000592334189,9.000000592334189,9.06169703841898,9.061846002464938,4.195310234986495,1.6592853972136683
300.2400320042672,9.000021324006273,9.000021324006273,9.08435130351335,9.044302154119718,3.6953102349864952,1.184963563167732
300.44005867448993,9.000071672153943,9.000071672153943,9.09365233434052,9.032889909588114,3.1953102349864952,1.684963563167732
300.6400853447126,9.00015163628015,9.00015163628015,9.093205990395585,9.027142423064413,2.6953102349864952,2.1849635631677318
300.8401120149353,9.000261215595469,9.000261215595469,9.101210031368105,9.03121169533901,3.1953102349864952,2.6849635631677318
301.040138685158,9.00040040901811,9.00040040901811,9.100258774446868,9.039664818239187,2.6953102349864952,3.1213682102408975
301.2401653553807,9.000569215173922,9.000569215173922,9.09144963254863,9.042629738342528,2.1953102349864952,2.6213682102408975
301.4401920256034,9.00076763239641,9.00076763239641,9.074419188998146,9.04093769384559,1.6953102349864952,2.1213682102408975
301.6402186958261,9.00099565872676,9.00099565872676,9.051104939974561,9.028345006436961,1.1953102349864952,1.6213682102408977
301.8402453660488,9.001253291913839,9.001253291913839,9.031430482007261,9.026051696128604,1.6953102349864952,2.1213682102408975
302.0402720362715,9.001540529414235,9.001540529414235,9.023208397662646,9.029829023935227,2.1953102349864952,2.6213682102408975
302.2402987064942,9.001857368392272,9.001857368392272,9.014495420121632,9.032724014643941,2.1992737975221446,2.629469949695707
302.4403253767169,9.002203805720047,9.002203805720047,9.016574093174214,9.032171375692279,2.6992737975221446,2.129469949695707
302.6403520469396,9.002579837977446,9.002579837977446,9.024599819550238,9.031980585603302,3.1992737975221446,2.629469949695707
302.84037871716225,9.002985461452196,9.002985461452196,9.02170184726121,9.040322208374544,2.6992737975221446,3.129469949695707
303.04040538738496,9.003420672139889,9.003420672139889,9.01451656579192,9.044472120303766,2.1992737975221446,2.629469949695707
303.2404320576077,9.003885465744027,9.003885465744027,9.012141250776686,9.051369929870445,2.446226939225743,3.129469949695707
303.4404587278304,9.004379837676058,9.004379837676058,9.017039936935447,9.052843105539077,2.946226939225743,2.629469949695707
303.64048539805304,9.004903783055429,9.004903783055429,9.031819509073745,9.055753950072523,3.446226939225743,2.8253162129152884
303.84051206827576,9.005457296709636,9.005457296709636,9.035957071147951,9.058786400921186,2.946226939225743,2.918355720570763
304.04053873849847,9.006040373174262,9.006040373174262,9.03005994149489,9.067061725280501,2.446226939225743,3.131465543317804
304.2405654087211,9.006653006693043,9.006653006693043,9.031186155561803,9.071101697882556,2.946226939225743,2.631465543317804
304.44059207894384,9.00729519121792,9.00729519121792,9.033803639949687,9.065495018979831,2.446226939225743,2.131465543317804
304.64061874916655,9.007966920409105,9.007966920409105,9.037006699443856,9.057939422503908,2.946226939225743,1.631465543317804
304.84064541938926,9.008668187635129,9.008668187635129,9.039988050044368,9.037687574162183,3.08127297195668,1.131465543317804
305.0406720896119,9.009398985972922,9.009398985972922,9.054860758593621,9.015272555380049,3.58127297195668,0.631465543317804
305.24069875983463,9.010159308207879,9.010159308207879,9.067563959740772,8.992642713880247,3.4529487701952677,0.6096809930059665
305.44072543005734,9.010949146833923,9.010949146833923,9.070587741503665,8.974141510821322,2.9529487701952677,1.1096809930059663
305.64075210028,9.011768494053584,9.011768494053584,9.073352011541921,8.968185587196022,2.996389086714393,1.6096809930059663
305.8407787705027,9.012617341778082,9.012617341778082,9.068407229965025,8.94884176570138,2.496389086714393,1.1096809930059663
306.0408054407254,9.013495681627399,9.013495681627399,9.072870771426782,8.940350075603048,2.996389086714393,1.6096809930059663
306.24083211094813,9.01440350493036,9.01440350493036,9.08467782100479,8.935140289066668,3.347344226556076,2.1096809930059663
306.4408587811708,9.015340802724726,9.015340802724726,9.105875912733044,8.935006061735061,3.847344226556076,2.6096809930059663
306.6408854513935,9.016307565757282,9.016307565757282,9.114729610803733,8.940854261879181,3.347344226556076,2.9680897533441586
306.8409121216162,9.017303784483921,9.017303784483921,9.119003942187783,8.953387546484443,3.1551167384792316,3.4680897533441586
307.0409387918389,9.018329449069741,9.018329449069741,9.116980065690461,8.9593875195832,2.6551167384792316,2.9680897533441586
307.2409654620616,9.01938454938915,9.01938454938915,9.119722816653809,8.975192605843025,2.817884127821557,3.4578824437657305
307.4409921322843,9.020469075025954,9.020469075025954,9.111715292517987,8.984110604358467,2.317884127821557,3.3506905233168003
307.641018802507,9.021583015273471,9.021583015273471,9.094675538347543,8.992680956226327,1.8178841278215572,3.1558315603868548
307.84104547272966,9.022726359134625,9.022726359134625,9.081302761104544,9.009380769008969,1.8465656057305964,3.6558315603868548
308.0410721429524,9.023899095322065,9.023899095322065,9.069357415470693,9.019282454276727,1.9879838745304652,3.1558315603868548
308.2410988131751,9.02510121225827,9.02510121225827,9.062450383815516,9.03362213789054,2.487983874530465,3.6558315603868548
308.4411254833978,9.02633269807567,9.02633269807567,9.068880601329726,9.05250586217024,2.987983874530465,4.034949101219918
308.64115215362045,9.027593540616753,9.027593540616753,9.067312391469859,9.068360234993616,2.487983874530465,3.534949101219918
308.84117882384317,9.028883727434192,9.028883727434192,9.053559340684718,9.080633143330948,1.9879838745304652,3.587027333733745
309.0412054940659,9.030203245790968,9.030203245790968,9.049733837950551,9.090118090389439,2.487983874530465,3.087027333733745
309.24123216428853,9.031552082660497,9.031552082660497,9.046771373422551,9.091527673638925,2.310111406060594,2.587027333733745
309.44125883451125,9.032930224726751,9.032930224726751,9.041763055110785,9.08616116588439,2.3055512818409976,2.087027333733745
309.64128550473396,9.034337658384395,9.034337658384395,9.041981946746608,9.089027743149263,2.8055512818409976,2.587027333733745
309.84131217495667,9.035774369738924,9.035774369738924,9.054406831102707,9.085737219835515,3.3055512818409976,2.231629748698267
310.0413388451793,9.037240344606795,9.037240344606795,9.071870556798247,9.079018953230245,3.8055512818409976,1.7316297486982668
310.24136551540204,9.038735568515568,9.038735568515568,9.084878865440713,9.059462128862995,3.3055512818409976,1.2316297486982668
310.44139218562475,9.04026002670405,9.04026002670405,9.097438897616431,9.048613730247125,3.214486685619651,1.7316297486982668
310.6414188558474,9.041813704122443,9.041813704122443,9.099034671721348,9.045546641907073,2.714486685619651,2.231629748698267
310.8414455260701,9.043396585432486,9.043396585432486,9.088464538139128,9.039403306879686,2.214486685619651,1.7316297486982668
311.04147219629283,9.045008655007614,9.045008655007614,9.08805202331221,9.03711786216419,2.714486685619651,2.231629748698267
311.24149886651554,9.046649896933108,9.046649896933108,9.094077774580587,9.038121281359391,3.214486685619651,2.731629748698267
311.4415255367382,9.04832029500625,9.04832029500625,9.10179544618169,9.04425917829053,3.096331309869795,3.231629748698267
311.6415522069609,9.05001983273649,9.05001983273649,9.105663709745546,9.062086598639727,3.1034840959419743,3.731629748698267
311.8415788771836,9.051748493345602,9.051748493345602,9.119764349673073,9.076727084455717,3.463967108836193,3.585289750056292
312.04160554740633,9.053506259767858,9.053506259767858,9.122997606108303,9.082297431161447,2.963967108836193,3.085289750056292
312.241632217629,9.055293114650176,9.055293114650176,9.116569618355259,9.09062854782344,2.463967108836193,3.4701357775619734
312.4416588878517,9.057109040352325,9.057109040352325,9.105510196488256,9.096673209114957,1.9639671088361932,2.9701357775619734
312.6416855580744,9.058954018947066,9.058954018947066,9.10092625572853,9.110223023144625,2.463967108836193,3.4701357775619734
312.84171222829707,9.060828032220352,9.060828032220352,9.088273520392374,9.126018637620238,1.9639671088361932,3.7108714572488117
313.0417388985198,9.062731061671492,9.062731061671492,9.086365655653955,9.139623267200653,2.463967108836193,3.2108714572488117
313.2417655687425,9.064663088513345,9.064663088513345,9.071419508176376,9.141898440205429,1.9639671088361932,2.7108714572488117
313.4417922389652,9.066624093672502,9.066624093672502,9.058149066853364,9.15225875798642,1.878697528325227,3.2108714572488117
313.64181890918786,9.068614057789471,9.068614057789471,9.054144844763384,9.158971771738452,2.378697528325227,3.1035232618347135
313.8418455794106,9.07063296121887,9.07063296121887,9.049153308901568,9.166468568848357,2.3690722827416617,3.2135036533937678
314.0418722496333,9.072680784029622,9.072680784029622,9.031958601973564,9.169699409620279,1.8690722827416617,2.7135036533937678
314.24189891985594,9.074757506005152,9.074757506005152,9.026098804104913,9.179463586870733,2.3690722827416617,3.2135036533937678
314.44192559007865,9.076863106643588,9.076863106643588,9.02649401572658,9.188428026716796,2.7556989097244458,3.1607535120599066
314.64195226030137,9.078997565157957,9.078997565157957,9.03624726889186,9.18895583562507,3.14314385952925,2.6607535120599066
314.8419789305241,9.081160860476398,9.081160860476398,9.043101850840216,9.183713761231237,3.432168869413637,2.1607535120599066
315.04200560074673,9.083352971242363,9.083352971242363,9.064160371458813,9.184976379797407,3.932168869413637,2.6607535120599066
315.24203227096945,9.085573875814834,9.085573875814834,9.07398520156695,9.182511206088982,3.432168869413637,2.1607535120599066
315.44205894119216,9.087823552268533,9.087823552268533,9.0943646611123,9.175168062857523,3.7273225781570334,1.6607535120599066
315.6420856114148,9.09010197839414,9.09010197839414,9.12203400965687,9.168300842727358,4.227322578157033,1.6722354069158563
315.8421122816375,9.09240913169851,9.09240913169851,9.140020958540973,9.152440811476792,3.7273225781570334,1.1722354069158563
316.04213895186024,9.094744989404902,9.094744989404902,9.148075502756976,9.133237592803207,3.2273225781570334,0.8642608468519306
316.24216562208295,9.097109528453188,9.097109528453188,9.147848125629942,9.108676863607824,2.7273225781570334,0.5051277607744507
316.4421922923056,9.099502725500102,9.099502725500102,9.137909997477182,9.0923813941878,2.2273225781570334,1.0051277607744507
316.6422189625283,9.101924556919453,9.101924556919453,9.139655455167606,9.080917152098579,2.7273225781570334,1.5051277607744507
316.84224563275103,9.10437499880237,9.10437499880237,9.12652321649488,9.07411660729051,2.2717079514083163,2.0051277607744504
317.04227230297374,9.106854026957532,9.106854026957532,9.129491245194467,9.075541552641463,2.7717079514083163,2.5051277607744504
317.2422989731964,9.109361616911398,9.109361616911398,9.12157147859639,9.082709103761701,2.2717079514083163,3.0051277607744504
317.4423256434191,9.111897743908477,9.111897743908477,9.12180303456492,9.095366970291321,2.7717079514083163,3.5051277607744504
317.6423523136418,9.114462382911535,9.114462382911535,9.118771225283284,9.11699460605054,2.4325217311086567,4.00512776077445
317.8423789838645,9.117055508601872,9.117055508601872,9.11301070330147,9.128943483052844,2.092658883321077,3.5051277607744504
318.0424056540872,9.11967709537956,9.11967709537956,9.112566849649898,9.146668419777429,2.592658883321077,4.00512776077445
318.2424323243099,9.122327117363692,9.122327117363692,9.105660266302039,9.161317846773386,2.092658883321077,3.5051277607744504
318.4424589945326,9.125005548392647,9.125005548392647,9.104604703333258,9.17341732554551,2.592658883321077,3.0779454646521116
318.64248566475527,9.12771236202434,9.12771236202434,9.113467602345201,9.188942051362218,3.092658883321077,3.5779454646521116
318.842512334978,9.130447531536488,9.130447531536488,9.11812821337041,9.196291769454982,2.8320503781240145,3.0779454646521116
319.0425390052007,9.133211029926873,9.133211029926873,9.127500170892647,9.204891792686512,3.3320503781240145,3.3745781763153593
319.24256567542335,9.136002829913604,9.136002829913604,9.148380520752465,9.225246925992158,3.8320503781240145,3.8745781763153593
319.44259234564606,9.138822903935397,9.138822903935397,9.156398667638841,9.239248510976722,3.3320503781240145,3.3745781763153593
319.6426190158688,9.141671224151835,9.141671224151835,9.167751162233728,9.24293569030216,3.3102332034737576,2.8745781763153593
319.8426456860915,9.144547762443647,9.144547762443647,9.170976927937508,9.24082079681698,2.8102332034737576,2.3745781763153593
320.04267235631414,9.147452490412991,9.147452490412991,9.162680982324572,9.246074292228853,2.3102332034737576,2.824560597961514
320.24269902653685,9.15038537938373,9.15038537938373,9.16666303900672,9.245248409434414,2.8102332034737576,2.324560597961514
320.44272569675957,9.153346400401713,9.153346400401713,9.17638554431819,9.241700441189307,3.3102332034737576,2.2508314737366177
320.6427523669823,9.156335524235057,9.156335524235057,9.181470558459834,9.234306017213013,2.8102332034737576,1.7508314737366177
320.84277903720493,9.159352721374455,9.159352721374455,9.173956768124839,9.231557195138123,2.3102332034737576,2.2508314737366177
321.04280570742765,9.162397962033445,9.162397962033445,9.175596980026938,9.224130179295742,2.8102332034737576,1.7508314737366177
321.24283237765036,9.165471216148715,9.165471216148715,9.189654422712172,9.22203810356806,3.3102332034737576,2.2508314737366177
321.442859047873,9.168572453380394,9.168572453380394,9.196552699079222,9.228196388844703,2.8102332034737576,2.7508314737366177
321.6428857180957,9.171701643112364,9.171701643112364,9.204997453135588,9.223696577305581,3.3102332034737576,2.2508314737366177
321.84291238831844,9.174858754452545,9.174858754452545,9.212400659456097,9.228013698223,3.021123072504363,2.7508314737366177
322.04293905854115,9.178043756233215,9.178043756233215,9.2289447000202,9.226404581295219,3.521123072504363,2.2508314737366177
322.2429657287638,9.181256617011304,9.181256617011304,9.234105947101105,9.21881449501789,3.021123072504363,1.7508314737366177
322.4429923989865,9.184497305068716,9.184497305068716,9.245114657341732,9.219835459881478,3.2782756499022043,2.2508314737366177
322.64301906920923,9.18776578841264,9.18776578841264,9.249891419665506,9.226842799048963,2.9525291599009535,2.7508314737366177
322.8430457394319,9.191062034775857,9.191062034775857,9.24879075667979,9.222553908540066,2.4525291599009535,2.2508314737366177
323.0430724096546,9.194386011617077,9.194386011617077,9.239707385655128,9.22308147791591,1.9715361262163005,2.504534242109659
323.2430990798773,9.197737686121231,9.197737686121231,9.221610153556972,9.231951485363277,1.4715361262163005,3.004534242109659
323.4431257501,9.201117025199828,9.201117025199828,9.208213825649908,9.248144295411237,1.799452474729787,3.504534242109659
323.6431524203227,9.204523995491257,9.204523995491257,9.205023411171208,9.269314782570135,2.299452474729787,4.004534242109659
323.8431790905454,9.207958563361128,9.207958563361128,9.19077240775934,9.284732700432306,1.799452474729787,3.504534242109659
324.0432057607681,9.211420694902603,9.211420694902603,9.183467492671758,9.292943031937451,2.299452474729787,3.004534242109659
324.24323243099076,9.214910355936727,9.214910355936727,9.184890754659325,9.29304672037659,2.799452474729787,2.504534242109659
324.44325910121347,9.218427512012767,9.218427512012767,9.181038395052756,9.287821460078554,2.299452474729787,2.004534242109659
324.6432857714362,9.221972128408556,9.221972128408556,9.18302272031291,9.273958774522127,2.799452474729787,1.5045342421096592
324.8433124416589,9.225544170130831,9.225544170130831,9.192768509176002,9.269469906582364,3.299452474729787,2.004534242109659
325.04333911188155,9.229143601915574,9.229143601915574,9.207460950569624,9.268436773602557,3.799452474729787,2.504534242109659
325.24336578210426,9.232770388228376,9.232770388228376,9.2126583330935,9.275616014511415,3.299452474729787,3.004534242109659
325.443392452327,9.236424493264773,9.236424493264773,9.232663594509729,9.290236366863656,3.799452474729787,3.504534242109659
325.6434191225497,9.240105880950601,9.240105880950601,9.259849778205332,9.29490319187685,4.299452474729787,3.004534242109659
325.84344579277234,9.243814514942361,9.243814514942361,9.278992682284054,9.304227754827197,3.9117097759162522,3.132038520966644
326.04347246299506,9.24755035862757,9.24755035862757,9.293862165403894,9.31469433255962,3.4117097759162522,3.410125093997721
326.24349913321777,9.251313375125125,9.251313375125125,9.298203494220257,9.322945189002626,2.9117097759162522,3.0298039713665235
326.4435258034404,9.255103527285668,9.255103527285668,9.308588479389037,9.321814997489192,3.256394157605771,2.5298039713665235
326.64355247366314,9.258920777691948,9.258920777691948,9.311890491438776,9.32047638537008,2.831556206531552,2.0298039713665235
326.84357914388585,9.262765088659194,9.262765088659194,9.323185200454551,9.317403310139996,3.0144400460185086,2.5298039713665235
327.04360581410856,9.266636422235493,9.266636422235493,9.323372666001418,9.325345428700178,2.5144400460185086,3.0298039713665235
327.2436324843312,9.270534740202152,9.270534740202152,9.31460241510299,9.338560319054052,2.0144400460185086,3.5298039713665235
327.4436591545539,9.274460004074086,9.274460004074086,9.31101896736612,9.347972233696009,2.5144400460185086,3.0298039713665235
327.64368582477664,9.278412175100192,9.278412175100192,9.300474900637038,9.351146015797317,2.0806889998366636,2.5298039713665235
327.8437124949993,9.282391214263733,9.282391214263733,9.302061993899565,9.343873471517181,2.5806889998366636,2.0965860152959097
328.043739165222,9.286397082282724,9.286397082282724,9.29416401311134,9.333887463337014,2.0806889998366636,1.5965860152959097
328.2437658354447,9.290429739610321,9.290429739610321,9.291446399817168,9.32787879669716,2.5806889998366636,2.0965860152959097
328.44379250566743,9.294489146435208,9.294489146435208,9.282304208708828,9.329212078716859,2.0806889998366636,2.249219923855792
328.6438191758901,9.298575262681991,9.298575262681991,9.268720232512102,9.333521104463431,1.9199082535210366,2.749219923855792
328.8438458461128,9.3026880480116,9.3026880480116,9.268332226982109,9.347555709326855,2.4199082535210366,3.249219923855792
329.0438725163355,9.306827461821674,9.306827461821674,9.27226754041853,9.36593417527639,2.9199082535210366,3.749219923855792
329.24389918655817,9.310993463246973,9.310993463246973,9.28179466890674,9.372552304699072,3.4199082535210366,3.249219923855792
329.4439258567809,9.315186011159785,9.315186011159785,9.302342768621633,9.388278599006446,3.9199082535210366,3.749219923855792
329.6439525270036,9.319405064170308,9.319405064170308,9.315253298492285,9.395779282659918,3.4199082535210366,3.249219923855792
329.8439791972263,9.323650580627092,9.323650580627092,9.33507437198779,9.413379720886574,3.9199082535210366,3.749219923855792
330.04400586744896,9.327922518617424,9.327922518617424,9.350993559936985,9.425446889929173,3.7695011026253225,3.249219923855792
330.24403253767167,9.332220835967757,9.332220835967757,9.358828401980885,9.428509915568656,3.2695011026253225,2.8394392372271247
330.4440592078944,9.336545490244122,9.336545490244122,9.363407357520265,9.429124587757457,2.7695011026253225,2.3394392372271247
330.6440858781171,9.340896438752539,9.340896438752539,9.368447996587044,9.432588457527055,3.0917931515515007,2.8394392372271247
330.84411254833975,9.34527363853945,9.34527363853945,9.377315431601492,9.431203628151204,2.9955642105807234,2.3394392372271247
331.04413921856246,9.349677046392138,9.349677046392138,9.395284586010249,9.420962586251452,3.4955642105807234,1.8394392372271247
331.2441658887852,9.354106618839156,9.354106618839156,9.402719392075356,9.405886629054354,2.9955642105807234,1.3394392372271247
331.44419255900783,9.358562312150745,9.358562312150745,9.415354530205434,9.396995616019138,3.4955642105807234,1.8394392372271247
331.64421922923054,9.36304408233929,9.36304408233929,9.434199047176401,9.394621933917353,3.7630954632784097,2.3394392372271247
331.84424589945326,9.367551885159726,9.367551885159726,9.44484927021809,9.386951067875847,3.2630954632784097,1.8394392372271247
332.04427256967597,9.372085676109993,9.372085676109993,9.447321347818638,9.387990364490104,2.7630954632784097,2.3394392372271247
332.2442992398986,9.376645410431468,9.376645410431468,9.454718529760049,9.394703205594098,3.2513407069766074,2.8394392372271247
332.44432591012134,9.381231043109418,9.381231043109418,9.454262025178062,9.404252424269629,2.7513407069766074,3.3394392372271247
332.64435258034405,9.385842528873422,9.385842528873422,9.469192200884828,9.420793280982554,3.2513407069766074,3.8394392372271247
332.8443792505667,9.390479822197836,9.390479822197836,9.47154542846431,9.429154135358607,2.7513407069766074,3.3394392372271247
333.0444059207894,9.395142877302247,9.395142877302247,9.467603805277431,9.43745642956024,2.3423587270168302,2.8394392372271247
333.2444325910121,9.399831648151904,9.399831648151904,9.46240208913467,9.449301616171647,2.373085216384427,3.3394392372271247
333.44445926123484,9.40454608845819,9.40454608845819,9.45293187910572,9.462122772201328,1.922503336873364,3.8394392372271247
333.6444859314575,9.409286151679071,9.409286151679071,9.448871429863871,9.487872551380667,2.4225033368733637,4.339439237227125
333.8445126016802,9.414051791019562,9.414051791019562,9.448384684525037,9.504406702095785,2.9225033368733637,3.8394392372271247
334.0445392719029,9.418842959432176,9.418842959432176,9.46256389711042,9.513506853076382,3.4225033368733637,3.3394392372271247
334.2445659421256,9.423659609617408,9.423659609617408,9.468918101946917,9.529237030534771,2.9225033368733637,3.8394392372271247
334.4445926123483,9.428501694024183,9.428501694024183,9.480107999238726,9.543713041470097,3.1925053158573156,3.3394392372271247
334.644619282571,9.433369164850337,9.433369164850337,9.48192097740611,9.559527846534657,2.695107436858649,3.8394392372271247
334.8446459527937,9.438261974043087,9.438261974043087,9.483650173340616,9.568328722705289,2.8052705283359356,3.3394392372271247
335.04467262301637,9.443180073299494,9.443180073299494,9.498299538811928,9.571084114705009,3.3052705283359356,2.8394392372271247
335.2446992932391,9.448123414066968,9.448123414066968,9.507022862213834,9.581117618593385,3.3124444956758174,3.3394392372271247
335.4447259634618,9.453091947543713,9.453091947543713,9.502871595780782,9.582102529257003,2.8124444956758174,2.853226966001079
335.6447526336845,9.458085624679232,9.458085624679232,9.508978553985056,9.577554403483528,2.7993876911265243,2.353226966001079
335.84477930390716,9.463104396174796,9.463104396174796,9.520234298683764,9.570390809474274,3.2993876911265243,2.092072444538594
336.0448059741299,9.468148212483952,9.468148212483952,9.522470004924935,9.57394940207975,2.86089091170529,2.592072444538594
336.2448326443526,9.473217023812989,9.473217023812989,9.535693623835352,9.581835038173711,3.36089091170529,3.092072444538594
336.44485931457524,9.478310780121443,9.478310780121443,9.538465373680038,9.583161485713246,2.9023480911011013,2.592072444538594
336.64488598479795,9.483429431122588,9.483429431122588,9.547809044647453,9.579666967587492,3.064995477635442,2.092072444538594
336.84491265502066,9.488572926283931,9.488572926283931,9.563481268835996,9.580084630847924,3.564995477635442,2.592072444538594
337.0449393252434,9.493741214827708,9.493741214827708,9.570357496803753,9.574670439948472,3.064995477635442,2.092072444538594
337.24496599546603,9.498934245731393,9.498934245731393,9.5709961775505,9.571154812249096,2.564995477635442,2.4540688376732156
337.44499266568874,9.5041519677282,9.5041519677282,9.568913486250706,9.573712420529324,2.3549493750275063,2.9540688376732156
337.64501933591146,9.509394329307582,9.509394329307582,9.552587645567623,9.574727800715221,1.8549493750275063,2.4540688376732156
337.8450460061341,9.514661278715748,9.514661278715748,9.547747051037666,9.571068644731398,2.3549493750275063,2.136684662648183
338.0450726763568,9.519952763956168,9.519952763956168,9.55484734837446,9.573017472080675,2.8549493750275063,2.636684662648183
338.24509934657954,9.52526873279009,9.52526873279009,9.562659538866592,9.578586475738959,3.0210578896263227,3.136684662648183
338.44512601680225,9.530609132737055,9.530609132737055,9.577684070697709,9.593847911261902,3.5210578896263227,3.636684662648183
338.6451526870249,9.535973911075411,9.535973911075411,9.588756047211996,9.599477520102807,3.0210578896263227,3.136684662648183
338.8451793572476,9.54136301484284,9.54136301484284,9.604596812849111,9.601229393693265,3.5210578896263227,2.636684662648183
339.04520602747033,9.546776390836879,9.546776390836879,9.610288796909746,9.606734100934379,3.0210578896263227,2.9371282742301816
339.245232697693,9.552213985615438,9.552213985615438,9.622588276174714,9.607164591740649,3.170465033661826,2.4371282742301816
339.4452593679157,9.557675745497342,9.557675745497342,9.638434103982593,9.61008992656368,3.670465033661826,2.9371282742301816
339.6452860381384,9.563161616562848,9.563161616562848,9.64628274712571,9.607795505120986,3.170465033661826,2.5600434904417955
339.8453127083611,9.56867154465418,9.56867154465418,9.661540130749113,9.615510677966734,3.670465033661826,3.0600434904417955
340.0453393785838,9.574205475376068,9.574205475376068,9.68683568512642,9.625819058657713,4.050303983983312,3.549822070634331
340.2453660488065,9.579763354096283,9.579763354096283,9.701180779414516,9.645200940127832,3.550303983983312,4.049822070634331
340.4453927190292,9.585345125946176,9.585345125946176,9.705121795432156,9.659895867933804,3.050303983983312,3.549822070634331
340.6454193892519,9.590950735821218,9.590950735821218,9.701084461153702,9.667193992144114,2.550303983983312,3.049822070634331
340.84544605947457,9.596580128381547,9.596580128381547,9.705274443240812,9.682168922107962,3.050303983983312,3.549822070634331
341.0454727296973,9.60223324805251,9.60223324805251,9.707853321932461,9.702109644683233,2.8859017689377024,4.049822070634331
341.24549939992,9.607910039025219,9.607910039025219,9.709893322750641,9.726634845917902,2.8951698262906005,4.549822070634331
341.44552607014265,9.613610445257095,9.613610445257095,9.716215776786909,9.746736071864708,2.911816497130098,4.18719368470023
341.64555274036536,9.619334410472423,9.619334410472423,9.726152580388135,9.762537545958722,3.411816497130098,3.799331627796808
341.8455794105881,9.62508187816291,9.62508187816291,9.730613529172638,9.783958882413728,2.911816497130098,4.232230245205564
342.0456060808108,9.63085279158824,9.63085279158824,9.740634691659203,9.801976862567525,3.1396250498706735,3.732230245205564
342.24563275103344,9.636647093776634,9.636647093776634,9.740987143113635,9.808996770180213,2.6396250498706735,3.232230245205564
342.44565942125615,9.64246472752542,9.64246472752542,9.750557829934905,9.813824861013755,3.1396250498706735,2.732230245205564
342.64568609147886,9.648305635401586,9.648305635401586,9.747991209899718,9.811045833356621,2.6396250498706735,2.232230245205564
342.8457127617015,9.654169759742352,9.654169759742352,9.738379006446564,9.801271630597299,2.2151593091736683,1.7322302452055638
343.04573943192423,9.66005704265574,9.66005704265574,9.721727661995136,9.788496894885917,1.7151593091736683,1.511566755476545
343.24576610214694,9.665967426021151,9.665967426021151,9.713025261840494,9.780970019131203,2.2151593091736683,2.011566755476545
343.44579277236966,9.671900851489927,9.671900851489927,9.716575523322327,9.780770806092434,2.7151593091736683,2.511566755476545
343.6458194425923,9.67785726048593,9.67785726048593,9.729211198716536,9.783034777234285,3.2151593091736683,2.7601900894083595
343.845846112815,9.683836594206134,9.683836594206134,9.751076377339022,9.784459421436392,3.7151593091736683,2.6468728679841287
344.04587278303774,9.689838793621188,9.689838793621188,9.766285852998749,9.790044819064056,3.362058177270013,3.1468728679841287
344.2458994532604,9.695863799476005,9.695863799476005,9.770529997362736,9.802869627651841,2.862058177270013,3.6468728679841287
344.4459261234831,9.701911552290353,9.701911552290353,9.782363970128918,9.81734851708992,3.362058177270013,3.60815209551501
344.6459527937058,9.707981992359429,9.707981992359429,9.78795802197061,9.82473408351108,2.862058177270013,3.10815209551501
344.84597946392853,9.71407505975446,9.71407505975446,9.785018776289188,9.839440528315526,2.362058177270013,3.5335147257544683
345.0460061341512,9.720190694323293,9.720190694323293,9.78953904275275,9.85852065637548,2.862058177270013,3.8082992932999846
345.2460328043739,9.726328835690987,9.726328835690987,9.786323892444539,9.871008376761997,2.3722851098039137,3.3082992932999846
345.4460594745966,9.732489423260404,9.732489423260404,9.792174531522535,9.875843429592408,2.8722851098039137,2.8082992932999846
345.6460861448193,9.738672396212813,9.738672396212813,9.802664887959411,9.871950452962453,3.100238841057922,2.3082992932999846
345.846112815042,9.744877693508496,9.744877693508496,9.815730503231995,9.866932562800073,3.4081090245000647,2.181840584835457
346.0461394852647,9.751105253887333,9.751105253887333,9.822219509888429,9.853739853212005,3.031749617594588,1.6818405848354572
346.2461661554874,9.757355015869427,9.757355015869427,9.83921622331592,9.847702743748306,3.531749617594588,2.181840584835457
346.44619282571006,9.763626917755698,9.763626917755698,9.8479506578659,9.839423012196496,3.031749617594588,1.6818405848354572
346.64621949593277,9.769920897628497,9.769920897628497,9.864736314068324,9.836674420101081,3.531749617594588,2.181840584835457
346.8462461661555,9.776236893352213,9.776236893352213,9.871445054341773,9.83810969476388,3.031749617594588,2.681840584835457
347.0462728363782,9.782574842573895,9.782574842573895,9.868714001919374,9.845229201150797,2.531749617594588,2.8246040411611184
347.24629950660085,9.788934682723855,9.788934682723855,9.875081981812118,9.844789812942496,3.031749617594588,2.3246040411611184
347.44632617682356,9.7953163510163,9.7953163510163,9.878885227846803,9.848444836746749,2.955643292780491,2.8246040411611184
347.6463528470463,9.80171978444994,9.80171978444994,9.86942516072599,9.847145419024017,2.455643292780491,2.3246040411611184
347.84637951726893,9.808144919808614,9.808144919808614,9.857638796446194,9.837155108344923,1.9556432927804912,1.8246040411611184
348.04640618749164,9.814591693661917,9.814591693661917,9.856124369475491,9.836791797277083,2.455643292780491,2.3246040411611184
348.24643285771435,9.821060042365826,9.821060042365826,9.862806931521625,9.84257706230865,2.955643292780491,2.8246040411611184
348.44645952793707,9.82754990206332,9.82754990206332,9.861954587950795,9.850235813677523,2.455643292780491,3.3246040411611184
348.6464861981597,9.83406120868502,9.83406120868502,9.864116659105248,9.867862411547392,2.955643292780491,3.8246040411611184
348.84651286838243,9.84059389794982,9.84059389794982,9.878126014704833,9.891727238896484,3.2895777222932567,4.324604041161118
349.04653953860515,9.847147905365517,9.847147905365517,9.878940119253341,9.904202579028832,2.7895777222932567,3.824604041161118
349.2465662088278,9.853723166229447,9.853723166229447,9.884522863539678,9.916319523545441,3.050530901561736,3.324604041161118
349.4465928790505,9.860319615629136,9.860319615629136,9.897365742181247,9.933949923157789,3.550530901561736,3.824604041161118
349.6466195492732,9.866937188442925,9.866937188442925,9.903862369471742,9.945694336911629,3.050530901561736,3.324604041161118
349.84664621949594,9.873575819340623,9.873575819340623,9.911003519456262,9.95900560361526,2.892473630381496,3.5836035045798584
350.0466728897186,9.880235442784144,9.880235442784144,9.907769596727876,9.964812396201697,2.5739838030019255,3.1445836216820324
350.2466995599413,9.886915993028168,9.886915993028168,9.913832519947189,9.981114123429254,3.0739838030019255,3.6445836216820324
350.446726230164,9.89361740412077,9.89361740412077,9.93306225195235,10.001150622583504,3.5739838030019255,4.144583621682032
350.64675290038673,9.900339609904089,9.900339609904089,9.942735311966912,10.020892120544135,3.1134792007710352,4.206027365129156
350.8467795706094,9.90708254401497,9.90708254401497,9.960582314386551,10.033115101293614,3.6134792007710352,3.706027365129156
351.0468062408321,9.91384613988563,9.91384613988563,9.966636408768748,10.04489929549611,3.1134792007710352,3.206027365129156
351.2468329110548,9.9206303307443,9.9206303307443,9.97812184784704,10.047422424176919,3.1512784733246644,2.706027365129156
351.44685958127747,9.927435049615896,9.927435049615896,9.997063116993244,10.05358693736593,3.6512784733246644,3.206027365129156
351.6468862515002,9.93426022932268,9.93426022932268,10.013869829227861,10.069394966530181,3.676636707764308,3.706027365129156
351.8469129217229,9.941105802484918,9.941105802484918,10.02937709822662,10.077065447452128,3.176636707764308,3.206027365129156
352.0469395919456,9.947971701521542,9.947971701521542,10.030666927492991,10.088003339039165,2.676636707764308,3.5367830458924225
352.24696626216826,9.954857858650826,9.954857858650826,10.040955276626585,10.094300657924935,3.176636707764308,3.0367830458924225
352.44699293239097,9.961764205891054,9.961764205891054,10.054736327171154,10.101559070685324,3.676636707764308,3.177937362566009
352.6470196026137,9.96869067506119,9.96869067506119,10.073068198505984,10.112017547102393,3.57008613103267,3.677937362566009
352.84704627283634,9.975637197781538,9.975637197781538,10.08714150901685,10.119849668029877,3.331968743609185,3.177937362566009
353.04707294305905,9.982603705474446,9.982603705474446,10.092914836128347,10.12123621265684,2.831968743609185,2.677937362566009
353.24709961328176,9.989590129364952,9.989590129364952,10.10279108187833,10.112784563059575,3.331968743609185,2.177937362566009
353.4471262835045,9.996596400481483,9.996596400481483,10.118387951747644,10.111757332433838,3.4651340655124527,2.5697584378241713
353.64715295372713,10.003622449656524,10.003622449656524,10.120562016462857,10.10675252264456,2.9651340655124527,2.0697584378241713
353.84717962394984,10.010668207527317,10.010668207527317,10.117774189586555,10.105924135916208,2.4651340655124527,2.5697584378241713
354.04720629417255,10.017733604536526,10.017733604536526,10.10697795430432,10.101492468942798,1.9651340655124527,2.2785211060632733
354.24723296439527,10.024818570932936,10.024818570932936,10.10061465034921,10.100921543303098,2.4651340655124527,2.7785211060632733
354.4472596346179,10.031923036772135,10.031923036772135,10.101622637353865,10.101562136514602,2.6490092334308755,2.6830134525682796
354.64728630484063,10.039046931917218,10.039046931917218,10.111222019206396,10.106607611258566,3.1490092334308755,3.1830134525682796
354.84731297506335,10.046190186039462,10.046190186039462,10.127813391586203,10.11390987651085,3.6490092334308755,3.0830992649651496
355.047339645286,10.053352728619021,10.053352728619021,10.154720642392894,10.124892684518686,4.149009233430876,3.5830992649651496
355.2473663155087,10.060534488945645,10.060534488945645,10.17220801108464,10.133272778403073,3.649009233430876,3.0830992649651496
355.4473929857314,10.067735396119351,10.067735396119351,10.188842789003736,10.14691586120201,3.751010855567131,3.5830992649651496
355.64741965595414,10.074955379051136,10.074955379051136,10.196932591358527,10.16114321823902,3.251010855567131,3.6670172481944143
355.8474463261768,10.082194366463675,10.082194366463675,10.199728059170708,10.167960483186212,2.751010855567131,3.1670172481944143
356.0474729963995,10.089452286892032,10.089452286892032,10.205721775497468,10.17636741965834,3.251010855567131,3.318814143186742
356.2474996666222,10.096729068684358,10.096729068684358,10.219128028398242,10.17895719029895,3.4294635791787456,2.818814143186742
356.4475263368449,10.104024640002594,10.104024640002594,10.238840933350756,10.192038557588333,3.6947163820631257,3.318814143186742
356.6475530070676,10.111338928823194,10.111338928823194,10.245630138317912,10.195973989249303,3.1947163820631257,2.818814143186742
356.8475796772903,10.118671862937827,10.118671862937827,10.245737727419055,10.204608127598453,2.6947163820631257,3.318814143186742
357.047606347513,10.12602336995409,10.12602336995409,10.256787286640032,10.220728389398687,3.1947163820631257,3.805615094321026
357.24763301773567,10.133393377296223,10.133393377296223,10.264757185445571,10.227208029755419,2.959171745035955,3.305615094321026
357.4476596879584,10.140781812205828,10.140781812205828,10.267360144775889,10.239034716345408,2.6896263449193825,3.805615094321026
357.6476863581811,10.148188601742588,10.148188601742588,10.278219019500726,10.260362493290378,3.1896263449193825,3.9586329370029034
357.84771302840375,10.155613672784982,10.155613672784982,10.298459600790181,10.287097873950055,3.6896263449193825,4.458632937002903
358.04773969862646,10.16305695203101,10.16305695203101,10.308070979637492,10.30165357171717,3.1896263449193825,3.9586329370029034
358.24776636884917,10.170518365998916,10.170518365998916,10.311158858800589,10.30969822257766,2.6896263449193825,3.4586329370029034
358.4477930390719,10.177997841027915,10.177997841027915,10.323443029777462,10.312631080389178,3.1896263449193825,2.9586329370029034
358.64781970929454,10.18549530327892,10.18549530327892,10.334185681030538,10.3228560971131,3.153184831551049,3.4586329370029034
358.84784637951725,10.19301067873527,10.19301067873527,10.335515598910193,10.32493865259933,2.653184831551049,2.9586329370029034
359.04787304973996,10.200543893203458,10.200543893203458,10.339035329725979,10.331864698543688,2.7407660986334346,3.008339156207076
359.2478997199627,10.208094872313872,10.208094872313872,10.346727671873346,10.346543356959472,3.2407660986334346,3.508339156207076
359.44792639018533,10.21566354152151,10.21566354152151,10.345314664559252,10.351817166269855,2.7407660986334346,3.008339156207076
359.64795306040804,10.223249826106748,10.223249826106748,10.355360139591484,10.353841804127157,3.2407660986334346,2.508339156207076
359.84797973063075,10.230853651176044,10.230853651176044,10.363961933081518,10.355936296884408,2.865381316980165,2.6257319483288613
360.0480064008534,10.2384749416627,10.2384749416627,10.377949049044025,10.351304823296449,3.365381316980165,2.1257319483288613
360.2480330710761,10.246113622327593,10.246113622327593,10.383504969564312,10.33550118758802,2.865381316980165,1.6257319483288613
360.44805974129883,10.253769617759923,10.253769617759923,10.39131836511986,10.325425047897452,3.365381316980165,2.1257319483288613
360.64808641152155,10.26144285237795,10.26144285237795,10.411988457676634,10.325585107165967,3.7185057477173697,2.6257319483288613
360.8481130817442,10.269133250429746,10.269133250429746,10.42205507487393,10.329810158380972,3.2185057477173697,3.1257319483288613
361.0481397519669,10.276840735993943,10.276840735993943,10.421338300491552,10.340616290603595,2.7185057477173697,3.317510787338399
361.2481664221896,10.284565232980482,10.284565232980482,10.42960956557386,10.343424208977186,3.2185057477173697,2.817510787338399
361.4481930924123,10.29230666513136,10.29230666513136,10.446616299040425,10.341715573370651,3.7185057477173697,2.317510787338399
361.648219762635,10.30006495602139,10.30006495602139,10.456027588019694,10.344761921194952,3.2185057477173697,2.817510787338399
361.8482464328577,10.307840029058951,10.307840029058951,10.45901733979934,10.353609932966432,2.7185057477173697,3.1673123651269606
362.0482731030804,10.315631807486742,10.315631807486742,10.451244792649657,10.36660172200744,2.2185057477173697,3.6673123651269606
362.2482997733031,10.323440214382547,10.323440214382547,10.45250336980231,10.383343787267252,2.7185057477173697,4.167312365126961
362.4483264435258,10.331265172659982,10.331265172659982,10.461266421157005,10.400069474194073,3.2185057477173697,3.7317840086792664
362.6483531137485,10.339106605069276,10.339106605069276,10.481707157524783,10.418907204544018,3.7185057477173697,4.084373889414643
362.84837978397115,10.346964434198007,10.346964434198007,10.508580231015957,10.429658969177192,4.161997728898698,3.5843738894146426
363.04840645419387,10.354838582471897,10.354838582471897,10.527081619641084,10.436931992246217,3.6619977288986982,3.0843738894146426
363.2484331244166,10.362728972155551,10.362728972155551,10.532228362141726,10.452691744524063,3.1619977288986982,3.5843738894146426
363.4484597946393,10.370635525353235,10.370635525353235,10.533358051914886,10.467360629177984,2.7815490898520983,3.893223947783277
363.64848646486195,10.378558164009645,10.378558164009645,10.526207175033322,10.475418531969014,2.2815490898520983,3.393223947783277
363.84851313508466,10.38649680991069,10.38649680991069,10.513957184690113,10.47969801500457,1.7815490898520983,2.893223947783277
364.04853980530737,10.394451384684235,10.394451384684235,10.509313758549927,10.481832911392047,2.2815490898520983,2.393223947783277
364.2485664755301,10.402421809800899,10.402421809800899,10.509154269350857,10.471042471894023,2.7815490898520983,1.893223947783277
364.44859314575274,10.410408006574821,10.410408006574821,10.51126972603053,10.468912669552768,2.955324448352268,2.393223947783277
364.64861981597545,10.418409896164444,10.418409896164444,10.516772028194133,10.474361645408338,3.1888686068919934,2.893223947783277
364.84864648619816,10.426427399573283,10.426427399573283,10.534816697188045,10.471805851479125,3.6888686068919934,2.393223947783277
365.0486731564208,10.434460437650706,10.434460437650706,10.541073696710823,10.47669712129219,3.1888686068919934,2.893223947783277
365.24869982664353,10.442508931092735,10.442508931092735,10.560372437064988,10.487880224994319,3.6888686068919934,3.393223947783277
365.44872649686624,10.450572800442792,10.450572800442792,10.586227073819705,10.507421413074676,4.188868606891994,3.893223947783277
365.64875316708896,10.458651966092518,10.458651966092518,10.60311887791387,10.516178949858467,3.688868606891994,3.393223947783277
365.8487798373116,10.466746348282538,10.466746348282538,10.610503748974907,10.521461205289503,3.188868606891994,2.893223947783277
366.0488065075343,10.474855867103265,10.474855867103265,10.608050301266902,10.525308574285065,2.688868606891994,2.930527592260602
366.24883317775704,10.482980442495673,10.482980442495673,10.61452918420681,10.535845122415555,3.188868606891994,3.430527592260602
366.4488598479797,10.491119994252095,10.491119994252095,10.61409589156803,10.542466412226478,2.688868606891994,2.930527592260602
366.6488865182024,10.499274442017017,10.499274442017017,10.623296639540797,10.555980816957106,3.188868606891994,3.430527592260602
366.8489131884251,10.507443705287864,10.507443705287864,10.64261151316841,10.561116571297493,3.688868606891994,2.930527592260602
367.0489398586478,10.5156277034158,10.5156277034158,10.654227834005372,10.556453163984926,3.188868606891994,2.430527592260602
367.2489665288705,10.523826355606522,10.523826355606522,10.66632892737949,10.561228280486173,3.688868606891994,2.930527592260602
367.4489931990932,10.532039580921065,10.532039580921065,10.68795486071437,10.570914423153,4.188868606891994,3.430527592260602
367.6490198693159,10.540267298276587,10.540267298276587,10.703987410145357,10.587542402660512,3.688868606891994,3.930527592260602
367.84904653953856,10.548509426447183,10.548509426447183,10.710562797572049,10.604184503864486,3.188868606891994,3.750027494734155
368.0490732097613,10.556765884064676,10.556765884064676,10.709267211869232,10.628795581473938,2.6937693819589374,4.250027494734155
368.249099879984,10.565036589619433,10.565036589619433,10.698086185676592,10.65763888543018,2.1937693819589374,4.750027494734155
368.4491265502067,10.573321461461152,10.573321461461152,10.701299109632158,10.678483607249605,2.6937693819589374,4.250027494734155
368.64915322042935,10.581620417799682,10.581620417799682,10.694296420641853,10.68871581370876,2.1937693819589374,3.750027494734155
368.84917989065207,10.589933376705835,10.589933376705835,10.684223853588936,10.711270821419964,1.9178213823686776,4.250027494734155
369.0492065608748,10.598260256112175,10.598260256112175,10.682107062455298,10.736535191026496,2.4178213823686776,4.750027494734155
369.2492332310975,10.606600973813846,10.606600973813846,10.685877980411247,10.754363934471566,2.9178213823686776,4.250027494734155
369.44925990132015,10.61495544746937,10.61495544746937,10.679743056224698,10.782870531166799,2.4178213823686776,4.750027494734155
369.64928657154286,10.623323594601484,10.623323594601484,10.666921301342466,10.804082120101931,1.9178213823686776,4.250027494734155
369.84931324176557,10.631705332597914,10.631705332597914,10.663244345915249,10.817361040541096,2.4178213823686776,3.750027494734155
370.0493399119882,10.640100578712229,10.640100578712229,10.652447434158152,10.82125692405269,1.9608977385067712,3.250027494734155
370.24936658221094,10.648509250064642,10.648509250064642,10.646770462396166,10.819669075865074,2.4608977385067714,2.750027494734155
370.44939325243365,10.656931263642823,10.656931263642823,10.648690502145284,10.824232961435973,2.9608977385067714,3.250027494734155
370.64941992265636,10.665366536302733,10.665366536302733,10.664829957369179,10.842292012088924,3.4608977385067714,3.750027494734155
370.849446592879,10.673814984769423,10.673814984769423,10.687199807614753,10.853766206402097,3.9608977385067714,3.250027494734155
371.04947326310173,10.682276525637885,10.682276525637885,10.718243125842381,10.866144022725706,4.460897738506771,3.750027494734155
371.24949993332444,10.690751075373852,10.690751075373852,10.739100185591857,10.872313289240212,3.9608977385067714,3.250027494734155
371.4495266035471,10.699238550314625,10.699238550314625,10.751360585469014,10.874023358841294,3.4608977385067714,2.750027494734155
371.6495532737698,10.707738866669915,10.707738866669915,10.774568881313758,10.867012650904627,3.9608977385067714,2.250027494734155
371.8495799439925,10.716251940522653,10.716251940522653,10.784539233806866,10.851943162166348,3.4608977385067714,1.7500274947341552
372.04960661421524,10.72477768782983,10.72477768782983,10.793541378655636,10.844023470503856,2.9608977385067714,2.0851782551766376
372.2496332844379,10.733316024423313,10.733316024423313,10.801519728172067,10.84297644805773,3.321598067766112,2.5851782551766376
372.4496599546606,10.741866866010696,10.741866866010696,10.806304643394396,10.8471008581899,2.821598067766112,3.0851782551766376
372.6496866248833,10.750430128176117,10.750430128176117,10.809671094438968,10.848435661164926,2.783622466849902,2.796363141009742
372.84971329510597,10.759005726381083,10.759005726381083,10.820277056289417,10.858120490644609,3.283622466849902,3.296363141009742
373.0497399653287,10.767593575965337,10.767593575965337,10.840203257930954,10.86053966307212,3.783622466849902,2.796363141009742
373.2497666355514,10.776193592147662,10.776193592147662,10.865058998681487,10.855268800536527,4.283622466849902,2.296363141009742
373.4497933057741,10.78480569002673,10.78480569002673,10.90093816281243,10.857882310281957,4.783622466849902,2.796363141009742
373.64981997599676,10.793429784581937,10.793429784581937,10.928092292055698,10.864347112532164,4.283622466849902,3.296363141009742
373.8498466462195,10.802065790674257,10.802065790674257,10.94638124453343,10.877480029786307,3.783622466849902,3.796363141009742
374.0498733164422,10.810713623047059,10.810713623047059,10.965573194478832,10.8853676383043,3.412263317078885,3.296363141009742
374.2498999866649,10.819373196326968,10.819373196326968,10.986276359595733,10.89287576278374,3.912263317078885,3.4101672203976285
374.44992665688756,10.828044425024688,10.828044425024688,10.997042297452568,10.897266723827013,3.412263317078885,2.9101672203976285
374.64995332711027,10.83672722353587,10.83672722353587,10.998968502882743,10.90722847619615,2.912263317078885,3.4101672203976285
374.849979997333,10.845421506141946,10.845421506141946,11.00897078430214,10.912764540491827,3.412263317078885,2.9101672203976285
375.05000666755564,10.854127187010961,10.854127187010961,11.011580268055495,10.922214524441328,2.912263317078885,3.4101672203976285
375.25003333777835,10.86284418019845,10.86284418019845,11.02552993278537,10.939686116849833,3.412263317078885,3.9101672203976285
375.45006000800106,10.871572399648262,10.871572399648262,11.031591126394952,10.959594916443566,2.912263317078885,4.4101672203976285
375.6500866782238,10.880311759193418,10.880311759193418,11.032295735813758,10.986068740549996,2.623433735396533,4.9101672203976285
375.8501133484464,10.889062172556955,10.889062172556955,11.019569630282739,11.007101220425925,2.123433735396533,4.4101672203976285
376.05014001866914,10.897823553352797,10.897823553352797,11.014416704128038,11.03540771161851,2.3204272909710304,4.9101672203976285
376.25016668889185,10.906595815086591,10.906595815086591,11.003889287724679,11.057450714412154,1.8204272909710304,4.4101672203976285
376.4501933591145,10.915378871156557,10.915378871156557,10.997629425521607,11.070489010184215,2.3204272909710304,3.9101672203976285
376.6502200293372,10.924172634854362,10.924172634854362,10.999647879736875,11.086878213161274,2.8204272909710304,3.935369604268932
376.85024669955993,10.932977019365959,10.932977019365959,10.992554779202306,11.096562429871874,2.3204272909710304,3.435369604268932
377.05027336978264,10.941791937772448,10.941791937772448,11.00287337569856,11.111180515304556,2.8204272909710304,3.778556456200731
377.2503000400053,10.95061730305094,10.95061730305094,11.010387623431342,11.117586438252163,3.3204272909710304,3.278556456200731
377.450326710228,10.959453028075412,10.959453028075412,11.015223971635425,11.132441534484752,2.8535034416402407,3.778556456200731
377.6503533804507,10.968299025617563,10.968299025617563,11.025574076821625,11.138569436862921,3.3535034416402407,3.278556456200731
377.8503800506734,10.977155208347682,10.977155208347682,11.042312094284531,11.147197903710776,3.638798807415866,3.5761018032746326
378.0504067208961,10.98602148883551,10.98602148883551,11.048118154672467,11.152383118130714,3.138798807415866,3.0761018032746326
378.2504333911188,10.994897779551097,10.994897779551097,11.061792875009608,11.163845349780544,3.638798807415866,3.5761018032746326
378.4504600613415,11.003783992865674,11.003783992865674,11.09047439289142,11.166213536945747,4.138798807415866,3.0761018032746326
378.6504867315642,11.012680041052507,11.012680041052507,11.110028702076162,11.164481034359918,3.824305073711033,2.5761018032746326
378.8505134017869,11.021585836287775,11.021585836287775,11.119507775019004,11.160364096120249,3.324305073711033,2.4242607531434093
379.0505400720096,11.030501290651431,11.030501290651431,11.121656094241006,11.15703196326726,2.824305073711033,1.9898891258140483
379.2505667422323,11.03942631612807,11.03942631612807,11.118454639555654,11.140038465161524,2.346437001425362,1.4898891258140483
379.45059341245496,11.048360824607798,11.048360824607798,11.122662731502976,11.130501551545317,2.846437001425362,1.9898891258140483
379.6506200826777,11.057304727887107,11.057304727887107,11.132143752845696,11.127604502544365,3.346437001425362,2.4898891258140483
379.8506467529004,11.066257937669738,11.066257937669738,11.153621842370262,11.130214007605801,3.846437001425362,2.8041926294721455
380.05067342312304,11.075220365567551,11.075220365567551,11.183201712263319,11.135732361426648,4.346437001425362,3.3041926294721455
380.25070009334576,11.08419192310142,11.08419192310142,11.203601936258096,11.146863126058703,3.846437001425362,3.8041926294721455
380.45072676356847,11.093172521702066,11.093172521702066,11.20945514896786,11.165895053514891,3.346437001425362,4.304192629472146
380.6507534337912,11.10216207271097,11.10216207271097,11.231220632556044,11.182236238534326,3.846437001425362,3.804192629472146
380.85078010401384,11.111160487381225,11.111160487381225,11.23763955256105,11.201773709707831,3.346437001425362,4.088430881187894
381.05080677423655,11.12016767687843,11.12016767687843,11.241345786630072,11.230895699002357,2.846437001425362,4.588430881187894
381.25083344445926,11.129183552281546,11.129183552281546,11.232768592928341,11.24688987009548,2.346437001425362,4.088430881187894
381.4508601146819,11.138208024583786,11.138208024583786,11.232928142089383,11.270686178467283,2.846437001425362,4.588430881187894
381.6508867849046,11.147241004693507,11.147241004693507,11.243105597651292,11.290794757079182,3.346437001425362,4.088430881187894
381.85091345512734,11.156282403435052,11.156282403435052,11.244333896317857,11.302700061955655,2.846437001425362,3.588430881187894
382.05094012535005,11.165332131549668,11.165332131549668,11.238973019076823,11.307217102091185,2.346437001425362,3.088430881187894
382.2509667955727,11.17439009969637,11.17439009969637,11.243627888261953,11.31937144579989,2.846437001425362,3.588430881187894
382.4509934657954,11.183456218452825,11.183456218452825,11.25337496521895,11.32213252239256,3.346437001425362,3.1300441585711294
382.65102013601813,11.192530398316237,11.192530398316237,11.256784936911217,11.32102127145165,3.0165036264330354,2.6300441585711294
382.8510468062408,11.201612549704222,11.201612549704222,11.273961946410294,11.316581593300665,3.5165036264330354,2.1300441585711294
383.0510734764635,11.21070258295571,11.21070258295571,11.29665550798704,11.312538115869447,4.016503626433035,2.6300441585711294
383.2511001466862,11.219800408331816,11.219800408331816,11.30858258687593,11.311316881384682,3.5165036264330354,2.436009967079567
383.4511268169089,11.22890593601672,11.22890593601672,11.327981769265643,11.313571212070086,4.016503626433035,2.936009967079567
383.6511534871316,11.238019076118569,11.238019076118569,11.341640248911917,11.3263032603997,3.5165036264330354,3.436009967079567
383.8511801573543,11.247139738670366,11.247139738670366,11.368000912652857,11.325698032343551,4.016503626433035,2.936009967079567
384.051206827577,11.256267833630844,11.256267833630844,11.377338917068458,11.331551535237327,3.5165036264330354,3.436009967079567
384.2512334977997,11.26540327088536,11.26540327088536,11.399060855753685,11.34541201746535,4.016503626433035,3.936009967079567
384.4512601680224,11.274545960246783,11.274545960246783,11.43352717625532,11.355436790873442,4.516503626433035,3.436009967079567
384.6512868382451,11.283695811456406,11.283695811456406,11.451609192208817,11.37127115001111,4.016503626433035,3.936009967079567
384.8513135084678,11.292852734184795,11.292852734184795,11.46183398977373,11.3939432565212,3.5165036264330354,4.436009967079567
385.05134017869045,11.302016638032713,11.302016638032713,11.48443957936333,11.414674641691967,4.016503626433035,4.276780976090894
385.25136684891316,11.311187432532012,11.311187432532012,11.494605553492521,11.429615837619497,3.5165036264330354,3.776780976090894
385.4513935191359,11.32036502714651,11.32036502714651,11.501937157155181,11.439361254737237,3.0165036264330354,3.276780976090894
385.6514201893586,11.32954933127289,11.32954933127289,11.498536758148575,11.451028455277708,2.5165036264330354,3.776780976090894
385.85144685958124,11.338740254241603,11.338740254241603,11.49406692607689,11.467380627810183,2.199901825386704,4.115843203418178
386.05147352980396,11.34793770531776,11.34793770531776,11.473631716569058,11.47772854356047,1.699901825386704,3.615843203418178
386.25150020002667,11.35714159370202,11.35714159370202,11.462871362572887,11.492268225788068,2.199901825386704,3.7975196051237887
386.4515268702493,11.366351828531482,11.366351828531482,11.462579647978181,11.501026462539366,2.699901825386704,3.2975196051237887
386.65155354047204,11.37556831888061,11.37556831888061,11.469933743074815,11.514658903853007,3.199901825386704,3.7975196051237887
386.85158021069475,11.384790973762103,11.384790973762103,11.488831244996458,11.532552800574678,3.699901825386704,4.297519605123789
387.05160688091746,11.394019702127801,11.394019702127801,11.49517568086796,11.54808805742776,3.199901825386704,3.7975196051237887
387.2516335511401,11.403254412869586,11.403254412869586,11.513420303155906,11.555926721603827,3.699901825386704,3.2975196051237887
387.45166022136283,11.412495014820285,11.412495014820285,11.535402007122242,11.553455883466938,4.1999018253867035,2.7975196051237887
387.65168689158554,11.421741416754564,11.421741416754564,11.55309871081543,11.562337583058907,3.6999018253867035,3.2975196051237887
387.8517135618082,11.430993527389818,11.430993527389818,11.560258376151479,11.561089197842133,3.1999018253867035,2.7975196051237887
388.0517402320309,11.440251255387105,11.440251255387105,11.561975015028144,11.562979597402457,2.6999018253867035,2.961027001167792
388.2517669022536,11.449514509352012,11.449514509352012,11.571846916101626,11.561577503378409,3.1999018253867035,2.461027001167792
388.45179357247633,11.458783197835581,11.458783197835581,11.566557151733079,11.563572988784236,2.6999018253867035,2.961027001167792
388.651820242699,11.468057229335194,11.468057229335194,11.57324672819119,11.573782065754184,3.1999018253867035,3.461027001167792
388.8518469129217,11.477336512295496,11.477336512295496,11.572077652461608,11.585566828192396,2.6999018253867035,3.961027001167792
389.0518735831444,11.486620955109283,11.486620955109283,11.57982762662875,11.596605494195597,3.1999018253867035,3.461027001167792
389.2519002533671,11.495910466118413,11.495910466118413,11.597468651758952,11.598740740981171,3.6999018253867035,2.961027001167792
389.4519269235898,11.505204953614703,11.505204953614703,11.622264960242761,11.598299527414605,4.1999018253867035,2.461027001167792
389.6519535938125,11.514504325840853,11.514504325840853,11.63996515855171,11.599891857184653,3.6999018253867035,2.961027001167792
389.8519802640352,11.52380849099133,11.52380849099133,11.66381382267273,11.59962186758588,4.1999018253867035,2.461027001167792
390.05200693425786,11.533117357213289,11.533117357213289,11.680441161066815,11.60215443874945,3.6999018253867035,2.961027001167792
390.2520336044806,11.542430832607474,11.542430832607474,11.703912118772061,11.612896171461852,4.1999018253867035,3.461027001167792
390.4520602747033,11.551748825229126,11.551748825229126,11.72407982004692,11.616817780343387,3.9210419394393417,2.961027001167792
390.652086944926,11.561071243088895,11.561071243088895,11.736173234712057,11.626649743962684,3.4210419394393417,3.461027001167792
390.85211361514865,11.570397994153728,11.570397994153728,11.741414011749326,11.64196103947238,2.9210419394393417,3.961027001167792
391.05214028537137,11.579728986347817,11.579728986347817,11.735704830679946,11.64882849433328,2.4665313437071292,3.461027001167792
391.2521669555941,11.589064127553467,11.589064127553467,11.721260115202355,11.654114815043755,1.9665313437071292,2.961027001167792
391.45219362581673,11.59840332561203,11.59840332561203,11.717239019539585,11.663986130214584,2.4665313437071292,3.461027001167792
391.65222029603945,11.60774648832481,11.60774648832481,11.722898936637877,11.680372235936193,2.9665313437071292,3.961027001167792
391.85224696626216,11.617093523453965,11.617093523453965,11.73111658356379,11.691875297705653,3.4665313437071292,3.461027001167792
392.05227363648487,11.62644433872343,11.62644433872343,11.749848036861055,11.703596317245644,3.9665313437071292,3.93636677565154
392.2523003067075,11.635798841819811,11.635798841819811,11.772152609057148,11.712748359469312,4.054628802036278,3.43636677565154
392.45232697693024,11.645156940393322,11.645156940393322,11.788851711748368,11.715130692086094,3.954932461057203,3.007066074120567
392.65235364715295,11.654518542058668,11.654518542058668,11.80356086834328,11.714570692315078,3.8892235425210577,2.507066074120567
392.85238031737566,11.66388355439598,11.66388355439598,11.825335327445092,11.716074574987049,4.088258445807039,3.007066074120567
393.0524069875983,11.67325188495171,11.67325188495171,11.858086351902104,11.723867057155077,4.588258445807039,3.507066074120567
393.25243365782103,11.682623441239562,11.682623441239562,11.877809750106413,11.736916555933433,4.088258445807039,4.0070660741205675
393.45246032804374,11.691998130741386,11.691998130741386,11.898089733887135,11.757988879103376,3.8613037649782527,4.5070660741205675
393.6524869982664,11.701375860908103,11.701375860908103,11.911618742009852,11.786046389293533,3.3613037649782527,5.0070660741205675
393.8525136684891,11.710756539160617,11.710756539160617,11.915677229035973,11.817410841268991,2.8613037649782527,5.248203106209672
394.0525403387118,11.720140072890725,11.720140072890725,11.908301909270405,11.840786598980529,2.3613037649782527,4.748203106209672
394.25256700893453,11.72952636946204,11.72952636946204,11.910357798012367,11.868835251079966,2.8613037649782527,5.248203106209672
394.4525936791572,11.738915336210889,11.738915336210889,11.921907562842243,11.89456424975249,3.3613037649782527,4.748203106209672
394.6526203493799,11.748306880447252,11.748306880447252,11.927800472011647,11.913152079858074,2.8613037649782527,4.248203106209672
394.8526470196026,11.757700909455654,11.757700909455654,11.935928229345029,11.923343019701049,3.3613037649782527,3.7482031062096723
395.05267368982527,11.76709733049609,11.76709733049609,11.953455939308068,11.940627306586515,3.8613037649782527,4.248203106209672
395.252700360048,11.776496050804946,11.776496050804946,11.966314230442283,11.951728529043105,3.3613037649782527,3.7482031062096723
395.4527270302707,11.785896977595904,11.785896977595904,11.96785169304361,11.961062476187408,2.8613037649782527,3.2482031062096723
395.6527537004934,11.795300018060864,11.795300018060864,11.964761047802897,11.957482592342465,2.3613037649782527,2.7482031062096723
395.85278037071606,11.804705079370857,11.804705079370857,11.95210949044269,11.953795168043388,1.8613037649782527,2.2482031062096723
396.0528070409388,11.814112068676975,11.814112068676975,11.94152017475922,11.944794717359786,2.0623512867935787,1.7482031062096723
396.2528337111615,11.823520893111262,11.823520893111262,11.935202986363704,11.924471718365556,2.5623512867935787,1.2482031062096723
396.45286038138414,11.832931459787652,11.832931459787652,11.942704250787575,11.911443280236892,3.0623512867935787,1.7482031062096723
396.65288705160685,11.842343675802883,11.842343675802883,11.949147310516295,11.90300069566394,3.5623512867935787,2.2482031062096723
396.85291372182957,11.8517574482374,11.8517574482374,11.958736306563667,11.899648031815765,3.0623512867935787,2.7482031062096723
397.0529403920523,11.861172684156292,11.861172684156292,11.974235004373565,11.903109919496792,3.5623512867935787,3.2482031062096723
397.25296706227493,11.870589290610194,11.870589290610194,11.993587071774218,11.915389628773516,4.062351286793579,3.7482031062096723
397.45299373249765,11.880007174636217,11.880007174636217,12.002970494409615,11.935663004090452,3.5623512867935787,4.248203106209672
397.65302040272036,11.889426243258855,11.889426243258855,12.007164442697265,11.961015264780356,3.0623512867935787,4.748203106209672
397.85304707294307,11.898846403490907,11.898846403490907,12.018297795247888,11.980031235502892,3.425211692691849,4.248203106209672
398.0530737431657,11.908267562334398,11.908267562334398,12.020430168918036,12.004627602572876,2.925211692691849,4.748203106209672
398.25310041338844,11.917689626781494,11.917689626781494,12.031233706285136,12.02155739788248,3.425211692691849,4.248203106209672
398.45312708361115,11.927112503815417,11.927112503815417,12.048898822239275,12.04182132813791,3.925211692691849,4.564687491793545
398.6531537538338,11.93653610041137,11.93653610041137,12.058452120063086,12.057058453578724,3.425211692691849,4.064687491793545
398.8531804240565,11.945960323537456,11.945960323537456,12.0759711406699,12.076423666003775,3.925211692691849,4.564687491793545
399.05320709427923,11.955385080155587,11.955385080155587,12.08775247434412,12.100140113893993,3.4968632136684215,4.615183665046794
399.25323376450194,11.96481027722241,11.96481027722241,12.106816379668418,12.1172703769924,3.9968632136684215,4.115183665046794
399.4532604347246,11.974235821690222,11.974235821690222,12.134817964881531,12.126803103326637,4.496863213668421,3.6151836650467937
399.6532871049473,11.9836616205079,11.9836616205079,12.151738786197736,12.132305991440534,3.996863213668421,3.1151836650467937
399.85331377517,11.993087580621795,11.993087580621795,12.163532949673048,12.130579535771684,3.496863213668421,2.778782845768932
400.0533404453927,12.00251360897667,12.00251360897667,12.180067437430756,12.12432132181146,3.996863213668421,2.278782845768932
400.2533671156154,12.011939612516628,12.011939612516628,12.210226905482441,12.122463708461632,4.496863213668421,2.778782845768932
400.4533937858381,12.021365498185999,12.021365498185999,12.230199074108635,12.11816991798871,3.996863213668421,2.436102128309859
400.6534204560608,12.030791172930286,12.030791172930286,12.240749941219049,12.120453692968715,3.496863213668421,2.936102128309859
400.85344712628347,12.040216543697069,12.040216543697069,12.240335823849426,12.115958151487188,2.996863213668421,2.436102128309859
401.0534737965062,12.049641517436939,12.049641517436939,12.253565292123918,12.107325125448307,3.3481813646782137,1.9361021283098592
401.2535004667289,12.059066001104394,12.059066001104394,12.252805675982094,12.103840685189898,2.917078513360492,2.436102128309859
401.45352713695155,12.068489901658776,12.068489901658776,12.248274143060948,12.093710302441336,2.417078513360492,1.968250054917726
401.65355380717426,12.077913126065187,12.077913126065187,12.247177755974123,12.091459868589943,2.917078513360492,2.4682500549177258
401.853580477397,12.087335581295399,12.087335581295399,12.260684296072615,12.093709905622829,3.406989956642705,2.9682500549177258
402.0536071476197,12.09675717432878,12.09675717432878,12.280484803319604,12.100420078430442,3.906989956642705,3.4682500549177258
402.25363381784234,12.106177812153202,12.106177812153202,12.288672846369376,12.113141060099572,3.406989956642705,3.9682500549177258
402.45366048806505,12.115597401765985,12.115597401765985,12.30595748863227,12.131642647727716,3.906989956642705,4.468250054917726
402.65368715828777,12.125015850174782,12.125015850174782,12.330460440522867,12.15920128169185,4.406989956642705,4.938399296855331
402.8537138285105,12.134433064398513,12.134433064398513,12.347414136415649,12.185761735550741,3.906989956642705,4.931501228444884
403.05374049873313,12.143848951468284,12.143848951468284,12.362948478655074,12.205852455235556,3.406989956642705,4.431501228444884
403.25376716895585,12.15326341842831,12.15326341842831,12.363299828185461,12.221110526119283,2.906989956642705,3.9315012284448843
403.45379383917856,12.162676372336819,12.162676372336819,12.369528551831241,12.242842222133374,3.4019606249660357,4.431501228444884
403.6538205094012,12.172087720266973,12.172087720266973,12.390875164781555,12.268427121766244,3.74387091368364,4.931501228444884
403.8538471796239,12.181497369307799,12.181497369307799,12.398262100878663,12.290364990563623,3.24387091368364,4.431501228444884
404.05387384984664,12.19090522656509,12.19090522656509,12.410635084131195,12.306309782206172,3.74387091368364,3.9315012284448843
404.25390052006935,12.20031119916232,12.20031119916232,12.416096755583183,12.315349166463426,3.24387091368364,3.4315012284448843
404.453927190292,12.209715194241578,12.209715194241578,12.4153400334247,12.317168058542913,2.74387091368364,2.9315012284448843
404.6539538605147,12.21911711896448,12.21911711896448,12.403561098827788,12.326079752400851,2.24387091368364,3.4315012284448843
404.85398053073743,12.228516880513071,12.228516880513071,12.392456742655105,12.34091973875442,2.3564002002213704,3.871965319450304
405.0540072009601,12.237914386090754,12.237914386090754,12.39386473799718,12.359203747730362,2.6597843069650753,4.197170884980096
405.2540338711828,12.247309542923208,12.247309542923208,12.402344810410634,12.382000126170219,3.1597843069650753,4.697170884980096
405.4540605414055,12.256702258259294,12.256702258259294,12.416192874163416,12.398633889312714,3.6597843069650753,4.197170884980096
405.6540872116282,12.266092439371983,12.266092439371983,12.433689591200498,12.405299640338612,3.905625979178399,3.697170884980096
405.8541138818509,12.275479993559248,12.275479993559248,12.457870533728993,12.413360071626347,4.405625979178399,3.197170884980096
406.0541405520736,12.284864828145018,12.284864828145018,12.479603510643177,12.42257184764956,3.9056259791783994,3.697170884980096
406.2541672222963,12.294246850480055,12.294246850480055,12.500879386434997,12.427456458213396,4.050673862675183,3.197170884980096
406.45419389251896,12.303625967942889,12.303625967942889,12.530883876229819,12.432775342065677,4.550673862675183,3.2211827141682403
406.65422056274167,12.31300208794073,12.31300208794073,12.557044623696742,12.44378544955018,4.050673862675183,3.7211827141682403
406.8542472329644,12.322375117910372,12.322375117910372,12.566983099556962,12.447541263976934,3.5506738626751826,3.2211827141682403
407.0542739031871,12.331744965319128,12.331744965319128,12.571782824842042,12.459467822570666,3.0506738626751826,3.7211827141682403
407.25430057340975,12.341111537665713,12.341111537665713,12.562955153715665,12.477724791813207,2.5506738626751826,4.22118271416824
407.45432724363246,12.350474742481186,12.350474742481186,12.562875042166066,12.501480674299453,3.0506738626751826,4.72118271416824
407.6543539138552,12.359834487329847,12.359834487329847,12.571231464283853,12.518238837701423,3.5506738626751826,4.22118271416824
407.8543805840779,12.369190679810156,12.369190679810156,12.572879782644756,12.528351807620151,3.0506738626751826,3.72118271416824
408.05440725430054,12.378543227555637,12.378543227555637,12.567850877947798,12.531847885170189,2.5506738626751826,3.310057362856395
408.25443392452325,12.387892038235805,12.387892038235805,12.555364588590509,12.531013519226933,2.0506738626751826,2.810057362856395
408.45446059474597,12.39723701955706,12.39723701955706,12.549110951339216,12.525296500971272,2.5506738626751826,2.422145129583461
408.6544872649686,12.40657807926361,12.40657807926361,12.54834425502977,12.52799714927976,3.0506738626751826,2.922145129583461
408.85451393519133,12.415915125138378,12.415915125138378,12.554968359788003,12.520153189613724,3.153944004827544,2.539797825532852
409.05454060541405,12.42524806500391,12.42524806500391,12.565831602060223,12.522836957629972,3.653944004827544,3.039797825532852
409.25456727563676,12.43457680672329,12.43457680672329,12.576192997265595,12.531263238398916,3.6094122063500613,3.5193531768219897
409.4545939458594,12.443901258201043,12.443901258201043,12.592357313604571,12.538576502500923,4.109412206350061,3.2519370601184945
409.6546206160821,12.453221327384059,12.453221327384059,12.604387416781206,12.539464889034395,3.6094122063500613,2.7519370601184945
409.85464728630484,12.462536922262478,12.462536922262478,12.628601731825599,12.544845016131214,4.109412206350061,3.0682556662503733
410.0546739565275,12.471847950870618,12.471847950870618,12.638505895710049,12.543944147821174,3.6094122063500613,2.9860432731002344
410.2547006267502,12.481154321287875,12.481154321287875,12.644861811052149,12.550326827904934,3.1094122063500613,3.4860432731002344
410.4547272969729,12.490455941639633,12.490455941639633,12.658070948000566,12.554255097817892,3.6094122063500613,3.0064467936504164
410.65475396719563,12.499752720098167,12.499752720098167,12.663154806712258,12.557649261160586,3.1094122063500613,3.0629595186347816
410.8547806374183,12.509044564883553,12.509044564883553,12.675193607304971,12.566242587694768,3.604152706668212,3.5629595186347816
411.054807307641,12.518331384264577,12.518331384264577,12.6950990836817,12.581640053465494,4.104152706668212,4.0629595186347816
411.2548339778637,12.527613086559633,12.527613086559633,12.706012218433019,12.590553787171629,3.604152706668212,3.5629595186347816
411.45486064808637,12.53688958013763,12.53688958013763,12.727926409974142,12.605063577909283,4.104152706668212,4.0629595186347816
411.6548873183091,12.546160773418913,12.546160773418913,12.743533225292174,12.610614288684,3.604152706668212,3.5629595186347816
411.8549139885318,12.55542657487613,12.55542657487613,12.741873618824625,12.627158215451022,3.104152706668212,4.0629595186347816
412.0549406587545,12.564686893035173,12.564686893035173,12.755765066717453,12.648751580473037,3.604152706668212,4.466643132566915
412.25496732897716,12.57394163647606,12.57394163647606,12.761235119505315,12.671781013794325,3.104152706668212,4.966643132566915
412.45499399919987,12.583190713833856,12.583190713833856,12.765925611380279,12.691008137164154,3.0291724764425734,4.466643132566915
412.6550206694226,12.592434033799547,12.592434033799547,12.774981446589885,12.703385017291144,3.5291724764425734,3.966643132566915
412.8550473396453,12.601671505120969,12.601671505120969,12.779013224931738,12.717494482656864,3.1326404837096855,4.054300041142373
413.05507400986795,12.610903036603688,12.610903036603688,12.776935206390377,12.73011572202767,2.6326404837096855,3.9438473552932147
413.25510068009066,12.620128537111917,12.620128537111917,12.766649622927941,12.751233505863393,2.1326404837096855,4.443847355293215
413.4551273503134,12.629347915569403,12.629347915569403,12.74690268860894,12.76634337298179,1.7682048772515033,3.943847355293215
413.65515402053603,12.638561080960333,12.638561080960333,12.73908448654776,12.783539375939847,2.2682048772515033,4.443847355293215
413.85518069075874,12.647767942330233,12.647767942330233,12.742016303759739,12.804095350232032,2.7682048772515033,4.287621033596249
414.05520736098146,12.656968408786865,12.656968408786865,12.742771070270614,12.81821056315629,2.9304928846985536,3.787621033596249
414.25523403120417,12.666162389501114,12.666162389501114,12.753729030301455,12.823490083448522,3.4304928846985536,3.287621033596249
414.4552607014268,12.675349793707904,12.675349793707904,12.776481945681263,12.832611432792586,3.9304928846985536,3.787621033596249
414.65528737164954,12.684530530707077,12.684530530707077,12.785419690162453,12.839240434997867,3.4304928846985536,3.287621033596249
414.85531404187225,12.693704509864299,12.693704509864299,12.786098742419302,12.834072661864834,2.9304928846985536,2.787621033596249
415.0553407120949,12.702871640611946,12.702871640611946,12.796558046356765,12.836956085729222,3.3118435145857643,3.287621033596249
415.2553673823176,12.71203183245001,12.71203183245001,12.811204809625915,12.843539724974525,3.8118435145857643,3.5244347371614095
415.4553940525403,12.721184994946986,12.721184994946986,12.836432296061284,12.84835995781066,4.146655035674152,3.0244347371614095
415.65542072276304,12.730331037740756,12.730331037740756,12.847257888539321,12.842454295761843,3.6466550356741516,2.5244347371614095
415.8554473929857,12.73946987053949,12.73946987053949,12.863263021742535,12.843967412667139,3.769083243731692,2.771856462668309
416.0554740632084,12.748601403122553,12.748601403122553,12.87335022708267,12.835996727523732,3.269083243731692,2.271856462668309
416.2555007334311,12.757725545341353,12.757725545341353,12.875422295869605,12.831745274260742,2.9997163373264986,2.771856462668309
416.4555274036538,12.766842207120277,12.766842207120277,12.889862304494924,12.838211044897877,3.4997163373264986,3.271856462668309
416.6555540738765,12.775951298457558,12.775951298457558,12.89632062764743,12.8449571539669,3.2550387520104787,3.5756770855337447
416.8555807440992,12.785052729426159,12.785052729426159,12.891546753040728,12.862561001026688,2.7550387520104787,4.075677085533744
417.0556074143219,12.794146410174674,12.794146410174674,12.882150420238546,12.881995207017283,2.2550387520104787,4.575677085533744
417.25563408454457,12.803232250928204,12.803232250928204,12.877864770966339,12.900234767104523,2.7550387520104787,4.415703830368385
417.4556607547673,12.812310161989258,12.812310161989258,12.885748430613004,12.912645649802547,3.2550387520104787,3.9157038303683853
417.65568742499,12.821380053738615,12.821380053738615,12.902993982211257,12.919045427109994,3.7550387520104787,3.4157038303683853
417.8557140952127,12.830441836636233,12.830441836636233,12.911330941841642,12.932250985251262,3.3581838244230457,3.9157038303683853
418.05574076543536,12.839495421222113,12.839495421222113,12.92713782356796,12.949848677041379,3.8581838244230457,4.415703830368385
418.2557674356581,12.848540718117203,12.848540718117203,12.950812490686914,12.96530767671012,4.358183824423046,3.9157038303683853
418.4557941058808,12.857577638024265,12.857577638024265,12.966456224392592,12.97229394115273,3.8581838244230457,3.4157038303683853
418.65582077610344,12.866606091728752,12.866606091728752,12.98080028792488,12.970026562104326,3.4951159356968917,2.9157038303683853
418.85584744632615,12.875625990099712,12.875625990099712,12.999521495971322,12.96430499562249,3.9951159356968917,2.4157038303683853
419.05587411654886,12.884637244090644,12.884637244090644,13.027817538035473,12.964395765277608,4.495115935696892,2.9157038303683853
419.2559007867716,12.893639764740382,12.893639764740382,13.048067849135066,12.967811194092441,4.228482287237343,3.4157038303683853
419.45592745699423,12.902633463173986,12.902633463173986,13.070116573166954,12.964798249125666,4.017582451798363,2.9157038303683853
419.65595412721694,12.91161825060361,12.91161825060361,13.0796239934707,12.95738475786188,3.517582451798363,2.4157038303683853
419.85598079743966,12.920594038329376,12.920594038329376,13.098355015137706,12.960077232462133,4.017582451798363,2.9157038303683853
420.0560074676623,12.929560737740255,12.929560737740255,13.110988665563239,12.966575277814865,3.517582451798363,3.4157038303683853
420.256034137885,12.938518260314941,12.938518260314941,13.113463631963906,12.977245476189744,3.017582451798363,3.9157038303683853
420.45606080810774,12.947466517622725,12.947466517622725,13.11253941758348,12.995623349558919,2.838150968290477,4.415703830368385
420.65608747833045,12.95640542132436,12.95640542132436,13.100338519242296,13.00852826160475,2.338150968290477,3.9157038303683853
420.8561141485531,12.965334883172941,12.965334883172941,13.086332053917157,13.020136816752649,1.8381509682904769,3.8617828627119835
421.0561408187758,12.974254815014787,12.974254815014787,13.06006792171423,13.029693453740883,1.3381509682904769,3.841533601712934
421.2561674889985,12.983165128790285,12.983165128790285,13.042884763533467,13.037041521960926,1.8381509682904769,3.341533601712934
421.4561941592212,12.99206573653478,12.99206573653478,13.034560566630688,13.042764293930839,2.338150968290477,3.1992083988788624
421.6562208294439,13.00095655037944,13.00095655037944,13.035485970258263,13.04840827337512,2.838150968290477,3.6992083988788624
421.8562474996666,13.009837482552117,13.009837482552117,13.03170280185058,13.057678484749635,2.4527264793200976,3.8080821185010296
422.0562741698893,13.018708445378218,13.018708445378218,13.029649256810918,13.066626469257702,2.9527264793200976,3.590568338763748
422.256300840112,13.027569351281562,13.027569351281562,13.029671496861422,13.070893276256493,2.9707701036982055,3.4958001899906823
422.4563275103347,13.036420112785267,13.036420112785267,13.039794779653766,13.084852788419733,3.4707701036982055,3.9958001899906823
422.6563541805574,13.045260642512588,13.045260642512588,13.057299185209324,13.093995351125805,3.9707701036982055,3.6602837587494927
422.8563808507801,13.054090853187796,13.054090853187796,13.082627388965781,13.107101592321904,4.4707701036982055,4.160283758749493
423.05640752100277,13.062910657637028,13.062910657637028,13.100157538379806,13.130307507144824,3.9707701036982055,4.660283758749493
423.2564341912255,13.071719968789163,13.071719968789163,13.107512203088774,13.150266374621165,3.4707701036982055,4.160283758749493
423.4564608614482,13.080518699676665,13.080518699676665,13.127085201895104,13.172452090932572,3.9707701036982055,4.660283758749493
423.65648753167085,13.089306763436444,13.089306763436444,13.151465509545895,13.190387594126586,4.4707701036982055,4.319065166320386
423.85651420189356,13.09808407331073,13.09808407331073,13.170902381626977,13.213016759737203,3.9707701036982055,4.458996553233528
424.0565408721163,13.106850542647916,13.106850542647916,13.183121303200458,13.233699291495165,3.4707701036982055,4.649314728065445
424.256567542339,13.115606084903405,13.115606084903405,13.199460797660517,13.248195133680248,3.9707701036982055,4.149314728065445
424.45659421256164,13.124350613640482,13.124350613640482,13.207620257446104,13.267165148123876,3.4707701036982055,4.649314728065445
424.65662088278435,13.133084042531165,13.133084042531165,13.209292042074729,13.2820731635334,2.9707701036982055,4.149314728065445
424.85664755300706,13.141806285357044,13.141806285357044,13.22050086731204,13.292552807023037,3.4707701036982055,3.6493147280654448
425.0566742232297,13.150517256010142,13.150517256010142,13.237660190023549,13.292254698987666,3.9707701036982055,3.1493147280654448
425.25670089345243,13.159216868493765,13.159216868493765,13.262192103332051,13.294068070880323,4.4707701036982055,3.1406884868965483
425.45672756367514,13.167905036923349,13.167905036923349,13.285652698583924,13.2916840980226,4.095556440995975,2.6406884868965483
425.65675423389786,13.176581675527308,13.176581675527308,13.315659631997066,13.287689071008945,4.366851910057788,2.4487483071575085
425.8567809041205,13.185246698647878,13.185246698647878,13.33287709033594,13.278077780179375,3.866851910057788,2.0564199844202684
426.0568075743432,13.193900020741978,13.193900020741978,13.340152292535267,13.272562643996554,3.366851910057788,2.5564199844202684
426.25683424456594,13.202541556382025,13.202541556382025,13.359132549568995,13.274063479643292,3.866851910057788,3.0564199844202684
426.4568609147886,13.211171220256809,13.211171220256809,13.382092085540178,13.283254490602118,4.366851910057788,3.5564199844202684
426.6568875850113,13.219788927172308,13.219788927172308,13.401109408611031,13.2987993672177,3.866851910057788,4.056419984420268
426.856914255234,13.228394592052554,13.228394592052554,13.42092827353114,13.30682575875076,3.8407001318314244,3.556419984420268
427.05694092545673,13.236988129940451,13.236988129940451,13.424305711685305,13.308495790834568,3.3407001318314244,3.056419984420268
427.2569675956794,13.245569455998629,13.245569455998629,13.421023828043866,13.31640367958543,2.8407001318314244,3.556419984420268
427.4569942659021,13.254138485510278,13.254138485510278,13.427432227850558,13.330867008980354,3.3407001318314244,4.056419984420268
427.6570209361248,13.262695133879975,13.262695133879975,13.424922653824026,13.35277704108332,2.8407001318314244,4.530771987717622
427.8570476063475,13.271239316634531,13.271239316634531,13.429605899678107,13.37993988602486,3.131614212899385,5.030771987717622
428.0570742765702,13.279770949423822,13.279770949423822,13.421700137479743,13.40256462948653,2.631614212899385,4.530771987717622
428.2571009467929,13.288289948021616,13.288289948021616,13.406626775400273,13.432141357841797,2.131614212899385,5.030771987717622
428.4571276170156,13.29679622832641,13.29679622832641,13.402096607572886,13.4509131513301,2.631614212899385,4.530771987717622
428.65715428723826,13.30528970636226,13.30528970636226,13.388592994153418,13.461576160715378,2.131614212899385,4.030771987717622
428.85718095746097,13.313770298279607,13.313770298279607,13.385594672197074,13.467929308079674,2.631614212899385,3.530771987717622
429.0572076276837,13.322237920356113,13.322237920356113,13.389170898826462,13.469430703410953,3.131614212899385,3.030771987717622
429.2572342979064,13.330692488997471,13.330692488997471,13.397666498234535,13.47848052025268,3.631614212899385,3.530771987717622
429.45726096812905,13.339133920738249,13.339133920738249,13.418010557189636,13.480149521104615,4.131614212899385,3.030771987717622
429.65728763835176,13.347562132242702,13.347562132242702,13.429584166394434,13.490041771985178,3.631614212899385,3.530771987717622
429.8573143085745,13.355977040305596,13.355977040305596,13.446489897583737,13.5050333594697,4.131614212899385,4.030771987717622
430.05734097879713,13.364378561853034,13.364378561853034,13.456521638278259,13.512304978563888,3.631614212899385,3.530771987717622
430.25736764901984,13.372766613943277,13.372766613943277,13.47599442761763,13.525430374210444,4.020282477556115,4.030771987717622
430.45739431924255,13.381141113767557,13.381141113767557,13.48791303730394,13.544958861158504,3.5202824775561146,4.401457412843568
430.65742098946527,13.389501978650893,13.389501978650893,13.49188037637445,13.565036724347504,3.0202824775561146,4.603201028559402
430.8574476596879,13.397849126052915,13.397849126052915,13.484748215550361,13.580877436807286,2.5202824775561146,4.103201028559402
431.05747432991063,13.406182473568679,13.406182473568679,13.485557074957391,13.590167603333976,3.0202824775561146,3.6032010285594023
431.25750100013335,13.414501938929469,13.414501938929469,13.48615062566045,13.59404407747791,3.103964018531663,3.2237165773788123
431.45752767035606,13.42280744000362,13.42280744000362,13.495101030479894,13.589841523279365,3.603964018531663,2.7237165773788123
431.6575543405787,13.431098894797323,13.431098894797323,13.51242169036151,13.591855442975282,4.103964018531663,3.2237165773788123
431.8575810108014,13.439376221455449,13.439376221455449,13.538636178246879,13.596298971522506,4.603964018531663,3.3302569140553255
432.05760768102414,13.447639338262329,13.447639338262329,13.571786117164518,13.593231884842417,4.932062388098801,2.8302569140553255
432.2576343512468,13.455888163642584,13.455888163642584,13.596531948775812,13.601284193229306,4.432062388098801,3.3302569140553255
432.4576610214695,13.46412261616193,13.46412261616193,13.615235649791543,13.59785005290478,3.9320623880988013,2.8302569140553255
432.6576876916922,13.472342614527962,13.472342614527962,13.623675829434507,13.588244740412305,3.4320623880988013,2.3302569140553255
432.85771436191493,13.480548077590978,13.480548077590978,13.619006179308215,13.575725140513484,2.9320623880988013,1.8302569140553255
433.0577410321376,13.48873892434477,13.48873892434477,13.622727595074982,13.556067414939408,3.0237020492635875,1.35839064616833
433.2577677023603,13.496915073927426,13.496915073927426,13.615382857097638,13.541290863579277,2.5237020492635875,1.85839064616833
433.457794372583,13.505076445622127,13.505076445622127,13.60424057240972,13.533785285673869,2.1424067960477973,2.35839064616833
433.65782104280567,13.513222958857943,13.513222958857943,13.602408670771318,13.534306725484962,2.6424067960477973,2.85839064616833
433.8578477130284,13.521354533210637,13.521354533210637,13.590839584308448,13.53862661937183,2.532715863139249,3.287532406627326
434.0578743832511,13.529471088403447,13.529471088403447,13.591129029615049,13.547139778600695,3.032715863139249,3.787532406627326
434.2579010534738,13.537572544307881,13.537572544307881,13.591609905554083,13.563714944815493,2.9208719785714745,4.287532406627326
434.45792772369646,13.54565882094451,13.54565882094451,13.595453494371275,13.585370663960331,3.4208719785714745,4.787532406627326
434.65795439391917,13.55372983848377,13.55372983848377,13.594806815531749,13.601059234542927,2.9208719785714745,4.287532406627326
434.8579810641419,13.561785517246726,13.561785517246726,13.611945719290858,13.624715825852512,3.4208719785714745,4.787532406627326
435.05800773436454,13.569825777705871,13.569825777705871,13.627076230799904,13.655003928878354,3.9208719785714745,5.287532406627326
435.25803440458725,13.577850540485922,13.577850540485922,13.64860119594119,13.680739436681009,4.4208719785714745,4.787532406627326
435.45806107480996,13.585859726364585,13.585859726364585,13.674600645193554,13.69974443651378,4.47342779427041,4.287532406627326
435.6580877450327,13.59385325627334,13.59385325627334,13.711535056076993,13.710453039835693,4.97342779427041,3.787532406627326
435.85811441525533,13.601831051298232,13.601831051298232,13.728850631549717,13.725594536394006,4.47342779427041,4.287532406627326
436.05814108547804,13.609793032680649,13.609793032680649,13.746173197737273,13.737099693827078,3.9734277942704104,3.787532406627326
436.25816775570075,13.617739121818087,13.617739121818087,13.753579722793935,13.742687402789219,3.4734277942704104,3.3137978771168095
436.45819442592347,13.625669240264937,13.625669240264937,13.75570229413104,13.745032062509626,2.9734277942704104,3.2161017456760073
436.6582210961461,13.633583309733254,13.633583309733254,13.76221670490223,13.741488415314956,3.190376561056708,2.7161017456760073
436.85824776636883,13.64148125209354,13.64148125209354,13.7574283656634,13.747350479298206,2.690376561056708,3.2161017456760073
437.05827443659155,13.649362989375495,13.649362989375495,13.741075998719557,13.756978667228424,2.190376561056708,3.7161017456760073
437.2583011068142,13.657228443768808,13.657228443768808,13.729280898509266,13.776255631226503,2.236618808718427,4.216101745676007
437.4583277770369,13.665077537623919,13.665077537623919,13.72146315076272,13.78499700928595,2.736618808718427,3.7161017456760073
437.6583544472596,13.672910193452774,13.672910193452774,13.705975457772132,13.800341069657918,2.236618808718427,3.813680875705442
437.85838111748234,13.680726333929602,13.680726333929602,13.691945372676404,13.802848902189602,2.1543514688233723,3.313680875705442
438.058407787705,13.68852588189168,13.68852588189168,13.686595273906002,13.803793310173036,2.6543514688233723,3.210705987487078
438.2584344579277,13.696308760340084,13.696308760340084,13.690453329415556,13.813347029618042,3.1543514688233723,3.710705987487078
438.4584611281504,13.704074892440465,13.704074892440465,13.703527024674894,13.816471546381601,3.6543514688233723,3.210705987487078
438.6584877983731,13.711824201523779,13.711824201523779,13.714961368326993,13.819309609150368,3.5605411703149055,3.312796723840258
438.8585144685958,13.719556611087086,13.719556611087086,13.735720835886221,13.820383102685133,4.060541170314906,3.325147250937704
439.0585411388185,13.727272044794262,13.727272044794262,13.763666422754248,13.817780335000032,4.560541170314906,2.825147250937704
439.2585678090412,13.734970426476785,13.734970426476785,13.796663987055478,13.822344518641176,5.060541170314906,3.325147250937704
439.45859447926387,13.742651680134468,13.742651680134468,13.815103934784407,13.81986362423287,4.560541170314906,2.825147250937704
439.6586211494866,13.75031572993622,13.75031572993622,13.833774710143437,13.820055914741273,4.060541170314906,3.325147250937704
439.8586478197093,13.757962500220792,13.757962500220792,13.859088814023398,13.831189717142271,4.543992590023646,3.825147250937704
440.05867448993195,13.765591915497511,13.765591915497511,13.882057578874896,13.840840988926054,4.508540069935248,3.8321479533458898
440.25870116015466,13.77320390044705,13.77320390044705,13.897747191997716,13.843076897980042,4.041623139737863,3.3321479533458898
440.45872783037737,13.780798379922153,13.780798379922153,13.918662386067332,13.85619844156811,4.367668279586849,3.8321479533458898
440.6587545006001,13.78837527894838,13.78837527894838,13.938001164828485,13.862209909811488,3.867668279586849,3.3456144686232228
440.85878117082274,13.795934522724849,13.795934522724849,13.947881920526605,13.870679028939174,3.367668279586849,3.8456144686232228
441.05880784104545,13.80347603662498,13.80347603662498,13.941024764449898,13.876819436857101,2.867668279586849,3.3456144686232228
441.25883451126816,13.810999746197222,13.810999746197222,13.947721118422388,13.884196647823131,3.367668279586849,3.8456144686232228
441.4588611814909,13.818505577165796,13.818505577165796,13.959521763751304,13.897219591360901,3.867668279586849,3.922782814212375
441.65888785171353,13.825993455431416,13.825993455431416,13.979445139446783,13.908854889571014,4.1600964877979525,4.111501351174486
441.85891452193624,13.833463307072039,13.833463307072039,13.987603773355838,13.918931236440399,3.6600964877979525,3.6756364665445562
442.05894119215895,13.840915058343583,13.840915058343583,13.9922002958041,13.933777601086009,3.1600964877979525,4.175636466544557
442.2589678623816,13.848348635680649,13.848348635680649,13.986576032621912,13.953229378890407,2.6600964877979525,4.675636466544557
442.4589945326043,13.85576396569727,13.85576396569727,13.969707935346367,13.968577359195109,2.1600964877979525,4.175636466544557
442.65902120282703,13.863160975187606,13.863160975187606,13.960583324722846,13.980428395745427,2.6600964877979525,4.153670177698359
442.85904787304975,13.870539591126692,13.870539591126692,13.9468904078487,13.98756179428,2.1600964877979525,3.653670177698359
443.0590745432724,13.877899740671136,13.877899740671136,13.942443354373157,13.986754453808741,2.6600964877979525,3.153670177698359
443.2591012134951,13.885241351159868,13.885241351159868,13.944892731190494,13.995790306195234,3.1600964877979525,3.653670177698359
443.4591278837178,13.892564350114826,13.892564350114826,13.959262709028193,13.996532936880081,3.6600964877979525,3.153670177698359
443.6591545539405,13.899868665241687,13.899868665241687,13.97682741163141,13.997089975992534,3.915989104241409,3.196902773312369
443.8591812241632,13.907154224430585,13.907154224430585,13.997871993162757,14.005176123302553,4.415989104241409,3.6402445796046368
444.0592078943859,13.914420955756814,13.914420955756814,14.013697908192299,14.007798833831293,3.915989104241409,3.1402445796046368
444.2592345646086,13.921668787481538,13.921668787481538,14.034067508837161,14.013330083804735,4.415989104241409,3.572212790172574
444.4592612348313,13.928897648052507,13.928897648052507,14.04930991371656,14.014207501569109,3.915989104241409,3.072212790172574
444.659287905054,13.936107466104755,13.936107466104755,14.060782522276291,14.009699309972405,3.483331296697206,2.572212790172574
444.8593145752767,13.943298170461308,13.943298170461308,14.076188707874545,14.013213283506852,3.983331296697206,3.072212790172574
445.05934124549935,13.950469690133888,13.950469690133888,14.083799108184108,14.01818653800963,3.483331296697206,3.572212790172574
445.25936791572207,13.957621954323615,13.957621954323615,14.092467631840877,14.018443197028583,3.605125974133711,3.072212790172574
445.4593945859448,13.964754892421702,13.964754892421702,14.097283792311437,14.023305594207725,3.105125974133711,3.572212790172574
445.6594212561675,13.97186843401015,13.97186843401015,14.092900415367616,14.025869106290523,2.605125974133711,3.072212790172574
445.85944792639015,13.97896250886245,13.97896250886245,14.078503133348647,14.032168018289074,2.105125974133711,3.572212790172574
446.05947459661286,13.986037046944274,13.986037046944274,14.068307559348039,14.044383258921194,2.605125974133711,4.072212790172574
446.25950126683557,13.993091978414164,13.993091978414164,14.051475583003176,14.06233695151606,2.105125974133711,4.572212790172574
446.4595279370583,14.00012723362422,14.00012723362422,14.042195543267294,14.086170162129767,2.605125974133711,5.072212790172574
446.65955460728094,14.007142743120795,14.007142743120795,14.045001405524644,14.118781615393615,3.105125974133711,5.572212790172574
446.85958127750365,14.014138437645178,14.014138437645178,14.053435645238768,14.141580969768512,3.605125974133711,5.072212790172574
447.05960794772636,14.021114248134271,14.021114248134271,14.05433013172317,14.158466597963292,3.105125974133711,4.572212790172574
447.259634617949,14.028070105721273,14.028070105721273,14.064825128906165,14.169658519603606,3.605125974133711,4.072212790172574
447.45966128817173,14.035005941736376,14.035005941736376,14.08543548857265,14.174480665862019,4.105125974133712,3.572212790172574
447.65968795839444,14.041921687707415,14.041921687707415,14.09222892833126,14.175441138293793,3.609370875690759,3.072212790172574
447.85971462861716,14.048817275360564,14.048817275360564,14.097313763015404,14.171781782261325,3.109370875690759,2.774964234849386
448.0597412988398,14.055692636621004,14.055692636621004,14.087544900038374,14.174502228324204,2.6725154181547834,3.274964234849386
448.2597679690625,14.062547703613598,14.062547703613598,14.073431936125118,14.182410079607784,2.1725154181547834,3.774964234849386
448.45979463928524,14.069382408663557,14.069382408663557,14.073514362760248,14.186586327190827,2.6725154181547834,3.3696419516770595
448.6598213095079,14.07619668429711,14.07619668429711,14.082127310240928,14.196460763536109,3.1725154181547834,3.8696419516770595
448.8598479797306,14.082990463242169,14.082990463242169,14.074059199905571,14.200944283582961,2.6725154181547834,3.3696419516770595
449.0598746499533,14.089763678428994,14.089763678428994,14.080118674607093,14.20158379062801,3.1725154181547834,3.1813275168476514
449.259901320176,14.096516262990857,14.096516262990857,14.094692619925898,14.198017730430598,3.6725154181547834,2.6813275168476514
449.4599279903987,14.103248150264694,14.103248150264694,14.114843131379866,14.189848603409448,4.172515418154783,2.359135205641143
449.6599546606214,14.10995927379178,14.10995927379178,14.142923042515342,14.188030853284266,4.672515418154783,2.859135205641143
449.8599813308441,14.116649567318369,14.116649567318369,14.179889697704109,14.183510403979355,5.172515418154783,2.6351241924142874
450.06000800106676,14.123318964796347,14.123318964796347,14.220977565832944,14.177198447996375,5.434094775699302,2.3570283062987345
450.2600346712895,14.129967400383904,14.129967400383904,14.250691647774667,14.172740929446876,5.005182825563296,2.8570283062987345
450.4600613415122,14.136594808446162,14.136594808446162,14.273078112269499,14.163365219315521,4.505182825563296,2.3570283062987345
450.6600880117349,14.143201123555828,14.143201123555828,14.287653324125472,14.164978090776827,4.005182825563296,2.8570283062987345
450.86011468195755,14.14978628049385,14.14978628049385,14.298212804988179,14.160535267361052,3.5051828255632964,2.5377631384026995
451.06014135218027,14.156350214250057,14.156350214250057,14.306325213104131,14.159620780366836,3.599443179838516,3.0377631384026995
451.260168022403,14.16289286002379,14.16289286002379,14.32398477984195,14.16321320283884,4.0994431798385165,3.5377631384026995
451.4601946926257,14.169414153224555,14.169414153224555,14.331316517480069,14.17600086648499,3.5994431798385165,4.037763138402699
451.66022136284835,14.17591402947265,14.17591402947265,14.330132241677607,14.195280480413535,3.0994431798385165,4.537763138402699
451.86024803307106,14.18239242459982,14.18239242459982,14.337279299675734,14.205556091744544,3.5994431798385165,4.037763138402699
452.06027470329377,14.188849274649858,14.188849274649858,14.337139134071608,14.223668513688315,3.0994431798385165,4.537763138402699
452.2603013735164,14.195284515879266,14.195284515879266,14.334948823721428,14.23547551052558,3.123251035396126,4.037763138402699
452.46032804373914,14.201698084757869,14.201698084757869,14.349204489606016,14.249124338217266,3.623251035396126,4.13986467503177
452.66035471396185,14.208089917969453,14.208089917969453,14.366737552685006,14.262036947436798,4.123251035396126,3.8775650644339703
452.86038138418456,14.214459952412374,14.214459952412374,14.38042872171628,14.276576389429257,3.623251035396126,4.37756506443397
453.0604080544072,14.220808125200197,14.220808125200197,14.382359717005887,14.284116798841021,3.123251035396126,3.87756506443397
453.26043472462993,14.22713437366231,14.22713437366231,14.378731041702626,14.293417228112299,2.7794490490955464,3.37756506443397
453.46046139485264,14.233438635344541,14.233438635344541,14.378780735899536,14.30576846591864,3.2794490490955464,3.87756506443397
453.6604880650753,14.239720848009773,14.239720848009773,14.374245560395824,14.31513296128316,2.7794490490955464,3.6015139429900165
453.860514735298,14.24598094963857,14.24598094963857,14.35668187641147,14.317755531729837,2.2794490490955464,3.1015139429900165
454.0605414055207,14.252218878429776,14.252218878429776,14.351646747386958,14.325793182617554,2.7794490490955464,3.6015139429900165
454.26056807574344,14.25843457280113,14.25843457280113,14.337192150918622,14.327347270402594,2.2794490490955464,3.280424955671654
454.4605947459661,14.264627971389874,14.264627971389874,14.326637403332876,14.338697336671267,2.7794490490955464,3.780424955671654
454.6606214161888,14.270799013053367,14.270799013053367,14.333679808224831,14.348487428236337,3.2794490490955464,4.028796102515787
454.8606480864115,14.276947636869671,14.276947636869671,14.34396801383468,14.365437610511863,3.7794490490955464,4.528796102515787
455.06067475663417,14.283073782138164,14.283073782138164,14.36196193550277,14.378482678764517,4.279449049095547,4.028796102515787
455.2607014268569,14.28917738838014,14.28917738838014,14.372913645280107,14.382455828594368,3.779449049095547,3.528796102515787
455.4607280970796,14.295258395339403,14.295258395339403,14.392160793150445,14.385543685338677,4.279449049095547,3.339185409885713
455.6607547673023,14.301316742982861,14.301316742982861,14.403929637224472,14.395243518027955,3.779449049095547,3.839185409885713
455.86078143752496,14.307352371501118,14.307352371501118,14.40558609786971,14.41053688360499,3.279449049095547,4.224871050908123
456.0608081077477,14.313365221309073,14.313365221309073,14.403301574860947,14.417371428013029,2.779449049095547,3.7248710509081233
456.2608347779704,14.319355233046496,14.319355233046496,14.391177174245785,14.417877891690045,2.279449049095547,3.2248710509081233
456.4608614481931,14.325322347578624,14.325322347578624,14.383454451666651,14.415057828348056,2.779449049095547,2.924035341628461
456.66088811841576,14.33126650599673,14.33126650599673,14.388279274078753,14.41774032793897,3.279449049095547,3.424035341628461
456.86091478863847,14.337187649618729,14.337187649618729,14.379590939358769,14.414408699595453,2.779449049095547,2.924035341628461
457.0609414588612,14.343085719989736,14.343085719989736,14.381015145142065,14.402946573896443,3.279449049095547,2.424035341628461
457.26096812908384,14.348960658882648,14.348960658882648,14.390071526282307,14.398744756726,3.779449049095547,2.924035341628461
457.46099479930655,14.35481240829873,14.35481240829873,14.40189463232873,14.400843719558901,3.799342833119701,3.1309648397639402
457.66102146952926,14.36064091046817,14.36064091046817,14.42069667100549,14.404600866943163,4.172911673419711,3.517875390446683
457.861048139752,14.366446107850667,14.366446107850667,14.43194129902738,14.416421244080912,3.672911673419711,4.017875390446683
458.0610748099746,14.372227943135975,14.372227943135975,14.447207179736184,14.425975679725749,4.0929619170086715,3.8354031640824635
458.26110148019734,14.3779863592445,14.3779863592445,14.463695890804853,14.426984654888688,4.5929619170086715,3.3354031640824635
458.46112815042005,14.383721299327842,14.383721299327842,14.479577007999056,14.423653175948882,4.0929619170086715,2.8354031640824635
458.6611548206427,14.389432706769357,14.389432706769357,14.487137912651642,14.425524208956773,3.5929619170086715,3.3354031640824635
458.8611814908654,14.395120525184728,14.395120525184728,14.48959245037109,14.421096661060222,3.0929619170086715,2.8354031640824635
459.06120816108813,14.400784698422509,14.400784698422509,14.497356043610363,14.424900719266972,3.5867843515685514,3.3354031640824635
459.26123483131084,14.40642517056469,14.40642517056469,14.499001104941488,14.434371957568468,3.0867843515685514,3.8354031640824635
459.4612615015335,14.412041885927232,14.412041885927232,14.495141333451528,14.448197853437433,3.143576748128954,4.3354031640824635
459.6612881717562,14.417634789060646,14.417634789060646,14.506985589786648,14.467560966674506,3.643576748128954,4.8354031640824635
459.8613148419789,14.423203824750505,14.423203824750505,14.50637224011162,14.49402581725212,3.143576748128954,5.3354031640824635
460.0613415122016,14.42874893801802,14.42874893801802,14.514425872110559,14.516483175407522,3.643576748128954,4.8354031640824635
460.2613681824243,14.434270074120562,14.434270074120562,14.515610091430775,14.53403900377897,3.143576748128954,4.3354031640824635
460.461394852647,14.439767178552216,14.439767178552216,14.50972031518658,14.560149977480943,2.643576748128954,4.8354031640824635
460.6614215228697,14.445240197044306,14.445240197044306,14.491164033276327,14.572348094176828,2.143576748128954,4.3354031640824635
460.8614481930924,14.450689075565947,14.450689075565947,14.485874645845694,14.581695754973639,2.643576748128954,3.852666160193647
461.0614748633151,14.456113760324557,14.456113760324557,14.470726551284187,14.596712157038738,2.143576748128954,4.352666160193647
461.2615015335378,14.461514197766412,14.461514197766412,14.462006526857511,14.607087906396492,2.643576748128954,3.852666160193647
461.4615282037605,14.466890334577158,14.466890334577158,14.447533988490257,14.609511801203235,2.143576748128954,3.352666160193647
461.66155487398316,14.472242117682342,14.472242117682342,14.437542023210867,14.60523336015418,2.643576748128954,2.852666160193647
461.8615815442059,14.477569494247938,14.477569494247938,14.441966957779316,14.602363966103642,3.143576748128954,2.796618272657652
462.0616082144286,14.482872411680866,14.482872411680866,14.452739681780866,14.60535113390667,3.643576748128954,3.296618272657652
462.26163488465124,14.488150817629512,14.488150817629512,14.46788195749891,14.602450437948562,4.054534871293851,2.796618272657652
462.46166155487396,14.493404659984247,14.493404659984247,14.473414684743963,14.60209037571415,3.5545348712938507,3.296618272657652
462.66168822509667,14.498633886877933,14.498633886877933,14.488408544866195,14.596270430384436,4.054534871293851,2.9169381881995347
462.8617148953194,14.503838446686451,14.503838446686451,14.496789189696495,14.586994742985043,3.5545348712938507,2.4169381881995347
463.06174156554204,14.509018288029194,14.509018288029194,14.51659633454857,14.58119937499968,4.054534871293851,2.503791812297595
463.26176823576475,14.514173359769586,14.514173359769586,14.531586416054644,14.574629597634855,4.063464308383371,2.639522489398024
463.46179490598746,14.519303611015577,14.519303611015577,14.55008189302601,14.577049143879082,4.563464308383371,3.139522489398024
463.6618215762101,14.524408991120154,14.524408991120154,14.582936971972908,14.582683941459898,5.063464308383371,3.639522489398024
463.8618482464328,14.52948944968184,14.52948944968184,14.62222989798048,14.583971169203297,5.563464308383371,3.139522489398024
464.06187491665554,14.534544936545181,14.534544936545181,14.653959957847526,14.576536199647549,5.063464308383371,2.639522489398024
464.26190158687825,14.539575401801258,14.539575401801258,14.675943779894691,14.564559586711653,4.563464308383371,2.139522489398024
464.4619282571009,14.544580795788166,14.544580795788166,14.689008665896237,14.559807776641293,4.063464308383371,2.639522489398024
464.6619549273236,14.549561069091514,14.549561069091514,14.69874691474455,14.556434626270827,3.563464308383371,2.9974198005674317
464.86198159754633,14.5545161725449,14.5545161725449,14.699341254937183,14.557162324150719,3.063464308383371,3.0375872892977442
465.062008267769,14.559446057230412,14.559446057230412,14.70829955308444,14.565901732311696,3.563464308383371,3.5375872892977442
465.2620349379917,14.564350674479103,14.564350674479103,14.705283667217865,14.565600631660953,3.063464308383371,3.0375872892977442
465.4620616082144,14.569229975871465,14.569229975871465,14.692969172267714,14.56362811929926,2.563464308383371,2.5375872892977442
465.6620882784371,14.574083913237924,14.574083913237924,14.68642799678577,14.561744521728349,3.063464308383371,3.0375872892977442
465.8621149486598,14.578912438659296,14.578912438659296,14.6953322242325,14.564194160393212,3.563464308383371,3.5375872892977442
466.0621416188825,14.583715504467277,14.583715504467277,14.694527531693709,14.575456769515334,3.1422734584938947,4.037587289297744
466.2621682891052,14.5884930632449,14.5884930632449,14.700287471044065,14.580766288424199,3.6422734584938947,3.5375872892977442
466.4621949593279,14.593245067827015,14.593245067827015,14.704596616986326,14.580413119007977,3.4903146486836816,3.0375872892977442
466.6622216295506,14.597971471300742,14.597971471300742,14.701833015122071,14.57385963160976,2.9903146486836816,2.5375872892977442
466.8622482997733,14.60267222700595,14.60267222700595,14.705894269946706,14.572640397897318,3.4225565373282727,3.0375872892977442
467.062274969996,14.6073472885357,14.6073472885357,14.712894124927342,14.579277880459115,3.5262577554650276,3.5375872892977442
467.26230164021865,14.611996609736716,14.611996609736716,14.708846797702137,14.5897946606141,3.0262577554650276,4.037587289297744
467.46232831044136,14.616620144709836,14.616620144709836,14.696644757676465,14.608345838303745,2.5262577554650276,4.537587289297744
467.6623549806641,14.621217847810467,14.621217847810467,14.676901731499438,14.633224067247719,2.0262577554650276,5.037587289297744
467.8623816508868,14.62578967364903,14.62578967364903,14.6709180959887,14.650991324864515,2.5262577554650276,4.537587289297744
468.06240832110944,14.630335577091415,14.630335577091415,14.669111957799453,14.664303510501023,3.0262577554650276,4.037587289297744
468.26243499133216,14.634855513259426,14.634855513259426,14.662477130922724,14.669052658860572,2.8799669536639105,3.5375872892977442
468.46246166155487,14.639349437531218,14.639349437531218,14.665086408008678,14.680412322032469,3.3799669536639105,3.855172210988023
468.6624883317775,14.64381730554174,14.64381730554174,14.660973852472257,14.693949250556347,2.8799669536639105,4.355172210988023
468.86251500200024,14.648259073183182,14.648259073183182,14.666824845272675,14.704467079015037,3.1980699501191023,3.855172210988023
469.06254167222295,14.652674696605395,14.652674696605395,14.676556249014743,14.705480489254272,3.6980699501191023,3.355172210988023
469.26256834244566,14.657064132216338,14.657064132216338,14.67758609181518,14.71138001010477,3.1980699501191023,3.855172210988023
469.4625950126683,14.661427336682491,14.661427336682491,14.686326406531064,14.718761652279355,3.6980699501191023,3.355172210988023
469.66262168289103,14.665764266929312,14.665764266929312,14.698079832664027,14.71440541625705,3.950448365279146,2.855172210988023
469.86264835311374,14.670074880141629,14.670074880141629,14.70409560330495,14.715383340751716,3.450448365279146,3.355172210988023
470.06267502333645,14.67435913376408,14.67435913376408,14.701009907014415,14.712622869293973,2.950448365279146,2.855172210988023
470.2627016935591,14.678616985501534,14.678616985501534,14.703966667094319,14.71258444162122,3.450448365279146,3.355172210988023
470.4627283637818,14.68284839331951,14.68284839331951,14.715984485160552,14.720224582895826,3.950448365279146,3.855172210988023
470.66275503400453,14.687053315444576,14.687053315444576,14.735613195295942,14.73268458642394,4.450448365279145,4.355172210988023
470.8627817042272,14.691231710364784,14.691231710364784,14.751112500989572,14.752254826130523,3.9504483652791453,4.72424761743919
471.0628083744499,14.695383536830061,14.695383536830061,14.772465752306633,14.764884833332111,4.450448365279145,4.22424761743919
471.2628350446726,14.69950875385263,14.69950875385263,14.787946340710873,14.773209450808524,4.125995610507954,3.7242476174391896
471.4628617148953,14.703607320707398,14.703607320707398,14.795403632754507,14.775429278783449,3.625995610507954,3.2242476174391896
471.662888385118,14.707679196932382,14.707679196932382,14.796268487981598,14.77091411727966,3.125995610507954,2.7990792585803614
471.8629150553407,14.711724342329088,14.711724342329088,14.78335153818866,14.768643724127115,2.625995610507954,3.2365463355764983
472.0629417255634,14.715742716962913,14.715742716962913,14.779481323574661,14.771217936784833,3.125995610507954,3.2494502052406156
472.26296839578606,14.719734281163545,14.719734281163545,14.788194489591834,14.765942728840912,3.625995610507954,2.7494502052406156
472.4629950660088,14.72369899552535,14.72369899552535,14.79600087715601,14.768031741958977,3.569629891042813,3.2494502052406156
472.6630217362315,14.727636820907758,14.727636820907758,14.799961237015758,14.76423531210224,3.069629891042813,2.7494502052406156
472.8630484064542,14.731547718435662,14.731547718435662,14.787216930701554,14.761609488530324,2.569629891042813,3.2494502052406156
473.06307507667685,14.735431649499782,14.735431649499782,14.787176900754602,14.768693883915432,3.069629891042813,3.7494502052406156
473.26310174689957,14.739288575757065,14.739288575757065,14.778394783586663,14.780088116696772,2.569629891042813,4.249450205240615
473.4631284171223,14.74311845913105,14.74311845913105,14.762818550468351,14.790069666164266,2.069629891042813,3.749450205240615
473.66315508734493,14.746921261812256,14.746921261812256,14.753063791038684,14.796861489309324,2.569629891042813,3.5400655208451672
473.86318175756765,14.750696946258543,14.750696946258543,14.757246638808919,14.808246335744334,3.069629891042813,4.040065520845167
474.06320842779036,14.754445475195492,14.754445475195492,14.765516008673618,14.826297925436544,3.569629891042813,4.540065520845167
474.26323509801307,14.758166811616768,14.758166811616768,14.772506058285925,14.844331361286157,3.6547231114704792,4.694469979918138
474.4632617682357,14.761860918784484,14.761860918784484,14.777006618557488,14.855819248848558,3.5275061219294717,4.194469979918138
474.66328843845844,14.765527760229572,14.765527760229572,14.774241195827006,14.863826080389956,3.0275061219294717,3.6944699799181384
474.86331510868115,14.769167299752134,14.769167299752134,14.772219898220241,14.861417578197248,3.0482405993732615,3.1944699799181384
475.06334177890386,14.772779501421804,14.772779501421804,14.763411876803055,14.856280403494207,2.5482405993732615,2.921652692110333
475.2633684491265,14.776364329578099,14.776364329578099,14.738774862142124,14.846700180947327,2.0482405993732615,2.4444874830578405
475.46339511934923,14.779921748830779,14.779921748830779,14.728151073874988,14.844414257453009,2.5482405993732615,2.9444874830578405
475.66342178957194,14.783451724060184,14.783451724060184,14.717148851325197,14.83658192740345,2.6142438450217353,2.4444874830578405
475.8634484597946,14.786954220417593,14.786954220417593,14.715114438555075,14.833691476881686,3.1142438450217353,2.9444874830578405
476.0634751300173,14.790429203325562,14.790429203325562,14.721710231699234,14.823554641385668,3.6142438450217353,2.4444874830578405
476.26350180024,14.793876638478263,14.793876638478263,14.738319343740516,14.818029083781113,4.114243845021735,2.9444874830578405
476.46352847046273,14.797296491841827,14.797296491841827,14.755562258381268,14.821707992533508,4.4691598468990055,3.4444874830578405
476.6635551406854,14.800688729654683,14.800688729654683,14.78753959072777,14.81806305950329,4.9691598468990055,2.9444874830578405
476.8635818109081,14.80405331842788,14.80405331842788,14.82362405654475,14.824300732548378,5.4691598468990055,3.4444874830578405
477.0636084811308,14.807390224945431,14.807390224945431,14.851305604852756,14.821208399312939,5.010041082152892,2.9444874830578405
477.26363515135347,14.81069941626463,14.81069941626463,14.87016693400899,14.822526184061308,4.510041082152892,3.31998006498566
477.4636618215762,14.813980859716382,14.813980859716382,14.892958388555423,14.818517995548946,4.508369994879663,2.81998006498566
477.6636884917989,14.81723452290553,14.81723452290553,14.905877883067316,14.818305640708301,4.008369994879663,3.31998006498566
477.8637151620216,14.820460373711166,14.820460373711166,14.910971441879814,14.823582386879526,3.508369994879663,3.81998006498566
478.06374183224426,14.82365838028695,14.82365838028695,14.928748203291804,14.837156392998205,4.008369994879663,4.319980064985661
478.263768502467,14.826828511061436,14.826828511061436,14.930956931210423,14.843992921678858,3.508369994879663,3.8199800649856606
478.4637951726897,14.829970734738362,14.829970734738362,14.928667436264243,14.856478517943726,3.008369994879663,4.319980064985661
478.66382184291234,14.833085020296979,14.833085020296979,14.93488805104971,14.86353670844424,3.508369994879663,3.8199800649856606
478.86384851313505,14.83617133699235,14.83617133699235,14.940721388135213,14.876365497758803,3.447684412490618,4.164036237178968
479.06387518335777,14.839229654355648,14.839229654355648,14.953590623830552,14.88040411053797,3.947684412490618,3.6640362371789683
479.2639018535805,14.842259942194467,14.842259942194467,14.959142470850757,14.892792243812433,3.447684412490618,4.164036237178968
479.46392852380313,14.845262170593108,14.845262170593108,14.954702874786195,14.902814578982431,2.947684412490618,3.6640362371789683
479.66395519402585,14.84823630991289,14.84823630991289,14.959033447844288,14.903410266220643,3.447684412490618,3.1640362371789683
479.86398186424856,14.851182330792428,14.851182330792428,14.954269609739228,14.90906074232071,2.947684412490618,3.6640362371789683
480.06400853447127,14.85410020414793,14.85410020414793,14.944449602610257,14.916675696687767,2.447684412490618,3.6316119105684663
480.2640352046939,14.856989901173483,14.856989901173483,14.920523317706161,14.914486418092205,1.9476844124906179,3.1316119105684663
480.46406187491664,14.859851393341337,14.859851393341337,14.909137092951216,14.90669150286734,2.447684412490618,2.6829816899302052
480.66408854513935,14.862684652402187,14.862684652402187,14.886924949653489,14.909014831586607,1.9476844124906179,3.1829816899302052
480.864115215362,14.86548965038545,14.86548965038545,14.875891879495198,14.90343659019348,2.447684412490618,2.6829816899302052
481.0641418855847,14.868266359599549,14.868266359599549,14.871727394499269,14.901110621872654,2.947684412490618,3.1829816899302052
481.26416855580743,14.871014752632172,14.871014752632172,14.873620407065482,14.895838924398383,3.447684412490618,2.6829816899302052
481.46419522603014,14.873734802350555,14.873734802350555,14.885286289509716,14.895266001117133,3.947684412490618,3.1829816899302052
481.6642218962528,14.876426481901744,14.876426481901744,14.887277752239362,14.888464889146,3.447684412490618,2.6829816899302052
481.8642485664755,14.879089764712864,14.879089764712864,14.898712959004325,14.88765522008781,3.9108061610160685,3.1829816899302052
482.0642752366982,14.88172462449138,14.88172462449138,14.90318973078942,14.895065690536113,3.4108061610160685,3.6829816899302052
482.2643019069209,14.88433103522535,14.88433103522535,14.91220312444488,14.906305854980902,3.9108061610160685,4.109547610443145
482.4643285771436,14.886908971183692,14.886908971183692,14.918560424606563,14.926180302261644,3.4108061610160685,4.609547610443145
482.6643552473663,14.889458406916436,14.889458406916436,14.922055414181907,14.936441655738141,3.4255980476654058,4.109547610443145
482.864381917589,14.891979317254965,14.891979317254965,14.933417075601339,14.939354401184513,3.9255980476654058,3.609547610443145
483.06440858781167,14.894471677312277,14.894471677312277,14.948623626065041,14.937515216674486,3.9033953032201136,3.109547610443145
483.2644352580344,14.896935462483224,14.896935462483224,14.943411905261629,14.93459236005869,3.4033953032201136,2.8664267233851857
483.4644619282571,14.899370648444759,14.899370648444759,14.955234228865685,14.92544392948888,3.9033953032201136,2.3664267233851857
483.66448859847975,14.901777211156162,14.901777211156162,14.958939667900564,14.90983172020278,3.4033953032201136,2.0296875963587313
483.86451526870246,14.904155126859298,14.904155126859298,14.948045692718404,14.900517279155611,2.9033953032201136,2.5296875963587313
484.0645419389252,14.906504372078842,14.906504372078842,14.9457900065537,14.888046283063838,3.033242917908195,2.0296875963587313
484.2645686091479,14.908824923622507,14.908824923622507,14.935944796868126,14.879461340756444,2.533242917908195,2.5296875963587313
484.46459527937054,14.911116758581278,14.911116758581278,14.936170986766035,14.874648881830653,3.033242917908195,3.0296875963587313
484.66462194959325,14.913379854329634,14.913379854329634,14.92850618201101,14.8797190488411,2.671594270422384,3.5296875963587313
484.86464861981597,14.915614188525776,14.915614188525776,14.927614886746841,14.881527203355299,3.171594270422384,3.0296875963587313
485.0646752900387,14.917819739111849,14.917819739111849,14.936698176748465,14.887023640801798,3.498256754458827,3.5296875963587313
485.26470196026133,14.919996484314147,14.919996484314147,14.947218560333567,14.897248977305502,3.998256754458827,4.029687596358731
485.46472863048405,14.922144402643351,14.922144402643351,14.954658175065976,14.911064385063236,4.009275130681064,4.207701776842598
485.66475530070676,14.924263472894717,14.924263472894717,14.978914651561288,14.928835391861625,4.4745268378756355,4.707701776842598
485.8647819709294,14.926353674148297,14.926353674148297,14.990485007535348,14.952631454783385,3.9745268378756355,5.207701776842598
486.0648086411521,14.928414985769148,14.928414985769148,15.001147897764513,14.974219922625284,3.667654505754145,4.707701776842598
486.26483531137484,14.930447387407533,14.930447387407533,14.998147538119307,14.985501613393444,3.167654505754145,4.219395152557237
486.46486198159755,14.932450858999113,14.932450858999113,14.990074221935043,15.005706562575488,2.667654505754145,4.719395152557237
486.6648886518202,14.934425380765159,14.934425380765159,14.985678127105423,15.019161545469098,3.167654505754145,4.219395152557237
486.8649153220429,14.936370933212745,14.936370933212745,14.975002639993605,15.027435635463943,2.667654505754145,3.7193951525572366
487.06494199226563,14.938287497134928,14.938287497134928,14.971664836792963,15.027133371798177,3.167654505754145,3.2193951525572366
487.2649686624883,14.94017505361095,14.94017505361095,14.959699544049409,15.022033567094004,2.667654505754145,2.7193951525572366
487.464995332711,14.942033584006428,14.942033584006428,14.957582216820885,15.019491900721325,3.167654505754145,2.896712383963082
487.6650220029337,14.943863069973517,14.943863069973517,14.943793975671522,15.009813419621095,2.667654505754145,2.396712383963082
487.8650486731564,14.94566349345112,14.94566349345112,14.946804145997334,14.994389977421852,3.167654505754145,1.8967123839630822
488.0650753433791,14.947434836665039,14.947434836665039,14.955465951585909,14.98372044169934,3.649155336536895,2.396712383963082
488.2651020136018,14.949177082128172,14.949177082128172,14.95671010650525,14.980935161041929,3.149155336536895,2.896712383963082
488.4651286838245,14.950890212640672,14.950890212640672,14.965167072535163,14.979680490607862,3.649155336536895,2.708298355472553
488.66515535404716,14.952574211290123,14.952574211290123,14.961530847223337,14.98361892169948,3.149155336536895,3.208298355472553
488.86518202426987,14.954229061451706,14.954229061451706,14.95111255645509,14.975843151775415,2.649155336536895,2.708298355472553
489.0652086944926,14.955854746788361,14.955854746788361,14.950124295934463,14.974690244915433,3.149155336536895,3.208298355472553
489.2652353647153,14.957451251250951,14.957451251250951,14.938569188780924,14.978406538954127,2.649155336536895,3.708298355472553
489.46526203493795,14.95901855907842,14.95901855907842,14.937484453300154,14.973860564635087,3.149155336536895,3.208298355472553
489.66528870516066,14.960556654797944,14.960556654797944,14.945505204302915,14.978203638389937,3.3561563610497873,3.5224580045469764
489.8653153753834,14.962065523225093,14.962065523225093,14.953506877492813,14.979190148765436,3.621989565505344,3.0224580045469764
490.0653420456061,14.963545149463968,14.963545149463968,14.95379689808048,14.980334405864953,3.121989565505344,3.5224580045469764
490.26536871582874,14.964995518907367,14.964995518907367,14.959930633740314,14.985125935674997,3.621989565505344,3.5401705480586494
490.46539538605145,14.966416617236906,14.966416617236906,14.957372435577392,14.987347431847981,3.15972002542718,3.0401705480586494
490.66542205627417,14.967808430423181,14.967808430423181,14.953723177540011,14.975787478653151,2.7116587415395155,2.5401705480586494
490.8654487264968,14.96917094472589,14.96917094472589,14.947660510787019,14.960568027331128,2.9315933405565158,2.0771240398747532
491.06547539671953,14.970504146693985,14.970504146693985,14.949899674425358,14.945294698553894,3.4315933405565158,2.120665627503914
491.26550206694225,14.971808023165787,14.971808023165787,14.959324101968011,14.937484568129227,3.9315933405565158,2.620665627503914
491.46552873716496,14.97308256126913,14.97308256126913,14.962951772063546,14.935836569649311,3.4315933405565158,3.120665627503914
491.6655554073876,14.974327748421484,14.974327748421484,14.969412760791887,14.940058648906296,3.6224299323086098,3.620665627503914
491.8655820776103,14.975543572330077,14.975543572330077,14.962642824464053,14.94332789522784,3.2153838536050525,3.3521818277842943
492.06560874783304,14.976730020992015,14.976730020992015,14.971965119852149,14.948346707374679,3.7153838536050525,3.8521818277842943
492.2656354180557,14.977887082694407,14.977887082694407,14.970723475925647,14.953006957558701,3.354543803056788,3.742943021841471
492.4656620882784,14.979014746014474,14.979014746014474,14.975632622546106,14.954274635771677,3.6809131731772617,3.242943021841471
492.6656887585011,14.980112999819667,14.980112999819667,14.973343434436375,14.962443617887669,3.1809131731772617,3.742943021841471
492.86571542872383,14.981181833267776,14.981181833267776,14.979559513237614,14.969698435950406,3.6809131731772617,4.045923388273543
493.0657420989465,14.982221235807026,14.982221235807026,14.993260496703666,14.974703492963304,3.9582266244841584,3.6742523830603275
493.2657687691692,14.983231197176202,14.983231197176202,14.99775921747283,14.977855514229644,3.54076202686329,3.1742523830603275
493.4657954393919,14.984211707404736,14.984211707404736,14.99410053240757,14.973380649117692,3.05556829094585,2.6742523830603275
493.66582210961457,14.985162756812802,14.985162756812802,14.987909565920946,14.966277169724108,2.933503874171227,2.758861638842373
493.8658487798373,14.986084336011425,14.986084336011425,14.991674600046013,14.963148879586939,3.433503874171227,2.8038970811818467
494.06587545006,14.986976435902564,14.986976435902564,14.985570042471357,14.964854601980202,2.933503874171227,3.3038970811818467
494.2659021202827,14.987839047679206,14.987839047679206,14.990399077983254,14.972422502232039,3.433503874171227,3.8038970811818467
494.46592879050536,14.98867216282545,14.98867216282545,15.00062787625654,14.983642369376822,3.933503874171227,4.257169515461023
494.66595546072807,14.989475773116592,14.989475773116592,15.017133011392433,14.99073867108955,4.118475602057962,3.7571695154610234
494.8659821309508,14.990249870619209,14.990249870619209,15.024920053411037,14.99068279104312,3.618475602057962,3.2571695154610234
495.0660088011735,14.99099444769123,14.99099444769123,15.027554668334636,14.998872009611967,3.2462085644796748,3.7571695154610234
495.26603547139615,14.991709496982024,14.991709496982024,15.011258061736402,14.998345731510096,2.7462085644796748,3.2571695154610234
495.46606214161886,14.992395011432457,14.992395011432457,14.99378283387622,15.007501249395125,2.2462085644796748,3.7571695154610234
495.6660888118416,14.993050984274976,14.993050984274976,14.980955011434814,15.00461025451458,2.7462085644796748,3.2571695154610234
495.86611548206423,14.993677409033667,14.993677409033667,14.961440244674565,14.997510523481271,2.2462085644796748,2.7571695154610234
496.06614215228694,14.994274279524323,14.994274279524323,14.954057546480405,14.984301888087591,2.7462085644796748,2.2571695154610234
496.26616882250966,14.994841589854497,14.994841589854497,14.952170024935741,14.980561978198523,3.2462085644796748,2.7571695154610234
496.46619549273237,14.995379334423575,14.995379334423575,14.959988883595077,14.976897090118234,3.7462085644796748,3.0475113758893553
496.666222162955,14.99588750792282,14.99588750792282,14.978737194724387,14.968427773865052,4.246208564479675,2.5475113758893553
496.86624883317774,14.996366105335428,14.996366105335428,14.988223875852553,14.969554421663146,3.7462085644796748,3.0475113758893553
497.06627550340045,14.99681512193657,14.99681512193657,14.994245897110204,14.963989931265386,3.6711441879352864,2.5475113758893553
497.2663021736231,14.99723455329346,14.99723455329346,15.009566011681299,14.962433786267376,4.171144187935287,3.0475113758893553
497.4663288438458,14.99762439526537,14.99762439526537,15.020967392665563,14.954664717695042,3.8054316104128265,2.5475113758893553
497.6663555140685,14.997984644003692,14.997984644003692,15.023376369438212,14.953942201633806,3.3054316104128265,3.0475113758893553
497.86638218429124,14.998315295951969,14.998315295951969,15.022454719134611,14.959478869406478,3.05022820700387,3.5475113758893553
498.0664088545139,14.998616347845928,14.998616347845928,15.009947084895384,14.95800127677086,2.55022820700387,3.0475113758893553
498.2664355247366,14.998887796713516,14.998887796713516,14.996594308042228,14.959656355826136,2.40625632453773,3.5475113758893553
498.4664621949593,14.99912963987493,14.99912963987493,14.983720064723364,14.971209984326121,2.3931360473812626,4.047511375889355
498.666488865182,14.999341874942637,14.999341874942637,14.977189347280456,14.972948590101076,2.8931360473812626,3.5475113758893553
498.8665155354047,14.999524499821401,14.999524499821401,14.96243890944038,14.985495035667393,2.3931360473812626,4.047511375889355
499.0665422056274,14.999677512708313,14.999677512708313,14.957870177619096,14.984526932857252,2.8931360473812626,3.5475113758893553
499.2665688758501,14.999800912092795,14.999800912092795,14.96377031431377,14.982203063282036,3.3931360473812626,3.0475113758893553
499.46659554607277,14.999894696756613,14.999894696756613,14.965847211977353,14.980992400696175,3.243815204578918,3.0308654867538793
499.6666222162955,14.999958865773909,14.999958865773909,14.95445658045624,14.973142211820564,2.743815204578918,2.5308654867538793
499.8666488865182,14.999993418511192,14.999993418511192,14.939282960113465,14.967720234205212,2.243815204578918,3.0308654867538793
500.0666755567409,14.999998354627348,14.999998354627348,14.927262857030483,14.968973196304216,2.743815204578918,3.2260821056977256
500.26670222696356,14.999973674073644,14.999973674073644,14.92748218594907,14.960473817039244,3.243815204578918,2.8215949867721726
500.4667288971863,14.999919377093736,14.999919377093736,14.93659698324692,14.956040833153931,3.743815204578918,3.0080323331788215
500.666755567409,14.999835464223656,14.999835464223656,14.953577962115565,14.955275072196853,4.243815204578918,3.2434248401125
500.86678223763164,14.99972193629181,14.99972193629181,14.98096066663667,14.950821534144014,4.743815204578918,2.7434248401125
501.06680890785435,14.99957879441897,14.99957879441897,14.999333204987124,14.949907933088205,4.243815204578918,3.2434248401125
501.26683557807706,14.999406040018266,14.999406040018266,15.007065411778278,14.957954850582771,3.743815204578918,3.7434248401125
501.4668622482998,14.99920367479517,14.99920367479517,15.003378359643403,14.969678409720952,3.243815204578918,4.235743374910182
501.66688891852243,14.998971700747479,14.998971700747479,15.013719505564017,14.978265652814509,3.743815204578918,3.7357433749101823
501.86691558874514,14.998710120165292,14.998710120165292,15.013255291349045,14.981181620007714,3.243815204578918,3.477187834251705
502.06694225896786,14.998418935630994,14.998418935630994,15.004822712740648,14.978122963256341,2.743815204578918,2.977187834251705
502.2669689291905,14.998098150019223,14.998098150019223,14.995069098268512,14.981762521849326,2.7792744276374775,3.477187834251705
502.4669955994132,14.997747766496849,14.997747766496849,14.995912391724659,14.989651329248751,3.2792744276374775,3.947730151687998
502.66702226963594,14.997367788522938,14.997367788522938,15.005812510554824,14.997423265840629,3.7792744276374775,3.447730151687998
502.86704893985865,14.99695821984872,14.99695821984872,15.020170775502741,15.00604334205436,4.2792744276374775,3.947730151687998
503.0670756100813,14.99651906451755,14.99651906451755,15.025316599291251,15.011294096816535,3.7792744276374775,3.447730151687998
503.267102280304,14.996050326864871,14.996050326864871,15.028162631150485,15.009809498964783,3.2792744276374775,2.947730151687998
503.4671289505267,14.995552011518168,14.995552011518168,15.037621253811187,15.004850797327682,3.7514771385758228,2.6612092237813982
503.66715562074944,14.995024123396922,14.995024123396922,15.052174082196753,15.001447531926484,4.251477138575822,3.1612092237813982
503.8671822909721,14.994466667712569,14.994466667712569,15.062106865966468,14.995721288128962,3.7514771385758223,2.6612092237813982
504.0672089611948,14.993879649968434,14.993879649968434,15.064437736251476,14.98973306694313,3.2514771385758223,2.7462112042687625
504.2672356314175,14.993263075959696,14.993263075959696,15.066233551967075,14.987722641746826,3.57378309842816,3.2462112042687625
504.4672623016402,14.99261695177331,14.99261695177331,15.060181984313314,14.985618386685896,3.07378309842816,3.038144333440261
504.6672889718629,14.991941283787964,14.991941283787964,15.068304402894261,14.980967781898851,3.57378309842816,2.8584023703001664
504.8673156420856,14.991236078674007,14.991236078674007,15.07074866725065,14.983573756016227,3.4921482553930763,3.3584023703001664
505.0673423123083,14.990501343393385,14.990501343393385,15.064419677814419,14.978289414837901,2.9921482553930763,2.8584023703001664
505.26736898253097,14.989737085199572,14.989737085199572,15.050826856736641,14.965653540886628,2.4921482553930763,2.3584023703001664
505.4673956527537,14.988943311637499,14.988943311637499,15.033149258649235,14.95736357357575,2.207127947697561,2.8584023703001664
505.6674223229764,14.988120030543483,14.988120030543483,15.022648975700543,14.949870138804554,2.707127947697561,2.3584023703001664
505.86744899319905,14.987267250045141,14.987267250045141,15.01669773707413,14.93217682050484,2.8373686211714926,1.9737094259873293
506.06747566342176,14.986384978561317,14.986384978561317,15.017070181635297,14.91769532027456,3.3373686211714926,2.133446305482328
506.2675023336445,14.985473224801998,14.985473224801998,15.015096754702626,14.913241902446973,3.0516493818976373,2.633446305482328
506.4675290038672,14.984531997768226,14.984531997768226,15.002718072342693,14.913754526782682,2.5516493818976373,3.133446305482328
506.66755567408984,14.983561306752007,14.983561306752007,14.982499104100029,14.908042989845248,2.0516493818976373,2.633446305482328
506.86758234431255,14.982561161336227,14.982561161336227,14.968663636860116,14.891437816504478,2.5516493818976373,2.133446305482328
507.06760901453526,14.981531571394548,14.981531571394548,14.967670627728044,14.881992131987257,2.9569055944719143,2.633446305482328
507.2676356847579,14.98047254709132,14.98047254709132,14.963603607697292,14.881257984713697,3.1653309368870004,3.133446305482328
507.46766235498063,14.979384098881473,14.979384098881473,14.960529784144569,14.882908638397575,3.21353901932385,3.403786043967408
507.66768902520334,14.978266237510416,14.978266237510416,14.949446470032528,14.885903739034616,2.71353901932385,3.4566459372098093
507.86771569542606,14.97711897401393,14.97711897401393,14.943288656815103,14.896669005007967,3.21353901932385,3.9566459372098093
508.0677423656487,14.975942319718067,14.975942319718067,14.946093590082945,14.898485414682536,3.6743297412086244,3.4566459372098093
508.2677690358714,14.974736286239024,14.974736286239024,14.952848394559888,14.899307460961012,3.535246457466366,3.2744369492263514
508.46779570609414,14.97350088548304,14.97350088548304,14.959586329849724,14.89484310816361,3.6094890825011436,2.7744369492263514
508.66782237631685,14.972236129646273,14.972236129646273,14.969897512303737,14.895541723540234,4.109489082501144,3.2744369492263514
508.8678490465395,14.970942031214683,14.970942031214683,14.97170210629761,14.903916958142174,3.6094890825011436,3.7744369492263514
509.0678757167622,14.969618602963905,14.969618602963905,14.978493923550458,14.904947021541933,3.9450382999563884,3.2744369492263514
509.26790238698493,14.968265857959127,14.968265857959127,14.981153901071009,14.914189141699957,3.4450382999563884,3.689818841612295
509.4679290572076,14.966883809554954,14.966883809554954,14.9740920936607,14.913065735479844,2.9450382999563884,3.189818841612295
509.6679557274303,14.96547247139529,14.96547247139529,14.966826662477093,14.905766698736038,2.8562349677014955,2.689818841612295
509.867982397653,14.964031857413179,14.964031857413179,14.968588276292426,14.912800397422389,3.3562349677014955,3.189818841612295
510.0680090678757,14.9625619818307,14.9625619818307,14.976876268474374,14.919464377702848,3.8562349677014955,3.627627970964596
510.2680357380984,14.961062859158796,14.961062859158796,14.989178659730138,14.931101367868168,4.3562349677014955,4.127627970964596
510.4680624083211,14.959534504197151,14.959534504197151,14.997570580909896,14.934997291568578,3.8562349677014955,3.627627970964596
510.6680890785438,14.957976932034033,14.957976932034033,14.99730383524579,14.935055734779262,3.3562349677014955,3.1597301274173533
510.86811574876646,14.956390158046151,14.956390158046151,14.988347690419841,14.92633711162722,2.8562349677014955,2.6597301274173533
511.06814241898917,14.954774197898505,14.954774197898505,14.975599297996768,14.912479677830946,2.3562349677014955,2.1597301274173533
511.2681690892119,14.953129067544216,14.953129067544216,14.952888527146785,14.89161594004269,1.8562349677014955,1.6597301274173533
511.4681957594346,14.951454783224392,14.951454783224392,14.937021039728034,14.879980314541381,2.3562349677014955,2.1597301274173533
511.66822242965725,14.94975136146795,14.94975136146795,14.931295433784465,14.861248768390942,2.8562349677014955,1.8951590967646674
511.86824909987996,14.948018819091457,14.948018819091457,14.920916449152404,14.850583912948636,2.8448586576878414,2.3951590967646674
512.0682757701027,14.94625717319897,14.94625717319897,14.922387532500354,14.846652144884263,3.3448586576878414,2.8951590967646674
512.2683024403253,14.944466441181861,14.944466441181861,14.909158219091458,14.851338750361226,2.8448586576878414,3.3951590967646674
512.4683291105481,14.94264664071864,14.94264664071864,14.909874660065412,14.858738055605334,3.3448586576878414,3.8951590967646674
512.6683557807708,14.940797789774802,14.940797789774802,14.92036678582099,14.861311039760528,3.8448586576878414,3.3951590967646674
512.8683824509934,14.938919906602619,14.938919906602619,14.940602587538201,14.873544922825927,4.344858657687841,3.8951590967646674
513.0684091212162,14.937013009740987,14.937013009740987,14.967129567296746,14.884877649766322,4.818749184160774,3.948435632517221
513.2684357914388,14.935077118015228,14.935077118015228,14.981701967745915,14.886943218375206,4.318749184160774,3.448435632517221
513.4684624616615,14.933112250536906,14.933112250536906,14.988300735788377,14.896440207370391,3.851700136411454,3.948435632517221
513.6684891318843,14.931118426703643,14.931118426703643,14.982605652569251,14.89685226219425,3.351700136411454,3.448435632517221
513.8685158021069,14.929095666198924,14.929095666198924,14.972070881006772,14.907066319612142,2.851700136411454,3.948435632517221
514.0685424723296,14.927043988991903,14.927043988991903,14.962291657611221,14.908793867723594,2.351700136411454,3.448435632517221
514.2685691425523,14.924963415337206,14.924963415337206,14.955518315684147,14.916211416441122,2.851700136411454,3.948435632517221
514.468595812775,14.922853965774735,14.922853965774735,14.955057660350725,14.91942080343224,3.351700136411454,3.448435632517221
514.6686224829978,14.920715661129453,14.920715661129453,14.957160925797561,14.919247148611348,3.5179211135109916,3.0924791211231843
514.8686491532204,14.918548522511198,14.918548522511198,14.9538790485843,14.913419427568808,3.0179211135109916,2.5924791211231843
515.0686758234431,14.916352571314457,14.916352571314457,14.95801292818069,14.9021753030267,3.5179211135109916,2.4087042420154017
515.2687024936658,14.914127829218158,14.914127829218158,14.953250039375153,14.900063500215769,3.0179211135109916,2.9087042420154017
515.4687291638885,14.911874318185468,14.911874318185468,14.943688880116984,14.90183047217037,2.760042045424663,3.4087042420154017
515.6687558341112,14.909592060463565,14.909592060463565,14.930590284482506,14.898959259610333,2.552598491836708,2.9087042420154017
515.8687825043339,14.907281078583413,14.907281078583413,14.908086053931708,14.895483324781056,2.052598491836708,2.9012520883655704
516.0688091745566,14.90494139535956,14.90494139535956,14.89576318389028,14.898110817686891,2.552598491836708,3.4012520883655704
516.2688358447792,14.90257303388989,14.90257303388989,14.875805125439644,14.908448571033835,2.052598491836708,3.9012520883655704
516.468862515002,14.900176017555408,14.900176017555408,14.848185960329477,14.91124082746957,1.552598491836708,3.4012520883655704
516.6688891852247,14.897750370020011,14.897750370020011,14.832015643036582,14.908169696561956,2.052598491836708,3.023742717417326
516.8689158554474,14.895296115230245,14.895296115230245,14.814326268756945,14.901915203318,2.552598491836708,2.523742717417326
517.0689425256701,14.892813277415074,14.892813277415074,14.808954918570212,14.886627418357925,3.052598491836708,2.023742717417326
517.2689691958927,14.890301881085643,14.890301881085643,14.798306948935107,14.876399415360444,2.552598491836708,2.523742717417326
517.4689958661155,14.887761951035026,14.887761951035026,14.792243778881774,14.869919615006491,3.052598491836708,3.023742717417326
517.6690225363382,14.885193512337999,14.885193512337999,14.79597486572256,14.865132817143307,3.552598491836708,2.8799639727335604
517.8690492065608,14.882596590350772,14.882596590350772,14.791383760942118,14.856007463496331,3.052598491836708,2.3799639727335604
518.0690758767836,14.879971210710753,14.879971210710753,14.783505145322211,14.85315506671233,2.552598491836708,2.8799639727335604
518.2691025470062,14.877317399336292,14.877317399336292,14.775536929090132,14.843120075903125,3.052598491836708,2.5811783219101376
518.4691292172289,14.874635182426424,14.874635182426424,14.778895839486308,14.828042403574688,3.552598491836708,2.0811783219101376
518.6691558874517,14.871924586460601,14.871924586460601,14.774162380901785,14.817419955451639,3.052598491836708,2.5811783219101376
518.8691825576743,14.869185638198454,14.869185638198454,14.778669240656322,14.809870486695212,3.552598491836708,2.518320894431627
519.069209227897,14.866418364679502,14.866418364679502,14.794869950633018,14.806906844045907,4.052598491836708,3.018320894431627
519.2692358981197,14.863622793222902,14.863622793222902,14.797896404651345,14.799222363442516,3.552598491836708,2.716352729502544
519.4692625683424,14.860798951427178,14.860798951427178,14.81025087804086,14.78835193583404,4.052598491836708,2.216352729502544
519.6692892385652,14.857946867169936,14.857946867169936,14.819741996189697,14.784228462356046,3.805124480518561,2.716352729502544
519.8693159087878,14.855066568607612,14.855066568607612,14.837283786142187,14.783738724875667,4.126317930780859,3.216352729502544
520.0693425790105,14.852158084175167,14.852158084175167,14.841840703934322,14.788641590615798,3.626317930780859,3.716352729502544
520.2693692492333,14.849221442585824,14.849221442585824,14.85566081257613,14.803943582220695,4.0785695132246405,4.216352729502544
520.4693959194559,14.846256672830783,14.846256672830783,14.857156266455874,14.812745497169677,3.5785695132246405,3.7163527295025442
520.6694225896786,14.84326380417893,14.84326380417893,14.853974569044873,14.826623861152513,3.0785695132246405,4.216352729502544
520.8694492599013,14.840242866176544,14.840242866176544,14.858059331540337,14.832556917203929,3.5785695132246405,3.7163527295025442
521.069475930124,14.83719388864702,14.83719388864702,14.8543461672287,14.831176919614881,3.0785695132246405,3.2163527295025442
521.2695026003466,14.83411690169056,14.83411690169056,14.855758877485284,14.8246098925881,3.5785695132246405,2.7163527295025442
521.4695292705694,14.83101193568388,14.83101193568388,14.851050601463966,14.821850308793186,3.0785695132246405,3.1761839187267586
521.6695559407921,14.827879021279923,14.827879021279923,14.835598235900166,14.818067363473597,2.5785695132246405,2.6761839187267586
521.8695826110148,14.824718189407527,14.824718189407527,14.816232447903282,14.820483340200964,2.442232762482503,3.1761839187267586
522.0696092812375,14.821529471271154,14.821529471271154,14.807687542313925,14.82804008532231,2.942232762482503,3.6761839187267586
522.2696359514601,14.818312898350555,14.818312898350555,14.788233389331488,14.827043410997588,2.442232762482503,3.1761839187267586
522.4696626216829,14.815068502400473,14.815068502400473,14.767739432691954,14.818340014098135,2.1114623413582763,2.6761839187267586
522.6696892919056,14.81179631545033,14.81179631545033,14.755170669917371,14.807859429560558,2.6114623413582763,2.401112093878327
522.8697159621282,14.808496369803903,14.808496369803903,14.75354134757946,14.803652388352782,3.1114623413582763,2.901112093878327
523.069742632351,14.805168698039006,14.805168698039006,14.738319065813387,14.793024362265333,2.685244975695035,2.401112093878327
523.2697693025736,14.801813333007182,14.801813333007182,14.720502401051649,14.776594585133267,2.185244975695035,1.9011120938783268
523.4697959727963,14.798430307833359,14.798430307833359,14.711559242891312,14.764151100967116,2.685244975695035,2.401112093878327
523.6698226430191,14.795019655915532,14.795019655915532,14.692585170553814,14.749713965478781,2.3634708129011965,1.9538043027748868
523.8698493132417,14.791581410924444,14.791581410924444,14.681465143594519,14.735699418547124,2.8634708129011965,2.120392565574625
524.0698759834644,14.78811560680323,14.78811560680323,14.68474058828271,14.721559620810222,3.3634708129011965,2.2779086629531236
524.2699026536872,14.784622277767099,14.784622277767099,14.67667190633594,14.715222807193646,2.8634708129011965,2.7779086629531236
524.4699293239098,14.781101458303002,14.781101458303002,14.67787968151938,14.719411107305627,3.3634708129011965,3.2779086629531236
524.6699559941326,14.777553183169267,14.777553183169267,14.673914223324594,14.723791966340084,2.8634708129011965,3.3949986375717236
524.8699826643552,14.773977487395284,14.773977487395284,14.675886500651147,14.718100748406235,3.3634708129011965,2.8949986375717236
525.0700093345779,14.770374406281135,14.770374406281135,14.675340777751114,14.704856926931734,3.0989476890868985,2.3949986375717236
525.2700360048007,14.76674397539726,14.76674397539726,14.673360453967062,14.699934139690344,3.0590702734024213,2.8949986375717236
525.4700626750233,14.763086230584108,14.763086230584108,14.675259400142314,14.698945196058279,3.5590702734024213,3.1995071313216776
525.670089345246,14.759401207951766,14.759401207951766,14.686564776214462,14.694109326804451,4.059070273402422,2.6995071313216776
525.8701160154687,14.755688943879623,14.755688943879623,14.69140561054966,14.683434303011996,3.5590702734024218,2.1995071313216776
526.0701426856914,14.751949475016001,14.751949475016001,14.70395511315166,14.679845357907114,4.059070273402422,2.6995071313216776
526.270169355914,14.74818283827779,14.74818283827779,14.725324403278298,14.666003150183453,4.559070273402422,2.1995071313216776
526.4701960261368,14.744389070850087,14.744389070850087,14.752899101888149,14.646653909357212,5.040120782079387,1.7035235020847244
526.6702226963595,14.740568210185836,14.740568210185836,14.775255193416726,14.634188250815168,4.540120782079387,2.2035235020847246
526.8702493665822,14.736720294005444,14.736720294005444,14.780268252601374,14.63184938347586,4.040120782079387,2.7035235020847246
527.0702760368049,14.732845360296421,14.732845360296421,14.785308464617879,14.619448924167811,3.540120782079387,2.2035235020847246
527.2703027070276,14.728943447312998,14.728943447312998,14.779371998654527,14.601190149104944,3.040120782079387,1.7035235020847246
527.4703293772503,14.725014593575752,14.725014593575752,14.764831283064062,14.593067370590044,2.540120782079387,2.2035235020847246
527.670356047473,14.72105883787123,14.72105883787123,14.74715159236511,14.586925423139258,2.040120782079387,2.7035235020847246
527.8703827176956,14.717076219251553,14.717076219251553,14.733095802765519,14.586033618402766,2.540120782079387,3.2035235020847246
528.0704093879184,14.71306677703404,14.71306677703404,14.719219961493158,14.593263728937174,2.6069986812629553,3.7035235020847246
528.2704360581411,14.709030550800827,14.709030550800827,14.701874391487934,14.594175103214724,2.46761496038313,3.2035235020847246
528.4704627283637,14.704967580398462,14.704967580398462,14.679036033473823,14.602573324387002,1.96761496038313,3.7035235020847246
528.6704893985865,14.700877905937514,14.700877905937514,14.66275488993939,14.613933948016202,2.46761496038313,4.203523502084725
528.8705160688091,14.696761567792187,14.696761567792187,14.642660806999142,14.625902887596085,1.96761496038313,4.020826386029177
529.0705427390318,14.692618606599915,14.692618606599915,14.62843616298626,14.630092901363795,2.46761496038313,3.520826386029177
529.2705694092546,14.688449063260952,14.688449063260952,14.62077142863538,14.631028020034972,2.96761496038313,3.020826386029177
529.4705960794772,14.684252978937991,14.684252978937991,14.605133447735877,14.625801861845105,2.46761496038313,2.520826386029177
529.6706227497,14.680030395055729,14.680030395055729,14.595472264344163,14.623217973153093,2.96761496038313,2.948893915858991
529.8706494199226,14.675781353300486,14.675781353300486,14.598724963843535,14.625989987128294,3.46761496038313,3.448893915858991
530.0706760901453,14.67150589561977,14.67150589561977,14.593243350935436,14.62735776083135,2.96761496038313,3.398625547422375
530.2707027603681,14.667204064221876,14.667204064221876,14.580908339170085,14.619092167966992,2.46761496038313,2.898625547422375
530.4707294305907,14.662875901575472,14.662875901575472,14.568102930084862,14.609799451679871,2.659613461875177,2.398625547422375
530.6707561008134,14.658521450409168,14.658521450409168,14.545737463096074,14.603253889330638,2.159613461875177,2.898625547422375
530.8707827710361,14.654140753711099,14.654140753711099,14.538506694796444,14.594489519704581,2.659613461875177,2.398625547422375
531.0708094412588,14.64973385472851,14.64973385472851,14.526689840982689,14.591727136500934,2.6775792003390473,2.898625547422375
531.2708361114815,14.645300796967309,14.645300796967309,14.519089512608675,14.580764708117604,2.7598780668188216,2.398625547422375
531.4708627817042,14.640841624191658,14.640841624191658,14.52072857593942,14.577228337042682,3.2598780668188216,2.898625547422375
531.6708894519269,14.636356380423535,14.636356380423535,14.523437518163787,14.582389404964673,3.7598780668188216,3.398625547422375
531.8709161221497,14.631845109942287,14.631845109942287,14.520804196048669,14.5803810198692,3.2598780668188216,2.898625547422375
532.0709427923723,14.62730785728421,14.62730785728421,14.51090149686289,14.580099916165262,2.7598780668188216,2.8680329225689976
532.270969462595,14.622744667242102,14.622744667242102,14.510469924395881,14.570672559456131,3.2598780668188216,2.3680329225689976
532.4709961328177,14.618155584864812,14.618155584864812,14.513663360437414,14.550734913564481,3.7598780668188216,1.8680329225689976
532.6710228030404,14.61354065545682,14.61354065545682,14.520542590497673,14.541602240476974,3.7426992200415707,2.3680329225689976
532.871049473263,14.608899924577758,14.608899924577758,14.527864968986236,14.527747412133499,4.003173430309088,2.152138303522968
533.0710761434858,14.604233438041982,14.604233438041982,14.52578226961304,14.522831509457879,3.5031734303090882,2.652138303522968
533.2711028137085,14.599541241918116,14.599541241918116,14.525818676800371,14.51095669223914,3.0031734303090882,2.152138303522968
533.4711294839311,14.594823382528597,14.594823382528597,14.526718076501538,14.506099013589731,3.435526388031053,2.652138303522968
533.6711561541539,14.590079906449208,14.590079906449208,14.5375549345573,14.494158760404101,3.935526388031053,2.152138303522968
533.8711828243765,14.585310860508631,14.585310860508631,14.55463980665536,14.489036915166936,4.435526388031053,2.652138303522968
534.0712094945992,14.580516291787978,14.580516291787978,14.564886738527713,14.485701504078056,3.935526388031053,3.152138303522968
534.271236164822,14.575696247620325,14.575696247620325,14.561663686394098,14.493908286009066,3.435526388031053,3.652138303522968
534.4712628350446,14.570850775590255,14.570850775590255,14.555443173949724,14.492606668293213,2.935526388031053,3.152138303522968
534.6712895052674,14.565979923533373,14.565979923533373,14.545704416017035,14.485223901767876,2.475893652053645,2.652138303522968
534.87131617549,14.561083739535846,14.561083739535846,14.52125206897974,14.484640489545207,1.975893652053645,3.152138303522968
535.0713428457127,14.556162271933925,14.556162271933925,14.505191610097885,14.473357502361537,2.475893652053645,2.652138303522968
535.2713695159355,14.551215569313454,14.551215569313454,14.499866959166871,14.463930261298977,2.975893652053645,2.693042383637011
535.4713961861581,14.546243680509424,14.546243680509424,14.500540541672727,14.465639091286835,3.475893652053645,3.193042383637011
535.6714228563808,14.541246654605452,14.541246654605452,14.493936337709842,14.460042963341051,2.975893652053645,2.693042383637011
535.8714495266036,14.536224540933318,14.536224540933318,14.479257929331064,14.454806584186192,2.5105930532796124,3.0610728989720815
536.0714761968262,14.531177389072486,14.531177389072486,14.470065882599288,14.449966214254502,3.0105930532796124,2.5610728989720815
536.2715028670489,14.526105248849584,14.526105248849584,14.468308243649298,14.436784257652139,3.5105930532796124,2.0610728989720815
536.4715295372716,14.521008170337943,14.521008170337943,14.46383905873151,14.416966382292937,3.1290388768541426,1.5610728989720815
536.6715562074943,14.515886203857093,14.515886203857093,14.45132017309067,14.400881878802226,2.6290388768541426,2.0610728989720815
536.8715828777171,14.510739399972252,14.510739399972252,14.431971764844855,14.387687639246604,2.3105131213089036,1.848146951106762
537.0716095479397,14.50556780949385,14.50556780949385,14.419582090092215,14.377830382723982,2.8105131213089036,2.348146951106762
537.2716362181624,14.50037148347701,14.50037148347701,14.416439881101887,14.370995399824269,3.3105131213089036,2.5479493447516415
537.4716628883851,14.495150473221045,14.495150473221045,14.413664033036346,14.365885352521115,3.2205727766951036,3.0479493447516415
537.6716895586078,14.48990483026897,14.48990483026897,14.41845842836957,14.372874617111705,3.7205727766951036,3.5479493447516415
537.8717162288305,14.484634606406967,14.484634606406967,14.408129142221263,14.38317098103437,3.2205727766951036,4.0479493447516415
538.0717428990532,14.479339853663893,14.479339853663893,14.393912619335808,14.385346130880478,2.7205727766951036,3.5479493447516415
538.2717695692759,14.474020624310759,14.474020624310759,14.391390799382592,14.39889703716579,3.2205727766951036,4.0479493447516415
538.4717962394985,14.468676970860212,14.468676970860212,14.390457730416307,14.41661129890698,3.7205727766951036,4.5479493447516415
538.6718229097213,14.46330894606602,14.46330894606602,14.406165794925592,14.426795981831036,4.093077576221347,4.0479493447516415
538.871849579944,14.457916602922554,14.457916602922554,14.419099938402391,14.438151997584667,4.259883756669611,4.121307622775497
539.0718762501666,14.452499994664258,14.452499994664258,14.425329411788335,14.444785210387302,3.759883756669611,3.621307622775497
539.2719029203894,14.447059174765123,14.447059174765123,14.419924662601748,14.444691511713456,3.259883756669611,3.121307622775497
539.471929590612,14.441594196938176,14.441594196938176,14.417849629417413,14.435356660025457,3.2764685947570795,2.621307622775497
539.6719562608348,14.436105115134922,14.436105115134922,14.406486047580227,14.420267856381646,2.7764685947570795,2.121307622775497
539.8719829310575,14.430591983544833,14.430591983544833,14.38727100403154,14.411746057939368,2.2764685947570795,2.621307622775497
540.0720096012801,14.425054856594809,14.425054856594809,14.366231158428445,14.402860112523756,2.0682756620863656,2.374458678554523
540.2720362715029,14.419493788948625,14.419493788948625,14.352484697661536,14.387246172437553,2.5682756620863656,1.874458678554523
540.4720629417255,14.41390883550642,14.41390883550642,14.330292824116487,14.363775406241112,2.0682756620863656,1.374458678554523
540.6720896119482,14.40830005140413,14.40830005140413,14.316976359201393,14.34683551012351,2.5682756620863656,1.874458678554523
540.872116282171,14.40266749201295,14.40266749201295,14.314402167784847,14.325943187058174,3.0682756620863656,1.5816977708521258
541.0721429523936,14.397011212938802,14.397011212938802,14.301469627799667,14.312742473991708,2.5682756620863656,2.081697770852126
541.2721696226163,14.391331270021762,14.391331270021762,14.278359351907659,14.295064944603826,2.0682756620863656,1.5816977708521258
541.472196292839,14.385627719335524,14.385627719335524,14.265386210143992,14.28193390138975,2.4929537919115847,2.081697770852126
541.6722229630617,14.379900617186848,14.379900617186848,14.25830270948939,14.276518257066515,2.9929537919115847,2.581697770852126
541.8722496332845,14.374150020114994,14.374150020114994,14.256537527391906,14.273885557188418,3.4929537919115847,3.081697770852126
542.0722763035071,14.368375984891175,14.368375984891175,14.25429383132382,14.266276675698588,2.9929537919115847,2.581697770852126
542.2723029737298,14.362578568517982,14.362578568517982,14.255349615985907,14.256865082977454,3.4929537919115847,2.1720878494760245
542.4723296439525,14.356757828228837,14.356757828228837,14.26095580926605,14.248826157230372,3.9929537919115847,2.672087849476025
542.6723563141752,14.350913821487424,14.350913821487424,14.258862867347224,14.234334907084744,3.4929537919115847,2.172087849476025
542.8723829843979,14.345046605987111,14.345046605987111,14.252840836527215,14.22917574319943,2.9929537919115847,2.672087849476025
543.0724096546206,14.33915623965039,14.33915623965039,14.235012767582612,14.228850473437088,2.4929537919115847,3.172087849476025
543.2724363248433,14.333242780628304,14.333242780628304,14.211258434576694,14.233887107479825,1.9929537919115847,3.672087849476025
543.4724629950659,14.327306287299876,14.327306287299876,14.198245922007713,14.234381258775256,2.4929537919115847,3.172087849476025
543.6724896652887,14.321346818271522,14.321346818271522,14.186285143314336,14.240611070272987,2.678233387322739,3.585185999126395
543.8725163355114,14.315364432376487,14.315364432376487,14.178363050041478,14.240896739920085,2.7228605766944924,3.48017674408862
544.072543005734,14.309359188674254,14.309359188674254,14.170908526331484,14.239492265394702,3.2228605766944924,2.98017674408862
544.2725696759568,14.303331146449953,14.303331146449953,14.157941702171902,14.227429292358966,2.7228605766944924,2.48017674408862
544.4725963461794,14.297280365213805,14.297280365213805,14.158018603988076,14.221970667030284,3.2228605766944924,2.6872160412334463
544.6726230164022,14.2912069047005,14.2912069047005,14.16059025516309,14.209954221549546,3.228492145451776,2.1872160412334463
544.8726496866249,14.285110824868635,14.285110824868635,14.163413153431831,14.202068743468057,3.728492145451776,2.6872160412334463
545.0726763568475,14.278992185900103,14.278992185900103,14.181134157680889,14.198971754888497,4.228492145451776,3.108627524468528
545.2727030270703,14.272851048199497,14.272851048199497,14.184476056088998,14.201509088633937,3.728492145451776,3.424991640661926
545.472729697293,14.26668747239355,14.26668747239355,14.196284066386959,14.195836422223204,4.228492145451776,2.924991640661926
545.6727563675156,14.260501519330482,14.260501519330482,14.19822255753611,14.200326706587038,3.728492145451776,3.424991640661926
545.8727830377384,14.254293250079435,14.254293250079435,14.194280060500924,14.19970925002596,3.228492145451776,3.1287135141531373
546.072809707961,14.248062725929868,14.248062725929868,14.180288223904084,14.20771600558962,2.728492145451776,3.6287135141531373
546.2728363781837,14.241810008390939,14.241810008390939,14.160138206519647,14.207517323709586,2.228492145451776,3.1287135141531373
546.4728630484065,14.235535159190901,14.235535159190901,14.149052863772852,14.20146051761596,2.5463768766653354,2.7917426176391347
546.6728897186291,14.229238240276507,14.229238240276507,14.139538018642748,14.20310164580187,3.0463768766653354,3.2917426176391347
546.8729163888519,14.222919313812374,14.222919313812374,14.135193256613338,14.198198890900212,3.26057345485205,2.7917426176391347
547.0729430590745,14.216578442180396,14.216578442180396,14.143685590884981,14.187455933318388,3.76057345485205,2.2917426176391347
547.2729697292972,14.210215687979105,14.210215687979105,14.142109926434417,14.171156556702257,3.26057345485205,1.7917426176391347
547.47299639952,14.203831114023062,14.203831114023062,14.14494442939943,14.150065494081323,3.76057345485205,1.2917426176391347
547.6730230697426,14.197424783342248,14.197424783342248,14.142796165386642,14.118725128209023,3.26057345485205,0.8405888581029162
547.8730497399653,14.19099675918142,14.19099675918142,14.129233012059649,14.094735468884732,2.76057345485205,1.3405888581029162
548.073076410188,14.184547104999501,14.184547104999501,14.125579928454648,14.079816476937832,3.26057345485205,1.8405888581029162
548.2731030804107,14.178075884468955,14.178075884468955,14.13074861281564,14.065409087203184,3.76057345485205,2.340588858102916
548.4731297506333,14.171583161475155,14.171583161475155,14.123359269954129,14.06105193955683,3.26057345485205,2.840588858102916
548.6731564208561,14.165069000115738,14.165069000115738,14.117569984153853,14.051552106956693,2.76057345485205,2.374269215089794
548.8731830910788,14.158533464700003,14.158533464700003,14.11356492670289,14.044204564688988,3.26057345485205,2.7312656207153627
549.0732097613014,14.15197661974825,14.15197661974825,14.102211397098056,14.034368289654607,2.76057345485205,2.2312656207153627
549.2732364315242,14.145398529991144,14.145398529991144,14.08011141186004,14.0269794156596,2.26057345485205,2.7312656207153627
549.4732631017469,14.138799260369101,14.138799260369101,14.071517603268836,14.017770714439816,2.76057345485205,2.2312656207153627
549.6732897719696,14.13217887603161,14.13217887603161,14.059460507821742,14.012227585844753,2.650856409726862,2.7312656207153627
549.8733164421923,14.12553744233663,14.12553744233663,14.05407380772133,13.99889803778955,3.150856409726862,2.2765693480610487
550.0733431124149,14.118875024849908,14.118875024849908,14.040077750635007,13.98366570769535,2.650856409726862,1.7765693480610487
550.2733697826377,14.11219168934435,14.11219168934435,14.029437656927678,13.971753438509973,2.7740675218164537,2.2765693480610487
550.4733964528604,14.105487501799377,14.105487501799377,14.009967937166941,13.958089128328327,2.2740675218164537,1.7765693480610487
550.673423123083,14.098762528400263,14.098762528400263,13.979384574943786,13.947442772004173,1.7740675218164537,2.2765693480610487
550.8734497933058,14.092016835537477,14.092016835537477,13.96080850875965,13.938999611975083,2.2740675218164537,2.7765693480610487
551.0734764635284,14.08525048980605,14.08525048980605,13.947450368971817,13.937739045178288,2.7740675218164537,3.2765693480610487
551.2735031337511,14.078463558004884,14.078463558004884,13.9440875883264,13.943316901811317,3.1590961361288263,3.7765693480610487
551.4735298039739,14.071656107136132,14.071656107136132,13.947681182824068,13.946800985222056,3.6590961361288263,3.521564755295662
551.6735564741965,14.064828204404503,14.064828204404503,13.939746407653626,13.956449122271462,3.1590961361288263,4.021564755295662
551.8735831444193,14.05797991721661,14.05797991721661,13.944572387701202,13.959799524312164,3.6590961361288263,3.521564755295662
552.0736098146419,14.051111313180316,14.051111313180316,13.939286553386113,13.960319315538678,3.1590961361288263,3.021564755295662
552.2736364848646,14.04422246010405,14.04422246010405,13.925132832304932,13.962850359839727,2.6590961361288263,3.521564755295662
552.4736631550874,14.037313425996139,14.037313425996139,13.923471146989769,13.96257475983586,3.1590961361288263,3.021564755295662
552.67368982531,14.030384279064158,14.030384279064158,13.918874006095866,13.967900032863872,3.260287914416922,3.521564755295662
552.8737164955327,14.023435087714223,14.023435087714223,13.921071658196091,13.966349207864644,3.6861822319584565,3.021564755295662
553.0737431657554,14.016465920550338,14.016465920550338,13.916912724075663,13.95763134190757,3.1913952618968393,2.521564755295662
553.2737698359781,14.009476846373722,14.009476846373722,13.92196165680498,13.943969817569155,3.6913952618968393,2.021564755295662
553.4737965062008,14.002467934182112,14.002467934182112,13.93587666625127,13.924986861937901,4.191395261896839,1.5215647552956622
553.6738231764235,13.995439253169087,13.995439253169087,13.944817736604268,13.912586134550258,3.6913952618968393,2.0168990827484485
553.8738498466462,13.9883908727234,13.9883908727234,13.94482716733447,13.893406199097015,3.1913952618968393,1.5168990827484485
554.0738765168688,13.981322862428273,13.981322862428273,13.936771816709838,13.877296363835132,2.6913952618968393,2.0168990827484485
554.2739031870916,13.97423529206071,13.97423529206071,13.916998446648492,13.855847062386278,2.1913952618968393,1.5168990827484485
554.4739298573143,13.967128231590845,13.967128231590845,13.90410300236421,13.841584200410956,2.6913952618968393,2.0168990827484485
554.673956527537,13.960001751181188,13.960001751181188,13.884396224497149,13.824886234611546,2.1913952618968393,1.7347531052366416
554.8739831977597,13.952855921185996,13.952855921185996,13.873707848384168,13.816549968184262,2.6913952618968393,2.2347531052366416
555.0740098679823,13.945690812150533,13.945690812150533,13.865269009774758,13.797191961828965,3.0740928910755723,1.780669462170799
555.2740365382051,13.938506494810385,13.938506494810385,13.849323278968518,13.7861761641038,2.5740928910755723,2.280669462170799
555.4740632084278,13.93130304009079,13.93130304009079,13.827289550947606,13.784011552373455,2.0740928910755723,2.780669462170799
555.6740898786504,13.924080519105893,13.924080519105893,13.80376887814767,13.78635144072124,1.8864805104897053,3.280669462170799
555.8741165488732,13.916839003158067,13.916839003158067,13.786702529647716,13.79551884138889,2.3864805104897053,3.780669462170799
556.0741432190958,13.909578563737227,13.909578563737227,13.778283360394038,13.798120983576286,2.8864805104897053,3.280669462170799
556.2741698893185,13.902299272520084,13.902299272520084,13.77665033364162,13.802898690848926,3.3864805104897053,3.3323969064154833
556.4741965595413,13.895001201369462,13.895001201369462,13.765134744069417,13.799179547170356,2.8864805104897053,2.8323969064154833
556.6742232297639,13.887684422333596,13.887684422333596,13.764031207138103,13.796409777815388,3.3864805104897053,2.960838992356537
556.8742498999867,13.880349007645396,13.880349007645396,13.766819467783385,13.798333099509321,3.830588429678482,3.460838992356537
557.0742765702093,13.872995029721759,13.872995029721759,13.76823087048435,13.807335065193685,3.330588429678482,3.960838992356537
557.274303240432,13.86562256116283,13.86562256116283,13.758249107780369,13.810378918570821,2.830588429678482,3.460838992356537
557.4743299106548,13.858231674751309,13.858231674751309,13.75753361506025,13.80788426952723,3.330588429678482,2.960838992356537
557.6743565808774,13.850822443451722,13.850822443451722,13.765141772289525,13.809793822452699,3.830588429678482,3.460838992356537
557.8743832511001,13.843394940409688,13.843394940409688,13.763527369245775,13.815228292881025,3.330588429678482,3.6403988339939883
558.0744099213229,13.835949238951214,13.835949238951214,13.756741627627322,13.820445442399185,3.190136802075354,3.6524586414293454
558.2744365915455,13.828485412581975,13.828485412581975,13.749527653748334,13.819762212457347,2.8918853613818807,3.1524586414293454
558.4744632617682,13.821003534986566,13.821003534986566,13.738228692194179,13.812712841694823,2.3918853613818807,2.6524586414293454
558.6744899319909,13.813503680027793,13.813503680027793,13.72096186506614,13.805722633983976,2.333614438736297,2.466428280922641
558.8745166022136,13.805985921745947,13.805985921745947,13.693187075376436,13.804430561387651,1.833614438736297,2.966428280922641
559.0745432724364,13.798450334358046,13.798450334358046,13.675844245585475,13.797898345447331,2.333614438736297,2.466428280922641
559.274569942659,13.790896992257144,13.790896992257144,13.656509993564661,13.787503615173579,2.3866068558886333,2.11011144769569
559.4745966128817,13.783325970011553,13.783325970011553,13.638951977303378,13.777185225058872,2.4087307892780037,2.61011144769569
559.6746232831044,13.775737342364138,13.775737342364138,13.634405634883313,13.764131918391929,2.9087307892780037,2.11011144769569
559.8746499533271,13.76813118423157,13.76813118423157,13.635429878589159,13.758956994535794,3.4087307892780037,2.5424842790923594
560.0746766235497,13.760507570703579,13.760507570703579,13.631191613463034,13.745448454888095,3.205508008497172,2.0424842790923594
560.2747032937725,13.752866577042212,13.752866577042212,13.622771436766175,13.738888512057995,3.0373294893665954,2.5424842790923594
560.4747299639952,13.745208278681126,13.745208278681126,13.627364759303166,13.723290261736262,3.5373294893665954,2.0424842790923594
560.6747566342178,13.737532751224782,13.737532751224782,13.621030856593388,13.717202843161083,3.0373294893665954,2.5424842790923594
560.8747833044406,13.72984007044774,13.72984007044774,13.62672063277538,13.703441948919334,3.5373294893665954,2.0424842790923594
561.0748099746633,13.72213031229391,13.72213031229391,13.620115928987609,13.683654313804833,3.0373294893665954,1.5424842790923594
561.2748366448859,13.714403552875787,13.714403552875787,13.602434086069486,13.66904084462351,2.5373294893665954,2.0424842790923594
561.4748633151087,13.7066598684737,13.7066598684737,13.59827113628078,13.663563252008618,3.0373294893665954,2.5424842790923594
561.6748899853313,13.698899335535083,13.698899335535083,13.601953081400708,13.652851425744894,3.5373294893665954,2.0424842790923594
561.8749166555541,13.691122030673682,13.691122030673682,13.599448426773487,13.63404633824986,3.0373294893665954,1.7661769643206564
562.0749433257768,13.68332803066884,13.68332803066884,13.587030754182138,13.612008304570375,2.5373294893665954,1.2661769643206564
562.2749699959994,13.6755174124647,13.6755174124647,13.575911777891783,13.5960268894611,2.7462408828516685,1.7661769643206564
562.4749966662222,13.667690253169468,13.667690253169468,13.560923968912476,13.579252470183183,2.2462408828516685,1.6977971719011942
562.6750233364448,13.659846630054659,13.659846630054659,13.546837216302883,13.56986353593958,2.5531266593671007,2.197797171901194
562.8750500066675,13.651986620554313,13.651986620554313,13.522661235069169,13.552345719758055,2.0531266593671007,1.6977971719011942
563.0750766768903,13.64411030226423,13.64411030226423,13.494435508949513,13.538323956486115,1.7558461366377314,1.8561936399627557
563.2751033471129,13.636217752941242,13.636217752941242,13.474075750582347,13.52974959852631,2.2558461366377314,2.356193639962756
563.4751300173356,13.628309050502393,13.628309050502393,13.462904716216753,13.529041978622981,2.7558461366377314,2.856193639962756
563.6751566875583,13.6203842730242,13.6203842730242,13.453916821329093,13.519102695091998,2.870011725721684,2.356193639962756
563.875183357781,13.612443498741884,13.612443498741884,13.434321043581136,13.502548017037215,2.370011725721684,1.8561936399627559
564.0752100280038,13.604486806048579,13.604486806048579,13.42625593844564,13.49474149077685,2.870011725721684,2.356193639962756
564.2752366982264,13.596514273494583,13.596514273494583,13.414567549028348,13.479384974838645,2.370011725721684,1.8561936399627559
564.4752633684491,13.588525979786553,13.588525979786553,13.401309983795095,13.463396282704545,2.870011725721684,1.9844468342741641
564.6752900386718,13.580522003786752,13.580522003786752,13.400454233361836,13.44117451318013,3.029351921088708,1.4844468342741641
564.8753167088945,13.572502424512269,13.572502424512269,13.390044088685375,13.421520038661898,3.0142850724783457,1.9844468342741641
565.0753433791172,13.564467321134217,13.564467321134217,13.390467387178475,13.414383433719282,3.5142850724783457,2.484446834274164
565.2753700493399,13.556416772976974,13.556416772976974,13.386141635082774,13.411366958063923,3.0142850724783457,2.8123125783386573
565.4753967195626,13.548350859517399,13.548350859517399,13.380037848029046,13.412825468593075,3.0121429002149993,3.3123125783386573
565.6754233897852,13.54026966038403,13.54026966038403,13.379861112716569,13.409359838248356,3.5121429002149993,2.8123125783386573
565.875450060008,13.532173255356309,13.532173255356309,13.388929240783796,13.398838418596073,4.012142900214999,2.3123125783386573
566.0754767302307,13.524061724363804,13.524061724363804,13.390883044458036,13.39190483472549,3.5121429002149993,2.8123125783386573
566.2755034004533,13.515935147485406,13.515935147485406,13.388505997172235,13.396864236036903,3.5123217384186427,3.3123125783386573
566.4755300706761,13.507793604948532,13.507793604948532,13.38349693452783,13.394934157730821,3.0123217384186427,2.8123125783386573
566.6755567408987,13.499637177128363,13.499637177128363,13.368019794828509,13.384521202622238,2.5123217384186427,2.4970186624145776
566.8755834111215,13.49146594454701,13.49146594454701,13.360721014228462,13.377160628728726,3.0123217384186427,2.415675387724929
567.0756100813442,13.483279987872756,13.483279987872756,13.36419645562223,13.376930977353796,3.5123217384186427,2.915675387724929
567.2756367515668,13.475079387919235,13.475079387919235,13.372084951516694,13.366750450457085,3.8331279685244883,2.415675387724929
567.4756634217896,13.466864225644642,13.466864225644642,13.36929855749721,13.351029575332076,3.477495906193763,1.9156753877249288
567.6756900920122,13.458634582150946,13.458634582150946,13.37297008260889,13.338872728231987,3.658270563343351,2.1976987434113804
567.8757167622349,13.450390538683065,13.450390538683065,13.370596476949483,13.335846785089084,3.158270563343351,2.6976987434113804
568.0757434324577,13.442132176628077,13.442132176628077,13.35949037257248,13.338562903297124,2.658270563343351,3.1976987434113804
568.2757701026803,13.43385957751443,13.43385957751443,13.340088653132877,13.332786864084445,2.158270563343351,2.6976987434113804
568.475796772903,13.425572823011107,13.425572823011107,13.314424988847772,13.323296209303674,1.658270563343351,2.1976987434113804
568.6758234431258,13.417271994926843,13.417271994926843,13.293757470453224,13.317970104978228,2.158270563343351,2.6976987434113804
568.8758501133484,13.40895717520932,13.40895717520932,13.284183190835734,13.31993688255884,2.658270563343351,3.012455397948351
569.0758767835712,13.400628445944324,13.400628445944324,13.279532518712033,13.319517451531937,3.158270563343351,2.8417451929352273
569.2759034537938,13.392285889354996,13.392285889354996,13.26365030603522,13.312342614673137,2.658270563343351,2.3417451929352273
569.4759301240165,13.383929587800951,13.383929587800951,13.246205389416824,13.294859584516898,2.158270563343351,1.8417451929352273
569.6759567942393,13.375559623777505,13.375559623777505,13.230021846208775,13.283682303451782,2.658270563343351,2.2824451835820465
569.8759834644619,13.367176079914868,13.367176079914868,13.226872962734308,13.278199798465158,3.158270563343351,2.7824451835820465
570.0760101346846,13.358779038977296,13.358779038977296,13.21623948931673,13.270518557828556,2.658270563343351,2.455859708515891
570.2760368049073,13.350368583862295,13.350368583862295,13.211894288637314,13.259194924633153,3.158270563343351,1.955859708515891
570.47606347513,13.341944797599806,13.341944797599806,13.216486916877903,13.246827918184717,3.658270563343351,2.1998358906051174
570.6760901453526,13.333507763351374,13.333507763351374,13.229063390861468,13.22909241225236,4.1582705633433505,1.6998358906051174
570.8761168155754,13.325057564409324,13.325057564409324,13.248557389564985,13.205956513229006,4.510656554136498,1.2019303675145985
571.0761434857981,13.316594284195961,13.316594284195961,13.259970374527947,13.190103889641861,4.010656554136498,1.7019303675145985
571.2761701560207,13.308118006262719,13.308118006262719,13.26969889493233,13.166998677343676,3.893958473512396,1.5001373108331024
571.4761968262435,13.299628814289347,13.299628814289347,13.268808789457607,13.152508150766336,3.393958473512396,2.0001373108331024
571.6762234964662,13.291126792083102,13.291126792083102,13.254956125432662,13.144920339093892,2.893958473512396,2.5001373108331024
571.8762501666889,13.282612023577876,13.282612023577876,13.235997740839741,13.133535159271823,2.393958473512396,2.026860077565836
572.0762768369116,13.274084592833422,13.274084592833422,13.212181692978136,13.130997659675636,1.893958473512396,2.526860077565836
572.2763035071342,13.265544584034487,13.265544584034487,13.177794598775966,13.114923481130848,1.393958473512396,2.026860077565836
572.476330177357,13.256992081489985,13.256992081489985,13.153445221215147,13.107546218460923,1.893958473512396,2.3978713220001207
572.6763568475797,13.248427169632183,13.248427169632183,13.136710556727143,13.105299984350163,2.393958473512396,2.802559134883686
572.8763835178023,13.239849933015847,13.239849933015847,13.111790472978212,13.11037149930756,2.00061261017668,3.302559134883686
573.0764101880251,13.231260456317415,13.231260456317415,13.095458236153402,13.1072828574555,2.50061261017668,2.802559134883686
573.2764368582477,13.222658824334172,13.222658824334172,13.093001201519504,13.101330117407286,3.00061261017668,2.302559134883686
573.4764635284704,13.214045121983395,13.214045121983395,13.080633782006501,13.100601356750282,2.50061261017668,2.802559134883686
573.6764901986932,13.205419434301513,13.205419434301513,13.053731014684777,13.090243646123554,2.00061261017668,2.302559134883686
573.8765168689158,13.196781846443303,13.196781846443303,13.0401249048501,13.086392212825025,2.50061261017668,2.802559134883686
574.0765435391386,13.188132443680995,13.188132443680995,13.02005026834282,13.09107458839243,2.2431738715640104,3.302559134883686
574.2765702093612,13.17947131140348,13.17947131140348,13.008090146446587,13.091780038964997,2.7431738715640104,2.802559134883686
574.4765968795839,13.170798535115436,13.170798535115436,13.005827667272664,13.084826171912384,3.2431738715640104,2.5538801184180864
574.6766235498067,13.162114200436484,13.162114200436484,13.009605342005349,13.077203412848956,3.7431738715640104,2.0538801184180864
574.8766502200293,13.153418393100377,13.153418393100377,13.014931813035728,13.061892585332748,3.8199294589128114,1.5538801184180864
575.076676890252,13.144711198954099,13.144711198954099,13.026975400922646,13.052232540558528,4.087787616351846,2.0538801184180864
575.2767035604747,13.13599270395707,13.13599270395707,13.03170054930232,13.036801466511989,3.5877876163518456,1.5538801184180864
575.4767302306974,13.12726299418027,13.12726299418027,13.029756531511053,13.014754539983297,3.0877876163518456,1.0538801184180864
575.67675690092,13.118522155805387,13.118522155805387,13.036620507552685,12.99733524143856,3.5877876163518456,1.5538801184180864
575.8767835711428,13.10977027512397,13.10977027512397,13.030966071946198,12.984276518399891,3.0877876163518456,2.0538801184180864
576.0768102413655,13.101007438536598,13.101007438536598,13.01650312312768,12.970568481266472,2.5877876163518456,1.9600315944756619
576.2768369115881,13.09223373255199,13.09223373255199,12.992668764257392,12.96261107295515,2.0877876163518456,2.460031594475662
576.4768635818109,13.083449243786177,13.083449243786177,12.968844751224237,12.953896850077584,1.956114527533183,2.518307248189439
576.6768902520336,13.074654058961649,13.074654058961649,12.954296184648864,12.939791430096735,2.456114527533183,2.018307248189439
576.8769169222563,13.06584826490647,13.06584826490647,12.934915993693927,12.932844001551228,2.290875299950925,2.518307248189439
577.076943592479,13.057031948553469,13.057031948553469,12.910330958416495,12.931346687365997,1.8822373249992306,3.018307248189439
577.2769702627016,13.048205196939325,13.048205196939325,12.892987757728855,12.927540785384222,2.3822373249992306,2.7621255711891153
577.4769969329244,13.039368097203749,13.039368097203749,12.885000355751648,12.930586882186317,2.8822373249992306,3.2621255711891153
577.6770236031471,13.030520736588617,13.030520736588617,12.873774370541083,12.926592195171727,2.804938929947026,2.7621255711891153
577.8770502733697,13.021663202437093,13.021663202437093,12.872539562032863,12.91889945321706,3.304938929947026,2.2621255711891153
578.0770769435925,13.012795582192771,13.012795582192771,12.880526940375274,12.907344206686938,3.804938929947026,2.2762593617021016
578.2771036138151,13.003917963398845,13.003917963398845,12.878557155014573,12.891243540557745,3.304938929947026,1.7762593617021016
578.4771302840378,12.995030433697186,12.995030433697186,12.872736499409406,12.870461428748051,2.804938929947026,1.2762593617021016
578.6771569542606,12.98613308082752,12.98613308082752,12.853833374848078,12.855552932704926,2.304938929947026,1.7762593617021016
578.8771836244832,12.977225992626552,12.977225992626552,12.845493532909904,12.841918593631043,2.804938929947026,1.7882170911816255
579.077210294706,12.96830925702709,12.96830925702709,12.842177043751427,12.835003888644923,3.304938929947026,2.2882170911816253
579.2772369649286,12.959382962057196,12.959382962057196,12.830639594317624,12.835350231562272,2.804938929947026,2.7882170911816253
579.4772636351513,12.950447195839288,12.950447195839288,12.82688521930707,12.831351905642677,3.127917221317026,2.7477004529071967
579.6772903053741,12.94150204658929,12.94150204658929,12.830873303265157,12.834793223713204,3.627917221317026,3.2477004529071967
579.8773169755967,12.932547602615774,12.932547602615774,12.836728715191883,12.831661656480057,3.7320062772451856,2.7477004529071967
580.0773436458194,12.923583952319047,12.923583952319047,12.834781702549433,12.821764360132823,3.2320062772451856,2.2477004529071967
580.2773703160422,12.914611184190317,12.914611184190317,12.83309230744596,12.807261281910913,3.398750255925944,1.9095400451751157
580.4773969862648,12.905629386810809,12.905629386810809,12.827553488481705,12.80273372313386,2.898750255925944,2.409540045175116
580.6774236564875,12.896638648850875,12.896638648850875,12.809715473850401,12.787870727099325,2.398750255925944,1.9095400451751159
580.8774503267102,12.887639059069134,12.887639059069134,12.787229502258771,12.781417488941814,1.8987502559259442,2.386032801625868
581.0774769969329,12.878630706311599,12.878630706311599,12.766343950202616,12.765441390288881,1.9000183574437772,1.886032801625868
581.2775036671555,12.869613679510792,12.869613679510792,12.752833880001102,12.757937708366656,2.400018357443777,2.386032801625868
581.4775303373783,12.860588067684857,12.860588067684857,12.745956977819962,12.746323902771904,2.900018357443777,1.886032801625868
581.677557007601,12.851553959936703,12.851553959936703,12.727211080457991,12.725289400675267,2.400018357443777,1.386032801625868
581.8775836778237,12.842511445453104,12.842511445453104,12.715569658452644,12.697663194390518,2.8220452763619686,0.8860328016258681
582.0776103480464,12.833460613503837,12.833460613503837,12.708488029834355,12.677282581697058,2.9632789491772535,1.386032801625868
582.277637018269,12.82440155344078,12.82440155344078,12.695739924308613,12.66172856832671,2.4632789491772535,1.886032801625868
582.4776636884918,12.815334354697042,12.815334354697042,12.686011531239425,12.65026918183844,2.6277629275749503,2.386032801625868
582.6776903587145,12.806259106786092,12.806259106786092,12.681092012572268,12.639406199448604,3.1277629275749503,2.0484722085551956
582.8777170289371,12.797175899300848,12.797175899300848,12.664548431311037,12.624144481785644,2.6277629275749503,1.5484722085551956
583.0777436991599,12.788084821912808,12.788084821912808,12.643019400618206,12.615351877662357,2.1277629275749503,2.0484722085551956
583.2777703693826,12.778985964371174,12.778985964371174,12.625210841446775,12.606676827009764,2.2313766371055177,2.5484722085551956
583.4777970396052,12.769879416501945,12.769879416501945,12.615170452054006,12.59587569429395,2.7313766371055177,2.275470274649664
583.677823709828,12.760765268207042,12.760765268207042,12.615603936706327,12.589274669693086,3.2313766371055177,2.775470274649664
583.8778503800506,12.751643609463427,12.751643609463427,12.621588305174862,12.57975467182627,3.7313766371055177,2.275470274649664
584.0778770502734,12.74251453032219,12.74251453032219,12.621665960810676,12.578510252478809,3.2313766371055177,2.775470274649664
584.277903720496,12.733378120907703,12.733378120907703,12.611939975750461,12.58055979695384,2.7313766371055177,2.961384807606688
584.4779303907187,12.724234471416686,12.724234471416686,12.596123865131956,12.582004546020967,2.2313766371055177,3.00026230093582
584.6779570609415,12.715083672117329,12.715083672117329,12.567899601900008,12.582879019902395,1.8349128024839358,3.11134926412717
584.8779837311641,12.705925813348426,12.705925813348426,12.549691446016388,12.585912289890073,2.334912802483936,3.2906433436820386
585.0780104013868,12.696760985518447,12.696760985518447,12.524835606794758,12.58330797162005,1.8349128024839358,2.9728697818019842
585.2780370716096,12.687589279104664,12.687589279104664,12.511178210787863,12.574426839234873,2.334912802483936,2.4728697818019842
585.4780637418322,12.678410784652272,12.678410784652272,12.503857055361369,12.559544051162321,2.834912802483936,1.9728697818019842
585.6780904120549,12.669225592773461,12.669225592773461,12.504950372064602,12.551605716154825,3.334912802483936,2.4728697818019842
585.8781170822776,12.66003379414654,12.66003379414654,12.509718430641044,12.550930248958867,3.834912802483936,2.9728697818019842
586.0781437525003,12.650835479515061,12.650835479515061,12.526421687639445,12.556255763234985,4.334912802483936,3.4728697818019842
586.278170422723,12.64163073968688,12.64163073968688,12.534173837396887,12.551917110299526,3.8349128024839363,2.9728697818019842
586.4781970929457,12.632419665533291,12.632419665533291,12.534468281295528,12.543165387118995,3.3349128024839363,2.4728697818019842
586.6782237631684,12.623202347988133,12.623202347988133,12.527874946388405,12.527753539484921,2.8349128024839363,1.9728697818019842
586.8782504333911,12.613978878046867,12.613978878046867,12.509205392270346,12.518968869910385,2.3349128024839363,2.3341537581273246
587.0782771036138,12.604749346765697,12.604749346765697,12.487200707775989,12.50491033656121,2.173028003875903,1.8341537581273246
587.2783037738365,12.595513845260676,12.595513845260676,12.477282520614382,12.483274147446696,2.673028003875903,1.3341537581273246
587.4783304440592,12.586272464706775,12.586272464706775,12.456048685527383,12.459270118346186,2.173028003875903,0.9740102348806718
587.6783571142819,12.577025296337027,12.577025296337027,12.439852413781818,12.440511165095403,2.673028003875903,1.4740102348806716
587.8783837845045,12.567772431441586,12.567772431441586,12.430299471776712,12.413968503592034,2.6487116905452504,0.9740102348806716
588.0784104547273,12.558513961366849,12.558513961366849,12.42854334200412,12.395054683304448,3.1487116905452504,1.4740102348806716
588.27843712495,12.549249977514558,12.549249977514558,12.415758630095068,12.380556247268041,2.6487116905452504,1.9740102348806716
588.4784637951726,12.539980571340873,12.539980571340873,12.413875532613691,12.37268481852075,3.1487116905452504,2.4740102348806716
588.6784904653954,12.53070583435549,12.53070583435549,12.39771307165846,12.374095891637673,2.6487116905452504,2.8998272444150563
588.878517135618,12.521425858120745,12.521425858120745,12.392081972960863,12.371323021897112,2.934108213887129,2.3998272444150563
589.0785438058408,12.512140734250671,12.512140734250671,12.39210305872893,12.359906490146333,3.434108213887129,1.9699758329767167
589.2785704760635,12.502850554410148,12.502850554410148,12.38439711971463,12.339383826455839,2.934108213887129,1.4699758329767167
589.4785971462861,12.493555410313949,12.493555410313949,12.383349534630119,12.329216586482172,3.434108213887129,1.9699758329767167
589.6786238165089,12.484255393725858,12.484255393725858,12.373124964805083,12.324413518650148,2.934108213887129,2.4699758329767167
589.8786504867315,12.474950596457777,12.474950596457777,12.357462095439754,12.310745443887367,2.434108213887129,1.9699758329767167
590.0786771569542,12.46564111036878,12.46564111036878,12.33295159267288,12.302761719948338,1.934108213887129,2.4699758329767167
590.278703827177,12.45632702736425,12.45632702736425,12.315012364937543,12.291473894932096,2.434108213887129,1.9699758329767167
590.4787304973996,12.447008439394947,12.447008439394947,12.30660879750319,12.286578219270721,2.934108213887129,2.4699758329767167
590.6787571676223,12.437685438456102,12.437685438456102,12.30444621729244,12.275907983441213,3.270281736672263,1.9699758329767167
590.878783837845,12.428358116586503,12.428358116586503,12.309756288243355,12.262331374929376,3.770281736672263,2.0905842430204418
591.0788105080677,12.419026565867616,12.419026565867616,12.31009490242773,12.255648759123561,3.270281736672263,2.5905842430204418
591.2788371782904,12.40969087842264,12.40969087842264,12.314755883613204,12.257084171047875,3.770281736672263,2.932316597921688
591.4788638485131,12.400351146415613,12.400351146415613,12.313618791369985,12.254154289005,3.270281736672263,2.699661639640599
591.6788905187358,12.39100746205051,12.39100746205051,12.305482583549347,12.244284020673762,2.770281736672263,2.199661639640599
591.8789171889586,12.381659917570314,12.381659917570314,12.289516870371116,12.243477993747018,2.270281736672263,2.699661639640599
592.0789438591812,12.372308605256132,12.372308605256132,12.279227739549043,12.237991917418217,2.770281736672263,2.199661639640599
592.2789705294039,12.362953617426252,12.362953617426252,12.260025974945034,12.232893256021262,2.270281736672263,2.699661639640599
592.4789971996266,12.353595046435245,12.353595046435245,12.229265948280426,12.224018306742655,1.770281736672263,2.199661639640599
592.6790238698493,12.34423298467308,12.34423298467308,12.195520668283278,12.215878050650208,1.270281736672263,2.18717795175184
592.879050540072,12.334867524564164,12.334867524564164,12.168628099664122,12.209887391189346,1.770281736672263,2.68717795175184
593.0790772102947,12.32549875856645,12.32549875856645,12.135806496018644,12.200255912011855,1.270281736672263,2.18717795175184
593.2791038805174,12.316126779170562,12.316126779170562,12.109107729798097,12.198902223414315,1.770281736672263,2.68717795175184
593.47913055074,12.30675167889881,12.30675167889881,12.093826009574009,12.19357604942009,2.270281736672263,2.18717795175184
593.6791572209628,12.297373550304325,12.297373550304325,12.0831647722563,12.178484400301803,2.770281736672263,1.6871779517518402
593.8791838911854,12.287992485970147,12.287992485970147,12.079941835153667,12.170583066071746,3.270281736672263,2.18717795175184
594.0792105614082,12.278608578508278,12.278608578508278,12.069953481618894,12.154203401039288,2.770281736672263,1.6871779517518402
594.2792372316309,12.26922192055881,12.26922192055881,12.066876358734305,12.146161360650732,3.270281736672263,2.18717795175184
594.4792639018535,12.25983260478897,12.25983260478897,12.06971584605558,12.131211679008244,3.4454738052414093,1.6871779517518402
594.6792905720763,12.250440723892227,12.250440723892227,12.079834606580622,12.112431048477548,3.9454738052414093,1.584748482581782
594.879317242299,12.241046370587387,12.241046370587387,12.09479402874126,12.088438725772154,4.332104077980457,1.084748482581782
595.0793439125216,12.23164963761765,12.23164963761765,12.119136471577889,12.07051958882483,4.832104077980457,1.584748482581782
595.2793705827444,12.222250617749706,12.222250617749706,12.132391251445206,12.064513597097452,4.332104077980457,2.084748482581782
595.479397252967,12.212849403772841,12.212849403772841,12.139142871608607,12.046947496214933,3.832104077980457,1.584748482581782
595.6794239231897,12.203446088497982,12.203446088497982,12.136699600207718,12.034905314275672,3.332104077980457,2.084748482581782
595.8794505934125,12.194040764756805,12.194040764756805,12.129302868282695,12.03332744434195,2.832104077980457,2.584748482581782
596.0794772636351,12.184633525400821,12.184633525400821,12.110169676901853,12.033309851848333,2.332104077980457,3.084748482581782
596.2795039338578,12.175224463300454,12.175224463300454,12.10070361162436,12.02816576395511,2.832104077980457,2.584748482581782
596.4795306040805,12.165813671344106,12.165813671344106,12.081949513933775,12.017014206980491,2.332104077980457,2.084748482581782
596.6795572743032,12.156401242437276,12.156401242437276,12.069099835517477,12.013565155677004,2.832104077980457,2.584748482581782
596.879583944526,12.146987269501608,12.146987269501608,12.053162661472276,12.003642107739752,2.332104077980457,2.084748482581782
597.0796106147486,12.137571845474005,12.137571845474005,12.041141225815911,11.999986182296064,2.832104077980457,2.584748482581782
597.2796372849713,12.12815506330568,12.12815506330568,12.025161778663906,11.991385031213673,2.332104077980457,2.3546053379460203
597.479663955194,12.118737015961257,12.118737015961257,12.00253265493105,11.978520455590768,2.235208317860667,1.8546053379460203
597.6796906254167,12.109317796417862,12.109317796417862,11.995555130462613,11.963309043167191,2.735208317860667,1.6936711360330987
597.8797172956394,12.09989749766418,12.09989749766418,11.975319052596173,11.954578212627037,2.235208317860667,2.1936711360330987
598.0797439658621,12.090476212699548,12.090476212699548,11.963484858332304,11.945913827939957,2.546338927357823,2.3173431825989117
598.2797706360848,12.081054034533059,12.081054034533059,11.943365514162064,11.94318058565322,2.046338927357823,2.8173431825989117
598.4797973063074,12.071631056182603,12.071631056182603,11.928007325742325,11.936507227212626,2.546338927357823,2.3173431825989117
598.6798239765302,12.062207370673972,12.062207370673972,11.914979114316719,11.93631530876367,2.5146556643348577,2.8173431825989117
598.8798506467529,12.052783071039958,12.052783071039958,11.896089187118474,11.928627350677809,2.0146556643348577,2.3173431825989117
599.0798773169756,12.043358250319384,12.043358250319384,11.878185906169634,11.929663424218205,2.5146556643348577,2.8173431825989117
599.2799039871983,12.033933001556258,12.033933001556258,11.870805286728167,11.929408778607915,3.0146556643348577,2.8865536370481655
599.4799306574209,12.02450741779878,12.02450741779878,11.853959096435487,11.924197323069958,2.642975284274697,2.4476494834237106
599.6799573276437,12.015081592098463,12.015081592098463,11.841036163078353,11.911806366107461,2.509085766229899,1.9476494834237106
599.8799839978664,12.005655617509225,12.005655617509225,11.833023275077984,11.891896338528865,2.8450134119722805,1.4544204515300123
600.080010668089,11.996229587086436,11.996229587086436,11.811851989389266,11.865562899113064,2.3450134119722805,0.9544204515300123
600.2800373383118,11.986803593886023,11.986803593886023,11.80462767675015,11.833332563509828,2.750521858451678,0.4544204515300123
600.4800640085344,11.977377730963553,11.977377730963553,11.801043046046914,11.807415877027802,3.250521858451678,0.9544204515300124
600.6800906787571,11.967952091373297,11.967952091373297,11.809525449779676,11.790193627906032,3.750521858451678,1.4544204515300125
600.8801173489799,11.958526768167317,11.958526768167317,11.80854762267448,11.778538638551614,3.250521858451678,1.9544204515300128
601.0801440192025,11.949101854394575,11.949101854394575,11.808036934066697,11.772361082337955,3.460177169217806,2.4544204515300128
601.2801706894252,11.939677443099965,11.939677443099965,11.816128377176046,11.775870591948912,3.960177169217806,2.9544204515300128
601.480197359648,11.930253627323427,11.930253627323427,11.822572064109726,11.77137913516967,3.763171576783369,2.4544204515300128
601.6802240298706,11.920830500099038,11.920830500099038,11.822860467838293,11.771384479458348,3.263171576783369,2.9544204515300128
601.8802507000934,11.911408154454053,11.911408154454053,11.812494860563792,11.77084280767199,2.763171576783369,2.906705151153833
602.080277370316,11.901986683408026,11.901986683408026,11.794114570536784,11.771480045344845,2.263171576783369,2.7825177463638675
602.2803040405387,11.892566179971883,11.892566179971883,11.76814261384363,11.767315981871642,1.7631715767833689,2.4322715123316923
602.4803307107615,11.883146737146976,11.883146737146976,11.752464414628125,11.766554717653193,2.263171576783369,2.9322715123316923
602.6803573809841,11.87372844792421,11.87372844792421,11.745338221870126,11.771199335356176,2.763171576783369,3.4322715123316923
602.8803840512068,11.864311405283082,11.864311405283082,11.729275282377976,11.78357123137074,2.263171576783369,3.9322715123316923
603.0804107214295,11.85489570219079,11.85489570219079,11.702258687898945,11.7913570269688,1.7631715767833689,3.4322715123316923
603.2804373916522,11.845481431601316,11.845481431601316,11.686511476860781,11.78932442032907,2.247070677881097,2.9322715123316923
603.4804640618748,11.836068686454487,11.836068686454487,11.674102674851348,11.785078092334787,2.747070677881097,2.4322715123316923
603.6804907320976,11.826657559675073,11.826657559675073,11.657396186353099,11.772152667442587,2.247070677881097,1.9322715123316923
603.8805174023203,11.817248144171877,11.817248144171877,11.648149802385532,11.751769045474612,2.747070677881097,1.4322715123316923
604.080544072543,11.807840532836792,11.807840532836792,11.646633398627637,11.739091249223302,3.247070677881097,1.9322715123316923
604.2805707427657,11.798434818543921,11.798434818543921,11.637048909044008,11.720624719113847,2.87560547902759,1.4322715123316923
604.4805974129883,11.789031094148617,11.789031094148617,11.631895435412046,11.70116409388875,2.912388463203387,1.2782349664434278
604.6806240832111,11.779629452486596,11.779629452486596,11.616253688603424,11.672620193421873,2.412388463203387,0.7782349664434278
604.8806507534338,11.77022998637302,11.77022998637302,11.611324777026024,11.656318156727497,2.912388463203387,1.2782349664434278
605.0806774236564,11.76083278860157,11.76083278860157,11.616363900772011,11.641546561981468,3.412388463203387,1.7782349664434278
605.2807040938792,11.751437951943524,11.751437951943524,11.609184149397155,11.622888524964745,2.912388463203387,1.2782349664434278
605.4807307641018,11.742045569146867,11.742045569146867,11.614471654516631,11.608081059194342,3.412388463203387,1.7782349664434278
605.6807574343245,11.732655732935347,11.732655732935347,11.6087960682962,11.587920297381558,2.912388463203387,1.2782349664434278
605.8807841045473,11.723268536007568,11.723268536007568,11.60359667604613,11.57521650985729,2.8165568946003394,1.7782349664434278
606.0808107747699,11.713884071036096,11.713884071036096,11.589074974778939,11.566366600203619,2.3165568946003394,2.278234966443428
606.2808374449926,11.704502430666508,11.704502430666508,11.583674589245184,11.55618187273496,2.8165568946003394,2.36864270818523
606.4808641152154,11.695123707516501,11.695123707516501,11.580722554627537,11.543323411124225,3.0000841235889535,1.86864270818523
606.680890785438,11.685747994174983,11.685747994174983,11.57175047256108,11.536946676091466,2.5000841235889535,2.36864270818523
606.8809174556608,11.676375383201131,11.676375383201131,11.56354492247392,11.528233484861008,3.0000841235889535,1.86864270818523
607.0809441258834,11.667005967123513,11.667005967123513,11.548751718794858,11.52133060441737,2.5000841235889535,2.36864270818523
607.2809707961061,11.657639838439145,11.657639838439145,11.52985167693355,11.516958050243542,2.0000841235889535,2.451105896545954
607.4809974663289,11.648277089612584,11.648277089612584,11.502132932163015,11.50870006905794,1.5000841235889535,1.951105896545954
607.6810241365515,11.63891781307504,11.63891781307504,11.481569797706712,11.493299105462626,2.0000841235889535,1.451105896545954
607.8810508067742,11.629562101223419,11.629562101223419,11.465833103334475,11.47088965638461,2.5000841235889535,0.951105896545954
608.0810774769969,11.620210046419453,11.620210046419453,11.455710015037186,11.452908735657354,3.0000841235889535,1.451105896545954
608.2811041472196,11.610861740988772,11.610861740988772,11.455008050789065,11.438763482707206,3.5000841235889535,1.951105896545954
608.4811308174422,11.601517277219981,11.601517277219981,11.459262275147436,11.432975415054376,3.3925266804598726,2.451105896545954
608.681157487665,11.592176747363757,11.592176747363757,11.451982081658343,11.434282844036893,2.8925266804598726,2.951105896545954
608.8811841578877,11.582840243631958,11.582840243631958,11.436859965739776,11.427056015918,2.3925266804598726,2.451105896545954
609.0812108281104,11.573507858196672,11.573507858196672,11.430267258822186,11.431657513363836,2.8925266804598726,2.951105896545954
609.2812374983331,11.564179683189355,11.564179683189355,11.415401857036912,11.429207300787825,2.5017097996617004,2.451105896545954
609.4812641685558,11.554855810699877,11.554855810699877,11.403074752425109,11.42717951779958,2.891257341501267,2.5450654131568817
609.6812908387785,11.545536332775637,11.545536332775637,11.388781913091277,11.418382560915106,2.391257341501267,2.4965322369271075
609.8813175090012,11.536221341420658,11.536221341420658,11.372541538669177,11.418966152134427,2.3805906568731654,2.9965322369271075
610.0813441792238,11.526910928594665,11.526910928594665,11.366056040999464,11.414367021843567,2.8805906568731654,2.4965322369271075
610.2813708494466,11.517605186212176,11.517605186212176,11.367716316949386,11.404489929866829,3.3805906568731654,2.070629714168233
610.4813975196693,11.508304206141617,11.508304206141617,11.375477140297509,11.40268403439802,3.8805906568731654,2.570629714168233
610.6814241898919,11.499008080204383,11.499008080204383,11.395565543175497,11.398061917840561,4.103754492813708,2.6956543804139597
610.8814508601147,11.489716900173951,11.489716900173951,11.413620183866776,11.396299751709538,4.090206535217181,2.3884786846803676
611.0814775303373,11.480430757774993,11.480430757774993,11.421035399530087,11.385144669587755,3.590206535217181,1.8884786846803676
611.28150420056,11.47114974468242,11.47114974468242,11.4174129280762,11.3686115127719,3.090206535217181,1.3884786846803676
611.4815308707828,11.461873952520508,11.461873952520508,11.410178993221539,11.356192411742086,2.9006379907474784,1.8884786846803676
611.6815575410054,11.452603472862013,11.452603472862013,11.405064184896979,11.35107427397328,3.1048700568615852,2.3884786846803676
611.8815842112282,11.443338397227219,11.443338397227219,11.39404369641751,11.340537438014694,2.6048700568615852,2.0609062640672633
612.0816108814508,11.434078817083082,11.434078817083082,11.380492244701257,11.334892046329946,2.273737131477652,2.2788076253538643
612.2816375516735,11.424824823842288,11.424824823842288,11.35113831522453,11.32347614034677,1.773737131477652,1.7788076253538643
612.4816642218963,11.415576508862369,11.415576508862369,11.314160809090618,11.313255073771654,1.273737131477652,1.8561081588631878
612.6816908921189,11.406333963444819,11.406333963444819,11.289213012107624,11.302334277656199,1.773737131477652,1.7526266040020986
612.8817175623416,11.397097278834154,11.397097278834154,11.255100162875703,11.29816077046513,1.306880377361264,2.2526266040020984
613.0817442325643,11.387866546217031,11.387866546217031,11.21618689597066,11.28556966609473,0.8068803773612641,1.7526266040020984
613.281770902787,11.378641856721364,11.378641856721364,11.172343786879072,11.274241374571922,0.5974329904641076,2.2526266040020984
613.4817975730097,11.369423301415393,11.369423301415393,11.140471635506197,11.258977940210688,1.0974329904641076,1.7526266040020984
613.6818242432324,11.360210971306797,11.360210971306797,11.107383404068434,11.23845589015198,1.5974329904641076,1.2526266040020984
613.8818509134551,11.351004957341813,11.351004957341813,11.08680632143592,11.22486243015956,2.0974329904641076,1.7526266040020984
614.0818775836779,11.341805350404314,11.341805350404314,11.075008822911737,11.216242659492671,2.5974329904641076,2.2526266040020984
614.2819042539005,11.332612241314933,11.332612241314933,11.076910167462978,11.214994634317812,3.0974329904641076,2.7526266040020984
614.4819309241232,11.323425720830135,11.323425720830135,11.082436975675275,11.207006627063187,3.5974329904641076,2.261482939021901
614.6819575943459,11.314245879641351,11.314245879641351,11.09814350599968,11.205782730219669,4.013771535233399,2.761482939021901
614.8819842645686,11.305072808374078,11.305072808374078,11.116902161533947,11.198727516858805,4.364561221341939,2.261482939021901
615.0820109347912,11.295906597586972,11.295906597586972,11.12940171912987,11.19465474263752,3.8645612213419387,2.61321649294027
615.282037605014,11.286747337770956,11.286747337770956,11.143304411387312,11.186556106853171,3.957074724736798,2.3628034570753043
615.4820642752367,11.277595119348348,11.277595119348348,11.14877052286083,11.173241045775379,3.457074724736798,1.8628034570753043
615.6820909454593,11.268450032671936,11.268450032671936,11.144522687690111,11.1529122800484,2.957074724736798,1.3628034570753043
615.8821176156821,11.2593121680241,11.2593121680241,11.12750491720384,11.139505160244738,2.457074724736798,1.8628034570753043
616.0821442859047,11.250181615615945,11.250181615615945,11.114825990004508,11.135661869265448,2.457322073667292,2.3628034570753043
616.2821709561274,11.241058465586363,11.241058465586363,11.09119295180561,11.13737016973185,1.9573220736672918,2.8628034570753043
616.4821976263502,11.231942808001174,11.231942808001174,11.073803342563277,11.13582368693581,2.457322073667292,2.5680452386182013
616.6822242965728,11.222834732852244,11.222834732852244,11.070511987783767,11.128119852935335,2.957322073667292,2.0680452386182013
616.8822509667956,11.213734330056559,11.213734330056559,11.065553369367354,11.11507323918625,3.2213720128781,1.683502219903615
617.0822776370183,11.204641689455396,11.204641689455396,11.0691310716147,11.097520966207702,3.7213720128781,1.3249300629090897
617.2823043072409,11.195556900813376,11.195556900813376,11.066309087043576,11.086503479651318,3.2213720128781,1.8249300629090897
617.4823309774637,11.1864800538176,11.1864800538176,11.060130320946756,11.079307428978494,2.7213720128781,2.3249300629090897
617.6823576476863,11.177411238076791,11.177411238076791,11.041548151660981,11.071469876791975,2.42492800949208,2.194109908840773
617.882384317909,11.168350543120367,11.168350543120367,11.018892934445978,11.068812166617978,1.92492800949208,2.694109908840773
618.0824109881318,11.159298058397574,11.159298058397574,11.006221971559643,11.077372691206307,2.42492800949208,3.194109908840773
618.2824376583544,11.150253873276622,11.150253873276622,10.987558735717684,11.074794083196323,1.9249280094920802,2.694109908840773
618.4824643285771,11.14121807704377,11.14121807704377,10.973112360863048,11.080783035353255,2.42492800949208,3.194109908840773
618.6824909987998,11.132190758902462,11.132190758902462,10.960326763795662,11.07934757027089,2.5266783155307446,2.694109908840773
618.8825176690225,11.123172007972453,11.123172007972453,10.95725872884884,11.071384462543724,3.0266783155307446,2.194109908840773
619.0825443392453,11.114161913288909,11.114161913288909,10.96068820804658,11.05489006070341,3.5266783155307446,1.694109908840773
619.2825710094679,11.105160563801553,11.105160563801553,10.95446893794934,11.033349392248848,3.0266783155307446,1.194109908840773
619.4825976796906,11.09616804837376,11.09616804837376,10.954514442641594,11.00729207879458,3.088417996610911,0.694109908840773
619.6826243499133,11.087184455781696,11.087184455781696,10.963464780227858,10.975779123526149,3.588417996610911,0.19410990884077295
619.882651020136,11.078209874713446,11.078209874713446,10.96453593734884,10.952329466063075,3.088417996610911,0.694109908840773
620.0826776903587,11.06924439376813,11.06924439376813,10.973547190016104,10.93425624547946,3.588417996610911,1.194109908840773
620.2827043605814,11.06028810145502,11.06028810145502,10.97038423545286,10.919445620329702,3.088417996610911,1.694109908840773
620.4827310308041,11.05134108619269,11.05134108619269,10.960379071676426,10.900775931317842,2.588417996610911,1.194109908840773
620.6827577010267,11.042403436308113,11.042403436308113,10.939479547014749,10.886326109908365,2.088417996610911,1.694109908840773
620.8827843712495,11.033475240035813,11.033475240035813,10.911717916987355,10.876602649975856,1.6230971949540225,2.194109908840773
621.0828110414722,11.02455658551699,11.02455658551699,10.89383171419548,10.877526139759146,2.1230971949540223,2.694109908840773
621.2828377116948,11.01564756079864,11.01564756079864,10.876998189513758,10.88216661825987,2.6230971949540223,3.194109908840773
621.4828643819176,11.00674825383269,11.00674825383269,10.859518103710721,10.881023156995441,2.1230971949540223,2.7191599092943592
621.6828910521402,10.997858752475137,10.997858752475137,10.851568130912025,10.874811317805664,2.611687226428894,2.4749898568931266
621.882917722363,10.988979144485164,10.988979144485164,10.839572642025985,10.868501476785768,2.534873182076728,1.9749898568931266
622.0829443925857,10.980109517524305,10.980109517524305,10.836720348084222,10.853386453852563,3.034873182076728,1.4749898568931266
622.2829710628083,10.971249959155536,10.971249959155536,10.841077611614127,10.82892306487764,3.534873182076728,0.9749898568931266
622.4829977330311,10.962400556842441,10.962400556842441,10.837134733019228,10.810513047114645,3.1280592912186234,1.3778440228119155
622.6830244032537,10.953561397948354,10.953561397948354,10.825716388779826,10.80066233025813,2.6280592912186234,1.8778440228119155
622.8830510734764,10.944732569735462,10.944732569735462,10.811888115685948,10.799513934059668,2.4170327063514683,2.3778440228119155
623.0830777436992,10.935914159363982,10.935914159363982,10.804899171470327,10.798980244669982,2.9170327063514683,2.8778440228119155
623.2831044139218,10.927106253891282,10.927106253891282,10.806620722096314,10.809208218315623,3.4170327063514683,3.3778440228119155
623.4831310841445,10.918308940271015,10.918308940271015,10.801344932785288,10.813968203276252,2.9170327063514683,2.8778440228119155
623.6831577543672,10.909522305352267,10.909522305352267,10.7835736187501,10.812624947694186,2.4170327063514683,2.477881959842529
623.8831844245899,10.900746435878718,10.900746435878718,10.761188180374958,10.815290466312096,1.9170327063514683,2.977881959842529
624.0832110948127,10.891981418487749,10.891981418487749,10.745798317038396,10.816711536716944,2.4170327063514683,3.0027092273724483
624.2832377650353,10.883227339709627,10.883227339709627,10.724190875329453,10.816210624644693,1.9170327063514683,2.5027092273724483
624.483264435258,10.874484285966613,10.874484285966613,10.716493270318763,10.807445839930745,2.4170327063514683,2.0027092273724483
624.6832911054807,10.865752343572128,10.865752343572128,10.717804135658804,10.792176684088268,2.9170327063514683,1.5027092273724483
624.8833177757034,10.857031598729915,10.857031598729915,10.706242114155808,10.764988443761638,2.4170327063514683,1.0027092273724483
625.0833444459261,10.848322137533158,10.848322137533158,10.70007860919984,10.73453505192803,2.9170327063514683,0.5027092273724483
625.2833711161488,10.839624045963642,10.839624045963642,10.689433443181585,10.704391143125116,2.4170327063514683,0.23100382747325549
625.4833977863715,10.830937409890929,10.830937409890929,10.683704378528132,10.678552609164445,2.9170327063514683,0.7310038274732554
625.6834244565941,10.82226231507147,10.82226231507147,10.673001824303164,10.65773129252445,2.4170327063514683,1.2310038274732553
625.8834511268169,10.813598847147775,10.813598847147775,10.648678608120674,10.644474448589524,1.9170327063514683,1.7310038274732553
626.0834777970396,10.8049470916476,10.8049470916476,10.638395918959155,10.638904972947747,2.4170327063514683,2.231003827473255
626.2835044672622,10.796307133983047,10.796307133983047,10.633419111314808,10.638636204467067,2.9170327063514683,2.731003827473255
626.483531137485,10.787679059449747,10.787679059449747,10.634538379362246,10.64470519467513,3.4170327063514683,3.231003827473255
626.6835578077076,10.779062953226035,10.779062953226035,10.647333183653755,10.647184435507286,3.9170327063514683,2.731003827473255
626.8835844779304,10.770458900372073,10.770458900372073,10.658171092488436,10.639063780080654,3.701420316539025,2.231003827473255
627.0836111481531,10.761866985829048,10.761866985829048,10.670698261177881,10.629153985103159,4.201420316539025,2.0568798590282094
627.2836378183757,10.7532872944183,10.7532872944183,10.679850950974505,10.611919653973187,3.701420316539025,1.5568798590282094
627.4836644885985,10.7447199108405,10.7447199108405,10.698275388771934,10.60147615232454,4.201420316539025,2.0568798590282094
627.6836911588211,10.73616491967483,10.73616491967483,10.707713326946608,10.589736749411069,3.701420316539025,1.6864008231939933
627.8837178290438,10.72762240537811,10.72762240537811,10.708638380796275,10.582601039895238,3.201420316539025,2.1864008231939933
628.0837444992666,10.719092452283991,10.719092452283991,10.710667907814436,10.575526608838775,3.201447679142533,1.9959144207984387
628.2837711694892,10.710575144602135,10.710575144602135,10.703196828502545,10.571921711897692,2.701447679142533,2.4959144207984387
628.4837978397119,10.702070566417342,10.702070566417342,10.687445862634066,10.577361779592474,2.201447679142533,2.9959144207984387
628.6838245099347,10.69357880168875,10.69357880168875,10.660719095630267,10.581625494498986,1.7014476791425328,3.0163864555690645
628.8838511801573,10.685099934249006,10.685099934249006,10.628412919344683,10.59424586154998,1.2014476791425328,3.5163864555690645
629.0838778503801,10.67663404780343,10.67663404780343,10.603067747592819,10.598535593530908,1.7014476791425328,3.0163864555690645
629.2839045206027,10.668181225929192,10.668181225929192,10.588267648829616,10.596525704914864,2.201447679142533,2.5163864555690645
629.4839311908254,10.65974155207448,10.65974155207448,10.573822985217321,10.588066340710402,2.701447679142533,2.0163864555690645
629.6839578610482,10.651315109557679,10.651315109557679,10.558411643885794,10.5874628664291,2.201447679142533,2.5163864555690645
629.8839845312708,10.642901981566565,10.642901981566565,10.552570597015137,10.58448015706263,2.701447679142533,2.567595099327544
630.0840112014935,10.634502251157457,10.634502251157457,10.535777789039924,10.57794783515311,2.201447679142533,2.067595099327544
630.2840378717162,10.626116001254411,10.626116001254411,10.509195239987386,10.563422815529371,1.7359577509815034,1.5675950993275438
630.4840645419389,10.617743314648415,10.617743314648415,10.496268938555382,10.554914421282675,2.235957750981503,2.067595099327544
630.6840912121615,10.609384273996538,10.609384273996538,10.490599743866248,10.55507890190255,2.735957750981503,2.567595099327544
630.8841178823843,10.601038961821137,10.601038961821137,10.472788647968839,10.559442054058248,2.235957750981503,2.9600469238307485
631.084144552607,10.592707460509052,10.592707460509052,10.44895698680374,10.555360399605904,1.7359577509815032,2.4600469238307485
631.2841712228296,10.584389852310768,10.584389852310768,10.434961732157014,10.552351390718057,2.235957750981503,2.3257106321674135
631.4841978930524,10.576086219339604,10.576086219339604,10.423418902438648,10.54361899571262,2.735957750981503,1.8257106321674135
631.684224563275,10.56779664357094,10.56779664357094,10.40946040341947,10.53075554086202,2.235957750981503,1.6337857759486267
631.8842512334978,10.559521206841344,10.559521206841344,10.407074855633944,10.512819617097037,2.735957750981503,1.1337857759486267
632.0842779037205,10.551259990847843,10.551259990847843,10.407918241941339,10.487327264366403,3.235957750981503,0.6337857759486267
632.2843045739431,10.54301307714704,10.54301307714704,10.3973692430781,10.468529805166893,2.735957750981503,1.1337857759486267
632.4843312441659,10.534780547154348,10.534780547154348,10.389268893809728,10.442298495384085,2.6555052370111563,0.6337857759486267
632.6843579143886,10.526562482143195,10.526562482143195,10.373960194346761,10.420454104122292,2.1555052370111563,1.1337857759486267
632.8843845846112,10.518358963244193,10.518358963244193,10.36636265337286,10.407812945676842,2.6555052370111563,1.6337857759486267
633.084411254834,10.510170071444353,10.510170071444353,10.355865398905408,10.402711965579433,2.4648115223885387,2.1337857759486267
633.2844379250566,10.501995887586299,10.501995887586299,10.35089335966275,10.403465732954706,2.893468590508676,2.596021609729022
633.4844645952793,10.493836492367434,10.493836492367434,10.350901494114868,10.398635008500975,3.393468590508676,2.096021609729022
633.6844912655021,10.485691966339173,10.485691966339173,10.345731327626638,10.383381282099297,2.893468590508676,1.5960216097290219
633.8845179357247,10.477562389906149,10.477562389906149,10.33594033420162,10.366975768917605,2.4684456131448034,1.4664285944159337
634.0845446059475,10.469447843325387,10.469447843325387,10.33289466933029,10.359602384699224,2.9684456131448034,1.8498484991170883
634.2845712761701,10.461348406705559,10.461348406705559,10.321080556890726,10.344062326503717,2.4684456131448034,1.3498484991170883
634.4845979463928,10.453264160006151,10.453264160006151,10.312963135368172,10.328847957316725,2.659224096447066,1.8498484991170883
634.6846246166156,10.445195183036688,10.445195183036688,10.316033433512391,10.328086032487787,3.1074316931220354,2.3498484991170883
634.8846512868382,10.437141555455964,10.437141555455964,10.319778846018584,10.329176785787553,3.6074316931220354,2.574241425726031
635.0846779570609,10.429103356771234,10.429103356771234,10.319114225348883,10.31972402195881,3.1074316931220354,2.074241425726031
635.2847046272836,10.421080666337428,10.421080666337428,10.331291908970767,10.317927651681748,3.6074316931220354,2.574241425726031
635.4847312975063,10.413073563356386,10.413073563356386,10.332922716241404,10.308119315088549,3.1074316931220354,2.074241425726031
635.684757967729,10.405082126876058,10.405082126876058,10.329164977723345,10.296388924175265,2.6074316931220354,1.7073407859489846
635.8847846379517,10.397106435789727,10.397106435789727,10.325591140461698,10.278482390860093,3.1074316931220354,1.409003234749169
636.0848113081744,10.389146568835248,10.389146568835248,10.315302347601538,10.263825972245266,2.6074316931220354,1.4067119604438356
636.2848379783971,10.38120260459424,10.38120260459424,10.299237307825242,10.258368135371407,2.1074316931220354,1.9067119604438356
636.4848646486198,10.373274621491344,10.373274621491344,10.270659478426632,10.25503077606973,1.6074316931220354,2.2770900604722013
636.6848913188425,10.365362697793417,10.365362697793417,10.258431133437844,10.258635648172355,2.1074316931220354,2.7770900604722013
636.8849179890652,10.357466911608775,10.357466911608775,10.247521607976378,10.251262212190094,2.392446641868345,2.2770900604722013
637.0849446592879,10.349587340886433,10.349587340886433,10.238847598452509,10.250659993025167,2.5840180157780805,2.7770900604722013
637.2849713295105,10.341724063415313,10.341724063415313,10.233343850785989,10.24420232748592,3.0840180157780805,2.30352587441563
637.4849979997333,10.333877156823482,10.333877156823482,10.235823784155837,10.234300036896524,3.5840180157780805,1.8035258744156302
637.685024669956,10.326046698577406,10.326046698577406,10.247537957954124,10.229262764790887,3.5665431553090916,2.30352587441563
637.8850513401786,10.31823276598115,10.31823276598115,10.245582319943397,10.217473346133694,3.0665431553090916,1.8035258744156302
638.0850780104014,10.31043543617565,10.31043543617565,10.23938166203359,10.214596514370209,2.7959105300780855,2.30352587441563
638.285104680624,10.302654786137932,10.302654786137932,10.226490806180491,10.204046436306216,2.2959105300780855,1.9654781848607574
638.4851313508467,10.29489089268035,10.29489089268035,10.206335636904015,10.189709436240882,1.7959105300780855,1.4654781848607574
638.6851580210695,10.287143832449829,10.287143832449829,10.19544664642328,10.181982061396335,2.2959105300780855,1.9654781848607574
638.8851846912921,10.27941368192713,10.27941368192713,10.190304669741492,10.166894082133231,2.7959105300780855,1.4654781848607574
639.0852113615149,10.271700517426055,10.271700517426055,10.183806648583156,10.158367479844259,2.6264702631617634,1.9654781848607574
639.2852380317375,10.264004415092742,10.264004415092742,10.183273565962644,10.146093544316283,3.1264702631617634,1.4654781848607574
639.4852647019602,10.256325450904864,10.256325450904864,10.194293881987846,10.141629812932006,3.6264702631617634,1.9654781848607574
639.685291372183,10.24866370067091,10.24866370067091,10.199749219141541,10.138967021183229,3.1264702631617634,2.4654781848607574
639.8853180424056,10.241019240029438,10.241019240029438,10.194680286037388,10.141683436664627,2.6479658844820757,2.9654781848607574
640.0853447126283,10.233392144448308,10.233392144448308,10.178587779582736,10.1389012919262,2.1479658844820757,2.4654781848607574
640.285371382851,10.225782489223947,10.225782489223947,10.17245210545209,10.139392300056517,2.6479658844820757,2.735375225373965
640.4853980530737,10.218190349480622,10.218190349480622,10.153763987522685,10.135716919456508,2.1479658844820757,2.3963016352538546
640.6854247232964,10.210615800169666,10.210615800169666,10.131855411321856,10.14001390532738,1.6479658844820757,2.8963016352538546
640.8854513935191,10.203058916068755,10.203058916068755,10.116162535590348,10.149272653702957,2.1479658844820757,3.3963016352538546
641.0854780637418,10.195519771781196,10.195519771781196,10.098060970379773,10.152962074050505,2.0915366186927407,2.8963016352538546
641.2855047339646,10.187998441735129,10.187998441735129,10.072332728902383,10.150256184650713,1.7920207650238729,2.3963016352538546
641.4855314041872,10.180495000182855,10.180495000182855,10.052170992641697,10.13814561648873,1.6758567995262157,1.9998877932184325
641.6855580744099,10.173009521200061,10.173009521200061,10.035879673049772,10.12169146325926,2.1758567995262155,1.4998877932184325
641.8855847446326,10.165542078685103,10.165542078685103,10.020001001509865,10.115335479232417,2.011151311475591,1.9998877932184325
642.0856114148553,10.158092746358289,10.158092746358289,10.012115529380866,10.112220294757115,2.511151311475591,2.4998877932184325
642.285638085078,10.150661597761129,10.150661597761129,10.005365697351039,10.1174289484182,2.7621172557836435,2.9998877932184325
642.4856647553007,10.143248706255616,10.143248706255616,10.003125511039087,10.120122183693109,2.7734817386794672,2.871233770068395
642.6856914255234,10.135854145023517,10.135854145023517,10.007823090461935,10.115740509795744,3.2734817386794672,2.371233770068395
642.885718095746,10.12847798706563,10.12847798706563,10.014681821354332,10.107362620868216,3.7734817386794672,1.871233770068395
643.0857447659688,10.121120305201067,10.121120305201067,10.01737488898264,10.095197844756104,3.2734817386794672,1.507420434167885
643.2857714361915,10.113781172066556,10.113781172066556,10.030566547984993,10.072457979253706,3.7734817386794672,1.007420434167885
643.4857981064141,10.106460660115694,10.106460660115694,10.04031663539131,10.057037848127491,3.7744064457692317,1.507420434167885
643.6858247766369,10.099158841618245,10.099158841618245,10.043381073578157,10.049483520605296,3.2744064457692317,2.007420434167885
643.8858514468595,10.091875788659433,10.091875788659433,10.040195696324217,10.03645974827417,2.7744064457692317,1.507420434167885
644.0858781170823,10.084611573139224,10.084611573139224,10.02343132637662,10.025403396254369,2.2744064457692317,1.6273934516236592
644.285904787305,10.07736626677162,10.07736626677162,10.019481014964239,10.021679379333724,2.7744064457692317,2.127393451623659
644.4859314575276,10.070139941083937,10.070139941083937,10.009133220797015,10.008022351295931,2.565533127396678,1.627393451623659
644.6859581277504,10.06293266741611,10.06293266741611,10.010854651347765,9.99722478721077,3.065533127396678,2.127393451623659
644.885984797973,10.055744516920003,10.055744516920003,10.006292619970754,9.985153783986798,2.565533127396678,1.627393451623659
645.0860114681957,10.048575560558678,10.048575560558678,9.990064117613393,9.969048182336925,2.065533127396678,1.5722221495558963
645.2860381384185,10.041425869105705,10.041425869105705,9.967799005871436,9.950662030120782,1.7489748349587901,1.0722221495558963
645.4860648086411,10.034295513144484,10.034295513144484,9.94577232470087,9.938733792004033,1.7448852510079897,1.5722221495558963
645.6860914788638,10.027184563067513,10.027184563067513,9.917270948437041,9.920783858298629,1.4803700319396413,1.083314025066283
645.8861181490865,10.020093089075715,10.020093089075715,9.89995062896301,9.907875367024827,1.9803700319396413,1.583314025066283
646.0861448193092,10.013021161177752,10.013021161177752,9.889080170709505,9.898169421927593,2.4803700319396413,2.083314025066283
646.286171489532,10.005968849189305,10.005968849189305,9.885017494500177,9.897572860026294,2.658543985151091,2.583314025066283
646.4861981597546,9.998936222732418,9.998936222732418,9.869507644121319,9.90388214329223,2.158543985151091,3.083314025066283
646.6862248299773,9.991923351234782,9.991923351234782,9.863396353681173,9.906485610072528,2.658543985151091,2.629430038042023
646.8862515002,9.984930303929065,9.984930303929065,9.85762811455136,9.899430609966563,3.158543985151091,2.129430038042023
647.0862781704227,9.97795714985224,9.97795714985224,9.85452725735321,9.89959639016051,2.658543985151091,2.629430038042023
647.2863048406454,9.971003957844877,9.971003957844877,9.85481921424352,9.906290635199511,3.158543985151091,3.129430038042023
647.4863315108681,9.964070796550468,9.964070796550468,9.848722736194812,9.907646999192309,2.658543985151091,2.629430038042023
647.6863581810908,9.957157734414778,9.957157734414778,9.833914857009866,9.913216610126032,2.158543985151091,3.129430038042023
647.8863848513134,9.950264839685131,9.950264839685131,9.80926524144493,9.927211148185016,1.6585439851510908,3.629430038042023
648.0864115215362,9.94339218040976,9.94339218040976,9.792868683504055,9.934229183294025,2.158543985151091,3.129430038042023
648.2864381917589,9.936539824437133,9.936539824437133,9.790483052847906,9.933534908871861,2.658543985151091,2.629430038042023
648.4864648619815,9.929707839415274,9.929707839415274,9.795866598395426,9.927939746587775,3.158543985151091,2.129430038042023
648.6864915322043,9.922896292791096,9.922896292791096,9.790749396710728,9.917089572955025,2.658543985151091,1.629430038042023
648.8865182024269,9.916105251809753,9.916105251809753,9.78002218510846,9.900323797566436,2.158543985151091,1.129430038042023
649.0865448726497,9.90933478351395,9.90933478351395,9.758211519216982,9.888965647659676,1.6585439851510908,1.629430038042023
649.2865715428724,9.902584954743304,9.902584954743304,9.742067336437756,9.867986685837868,2.158543985151091,1.129430038042023
649.486598213095,9.895855832133662,9.895855832133662,9.734518260658332,9.85567668010624,2.658543985151091,1.629430038042023
649.6866248833178,9.889147482116456,9.889147482116456,9.716056615763442,9.836274601384588,2.158543985151091,1.129430038042023
649.8866515535404,9.882459970918068,9.882459970918068,9.712942634345954,9.816764445487774,2.658543985151091,0.7057626050010908
650.0866782237631,9.87579336455913,9.87579336455913,9.708834369190821,9.789571778460918,2.9509333195882066,0.43091957185024315
650.2867048939859,9.8691477288539,9.8691477288539,9.715990101845168,9.765556482603804,3.4509333195882066,0.6566539438049457
650.4867315642085,9.862523129409619,9.862523129409619,9.716891534152102,9.751114712426578,2.9509333195882066,1.1566539438049457
650.6867582344312,9.855919631625847,9.855919631625847,9.723635181423594,9.728597287682371,3.4509333195882066,0.6566539438049457
650.886784904654,9.84933730069382,9.84933730069382,9.739514506420303,9.712857841365484,3.9509333195882066,1.1566539438049457
651.0868115748766,9.842776201595822,9.842776201595822,9.750686558128352,9.704108336733228,3.4509333195882066,1.6566539438049457
651.2868382450994,9.836236399104514,9.836236399104514,9.762902299053245,9.697575585658795,3.9509333195882066,2.1566539438049457
651.486864915322,9.829717957782332,9.829717957782332,9.767869021303941,9.687653231143848,3.4509333195882066,1.7018123472448976
651.6868915855447,9.823220941980816,9.823220941980816,9.766418029696801,9.68785558584057,2.9509333195882066,2.2018123472448976
651.8869182557675,9.816745415839987,9.816745415839987,9.757065807263146,9.676783412884198,2.4509333195882066,1.7018123472448976
652.0869449259901,9.810291443287728,9.810291443287728,9.742442526849358,9.671654375643177,2.1986053685366644,2.2018123472448976
652.2869715962128,9.803859088039125,9.803859088039125,9.71619533310628,9.674690407011557,1.6986053685366644,2.7018123472448976
652.4869982664355,9.797448413595863,9.797448413595863,9.705823872938158,9.67722646337564,2.1986053685366644,2.7503546695644308
652.6870249366582,9.791059483245583,9.791059483245583,9.684009869700548,9.684362008544012,1.6986053685366644,3.242419011407253
652.8870516068808,9.784692360061277,9.784692360061277,9.664410504620921,9.685985039401514,2.1986053685366644,2.742419011407253
653.0870782771036,9.778347106900627,9.778347106900627,9.662146441157862,9.693623059003304,2.6986053685366644,3.242419011407253
653.2871049473263,9.772023786405436,9.772023786405436,9.656823859552762,9.70985511561214,2.547447081546534,3.742419011407253
653.4871316175489,9.765722461000964,9.765722461000964,9.639729976933186,9.714403619466456,2.047447081546534,3.242419011407253
653.6871582877717,9.759443192895333,9.759443192895333,9.61825219938932,9.731899314232784,2.046731980983895,3.742419011407253
653.8871849579944,9.753186044078921,9.753186044078921,9.607688105147066,9.741647639101407,2.546731980983895,3.242419011407253
654.0872116282171,9.746951076323727,9.746951076323727,9.604140457161042,9.744685905272405,3.046731980983895,2.742419011407253
654.2872382984398,9.740738351182783,9.740738351182783,9.612319955154613,9.748997304894123,3.546731980983895,3.242419011407253
654.4872649686624,9.73454792998953,9.73454792998953,9.615440374476202,9.751965096042609,3.1418047335710817,2.742419011407253
654.6872916388852,9.728379873857218,9.728379873857218,9.627591552297847,9.75008713386692,3.6418047335710817,2.242419011407253
654.8873183091079,9.722234243678315,9.722234243678315,9.62956443839953,9.740600035505373,3.1418047335710817,1.7424190114072529
655.0873449793305,9.716111100123886,9.716111100123886,9.62177668079573,9.726087464972357,2.6418047335710817,1.2424190114072529
655.2873716495533,9.710010503642996,9.710010503642996,9.604737783469515,9.705131169748089,2.1418047335710817,0.7424190114072529
655.4873983197759,9.703932514462142,9.703932514462142,9.584913989832883,9.682708226100564,1.6418047335710817,0.8054506617397805
655.6874249899986,9.69787719258461,9.69787719258461,9.57187182369167,9.652518554357558,2.1418047335710817,0.3054506617397805
655.8874516602214,9.691844597789931,9.691844597789931,9.566053324419718,9.629513313454417,2.6418047335710817,0.8054506617397805
656.087478330444,9.685834789633262,9.685834789633262,9.56825247303084,9.612677963651427,3.1418047335710817,1.3054506617397805
656.2875050006668,9.679847827444796,9.679847827444796,9.574396808009375,9.59364342923363,3.454430301873243,1.198777173183637
656.4875316708894,9.673883770329201,9.673883770329201,9.58144101104743,9.58244227603884,3.4470945861614934,1.5923016711712554
656.6875583411121,9.667942677165009,9.667942677165009,9.581591612746529,9.579256191312895,2.9470945861614934,2.0923016711712554
656.8875850113349,9.662024606604046,9.662024606604046,9.580997668863901,9.580520940777033,2.7449897913375416,2.5923016711712554
657.0876116815575,9.656129617070865,9.656129617070865,9.573901719700046,9.587245688889265,2.7625617598692154,3.0923016711712554
657.2876383517802,9.65025776676215,9.65025776676215,9.57372938228883,9.590117926072777,3.2625617598692154,2.5923016711712554
657.487665022003,9.644409113646145,9.644409113646145,9.576276872825273,9.593222753113459,2.7625617598692154,2.8055925664607937
657.6876916922256,9.638583715462097,9.638583715462097,9.577376097249491,9.58805147746822,3.2625617598692154,2.3055925664607937
657.8877183624483,9.632781629719666,9.632781629719666,9.574913689121693,9.592982541985002,2.7625617598692154,2.790634569818236
658.087745032671,9.627002913698368,9.627002913698368,9.570992789514868,9.592680110909548,2.757977920568645,2.290634569818236
658.2877717028937,9.621247624447012,9.621247624447012,9.558033142366696,9.583512426007648,2.257977920568645,1.790634569818236
658.4877983731163,9.61551581878313,9.61551581878313,9.536102457403585,9.579717595729907,1.7579779205686452,2.290634569818236
658.6878250433391,9.609807553292413,9.609807553292413,9.526270605203425,9.573069707137618,2.257977920568645,1.790634569818236
658.8878517135618,9.604122884328172,9.604122884328172,9.520937670206719,9.556273730998148,2.757977920568645,1.290634569818236
659.0878783837845,9.598461868010752,9.598461868010752,9.522465167436026,9.54830269294344,3.257977920568645,1.790634569818236
659.2879050540072,9.592824560227008,9.592824560227008,9.52106905550689,9.535618764671053,2.757977920568645,1.4919780826151317
659.4879317242298,9.587211016629725,9.587211016629725,9.522303393414065,9.530441446545158,3.257977920568645,1.9919780826151317
659.6879583944526,9.58162129263709,9.58162129263709,9.526435548193497,9.532172233267223,3.0900955582272736,2.4919780826151317
659.8879850646753,9.57605544343214,9.57605544343214,9.521092377516874,9.527906246145275,2.5900955582272736,1.9919780826151317
660.0880117348979,9.570513523962209,9.570513523962209,9.510990260602995,9.515628143983477,2.0900955582272736,1.4919780826151317
660.2880384051207,9.564995588938391,9.564995588938391,9.50214316365616,9.509044121188293,2.5900955582272736,1.9919780826151317
660.4880650753433,9.55950169283501,9.55950169283501,9.503339187567866,9.506339632552006,3.0900955582272736,2.4919780826151317
660.688091745566,9.554031889889059,9.554031889889059,9.511936402112285,9.498324537866125,3.5900955582272736,1.9919780826151317
660.8881184157888,9.54858623409968,9.54858623409968,9.511533631042361,9.497645734302843,3.0900955582272736,2.4919780826151317
661.0881450860114,9.543164779227643,9.543164779227643,9.522742216611276,9.490694308853412,3.5900955582272736,2.199092048366102
661.2881717562342,9.53776757879478,9.53776757879478,9.52622805092583,9.486166862056386,3.0900955582272736,2.177371901108331
661.4881984264568,9.532394686083496,9.532394686083496,9.516418905799455,9.477863229681068,2.5900955582272736,2.061936693651995
661.6882250966795,9.52704615413621,9.52704615413621,9.520906479878276,9.466405614692516,3.0900955582272736,1.5619366936519952
661.8882517669023,9.521722035754856,9.521722035754856,9.519536289338365,9.46092249392538,2.918558699733994,2.061936693651995
662.0882784371249,9.516422383500348,9.516422383500348,9.510055254694041,9.46033779839538,2.418558699733994,2.561936693651995
662.2883051073476,9.511147249692069,9.511147249692069,9.491087995253622,9.451355434125757,1.9185586997339938,2.0634358120377128
662.4883317775704,9.505896686407336,9.505896686407336,9.474757760376129,9.437988626498079,2.1254298680303396,1.5634358120377128
662.688358447793,9.500670745480923,9.500670745480923,9.467535018046608,9.42835639637682,2.6254298680303396,1.5028446602143442
662.8883851180157,9.495469478504507,9.495469478504507,9.456308753852376,9.418459233283293,2.1254298680303396,1.7469644473631192
663.0884117882384,9.490292936826183,9.490292936826183,9.450088552938507,9.416494188818124,2.6254298680303396,2.246964447363119
663.2884384584611,9.48514117154996,9.48514117154996,9.455091449995583,9.419210867485813,3.1254298680303396,2.746964447363119
663.4884651286837,9.480014233535242,9.480014233535242,9.451392775548898,9.415161607422004,2.6254298680303396,2.246964447363119
663.6884917989065,9.474912173396328,9.474912173396328,9.450477320339548,9.421047245363772,2.655571094944358,2.746964447363119
663.8885184691292,9.469835041501929,9.469835041501929,9.44137040624672,9.417633789085896,2.155571094944358,2.246964447363119
664.0885451393519,9.464782887974648,9.464782887974648,9.4377018320671,9.408325599296077,2.655571094944358,1.7469644473631192
664.2885718095746,9.459755762690504,9.459755762690504,9.443248863430991,9.404682101315924,3.155571094944358,2.246964447363119
664.4885984797972,9.454753715278425,9.454753715278425,9.439692010710555,9.394546220866573,2.655571094944358,1.7469644473631192
664.68862515002,9.449776795119764,9.449776795119764,9.420930927025037,9.393405521599263,2.155571094944358,2.246964447363119
664.8886518202427,9.444825051347822,9.444825051347822,9.39922446681471,9.395473906334104,1.6555710949443578,2.746964447363119
665.0886784904653,9.439898532847343,9.439898532847343,9.366259918595016,9.39098764502193,1.1555710949443578,2.246964447363119
665.2887051606881,9.43499728825404,9.43499728825404,9.329616880010668,9.383400069975528,0.6555710949443578,1.9879172049266463
665.4887318309108,9.430121365954129,9.430121365954129,9.299536434259485,9.370160484808308,1.1555710949443578,1.4879172049266463
665.6887585011334,9.425270814083824,9.425270814083824,9.275986765133775,9.365862451173147,1.6555710949443578,1.9879172049266463
665.8887851713562,9.42044568052888,9.42044568052888,9.263827345985792,9.352757823029009,2.155571094944358,1.4879172049266463
666.0888118415788,9.415646012924128,9.415646012924128,9.25954091990129,9.349127527542073,2.655571094944358,1.9879172049266463
666.2888385118016,9.410871858652975,9.410871858652975,9.267872291940076,9.348860673960228,3.155571094944358,2.4879172049266463
666.4888651820243,9.406123264846968,9.406123264846968,9.264925015814446,9.356174653003762,2.829146527949316,2.9879172049266463
666.6888918522469,9.401400278385314,9.401400278385314,9.269086755012715,9.368176833044314,3.1489557472706453,3.3985253581958514
666.8889185224697,9.39670294589441,9.39670294589441,9.270853834789964,9.386607064675646,2.8069520270194483,3.8985253581958514
667.0889451926923,9.3920313137474,9.3920313137474,9.27706678318278,9.395415837411091,3.3069520270194483,3.3985253581958514
667.288971862915,9.387385428063705,9.387385428063705,9.289473999064601,9.402184093932641,3.8069520270194483,2.8985253581958514
667.4889985331378,9.382765334708566,9.382765334708566,9.294208355835062,9.400707505924899,3.3069520270194483,2.3985253581958514
667.6890252033604,9.378171079292606,9.378171079292606,9.293580772751943,9.393487304353345,2.8069520270194483,1.8985253581958514
667.8890518735831,9.373602707171369,9.373602707171369,9.293846024050415,9.376780681759989,2.8253237133714313,1.3985253581958514
668.0890785438058,9.369060263444858,9.369060263444858,9.302116980383685,9.370416202874443,3.3253237133714313,1.8985253581958514
668.2891052140285,9.364543792957129,9.364543792957129,9.300407317316084,9.371759001295272,2.8253237133714313,2.3985253581958514
668.4891318842512,9.360053340295803,9.360053340295803,9.293272428393072,9.361813822093753,2.3253237133714313,1.8985253581958514
668.6891585544739,9.355588949791658,9.355588949791658,9.274893435686433,9.3598387783555,1.854762573178665,2.3985253581958514
668.8891852246966,9.35115066551818,9.35115066551818,9.260980137355956,9.354634267863124,2.354762573178665,1.8985253581958514
669.0892118949193,9.346738531291122,9.346738531291122,9.259371266261706,9.33833606295977,2.854762573178665,1.3985253581958514
669.289238565142,9.342352590668087,9.342352590668087,9.25093081792518,9.33242720265559,2.354762573178665,1.8985253581958514
669.4892652353647,9.337992886948083,9.337992886948083,9.253788351266591,9.33330801556287,2.854762573178665,2.3985253581958514
669.6892919055874,9.333659463171097,9.333659463171097,9.268501632693214,9.33246118569856,3.354762573178665,2.651176989409859
669.8893185758101,9.329352362117685,9.329352362117685,9.285907098663584,9.341754321474305,3.854762573178665,3.151176989409859
670.0893452460327,9.325071626308535,9.325071626308535,9.289344703121355,9.357382815703323,3.354762573178665,3.651176989409859
670.2893719162555,9.320817298004043,9.320817298004043,9.293882559104826,9.367384964296015,2.854762573178665,3.151176989409859
670.4893985864782,9.316589419203918,9.316589419203918,9.301192004195611,9.370014686579399,3.354762573178665,2.651176989409859
670.6894252567008,9.31238803164674,9.31238803164674,9.30474491265505,9.364270242353411,2.854762573178665,2.151176989409859
670.8894519269236,9.308213176809572,9.308213176809572,9.29486771350171,9.354773739039398,2.354762573178665,1.651176989409859
671.0894785971462,9.304064895907537,9.304064895907537,9.278231675020926,9.334671483357928,1.854762573178665,1.151176989409859
671.289505267369,9.299943229893408,9.299943229893408,9.271657453722094,9.311382263239826,2.354762573178665,0.651176989409859
671.4895319375917,9.295848219457222,9.295848219457222,9.27095400341763,9.294835450741468,2.854762573178665,1.151176989409859
671.6895586078143,9.291779905025852,9.291779905025852,9.27055616390392,9.281563812874834,2.5631633695312925,1.651176989409859
671.8895852780371,9.287738326762629,9.287738326762629,9.277577855397075,9.268609564757712,3.0631633695312925,1.151176989409859
672.0896119482597,9.283723524566941,9.283723524566941,9.271841714880116,9.25926479594366,2.5631633695312925,1.651176989409859
672.2896386184824,9.279735538073831,9.279735538073831,9.257042654367016,9.24512700805566,2.0631633695312925,1.151176989409859
672.4896652887052,9.275774406653614,9.275774406653614,9.247977948189487,9.231138839937493,2.5631633695312925,1.1977609787861292
672.6896919589278,9.271840169411487,9.271840169411487,9.247119860023963,9.22108458734115,3.0631633695312925,1.6977609787861292
672.8897186291505,9.267932865187138,9.267932865187138,9.250565763709567,9.206444620474537,3.5631633695312925,1.1977609787861292
673.0897452993732,9.264052532554366,9.264052532554366,9.254115582414883,9.195132058019915,3.0631633695312925,1.6977609787861292
673.2897719695959,9.260199209820708,9.260199209820708,9.249266967965461,9.19308085954285,2.5631633695312925,2.197760978786129
673.4897986398186,9.256372935027045,9.256372935027045,9.253482604852339,9.197130062835805,3.0631633695312925,2.697760978786129
673.6898253100413,9.252573745947231,9.252573745947231,9.251926133434651,9.202162151215072,2.5631633695312925,3.197760978786129
673.889851980264,9.248801680087738,9.248801680087738,9.254832240943953,9.21200059281801,3.0631633695312925,3.140697899226275
674.0898786504868,9.245056774687257,9.245056774687257,9.26301255685311,9.211668001483517,3.2668927460925468,2.640697899226275
674.2899053207094,9.241339066716353,9.241339066716353,9.264377171050342,9.204712977182421,2.7668927460925468,2.140697899226275
674.4899319909321,9.237648592877092,9.237648592877092,9.251032216298388,9.195824016656813,2.2668927460925468,2.086881038980671
674.6899586611548,9.233985389602669,9.233985389602669,9.243610301531065,9.184415719551337,2.561959619225129,1.5868810389806711
674.8899853313775,9.23034949305707,9.23034949305707,9.239845312863137,9.17608688650149,2.784203757357412,1.744071696582488
675.0900120016001,9.226740939134697,9.226740939134697,9.238418852594481,9.174196127327802,2.6457337534515175,2.244071696582488
675.2900386718229,9.223159763460014,9.223159763460014,9.224288714821265,9.179335872067405,2.1457337534515175,2.744071696582488
675.4900653420456,9.219606001387213,9.219606001387213,9.215854195358725,9.191279775895016,2.1753824184477226,3.244071696582488
675.6900920122682,9.216079687999844,9.216079687999844,9.2097955499859,9.210070066153893,2.5010564715869816,3.744071696582488
675.890118682491,9.212580858110476,9.212580858110476,9.193894918922911,9.217790212299883,2.0010564715869816,3.244071696582488
676.0901453527136,9.209109546260363,9.209109546260363,9.169049138749786,9.218576480253358,1.5010564715869816,2.744071696582488
676.2901720229364,9.205665786719084,9.205665786719084,9.151893287955337,9.216351221630536,1.823311890072639,2.244071696582488
676.4901986931591,9.202249613484227,9.202249613484227,9.139661483858474,9.213106459189195,2.080964507362852,2.165651807628016
676.6902253633817,9.198861060281029,9.198861060281029,9.133888699762313,9.215766978451182,2.580964507362852,2.665651807628016
676.8902520336045,9.195500160562066,9.195500160562066,9.124002124685203,9.212619585539569,2.080964507362852,2.165651807628016
677.0902787038272,9.192166947506909,9.192166947506909,9.119990063965211,9.201064503818863,2.580964507362852,1.665651807628016
677.2903053740498,9.188861454021799,9.188861454021799,9.122840981984655,9.199643454814074,3.080964507362852,2.165651807628016
677.4903320442726,9.185583712739321,9.185583712739321,9.132912196474567,9.192538544932178,3.142248324674528,1.665651807628016
677.6903587144952,9.18233375601809,9.18233375601809,9.147404501176029,9.174633213192681,3.642248324674528,1.306897209738259
677.8903853847179,9.179111615942421,9.179111615942421,9.153444229841963,9.165131716277127,3.142248324674528,1.806897209738259
678.0904120549407,9.175917324322018,9.175917324322018,9.16696311906196,9.163547751877587,3.4563961177828144,2.306897209738259
678.2904387251633,9.172750912691658,9.172750912691658,9.17010511231793,9.160299725178374,2.9563961177828144,1.9792188273100144
678.490465395386,9.16961241231088,9.16961241231088,9.160515156670266,9.160090263829451,2.4563961177828144,2.4792188273100146
678.6904920656087,9.166501854163677,9.166501854163677,9.16671333848027,9.153247497219251,2.9563961177828144,1.9792188273100146
678.8905187358314,9.163419268958194,9.163419268958194,9.162905863826191,9.144865182574229,2.527735140874648,1.8191593412768325
679.0905454060542,9.160364687126412,9.160364687126412,9.153552997298407,9.131939583187185,2.272366663619903,1.3191593412768325
679.2905720762768,9.157338138823865,9.157338138823865,9.13483139532031,9.122004700912644,1.772366663619903,1.8191593412768325
679.4905987464995,9.15433965392933,9.15433965392933,9.120388292781925,9.124942687417574,2.272366663619903,2.3191593412768325
679.6906254167222,9.151369262044533,9.151369262044533,9.104742419419756,9.131972485944878,1.9021900802727347,2.8191593412768325
679.8906520869449,9.148426992493867,9.148426992493867,9.09678651277884,9.142922774831552,2.4021900802727347,3.3191593412768325
680.0906787571676,9.145512874324085,9.145512874324085,9.078061106827265,9.148973373352701,1.9021900802727347,2.8191593412768325
680.2907054273903,9.14262693630403,9.14262693630403,9.05627595632712,9.14750896867264,1.4021900802727347,2.5751886856519137
680.490732097613,9.139769206924342,9.139769206924342,9.033907247470818,9.141763769148918,1.6050069610373001,2.0751886856519137
680.6907587678356,9.13693971439718,9.13693971439718,9.020628447725556,9.128211554328507,2.1050069610373,1.5751886856519137
680.8907854380584,9.134138486655939,9.134138486655939,9.0193355895045,9.126989875096687,2.6050069610373,2.0751886856519137
681.090812108281,9.13136555135498,9.13136555135498,9.025602376052323,9.114986862105864,3.084342530869579,1.5751886856519137
681.2908387785038,9.128620935869357,9.128620935869357,9.037739261760658,9.108484617536785,3.584342530869579,2.0751886856519137
681.4908654487265,9.125904667294542,9.125904667294542,9.047791425920344,9.109775682868236,3.084342530869579,2.5751886856519137
681.6908921189491,9.123216772446156,9.123216772446156,9.047169272563243,9.120100913238824,2.900151888434388,3.0751886856519137
681.8909187891719,9.120557277859714,9.120557277859714,9.05328849460227,9.130440284308772,3.059923493058879,3.5273624761745275
682.0909454593946,9.117926209790353,9.117926209790353,9.05645731587387,9.137869283353973,2.8568871449884243,3.0273624761745275
682.2909721296172,9.115323594212583,9.115323594212583,9.047599760689192,9.135005700185443,2.3568871449884243,2.5273624761745275
682.49099879984,9.112749456820016,9.112749456820016,9.04163359045307,9.12608112854093,2.3872210116003822,2.0273624761745275
682.6910254700626,9.110203823025124,9.110203823025124,9.024047478470234,9.112810838960499,1.8872210116003822,1.5273624761745275
682.8910521402853,9.107686717958991,9.107686717958991,9.02223843823326,9.105134787093013,2.3872210116003822,2.0273624761745275
683.0910788105081,9.10519816647105,9.10519816647105,9.027541706286694,9.090010212539562,2.8872210116003822,1.5273624761745275
683.2911054807307,9.102738193128854,9.102738193128854,9.040364175982669,9.082189709525522,3.3872210116003822,1.8389808871989834
683.4911321509534,9.100306822217819,9.100306822217819,9.043973629293093,9.068290817580285,2.8872210116003822,1.3389808871989834
683.6911588211761,9.097904077740994,9.097904077740994,9.032001769464754,9.054392195583702,2.3872210116003822,1.25069404056871
683.8911854913988,9.095529983418826,9.095529983418826,9.03262820809225,9.04250195168721,2.867548181289055,1.75069404056871
684.0912121616216,9.093184562688915,9.093184562688915,9.038549280528725,9.035849200214773,3.367548181289055,2.25069404056871
684.2912388318442,9.090867838705789,9.090867838705789,9.037603474471016,9.039730020065853,2.867548181289055,2.75069404056871
684.4912655020669,9.088579834340681,9.088579834340681,9.028795505804574,9.036261375168873,2.367548181289055,2.3364401540226027
684.6912921722896,9.08632057218129,9.08632057218129,9.03289735158759,9.041445320287464,2.867548181289055,2.8364401540226027
684.8913188425123,9.08409007453157,9.08409007453157,9.024031590354463,9.050271232081457,2.367548181289055,3.2229659557570343
685.091345512735,9.081888363411503,9.081888363411503,9.017151736282083,9.06816573212238,2.5178117296355382,3.7229659557570343
685.2913721829577,9.079715460556885,9.079715460556885,9.020173980438537,9.077152626710348,2.6404097752196165,3.2229659557570343
685.4913988531804,9.077571387419113,9.077571387419113,9.02706195674518,9.086370429792904,3.1404097752196165,3.5090624079428188
685.691425523403,9.075456165164962,9.075456165164962,9.029190487038834,9.089393425055299,2.6404097752196165,3.0090624079428188
685.8914521936258,9.073369814676392,9.073369814676392,9.015859275663688,9.086302732870983,2.1404097752196165,2.5090624079428188
686.0914788638485,9.071312356550335,9.071312356550335,9.008852193173,9.0837835333965,2.6404097752196165,2.0090624079428188
686.2915055340712,9.069283811098483,9.069283811098483,9.016060493951931,9.0754220489543,3.1404097752196165,1.909174004694104
686.4915322042939,9.067284198347107,9.067284198347107,9.029982047695711,9.078066538809384,3.428423925889018,2.409174004694104
686.6915588745165,9.065313538036838,9.065313538036838,9.030771750146465,9.080096947951853,2.928423925889018,2.602887560606385
686.8915855447393,9.063371849622483,9.063371849622483,9.04156585054175,9.074148375960375,3.428423925889018,2.1237602578682147
687.091612214962,9.061459152272839,9.061459152272839,9.061129552263777,9.075704419410894,3.928423925889018,2.6237602578682147
687.2916388851846,9.059575464870486,9.059575464870486,9.089141791027219,9.087526308278898,4.4284239258890175,3.1237602578682147
687.4916655554074,9.05772080601162,9.05772080601162,9.108227095390157,9.086810355505838,3.9284239258890175,2.6237602578682147
687.69169222563,9.05589519400586,9.05589519400586,9.115603600397051,9.083471805231877,3.4284239258890175,2.1237602578682147
687.8917188958527,9.05409864687606,9.05409864687606,9.11575946984285,9.076326603551601,2.9284239258890175,1.6237602578682147
688.0917455660755,9.052331182358149,9.052331182358149,9.108264175153233,9.070885076089457,2.4284239258890175,2.1237602578682147
688.2917722362981,9.050592817900936,9.050592817900936,9.099672318115442,9.062995159881977,2.372851949465429,1.7209315606137037
688.4917989065208,9.048883570665957,9.048883570665957,9.101814765945194,9.045098092181812,2.872851949465429,1.2209315606137037
688.6918255767436,9.047203457527287,9.047203457527287,9.095057298345997,9.03478084815549,2.372851949465429,1.7209315606137037
688.8918522469662,9.04555249507139,9.04555249507139,9.102143427447839,9.0195272735448,2.872851949465429,1.2209315606137037
689.091878917189,9.043930699596947,9.043930699596947,9.095038429608284,9.011364963167416,2.372851949465429,1.7209315606137037
689.2919055874116,9.042338087114691,9.042338087114691,9.094936349022705,9.007138430596664,2.7626929051574303,2.2209315606137037
689.4919322576343,9.040774673347258,9.040774673347258,9.087181398078538,9.001907582244064,2.2626929051574303,1.7209315606137037
689.6919589278571,9.039240473729024,9.039240473729024,9.087203587283552,8.99992056629314,2.7626929051574303,2.2209315606137037
689.8919855980797,9.03773550340596,9.03773550340596,9.075774363707078,8.997098084778566,2.2626929051574303,2.1228675589938106
690.0920122683024,9.036259777235479,9.036259777235479,9.064715571847703,9.002231569623353,1.7714579270697968,2.6228675589938106
690.2920389385251,9.034813309786283,9.034813309786283,9.059635885513673,9.010537691767116,2.2714579270697968,3.1228675589938106
690.4920656087478,9.033396115338233,9.033396115338233,9.050251382859555,9.014511221686751,2.071793318817795,2.6228675589938106
690.6920922789704,9.032008207882196,9.032008207882196,9.03539472960302,9.020962599589096,1.9083619428593808,3.1228675589938106
690.8921189491932,9.030649601119912,9.030649601119912,9.030160148511122,9.023558385584014,2.408361942859381,2.6228675589938106
691.0921456194159,9.029320308463856,9.029320308463856,9.025440364818573,9.03506407050707,2.3315801658938686,3.1228675589938106
691.2921722896386,9.02802034303711,9.02802034303711,9.005655894429085,9.041621899390167,1.8315801658938686,2.6228675589938106
691.4921989598613,9.02674971767323,9.02674971767323,8.995370508956375,9.042392949607212,2.2092099028805987,2.3723133337973104
691.692225630084,9.02550844491612,9.02550844491612,8.978544028973861,9.048016981923299,1.7092099028805987,2.8207447655393234
691.8922523003067,9.02429653701991,9.02429653701991,8.968029737835055,9.04615943521548,2.2092099028805987,2.3207447655393234
692.0922789705294,9.023114005948832,9.023114005948832,8.968249075429375,9.039910048908162,2.7092099028805987,1.8207447655393234
692.292305640752,9.021960863377101,9.021960863377101,8.973040439917906,9.02795801107913,3.2092099028805987,1.6073394739349633
692.4923323109748,9.020837120688805,9.020837120688805,8.987651615341623,9.010417784219555,3.7092099028805987,1.1073394739349633
692.6923589811975,9.01974278897779,9.01974278897779,9.010779574040972,8.989408194772775,4.12051512333478,0.8884107028053334
692.8923856514201,9.018677879047548,9.018677879047548,9.036451761284019,8.977246528780233,4.175959188376912,1.3884107028053334
693.0924123216429,9.017642401411111,9.017642401411111,9.051400887073969,8.973795599314766,3.675959188376912,1.8884107028053334
693.2924389918655,9.016636366290955,9.016636366290955,9.058169516498937,8.961313563971341,3.175959188376912,1.3884107028053334
693.4924656620882,9.015659783618888,9.015659783618888,9.067560273500645,8.952320828783957,3.016968674283048,1.8884107028053334
693.692492332311,9.014712663035954,9.014712663035954,9.06461425031247,8.953393643524517,2.516968674283048,2.3884107028053334
693.8925190025336,9.01379501389235,9.01379501389235,9.048006196958331,8.954512053748044,2.016968674283048,2.614849349555788
694.0925456727564,9.012906845247313,9.012906845247313,9.033498355023832,8.949326197014992,1.8876174393415184,2.117320598652752
694.292572342979,9.01204816586905,9.01204816586905,9.025508864895,8.95187539323454,2.3876174393415184,2.617320598652752
694.4925990132017,9.011218984234638,9.011218984234638,9.027389243194124,8.95913910077986,2.8876174393415184,3.117320598652752
694.6926256834245,9.010419308529949,9.010419308529949,9.024234417758729,8.962163352481786,2.3876174393415184,2.8885059248934635
694.8926523536471,9.009649146649565,9.009649146649565,9.010208796670787,8.975567729376587,1.8876174393415184,3.3178234087830374
695.0926790238698,9.008908506196697,9.008908506196697,9.003422624775448,8.980209159938996,2.3876174393415184,2.8178234087830374
695.2927056940925,9.008197394483123,9.008197394483123,9.006244332187057,8.991132886171586,2.8876174393415184,3.3178234087830374
695.4927323643152,9.007515818529093,9.007515818529093,9.01375827791089,9.008083132940119,3.2671261919340493,3.8178234087830374
695.6927590345379,9.006863785063288,9.006863785063288,9.01355596209621,9.023037710868842,2.7671261919340493,3.3178234087830374
695.8927857047606,9.006241300522726,9.006241300522726,9.01166638018566,9.031995187802634,2.6332579505178697,2.8178234087830374
696.0928123749833,9.00564837105272,9.00564837105272,8.998212150000882,9.044057080424622,2.1332579505178697,3.3178234087830374
696.292839045206,9.005085002506803,9.005085002506803,8.998665076733161,9.052566804935307,2.6332579505178697,3.1351409888731134
696.4928657154287,9.00455120044668,9.00455120044668,9.002095587892745,9.056178466852952,3.1332579505178697,2.6351409888731134
696.6928923856514,9.004046970142166,9.004046970142166,9.000785938852912,9.064188293904966,2.6332579505178697,3.1351409888731134
696.8929190558741,9.00357231657114,9.00357231657114,8.99179596696999,9.081296883204956,2.377394971700234,3.500643742285282
697.0929457260968,9.003127244419487,9.003127244419487,8.978154999318107,9.0861546107671,1.8773949717002338,3.000643742285282
697.2929723963194,9.002711758081062,9.002711758081062,8.956658840332377,9.083823951506043,1.3773949717002338,2.5016141631923117
697.4929990665422,9.002325861657642,9.002325861657642,8.94900360169519,9.080156251917732,1.8773949717002338,2.0016141631923117
697.6930257367649,9.001969558958887,9.001969558958887,8.943072271010687,9.080619375777164,2.377394971700234,2.5016141631923117
697.8930524069875,9.001642853502295,9.001642853502295,8.941059638775858,9.07546122813002,2.877394971700234,2.0016141631923117
698.0930790772103,9.001345748513177,9.001345748513177,8.93653875594694,9.06444476890283,2.377394971700234,1.5016141631923117
698.293105747433,9.001078246924624,9.001078246924624,8.941025232046591,9.058171659702255,2.877394971700234,2.0016141631923117
698.4931324176556,9.000840351377473,9.000840351377473,8.944132771045064,9.047018585498503,2.8179966502796145,1.5016141631923117
698.6931590878784,9.000632064220282,9.000632064220282,8.953066524805118,9.039364466750142,3.3179966502796145,2.0016141631923117
698.893185758101,9.000453387509308,9.000453387509308,8.969313112919156,9.02344928473876,3.581375024632678,1.5016141631923117
699.0932124283238,9.000304323008491,9.000304323008491,8.990947604324882,9.021099277960795,4.081375024632678,2.0016141631923117
699.2932390985465,9.000184872189427,9.000184872189427,9.006361962240453,9.021311861323221,3.5813750246326777,2.4643209609099253
699.4932657687691,9.000095036231365,9.000095036231365,9.012406801037576,9.016908778701968,3.0813750246326777,1.9643209609099253
699.6932924389919,9.000034816021184,9.000034816021184,9.010814214298762,9.012935491864393,2.5870573157638383,2.045200372755207
699.8933191092145,9.000004212153392,9.000004212153392,8.993890281542457,9.003765343668078,2.102432171946439,1.545200372755207
700.0933457794372,9.000003224930117,9.000003224930117,8.992349556671323,8.999364648942258,2.602432171946439,2.045200372755207
700.29337244966,9.000031854361108,9.000031854361108,9.002938345412971,8.998742024819721,3.102432171946439,2.247532853762298
700.4933991198826,9.000090100163725,9.000090100163725,9.001405949607856,8.991112522362657,2.7606254480320427,1.7475328537622978
700.6934257901053,9.000177961762951,9.000177961762951,8.996610332336592,8.990132301215162,2.2606254480320427,2.247532853762298
700.893452460328,9.000295438291403,9.000295438291403,8.995618009452343,8.992845378642969,2.7606254480320427,2.747532853762298
701.0934791305507,9.000442528589318,9.000442528589318,8.99336253278011,9.005631293202748,2.530508235053007,3.247532853762298
701.2935058007735,9.000619231204592,9.000619231204592,8.997924290108797,9.012196551313574,2.843194305829712,2.747532853762298
701.4935324709961,9.000825544392775,9.000825544392775,8.99183563732178,9.007398734165637,2.343194305829712,2.247532853762298
701.6935591412188,9.001061466117097,9.001061466117097,8.97770943893845,9.002810035317932,1.9703228337469338,1.981310158196997
701.8935858114415,9.001326994048483,9.001326994048483,8.976943531509123,9.008735185438088,2.4703228337469336,2.481310158196997
702.0936124816642,9.00162212556558,9.00162212556558,8.977974802461754,9.005199881828066,2.9703228337469336,1.981310158196997
702.2936391518869,9.001946857754785,9.001946857754785,8.995131238557455,8.993279432206437,3.4703228337469336,1.7253002283681187
702.4936658221096,9.002301187410264,9.002301187410264,9.01372409861735,8.987532456032165,3.9703228337469336,2.225300228368119
702.6936924923323,9.002685111033998,9.002685111033998,9.029555161899827,8.979597297679431,3.6951184911366863,1.725300228368119
702.8937191625549,9.0030986248358,9.0030986248358,9.036551325905114,8.978927357726048,3.1951184911366863,2.225300228368119
703.0937458327777,9.003541724733372,9.003541724733372,9.039454027671953,8.982665794042111,2.6951184911366863,2.725300228368119
703.2937725030004,9.004014406352328,9.004014406352328,9.048094551131861,8.99328162427575,3.1951184911366863,3.1218428697227276
703.493799173223,9.004516665026246,9.004516665026246,9.050068859563584,8.995001667887092,2.6951184911366863,2.755143631294385
703.6938258434458,9.005048495796718,9.005048495796718,9.039508427015548,9.002592808353034,2.1951184911366863,3.255143631294385
703.8938525136684,9.005609893413382,9.005609893413382,9.01928767081089,9.012285582132861,1.6951184911366863,3.0796785837354066
704.0938791838912,9.006200852333999,9.006200852333999,9.013051410062785,9.014551513301676,2.1951184911366863,2.5796785837354066
704.2939058541139,9.006821366724484,9.006821366724484,8.998460211867616,9.011577136294928,1.6951184911366863,2.2046292325750394
704.4939325243365,9.007471430458976,9.007471430458976,8.993002238221226,9.003513978181799,2.1951184911366863,1.8917191277795167
704.6939591945593,9.0081510371199,9.0081510371199,8.979858402619758,8.999910366330084,1.8957713375825858,2.391719127779517
704.8939858647819,9.008860179998022,9.008860179998022,8.96843269549147,9.002597378290126,2.2455770143192155,2.891719127779517
705.0940125350046,9.009598852092521,9.009598852092521,8.958479075091699,9.016589284289433,2.0626484729711225,3.391719127779517
705.2940392052274,9.01036704611106,9.01036704611106,8.952463948233234,9.01910531333758,2.320230348269436,2.891719127779517
705.49406587545,9.01116475446985,9.01116475446985,8.956998205578,9.016594804615577,2.820230348269436,2.391719127779517
705.6940925456727,9.011991969293728,9.011991969293728,8.967056202401409,9.024685172814877,3.1750252560752483,2.891719127779517
705.8941192158954,9.012848682416246,9.012848682416246,8.984998387328542,9.036356674396865,3.6750252560752483,3.391719127779517
706.0941458861181,9.013734885379733,9.013734885379733,8.99235803127675,9.04184973791281,3.1750252560752483,2.891719127779517
706.2941725563409,9.014650569435393,9.014650569435393,8.98850874452228,9.046867447629173,2.6750252560752483,2.8464811357369686
706.4941992265635,9.01559572554338,9.01559572554338,8.99541594054779,9.053684020043688,3.1750252560752483,3.0843800262569445
706.6942258967862,9.016570344372898,9.016570344372898,8.996606933396121,9.05716343224208,2.6750252560752483,2.5843800262569445
706.894252567009,9.017574416302288,9.017574416302288,8.997572439965987,9.064551801279741,2.7866807542391983,3.0843800262569445
707.0942792372316,9.018607931419123,9.018607931419123,8.989042892613767,9.065200308986066,2.2866807542391983,2.5843800262569445
707.2943059074543,9.019670879520303,9.019670879520303,8.992313246663928,9.060745114302732,2.7866807542391983,2.0843800262569445
707.494332577677,9.020763250112164,9.020763250112164,9.002402310388286,9.060410665722745,3.0813280225186617,2.4802587797677393
707.6943592478997,9.021885032410573,9.021885032410573,9.017640022368932,9.067960444773995,3.5813280225186617,2.911487717405267
707.8943859181223,9.023036215341035,9.023036215341035,9.02408200547246,9.069918010356202,3.0813280225186617,2.567964723432223
708.0944125883451,9.024216787538816,9.024216787538816,9.040736114284154,9.077455867780216,3.5813280225186617,3.067964723432223
708.2944392585678,9.02542673734903,9.02542673734903,9.049919295759741,9.082036627102019,3.417983630956253,2.567964723432223
708.4944659287905,9.026666052826778,9.026666052826778,9.06953630483185,9.077813317456101,3.845613632368544,2.067964723432223
708.6944925990132,9.027934721737257,9.027934721737257,9.08033004244419,9.067765115931326,3.345613632368544,1.567964723432223
708.8945192692358,9.029232731555872,9.029232731555872,9.083836297142279,9.05106939410687,2.9757376791685344,1.067964723432223
709.0945459394586,9.030560069468379,9.030560069468379,9.098126384810808,9.040214627520475,3.4757376791685344,1.567964723432223
709.2945726096813,9.031916722370992,9.031916722370992,9.11615132299986,9.029731232554875,3.9757376791685344,1.439547758278847
709.4945992799039,9.033302676870523,9.033302676870523,9.13087254541259,9.02715560701212,3.4757376791685344,1.939547758278847
709.6946259501267,9.034717919284514,9.034717919284514,9.13265331371137,9.01293203215028,2.9757376791685344,1.4869604535743952
709.8946526203493,9.036162435641366,9.036162435641366,9.126085823100865,9.004385154767593,2.4757376791685344,1.9869604535743952
710.094679290572,9.037636211680482,9.037636211680482,9.111145438335587,9.00256627655821,1.9757376791685344,2.486960453574395
710.2947059607948,9.039139232852412,9.039139232852412,9.111082657904507,9.010978864143674,2.4757376791685344,2.986960453574395
710.4947326310174,9.040671484318985,9.040671484318985,9.117353491910922,9.017607715130108,2.9757376791685344,2.812309220855447
710.6947593012401,9.042232950953462,9.042232950953462,9.131030575446866,9.016246928381149,3.4757376791685344,2.312309220855447
710.8947859714629,9.043823617340692,9.043823617340692,9.137980510124148,9.02028284564071,3.3987400807308394,2.812309220855447
711.0948126416855,9.045443467777249,9.045443467777249,9.140281025277579,9.030006821144166,2.8987400807308394,3.312309220855447
711.2948393119083,9.0470924862716,9.0470924862716,9.138170895997325,9.03355919534141,2.3987400807308394,2.812309220855447
711.4948659821309,9.048770656544256,9.048770656544256,9.13324585828712,9.037965790421005,2.397824069614013,2.79734605434778
711.6948926523536,9.05047796202794,9.05047796202794,9.135603446368602,9.04904682921533,2.897824069614013,3.29734605434778
711.8949193225764,9.052214385867739,9.052214385867739,9.132515192497639,9.061105338956803,2.397824069614013,3.4674930793141594
712.094945992799,9.05397991092128,9.05397991092128,9.133212638540623,9.073570835444084,2.897824069614013,3.5518206196981006
712.2949726630217,9.055774519758895,9.055774519758895,9.127928876553277,9.096895306479235,2.397824069614013,3.9749526397619293
712.4949993332444,9.0575981946638,9.0575981946638,9.119100750998758,9.109130676114258,1.8978240696140132,3.4749526397619293
712.6950260034671,9.059450917632251,9.059450917632251,9.097154393483263,9.115107383246315,1.3978240696140132,2.9749526397619293
712.8950526736897,9.06133267037375,9.06133267037375,9.06669499028027,9.113770445688312,0.9629701938296408,2.4749526397619293
713.0950793439125,9.0632434343112,9.0632434343112,9.044016567907342,9.121561793018321,1.4629701938296407,2.9749526397619293
713.2951060141352,9.065183190581106,9.065183190581106,9.031353401734874,9.126365744817456,1.9629701938296407,2.8915045957828145
713.4951326843579,9.067151920033746,9.067151920033746,9.030439135763976,9.1332498451137,2.4629701938296407,3.103182153986212
713.6951593545806,9.069149603233374,9.069149603233374,9.025876760617237,9.14209154572635,2.6592754207021634,3.293879889972667
713.8951860248033,9.071176220458407,9.071176220458407,9.033206800521395,9.147268353843772,3.1592754207021634,2.905985417607585
714.095212695026,9.073231751701615,9.073231751701615,9.048606557201683,9.152362357083808,3.6592754207021634,2.941981956579185
714.2952393652487,9.07531617667032,9.07531617667032,9.076241858964746,9.155469595249526,4.029955474497363,2.8864866542885093
714.4952660354713,9.077429474786607,9.077429474786607,9.099946606256081,9.164630055312932,4.057532235489079,3.2922440595820137
714.6952927056941,9.079571625187512,9.079571625187512,9.115122898367238,9.164321532507522,3.557532235489079,2.7922440595820137
714.8953193759168,9.081742606725236,9.081742606725236,9.125480873515821,9.16418624381749,3.057532235489079,2.2922440595820137
715.0953460461394,9.083942397967352,9.083942397967352,9.139233063252812,9.155283504617108,3.557532235489079,1.7922440595820137
715.2953727163622,9.08617097719702,9.08617097719702,9.14089596057414,9.142864680134572,3.057532235489079,1.2922440595820137
715.4953993865848,9.088428322413193,9.088428322413193,9.155632990267662,9.12376544024236,3.557532235489079,0.7922440595820137
715.6954260568075,9.090714411330847,9.090714411330847,9.170953536009854,9.10694025554139,3.4788313734680036,1.2922440595820137
715.8954527270303,9.093029221381185,9.093029221381185,9.17539606323723,9.092792628419108,2.9788313734680036,1.3947521216997167
716.0954793972529,9.095372729711874,9.095372729711874,9.190663869950143,9.07389076027593,3.4788313734680036,0.8947521216997167
716.2955060674757,9.097744913187267,9.097744913187267,9.20980434643686,9.058160077338576,3.9788313734680036,1.0960136347279779
716.4955327376983,9.10014574838862,9.10014574838862,9.238612551096342,9.048760403106607,4.478831373468004,1.5960136347279779
716.695559407921,9.102575211614345,9.102575211614345,9.263403854847944,9.02889380400213,3.9788313734680036,1.0960136347279779
716.8955860781438,9.105033278880224,9.105033278880224,9.276462317754676,9.022302031004532,3.4788313734680036,1.5960136347279779
717.0956127483664,9.10751992591965,9.10751992591965,9.279303415811777,9.01865607345075,2.9788313734680036,1.9083879851981718
717.2956394185891,9.110035128183881,9.110035128183881,9.273700460448614,9.015293048624146,2.4788313734680036,2.4083879851981718
717.4956660888118,9.112578860842262,9.112578860842262,9.263266066291996,9.02136721932963,2.3266540285064123,2.9083879851981718
717.6956927590345,9.115151098782484,9.115151098782484,9.260436232519565,9.034902421727944,2.7229919292867133,3.4083879851981718
717.8957194292572,9.117751816610822,9.117751816610822,9.25345963585156,9.05341074106111,2.2229919292867133,3.9083879851981718
718.0957460994799,9.1203809886524,9.1203809886524,9.235943096894339,9.067764251055003,1.7229919292867133,3.4083879851981718
718.2957727697026,9.123038588951426,9.123038588951426,9.224521196340762,9.081320252844494,2.2229919292867133,3.465986808975359
718.4957994399253,9.125724591271467,9.125724591271467,9.216199351900357,9.101293433154973,2.2817455689733626,3.927849601752297
718.695826110148,9.128438969095688,9.128438969095688,9.200791665608223,9.111673504618732,1.7817455689733626,3.427849601752297
718.8958527803707,9.131181695627133,9.131181695627133,9.195987568694068,9.12924915109572,2.2817455689733626,3.927849601752297
719.0958794505934,9.13395274378898,9.13395274378898,9.192078601280988,9.156046510640849,2.325839488170342,4.427849601752297
719.2959061208161,9.136752086224803,9.136752086224803,9.175436013295206,9.182426531878022,1.8258394881703421,4.66824654548751
719.4959327910387,9.13957969529886,9.13957969529886,9.153441713521541,9.202153436748748,1.3258394881703421,4.16824654548751
719.6959594612615,9.142435543096342,9.142435543096342,9.138465059351967,9.219994100651832,1.571514926606936,3.891872106491215
719.8959861314842,9.145319601423669,9.145319601423669,9.133176949666005,9.229940423451962,2.0715149266069357,3.391872106491215
720.0960128017068,9.148231841808755,9.148231841808755,9.130990198455274,9.251387719394781,2.5715149266069357,3.891872106491215
720.2960394719296,9.151172235501303,9.151172235501303,9.137436624193885,9.276726824976324,3.0715149266069357,4.391872106491215
720.4960661421522,9.154140753473067,9.154140753473067,9.142290685294535,9.293157393324366,3.059598735460235,3.891872106491215
720.6960928123749,9.157137366418162,9.157137366418162,9.15476108484039,9.306417845177027,3.355214085953489,3.391872106491215
720.8961194825977,9.160162044753342,9.160162044753342,9.157000752031768,9.314388961366388,2.8781634787041357,2.891872106491215
721.0961461528203,9.163214758618285,9.163214758618285,9.154155112793429,9.315377840073145,2.3781634787041357,2.391872106491215
721.2961728230431,9.166295477875906,9.166295477875906,9.156878683623189,9.318277095873025,2.8781634787041357,2.891872106491215
721.4961994932657,9.169404172112639,9.169404172112639,9.153510266409251,9.317913006451356,2.3781634787041357,2.391872106491215
721.6962261634884,9.172540810638742,9.172540810638742,9.160485537151892,9.309218248947111,2.8781634787041357,1.8918721064912152
721.8962528337112,9.175705362488603,9.175705362488603,9.17370343386559,9.29752672418321,3.3781634787041357,1.3918721064912152
722.0962795039338,9.178897796421044,9.178897796421044,9.181040198698913,9.286690835466919,2.8781634787041357,1.8918721064912152
722.2963061741565,9.182118080919622,9.182118080919622,9.194104151883627,9.273601507344107,3.3781634787041357,1.3918721064912152
722.4963328443793,9.185366184192961,9.185366184192961,9.203241506811851,9.254061714243726,3.148425189495446,0.8918721064912152
722.6963595146019,9.188642074175032,9.188642074175032,9.207703246242508,9.234939098196914,2.997366496074661,0.9371817292305493
722.8963861848246,9.191945718525508,9.191945718525508,9.221693698532993,9.224096256753315,3.497366496074661,1.4371817292305493
723.0964128550473,9.195277084630055,9.195277084630055,9.24194595677509,9.210714133580401,3.997366496074661,1.4857190033386194
723.29643952527,9.19863613960066,9.19863613960066,9.27135831301738,9.1952364193471,4.497366496074661,1.0864272625465896
723.4964661954928,9.20202285027597,9.20202285027597,9.30808562211548,9.185122431199568,4.997366496074661,1.5864272625465896
723.6964928657154,9.205437183221601,9.205437183221601,9.338973003565268,9.16987146198149,4.497366496074661,1.0864272625465896
723.8965195359381,9.208879104730475,9.208879104730475,9.361623270759203,9.159749987625453,3.997366496074661,1.5864272625465896
724.0965462061608,9.212348580823157,9.212348580823157,9.371739938415233,9.154343688418136,3.497366496074661,2.0864272625465894
724.2965728763835,9.215845577248187,9.215845577248187,9.38802976116384,9.1573888911835,3.6629108033889395,2.5864272625465894
724.4965995466061,9.219370059482417,9.219370059482417,9.399140702305546,9.166078953502348,3.1629108033889395,3.0864272625465894
724.6966262168289,9.222921992731349,9.222921992731349,9.400295648498773,9.166394503091587,2.6629108033889395,2.6581248198013294
724.8966528870516,9.226501341929486,9.226501341929486,9.401537247873977,9.176530566168728,2.7347324690722705,3.1581248198013294
725.0966795572742,9.230108071740677,9.230108071740677,9.394802135502133,9.180817289267962,2.2347324690722705,2.686695843403105
725.296706227497,9.233742146558459,9.233742146558459,9.380827163593946,9.190054174410992,1.7347324690722705,3.186695843403105
725.4967328977197,9.237403530506413,9.237403530506413,9.369725687970536,9.195670335626126,2.2347324690722705,2.686695843403105
725.6967595679423,9.241092187438522,9.241092187438522,9.351934414528234,9.204131625455377,1.7347324690722705,3.186695843403105
725.8967862381651,9.244808080939519,9.244808080939519,9.348615107357775,9.218437271828487,2.2347324690722705,3.686695843403105
726.0968129083877,9.248551174325254,9.248551174325254,9.350692959494904,9.239652033314343,2.7347324690722705,4.186695843403105
726.2968395786105,9.252321430643054,9.252321430643054,9.343835193780352,9.268882329859295,2.2347324690722705,4.686695843403105
726.4968662488332,9.256118812672085,9.256118812672085,9.345179275566302,9.29689183860209,2.7347324690722705,4.800913444191337
726.6968929190558,9.259943282923723,9.259943282923723,9.339351669073345,9.320874092610406,2.2347324690722705,4.300913444191337
726.8969195892786,9.263794803641927,9.263794803641927,9.331527561857394,9.334975700387531,2.0534309013763474,3.8009134441913366
727.0969462595012,9.267673336803597,9.267673336803597,9.31377436500567,9.34479298036987,1.5534309013763474,3.3009134441913366
727.2969729297239,9.27157884411897,9.27157884411897,9.287567332730239,9.361741054041287,1.0536917598166582,3.6638370896044554
727.4969995999467,9.275511287031991,9.275511287031991,9.271770276669688,9.373720029026673,1.5536917598166582,3.1638370896044554
727.6970262701693,9.279470626720672,9.279470626720672,9.260821340776774,9.37724733979214,2.053691759816658,2.8612348838098445
727.897052940392,9.283456824097511,9.283456824097511,9.255348279889988,9.374276512141371,2.553691759816658,2.3612348838098445
728.0970796106147,9.28746983980986,9.28746983980986,9.261442365340411,9.38368479043368,3.053691759816658,2.8612348838098445
728.2971062808374,9.291509634240304,9.291509634240304,9.280458449788068,9.384300558675427,3.553691759816658,2.3612348838098445
728.4971329510602,9.295576167507075,9.295576167507075,9.301464166769302,9.389639197331231,4.053691759816658,2.8612348838098445
728.6971596212828,9.29966939946442,9.29966939946442,9.3205663462529,9.390170050669418,3.553691759816658,2.3612348838098445
728.8971862915055,9.303789289703019,9.303789289703019,9.346164827287883,9.395485050811887,4.053691759816658,2.8612348838098445
729.0972129617282,9.307935797550378,9.307935797550378,9.373735400138909,9.392958337396259,4.269324255121023,2.3612348838098445
729.2972396319509,9.312108882071216,9.312108882071216,9.392471316979796,9.38666509132748,3.769324255121023,1.8612348838098445
729.4972663021736,9.316308502067894,9.316308502067894,9.40031015243723,9.38138449356423,3.269324255121023,2.3612348838098445
729.6972929723963,9.320534616080801,9.320534616080801,9.402196808785204,9.374320664773613,2.769324255121023,1.8612348838098445
729.897319642619,9.32478718238877,9.32478718238877,9.398564528790397,9.373023256127892,2.3871196582974084,2.3612348838098445
730.0973463128416,9.329066159009498,9.329066159009498,9.386127512046052,9.368871102815486,1.8871196582974084,2.0234244992617576
730.2973729830644,9.333371503699949,9.333371503699949,9.384115866677863,9.369431748929552,2.3871196582974084,2.5234244992617576
730.4973996532871,9.337703173956774,9.337703173956774,9.385274346863802,9.37837874182108,2.8761202800924646,3.0234244992617576
730.6974263235097,9.342061127016732,9.342061127016732,9.397325866917315,9.391764974218997,3.3761202800924646,3.5234244992617576
730.8974529937325,9.346445319857118,9.346445319857118,9.402496444080876,9.398163014337463,2.8807295020496344,3.0234244992617576
731.0974796639551,9.350855709196173,9.350855709196173,9.399482030950335,9.408174466602723,2.3807295020496344,3.204407776304885
731.2975063341779,9.355292251493529,9.355292251493529,9.406243675840074,9.41351379713838,2.8807295020496344,2.704407776304885
731.4975330044006,9.35975490295062,9.35975490295062,9.413666387458777,9.414368743551321,3.024375175574942,2.4952859598502912
731.6975596746232,9.364243619511136,9.364243619511136,9.428227156047404,9.414045709556417,3.524375175574942,2.4506138511178785
731.897586344846,9.368758356861441,9.368758356861441,9.43492627190672,9.413770675297476,3.024375175574942,2.705854783724969
732.0976130150686,9.37329907043101,9.37329907043101,9.438638950823902,9.412675443208652,2.795401221394557,2.205854783724969
732.2976396852913,9.377865715392883,9.377865715392883,9.44842543153317,9.415637858229124,3.1108376623096228,2.705854783724969
732.4976663555141,9.382458246664097,9.382458246664097,9.456892565658624,9.425739109504622,3.135303544812038,3.205854783724969
732.6976930257367,9.387076618906132,9.387076618906132,9.475992616934814,9.443371636139574,3.635303544812038,3.705854783724969
732.8977196959594,9.391720786525362,9.391720786525362,9.488565547518936,9.456049985542965,3.135303544812038,3.205854783724969
733.0977463661822,9.396390703673504,9.396390703673504,9.489961688146275,9.464145337440678,2.635303544812038,2.976038394837889
733.2977730364048,9.401086324248062,9.401086324248062,9.500902911608742,9.47728578552046,2.949450644906829,3.476038394837889
733.4977997066276,9.405807601892805,9.405807601892805,9.495190943545905,9.483213195575736,2.449450644906829,2.976038394837889
733.6978263768502,9.41055448999819,9.41055448999819,9.503342034407572,9.498035092456668,2.949450644906829,3.476038394837889
733.8978530470729,9.415326941701856,9.415326941701856,9.49760957890425,9.51989115788899,2.449450644906829,3.976038394837889
734.0978797172957,9.420124909889072,9.420124909889072,9.485697966217188,9.533581263977295,1.949450644906829,3.476038394837889
734.2979063875183,9.424948347193194,9.424948347193194,9.467600339047177,9.538278244582427,1.449450644906829,2.976038394837889
734.497933057741,9.429797205996147,9.429797205996147,9.455708938420441,9.537953263682665,1.949450644906829,2.476038394837889
734.6979597279637,9.434671438428891,9.434671438428891,9.458493272564368,9.52884858124614,2.449450644906829,1.976038394837889
734.8979863981864,9.439570996371884,9.439570996371884,9.46065336371891,9.523097446439603,2.949450644906829,2.032902647158613
735.098013068409,9.444495831455573,9.444495831455573,9.457730251588181,9.509229878160577,2.449450644906829,1.532902647158613
735.2980397386318,9.449445895060858,9.449445895060858,9.460155040839213,9.488674585795067,2.949450644906829,1.032902647158613
735.4980664088545,9.45442113831958,9.45442113831958,9.47901164628473,9.472713126339382,3.449450644906829,1.532902647158613
735.6980930790771,9.459421512114996,9.459421512114996,9.497191127102385,9.453363248338485,3.763934976954677,1.032902647158613
735.8981197492999,9.464446967082282,9.464446967082282,9.524391605241187,9.443813390719736,4.263934976954677,1.532902647158613
736.0981464195225,9.469497453608984,9.469497453608984,9.554092680867015,9.440367887718374,4.6690983887789175,2.032902647158613
736.2981730897453,9.474572921835556,9.474572921835556,9.575618349546025,9.442984878549607,4.1690983887789175,2.532902647158613
736.498199759968,9.47967332165581,9.47967332165581,9.592967306518231,9.449889115301836,3.6690983887789175,3.032902647158613
736.6982264301906,9.48479860271743,9.48479860271743,9.597172848609635,9.452028924186937,3.1690983887789175,2.6540797837162433
736.8982531004134,9.489948714422471,9.489948714422471,9.594080491405146,9.451855062113506,2.6690983887789175,2.462315128933848
737.098279770636,9.495123605927851,9.495123605927851,9.595597656108282,9.46055655773538,3.1690983887789175,2.962315128933848
737.2983064408587,9.50032322614586,9.50032322614586,9.61469346769404,9.470752476109396,3.6690983887789175,3.2456222416142007
737.4983331110815,9.50554752374466,9.50554752374466,9.628710023718835,9.487227475473457,3.3529131320795065,3.7456222416142007
737.6983597813041,9.510796447148785,9.510796447148785,9.633803301296894,9.51166382563443,2.8529131320795065,4.245622241614201
737.8983864515268,9.516069944539666,9.516069944539666,9.628660372898906,9.527559827974093,2.3529131320795065,3.9038929647423437
738.0984131217496,9.52136796385613,9.52136796385613,9.621766270682045,9.538527186894395,2.1136986761603693,3.4038929647423437
738.2984397919722,9.52669045279492,9.52669045279492,9.612926531223465,9.544421773014161,2.1368884444462544,3.050019859998787
738.498466462195,9.532037358811207,9.532037358811207,9.597785592269783,9.55640055917578,1.8801916725629222,3.399735392721439
738.6984931324176,9.53740862911911,9.53740862911911,9.596577568495514,9.575628739774821,2.380191672562922,3.899735392721439
738.8985198026403,9.542804210692221,9.542804210692221,9.595581439955113,9.585249871949392,2.625525871378593,3.399735392721439
739.0985464728631,9.548224050264128,9.548224050264128,9.599433053995003,9.594842067702547,3.125525871378593,3.503732183298259
739.2985731430857,9.553668094328934,9.553668094328934,9.601671297484687,9.603525195390889,2.625525871378593,3.003732183298259
739.4985998133084,9.559136289141785,9.559136289141785,9.607969799568117,9.613908093454226,3.125525871378593,3.503732183298259
739.6986264835311,9.56462858071942,9.56462858071942,9.623954684347172,9.622584381736763,3.625525871378593,3.003732183298259
739.8986531537538,9.570144914840673,9.570144914840673,9.645819981873125,9.636761333657013,4.125525871378593,3.503732183298259
740.0986798239765,9.575685237047036,9.575685237047036,9.6631017531512,9.641209624074508,3.625525871378593,3.003732183298259
740.2987064941992,9.581249492643183,9.581249492643183,9.67104927915927,9.643708735074505,3.125525871378593,2.503732183298259
740.4987331644219,9.586837626697505,9.586837626697505,9.688956301439482,9.648670384133444,3.625525871378593,3.003732183298259
740.6987598346445,9.592449584042665,9.592449584042665,9.697154891935572,9.662288978953521,3.125525871378593,3.3519672227559014
740.8987865048673,9.598085309276145,9.598085309276145,9.711981459169913,9.666310072620522,3.625525871378593,2.8519672227559014
741.09881317509,9.603744746760766,9.603744746760766,9.729226989290128,9.663663380567991,3.317844809007628,2.4822358573055814
741.2988398453127,9.609427840625274,9.609427840625274,9.732810628883986,9.667372575856325,2.817844809007628,2.9822358573055814
741.4988665155354,9.615134534764863,9.615134534764863,9.74360213664975,9.679094923626874,3.317844809007628,3.4822358573055814
741.698893185758,9.620864772841742,9.620864772841742,9.746030679576748,9.682204946421301,2.817844809007628,2.9822358573055814
741.8989198559808,9.626618498285696,9.626618498285696,9.760961881509832,9.69401557460963,3.317844809007628,3.4365867343573746
742.0989465262035,9.632395654294626,9.632395654294626,9.760636409005631,9.700143080237666,2.817844809007628,3.1235475127148553
742.2989731964261,9.63819618383513,9.63819618383513,9.756309201448648,9.70139211649995,2.317844809007628,2.6235475127148553
742.4989998666489,9.644020029643054,9.644020029643054,9.745940610641142,9.705543900117203,1.817844809007628,2.7617869807632918
742.6990265368715,9.649867134224055,9.649867134224055,9.723151839014347,9.709968669964523,1.317844809007628,2.8510329299552986
742.8990532070942,9.655737439854184,9.655737439854184,9.711271694777162,9.72230793077514,1.817844809007628,3.3510329299552986
743.099079877317,9.661630888580442,9.661630888580442,9.69660705843491,9.739052002459289,1.683858931602349,3.8510329299552986
743.2991065475396,9.66754742222135,9.66754742222135,9.670443454525454,9.765174624872987,1.3724931267196139,4.351032929955299
743.4991332177624,9.673486982367544,9.673486982367544,9.640210772236166,9.784441903149267,0.9013948031637962,4.051986009779672
743.699159887985,9.679449510382318,9.679449510382318,9.604052255940443,9.798009389356503,0.40139480316379617,3.5519860097796716
743.8991865582077,9.685434947402236,9.685434947402236,9.577212284842112,9.809076908197685,0.9013948031637962,3.518194409960913
744.0992132284305,9.691443234337697,9.691443234337697,9.55673975444542,9.81697440343086,1.4013948031637962,3.018194409960913
744.2992398986531,9.697474311873515,9.697474311873515,9.545287204219871,9.827041693889361,1.9013948031637962,3.518194409960913
744.4992665688758,9.703528120469514,9.703528120469514,9.542956653047192,9.84417639813592,2.401394803163796,4.018194409960913
744.6992932390986,9.709604600361114,9.709604600361114,9.54791514297967,9.855087351505317,2.901394803163796,3.5181944099609126
744.8993199093212,9.715703691559913,9.715703691559913,9.563300797938924,9.8618405828166,3.401394803163796,3.0181944099609126
745.0993465795439,9.721825333854284,9.721825333854284,9.587893574276734,9.86143953914492,3.901394803163796,2.5181944099609126
745.2993732497666,9.727969466809988,9.727969466809988,9.619800665517792,9.858827493172024,4.401394803163797,2.0181944099609126
745.4993999199893,9.734136029770722,9.734136029770722,9.665441909811081,9.854908657958235,4.901394803163797,2.3849954539724108
745.6994265902119,9.740324961858775,9.740324961858775,9.705169330346477,9.848026527258211,5.138024751418609,1.8849954539724108
745.8994532604347,9.746536201975594,9.746536201975594,9.759756243313198,9.847824173609483,5.638024751418609,2.3849954539724108
746.0994799306574,9.752769688802394,9.752769688802394,9.806821851991645,9.841527055542464,5.138024751418609,1.8849954539724108
746.2995066008801,9.75902536080077,9.75902536080077,9.842956772922962,9.827223359352697,4.638024751418609,1.3849954539724108
746.4995332711028,9.765303156213294,9.765303156213294,9.871726400078241,9.817369359737835,4.138024751418609,1.8849954539724108
746.6995599413254,9.771603013064135,9.771603013064135,9.904465992169445,9.816630470238977,4.638024751418609,2.3849954539724108
746.8995866115482,9.77792486915967,9.77792486915967,9.92796458720628,9.821994806578298,4.138024751418609,2.8849954539724108
747.0996132817709,9.784268662089081,9.784268662089081,9.949235848856066,9.822260518147871,4.0015200717083985,2.3849954539724108
747.2996399519935,9.790634329225,9.790634329225,9.965608393836447,9.827691253506558,3.5015200717083985,2.8849954539724108
747.4996666222163,9.797021807724107,9.797021807724107,9.971435631924411,9.82832296089189,3.0015200717083985,2.3849954539724108
747.699693292439,9.803431034527744,9.803431034527744,9.970276305929332,9.832402576129672,2.5015200717083985,2.5505843246588626
747.8997199626616,9.809861946362567,9.809861946362567,9.966526874313882,9.840406017563241,2.585126210854979,3.0505843246588626
748.0997466328844,9.816314479741143,9.816314479741143,9.975749035371372,9.852790084839754,3.085126210854979,3.5505843246588626
748.299773303107,9.822788570962585,9.822788570962585,9.97567460278653,9.859242756147975,3.0367084228133767,3.133126314161279
748.4997999733298,9.829284156113182,9.829284156113182,9.973154558965682,9.876347502514658,2.5619843689287327,3.633126314161279
748.6998266435525,9.835801171067033,9.835801171067033,9.972773508194816,9.882177595811195,2.768192134181189,3.133126314161279
748.8998533137751,9.842339551486674,9.842339551486674,9.96910917375518,9.89488801539102,2.4655782234142887,3.633126314161279
749.0998799839979,9.848899232823722,9.848899232823722,9.974268443562414,9.904305239709892,2.9655782234142887,3.380434529878613
749.2999066542205,9.8554801503195,9.8554801503195,9.986503262000063,9.921376333893086,3.1407071511487175,3.7372106501334463
749.4999333244432,9.862082239005685,9.862082239005685,10.001248024616034,9.928633009465647,3.6407071511487175,3.2372106501334463
749.699959994666,9.868705433704955,9.868705433704955,10.0140528128942,9.94354506523514,3.1407071511487175,3.7372106501334463
749.8999866648886,9.875349669031607,9.875349669031607,10.020525888428104,9.950336997885282,3.039327249694379,3.2372106501334463
750.1000133351113,9.882014879392232,9.882014879392232,10.019598902786614,9.963102746518338,2.539327249694379,3.7372106501334463
750.300040005334,9.888700998986357,9.888700998986357,10.030033519190551,9.98471963635484,3.039327249694379,4.237210650133447
750.5000666755567,9.89540796180707,9.89540796180707,10.035687647829086,9.999274272603602,3.1269872622277486,3.7372106501334468
750.7000933457794,9.902135701641706,9.902135701641706,10.052378275038146,10.006939100427996,3.6269872622277486,3.2372106501334468
750.9001200160021,9.908884152072481,9.908884152072481,10.058926255957914,10.006652003425422,3.1269872622277486,2.7372106501334468
751.1001466862248,9.915653246477142,9.915653246477142,10.059786499045744,10.017751280213226,2.6269872622277486,3.2372106501334468
751.3001733564475,9.922442918029653,9.922442918029653,10.052833770062895,10.025391111187483,2.1269872622277486,3.136510529649503
751.5002000266702,9.929253099700805,9.929253099700805,10.050779522998008,10.030806824425243,2.2650035338310075,3.098890964422454
751.7002266968929,9.936083724258939,9.936083724258939,10.050949213525865,10.036530171182678,2.7650035338310075,3.0339423965989396
751.9002533671156,9.94293472427057,9.94293472427057,10.06096961841756,10.035369974513534,3.2650035338310075,2.5339423965989396
752.1002800373383,9.94980603210105,9.94980603210105,10.07189538011514,10.040875634439871,3.4134333588242125,3.0339423965989396
752.3003067075609,9.95669757991526,9.95669757991526,10.079854919948264,10.053542534830418,3.2839696056233576,3.5339423965989396
752.5003333777837,9.96360929967827,9.96360929967827,10.083811159136742,10.06020066835951,2.7839696056233576,3.0339423965989396
752.7003600480064,9.970541123155993,9.970541123155993,10.093179908774182,10.061645120117785,3.2839696056233576,2.5339423965989396
752.900386718229,9.977492981915885,9.977492981915885,10.09615373258698,10.05365867095825,2.7839696056233576,2.0339423965989396
753.1004133884518,9.984464807327612,9.984464807327612,10.088374315302909,10.041016560965135,2.2839696056233576,1.5339423965989396
753.3004400586744,9.99145653056371,9.99145653056371,10.079308632827596,10.036836403451954,2.086884453860944,2.0339423965989396
753.5004667288972,9.998468082600299,9.998468082600299,10.079423152829737,10.03651232899751,2.586884453860944,2.5339423965989396
753.7004933991199,10.005499394217722,10.005499394217722,10.08680560181491,10.035791090052228,3.086884453860944,2.432909947684137
753.9005200693425,10.012550396001267,10.012550396001267,10.08695615918228,10.040685488021944,2.586884453860944,2.932909947684137
754.1005467395653,10.019621018341839,10.019621018341839,10.08001162567634,10.052458053893515,2.468264225191345,3.432909947684137
754.300573409788,10.02671119143663,10.02671119143663,10.086380867863708,10.07023941431157,2.968264225191345,3.932909947684137
754.5006000800106,10.033820845289828,10.033820845289828,10.101241982205345,10.096488864990038,3.468264225191345,4.432909947684137
754.7006267502334,10.04094990971331,10.04094990971331,10.104788719031266,10.1145329597696,2.968264225191345,3.932909947684137
754.900653420456,10.048098314327316,10.048098314327316,10.117329430909878,10.137950578579016,3.468264225191345,4.432909947684137
755.1006800906787,10.055265988561162,10.055265988561162,10.122043589667587,10.154982669606854,2.968264225191345,3.932909947684137
755.3007067609014,10.062452861653934,10.062452861653934,10.127132906393816,10.167032470301752,2.5424100198065576,3.432909947684137
755.5007334311241,10.06965886265517,10.06965886265517,10.132711622489591,10.169006702690863,3.0424100198065576,2.932909947684137
755.7007601013468,10.076883920425585,10.076883920425585,10.144354189410077,10.180639652152767,3.5424100198065576,3.432909947684137
755.9007867715695,10.084127963637759,10.084127963637759,10.15505455553164,10.185053818806985,3.3374675700747103,2.932909947684137
756.1008134417922,10.09139092077683,10.09139092077683,10.179186473056648,10.182728258788005,3.8374675700747103,2.432909947684137
756.300840112015,10.098672720141236,10.098672720141236,10.18902212373613,10.185886300185192,3.3374675700747103,2.932909947684137
756.5008667822376,10.105973289843378,10.105973289843378,10.189520819372104,10.183147268126826,2.8374675700747103,2.432909947684137
756.7008934524603,10.113292557810368,10.113292557810368,10.190869268715362,10.191976523424,2.625345391177772,2.932909947684137
756.900920122683,10.120630451784722,10.120630451784722,10.187520777531946,10.202556748687531,2.7833017809359673,3.432909947684137
757.1009467929057,10.127986899325064,10.127986899325064,10.19763029644237,10.208620002222965,3.2833017809359673,2.932909947684137
757.3009734631283,10.13536182780687,10.13536182780687,10.215927739470398,10.21591689372293,3.7833017809359673,3.432909947684137
757.5010001333511,10.142755164423155,10.142755164423155,10.245992439829465,10.220978272860513,4.283301780935967,2.932909947684137
757.7010268035738,10.150166836185207,10.150166836185207,10.268109941566024,10.224148583203483,3.7833017809359673,2.7569505507303433
757.9010534737964,10.157596769923307,10.157596769923307,10.27687436093067,10.2221372089726,3.2833017809359673,2.358482137336481
758.1010801440192,10.165044892287458,10.165044892287458,10.27795227305687,10.225602716607721,2.7833017809359673,2.858482137336481
758.3011068142418,10.172511129748083,10.172511129748083,10.286714522982077,10.231970313372827,3.2833017809359673,3.358482137336481
758.5011334844646,10.179995408596785,10.179995408596785,10.288869634797152,10.23210728886378,2.7833017809359673,2.858482137336481
758.7011601546873,10.187497654947046,10.187497654947046,10.280916715848154,10.24219260888091,2.2833017809359673,3.358482137336481
758.9011868249099,10.195017794734978,10.195017794734978,10.282238335675851,10.253533636193405,2.7833017809359673,3.603434503515877
759.1012134951327,10.202555753720043,10.202555753720043,10.291404535129784,10.263961326872888,3.2833017809359673,3.600549498334016
759.3012401653554,10.21011145748578,10.21011145748578,10.311080720258708,10.283637322611467,3.7833017809359673,4.100549498334016
759.501266835578,10.217684831440558,10.217684831440558,10.324480518588128,10.295035039312696,3.2833017809359673,3.600549498334016
759.7012935058008,10.225275800818299,10.225275800818299,10.329916218665538,10.305388284555418,3.0689903868831068,3.100549498334016
759.9013201760234,10.232884290679209,10.232884290679209,10.328416181289473,10.30631071198635,2.5689903868831068,2.600549498334016
760.1013468462461,10.240510225910542,10.240510225910542,10.33642791377133,10.314200914610376,3.0689903868831068,3.100549498334016
760.3013735164689,10.24815353122733,10.24815353122733,10.335237240675355,10.329215459687505,2.5689903868831068,3.600549498334016
760.5014001866915,10.255814131173096,10.255814131173096,10.341410276720888,10.335329516946853,3.0689903868831068,3.100549498334016
760.7014268569142,10.263491950120656,10.263491950120656,10.35467452861949,10.339326846022194,3.5689903868831068,2.761303918279119
760.9014535271369,10.271186912272828,10.271186912272828,10.364003033275813,10.34931618709738,3.0689903868831068,3.261303918279119
761.1014801973596,10.27889894166318,10.27889894166318,10.361573842037457,10.365761730440541,2.5689903868831068,3.761303918279119
761.3015068675824,10.286627962156798,10.286627962156798,10.367507426547641,10.38463627402863,3.0689903868831068,4.261303918279118
761.501533537805,10.294373897451019,10.294373897451019,10.384238322927397,10.397698985785002,3.5689903868831068,3.7613039182791184
761.7015602080277,10.3021366710762,10.3021366710762,10.389610896921974,10.407033994048332,3.0689903868831068,3.2613039182791184
761.9015868782504,10.309916206396473,10.309916206396473,10.405006762715809,10.410339944014451,3.5689903868831068,2.7613039182791184
762.1016135484731,10.317712426610473,10.317712426610473,10.426282867606156,10.416736391528726,4.068990386883106,3.2613039182791184
762.3016402186958,10.325525254752137,10.325525254752137,10.462904122423739,10.41845395783988,4.568990386883106,2.7613039182791184
762.5016668889185,10.333354613691444,10.333354613691444,10.48661054314429,10.427815165102556,4.068990386883106,3.2613039182791184
762.7016935591412,10.341200426135163,10.341200426135163,10.502477374410537,10.440060954758453,3.5689903868831063,3.7613039182791184
762.9017202293638,10.349062614627641,10.349062614627641,10.508281173054122,10.459065402979354,3.0689903868831063,4.1796845805071605
763.1017468995866,10.356941101551564,10.356941101551564,10.52427732468666,10.473285018605507,3.5689903868831063,3.6796845805071605
763.3017735698093,10.364835809128701,10.364835809128701,10.53526992819342,10.47870859131023,3.0689903868831063,3.1796845805071605
763.501800240032,10.372746659420692,10.372746659420692,10.531882513577365,10.479596307688137,2.5689903868831063,2.6796845805071605
763.7018269102547,10.380673574329808,10.380673574329808,10.526809164529102,10.486795568604085,2.2324184803445855,3.1796845805071605
763.9018535804773,10.388616475599742,10.388616475599742,10.529322953834482,10.48457832624719,2.7324184803445855,2.6796845805071605
764.1018802507001,10.396575284816356,10.396575284816356,10.522057644749898,10.478322069908423,2.2324184803445855,2.1796845805071605
764.3019069209228,10.404549923408457,10.404549923408457,10.519954335865542,10.47635058619017,2.7324184803445855,2.6796845805071605
764.5019335911454,10.412540312648595,10.412540312648595,10.521426331028977,10.473073997045415,2.7484925203309487,2.1796845805071605
764.7019602613682,10.420546373653822,10.420546373653822,10.528032051253234,10.47441776582356,3.0648453303948195,2.6796845805071605
764.9019869315908,10.428568027386468,10.428568027386468,10.54171454709239,10.481229580646113,3.5648453303948195,3.1796845805071605
765.1020136018135,10.436605194654932,10.436605194654932,10.546376141824686,10.492557115932541,3.0648453303948195,3.609397860341838
765.3020402720363,10.44465779611447,10.44465779611447,10.542960193426026,10.513819388336758,2.5648453303948195,4.109397860341838
765.5020669422589,10.452725752267945,10.452725752267945,10.5528201175447,10.5246182080518,3.0648453303948195,3.609397860341838
765.7020936124816,10.460808983466658,10.460808983466658,10.572546978245537,10.54470094374409,3.5648453303948195,4.109397860341838
765.9021202827043,10.468907409911102,10.468907409911102,10.589589099390468,10.555699221686703,3.627672186833787,3.609397860341838
766.102146952927,10.477020951651754,10.477020951651754,10.601368491214249,10.56347906073869,3.127672186833787,3.109397860341838
766.3021736231498,10.485149528589886,10.485149528589886,10.607449273963459,10.572774009083705,3.164004736290865,3.3646524339716772
766.5022002933724,10.493293060478308,10.493293060478308,10.608258394281494,10.577673426630001,2.664004736290865,2.8646524339716772
766.7022269635951,10.501451466922223,10.501451466922223,10.615993099092613,10.588066204761184,3.164004736290865,3.3646524339716772
766.9022536338178,10.50962466737998,10.50962466737998,10.61338694200813,10.593079621704272,2.664004736290865,2.8646524339716772
767.1022803040405,10.517812581163863,10.517812581163863,10.623068060449784,10.592739521952247,3.164004736290865,2.571405874899326
767.3023069742632,10.526015127440923,10.526015127440923,10.641036672929653,10.585712147019857,3.664004736290865,2.089545356396991
767.5023336444859,10.534232225233751,10.534232225233751,10.648178623847409,10.578165642508948,3.3684173438439746,2.0541935560892517
767.7023603147086,10.542463793421266,10.542463793421266,10.653776407040548,10.571927907338731,2.9582106832019304,1.9921274254599965
767.9023869849312,10.550709750739554,10.550709750739554,10.666464225372081,10.568750158087353,3.4582106832019304,2.4921274254599965
768.102413655154,10.55897001578264,10.55897001578264,10.690799017308919,10.573180654306803,3.9582106832019304,2.9921274254599965
768.3024403253767,10.567244507003288,10.567244507003288,10.702911201756292,10.586697697314788,3.4582106832019304,3.4921274254599965
768.5024669955994,10.57553314271384,10.57553314271384,10.721590004151421,10.603997579240598,3.9582106832019304,3.9921274254599965
768.7024936658221,10.583835841086978,10.583835841086978,10.733003572708276,10.620010373315003,3.4582106832019304,4.0998609947516105
768.9025203360447,10.59215252015657,10.59215252015657,10.754593827376127,10.6318663481335,3.9582106832019304,3.6704916467581716
769.1025470062675,10.600483097818465,10.600483097818465,10.764733119727204,10.64759001543658,3.4582106832019304,3.9930957805558402
769.3025736764902,10.608827491831287,10.608827491831287,10.772036036636253,10.655292204750905,2.9582106832019304,3.4930957805558402
769.5026003467128,10.617185619817265,10.617185619817265,10.770853591224698,10.672211058042452,2.4582106832019304,3.8351491888906275
769.7026270169356,10.62555739926306,10.62555739926306,10.757900802401473,10.675780587542171,1.9582106832019304,3.3372313369480677
769.9026536871582,10.63394274752054,10.63394274752054,10.754009506471343,10.690646795440726,2.3902335392371343,3.8372313369480677
770.1026803573809,10.642341581807635,10.642341581807635,10.741571225560673,10.699788758313096,1.8902335392371343,3.3372313369480677
770.3027070276037,10.650753819209136,10.650753819209136,10.742745174312272,10.699531388839816,2.3902335392371343,2.8372313369480677
770.5027336978263,10.659179376677503,10.659179376677503,10.744191296175465,10.706810342922845,2.8902335392371343,3.3372313369480677
770.702760368049,10.667618171033707,10.667618171033707,10.754071434751449,10.71113685437246,3.3902335392371343,2.8372313369480677
770.9027870382718,10.676070118968049,10.676070118968049,10.766630563347857,10.71868790406072,3.688008833927487,3.3372313369480677
771.1028137084944,10.684535137040955,10.684535137040955,10.783428007601987,10.73249128697115,3.7578589531168056,3.8372313369480677
771.3028403787172,10.69301314168384,10.69301314168384,10.794629047306262,10.748682484873399,3.2578589531168056,4.026759118512105
771.5028670489398,10.701504049199894,10.701504049199894,10.795735298263242,10.759820839135594,2.7578589531168056,3.526759118512105
771.7028937191625,10.71000777576494,10.71000777576494,10.805003902537715,10.776339614153846,3.2578589531168056,4.026759118512105
771.9029203893853,10.71852423742825,10.71852423742825,10.82350643189427,10.799512223908739,3.7578589531168056,4.526759118512105
772.1029470596079,10.727053350113358,10.727053350113358,10.835132688963405,10.825514806177491,3.4617634186058703,4.66105319373384
772.3029737298306,10.73559502961892,10.73559502961892,10.836404837091447,10.842010077314663,2.9617634186058703,4.16105319373384
772.5030004000533,10.744149191619522,10.744149191619522,10.834747152470312,10.85554778561228,2.4617634186058703,3.6610531937338404
772.703027070276,10.752715751666512,10.752715751666512,10.840437276250654,10.861637877120382,2.9093813453146855,3.1610531937338404
772.9030537404986,10.761294625188857,10.761294625188857,10.854204323424502,10.863924392102511,3.4093813453146855,2.7532814793557927
773.1030804107214,10.769885727493957,10.769885727493957,10.874536312398897,10.864430735987018,3.9093813453146855,2.6741102643908965
773.3031070809441,10.778488973768479,10.778488973768479,10.898605574305483,10.869755339366607,4.16395166604601,3.1741102643908965
773.5031337511668,10.787104279079216,10.787104279079216,10.931841286440314,10.883947080127866,4.66395166604601,3.6741102643908965
773.7031604213895,10.795731558373895,10.795731558373895,10.954452618639094,10.898148473100283,4.16395166604601,3.8086394474230536
773.9031870916122,10.804370726482047,10.804370726482047,10.972681913931474,10.918447046107643,3.6639516660460103,3.9121419092173015
774.1032137618349,10.813021698115833,10.813021698115833,10.980952971099356,10.926439769989855,3.1639516660460103,3.4121419092173015
774.3032404320576,10.82168438787087,10.82168438787087,10.981739406668135,10.94141000250282,2.6639516660460103,3.567493478962584
774.5032671022802,10.830358710227115,10.830358710227115,10.98763368756885,10.958509504132339,3.1639516660460103,4.067493478962584
774.703293772503,10.839044579549673,10.839044579549673,10.98930770391787,10.982104216913049,2.6639516660460103,4.567493478962584
774.9033204427257,10.847741910089647,10.847741910089647,10.999990627225241,11.001131802150615,3.1639516660460103,4.137442976592429
775.1033471129483,10.856450615985008,10.856450615985008,11.002391289758016,11.025500701251334,2.6639516660460103,4.637442976592429
775.3033737831711,10.865170611261426,10.865170611261426,10.99277905920801,11.040490324724757,2.1639516660460103,4.137442976592429
775.5034004533937,10.873901809833097,10.873901809833097,10.976447842838125,11.05505462495174,1.6639516660460103,3.637442976592429
775.7034271236164,10.88264412550364,10.88264412550364,10.95218716749209,11.063347948341692,1.1639516660460103,3.137442976592429
775.9034537938392,10.891397471966922,10.891397471966922,10.938739108651337,11.062442113106012,1.6639516660460103,2.637442976592429
776.1034804640618,10.90016176280789,10.90016176280789,10.933573542131494,11.067690545606037,2.1639516660460103,3.137442976592429
776.3035071342846,10.908936911503478,10.908936911503478,10.932186415352733,11.076426769149183,2.6639516660460103,3.637442976592429
776.5035338045072,10.917722831423394,10.917722831423394,10.946194986198254,11.08428330329301,3.1639516660460103,3.137442976592429
776.7035604747299,10.926519435831036,10.926519435831036,10.961190017406118,11.094522060697996,3.6639516660460103,3.637442976592429
776.9035871449527,10.93532663788432,10.93532663788432,10.986832817497614,11.113176891214163,4.16395166604601,4.066954399783969
777.1036138151753,10.944144350636519,10.944144350636519,11.020020188783501,11.130847020115036,4.66395166604601,3.981640306802853
777.303640485398,10.952972487037162,10.952972487037162,11.042695661677051,11.1401243469578,4.16395166604601,3.481640306802853
777.5036671556207,10.961810959932876,10.961810959932876,11.077980988971895,11.143898169334001,4.66395166604601,2.981640306802853
777.7036938258434,10.97065968206822,10.97065968206822,11.10506996119916,11.147840873487526,4.16395166604601,3.015926596605113
777.9037204960661,10.979518566086595,10.979518566086595,11.138357947955999,11.150454039993924,4.66395166604601,2.6283779426571243
778.1037471662888,10.988387524531074,10.988387524531074,11.163992141859296,11.143170970033047,4.16395166604601,2.1283779426571243
778.3037738365115,10.997266469845268,10.997266469845268,11.180921150606524,11.141331127355745,3.6639516660460103,2.6283779426571243
778.5038005067343,11.006155314374197,11.006155314374197,11.189450928745487,11.14806234923435,3.1639516660460103,3.1283779426571243
778.7038271769569,11.01505397036515,11.01505397036515,11.18728640111152,11.148830588319605,2.6639516660460103,2.8886954695626788
778.9038538471796,11.023962349968565,11.023962349968565,11.186606692643869,11.155630219076572,2.6212546067331823,3.3886954695626788
779.1038805174023,11.032880365238885,11.032880365238885,11.182729138607902,11.15515011382921,2.1419326886448964,2.8886954695626788
779.303907187625,11.041807928135416,11.041807928135416,11.18010709450584,11.163402650260005,2.612329734699138,3.00147471896358
779.5039338578476,11.05074495052322,11.05074495052322,11.185776258832197,11.17070859361566,3.112329734699138,3.50147471896358
779.7039605280704,11.059691344173972,11.059691344173972,11.20390660671578,11.175739894010498,3.612329734699138,3.158383077989966
779.9039871982931,11.068647020766818,11.068647020766818,11.21286972153957,11.173475534545902,3.112329734699138,2.658383077989966
780.1040138685157,11.077611891889275,11.077611891889275,11.233066969855876,11.166188210532,3.612329734699138,2.158383077989966
780.3040405387385,11.08658586903809,11.08658586903809,11.241168531122986,11.167713375099583,3.112329734699138,2.658383077989966
780.5040672089611,11.095568863620102,11.095568863620102,11.257458414773964,11.175285220999294,3.612329734699138,3.158383077989966
780.7040938791838,11.104560786953133,11.104560786953133,11.26677878055872,11.174939096036045,3.112329734699138,2.658383077989966
780.9041205494066,11.11356155026687,11.11356155026687,11.283090900956584,11.182340929241173,3.612329734699138,3.158383077989966
781.1041472196292,11.122571064703704,11.122571064703704,11.289248065407152,11.200995157238356,3.112329734699138,3.658383077989966
781.304173889852,11.131589241319666,11.131589241319666,11.286863681717136,11.20627151948599,2.612329734699138,3.158383077989966
781.5042005600747,11.140615991085234,11.140615991085234,11.272581008349194,11.220906778567546,2.112329734699138,3.658383077989966
781.7042272302973,11.14965122488628,11.14965122488628,11.273151787178858,11.237027836344211,2.612329734699138,4.158383077989966
781.9042539005201,11.158694853524914,11.158694853524914,11.272757975126483,11.249592002540453,2.5158512589903825,3.658383077989966
782.1042805707427,11.167746787720356,11.167746787720356,11.273545550378632,11.267119951608525,2.9027196415565295,3.915289467100547
782.3043072409654,11.176806938109845,11.176806938109845,11.286963293652665,11.27660757233322,3.4027196415565295,3.482465034031967
782.5043339111882,11.18587521524951,11.18587521524951,11.30724557013569,11.288019248358614,3.9027196415565295,3.982465034031967
782.7043605814108,11.194951529615237,11.194951529615237,11.34095436968611,11.301259319745617,4.40271964155653,3.9217046976102505
782.9043872516335,11.204035791603578,11.204035791603578,11.36030533086244,11.306928145782978,3.90271964155653,3.4217046976102505
783.1044139218562,11.213127911532627,11.213127911532627,11.37103392907231,11.319677753126758,3.40271964155653,3.9217046976102505
783.3044405920789,11.222227799642885,11.222227799642885,11.37443176362674,11.330068294389754,2.90271964155653,3.4217046976102505
783.5044672623017,11.231335366098188,11.231335366098188,11.367645971805526,11.331539279871912,2.40271964155653,2.9217046976102505
783.7044939325243,11.240450520986546,11.240450520986546,11.372111775189133,11.337203239567488,2.90271964155653,3.372642476144006
783.904520602747,11.24957317432107,11.24957317432107,11.379368191664767,11.354329121245883,3.40271964155653,3.872642476144006
784.1045472729697,11.258703236040848,11.258703236040848,11.390078168797672,11.36157434847528,3.356356342745875,3.372642476144006
784.3045739431924,11.267840616011807,11.267840616011807,11.400880727664596,11.378481947916246,3.258501943531641,3.872642476144006
784.504600613415,11.276985224027648,11.276985224027648,11.418144707698874,11.38496934874648,3.758501943531641,3.372642476144006
784.7046272836378,11.286136969810716,11.286136969810716,11.429896606686906,11.392523779392176,3.258501943531641,3.3248588491145434
784.9046539538605,11.295295763012875,11.295295763012875,11.442884351018844,11.395282938557306,3.5403927032741556,2.8248588491145434
785.1046806240831,11.304461513216427,11.304461513216427,11.449407465632055,11.389484562018001,3.0403927032741556,2.3248588491145434
785.3047072943059,11.313634129934997,11.313634129934997,11.44891553197841,11.392294584360128,2.5403927032741556,2.8248588491145434
785.5047339645286,11.322813522614402,11.322813522614402,11.45500837488718,11.400628264416465,3.0403927032741556,3.3248588491145434
785.7047606347513,11.331999600633589,11.331999600633589,11.466344381369437,11.401046803116062,3.5403927032741556,2.8248588491145434
785.904787304974,11.341192273305484,11.341192273305484,11.476361322188014,11.408510797804375,3.0403927032741556,3.3248588491145434
786.1048139751966,11.350391449877929,11.350391449877929,11.493193182507449,11.424137384890722,3.5403927032741556,3.8248588491145434
786.3048406454194,11.35959703953455,11.35959703953455,11.49700172161014,11.435255584172086,3.0403927032741556,3.600163994749681
786.5048673156421,11.368808951395653,11.368808951395653,11.506605646403035,11.446940712847224,3.5403927032741556,3.5728654917011307
786.7048939858647,11.378027094519142,11.378027094519142,11.527650549243202,11.463979885110009,4.040392703274156,4.072865491701131
786.9049206560875,11.387251377901404,11.387251377901404,11.554182188349483,11.47583925737401,4.082782481116092,3.5728654917011307
787.1049473263101,11.396481710478199,11.396481710478199,11.569399591131631,11.49188329706444,3.5827824811160918,4.072865491701131
787.3049739965328,11.405718001125567,11.405718001125567,11.572542563075114,11.515735395559453,3.0827824811160918,4.572865491701131
787.5050006667556,11.414960158660747,11.414960158660747,11.569318245413054,11.530609347250753,2.5827824811160918,4.072865491701131
787.7050273369782,11.424208091843035,11.424208091843035,11.573489151110337,11.545921850494008,3.022787403982505,3.908890893544884
787.9050540072009,11.433461709374722,11.433461709374722,11.571560156844734,11.551783484185254,2.522787403982505,3.408890893544884
788.1050806774236,11.442720919901987,11.442720919901987,11.576071494644696,11.55880466538142,3.022787403982505,3.4873780011571838
788.3051073476463,11.451985632015775,11.451985632015775,11.571917611283304,11.560407249215597,2.522787403982505,2.9873780011571838
788.5051340178691,11.461255754252742,11.461255754252742,11.577892967827689,11.570994420077504,3.022787403982505,3.4873780011571838
788.7051606880917,11.470531195096108,11.470531195096108,11.59375541176391,11.571972852007914,3.522787403982505,2.9873780011571838
788.9051873583144,11.479811862976604,11.479811862976604,11.617355538989887,11.57969598407715,4.0227874039825045,3.4873780011571838
789.1052140285371,11.489097666273363,11.489097666273363,11.641574790733332,11.585983640758949,4.151239523802642,2.9873780011571838
789.3052406987598,11.498388513314799,11.498388513314799,11.655143172033604,11.580653098536793,3.6512395238026416,2.4873780011571838
789.5052673689825,11.50768431237955,11.50768431237955,11.65485511337636,11.58339687153793,3.1512395238026416,2.9873780011571838
789.7052940392052,11.516984971697365,11.516984971697365,11.661051411016928,11.589756043972114,3.6512395238026416,3.1876568503145863
789.9053207094279,11.526290399450001,11.526290399450001,11.686884336770166,11.59753795189098,4.151239523802642,3.287056742997803
790.1053473796505,11.535600503772159,11.535600503772159,11.702344868117612,11.61133068089926,3.6512395238026416,3.709692280135372
790.3053740498733,11.544915192752349,11.544915192752349,11.728211157829575,11.626303629114773,4.151239523802642,3.5688213494763463
790.505400720096,11.55423437443383,11.55423437443383,11.73945535714093,11.643813891625479,3.6512395238026416,4.068821349476346
790.7054273903187,11.563557956815519,11.563557956815519,11.745194214465666,11.65441308604752,3.1512395238026416,3.5688213494763463
790.9054540605414,11.572885847852866,11.572885847852866,11.743458769219528,11.670755653985253,2.8737472357941924,3.792964446141121
791.105480730764,11.582217955458805,11.582217955458805,11.740294951887343,11.689505296721432,2.6842207412500256,4.292964446141121
791.3055074009868,11.591554187504642,11.591554187504642,11.732327880403924,11.701969534183695,2.1842207412500256,4.039614623672267
791.5055340712095,11.600894451820944,11.600894451820944,11.714590182948081,11.716749192739261,1.6842207412500256,3.9894645577447787
791.7055607414321,11.610238656198494,11.610238656198494,11.7078255947428,11.728732834223909,2.1842207412500256,3.87701086062615
791.9055874116549,11.619586708389173,11.619586708389173,11.694286706858788,11.737766356839847,1.828193906149849,3.37701086062615
792.1056140818775,11.628938516106862,11.628938516106862,11.684557350802468,11.74690777613366,2.328193906149849,3.6771897142408614
792.3056407521002,11.638293987028383,11.638293987028383,11.670110436584839,11.754182650649026,1.8281939061498491,3.1771897142408614
792.505667422323,11.647653028794391,11.647653028794391,11.66230542900431,11.753093771402952,2.328193906149849,2.6771897142408614
792.7056940925456,11.657015549010275,11.657015549010275,11.667370218000215,11.761117234165587,2.828193906149849,3.1771897142408614
792.9057207627683,11.6663814552471,11.6663814552471,11.678149016458914,11.773357527344817,3.328193906149849,3.6771897142408614
793.105747432991,11.67575065504251,11.67575065504251,11.681105001647532,11.781930899067893,2.828193906149849,3.4897451034078233
793.3057741032137,11.685123055901595,11.685123055901595,11.67574890700794,11.781099680570888,2.328193906149849,2.9897451034078233
793.5058007734365,11.694498565297893,11.694498565297893,11.681344184367056,11.789438031198706,2.828193906149849,3.4897451034078233
793.7058274436591,11.703877090674217,11.703877090674217,11.692132307320731,11.804783571235687,3.328193906149849,3.9897451034078233
793.9058541138818,11.713258539443624,11.713258539443624,11.713347291467299,11.815909383044199,3.825268167589543,3.4897451034078233
794.1058807841046,11.722642818990312,11.722642818990312,11.740001813613986,11.829598194185872,4.3252681675895435,3.9897451034078233
794.3059074543272,11.73202983667052,11.73202983667052,11.777268731551457,11.85145171628135,4.8252681675895435,4.489745103407824
794.5059341245499,11.741419499813464,11.741419499813464,11.814621208294096,11.877171493881598,4.940802656968999,4.989745103407824
794.7059607947726,11.750811715722248,11.750811715722248,11.86221739158646,11.898930817364281,5.440802656968999,4.489745103407824
794.9059874649953,11.760206391674759,11.760206391674759,11.902695283741604,11.915937940641234,4.940802656968999,3.9897451034078237
795.106014135218,11.769603434924612,11.769603434924612,11.925672527266576,11.924630837198873,4.440802656968999,3.4897451034078237
795.3060408054407,11.779002752702054,11.779002752702054,11.942379879345557,11.942330203651807,3.940802656968999,3.9897451034078237
795.5060674756634,11.788404252214857,11.788404252214857,11.955388787532435,11.967503173439377,3.440802656968999,4.489745103407824
795.7060941458861,11.797807840649279,11.797807840649279,11.9603284835039,11.984039569952927,2.940802656968999,3.9897451034078237
795.9061208161088,11.807213425170934,11.807213425170934,11.954225149566792,11.994151182164666,2.440802656968999,3.4897451034078237
796.1061474863315,11.816620912925751,11.816620912925751,11.943893522746405,11.995055382121382,2.29049084474736,2.9897451034078237
796.3061741565542,11.826030211040857,11.826030211040857,11.946229380498641,12.004219859954985,2.79049084474736,3.4897451034078237
796.5062008267769,11.8354412266255,11.8354412266255,11.954728980970323,12.014315392703955,3.29049084474736,3.902947597207768
796.7062274969995,11.844853866771988,11.844853866771988,11.953155104263482,12.020430273951701,2.79049084474736,3.402947597207768
796.9062541672223,11.85426803855659,11.85426803855659,11.962157812687582,12.034883205215475,3.29049084474736,3.902947597207768
797.106280837445,11.86368364904044,11.86368364904044,11.963718726874102,12.043570448296302,2.79049084474736,3.402947597207768
797.3063075076676,11.873100605270482,11.873100605270482,11.974987869141092,12.054946208726504,3.29049084474736,3.902947597207768
797.5063341778904,11.882518814280376,11.882518814280376,11.977302642582162,12.060649983219502,2.79049084474736,3.402947597207768
797.706360848113,11.891938183091398,11.891938183091398,11.985557698840745,12.062244808771805,3.29049084474736,2.902947597207768
797.9063875183357,11.90135861871339,11.90135861871339,11.983904911688995,12.058400342848662,2.79049084474736,2.402947597207768
798.1064141885585,11.910780028145663,11.910780028145663,11.9929583063026,12.061051361072755,3.29049084474736,2.902947597207768
798.3064408587811,11.920202318377896,11.920202318377896,12.002568004513941,12.056499506866464,3.5643459642135715,2.402947597207768
798.5064675290039,11.9296253963911,11.9296253963911,12.004658724185305,12.054523369160904,3.0643459642135715,2.891479738783967
798.7064941992265,11.939049169158478,11.939049169158478,12.016597552139178,12.061262742307228,3.5643459642135715,3.391479738783967
798.9065208694492,11.948473543646397,11.948473543646397,12.040304949394702,12.061447338750794,4.0643459642135715,2.891479738783967
799.106547539672,11.95789842681529,11.95789842681529,12.069923772263632,12.056015518023562,4.5643459642135715,2.391479738783967
799.3065742098946,11.967323725620531,11.967323725620531,12.095345475647354,12.055843455202321,4.232638232574429,2.891479738783967
799.5066008801173,11.976749347013424,11.976749347013424,12.10899965177943,12.047258480128122,3.7326382325744287,2.505361877512137
799.70662755034,11.986175197942089,11.986175197942089,12.122428454731724,12.048610624807957,3.663425278498852,3.005361877512137
799.9066542205627,11.995601185352355,11.995601185352355,12.136033216744053,12.057512436001977,3.6828889031010443,3.505361877512137
800.1066808907854,12.005027216188724,12.005027216188724,12.154297738882793,12.07437637799847,4.182888903101045,4.0053618775121365
800.3067075610081,12.014453197395271,12.014453197395271,12.16765288861295,12.090056324501813,3.6828889031010448,3.8423718149805532
800.5067342312308,12.023879035916544,12.023879035916544,12.169668834747903,12.098266528239904,3.1828889031010448,3.3423718149805532
800.7067609014535,12.033304638698516,12.033304638698516,12.165441979009191,12.107946253352994,2.6828889031010448,3.8423718149805532
800.9067875716762,12.042729912689474,12.042729912689474,12.171129234901008,12.127030078587602,3.1828889031010448,4.342371814980553
801.1068142418989,12.052154764840962,12.052154764840962,12.185380500221681,12.13700556468178,3.6565510792913822,3.8423718149805532
801.3068409121216,12.061579102108688,12.061579102108688,12.195657954380781,12.14039958916736,3.326102504645491,3.3423718149805532
801.5068675823443,12.07100283145343,12.07100283145343,12.195176900996723,12.155526426039097,2.826102504645491,3.8423718149805532
801.7068942525669,12.080425859841982,12.080425859841982,12.208027930833365,12.169984602034445,3.326102504645491,4.091112056388337
801.9069209227897,12.089848094248058,12.089848094248058,12.212674704696914,12.192475972282923,2.826102504645491,4.591112056388337
802.1069475930124,12.099269441653199,12.099269441653199,12.223239329551351,12.218139837309375,3.314797202187188,5.015977806269505
802.306974263235,12.108689809047702,12.108689809047702,12.242550626802515,12.234406366619567,3.814797202187188,4.515977806269505
802.5070009334578,12.118109103431559,12.118109103431559,12.250874395831566,12.250481519709783,3.314797202187188,4.015977806269505
802.7070276036804,12.12752723181533,12.12752723181533,12.251642904124811,12.272292774097275,2.814797202187188,4.515977806269505
802.9070542739031,12.136944101221104,12.136944101221104,12.245939918894173,12.287759846472603,2.5461184894992996,4.015977806269505
803.1070809441259,12.146359618683396,12.146359618683396,12.250251370793585,12.296013261067733,3.0461184894992996,3.515977806269505
803.3071076143485,12.155773691250054,12.155773691250054,12.26106813757408,12.297145091252748,3.5461184894992996,3.015977806269505
803.5071342845713,12.165186225983213,12.165186225983213,12.28080814587442,12.304115486713032,4.0461184894993,3.515977806269505
803.707160954794,12.174597129960166,12.174597129960166,12.296005124633151,12.306425114699476,3.931452249376142,3.015977806269505
803.9071876250166,12.18400631027432,12.18400631027432,12.320486808203267,12.312104372369063,4.431452249376142,3.515977806269505
804.1072142952394,12.193413674036103,12.193413674036103,12.343840552595434,12.326374974532667,3.931452249376142,4.015977806269505
804.307240965462,12.202819128373857,12.202819128373857,12.35492677432178,12.334742287834805,3.431452249376142,3.515977806269505
804.5072676356847,12.21222258043479,12.21222258043479,12.354805061655144,12.34815903228148,2.9430938678386083,3.8385521470334036
804.7072943059075,12.22162393738588,12.22162393738588,12.346033944980428,12.355650910198667,2.46322868348903,3.3385521470334036
804.9073209761301,12.231023106414769,12.231023106414769,12.33547260714049,12.367503974210127,1.9632286834890298,3.8385521470334036
805.1073476463528,12.24041999473072,12.24041999473072,12.330278355256437,12.38628217833492,2.46322868348903,4.338552147033404
805.3073743165755,12.249814509565502,12.249814509565502,12.335521563754535,12.398018471051218,2.96322868348903,3.838552147033404
805.5074009867982,12.259206558174306,12.259206558174306,12.345425884942076,12.403341320540434,3.46322868348903,3.338552147033404
805.707427657021,12.268596047836692,12.268596047836692,12.363223589841192,12.403883893707533,3.96322868348903,2.838552147033404
805.9074543272436,12.27798288585746,12.27798288585746,12.376670608907316,12.414703826226429,3.6164408619746955,3.338552147033404
806.1074809974663,12.287366979567604,12.287366979567604,12.399867356947047,12.415744682743078,4.116440861974695,2.838552147033404
806.307507667689,12.296748236325213,12.296748236325213,12.412530891515985,12.420293845975953,3.616440861974695,3.338552147033404
806.5075343379117,12.306126563516358,12.306126563516358,12.416960768457734,12.420423177137629,3.116440861974695,2.838552147033404
806.7075610081343,12.315501868556058,12.315501868556058,12.4311079824425,12.427010726216908,3.616440861974695,3.338552147033404
806.9075876783571,12.324874058889161,12.324874058889161,12.443109419545186,12.42838818995852,3.702564567523094,2.838552147033404
807.1076143485798,12.334243041991252,12.334243041991252,12.45283104434041,12.435621342508892,3.202564567523094,3.338552147033404
807.3076410188024,12.34360872536959,12.34360872536959,12.464757041201727,12.437013117643884,3.702564567523094,2.838552147033404
807.5076676890252,12.352971016564013,12.352971016564013,12.47863997181925,12.444960302531225,3.549258359085335,3.338552147033404
807.7076943592479,12.36232982314783,12.36232982314783,12.487188417681459,12.453548200623374,3.5360926703214774,3.838552147033404
807.9077210294705,12.371685052728768,12.371685052728768,12.493770197705048,12.472832517202583,3.0360926703214774,4.338552147033404
808.1077476996933,12.381036612949874,12.381036612949874,12.493280224893072,12.48338642820513,3.0023537038431285,3.838552147033404
808.3077743699159,12.39038441149038,12.39038441149038,12.503990361790038,12.494346616791805,3.5023537038431285,3.338552147033404
808.5078010401387,12.399728356066701,12.399728356066701,12.519955513183882,12.507986722741657,3.732711432062464,3.838552147033404
808.7078277103614,12.409068354433268,12.409068354433268,12.542809954926254,12.515642537652292,4.232711432062464,3.338552147033404
808.907854380584,12.418404314383487,12.418404314383487,12.567461488625886,12.51249489586098,4.238533521590411,2.838552147033404
809.1078810508068,12.427736143750629,12.427736143750629,12.581380903889766,12.515186880331951,3.738533521590411,3.1168298595883863
809.3079077210294,12.437063750408731,12.437063750408731,12.592866157823622,12.524608445963523,3.69040763541741,3.6168298595883863
809.5079343912521,12.446387042273534,12.446387042273534,12.61887228357758,12.530427967815141,4.19040763541741,3.1168298595883863
809.7079610614749,12.45570592730337,12.45570592730337,12.632357293638886,12.531003738873489,3.69040763541741,2.6168298595883863
809.9079877316975,12.465020313500068,12.465020313500068,12.63623485184428,12.523797082139074,3.2545416367634843,2.1168298595883863
810.1080144019202,12.47433010890988,12.47433010890988,12.64838613969488,12.524836821955141,3.513133671448384,2.6168298595883863
810.3080410721429,12.483635221624382,12.483635221624382,12.670124273616201,12.526240347782617,4.013133671448384,3.1168298595883863
810.5080677423656,12.492935559781365,12.492935559781365,12.678369287099617,12.534911792582133,3.513133671448384,3.6168298595883863
810.7080944125884,12.502231031565772,12.502231031565772,12.695268603823314,12.549621922577053,4.013133671448384,3.90495650931041
810.908121082811,12.51152154521057,12.51152154521057,12.725366623846616,12.565800509795697,4.513133671448384,4.358740365288694
811.1081477530337,12.520807008997693,12.520807008997693,12.745221525671097,12.579976980711157,4.013133671448384,3.8587403652886936
811.3081744232564,12.530087331258914,12.530087331258914,12.755732386756677,12.59285373294967,3.513133671448384,3.999977810586049
811.5082010934791,12.539362420376765,12.539362420376765,12.759210452012566,12.616672393373351,3.09924787548874,4.499977810586049
811.7082277637018,12.54863218478545,12.54863218478545,12.754691443337858,12.632148832851778,2.59924787548874,3.9999778105860493
811.9082544339245,12.55789653297174,12.55789653297174,12.760793495997769,12.63959141421155,3.09924787548874,3.4999778105860493
812.1082811041472,12.56715537347586,12.56715537347586,12.756367194511437,12.652517573549044,2.59924787548874,3.9999778105860493
812.3083077743698,12.576408614892424,12.576408614892424,12.744471371072962,12.671369692802461,2.09924787548874,4.499977810586049
812.5083344445926,12.585656165871322,12.585656165871322,12.725870929149222,12.696457361738414,1.7433503259825884,4.999977810586049
812.7083611148153,12.594897935118606,12.594897935118606,12.71471864099593,12.715506124445533,2.2433503259825884,4.499977810586049
812.9083877850379,12.604133831397421,12.604133831397421,12.711494569606302,12.728217458844432,2.7433503259825884,3.9999778105860493
813.1084144552607,12.613363763528891,12.613363763528891,12.718966245495746,12.735320563632955,3.2433503259825884,3.4999778105860493
813.3084411254833,12.622587640393007,12.622587640393007,12.735614621471951,12.738924877537492,3.7433503259825884,2.9999778105860493
813.5084677957061,12.631805370929557,12.631805370929557,12.751071478046443,12.73437144814356,3.897631153847693,2.4999778105860493
813.7084944659288,12.641016864138985,12.641016864138985,12.777126598125081,12.731968644540144,4.397631153847692,2.9999778105860493
813.9085211361514,12.650222029083329,12.650222029083329,12.798817746547474,12.73605195665849,3.8976311538476924,3.1544004201170295
814.1085478063742,12.659420774887106,12.659420774887106,12.825766787923543,12.746106185055881,4.397631153847692,3.6544004201170295
814.3085744765968,12.668613010738175,12.668613010738175,12.842915101832508,12.761900276949659,3.8976311538476924,4.15440042011703
814.5086011468195,12.67779864588869,12.67779864588869,12.85050871478048,12.772115229996915,3.3976311538476924,3.65440042011703
814.7086278170423,12.686977589655962,12.686977589655962,12.848993741960529,12.775339174624678,2.8976311538476924,3.15440042011703
814.9086544872649,12.696149751423354,12.696149751423354,12.843650503156713,12.777451652270114,2.3976311538476924,3.2414913239132304
815.1086811574876,12.70531504064119,12.70531504064119,12.828823286410776,12.788863498783671,2.203654762664083,3.7414913239132304
815.3087078277104,12.714473366827646,12.714473366827646,12.824044574904693,12.795774965930649,2.703654762664083,3.2414913239132304
815.508734497933,12.723624639569616,12.723624639569616,12.822331486483726,12.80969424656909,2.7472282729817983,3.7414913239132304
815.7087611681558,12.732768768523657,12.732768768523657,12.83297453085862,12.824237117839647,3.2472282729817983,4.24149132391323
815.9087878383784,12.741905663416826,12.741905663416826,12.84730917410699,12.834821217588583,3.7472282729817983,3.7414913239132304
816.1088145086011,12.751035234047613,12.751035234047613,12.874134354673789,12.844558944816953,4.247228272981799,3.7769992364490492
816.3088411788239,12.760157390286812,12.760157390286812,12.900628476154472,12.861064949610467,4.747228272981799,4.276999236449049
816.5088678490465,12.7692720420784,12.7692720420784,12.92302156203072,12.886941709508644,4.247228272981799,4.776999236449049
816.7088945192692,12.778379099440457,12.778379099440457,12.9401584742637,12.9068264070828,3.7472282729817987,4.65895150229009
816.9089211894919,12.787478472466033,12.787478472466033,12.947438431353262,12.930091029619705,3.2472282729817987,4.804734899285482
817.1089478597146,12.79657007132403,12.79657007132403,12.952731473376208,12.961215535245175,3.088489485001189,5.304734899285482
817.3089745299372,12.805653806260105,12.805653806260105,12.954294605234114,12.984188307082045,3.2359264258236795,4.804734899285482
817.50900120016,12.814729587597556,12.814729587597556,12.96717653009265,13.000273929961198,3.7359264258236795,4.304734899285482
817.7090278703827,12.823797325738184,12.823797325738184,12.976867774116286,13.012561830848055,3.2359264258236795,3.8047348992854824
817.9090545406053,12.832856931163208,12.832856931163208,12.977325909662369,13.018961813443731,2.7359264258236795,3.3047348992854824
818.1090812108281,12.841908314434141,12.841908314434141,12.977784391025489,13.024898922782384,3.0125107194741494,3.1950768342895586
818.3091078810507,12.850951386193643,12.850951386193643,12.971709831851717,13.021168747752894,2.5125107194741494,2.6950768342895586
818.5091345512735,12.859986057166452,12.859986057166452,12.976847716774428,13.02252122620448,3.0125107194741494,3.1950768342895586
818.7091612214962,12.86901223816022,12.86901223816022,12.971559197194988,13.01896875293186,2.5125107194741494,2.818290375140428
818.9091878917188,12.87802984006643,12.87802984006643,12.957498235630975,13.016898514072677,2.0125107194741494,2.7620553919359097
819.1092145619416,12.887038773861258,12.887038773861258,12.950223308573358,13.024654976245305,2.5125107194741494,3.2620553919359097
819.3092412321643,12.89603895060644,12.89603895060644,12.935230260161127,13.023051130422663,2.018693827967094,2.7620553919359097
819.5092679023869,12.905030281450177,12.905030281450177,12.933500394000074,13.031452882598572,2.518693827967094,3.2620553919359097
819.7092945726097,12.914012677628001,12.914012677628001,12.937911044314463,13.040306759074252,3.018693827967094,3.7620553919359097
819.9093212428323,12.92298605046363,12.92298605046363,12.947821854803676,13.057504881203654,3.518693827967094,4.26205539193591
820.109347913055,12.931950311369887,12.931950311369887,12.967502621315875,13.066619137701355,4.018693827967094,3.7620553919359097
820.3093745832778,12.940905371849533,12.940905371849533,12.99699374197478,13.072749047772545,4.518693827967094,3.2620553919359097
820.5094012535004,12.949851143496158,12.949851143496158,13.016522788538115,13.071178958306232,4.018693827967094,2.786423776107688
820.7094279237232,12.958787537995068,12.958787537995068,13.027818530502037,13.07202974785046,3.518693827967094,3.159033710054238
820.9094545939458,12.967714467124122,12.967714467124122,13.047873071964364,13.069591467189248,3.8218427915634887,2.90192954117643
821.1094812641685,12.97663184275464,12.97663184275464,13.052123669110987,13.075040409368425,3.3218427915634887,3.40192954117643
821.3095079343913,12.985539576852256,12.985539576852256,13.05232810956181,13.088977909007621,2.8218427915634887,3.90192954117643
821.5095346046139,12.99443758147777,12.99443758147777,13.057492128096072,13.09828286388625,3.3218427915634887,3.40192954117643
821.7095612748366,13.003325768788054,13.003325768788054,13.069856106553004,13.11468507495856,3.757952469385886,3.90192954117643
821.9095879450593,13.01220405103689,13.01220405103689,13.077883390206793,13.122317275127415,3.718836399487723,3.8015127476025574
822.109614615282,13.02107234057584,13.02107234057584,13.100657484725252,13.134022705028872,4.2188363994877225,3.662723116537028
822.3096412855047,13.029930549855123,13.029930549855123,13.130908364566183,13.138645347324209,4.7188363994877225,3.162723116537028
822.5096679557274,13.038778591424476,13.038778591424476,13.155699508918877,13.147566596969806,4.2188363994877225,3.662723116537028
822.7096946259501,13.047616377934002,13.047616377934002,13.167252015272497,13.15328445756512,3.7188363994877225,3.5197095069742894
822.9097212961727,13.056443822135055,13.056443822135055,13.17532578148428,13.16012676176141,3.2188363994877225,3.195039955755654
823.1097479663955,13.065260836881098,13.065260836881098,13.19012121303618,13.167826278437778,3.7188363994877225,3.695039955755654
823.3097746366182,13.074067335128522,13.074067335128522,13.191986389046026,13.171443792654545,3.2188363994877225,3.195039955755654
823.5098013068409,13.08286322993758,13.08286322993758,13.19106367746055,13.180429428827917,2.7188363994877225,3.695039955755654
823.7098279770636,13.091648434473175,13.091648434473175,13.183717991630264,13.185128253356798,2.2188363994877225,3.195039955755654
823.9098546472862,13.100422862005765,13.100422862005765,13.181635624222606,13.192387345277035,2.7188363994877225,3.695039955755654
824.109881317509,13.109186425912199,13.109186425912199,13.176196319659322,13.196734647041309,2.486238155306079,3.195039955755654
824.3099079877317,13.11793903967656,13.11793903967656,13.177166248703372,13.206297449691947,2.8298419916194346,3.695039955755654
824.5099346579543,13.126680616891049,13.126680616891049,13.186972257393407,13.2120617470181,3.3298419916194346,3.368082584195878
824.7099613281771,13.13541107125682,13.13541107125682,13.190301803092469,13.225667111937538,3.224642321804478,3.868082584195878
824.9099879983997,13.144130316584821,13.144130316584821,13.202141226116666,13.245773251104508,3.724642321804478,4.368082584195879
825.1100146686224,13.152838266796676,13.152838266796676,13.22108790937949,13.261360480133554,4.2246423218044775,4.165401358603209
825.3100413388452,13.16153483592551,13.16153483592551,13.251594481924068,13.270043701166035,4.7246423218044775,3.834936298117414
825.5100680090678,13.170219938116796,13.170219938116796,13.277949463943097,13.278724220876478,4.2246423218044775,3.4731614997980254
825.7100946792906,13.178893487629228,13.178893487629228,13.30663779187609,13.28959725513811,4.7246423218044775,3.9731614997980254
825.9101213495132,13.187555398835531,13.187555398835531,13.344360224626962,13.296680205582229,5.2246423218044775,3.4731614997980254
826.1101480197359,13.19620558622335,13.19620558622335,13.375320262728348,13.295350352523537,4.7246423218044775,2.9731614997980254
826.3101746899587,13.204843964396048,13.204843964396048,13.396839374075524,13.28961883727481,4.2246423218044775,2.4731614997980254
826.5102013601813,13.213470448073576,13.213470448073576,13.410002059509516,13.290158350897086,3.7246423218044775,2.9731614997980254
826.710228030404,13.222084952093319,13.222084952093319,13.418226843164264,13.28322791131126,3.2246423218044775,2.4731614997980254
826.9102547006268,13.230687391410928,13.230687391410928,13.413239709512817,13.28387820289473,2.7246423218044775,2.9731614997980254
827.1102813708494,13.239277681101147,13.239277681101147,13.40859862584129,13.292988099096396,2.511455610583486,3.4731614997980254
827.3103080410721,13.247855736358673,13.247855736358673,13.404343298631863,13.293523545601102,2.5574513050865497,3.1268690226643434
827.5103347112948,13.256421472498992,13.256421472498992,13.389860430375293,13.304512265258042,2.0574513050865497,3.6268690226643434
827.7103613815175,13.264974804959184,13.264974804959184,13.380701352079,13.321161710847784,2.5574513050865497,4.126869022664343
827.9103880517401,13.273515649298803,13.273515649298803,13.386259533923612,13.340211894193363,3.0574513050865497,4.626869022664343
828.1104147219629,13.282043921200682,13.282043921200682,13.3825039497593,13.35453537642551,2.5574513050865497,4.126869022664343
828.3104413921856,13.290559536471763,13.290559536471763,13.37398981987175,13.372710357318589,2.605741826981537,4.626869022664343
828.5104680624083,13.299062411043954,13.299062411043954,13.377034072826222,13.387464162912798,3.105741826981537,4.126869022664343
828.710494732631,13.30755246097492,13.30755246097492,13.374497874716345,13.39209765935742,2.605741826981537,3.6268690226643434
828.9105214028536,13.31602960244896,13.31602960244896,13.38302420649169,13.406182644678227,3.105741826981537,4.126869022664343
829.1105480730764,13.324493751777789,13.324493751777789,13.390749556031727,13.414904877311548,3.605741826981537,3.6682431144886185
829.3105747432991,13.332944825401382,13.332944825401382,13.410284798545531,13.417364794556908,4.105741826981538,3.1682431144886185
829.5106014135217,13.341382739888815,13.341382739888815,13.43942546124742,13.424544550437648,4.605741826981538,3.3248835374676506
829.7106280837445,13.349807411939068,13.349807411939068,13.458050357227092,13.435311730034194,4.105741826981538,3.8248835374676506
829.9106547539672,13.358218758381847,13.358218758381847,13.485565830055172,13.445222068054335,4.605741826981538,3.542680568180061
830.1106814241898,13.366616696178417,13.366616696178417,13.50003707491114,13.462303776089929,4.120633078621029,4.042680568180061
830.3107080944126,13.37500114242242,13.37500114242242,13.51090014304626,13.481456628334225,3.6206330786210286,4.463883257630112
830.5107347646352,13.38337201434068,13.38337201434068,13.510442151410455,13.50924028141046,3.1206330786210286,4.963883257630112
830.710761434858,13.391729229294038,13.391729229294038,13.50700110845433,13.529474559466697,2.690858567255673,4.463883257630112
830.9107881050807,13.400072704778152,13.400072704778152,13.494272371034553,13.539461639459963,2.190858567255673,3.963883257630112
831.1108147753033,13.408402358424329,13.408402358424329,13.488480097280801,13.544698977400612,2.690858567255673,3.463883257630112
831.3108414455261,13.416718108000325,13.416718108000325,13.493736795552797,13.551539834943116,3.190858567255673,3.524173035528094
831.5108681157487,13.42501987141115,13.42501987141115,13.487180567872866,13.566091475275117,2.690858567255673,4.024173035528094
831.7108947859714,13.433307566699902,13.433307566699902,13.49353354086138,13.575983788918528,3.190858567255673,3.5241730355280936
831.9109214561942,13.441581112048567,13.441581112048567,13.503954445003524,13.5750771772883,3.690858567255673,3.0241730355280936
832.1109481264168,13.449840425778795,13.449840425778795,13.527936627293117,13.582034748289072,4.190858567255673,3.307162189120101
832.3109747966395,13.458085426352762,13.458085426352762,13.536907125705369,13.579854549405162,3.690858567255673,2.807162189120101
832.5110014668622,13.466316032373937,13.466316032373937,13.544986366586569,13.579574727254373,3.279984276527583,3.1088947060287233
832.7110281370849,13.474532162587892,13.474532162587892,13.56419089817764,13.57914501355015,3.779984276527583,2.9338906821216812
832.9110548073076,13.482733735883109,13.482733735883109,13.581033252653095,13.589365013779833,4.279984276527583,3.4338906821216812
833.1110814775303,13.49092067129179,13.49092067129179,13.610603479831477,13.588215332061367,4.779984276527583,3.022603335133215
833.311108147753,13.499092887990624,13.499092887990624,13.627013310732472,13.581223983570302,4.279984276527583,2.522603335133215
833.5111348179757,13.507250305301632,13.507250305301632,13.641264633428175,13.56565649746513,3.779984276527583,2.022603335133215
833.7111614881984,13.515392842692911,13.515392842692911,13.665192952711877,13.560400743317755,4.279984276527583,2.4568963558330283
833.911188158421,13.523520419779476,13.523520419779476,13.67748589225976,13.55752357404681,3.779984276527583,2.9568963558330283
834.1112148286438,13.531632956324032,13.531632956324032,13.68306904491193,13.559815894971461,3.279984276527583,3.4568963558330283
834.3112414988665,13.539730372237754,13.539730372237754,13.682583052377556,13.571600091953528,2.779984276527583,3.9568963558330283
834.5112681690891,13.547812587581104,13.547812587581104,13.68887226029618,13.582911995209798,3.279984276527583,3.9349301523935645
834.7112948393119,13.55587952256461,13.55587952256461,13.682366776832447,13.589512421322349,2.779984276527583,3.4349301523935645
834.9113215095346,13.563931097549638,13.563931097549638,13.684309752950371,13.601955481912412,3.075376957261266,3.9349301523935645
835.1113481797572,13.571967233049195,13.571967233049195,13.678094333196794,13.6049046177266,2.575376957261266,3.4349301523935645
835.31137484998,13.579987849728722,13.579987849728722,13.676614250420648,13.617105824705305,3.075376957261266,3.9349301523935645
835.5114015202026,13.58799286840685,13.58799286840685,13.683408216509376,13.629859402309146,3.575376957261266,4.025928808487075
835.7114281904254,13.59598221005621,13.59598221005621,13.686539769270627,13.636495110377918,3.075376957261266,3.525928808487075
835.9114548606481,13.603955795804186,13.603955795804186,13.695206770488438,13.65153456587346,3.4472921593938146,4.025928808487075
836.1114815308707,13.611913546933721,13.611913546933721,13.694387395843787,13.654759024476633,2.9472921593938146,3.525928808487075
836.3115082010935,13.61985538488408,13.61985538488408,13.705323408036133,13.654369259126765,3.4472921593938146,3.043758436445503
836.5115348713161,13.627781231251612,13.627781231251612,13.722735235069822,13.659617699631474,3.9472921593938146,3.543758436445503
836.7115615415388,13.635691007790557,13.635691007790557,13.745633337914954,13.673151532656188,4.447292159393815,4.043758436445502
836.9115882117616,13.643584636413793,13.643584636413793,13.763591828057661,13.688347049343035,3.9472921593938146,4.355569335916023
837.1116148819842,13.651462039193607,13.651462039193607,13.782302119207694,13.714858212076969,4.1934803992321745,4.855569335916023
837.3116415522069,13.65932313836248,13.65932313836248,13.79140760033704,13.730901001270414,3.6934803992321745,4.355569335916023
837.5116682224296,13.667167856313847,13.667167856313847,13.791945233694072,13.754770266788016,3.1934803992321745,4.855569335916023
837.7116948926523,13.67499611560285,13.67499611560285,13.787615365224061,13.771304736134857,2.6934803992321745,4.355569335916023
837.911721562875,13.682807838947133,13.682807838947133,13.781255548593059,13.789152913626122,2.658256030881912,4.307968774150547
838.1117482330977,13.690602949227571,13.690602949227571,13.782100286723557,13.812461975615422,3.158256030881912,4.794974924290711
838.3117749033204,13.698381369489049,13.698381369489049,13.793453184230621,13.83054390278673,3.658256030881912,4.294974924290711
838.5118015735432,13.70614302294123,13.70614302294123,13.814828593302035,13.843428246566766,4.158256030881912,3.8934237109459837
838.7118282437658,13.713887832959289,13.713887832959289,13.840767593471371,13.848223107594597,4.423243203961385,3.3934237109459837
838.9118549139885,13.721615723084694,13.721615723084694,13.870406719917025,13.847930054035281,4.923243203961385,2.8944830569150075
839.1118815842112,13.729326617025952,13.729326617025952,13.890200567603017,13.840963004557528,4.423243203961385,2.3944830569150075
839.3119082544339,13.737020438659345,13.737020438659345,13.909167677424763,13.824188032902825,3.923243203961385,1.8944830569150075
839.5119349246565,13.74469711202971,13.74469711202971,13.929862807086991,13.818482487812663,4.095298165956778,2.3944830569150075
839.7119615948793,13.752356561351176,13.752356561351176,13.93967168350602,13.817213685639944,3.5952981659567778,2.8944830569150075
839.911988265102,13.759998711007901,13.759998711007901,13.93590228829105,13.811342063942783,3.0952981659567778,2.3944830569150075
840.1120149353246,13.767623485554838,13.767623485554838,13.949953150250137,13.812465520556774,3.5952981659567778,2.8944830569150075
840.3120416055474,13.775230809718472,13.775230809718472,13.950067519745513,13.81841482601301,3.0952981659567778,3.3944830569150075
840.51206827577,13.782820608397554,13.782820608397554,13.940371853103544,13.831978045725972,2.5952981659567778,3.8944830569150075
840.7120949459928,13.790392806663863,13.790392806663863,13.925202557882734,13.83453038263212,2.0952981659567778,3.3944830569150075
840.9121216162155,13.79794732976292,13.79794732976292,13.902876477821632,13.834008982581365,1.5952981659567778,2.8944830569150075
841.1121482864381,13.805484103114743,13.805484103114743,13.888153554465001,13.83481090711718,2.0952981659567778,3.1949029887752944
841.3121749566609,13.81300305231459,13.81300305231459,13.880561660371589,13.843333287740313,2.5952981659567778,3.6949029887752944
841.5122016268836,13.820504103133665,13.820504103133665,13.881351099600154,13.858864214875059,3.0952981659567778,4.194902988775294
841.7122282971062,13.827987181519884,13.827987181519884,13.88967024928501,13.87089813939353,3.5952981659567778,3.948487796334803
841.912254967329,13.835452213598591,13.835452213598591,13.90063118697486,13.887647493758458,3.4458138286746465,4.448487796334803
842.1122816375516,13.842899125673272,13.842899125673272,13.904054000200086,13.906439246306267,3.0944550436138405,4.540507963681628
842.3123083077743,13.850327844226312,13.850327844226312,13.911277389535794,13.91897131597765,3.5944550436138405,4.058631307407486
842.512334977997,13.85773829591971,13.85773829591971,13.93330211121929,13.925794066487912,4.0944550436138405,3.5586313074074862
842.7123616482197,13.865130407595778,13.865130407595778,13.938822622488933,13.93536677931137,3.5944550436138405,4.058631307407486
842.9123883184424,13.872504106277908,13.872504106277908,13.94226820236617,13.947169334571745,3.0944550436138405,4.1327553701035615
843.1124149886651,13.879859319171262,13.879859319171262,13.933960114566085,13.954764131594118,2.5944550436138405,3.6327553701035615
843.3124416588878,13.887195973663488,13.887195973663488,13.93428371969714,13.957037717163812,3.0944550436138405,3.1327553701035615
843.5124683291106,13.894513997325465,13.894513997325465,13.925378736245714,13.955551183780557,2.5944550436138405,2.6327553701035615
843.7124949993332,13.90181331791198,13.90181331791198,13.924423239380001,13.956955105883077,3.0944550436138405,3.1327553701035615
843.9125216695559,13.909093863362479,13.909093863362479,13.93572676832527,13.964730976237915,3.5944550436138405,3.6327553701035615
844.1125483397786,13.91635556180175,13.91635556180175,13.945438520052344,13.981865692045751,3.6233413231428675,4.1327553701035615
844.3125750100013,13.92359834154064,13.92359834154064,13.96913914528875,13.992208754855437,4.123341323142867,3.697775646491526
844.512601680224,13.930822131076772,13.930822131076772,13.978823355981245,13.99999041847668,3.623341323142867,3.9060357593296997
844.7126283504467,13.93802685909525,13.93802685909525,13.996929202866559,14.004373680636935,4.123341323142867,3.4060357593296997
844.9126550206694,13.945212454469347,13.945212454469347,14.007865818816748,13.999609635760008,3.623341323142867,2.9060357593296997
845.112681690892,13.95237884626122,13.95237884626122,14.026337223991225,14.004144548136276,4.123341323142867,3.4060357593296997
845.3127083611148,13.95952596372262,13.95952596372262,14.035408979235973,13.999968199276116,3.623341323142867,2.9060357593296997
845.5127350313375,13.966653736295555,13.966653736295555,14.036848794749746,14.000844671770412,3.123341323142867,3.4060357593296997
845.7127617015602,13.973762093613036,13.973762093613036,14.045213713205962,14.012528780696622,3.623341323142867,3.77478489242206
845.9127883717829,13.980850965499725,13.980850965499725,14.04717266850784,14.015194087211906,3.123341323142867,3.366110641691903
846.1128150420055,13.987920281972661,13.987920281972661,14.061036816229036,14.017665341759297,3.623341323142867,2.866110641691903
846.3128417122283,13.99496997324194,13.99496997324194,14.063883126674094,14.025165661570414,3.283235371928774,3.366110641691903
846.512868382451,14.001999969711388,14.001999969711388,14.057795687117572,14.039302750972933,2.783235371928774,3.866110641691903
846.7128950526736,14.00901020197928,14.00901020197928,14.06305645175818,14.055232196600898,3.283235371928774,4.366110641691903
846.9129217228964,14.016000600839,14.016000600839,14.08109806133147,14.064821759508938,3.783235371928774,3.866110641691903
847.112948393119,14.022971097279724,14.022971097279724,14.091647861465253,14.069451751624236,3.797918407750454,3.366110641691903
847.3129750633417,14.02992162248712,14.02992162248712,14.105708378301195,14.074335182408783,4.228022404627264,3.133600933940105
847.5130017335645,14.03685210784402,14.03685210784402,14.11539541067113,14.081982463751718,3.7280224046272643,3.633600933940105
847.7130284037871,14.043762484931078,14.043762484931078,14.115544099752658,14.093413728188102,3.2280224046272643,4.133600933940105
847.9130550740098,14.050652685527474,14.050652685527474,14.12665588459121,14.10053379915467,3.7280224046272643,3.633600933940105
848.1130817442325,14.05752264161158,14.05752264161158,14.149276824441042,14.113831185545571,4.228022404627264,4.133600933940105
848.3131084144552,14.064372285361607,14.064372285361607,14.159469243750449,14.13178131164197,3.7280224046272643,4.436353445979851
848.513135084678,14.071201549156315,14.071201549156315,14.17809192423079,14.145269149707989,4.228022404627264,4.146214301307052
848.7131617549006,14.078010365575642,14.078010365575642,14.189658433510983,14.15213338269435,3.7280224046272643,3.646214301307052
848.9131884251233,14.084798667401397,14.084798667401397,14.206172329350965,14.165776158703244,4.228022404627264,4.146214301307052
849.113215095346,14.091566387617917,14.091566387617917,14.233908830411252,14.184168740727198,4.728022404627264,4.646214301307052
849.3132417655687,14.098313459412713,14.098313459412713,14.2531722102292,14.19450252522135,4.228022404627264,4.146214301307052
849.5132684357914,14.105039816177154,14.105039816177154,14.26342481706238,14.212630138392564,3.7280224046272643,4.646214301307052
849.7132951060141,14.111745391507108,14.111745391507108,14.269441201144819,14.226697141670925,3.2280224046272643,4.146214301307052
849.9133217762368,14.118430119203602,14.118430119203602,14.27782104424214,14.233956673507825,3.631011452571493,3.646214301307052
850.1133484464594,14.125093933273469,14.125093933273469,14.279752668349547,14.246939701410675,3.131011452571493,4.146214301307052
850.3133751166822,14.13173676793002,14.13173676793002,14.287486483785688,14.251826684787222,3.395159526695042,3.646214301307052
850.5134017869049,14.138358557593666,14.138358557593666,14.289206402789493,14.253050446357175,2.895159526695042,3.146214301307052
850.7134284571276,14.144959236892593,14.144959236892593,14.300089869102994,14.26187843640757,3.395159526695042,3.580765446870082
850.9134551273503,14.151538740663376,14.151538740663376,14.298751507571382,14.263828267525371,2.895159526695042,3.080765446870082
851.113481797573,14.158097003951653,14.158097003951653,14.288445568108042,14.272441942434673,2.395159526695042,3.580765446870082
851.3135084677957,14.164633962012754,14.164633962012754,14.26818363661812,14.286674667789331,1.8951595266950418,4.080765446870082
851.5135351380184,14.171149550312325,14.171149550312325,14.257184464253312,14.295263328899265,2.395159526695042,3.580765446870082
851.713561808241,14.177643704526995,14.177643704526995,14.25873040087164,14.290715206673752,2.895159526695042,3.080765446870082
851.9135884784638,14.184116360544987,14.184116360544987,14.263808381026243,14.28461226669791,3.395159526695042,2.580765446870082
852.1136151486864,14.190567454466757,14.190567454466757,14.276926167221573,14.27774271998528,3.895159526695042,2.598102284533258
852.3136418189091,14.196996922605635,14.196996922605635,14.285536495393938,14.267137812910846,3.395159526695042,2.098102284533258
852.5136684891319,14.20340470148844,14.20340470148844,14.28357972661452,14.247811362843077,2.895159526695042,1.5981022845332582
852.7136951593545,14.20979072785611,14.20979072785611,14.287874310612592,14.236734558074293,3.395159526695042,2.098102284533258
852.9137218295772,14.216154938664339,14.216154938664339,14.298700263942026,14.23262053463722,3.5779636992857426,2.598102284533258
853.1137484998,14.222497271084176,14.222497271084176,14.311191141094342,14.230173897270834,3.8120834498858076,3.098102284533258
853.3137751700226,14.228817662502665,14.228817662502665,14.314605874117637,14.225402367033,3.3120834498858076,2.812365727974386
853.5138018402454,14.235116050523462,14.235116050523462,14.323755642583338,14.22687856571797,3.8120834498858076,3.312365727974386
853.713828510468,14.241392372967432,14.241392372967432,14.324750725617374,14.234081781770572,3.3120834498858076,3.812365727974386
853.9138551806907,14.247646567873291,14.247646567873291,14.326016619383417,14.23644385207962,3.269454768301779,3.312365727974386
854.1138818509135,14.253878573498197,14.253878573498197,14.33859781768213,14.247786416993824,3.769454768301779,3.812365727974386
854.3139085211361,14.260088328318359,14.260088328318359,14.339057623422914,14.251197395110863,3.269454768301779,3.312365727974386
854.5139351913588,14.26627577102966,14.26627577102966,14.349042807227013,14.245363778284663,3.5206228125405374,2.831410505563514
854.7139618615815,14.272440840548256,14.272440840548256,14.36444947246344,14.249946625387512,4.020622812540537,3.331410505563514
854.9139885318042,14.278583476011162,14.278583476011162,14.369934099841132,14.254707560594264,3.5206228125405374,3.396015223186368
855.1140152020268,14.28470361677688,14.28470361677688,14.387276242958736,14.257178413251388,4.020622812540537,3.0270580987154942
855.3140418722496,14.290801202425985,14.290801202425985,14.408338720692543,14.264098642455561,4.345132221677094,3.5270580987154942
855.5140685424723,14.29687617276171,14.29687617276171,14.421171327284734,14.276205122757194,3.845132221677094,4.027058098715495
855.714095212695,14.302928467810563,14.302928467810563,14.428634910942405,14.29269043247905,3.345132221677094,4.527058098715495
855.9141218829177,14.308958027822902,14.308958027822902,14.424025240018171,14.317766354192125,2.845132221677094,5.027058098715495
856.1141485531404,14.314964793273528,14.314964793273528,14.422071834841319,14.34976994557867,2.910331068602957,5.527058098715495
856.3141752233631,14.320948704862284,14.320948704862284,14.428703440511986,14.374148284517448,3.410331068602957,5.027058098715495
856.5142018935858,14.32690970351462,14.32690970351462,14.423641453596634,14.391361337173468,2.910331068602957,4.527058098715495
856.7142285638084,14.332847730382198,14.332847730382198,14.411291658298667,14.41650510311074,2.410331068602957,4.959005326722256
856.9142552340312,14.338762726843465,14.338762726843465,14.405389610950229,14.436537225697515,2.910331068602957,4.459005326722256
857.1142819042539,14.34465463450421,14.34465463450421,14.404841236687323,14.444404628275745,3.410331068602957,3.959005326722256
857.3143085744765,14.35052339519818,14.35052339519818,14.423844842336132,14.460646007626188,3.910331068602957,4.459005326722256
857.5143352446993,14.356368950987633,14.356368950987633,14.428640548837286,14.470843367010472,3.410331068602957,3.959005326722256
857.7143619149219,14.362191244163895,14.362191244163895,14.440217941711445,14.472963429803107,3.910331068602957,3.459005326722256
857.9143885851447,14.367990217247964,14.367990217247964,14.459659964224048,14.471396522161418,4.020736427939294,2.959005326722256
858.1144152553674,14.373765812991046,14.373765812991046,14.463960054826098,14.462712883841991,3.520736427939294,2.459005326722256
858.31444192559,14.379517974375139,14.379517974375139,14.460473937357488,14.462422723285552,3.020736427939294,2.959005326722256
858.5144685958128,14.385246644613597,14.385246644613597,14.460983927358148,14.467739752818094,3.1456643010665246,3.459005326722256
858.7144952660354,14.39095176715167,14.39095176715167,14.45286980018033,14.469551752923222,2.6456643010665246,3.282815131968059
858.9145219362581,14.396633285667088,14.396633285667088,14.45392319418858,14.466064861883737,3.1456643010665246,2.782815131968059
859.1145486064809,14.402291144070599,14.402291144070599,14.462659539724731,14.469490633620433,3.6456643010665246,3.282815131968059
859.3145752767035,14.40792528650653,14.40792528650653,14.480050597843348,14.478310846280165,4.145664301066525,3.782815131968059
859.5146019469262,14.413535657353336,14.413535657353336,14.491305452859528,14.480026981019867,3.6456643010665246,3.282815131968059
859.714628617149,14.419122201224162,14.419122201224162,14.491928195204768,14.490009878253248,3.1456643010665246,3.758325963810172
859.9146552873716,14.42468486296736,14.42468486296736,14.501597662630198,14.505201277374077,3.6456643010665246,4.055558744940276
860.1146819575943,14.430223587667065,14.430223587667065,14.502690373833614,14.514578331210316,3.1456643010665246,3.8550700405204075
860.314708627817,14.435738320643722,14.435738320643722,14.498815457994581,14.52098999062181,2.6456643010665246,3.5896655998500333
860.5147352980397,14.44122900745462,14.44122900745462,14.50039979950903,14.535707076836148,3.1456643010665246,4.089665599850033
860.7147619682625,14.44669559389445,14.44669559389445,14.50829043092245,14.542055271160589,3.6456643010665246,3.589665599850033
860.9147886384851,14.452138025995813,14.452138025995813,14.511406684671714,14.545484519987046,3.276843329306782,3.2002972409527852
861.1148153087078,14.45755625002978,14.45755625002978,14.506598058613779,14.53729724017477,2.776843329306782,2.7002972409527852
861.3148419789305,14.462950212506406,14.462950212506406,14.513602725676735,14.526549530478158,3.250129824395543,2.2002972409527852
861.5148686491532,14.468319860175253,14.468319860175253,14.513566399922414,14.521079175536016,3.1174916912661255,2.7002972409527852
861.7148953193758,14.473665140025934,14.473665140025934,14.520754833361135,14.523554966548547,3.6174916912661255,3.2002972409527852
861.9149219895986,14.478985999288632,14.478985999288632,14.521477277333506,14.529685872443158,3.5006728744751006,3.7002972409527852
862.1149486598213,14.484282385434593,14.484282385434593,14.541044426068,14.543098685311902,4.0006728744751,4.200297240952786
862.3149753300439,14.48955424617669,14.48955424617669,14.56604892783346,14.562532034138778,4.5006728744751,4.700297240952786
862.5150020002667,14.49480152946991,14.49480152946991,14.582503027288062,14.576794034901479,4.0006728744751,4.200297240952786
862.7150286704893,14.500024183511865,14.500024183511865,14.586112403910558,14.583291615101732,3.5006728744751,3.7002972409527857
862.9150553407121,14.505222156743327,14.505222156743327,14.584839586279571,14.595457240983393,3.0006728744751,4.200297240952786
863.1150820109348,14.510395397848711,14.510395397848711,14.572446348830576,14.600877712038395,2.5006728744751,3.7002972409527857
863.3151086811574,14.515543855756599,14.515543855756599,14.573985456587197,14.600158410658885,3.0006728744751,3.2002972409527857
863.5151353513802,14.52066747964024,14.52066747964024,14.564693177041798,14.596221700782777,2.6557638490488964,2.7002972409527857
863.7151620216029,14.52576621891804,14.52576621891804,14.56444827015877,14.598988756014869,3.053105637045889,3.2002972409527857
863.9151886918255,14.530840023254086,14.530840023254086,14.572876929449293,14.597844035942023,3.553105637045889,3.130560282896217
864.1152153620483,14.53588884255862,14.53588884255862,14.588015896720561,14.604154276675146,3.8583504873178485,3.630560282896217
864.3152420322709,14.540912626988538,14.540912626988538,14.594335874046735,14.60627578256544,3.529954519219921,3.130560282896217
864.5152687024936,14.545911326947895,14.545911326947895,14.597303208100653,14.615969913180695,3.029954519219921,3.630560282896217
864.7152953727164,14.550884893088385,14.550884893088385,14.605294039244491,14.616285724638281,3.529954519219921,3.130560282896217
864.915322042939,14.555833276309823,14.555833276309823,14.608398784962505,14.623548512341262,3.029954519219921,3.630560282896217
865.1153487131617,14.560756427760634,14.560756427760634,14.61922425394262,14.623635263513178,3.529954519219921,3.130560282896217
865.3153753833844,14.565654298838346,14.565654298838346,14.61351336686831,14.62250213802709,3.029954519219921,2.862253133587527
865.5154020536071,14.570526841190054,14.570526841190054,14.617354706947513,14.623339645041602,3.529954519219921,3.362253133587527
865.7154287238299,14.575374006712906,14.575374006712906,14.629415387116854,14.633731555111629,4.02995451921992,3.862253133587527
865.9154553940525,14.580195747554573,14.580195747554573,14.649546708490439,14.638700389101235,4.448664786918742,3.362253133587527
866.1154820642752,14.584992016113727,14.584992016113727,14.679194532917817,14.63759983436948,4.822614012579066,2.862253133587527
866.3155087344979,14.589762765040515,14.589762765040515,14.697192929839195,14.640906084557892,4.322614012579066,3.362253133587527
866.5155354047206,14.594507947237002,14.594507947237002,14.714678985166612,14.65304823538041,4.21823636269009,3.862253133587527
866.7155620749433,14.59922751585767,14.59922751585767,14.726680082514761,14.655792343362227,3.7182363626900896,3.362253133587527
866.915588745166,14.60392142430986,14.60392142430986,14.725621870223662,14.662592906790561,3.2182363626900896,3.862253133587527
867.1156154153887,14.608589626254227,14.608589626254227,14.720127930969808,14.664894854735119,2.7182363626900896,3.362253133587527
867.3156420856113,14.61323207560522,14.61323207560522,14.710512359620335,14.673294986915652,2.3843967179041736,3.862253133587527
867.5156687558341,14.617848726531518,14.617848726531518,14.6914258452152,14.673112774659453,1.8843967179041736,3.362253133587527
867.7156954260568,14.622439533456483,14.622439533456483,14.673036107271257,14.681243737463273,2.0954780542387086,3.862253133587527
867.9157220962795,14.627004451058625,14.627004451058625,14.663893687298211,14.695215404037754,2.5954780542387086,4.362253133587528
868.1157487665022,14.631543434272025,14.631543434272025,14.664404878633354,14.714077670584,2.975022762592932,4.862253133587528
868.3157754367248,14.636056438286808,14.636056438286808,14.667967627804652,14.72838284298434,3.475022762592932,4.362253133587528
868.5158021069476,14.640543418549566,14.640543418549566,14.66758006690818,14.737232201303602,2.975022762592932,3.8622531335875276
868.7158287771703,14.6450043307638,14.6450043307638,14.673534894485137,14.736298884074838,3.475022762592932,3.3622531335875276
868.9158554473929,14.649439130890368,14.649439130890368,14.674835136497585,14.745173292427637,3.5099590606267355,3.8622531335875276
869.1158821176157,14.653847775147913,14.653847775147913,14.691141243328623,14.751076254627193,4.009959060626736,3.3622531335875276
869.3159087878383,14.65823022001328,14.65823022001328,14.694749199712197,14.74885441567346,3.509959060626736,2.8622531335875276
869.515935458061,14.66258642222198,14.66258642222198,14.694028181611351,14.73773173548579,3.009959060626736,2.3622531335875276
869.7159621282838,14.666916338768587,14.666916338768587,14.701306989630819,14.72166999923678,3.509959060626736,1.8622531335875276
869.9159887985064,14.67121992690717,14.67121992690717,14.714526512888897,14.701144472584941,4.009959060626736,1.4025688219853016
870.1160154687291,14.675497144151725,14.675497144151725,14.718199987443555,14.682297697065765,3.509959060626736,1.9025688219853016
870.3160421389518,14.679747948276589,14.679747948276589,14.732115783251169,14.669565569009986,4.009959060626736,2.4025688219853016
870.5160688091745,14.683972297316846,14.683972297316846,14.739928180302492,14.666105806051663,3.509959060626736,2.9025688219853016
870.7160954793973,14.688170149568764,14.688170149568764,14.759128187221465,14.65317178336162,4.009959060626736,2.4025688219853016
870.9161221496199,14.692341463590175,14.692341463590175,14.769274611503985,14.646133151301736,3.9849849725538378,2.9025688219853016
871.1161488198426,14.696486198200919,14.696486198200919,14.773534740487207,14.649233943472703,3.4849849725538378,3.4025688219853016
871.3161754900653,14.700604312483227,14.700604312483227,14.776893476191605,14.659985137149443,3.246893638369614,3.9025688219853016
871.516202160288,14.704695765782132,14.704695765782132,14.770345081284391,14.6714550332266,2.746893638369614,3.8228681140864627
871.7162288305107,14.708760517705873,14.708760517705873,14.752215156309878,14.686498892232775,2.246893638369614,4.322868114086463
871.9162555007334,14.71279852812629,14.71279852812629,14.743380844134496,14.697140962262734,2.6714091748321316,4.049026939621954
872.1162821709561,14.716809757179218,14.716809757179218,14.745403954116068,14.712832982910678,3.1714091748321316,4.549026939621954
872.3163088411787,14.720794165264888,14.720794165264888,14.744717234566428,14.72646587333922,3.565906024086688,4.049026939621954
872.5163355114015,14.724751713048315,14.724751713048315,14.760834719619558,14.743065622870656,4.065906024086688,4.549026939621954
872.7163621816242,14.728682361459676,14.728682361459676,14.770461667239749,14.75596622535091,3.565906024086688,4.049026939621954
872.9163888518469,14.732586071694715,14.732586071694715,14.770488612062215,14.762891444324653,3.065906024086688,3.549026939621954
873.1164155220696,14.736462805215112,14.736462805215112,14.768930240915477,14.770483393891833,2.728624946159439,3.857908036084279
873.3164421922922,14.740312523748862,14.740312523748862,14.771108494629964,14.772029983949402,3.228624946159439,3.393349745889102
873.516468862515,14.744135189290674,14.744135189290674,14.785550030357195,14.777029630497637,3.728624946159439,3.438517371582582
873.7164955327377,14.747930764102309,14.747930764102309,14.79833525996626,14.776354785327207,4.1096455759677175,2.938517371582582
873.9165222029603,14.751699210712987,14.751699210712987,14.808335087287498,14.780243922628856,3.6096455759677175,3.438517371582582
874.1165488731831,14.755440491919746,14.755440491919746,14.807931457435178,14.790619631253065,3.1096455759677175,3.938517371582582
874.3165755434057,14.759154570787794,14.759154570787794,14.815343649374833,14.795424727128298,3.6096455759677175,3.539842507917453
874.5166022136284,14.762841410650902,14.762841410650902,14.812447242636136,14.793344927424439,3.1096455759677175,3.039842507917453
874.7166288838512,14.766500975111741,14.766500975111741,14.808687505637467,14.795399577296774,2.988687675665569,3.2759374679984856
874.9166555540738,14.770133228042255,14.770133228042255,14.800908894451112,14.79064150253388,2.697051445614442,2.7759374679984856
875.1166822242965,14.773738133584008,14.773738133584008,14.785214641010578,14.795195509734013,2.197051445614442,3.2759374679984856
875.3167088945193,14.777315656148556,14.777315656148556,14.770081868623386,14.80130573854438,2.3276538301877165,3.7759374679984856
875.5167355647419,14.780865760417772,14.780865760417772,14.763190737563418,14.813110889662724,2.8276538301877165,4.275937467998485
875.7167622349647,14.784388411344217,14.784388411344217,14.763411662600744,14.821390122260423,3.3276538301877165,3.775937467998485
875.9167889051873,14.787883574151472,14.787883574151472,14.77432125496163,14.835707068607487,3.8276538301877165,4.275937467998485
876.11681557541,14.791351214334494,14.791351214334494,14.77295044963644,14.844595991700693,3.3276538301877165,3.775937467998485
876.3168422456328,14.794791297659946,14.794791297659946,14.767357708393817,14.842394507223934,2.8276538301877165,3.275937467998485
876.5168689158554,14.798203790166538,14.798203790166538,14.76805362581549,14.83801021310975,3.3276538301877165,2.775937467998485
876.7168955860781,14.801588658165365,14.801588658165365,14.780259212866788,14.835817605121347,3.8276538301877165,3.275937467998485
876.9169222563008,14.804945868240232,14.804945868240232,14.79931990739423,14.846506676293089,4.3276538301877165,3.775937467998485
877.1169489265235,14.808275387247996,14.808275387247996,14.812906970027205,14.850620858561806,3.9634631373552427,3.275937467998485
877.3169755967461,14.811577182318883,14.811577182318883,14.838287508725294,14.84660797990688,4.463463137355243,2.992122561881548
877.5170022669689,14.81485122085682,14.81485122085682,14.866771453948573,14.840141329894987,4.963463137355243,2.492122561881548
877.7170289371916,14.818097470539744,14.818097470539744,14.886643218153454,14.822969834095888,4.463463137355243,1.9921225618815481
877.9170556074143,14.821315899319943,14.821315899319943,14.897637116838553,14.81558222877467,3.9634631373552427,2.492122561881548
878.117082277637,14.824506475424345,14.824506475424345,14.899408292082148,14.799653990578634,3.4634631373552427,1.9921225618815481
878.3171089478597,14.827669167354856,14.827669167354856,14.892839298575446,14.780107892584862,2.9634631373552427,1.4921225618815481
878.5171356180824,14.830803943888661,14.830803943888661,14.878360189242862,14.767235187467783,2.4634631373552427,1.9921225618815481
878.7171622883051,14.833910774078522,14.833910774078522,14.877541254773588,14.758413772613974,2.9634631373552427,2.492122561881548
878.9171889585277,14.836989627253107,14.836989627253107,14.87833370199006,14.754574408987711,3.4634631373552427,2.992122561881548
879.1172156287505,14.840040473017272,14.840040473017272,14.877474481067528,14.76338213256675,3.1859867574243825,3.492122561881548
879.3172422989732,14.84306328125237,14.84306328125237,14.885335266809452,14.772544974321066,3.6859867574243825,3.992122561881548
879.5172689691958,14.846058022116543,14.846058022116543,14.883200959212395,14.776971282433534,3.1859867574243825,3.492122561881548
879.7172956394186,14.849024666045032,14.849024666045032,14.882350290074536,14.786759201910348,3.225898589617729,3.992122561881548
879.9173223096412,14.85196318375044,14.85196318375044,14.872245973603839,14.791518350440949,2.725898589617729,3.6554512108405244
880.1173489798639,14.854873546223056,14.854873546223056,14.872592848946294,14.789159584009784,3.225898589617729,3.1554512108405244
880.3173756500867,14.857755724731113,14.857755724731113,14.860843905600145,14.795312064534528,2.725898589617729,3.6554512108405244
880.5174023203093,14.860609690821084,14.860609690821084,14.862693097009979,14.808114041936156,3.225898589617729,4.155451210840525
880.7174289905321,14.863435416317968,14.863435416317968,14.872736147197237,14.813942933516905,3.725898589617729,3.655451210840525
880.9174556607547,14.86623287332555,14.86623287332555,14.88574517645774,14.82746651132647,4.09591866761633,4.155451210840525
881.1174823309774,14.8690020342267,14.8690020342267,14.911867176944494,14.844590753509138,4.59591866761633,4.36909379270614
881.3175090012002,14.871742871683626,14.871742871683626,14.929163639425274,14.864579834963337,4.09591866761633,4.86909379270614
881.5175356714228,14.874455358638153,14.874455358638153,14.930662761281008,14.884488550388243,3.5959186676163304,4.823409425168524
881.7175623416455,14.877139468311992,14.877139468311992,14.941767272636703,14.909659823571205,4.09591866761633,5.323409425168524
881.9175890118682,14.879795174206999,14.879795174206999,14.952031017496205,14.929985923417274,3.5959186676163304,4.823409425168524
882.1176156820909,14.882422450105434,14.882422450105434,14.952176644684334,14.94662743199921,3.0959186676163304,4.323409425168524
882.3176423523136,14.88502127007023,14.88502127007023,14.95945367096239,14.967557985136198,3.439659678104599,4.817783648446338
882.5176690225363,14.887591608445245,14.887591608445245,14.958497533739093,14.982087603746685,2.939659678104599,4.317783648446338
882.717695692759,14.890133439855507,14.890133439855507,14.946180329504637,14.99344084735078,2.439659678104599,3.817783648446338
882.9177223629817,14.892646739207477,14.892646739207477,14.943527282002487,14.995512459657574,2.939659678104599,3.475087977072013
883.1177490332044,14.895131481689287,14.895131481689287,14.931276996717827,14.991871046364572,2.439659678104599,2.975087977072013
883.3177757034271,14.897587642770992,14.897587642770992,14.925879277459904,14.985121094885685,2.939659678104599,2.757081815338118
883.5178023736498,14.900015198204809,14.900015198204809,14.906681450336373,14.972999336397168,2.439659678104599,2.257081815338118
883.7178290438725,14.902414124025356,14.902414124025356,14.905936337588312,14.955001007431132,2.939659678104599,1.975240462326964
883.9178557140951,14.904784396549886,14.904784396549886,14.891452705809055,14.946791632273095,2.439659678104599,2.4752404623269637
884.1178823843179,14.907125992378528,14.907125992378528,14.886800232838814,14.933565533055656,2.939659678104599,2.2571784843298612
884.3179090545406,14.909438888394515,14.909438888394515,14.879629504368651,14.913039997364013,2.439659678104599,1.7571784843298612
884.5179357247632,14.911723061764402,14.911723061764402,14.868379069317134,14.903013769354347,2.939659678104599,2.2571784843298612
884.717962394986,14.913978489938316,14.913978489938316,14.872513255253581,14.897652863334647,3.439659678104599,2.7571784843298612
884.9179890652086,14.916205150650146,14.916205150650146,14.883966378091056,14.901081187744271,3.939659678104599,3.2571784843298612
885.1180157354313,14.918403021917793,14.918403021917793,14.90636945385247,14.893640764479034,4.439659678104599,2.7571784843298612
885.3180424056541,14.92057208204337,14.92057208204337,14.916329624119047,14.890978725921576,3.939659678104599,3.185923145237393
885.5180690758767,14.922712309613413,14.922712309613413,14.93711014911246,14.896572009462085,4.439659678104599,3.685923145237393
885.7180957460995,14.924823683499115,14.924823683499115,14.96133889730694,14.89765218661809,4.769096829491256,3.185923145237393
885.9181224163221,14.926906182856502,14.926906182856502,14.979655635423438,14.902957636960332,4.269096829491256,3.685923145237393
886.1181490865448,14.928959787126669,14.928959787126669,14.98632376786237,14.902241758057558,3.7690968294912564,3.185923145237393
886.3181757567676,14.930984476035963,14.930984476035963,14.988580121755662,14.893707811532245,3.2690968294912564,2.685923145237393
886.5182024269902,14.932980229596193,14.932980229596193,14.982475678198943,14.894766404382253,3.007885346445221,3.185923145237393
886.7182290972129,14.934947028104823,14.934947028104823,14.980726711779646,14.889510702623472,3.001618541412115,2.685923145237393
886.9182557674357,14.936884852145166,14.936884852145166,14.985845707299779,14.885119650637648,3.501618541412115,2.9151783365182484
887.1182824376583,14.938793682586585,14.938793682586585,14.983994930135253,14.876334055680404,3.001618541412115,2.4151783365182484
887.318309107881,14.940673500584664,14.940673500584664,14.99333629227649,14.87602675395556,3.501618541412115,2.9151783365182484
887.5183357781037,14.942524287581413,14.942524287581413,14.998537748475586,14.87767468257907,3.671463212768669,3.4151783365182484
887.7183624483264,14.944346025305439,14.944346025305439,14.993570359538245,14.887515986691515,3.171463212768669,3.9151783365182484
887.9183891185492,14.946138695772131,14.946138695772131,14.987301520117937,14.907673278770467,2.671463212768669,4.415178336518248
888.1184157887718,14.947902281283834,14.947902281283834,14.98452733437656,14.919328787096454,3.171463212768669,4.030632083717829
888.3184424589945,14.949636764430032,14.949636764430032,14.97196668018241,14.923720946238689,2.671463212768669,3.530632083717829
888.5184691292172,14.951342128087509,14.951342128087509,14.956865118868597,14.923581044529953,2.328270351248352,3.030632083717829
888.7184957994399,14.953018355420523,14.953018355420523,14.95372543976333,14.91579862670871,2.828270351248352,2.7090372263398645
888.9185224696625,14.954665429880976,14.954665429880976,14.932353483165654,14.908884760413057,2.328270351248352,2.631014866579747
889.1185491398853,14.956283335208575,14.956283335208575,14.92759135224015,14.910729374428453,2.828270351248352,3.131014866579747
889.318575810108,14.957872055430983,14.957872055430983,14.928611328428353,14.916245569983746,3.328270351248352,3.631014866579747
889.5186024803306,14.959431574863991,14.959431574863991,14.931212169821166,14.916178065159377,3.4635551323913516,3.131014866579747
889.7186291505534,14.960961878111675,14.960961878111675,14.944742875847268,14.920205434506334,3.9635551323913516,3.631014866579747
889.918655820776,14.962462950066522,14.962462950066522,14.966130071880356,14.918063756571298,4.463555132391352,3.131014866579747
890.1186824909987,14.963934775909609,14.963934775909609,15.002073924198234,14.921383093049585,4.963555132391352,3.631014866579747
890.3187091612215,14.965377341110738,14.965377341110738,15.017269401602979,14.920362173307606,4.463555132391352,3.131014866579747
890.5187358314441,14.96679063142857,14.96679063142857,15.025869175513511,14.924600393914515,3.9635551323913516,3.631014866579747
890.7187625016669,14.968174632910785,14.968174632910785,15.024885893971641,14.935343725109012,3.4635551323913516,3.897578270724688
890.9187891718896,14.9695293318942,14.9695293318942,15.019171298999566,14.93938588116692,2.9635551323913516,3.397578270724688
891.1188158421122,14.970854715004918,14.970854715004918,15.023665902885243,14.940648192801802,3.4635551323913516,3.251195442863557
891.318842512335,14.972150769158455,14.972150769158455,15.019045856341465,14.944515509076512,2.9635551323913516,3.4377057293624067
891.5188691825576,14.973417481559867,14.973417481559867,15.019871549772821,14.954206071791601,3.4635551323913516,3.9377057293624067
891.7188958527803,14.974654839703879,14.974654839703879,15.015443754767643,14.958304400697703,2.9635551323913516,3.4377057293624067
891.9189225230031,14.97586283137501,14.97586283137501,15.025098797375247,14.965002960945702,3.4635551323913516,3.9377057293624067
892.1189491932257,14.977041444647687,14.977041444647687,15.029264470679784,14.966687280509257,3.2617761802843686,3.4377057293624067
892.3189758634484,14.978190667886373,14.978190667886373,15.039017691302211,14.962502477702337,3.7617761802843686,2.9377057293624067
892.5190025336711,14.979310489745675,14.979310489745675,15.041837753345767,14.955028216653162,3.2617761802843686,2.4377057293624067
892.7190292038938,14.98040089917045,14.98040089917045,15.033114187335062,14.953728545920665,2.7617761802843686,2.9377057293624067
892.9190558741166,14.98146188539593,14.98146188539593,15.016598778298132,14.961876138258454,2.2617761802843686,3.4377057293624067
893.1190825443392,14.982493437947817,14.982493437947817,15.002930376492177,14.961909856834316,2.341102673545375,3.0667235818279144
893.3191092145619,14.983495546642386,14.983495546642386,14.995911558546046,14.968837989600349,2.841102673545375,3.5667235818279144
893.5191358847846,14.984468201586594,14.984468201586594,14.993534300253721,14.979091943553353,3.341102673545375,4.066723581827914
893.7191625550073,14.985411393178165,14.985411393178165,14.983913997901748,14.984783942875982,2.841102673545375,3.5667235818279144
893.91918922523,14.9863251121057,14.9863251121057,14.96807942911228,14.998976236288811,2.341102673545375,4.066723581827914
894.1192158954527,14.987209349348754,14.987209349348754,14.960110814524484,15.005104467406724,2.841102673545375,3.5667235818279144
894.3192425656754,14.988064096177936,14.988064096177936,14.961429657663464,15.002936493980737,3.341102673545375,3.0667235818279144
894.519269235898,14.988889344154988,14.988889344154988,14.953375606383757,14.990988502404884,2.841102673545375,2.5667235818279144
894.7192959061208,14.989685085132876,14.989685085132876,14.951788251508235,14.988587864894676,3.341102673545375,3.0667235818279144
894.9193225763435,14.99045131125586,14.99045131125586,14.960283416498648,14.977367217348158,3.8015161123407664,2.5667235818279144
895.1193492465661,14.991188014959583,14.991188014959583,14.962646482939876,14.963847979880384,3.3015161123407664,2.0667235818279144
895.3193759167889,14.991895188971139,14.991895188971139,14.961860749922169,14.955072552885609,2.9747427587849744,2.5667235818279144
895.5194025870115,14.99257282630914,14.99257282630914,14.947106605846665,14.93963156104333,2.4747427587849744,2.0667235818279144
895.7194292572343,14.993220920283797,14.993220920283797,14.945062104211937,14.932015990867017,2.9747427587849744,2.5667235818279144
895.919455927457,14.993839464496979,14.993839464496979,14.949640481862076,14.929923080284851,3.4747427587849744,3.0667235818279144
896.1194825976796,14.994428452842275,14.994428452842275,14.962957769118788,14.923593972281083,3.9747427587849744,2.5667235818279144
896.3195092679024,14.994987879505057,14.994987879505057,14.964087656440713,14.909322420161507,3.4747427587849744,2.0667235818279144
896.519535938125,14.995517738962539,14.995517738962539,14.956830014815932,14.901941366625838,2.9747427587849744,2.5667235818279144
896.7195626083477,14.996018025983826,14.996018025983826,14.96078188328722,14.899816146756095,3.4747427587849744,3.0667235818279144
896.9195892785705,14.99648873562997,14.99648873562997,14.971268768548207,14.905620101930738,3.9180704317057566,3.5667235818279144
897.1196159487931,14.996929863254017,14.996929863254017,14.987857847486294,14.914040939706629,4.185438728294336,3.8407774859290265
897.3196426190158,14.997341404501057,14.997341404501057,14.995812774676446,14.914075875169697,3.6854387282943364,3.3407774859290265
897.5196692892385,14.997723355308258,14.997723355308258,15.006331815295779,14.910439244531839,3.964812297959774,2.8407774859290265
897.7196959594612,14.998075711904916,14.998075711904916,15.01229044403734,14.90819837152554,3.464812297959774,2.3407774859290265
897.919722629684,14.998398470812484,14.998398470812484,15.018708245632556,14.904315943918458,3.9060497370650866,2.8407774859290265
898.1197492999066,14.998691628844615,14.998691628844615,15.033813463055195,14.903581593545628,4.406049737065087,3.3407774859290265
898.3197759701293,14.998955183107181,14.998955183107181,15.0441108280581,14.913925063258045,3.9060497370650866,3.8407774859290265
898.519802640352,14.999189130998321,14.999189130998321,15.041116549856564,14.917106041092783,3.4060497370650866,3.3407774859290265
898.7198293105747,14.999393470208442,14.999393470208442,15.03096352406918,14.926272811335828,2.9060497370650866,3.8407774859290265
898.9198559807974,14.999568198720263,14.999568198720263,15.033584807724433,14.928684452434686,3.217576197878958,3.3407774859290265
899.1198826510201,14.999713314808826,14.999713314808826,15.034431297941873,14.935762156015667,3.4192387266223765,3.8407774859290265
899.3199093212428,14.999828817041507,14.999828817041507,15.028405256721486,14.950082470101016,2.9192387266223765,4.340777485929026
899.5199359914654,14.999914704278048,14.999914704278048,15.009930944784383,14.95489771589609,2.4192387266223765,3.840777485929026
899.7199626616882,14.999970975670543,14.999970975670543,14.996783842025984,14.967328342430342,2.5159446479726406,4.340777485929026
899.9199893319109,14.999997630663476,14.999997630663476,14.98738093500359,14.974319384898914,3.0159446479726406,3.840777485929026
900.1200160021335,14.999994668993695,14.999994668993695,14.973508815474563,14.978924280027949,2.5159446479726406,3.55042833662975
900.3200426723563,14.999962090690444,14.999962090690444,14.962683913909451,14.980195342900693,2.662774193571375,3.0829136598761897
900.520069342579,14.999899896075341,14.999899896075341,14.940878908678531,14.971517619946047,2.2150490801380736,2.5829136598761897
900.7200960128017,14.999808085762385,14.999808085762385,14.932455138784313,14.953829439768857,2.7150490801380736,2.0829136598761897
900.9201226830244,14.99968666065795,14.99968666065795,14.933130849565458,14.931045351316662,3.2150490801380736,1.5829136598761897
901.120149353247,14.99953562196077,14.99953562196077,14.935943784970704,14.919442812511543,3.7150490801380736,2.0829136598761897
901.3201760234698,14.999354971161939,14.999354971161939,14.934534465442507,14.909622877608529,3.2150490801380736,2.5829136598761897
901.5202026936925,14.999144710044876,14.999144710044876,14.944612353029934,14.906823981507173,3.7150490801380736,3.0829136598761897
901.7202293639151,14.99890484068533,14.99890484068533,14.957252880292646,14.915953418426211,4.215049080138074,3.5829136598761897
901.9202560341379,14.99863536545135,14.99863536545135,14.980663429265885,14.914389881078261,4.541293060128796,3.0829136598761897
902.1202827043605,14.99833628700325,14.99833628700325,14.991163846884033,14.904992921900373,4.041293060128796,2.5829136598761897
902.3203093745832,14.998007608293605,14.998007608293605,14.9911570389211,14.89274590477769,3.5412930601287957,2.2684754893748633
902.520336044806,14.997649332567207,14.997649332567207,14.9846007839704,14.888062440731757,3.0412930601287957,2.7684754893748633
902.7203627150286,14.997261463361031,14.997261463361031,14.970635537514632,14.887421058800905,2.5412930601287957,3.2684754893748633
902.9203893852514,14.996844004504219,14.996844004504219,14.951610413505966,14.89301868742875,2.0412930601287957,3.7684754893748633
903.120416055474,14.996396960118012,14.996396960118012,14.937574733970628,14.90587920966268,2.5412930601287957,4.268475489374863
903.3204427256967,14.99592033461574,14.99592033461574,14.92982993910958,14.915108008368437,3.0412930601287957,3.768475489374863
903.5204693959195,14.995414132702752,14.995414132702752,14.922439243811157,14.914788644246666,3.0434823063809704,3.268475489374863
903.7204960661421,14.994878359376399,14.994878359376399,14.928246460304567,14.922416790395312,3.5434823063809704,3.768475489374863
903.9205227363648,14.99431301992595,14.99431301992595,14.9437399708646,14.936177654078485,4.04348230638097,4.268475489374863
904.1205494065875,14.993718119932568,14.993718119932568,14.962008777842524,14.945827863497772,4.54348230638097,4.142620530191562
904.3205760768102,14.993093665269242,14.993093665269242,14.974652521205403,14.95113440360596,4.04348230638097,3.6426205301915617
904.5206027470329,14.992439662100733,14.992439662100733,14.989185452881857,14.962248287082124,4.207510558001236,4.142620530191562
904.7206294172556,14.991756116883506,14.991756116883506,15.003376840632184,14.965761411879456,4.035044853574998,3.6426205301915617
904.9206560874783,14.991043036365678,14.991043036365678,15.011388421576505,14.975421874424415,3.5350448535749983,4.142620530191562
905.1206827577009,14.990300427586941,14.990300427586941,15.012815219543802,14.978976213949023,3.0350448535749983,3.6426205301915617
905.3207094279237,14.989528297878502,14.989528297878502,15.000382774955824,14.986453068320511,2.5350448535749983,4.142620530191562
905.5207360981464,14.988726654863001,14.988726654863001,14.975691723266474,14.9936753832677,2.0350448535749983,3.6426205301915617
905.7207627683691,14.98789550645444,14.98789550645444,14.946318682384314,14.993113165900178,1.5350448535749983,3.1426205301915617
905.9207894385918,14.987034860858104,14.987034860858104,14.919997579815663,14.988103982699272,1.7357993290172806,2.6426205301915617
906.1208161088144,14.986144726570489,14.986144726570489,14.898715938895961,14.976222139237404,2.2357993290172806,2.1426205301915617
906.3208427790372,14.985225112379199,14.985225112379199,14.891595928703387,14.967556901551303,2.7357993290172806,2.6426205301915617
906.5208694492599,14.984276027362878,14.984276027362878,14.890900394030469,14.965483393262097,3.2357993290172806,3.1426205301915617
906.7208961194825,14.98329748089111,14.98329748089111,14.897903256328561,14.956766033194008,3.7357993290172806,2.6426205301915617
906.9209227897053,14.982289482624331,14.982289482624331,14.911000072232902,14.955223368507715,4.235799329017281,3.1426205301915617
907.1209494599279,14.981252042513727,14.981252042513727,14.921903469485263,14.960317110419403,4.4001187934210115,3.6426205301915617
907.3209761301506,14.980185170801148,14.980185170801148,14.931063750151058,14.973366884251574,3.9001187934210115,4.142620530191562
907.5210028003734,14.979088878018992,14.979088878018992,14.936659431329298,14.977701762653668,3.4001187934210115,3.6426205301915617
907.721029470596,14.977963174990114,14.977963174990114,14.929905278069452,14.976960190740137,2.9472965911902933,3.1426205301915617
907.9210561408188,14.976808072827712,14.976808072827712,14.927968136467644,14.968271860275582,3.4472965911902933,2.6426205301915617
908.1210828110414,14.975623582935217,14.975623582935217,14.938530090238235,14.966333765338375,3.9472965911902933,3.1426205301915617
908.3211094812641,14.974409717006186,14.974409717006186,14.942897151148893,14.973390233724274,3.4472965911902933,3.6426205301915617
908.5211361514869,14.97316648702418,14.97316648702418,14.936698721729659,14.98035521954383,2.9472965911902933,4.142620530191562
908.7211628217095,14.97189390526265,14.97189390526265,14.941435549717333,14.992462399967591,3.4472965911902933,4.056052308317487
908.9211894919322,14.970591984284816,14.970591984284816,14.933862481798968,14.99686895756233,2.9472965911902933,3.5560523083174873
909.121216162155,14.969260736943536,14.969260736943536,14.938342848345458,15.001957916658482,3.4472965911902933,3.5716630516342853
909.3212428323776,14.967900176381189,14.967900176381189,14.933431950273839,15.000177865807515,2.9472965911902933,3.0716630516342853
909.5212695026003,14.966510316029542,14.966510316029542,14.91678709378439,15.002510023734542,2.4472965911902933,3.4004475794525364
909.721296172823,14.965091169609613,14.965091169609613,14.915609115064408,15.001085975982804,2.9472965911902933,2.9004475794525364
909.9213228430457,14.963642751131541,14.963642751131541,14.914139055338154,15.006132490424598,3.4472965911902933,3.4004475794525364
910.1213495132683,14.962165074894443,14.962165074894443,14.912757622866241,15.002251162166322,3.052578348260968,2.9004475794525364
910.3213761834911,14.960658155486279,14.960658155486279,14.914598048516222,15.002030922903431,3.552578348260968,3.261436831868818
910.5214028537138,14.9591220077837,14.9591220077837,14.912395665713241,14.995617000905382,3.052578348260968,2.7626107444793164
910.7214295239365,14.957556646951907,14.957556646951907,14.914786822795062,14.98589556065362,3.552578348260968,2.2626107444793164
910.9214561941592,14.955962088444501,14.955962088444501,14.914407649053194,14.974321243046287,3.246596134185375,2.149982957795762
911.1214828643818,14.954338348003331,14.954338348003331,14.908109676825495,14.959609661748047,2.746596134185375,1.8567838621643957
911.3215095346046,14.952685441658328,14.952685441658328,14.903679026522838,14.944933272762029,3.246596134185375,2.334852338423038
911.5215362048273,14.951003385727368,14.951003385727368,14.894382335502115,14.941066896823715,2.746596134185375,2.834852338423038
911.7215628750499,14.949292196816087,14.949292196816087,14.889346290269808,14.929646559040641,3.246596134185375,2.334852338423038
911.9215895452727,14.947551891817735,14.947551891817735,14.89565715387349,14.907522884046756,3.746596134185375,1.8348523384230382
912.1216162154954,14.945782487913002,14.945782487913002,14.909819499905744,14.897215743573385,4.246596134185375,2.334852338423038
912.321642885718,14.943984002569845,14.943984002569845,14.933847134064115,14.88810048396403,4.746596134185375,2.834852338423038
912.5216695559408,14.942156453543326,14.942156453543326,14.965381020470497,14.884780178935749,5.094873252646876,2.9048532201768174
912.7216962261634,14.940299858875424,14.940299858875424,14.985540817101276,14.886857469628797,4.594873252646876,3.4048532201768174
912.9217228963862,14.938414236894868,14.938414236894868,14.995128071346956,14.894219797694666,4.094873252646876,3.9048532201768174
913.1217495666089,14.936499606216952,14.936499606216952,15.009449239327955,14.912538400571782,4.243193097395688,4.404853220176817
913.3217762368315,14.934555985743343,14.934555985743343,15.014963314709508,14.923078628350178,3.7431930973956877,3.9048532201768174
913.5218029070543,14.932583394661908,14.932583394661908,15.012179541046477,14.939379824874923,3.2431930973956877,4.404853220176817
913.7218295772769,14.930581852446519,14.930581852446519,15.006025127472032,14.957806672375566,2.7431930973956877,4.803820976599208
913.9218562474996,14.928551378856858,14.928551378856858,14.99966230510813,14.96947851200335,2.956197604488921,4.303820976599208
914.1218829177224,14.926491993938223,14.926491993938223,14.9872333326349,14.977561765456485,2.456197604488921,3.8038209765992077
914.321909587945,14.924403718021335,14.924403718021335,14.964501902048584,14.976797930887924,1.9723964528784128,3.3038209765992077
914.5219362581677,14.922286571722132,14.922286571722132,14.953183738030674,14.969641777209377,2.472396452878413,2.8038209765992077
914.7219629283904,14.920140575941563,14.920140575941563,14.929771545503446,14.956419657207109,1.9723964528784128,2.3038209765992077
914.9219895986131,14.917965751865392,14.917965751865392,14.907305483932829,14.946642408978306,2.013469848115679,2.2189061490957793
915.1220162688358,14.91576212096398,14.91576212096398,14.877238624304317,14.927945242542046,1.5134698481156792,1.7792433193572186
915.3220429390585,14.913529704992072,14.913529704992072,14.857869041406396,14.90071792408114,2.013469848115679,1.2792433193572186
915.5220696092812,14.911268525988593,14.911268525988593,14.844509369138754,14.882144597905455,2.513469848115679,1.7792433193572186
915.722096279504,14.908978606276415,14.908978606276415,14.834937467727018,14.870652804324699,2.8822019815933024,2.2792433193572186
915.9221229497266,14.906659968462154,14.906659968462154,14.821634876006625,14.86401217529033,2.592775443673051,2.7792433193572186
916.1221496199493,14.904312635435929,14.904312635435929,14.821348167568173,14.852174682274534,3.092775443673051,2.2792433193572186
916.322176290172,14.90193663037115,14.90193663037115,14.825784132651096,14.834016972506362,3.592775443673051,1.7792433193572186
916.5222029603947,14.899531976724283,14.899531976724283,14.823156966963168,14.812546421734478,3.092775443673051,1.2792433193572186
916.7222296306173,14.897098698234618,14.897098698234618,14.808557016737087,14.7940720884734,2.592775443673051,1.7792433193572186
916.9222563008401,14.894636818924035,14.894636818924035,14.792836120913027,14.785052930107497,2.3145167241684077,2.2792433193572186
917.1222829710628,14.892146363096773,14.892146363096773,14.78446147334242,14.778230798239692,2.8145167241684077,2.7792433193572186
917.3223096412854,14.88962735533918,14.88962735533918,14.777183410084621,14.781217001882833,3.1630690550761136,3.2792433193572186
917.5223363115082,14.887079820519475,14.887079820519475,14.781919070488375,14.777041169098817,3.6398368991931562,3.1025589638233635
917.7223629817308,14.884503783787505,14.884503783787505,14.78438226627393,14.768120100327994,3.588087478300535,2.6025589638233635
917.9223896519536,14.881899270574495,14.881899270574495,14.799003185112262,14.767336992445715,4.088087478300535,3.1025589638233635
918.1224163221763,14.879266306592795,14.879266306592795,14.804379728669524,14.772345788884166,3.588087478300535,3.6025589638233635
918.3224429923989,14.876604917835628,14.876604917835628,14.818841550074577,14.785409021851194,4.088087478300535,4.1025589638233635
918.5224696626217,14.87391513057683,14.87391513057683,14.837997665652699,14.796981902833423,4.588087478300535,4.092896013829843
918.7224963328443,14.871196971370598,14.871196971370598,14.84921353900801,14.79945890728234,4.088087478300535,3.5928960138298427
918.922523003067,14.868450467051222,14.868450467051222,14.8634187988937,14.810582456317139,4.0975300684962495,4.092896013829843
919.1225496732898,14.86567564473282,14.86567564473282,14.867714651272696,14.820237008289865,3.5975300684962495,3.5928960138298427
919.3225763435124,14.86287253180907,14.86287253180907,14.883273410629778,14.816744848004566,4.0975300684962495,3.0928960138298427
919.5226030137351,14.860041155952949,14.860041155952949,14.886552940912425,14.820762248487844,3.5975300684962495,3.5928960138298427
919.7226296839578,14.857181545116443,14.857181545116443,14.880521601620792,14.818599570146711,3.0975300684962495,3.0928960138298427
919.9226563541805,14.854293727530285,14.854293727530285,14.870244244388976,14.811654394127574,2.5975300684962495,2.5928960138298427
920.1226830244032,14.851377731703671,14.851377731703671,14.850752258263395,14.794579905278336,2.0975300684962495,2.0928960138298427
920.3227096946259,14.84843358642398,14.84843358642398,14.835787702552672,14.7765439297291,2.5975300684962495,1.5928960138298427
920.5227363648486,14.845461320756485,14.845461320756485,14.824792643210008,14.752264847905362,2.8300857323394215,1.0928960138298427
920.7227630350714,14.842460964044072,14.842460964044072,14.804824977324508,14.730857039923547,2.3300857323394215,1.5928960138298427
920.922789705294,14.839432545906952,14.839432545906952,14.794957381232857,14.71737288590967,2.8300857323394215,2.0928960138298427
921.1228163755167,14.836376096242361,14.836376096242361,14.78776766553162,14.708275659756788,3.3300857323394215,2.5928960138298427
921.3228430457394,14.833291645224264,14.833291645224264,14.775514654409918,14.703077151698682,2.8300857323394215,3.0928960138298427
921.5228697159621,14.830179223303073,14.830179223303073,14.774142455409338,14.700716607226221,3.3300857323394215,3.0740361662563864
921.7228963861847,14.827038861205327,14.827038861205327,14.764516619701725,14.706869460885533,2.8300857323394215,3.5740361662563864
921.9229230564075,14.823870589933398,14.823870589933398,14.760960355348097,14.718599992788322,3.3300857323394215,4.074036166256386
922.1229497266302,14.820674440765185,14.820674440765185,14.753804288109324,14.723093109652286,2.8300857323394215,3.6080997535713513
922.3229763968528,14.817450445253805,14.817450445253805,14.750929364693956,14.722798795941097,3.3300857323394215,3.1080997535713513
922.5230030670756,14.814198635227275,14.814198635227275,14.743217791192306,14.728228320265782,2.8300857323394215,3.6080997535713513
922.7230297372982,14.81091904278821,14.81091904278821,14.74049126383407,14.726060488340245,3.3300857323394215,3.1080997535713513
922.923056407521,14.807611700313497,14.807611700313497,14.731868136497125,14.717078564035047,2.8300857323394215,2.6080997535713513
923.1230830777437,14.80427664045398,14.80427664045398,14.724610893529531,14.701068041326982,2.710940367653939,2.1080997535713513
923.3231097479663,14.800913896134128,14.800913896134128,14.723543122348913,14.689996385907149,3.210940367653939,2.2549915005339116
923.5231364181891,14.797523500551721,14.797523500551721,14.72870417206667,14.683676655711247,3.710940367653939,2.7549915005339116
923.7231630884118,14.794105487177525,14.794105487177525,14.720932967783138,14.686204325196451,3.210940367653939,3.2549915005339116
923.9231897586344,14.790659889754945,14.790659889754945,14.720169433914045,14.690859082616733,3.328369520695963,3.4642567200885073
924.1232164288572,14.787186742299708,14.787186742299708,14.712039964545076,14.69433015665802,2.828369520695963,3.3056471065710746
924.3232430990798,14.783686079099523,14.783686079099523,14.69515761078601,14.70249201249198,2.328369520695963,3.8056471065710746
924.5232697693025,14.780157934713731,14.780157934713731,14.684626769143478,14.711727944356346,2.828369520695963,4.018087400489683
924.7232964395253,14.776602343972987,14.776602343972987,14.679408831808994,14.713026240825982,3.328369520695963,3.5180874004896827
924.9233231097479,14.773019341978895,14.773019341978895,14.671882983569423,14.720396137535385,2.9776398538574185,3.564884155244179
925.1233497799706,14.769408964103668,14.769408964103668,14.670581200891762,14.720811737338357,3.2103963584068556,3.064884155244179
925.3233764501933,14.76577124598978,14.76577124598978,14.673307521036522,14.711333141202122,3.7103963584068556,2.564884155244179
925.523403120416,14.762106223549623,14.762106223549623,14.685035766143285,14.693676650552304,3.9601251728955518,2.1001285317280463
925.7234297906388,14.758413932965128,14.758413932965128,14.685689833681735,14.685881657588153,3.4601251728955518,2.6001285317280463
925.9234564608614,14.75469441068744,14.75469441068744,14.6936148134615,14.670088091849603,3.9601251728955518,2.1001285317280463
926.1234831310841,14.75094769343653,14.75094769343653,14.697014958017174,14.664667405723934,3.4601251728955518,2.6001285317280463
926.3235098013068,14.747173818200846,14.747173818200846,14.708205849453963,14.666327674743181,3.8184807319796663,3.1001285317280463
926.5235364715295,14.743372822236951,14.743372822236951,14.70984856713687,14.660894965247508,3.3413830535675535,2.6001285317280463
926.7235631417522,14.739544743069144,14.739544743069144,14.697863353917894,14.663609747613236,2.925331701339249,3.1001285317280463
926.9235898119749,14.735689618489097,14.735689618489097,14.682614634365,14.656194518294047,2.425331701339249,2.6001285317280463
927.1236164821976,14.731807486555486,14.731807486555486,14.666198291154862,14.655329792080423,2.3366543368915518,3.1001285317280463
927.3236431524202,14.727898385593603,14.727898385593603,14.655141882409406,14.656867309118804,2.8366543368915518,3.5064048988731433
927.523669822643,14.723962354194981,14.723962354194981,14.636894586655036,14.658047370454089,2.3366543368915518,3.3454848915241535
927.7236964928657,14.71999943121703,14.71999943121703,14.629455780252945,14.652753150694224,2.8366543368915518,2.8454848915241535
927.9237231630884,14.71600965578263,14.71600965578263,14.630577960951662,14.654808470890485,3.3366543368915518,3.05410743186712
928.1237498333111,14.711993067279757,14.711993067279757,14.624365961584628,14.64477622093098,2.8366543368915518,2.55410743186712
928.3237765035337,14.707949705361088,14.707949705361088,14.623409931552322,14.644368651100901,3.3366543368915518,3.05410743186712
928.5238031737565,14.70387960994362,14.70387960994362,14.617987809767117,14.636056582507939,2.8366543368915518,2.5808956593138506
928.7238298439792,14.699782821208265,14.699782821208265,14.616325111422077,14.622948402832195,3.3366543368915518,2.0808956593138506
928.9238565142018,14.695659379599457,14.695659379599457,14.627595691384533,14.613589212676764,3.8366543368915518,2.5808956593138506
929.1238831844246,14.691509325824754,14.691509325824754,14.626081035126985,14.613790963963389,3.3366543368915518,3.0808956593138506
929.3239098546472,14.68733270085444,14.68733270085444,14.617579778202309,14.608223192948708,2.8366543368915518,2.5808956593138506
929.5239365248699,14.68312954592111,14.68312954592111,14.61463382784577,14.60873716368628,3.3366543368915518,3.0808956593138506
929.7239631950927,14.678899902519266,14.678899902519266,14.619105533379644,14.615779483043779,3.8366543368915518,3.5808956593138506
929.9239898653153,14.674643812404923,14.674643812404923,14.633674912773076,14.626680658980487,4.336654336891552,4.080895659313851
930.124016535538,14.670361317595171,14.670361317595171,14.64266061490232,14.634304743643813,3.836654336891552,3.5808956593138506
930.3240432057607,14.666052460367776,14.666052460367776,14.642282755931717,14.632968673711112,3.336654336891552,3.0808956593138506
930.5240698759834,14.661717283260767,14.661717283260767,14.633887131278604,14.624907059564764,2.836654336891552,2.5808956593138506
930.7240965462062,14.657355829072003,14.657355829072003,14.62216651188904,14.608566868712867,2.6406596168614893,2.412790717551638
930.9241232164288,14.652968140858757,14.652968140858757,14.606684964469874,14.604681590535993,2.1406596168614893,2.912790717551638
931.1241498866515,14.648554261937289,14.648554261937289,14.594160296476844,14.594954353806376,2.5777129517157933,2.412790717551638
931.3241765568742,14.644114235882421,14.644114235882421,14.57700874761759,14.579178088964984,2.249829607928449,1.9127907175516379
931.5242032270969,14.639648106527108,14.639648106527108,14.54604484977467,14.564133656555402,1.749829607928449,1.9802209731528477
931.7242298973196,14.635155917962,14.635155917962,14.522663250917725,14.543660318116634,1.9511385379873398,1.5382828006190008
931.9242565675423,14.630637714535006,14.630637714535006,14.505286358075372,14.52706772531457,2.45113853798734,2.0382828006190006
932.124283237765,14.626093540850869,14.626093540850869,14.484325297196,14.50752548858268,2.3320925816037685,1.5704093386152844
932.3243099079876,14.621523441770709,14.621523441770709,14.469711798137588,14.494885063521197,2.8320925816037685,2.0704093386152844
932.5243365782104,14.616927462411585,14.616927462411585,14.470546805666311,14.489511068771689,3.3320925816037685,2.5704093386152844
932.7243632484331,14.612305648146062,14.612305648146062,14.460289510287007,14.490954720820644,2.8320925816037685,3.0704093386152844
932.9243899186558,14.607658044601743,14.607658044601743,14.46237613161077,14.482268416445399,3.3320925816037685,2.632257825038023
933.1244165888785,14.60298469766084,14.60298469766084,14.467126390337011,14.481317726905258,3.8320925816037685,3.132257825038023
933.3244432591011,14.598285653459698,14.598285653459698,14.47597212765529,14.487308185201856,4.332092581603769,3.632257825038023
933.5244699293239,14.593560958388348,14.593560958388348,14.501128314271527,14.500614532951095,4.832092581603769,4.132257825038023
933.7244965995466,14.588810659090075,14.588810659090075,14.517673647243027,14.50435999592383,4.332092581603769,3.632257825038023
933.9245232697692,14.584034802460916,14.584034802460916,14.528558799739256,14.510025260954244,3.832092581603769,3.536248811201003
934.124549939992,14.579233435649213,14.579233435649213,14.527936693948183,14.521760126900375,3.332092581603769,4.036248811201003
934.3245766102146,14.574406606055165,14.574406606055165,14.516659203660407,14.53184638863529,2.832092581603769,3.6511076928974595
934.5246032804373,14.569554361330333,14.569554361330333,14.50992371694638,14.532598230702932,2.9452269626587357,3.1511076928974595
934.7246299506601,14.564676749377188,14.564676749377188,14.493610200286827,14.535391230863167,2.4452269626587357,3.105037212310017
934.9246566208827,14.559773818348631,14.559773818348631,14.486506242400282,14.525342754369412,2.91767751952572,2.647163809941526
935.1246832911055,14.554845616647517,14.554845616647517,14.470808646806232,14.514273385579157,2.41767751952572,2.3865566417706887
935.3247099613282,14.549892192926183,14.549892192926183,14.452310304689277,14.501595629970582,2.25313826057734,1.8865566417706887
935.5247366315508,14.54491359608596,14.54491359608596,14.441341086573395,14.487857600902462,2.75313826057734,2.3865566417706887
935.7247633017736,14.539909875276692,14.539909875276692,14.422309929323543,14.479986429293684,2.25313826057734,2.8865566417706887
935.9247899719962,14.534881079896259,14.534881079896259,14.411852336052112,14.48147062941382,2.75313826057734,3.3865566417706887
936.1248166422189,14.529827259590077,14.529827259590077,14.39497578561806,14.47779845749678,2.25313826057734,2.8865566417706887
936.3248433124417,14.524748464250614,14.524748464250614,14.384465733554036,14.481384728360872,2.75313826057734,3.3865566417706887
936.5248699826643,14.5196447440169,14.5196447440169,14.377527825041694,14.477647710043986,3.25313826057734,2.8865566417706887
936.724896652887,14.514516149274032,14.514516149274032,14.38811558507068,14.470824341553675,3.75313826057734,2.3865566417706887
936.9249233231097,14.509362730652665,14.509362730652665,14.395939642620624,14.455220821245698,3.71573562379187,1.8865566417706887
937.1249499933324,14.504184539028532,14.504184539028532,14.40885751888437,14.437709032033426,4.21573562379187,1.7979038194025359
937.324976663555,14.498981625521925,14.498981625521925,14.413790944222413,14.417068019435876,3.71573562379187,1.3644967606652876
937.5250033337778,14.493754041497187,14.493754041497187,14.411037164065215,14.398644712711533,3.21573562379187,1.8644967606652876
937.7250300040005,14.488501838562232,14.488501838562232,14.417986178940344,14.388024373420118,3.71573562379187,2.3644967606652876
937.9250566742232,14.483225068568004,14.483225068568004,14.411567190528716,14.383266935378671,3.2492484858375343,2.8644967606652876
938.1250833444459,14.477923783607984,14.477923783607984,14.4004204383195,14.378995625490198,2.7492484858375343,2.4944380497707366
938.3251100146686,14.472598036017674,14.472598036017674,14.396980446121608,14.37664337260776,3.2492484858375343,2.9944380497707366
938.5251366848913,14.467247878374064,14.467247878374064,14.402315952112087,14.368691110960892,3.51464071875034,2.4944380497707366
938.725163355114,14.461873363495142,14.461873363495142,14.393911138427375,14.367500309317796,3.01464071875034,2.9944380497707366
938.9251900253366,14.456474544439345,14.456474544439345,14.394024955944698,14.368576276271,3.51464071875034,3.4944380497707366
939.1252166955594,14.451051474505045,14.451051474505045,14.40207555740005,14.370681425096121,4.01464071875034,3.2034985454328204
939.3252433657821,14.445604207230035,14.445604207230035,14.399614612896679,14.373270397222502,3.51464071875034,3.093239404993112
939.5252700360047,14.440132796390978,14.440132796390978,14.414367805611175,14.366658675051719,4.01464071875034,2.593239404993112
939.7252967062275,14.434637296002895,14.434637296002895,14.416853475490308,14.353448088842985,3.51464071875034,2.093239404993112
939.9253233764501,14.42911776031863,14.42911776031863,14.407464669242806,14.331199941750809,3.01464071875034,1.593239404993112
940.1253500466729,14.423574243828288,14.423574243828288,14.39678791409655,14.30645061402961,2.9005308494806394,1.2794836762060455
940.3253767168956,14.418006801258745,14.418006801258745,14.39872233095813,14.289245941129948,3.4005308494806394,1.7794836762060455
940.5254033871182,14.412415487573059,14.412415487573059,14.38843273704098,14.277865576058257,2.9005308494806394,2.2794836762060458
940.725430057341,14.406800357969956,14.406800357969956,14.368826036648304,14.269532126310317,2.4005308494806394,2.379044054714076
940.9254567275636,14.401161467883288,14.401161467883288,14.34231837057126,14.26697722126795,1.9005308494806394,2.879044054714076
941.1254833977863,14.395498872981461,14.395498872981461,14.322814825415128,14.259304580799917,2.4005308494806394,2.379044054714076
941.3255100680091,14.389812629166906,14.389812629166906,14.31103262184618,14.251321946469924,2.80580120833162,2.6781026860133967
941.5255367382317,14.38410279257553,14.38410279257553,14.303508061480748,14.24421845656199,3.30580120833162,2.495771554690878
941.7255634084544,14.378369419576138,14.378369419576138,14.292165520483074,14.242957541453467,2.80580120833162,2.995771554690878
941.9255900786771,14.372612566769899,14.372612566769899,14.287404086029506,14.248147939417155,3.30580120833162,3.1756874695820967
942.1256167488998,14.366832290989787,14.366832290989787,14.280525016400464,14.253132622536839,2.80580120833162,3.6756874695820967
942.3256434191225,14.361028649300005,14.361028649300005,14.279698652884083,14.248781852143185,3.30580120833162,3.1756874695820967
942.5256700893452,14.355201698995423,14.355201698995423,14.26787322328514,14.249361307678898,2.80580120833162,3.293648957621559
942.7256967595679,14.349351497601036,14.349351497601036,14.248944359596647,14.257598659616104,2.30580120833162,3.793648957621559
942.9257234297907,14.343478102871366,14.343478102871366,14.232868951246482,14.258766000393738,2.534565674090292,3.293648957621559
943.1257501000133,14.337581572789915,14.337581572789915,14.217468216222354,14.248336421106565,2.2303540164630355,2.793648957621559
943.325776770236,14.33166196556857,14.33166196556857,14.206135046417424,14.24856828335613,2.7303540164630355,3.293648957621559
943.5258034404587,14.325719339647046,14.325719339647046,14.204133228233701,14.243859310556354,3.2303540164630355,2.793648957621559
943.7258301106814,14.31975375369231,14.31975375369231,14.213634162522965,14.245007699763711,3.7303540164630355,3.293648957621559
943.925856780904,14.313765266597992,14.313765266597992,14.209879480682803,14.256072405456553,3.2303540164630355,3.793648957621559
944.1258834511268,14.307753937483799,14.307753937483799,14.212299220702674,14.251980576466735,3.7303540164630355,3.293648957621559
944.3259101213495,14.301719825694954,14.301719825694954,14.224848687675202,14.256091020752615,4.2303540164630355,3.4903934369606735
944.5259367915721,14.295662990801587,14.295662990801587,14.229629078359425,14.25552383770231,3.7303540164630355,2.9903934369606735
944.7259634617949,14.289583492598151,14.289583492598151,14.226647575822803,14.260920829948324,3.2303540164630355,3.4903934369606735
944.9259901320175,14.283481391102852,14.283481391102852,14.216510792385549,14.257491651417652,2.7303540164630355,2.9903934369606735
945.1260168022403,14.277356746557022,14.277356746557022,14.194221634359534,14.248012075483393,2.2303540164630355,2.4903934369606735
945.326043472463,14.271209619424562,14.271209619424562,14.180719633402171,14.246948536011038,2.7303540164630355,2.9903934369606735
945.5260701426856,14.265040070391311,14.265040070391311,14.16229110279196,14.240981942816536,2.2303540164630355,2.4903934369606735
945.7260968129084,14.258848160364469,14.258848160364469,14.150066371224996,14.229441502579034,2.7303540164630355,1.9903934369606735
945.926123483131,14.25263395047199,14.25263395047199,14.14254964043123,14.218040513871633,2.90144086833811,2.4903934369606735
946.1261501533537,14.246397502061974,14.246397502061974,14.126198850787343,14.202444027684791,2.40144086833811,1.9903934369606735
946.3261768235765,14.240138876702066,14.240138876702066,14.101769779040056,14.195566539472543,1.9014408683381099,2.4903934369606735
946.5262034937991,14.233858136178846,14.233858136178846,14.079950292777225,14.184489610961917,2.40144086833811,1.9903934369606735
946.7262301640218,14.227555342497224,14.227555342497224,14.074957445337914,14.169783938596158,2.90144086833811,2.0579937857867745
946.9262568342446,14.221230557879814,14.221230557879814,14.058446387636154,14.163978003464656,2.4959173540695314,2.5579937857867745
947.1262835044672,14.214883844766344,14.214883844766344,14.051515763748071,14.16265994440369,2.9959173540695314,3.0579937857867745
947.3263101746899,14.208515265813014,14.208515265813014,14.047296054460565,14.154489286932497,3.028807673193578,2.5579937857867745
947.5263368449126,14.202124883891889,14.202124883891889,14.051979170894002,14.144887255950376,3.528807673193578,2.4110353495030297
947.7263635151353,14.195712762090286,14.195712762090286,14.044981446788666,14.12547769831316,3.028807673193578,1.9110353495030297
947.9263901853581,14.189278963710132,14.189278963710132,14.031541107891716,14.117072768993852,2.528807673193578,2.4110353495030297
948.1264168555807,14.182823552267363,14.182823552267363,14.025217488629847,14.10028720096655,3.028807673193578,1.9110353495030297
948.3264435258034,14.176346591491274,14.176346591491274,14.03100094419495,14.089741406059394,3.528807673193578,2.4110353495030297
948.5264701960261,14.169848145323895,14.169848145323895,14.02576194169229,14.087238176675152,3.028807673193578,2.9110353495030297
948.7264968662488,14.163328277919389,14.163328277919389,14.01417952224903,14.08767148533551,2.528807673193578,3.3470464719865993
948.9265235364714,14.156787053643368,14.156787053643368,14.012184580621176,14.083126592978918,3.028807673193578,2.8470464719865993
949.1265502066942,14.150224537072292,14.150224537072292,14.015239052214945,14.085177703809903,3.528807673193578,3.3470464719865993
949.3265768769169,14.143640792992834,14.143640792992834,14.010218202139862,14.084112972782624,3.028807673193578,3.0221451581452796
949.5266035471395,14.137035886401215,14.137035886401215,13.995128949800959,14.085200485499188,2.528807673193578,2.7743498283632473
949.7266302173623,14.13040988250258,14.13040988250258,13.987088036042397,14.073133978857424,3.028807673193578,2.2743498283632473
949.926656887585,14.123762846710365,14.123762846710365,13.992431206345449,14.066290173538155,3.528807673193578,2.7743498283632473
950.1266835578077,14.117094844645617,14.117094844645617,14.004923870493183,14.06494587093823,4.028807673193578,2.8967418126884095
950.3267102280304,14.110405942136387,14.110405942136387,14.008228614246097,14.052377972589037,3.528807673193578,2.3967418126884095
950.526736898253,14.103696205217046,14.103696205217046,14.004464414987122,14.039027041212732,3.063210035223913,1.8967418126884095
950.7267635684758,14.096965700127647,14.096965700127647,14.00256728626057,14.029791288413296,3.563210035223913,2.3967418126884095
950.9267902386985,14.090214493313283,14.090214493313283,13.998088200641801,14.031228039897295,3.063210035223913,2.8967418126884095
951.1268169089211,14.08344265142341,14.08344265142341,13.994821828326732,14.035438270934652,3.116756683205055,3.3967418126884095
951.3268435791439,14.076650241311192,14.076650241311192,13.98266674482379,14.034002657112216,2.616756683205055,2.8967418126884095
951.5268702493665,14.069837330032861,14.069837330032861,13.959542851353307,14.02410077355288,2.116756683205055,2.3967418126884095
951.7268969195892,14.063003984847041,14.063003984847041,13.951176810888029,14.00865068290589,2.616756683205055,2.038681938087604
951.926923589812,14.056150273214069,14.056150273214069,13.943827373657816,13.990604840386098,2.8900421170830697,1.538681938087604
952.1269502600346,14.049276262795361,14.049276262795361,13.938602921017917,13.977483308776655,2.9100532159960792,2.038681938087604
952.3269769302573,14.042382021452717,14.042382021452717,13.940764288405555,13.96145587628341,3.4100532159960792,1.538681938087604
952.52700360048,14.035467617247658,14.035467617247658,13.954088823576177,13.947441825148067,3.8472922922175465,2.038681938087604
952.7270302707027,14.028533118440777,14.028533118440777,13.951090285645316,13.942176390794238,3.3472922922175465,2.538681938087604
952.9270569409255,14.021578593491018,14.021578593491018,13.947089397016157,13.930544345613157,3.133017138661486,2.038681938087604
953.1270836111481,14.014604111055052,14.014604111055052,13.947257849016054,13.923346034239254,3.633017138661486,2.538681938087604
953.3271102813708,14.007609739986563,14.007609739986563,13.940934709565287,13.924585081789958,3.133017138661486,3.038681938087604
953.5271369515935,14.000595549335575,14.000595549335575,13.92775973947115,13.926658824628197,2.633017138661486,3.421208723433312
953.7271636218162,13.99356160834779,13.99356160834779,13.907969269267673,13.924423426586799,2.133017138661486,2.921208723433312
953.9271902920389,13.98650798646388,13.98650798646388,13.902375782237918,13.929359567273135,2.633017138661486,3.421208723433312
954.1272169622616,13.97943475331881,13.97943475331881,13.900682499583386,13.927783611120534,3.133017138661486,2.921208723433312
954.3272436324843,13.97234197874116,13.97234197874116,13.887626748141852,13.930607506495113,2.633017138661486,3.421208723433312
954.5272703027069,13.965229732752416,13.965229732752416,13.864695693159605,13.932072702882916,2.133017138661486,2.921208723433312
954.7272969729297,13.958098085566304,13.958098085566304,13.850870462583005,13.918699762627405,2.633017138661486,2.421208723433312
954.9273236431524,13.950947107588076,13.950947107588076,13.828297563806242,13.914782572764858,2.133017138661486,2.921208723433312
955.1273503133751,13.943776869413815,13.943776869413815,13.802691295625406,13.908409980395161,2.0832275603788286,2.421208723433312
955.3273769835978,13.936587441829763,13.936587441829763,13.7901646771389,13.893693395375095,2.5832275603788286,1.921208723433312
955.5274036538204,13.929378895811587,13.929378895811587,13.770176764256986,13.886744220132444,2.0832275603788286,2.421208723433312
955.7274303240432,13.922151302523696,13.922151302523696,13.75968727516412,13.88209851419758,2.558055504568439,2.611912337354179
955.9274569942659,13.914904733318554,13.914904733318554,13.746574908191795,13.884986458205601,2.6441413279391544,3.111912337354179
956.1274836644885,13.907639259735948,13.907639259735948,13.74402249674592,13.876682723219455,3.1441413279391544,2.611912337354179
956.3275103347113,13.900354953502285,13.900354953502285,13.734662586726595,13.862191669848409,2.76420725018997,2.111912337354179
956.527537004934,13.893051886529916,13.893051886529916,13.73075557150669,13.842960574581557,3.26420725018997,1.639732011462099
956.7275636751566,13.885730130916379,13.885730130916379,13.740050625763864,13.830394008847131,3.76420725018997,2.1397320114620992
956.9275903453794,13.87838975894372,13.87838975894372,13.737895419259619,13.818941548823402,3.26420725018997,2.4566281540429165
957.127617015602,13.871030843077778,13.871030843077778,13.744361153485395,13.816748144533292,3.76420725018997,2.9566281540429165
957.3276436858247,13.863653455967444,13.863653455967444,13.758602137404482,13.807101108360394,4.26420725018997,2.4566281540429165
957.5276703560475,13.85625767044397,13.85625767044397,13.763841143792083,13.805587707613235,3.933402427945475,2.9566281540429165
957.7276970262701,13.848843559520253,13.848843559520253,13.765002258556267,13.799954012755649,3.433402427945475,2.4566281540429165
957.9277236964929,13.84141119639008,13.84141119639008,13.76286437743927,13.785771097966236,3.4658431456885466,1.9566281540429162
958.1277503667155,13.83396065442745,13.83396065442745,13.756603954610707,13.778653678881135,2.9658431456885466,2.4566281540429165
958.3277770369382,13.826492007185813,13.826492007185813,13.760104469333918,13.771843178736818,3.4658431456885466,2.6452916570730003
958.527803707161,13.819005328397358,13.819005328397358,13.754557265271838,13.759952699669668,3.0659191719061134,2.1452916570730003
958.7278303773836,13.811500691972297,13.811500691972297,13.742014643952395,13.748880264761699,2.5659191719061134,2.103149512168386
958.9278570476063,13.803978171998114,13.803978171998114,13.72377121333501,13.743435471460653,2.0659191719061134,2.603149512168386
959.127883717829,13.796437842738843,13.796437842738843,13.705380530344586,13.730916545342334,2.5659191719061134,2.103149512168386
959.3279103880517,13.788879778634348,13.788879778634348,13.681529095450372,13.713279457633234,2.0659191719061134,1.603149512168386
959.5279370582743,13.781304054299559,13.781304054299559,13.651191907524867,13.702114944498305,1.5659191719061134,2.103149512168386
959.7279637284971,13.773710744523758,13.773710744523758,13.61488578875979,13.68043502285516,1.3244553191540174,1.6348344487998772
959.9279903987198,13.766099924269842,13.766099924269842,13.586423200227426,13.669437026651263,1.8244553191540174,2.134834448799877
960.1280170689425,13.758471668673563,13.758471668673563,13.569115229989483,13.664900335069378,2.3244553191540174,2.634834448799877
960.3280437391652,13.750826053042811,13.750826053042811,13.560537526559097,13.652861677624305,2.8244553191540174,2.134834448799877
960.5280704093879,13.743163152856845,13.743163152856845,13.55900470062248,13.647333361656557,3.3244553191540174,2.634834448799877
960.7280970796106,13.735483043765573,13.735483043765573,13.558021384501382,13.63574733914852,3.377789827899091,2.134834448799877
960.9281237498333,13.72778580158879,13.72778580158879,13.56515158695318,13.633813896008675,3.877789827899091,2.634834448799877
961.1281504200559,13.72007150231543,13.72007150231543,13.561007466108768,13.62016444215468,3.377789827899091,2.134834448799877
961.3281770902787,13.712340222102814,13.712340222102814,13.55061866597849,13.615887989645818,2.877789827899091,2.634834448799877
961.5282037605014,13.704592037275916,13.704592037275916,13.551844298888632,13.6185933904248,3.377789827899091,3.134834448799877
961.728230430724,13.696827024326584,13.696827024326584,13.5506526906513,13.612968797112124,3.201619169198187,2.634834448799877
961.9282571009468,13.6890452599128,13.6890452599128,13.55620278657259,13.601917904264779,3.701619169198187,2.1784968260684527
962.1282837711694,13.68124682085793,13.68124682085793,13.555433322244996,13.591678652223251,3.201619169198187,2.348337177177807
962.3283104413921,13.673431784149942,13.673431784149942,13.559167970977052,13.575411115160948,3.701619169198187,1.848337177177807
962.5283371116149,13.665600226940663,13.665600226940663,13.575469653275285,13.563133255522985,4.201619169198187,2.348337177177807
962.7283637818375,13.657752226545025,13.657752226545025,13.57610184420996,13.558401858888285,3.701619169198187,2.848337177177807
962.9283904520603,13.649887860440272,13.649887860440272,13.573242815737675,13.555570073023743,3.201619169198187,2.8601994692151975
963.1284171222829,13.642007206265236,13.642007206265236,13.558750106430413,13.546237465306563,2.701619169198187,2.3601994692151975
963.3284437925056,13.634110341819529,13.634110341819529,13.550320026135436,13.528607989445682,3.201619169198187,1.8601994692151975
963.5284704627284,13.626197345062803,13.626197345062803,13.554984384067783,13.51149522031747,3.701619169198187,1.6500013779216849
963.728497132951,13.618268294113982,13.618268294113982,13.571285473585808,13.500560575354854,4.201619169198187,2.1500013779216847
963.9285238031737,13.610323267250461,13.610323267250461,13.575224221988515,13.493747082022114,3.701619169198187,2.6500013779216847
964.1285504733964,13.602362342907362,13.602362342907362,13.574163883725175,13.49033441399549,3.201619169198187,2.7054536835906418
964.3285771436191,13.594385599676755,13.594385599676755,13.579059484268607,13.490635419332142,3.701619169198187,3.2054536835906418
964.5286038138418,13.586393116306875,13.586393116306875,13.581784306487839,13.498035288238865,3.490184141822338,3.7054536835906418
964.7286304840645,13.578384971701334,13.578384971701334,13.574610100773562,13.499287873449784,2.990184141822338,3.345358359555018
964.9286571542872,13.57036124491838,13.57036124491838,13.562884934336934,13.493475246758004,2.490184141822338,2.845358359555018
965.12868382451,13.562322015170071,13.562322015170071,13.544310425530613,13.483827763954565,1.990184141822338,2.345358359555018
965.3287104947326,13.55426736182153,13.55426736182153,13.506430973712446,13.47220758721883,1.490184141822338,1.8453583595550178
965.5287371649553,13.546197364390132,13.546197364390132,13.48159969984385,13.44972853321625,1.969559407055789,1.4060862737551314
965.728763835178,13.53811210254473,13.53811210254473,13.45934365828009,13.434472227894235,2.106903183302794,1.9060862737551314
965.9287905054007,13.530011656104891,13.530011656104891,13.427835565120464,13.425832377425609,1.6069031833027938,2.406086273755131
966.1288171756233,13.521896105040069,13.521896105040069,13.408639952274783,13.425029945566802,2.106903183302794,2.906086273755131
966.3288438458461,13.513765529468829,13.513765529468829,13.396658089193213,13.41895929817808,2.606903183302794,2.406086273755131
966.5288705160688,13.505620009658095,13.505620009658095,13.38545726484496,13.416723804810575,2.874135846501903,2.906086273755131
966.7288971862914,13.497459626022287,13.497459626022287,13.38071296596352,13.408063170241029,3.374135846501903,2.406086273755131
966.9289238565142,13.48928445912258,13.48928445912258,13.37108157550608,13.39552664340662,2.874135846501903,2.0699943210718637
967.1289505267368,13.481094589666096,13.481094589666096,13.361608668974082,13.375109867161797,2.944495515340916,1.578634879422444
967.3289771969595,13.472890098505095,13.472890098505095,13.35516922556345,13.36242586764954,3.1024641126204835,2.078634879422444
967.5290038671823,13.464671066636187,13.464671066636187,13.36266055987192,13.341995969076141,3.6024641126204835,1.5786348794224438
967.7290305374049,13.456437575199544,13.456437575199544,13.352573825505448,13.333077040787526,3.1024641126204835,2.078634879422444
967.9290572076277,13.448189705478065,13.448189705478065,13.347490853334746,13.325868282309376,2.9223647102594454,2.578634879422444
968.1290838778503,13.439927538896617,13.439927538896617,13.337998185967264,13.315961403633553,3.1484434690863443,2.4871573246792686
968.329110548073,13.431651157021195,13.431651157021195,13.324893759061688,13.30468644334605,2.6484434690863443,1.9871573246792686
968.5291372182958,13.423360641558125,13.423360641558125,13.319215279113884,13.284553000989215,3.0303186182895816,1.4871573246792686
968.7291638885184,13.415056074353284,13.415056074353284,13.32151722813721,13.270722415079312,3.394851846563618,1.9871573246792686
968.9291905587411,13.406737537391253,13.406737537391253,13.327520915937647,13.265826313405888,3.6430704494196484,2.4871573246792686
969.1292172289639,13.398405112794526,13.398405112794526,13.320485103359966,13.255037669088441,3.1430704494196484,2.058037505827845
969.3292438991865,13.39005888282271,13.39005888282271,13.309785354558768,13.250258086770131,2.6430704494196484,2.558037505827845
969.5292705694092,13.381698929871702,13.381698929871702,13.288583292392465,13.248938733382044,2.3411581160611616,3.058037505827845
969.7292972396319,13.373325336472858,13.373325336472858,13.277099040255376,13.241634605391837,2.8411581160611616,2.558037505827845
969.9293239098546,13.364938185292218,13.364938185292218,13.265226535070846,13.228955240895328,2.7499638505823603,2.058037505827845
970.1293505800774,13.356537559129645,13.356537559129645,13.262762451230655,13.223353341874992,3.2499638505823603,2.558037505827845
970.3293772503,13.348123540918053,13.348123540918053,13.253614340078936,13.222303447019414,2.7499638505823603,3.058037505827845
970.5294039205227,13.339696213722547,13.339696213722547,13.243055406311925,13.2287364254631,2.8550191915606495,3.558037505827845
970.7294305907454,13.331255660739627,13.331255660739627,13.24568724825866,13.244139122680968,3.3550191915606495,4.058037505827845
970.9294572609681,13.322801965296371,13.322801965296371,13.233997332205448,13.248735612012537,2.8550191915606495,3.558037505827845
971.1294839311907,13.314335210849588,13.314335210849588,13.219297155225123,13.249631480384604,2.3550191915606495,3.3454834921325687
971.3295106014135,13.30585548098501,13.30585548098501,13.199436796241942,13.24874194469115,2.0533468056536797,2.8454834921325687
971.5295372716362,13.297362859416477,13.297362859416477,13.178847409809437,13.239798394609263,2.3452750132532376,2.3454834921325687
971.7295639418588,13.28885742998509,13.28885742998509,13.15455689140134,13.22355179089853,1.8452750132532376,1.8715241307438146
971.9295906120816,13.280339276658388,13.280339276658388,13.137149598468172,13.213585861074828,2.3452750132532376,2.371524130743815
972.1296172823043,13.271808483529536,13.271808483529536,13.127862051971093,13.211030871550662,2.8452750132532376,2.871524130743815
972.3296439525269,13.263265134816468,13.263265134816468,13.11043034560053,13.20356569387022,2.3452750132532376,2.371524130743815
972.5296706227497,13.25470931486108,13.25470931486108,13.08868819623511,13.190744121966391,2.0877824652914003,1.8715241307438149
972.7296972929723,13.246141108128388,13.246141108128388,13.074877182136552,13.182440026901633,2.5877824652914003,2.371524130743815
972.9297239631951,13.237560599205677,13.237560599205677,13.060544193684006,13.166299195335105,2.4015332276494687,1.8715241307438149
973.1297506334178,13.228967872801707,13.228967872801707,13.042886395463615,13.157522683803377,2.621017665791027,2.371524130743815
973.3297773036404,13.220363013745832,13.220363013745832,13.040061671688003,13.148425167927357,3.121017665791027,2.3794649145757316
973.5298039738632,13.211746106987182,13.211746106987182,13.04676124350011,13.14662321555127,3.565707307038333,2.8794649145757316
973.7298306440858,13.20311723759384,13.20311723759384,13.053204086794926,13.139718738471796,3.7664573618768418,2.3794649145757316
973.9298573143085,13.194476490751978,13.194476490751978,13.068398905461759,13.139137811981943,4.266457361876842,2.8794649145757316
974.1298839845313,13.185823951765016,13.185823951765016,13.072328305316043,13.144173170509243,3.766457361876842,3.3794649145757316
974.3299106547539,13.177159706052809,13.177159706052809,13.090215553424661,13.14737563614707,4.266457361876842,3.3409643371766715
974.5299373249766,13.168483839150767,13.168483839150767,13.094554169338032,13.140727523260804,3.766457361876842,2.8409643371766715
974.7299639951993,13.159796436709028,13.159796436709028,13.093794015267127,13.129159041820484,3.266457361876842,2.3409643371766715
974.929990665422,13.151097584491625,13.151097584491625,13.103724651968726,13.113164345314164,3.766457361876842,1.8409643371766715
975.1300173356448,13.142387368375605,13.142387368375605,13.103125013014857,13.092705465803364,3.266457361876842,1.3409643371766715
975.3300440058674,13.133665874350221,13.133665874350221,13.096745209867448,13.079632259231477,2.766457361876842,1.8409643371766715
975.5300706760901,13.124933188516062,13.124933188516062,13.085272756511062,13.07117720279264,2.361240513432335,2.3409643371766715
975.7300973463128,13.116189397084186,13.116189397084186,13.072646281154084,13.06043122498632,2.770173340418259,2.2652075775441367
975.9301240165355,13.107434586375316,13.107434586375316,13.062276346082415,13.048449602234406,3.1229806022447435,1.9918692857486455
976.1301506867582,13.098668842818938,13.098668842818938,13.04963371136379,13.02873771125618,2.6229806022447435,1.4918692857486455
976.3301773569809,13.089892252952472,13.089892252952472,13.04590224290897,13.015870689241895,3.1229806022447435,1.9918692857486455
976.5302040272036,13.081104903420432,13.081104903420432,13.029361468694773,12.997428270047228,2.6229806022447435,1.4918692857486455
976.7302306974262,13.072306880973535,13.072306880973535,13.022490307752378,12.970551238199151,3.1229806022447435,0.9918692857486455
976.930257367649,13.06349827246787,13.06349827246787,13.006154577597139,12.95134397803374,2.6229806022447435,1.4918692857486455
977.1302840378717,13.054679164864039,13.054679164864039,12.99887322158895,12.942307747061207,3.0533874965747,1.9918692857486455
977.3303107080943,13.045849645226289,13.045849645226289,13.000192871435296,12.925725218479467,3.5533874965747,1.4918692857486455
977.5303373783171,13.037009800721648,13.037009800721648,12.996718529677086,12.912950525023744,3.0533874965747,1.9918692857486455
977.7303640485397,13.028159718619097,13.028159718619097,12.983907900201046,12.908757687423126,2.5533874965747,2.4918692857486455
977.9303907187625,13.019299486288658,13.019299486288658,12.965716331870903,12.899573979697443,2.0533874965747,2.4164106055669317
978.1304173889852,13.010429191200581,13.010429191200581,12.93437990839848,12.884624967197999,1.5533874965746999,1.9164106055669317
978.3304440592078,13.001548920924437,13.001548920924437,12.912450644004188,12.879057582300737,2.0533874965747,2.4164106055669317
978.5304707294306,12.992658763128292,12.992658763128292,12.898777530652737,12.870716556765379,2.5533874965747,2.273750975077086
978.7304973996532,12.983758805577821,12.983758805577821,12.876149843981421,12.852723257148073,2.0533874965747,1.773750975077086
978.9305240698759,12.974849136135434,12.974849136135434,12.86079359199476,12.84376306529411,2.5533874965747,2.273750975077086
979.1305507400987,12.965929842759424,12.965929842759424,12.83613467900431,12.839541298852277,2.0533874965747,2.773750975077086
979.3305774103213,12.9570010135031,12.9570010135031,12.818785534486286,12.842074217120832,2.5533874965747,3.273750975077086
979.530604080544,12.948062736513908,12.948062736513908,12.810107692960717,12.838587941367818,3.0533874965747,2.773750975077086
979.7306307507667,12.93911510003255,12.93911510003255,12.799218636699697,12.84368678269087,2.5533874965747,3.273750975077086
979.9306574209894,12.930158192392156,12.930158192392156,12.782832184836064,12.853889369796208,2.479423430407448,3.773750975077086
980.1306840912122,12.921192102017354,12.921192102017354,12.765322502932534,12.853135728154383,2.342062383257375,3.273750975077086
980.3307107614348,12.912216917423448,12.912216917423448,12.758890244395834,12.847621810066611,2.842062383257375,2.773750975077086
980.5307374316575,12.90323272721551,12.90323272721551,12.759250670482832,12.838423777299763,3.342062383257375,2.273750975077086
980.7307641018803,12.894239620087514,12.894239620087514,12.75674911353613,12.821328602950018,3.2949941818535007,1.773750975077086
980.9307907721029,12.885237684821481,12.885237684821481,12.76381375791359,12.810485705782959,3.7949941818535007,2.244740754208589
981.1308174423256,12.876227010286568,12.876227010286568,12.781002479307144,12.803816935090094,4.2949941818535,2.744740754208589
981.3308441125483,12.867207685438208,12.867207685438208,12.790493475976234,12.796288620359636,3.7949941818535002,2.422618429152583
981.530870782771,12.858179799317256,12.858179799317256,12.790364009663024,12.797276542642376,3.2949941818535002,2.922618429152583
981.7308974529936,12.849143441049058,12.849143441049058,12.7840835465619,12.794172873607936,2.7949941818535002,2.422618429152583
981.9309241232164,12.840098699842606,12.840098699842606,12.776605379428787,12.788772863816314,2.9303844836177015,2.4300573738193827
982.1309507934391,12.831045664989663,12.831045664989663,12.766910501180675,12.77480122683667,2.5497090440271926,1.9300573738193827
982.3309774636617,12.821984425863857,12.821984425863857,12.754901073148618,12.766156622174117,2.621009099232426,2.4300573738193827
982.5310041338845,12.812915071919804,12.812915071919804,12.748721025290324,12.749885858612156,3.121009099232426,1.9300573738193827
982.7310308041071,12.803837692692252,12.803837692692252,12.736352489846341,12.731960067309322,2.621009099232426,1.4300573738193827
982.9310574743299,12.794752377795154,12.794752377795154,12.717757327752535,12.708117724940324,2.1725003204974374,0.9300573738193827
983.1310841445526,12.785659216920829,12.785659216920829,12.698996355846448,12.68982619686847,2.5115397616310844,1.4300573738193827
983.3311108147752,12.776558299839033,12.776558299839033,12.676443128792377,12.666920252378787,2.0115397616310844,0.9300573738193827
983.531137484998,12.767449716396097,12.767449716396097,12.66205933797152,12.631809254226672,2.5115397616310844,0.4300573738193827
983.7311641552207,12.75833355651405,12.75833355651405,12.64055352424387,12.607799662749557,2.0115397616310844,0.9300573738193827
983.9311908254433,12.749209910189702,12.749209910189702,12.610748959734568,12.590730042189485,1.5115397616310844,1.4300573738193827
984.1312174956661,12.740078867493771,12.740078867493771,12.58931291580318,12.577561921380832,2.0115397616310844,1.9300573738193827
984.3312441658887,12.730940518570003,12.730940518570003,12.579459521587415,12.570558677404671,2.4221334326415382,2.4300573738193827
984.5312708361114,12.721794953634276,12.721794953634276,12.561106671224898,12.56030546986693,2.244304242476544,1.9300573738193827
984.7312975063342,12.712642262973686,12.712642262973686,12.533441457351808,12.547897916451134,1.7443042424765438,2.4300573738193827
984.9313241765568,12.7034825369457,12.7034825369457,12.513445086003278,12.547071007787599,2.244304242476544,2.9300573738193827
985.1313508467796,12.694315865977217,12.694315865977217,12.503043827006193,12.547330250922695,2.744304242476544,3.0152985941623927
985.3313775170022,12.68514234056372,12.68514234056372,12.498774064180937,12.542191569815293,3.187832446252418,2.5152985941623927
985.5314041872249,12.675962051268344,12.675962051268344,12.490342231850667,12.532743025969241,2.897340398411007,2.0152985941623927
985.7314308574477,12.666775088721002,12.666775088721002,12.474443356367962,12.515389954406542,2.397340398411007,1.5152985941623927
985.9314575276703,12.657581543617496,12.657581543617496,12.469309953241968,12.499303899678718,2.897340398411007,1.8771934883435981
986.131484197893,12.648381506718602,12.648381506718602,12.454053574273118,12.49040995965823,2.397340398411007,2.377193488343598
986.3315108681157,12.639175068849184,12.639175068849184,12.448237890321169,12.476313831566836,2.897340398411007,1.8771934883435981
986.5315375383384,12.629962320897313,12.629962320897313,12.451111850313168,12.460684623798006,3.397340398411007,1.5479613004352304
986.731564208561,12.620743353813337,12.620743353813337,12.447666839028761,12.446512812874786,3.3050060099723373,1.6917033809910509
986.9315908787838,12.611518258609001,12.611518258609001,12.441465944038695,12.43622298887633,2.9673517558685623,2.1917033809910507
987.1316175490065,12.602287126356568,12.602287126356568,12.431046452488813,12.434991770615765,3.0034740067580072,2.6917033809910507
987.3316442192291,12.593050048187877,12.593050048187877,12.43498797211012,12.438721214861541,3.5034740067580072,3.1917033809910507
987.5316708894519,12.583807115293476,12.583807115293476,12.431929857669102,12.446192884856526,3.0034740067580072,3.6917033809910507
987.7316975596746,12.574558418921724,12.574558418921724,12.419701710591516,12.450197772362399,2.6691693749392553,3.1917033809910507
987.9317242298973,12.565304050377852,12.565304050377852,12.395612461872997,12.447475596663832,2.1691693749392553,2.6917033809910507
988.13175090012,12.556044101023115,12.556044101023115,12.385366562186217,12.445675963245074,2.6691693749392553,2.829312114619061
988.3317775703426,12.546778662273846,12.546778662273846,12.385567814991203,12.438971440114452,3.1691693749392553,2.3440108750050808
988.5318042405654,12.537507825600569,12.537507825600569,12.391068124415405,12.436510540519757,3.6691693749392553,2.8440108750050808
988.7318309107881,12.528231682527114,12.528231682527114,12.392353567090495,12.43228295210904,3.5713687924739994,2.6531729003074185
988.9318575810107,12.518950324629683,12.518950324629683,12.38832748597761,12.418241541651216,3.0713687924739994,2.1531729003074185
989.1318842512335,12.509663843535957,12.509663843535957,12.386949225776194,12.413808904217628,3.3621312482756944,2.6531729003074185
989.3319109214561,12.500372330924215,12.500372330924215,12.393031516464756,12.415933666854725,3.8621312482756944,3.1531729003074185
989.5319375916788,12.491075878522384,12.491075878522384,12.394988795529354,12.41197644966885,3.3621312482756944,2.6531729003074185
989.7319642619016,12.481774578107167,12.481774578107167,12.402427478816975,12.401242669622746,3.8621312482756944,2.1531729003074185
989.9319909321242,12.472468521503139,12.472468521503139,12.4037377578555,12.385480640245154,3.3621312482756944,1.6531729003074185
990.132017602347,12.463157800581806,12.463157800581806,12.411011022951122,12.358821249053756,3.8611428225900823,1.1531729003074185
990.3320442725696,12.453842507260742,12.453842507260742,12.406994609133433,12.331017903474592,3.3611428225900823,0.7331266141526138
990.5320709427923,12.444522733502659,12.444522733502659,12.402077710201427,12.310730908891351,3.167349319571041,1.2331266141526138
990.7320976130151,12.435198571314482,12.435198571314482,12.386044571725998,12.295104626929492,2.667349319571041,1.7331266141526138
990.9321242832377,12.425870112746484,12.425870112746484,12.364755569261336,12.285133746120684,2.167349319571041,2.2331266141526136
991.1321509534604,12.416537449891335,12.416537449891335,12.338797942926675,12.28336174841807,1.667349319571041,2.7331266141526136
991.3321776236832,12.407200674883216,12.407200674883216,12.318057601312306,12.27948410970092,2.167349319571041,2.2331266141526136
991.5322042939058,12.397859879896911,12.397859879896911,12.309385881027193,12.277984048180393,2.667349319571041,2.7331266141526136
991.7322309641285,12.38851515714688,12.38851515714688,12.30553587126805,12.270750540388486,2.959443498412523,2.2331266141526136
991.9322576343512,12.37916659888636,12.37916659888636,12.305387055158517,12.263684847355586,3.459443498412523,2.1252816575154765
992.1322843045739,12.369814297406467,12.369814297406467,12.301663855739278,12.258294497423707,2.959443498412523,2.6252816575154765
992.3323109747965,12.360458345035253,12.360458345035253,12.294292836094074,12.25113309800996,2.459443498412523,2.1252816575154765
992.5323376450193,12.351098834136813,12.351098834136813,12.274538691719515,12.249082754711107,1.959443498412523,2.6252816575154765
992.732364315242,12.341735857110391,12.341735857110391,12.235964579333595,12.236247576652053,1.459443498412523,2.1252816575154765
992.9323909854647,12.33236950638943,12.33236950638943,12.214858125763111,12.22223652698597,1.959443498412523,1.6252816575154765
993.1324176556874,12.322999874440692,12.322999874440692,12.18572374162629,12.210756767200541,1.459443498412523,2.1252816575154765
993.33244432591,12.31362705376332,12.31362705376332,12.164568743932712,12.201270228329088,1.959443498412523,2.2337339131278475
993.5324709961328,12.304251136887943,12.304251136887943,12.137332331362973,12.18494944687675,1.6055738034923248,1.9476010959515992
993.7324976663555,12.294872216375769,12.294872216375769,12.114825791111713,12.178264248158024,2.105573803492325,2.4476010959515992
993.9325243365781,12.285490384817637,12.285490384817637,12.104861530812357,12.176827247672051,2.605573803492325,2.9476010959515992
994.1325510068009,12.276105734833127,12.276105734833127,12.098692946770347,12.172708474563409,3.105573803492325,2.4476010959515992
994.3325776770236,12.266718359069664,12.266718359069664,12.104354696361577,12.167393616784352,3.562401221105274,2.5033026827532456
994.5326043472462,12.257328350201561,12.257328350201561,12.099952101871706,12.155536666179854,3.062401221105274,2.0033026827532456
994.732631017469,12.24793580092913,12.24793580092913,12.099823687658168,12.138012509226243,3.562401221105274,1.5033026827532456
994.9326576876916,12.238540803977774,12.238540803977774,12.097105492391758,12.111569589557433,3.062401221105274,1.0033026827532456
995.1326843579144,12.229143452097041,12.229143452097041,12.099804104598846,12.09582356859719,3.5133355304594636,1.5033026827532456
995.332711028137,12.219743838059749,12.219743838059749,12.10477539209067,12.085463995629796,4.013335530459464,2.0033026827532456
995.5327376983597,12.210342054661032,12.210342054661032,12.112505732735203,12.082918921050728,3.5133355304594636,2.5033026827532456
995.7327643685825,12.200938194717441,12.200938194717441,12.106883218000549,12.072985472792958,3.0133355304594636,2.0255555961490215
995.9327910388051,12.191532351066042,12.191532351066042,12.090429248735154,12.059799565268802,2.5133355304594636,2.0652960662115287
996.1328177090278,12.18212461656347,12.18212461656347,12.08621088513479,12.05104273826967,2.8568978765074196,1.854940144897326
996.3328443792506,12.172715084085022,12.172715084085022,12.08520553528203,12.032566660103189,3.3568978765074196,1.354940144897326
996.5328710494732,12.163303846523773,12.163303846523773,12.075262210330433,12.017802452691223,2.8568978765074196,1.854940144897326
996.7328977196959,12.153890996789604,12.153890996789604,12.059686336001704,11.998636158974323,2.3568978765074196,1.354940144897326
996.9329243899186,12.144476627808315,12.144476627808315,12.048279526319803,11.987148764735064,2.8568978765074196,1.854940144897326
997.1329510601413,12.13506083252072,12.13506083252072,12.033055442443128,11.984561907063652,2.3568978765074196,2.354940144897326
997.332977730364,12.125643703881696,12.125643703881696,12.009317199211022,11.978010491439985,1.8568978765074196,2.4626047998609133
997.5330044005867,12.116225334859289,12.116225334859289,11.994754744912967,11.97398512630185,2.3568978765074196,2.9626047998609133
997.7330310708094,12.1068058184338,12.1068058184338,11.988807557100623,11.975949042875031,2.8568978765074196,3.015904805552564
997.9330577410321,12.09738524759684,12.09738524759684,11.973414311919758,11.968081613902083,2.3568978765074196,2.515904805552564
998.1330844112548,12.087963715350448,12.087963715350448,11.967603590188885,11.958142680612417,2.8568978765074196,2.015904805552564
998.3331110814775,12.078541314706142,12.078541314706142,11.94835759542564,11.94146584215345,2.3568978765074196,1.5159048055525641
998.5331377517002,12.06911813868401,12.06911813868401,11.920860943897589,11.926354070092751,1.8568978765074196,2.015904805552564
998.7331644219229,12.059694280311808,12.059694280311808,11.904461481034186,11.91969220151795,2.3568978765074196,2.515904805552564
998.9331910921455,12.050269832624021,12.050269832624021,11.895040139061672,11.90853517911027,2.8568978765074196,2.015904805552564
999.1332177623683,12.040844888660944,12.040844888660944,11.876902855452961,11.902761851346495,2.3568978765074196,2.515904805552564
999.333244432591,12.031419541467784,12.031419541467784,11.863094073090307,11.894260819763124,2.3846164760001076,2.015904805552564
999.5332711028136,12.021993884093732,12.021993884093732,11.852775225479478,11.880614545098998,2.8846164760001076,1.862313382961227
999.7332977730364,12.01256800959102,12.01256800959102,11.85722185792932,11.872371350453717,3.3846164760001076,2.362313382961227
999.933324443259,12.003142011014047,12.003142011014047,11.850506325054452,11.874917896111963,2.9099820734423645,2.862313382961227
1000.1333511134818,11.993715981418418,11.993715981418418,11.854242793111247,11.869462159615768,3.4099820734423645,2.362313382961227
1000.3333777837045,11.984290013860065,11.984290013860065,11.847046092698482,11.870202783406853,2.9099820734423645,2.862313382961227
1000.5334044539271,11.974864201394286,11.974864201394286,11.83365509562765,11.860676324770093,2.442806598600463,2.362313382961227
1000.7334311241499,11.965438637074854,11.965438637074854,11.817805961444824,11.849728797661585,2.3671911558670415,1.862313382961227
1000.9334577943725,11.956013413953107,11.956013413953107,11.813526991597957,11.844856050219875,2.831903411349937,2.362313382961227
1001.1334844645952,11.946588625076998,11.946588625076998,11.803185204823404,11.842862298140115,2.885263013346206,2.862313382961227
1001.333511134818,11.937164363490192,11.937164363490192,11.789142952196686,11.847991941806598,2.385263013346206,3.362313382961227
1001.5335378050406,11.927740722231164,11.927740722231164,11.781558300349047,11.847551233712734,2.885263013346206,2.862313382961227
1001.7335644752633,11.918317794332252,11.918317794332252,11.76394250423847,11.839747589997666,2.385263013346206,2.362313382961227
1001.933591145486,11.908895672818751,11.908895672818751,11.758812094653043,11.826531302908641,2.885263013346206,1.862313382961227
1002.1336178157087,11.899474450708007,11.899474450708007,11.747303497447604,11.82213870090912,2.612965425898013,2.362313382961227
1002.3336444859314,11.890054221008473,11.890054221008473,11.744306137206948,11.80822532027218,3.112965425898013,1.862313382961227
1002.5336711561541,11.880635076718812,11.880635076718812,11.73218800015999,11.789447114098904,2.612965425898013,1.362313382961227
1002.7336978263768,11.871217110826978,11.871217110826978,11.73153671694752,11.775614021995235,3.112965425898013,1.7258094100091121
1002.9337244965996,11.861800416309274,11.861800416309274,11.730058818628342,11.755040720587733,3.203806023288023,1.238321625293205
1003.1337511668222,11.852385086129472,11.852385086129472,11.729058888987366,11.741557827892722,3.1109219423766548,1.738321625293205
1003.3337778370449,11.842971213237858,11.842971213237858,11.724668378706296,11.732052556804742,3.135739270450383,2.2383216252932048
1003.5338045072676,11.833558890570334,11.833558890570334,11.715565978488168,11.729922393725312,2.635739270450383,2.7383216252932048
1003.7338311774903,11.824148211047515,11.824148211047515,11.6992318485961,11.72162924399267,2.2050023756696824,2.2383216252932048
1003.9338578477129,11.814739267573772,11.814739267573772,11.691803117938898,11.705877662229637,2.7050023756696824,1.7383216252932048
1004.1338845179357,11.805332153036344,11.805332153036344,11.685089782981455,11.687745189020948,2.940405054809228,1.419895636494196
1004.3339111881584,11.795926960304426,11.795926960304426,11.691917454620556,11.674931387489236,3.440405054809228,1.919895636494196
1004.533937858381,11.78652378222823,11.78652378222823,11.70099754199162,11.670179193461953,3.940405054809228,2.419895636494196
1004.7339645286038,11.77712271163807,11.77712271163807,11.707042764795501,11.675378220146051,3.440405054809228,2.919895636494196
1004.9339911988264,11.767723841343479,11.767723841343479,11.71671571136089,11.67379210410707,3.940405054809228,2.661835402653665
1005.1340178690492,11.758327264132237,11.758327264132237,11.719313771598632,11.66569303011845,3.440405054809228,2.161835402653665
1005.3340445392719,11.748933072769526,11.748933072769526,11.71726852077907,11.651070449993458,3.105275512688055,1.661835402653665
1005.5340712094945,11.739541359996938,11.739541359996938,11.702796333043098,11.64070550883363,2.605275512688055,2.161835402653665
1005.7340978797173,11.730152218531607,11.730152218531607,11.683317584891066,11.635861144048027,2.105275512688055,2.661835402653665
1005.93412454994,11.720765741065295,11.720765741065295,11.668224781110334,11.628135067862459,2.605275512688055,2.161835402653665
1006.1341512201626,11.711382020263446,11.711382020263446,11.649732426510193,11.625090150458377,2.105275512688055,2.661835402653665
1006.3341778903854,11.702001148764296,11.702001148764296,11.629039986849934,11.627763290295642,2.2291134758347155,2.961247825789314
1006.534204560608,11.692623219177962,11.692623219177962,11.603087268350082,11.635509250620318,1.8077539074855777,3.461247825789314
1006.7342312308307,11.683248324085508,11.683248324085508,11.585996935528785,11.633804847787157,2.3077539074855777,2.961247825789314
1006.9342579010535,11.673876556038032,11.673876556038032,11.574966233212828,11.630081575045804,2.8077539074855777,2.461247825789314
1007.1342845712761,11.664508007555785,11.664508007555785,11.558799585914546,11.619368979204543,2.3077539074855777,1.973257966895829
1007.3343112414989,11.65514277112721,11.65514277112721,11.54235808367012,11.602331720272378,2.2016483099313695,1.473257966895829
1007.5343379117215,11.645780939208073,11.645780939208073,11.533730215908122,11.591631115974964,2.7016483099313695,1.973257966895829
1007.7343645819442,11.636422604220513,11.636422604220513,11.534932310080363,11.57668442157734,3.2016483099313695,1.473257966895829
1007.934391252167,11.62706785855215,11.62706785855215,11.534635357202259,11.567923689197515,3.7016483099313695,1.973257966895829
1008.1344179223896,11.617716794555177,11.617716794555177,11.531663737038729,11.550176959151264,3.2016483099313695,1.473257966895829
1008.3344445926123,11.608369504545442,11.608369504545442,11.523546054639864,11.52318707978529,2.7016483099313695,0.973257966895829
1008.534471262835,11.599026080801517,11.599026080801517,11.507138625104147,11.50809621100527,2.2016483099313695,1.473257966895829
1008.7344979330577,11.589686615563831,11.589686615563831,11.481911800440558,11.491954310551721,1.7016483099313695,1.646617986296352
1008.9345246032804,11.580351201033716,11.580351201033716,11.46752019211146,11.474228828505753,2.2016483099313695,1.2611176718314336
1009.1345512735031,11.571019929372513,11.571019929372513,11.443029010081538,11.461571395830054,1.9263069260344843,1.7611176718314336
1009.3345779437258,11.56169289270068,11.56169289270068,11.430217245586064,11.45617573488846,2.426306926034484,2.2611176718314336
1009.5346046139484,11.552370183096851,11.552370183096851,11.416548084854524,11.454355922845332,2.60030240317805,2.7611176718314336
1009.7346312841712,11.543051892596942,11.543051892596942,11.414771412073906,11.447448073443942,3.10030240317805,2.2611176718314336
1009.9346579543939,11.53373811319326,11.53373811319326,11.400209641306434,11.436195231636852,2.60030240317805,1.9654686009403575
1010.1346846246166,11.524428936833553,11.524428936833553,11.39326426416026,11.418420472268942,3.10030240317805,1.4654686009403575
1010.3347112948393,11.51512445542015,11.51512445542015,11.400262555963003,11.403196644213159,3.60030240317805,1.9654686009403575
1010.5347379650619,11.505824760809015,11.505824760809015,11.399404256595139,11.387035954664931,3.10030240317805,1.4654686009403575
1010.7347646352847,11.496529944808852,11.496529944808852,11.389119324748783,11.372372704458348,2.60030240317805,1.5505473231387974
1010.9347913055074,11.487240099180225,11.487240099180225,11.37194715811686,11.351646726390829,2.10030240317805,1.0506911164665453
1011.13481797573,11.4779553156346,11.4779553156346,11.348996068559323,11.334018170985411,1.6899319134652768,1.5506911164665453
1011.3348446459528,11.468675685833492,11.468675685833492,11.32581791360199,11.32367105856067,2.0861396144499906,2.0506911164665453
1011.5348713161754,11.459401301387533,11.459401301387533,11.31149707995245,11.320191567591324,2.5861396144499906,2.5506911164665453
1011.7348979863981,11.450132253855562,11.450132253855562,11.307120490321887,11.318862680479292,2.9128198397490626,2.4983255856360618
1011.9349246566209,11.44086863474373,11.44086863474373,11.299145935281908,11.307753209716557,2.4128198397490626,1.9983255856360618
1012.1349513268435,11.431610535504614,11.431610535504614,11.282225888809066,11.30556615649837,1.9128198397490626,2.4983255856360618
1012.3349779970663,11.422358047536278,11.422358047536278,11.268467626101447,11.310844416631927,2.4128198397490626,2.9983255856360618
1012.535004667289,11.41311126218141,11.41311126218141,11.26324907209869,11.310533039405081,2.9128198397490626,2.8910095946318366
1012.7350313375116,11.403870270726381,11.403870270726381,11.268028264186679,11.305113762662659,3.4128198397490626,2.3910095946318366
1012.9350580077344,11.39463516440037,11.39463516440037,11.263850913809513,11.295401627316195,2.9128198397490626,1.8910095946318366
1013.135084677957,11.38540603437447,11.38540603437447,11.270105618834535,11.281487741006199,3.4128198397490626,1.8632979517965367
1013.3351113481797,11.376182971760754,11.376182971760754,11.268797035395288,11.274293475859787,2.9128198397490626,2.363297951796537
1013.5351380184024,11.366966067611404,11.366966067611404,11.25533984510684,11.262790130385406,2.4128198397490626,1.863297951796537
1013.7351646886251,11.357755412917815,11.357755412917815,11.249770724605533,11.253241754393706,2.9128198397490626,1.823577994195174
1013.9351913588478,11.34855109860967,11.34855109860967,11.24606608757106,11.24314051415029,3.029017117329307,2.0485611368949184
1014.1352180290705,11.339353215554057,11.339353215554057,11.249226402742014,11.232442072118031,3.529017117329307,1.6695470154283392
1014.3352446992932,11.3301618545546,11.3301618545546,11.242888166336721,11.220745209745218,3.029017117329307,1.9166520990781786
1014.5352713695158,11.320977106350508,11.320977106350508,11.231421195471789,11.21462965384919,2.529017117329307,2.4166520990781786
1014.7352980397386,11.311799061615709,11.311799061615709,11.21160269763543,11.20279470769543,2.029017117329307,1.9166520990781786
1014.9353247099613,11.30262781095797,11.30262781095797,11.19990588982296,11.199592831213602,2.529017117329307,2.4166520990781786
1015.135351380184,11.293463444917966,11.293463444917966,11.195453507257566,11.201059864147128,2.8646828079805164,2.9166520990781786
1015.3353780504067,11.284306053968423,11.284306053968423,11.180501609151703,11.195109824859946,2.3646828079805164,2.4166520990781786
1015.5354047206293,11.275155728513196,11.275155728513196,11.160044429739607,11.185106937962836,1.8646828079805164,1.918398565474664
1015.7354313908521,11.266012558886384,11.266012558886384,11.144196112969208,11.16774204032467,2.3646828079805164,1.418398565474664
1015.9354580610748,11.256876635351459,11.256876635351459,11.139001381227658,11.144904373382477,2.8646828079805164,0.918398565474664
1016.1354847312974,11.247748048100341,11.247748048100341,11.137735545006887,11.12271240998986,3.3646828079805164,0.714305941953965
1016.3355114015202,11.23862688725253,11.23862688725253,11.145753006605052,11.106849205260799,3.6937257322214068,1.214305941953965
1016.5355380717428,11.229513242854216,11.229513242854216,11.14578402162953,11.0975936266764,3.1937257322214068,1.714305941953965
1016.7355647419655,11.22040720487738,11.22040720487738,11.156442103913285,11.089329718527468,3.6937257322214068,2.214305941953965
1016.9355914121883,11.211308863218907,11.211308863218907,11.161917785698865,11.087097430259282,3.598676386037258,2.714305941953965
1017.1356180824109,11.20221830769971,11.20221830769971,11.158571581003773,11.093620608383022,3.098676386037258,3.214305941953965
1017.3356447526337,11.193135628063832,11.193135628063832,11.148135032271362,11.092857927592206,2.598676386037258,2.714305941953965
1017.5356714228564,11.184060913977568,11.184060913977568,11.135213446250114,11.086868953753239,2.5456334179490545,2.2931165735517176
1017.735698093079,11.174994255028569,11.174994255028569,11.116153528184569,11.085620666781754,2.0456334179490545,2.7931165735517176
1017.9357247633018,11.165935740724956,11.165935740724956,11.104111257477264,11.078800620050064,2.5456334179490545,2.2931165735517176
1018.1357514335244,11.156885460494466,11.156885460494466,11.080361240908328,11.074169034294178,2.0456334179490545,2.4888793642594393
1018.3357781037471,11.147843503683532,11.147843503683532,11.069957906474746,11.08164111174413,2.5456334179490545,2.9888793642594393
1018.5358047739699,11.138809959556413,11.138809959556413,11.046859282657351,11.080533506113063,2.0456334179490545,2.4888793642594393
1018.7358314441925,11.129784917294334,11.129784917294334,11.026740302321741,11.068941490512191,1.9522051804619993,1.9888793642594393
1018.9358581144152,11.120768465994562,11.120768465994562,11.016237310088497,11.050955081375744,2.4522051804619993,1.4888793642594393
1019.1358847846379,11.111760694669577,11.111760694669577,10.998713047187527,11.039818234552518,2.278819101212124,1.9888793642594393
1019.3359114548606,11.102761692246164,11.102761692246164,10.988793842115156,11.037729558626866,2.778819101212124,2.387325531473495
1019.5359381250832,11.093771547564513,11.093771547564513,10.988909841459648,11.024386201823258,3.278819101212124,1.8873255314734951
1019.735964795306,11.0847903493774,11.0847903493774,10.978380528956926,11.021483263345162,2.778819101212124,2.387325531473495
1019.9359914655287,11.075818186349276,11.075818186349276,10.957898142499213,11.01191988324145,2.278819101212124,1.8873255314734951
1020.1360181357514,11.066855147055367,11.066855147055367,10.953001140098197,11.007348584618228,2.778819101212124,2.387325531473495
1020.3360448059741,11.057901319980857,11.057901319980857,10.952642236066291,11.009764155429538,3.278819101212124,2.887325531473495
1020.5360714761968,11.048956793519984,11.048956793519984,10.945711746194489,11.015288503794268,2.778819101212124,3.094708629993085
1020.7360981464195,11.04002165597514,11.04002165597514,10.934354331612578,11.013316608303855,2.278819101212124,2.594708629993085
1020.9361248166422,11.031095995556056,11.031095995556056,10.914240305487672,11.005566218200173,1.888131667877159,2.094708629993085
1021.1361514868648,11.022179900378902,11.022179900378902,10.900403242846833,10.991755517321689,2.388131667877159,1.594708629993085
1021.3361781570876,11.013273458465388,11.013273458465388,10.879714819365764,10.9811132321921,1.888131667877159,2.094708629993085
1021.5362048273103,11.004376757741959,11.004376757741959,10.857214536114146,10.977408384649161,1.6827708208297543,2.594708629993085
1021.7362314975329,10.995489886038875,10.995489886038875,10.839461140340536,10.96934753221807,2.182770820829754,2.094708629993085
1021.9362581677557,10.986612931089368,10.986612931089368,10.813805759721301,10.9539871367489,1.682770820829754,1.594708629993085
1022.1362848379783,10.977745980528779,10.977745980528779,10.798414691368569,10.936366628706066,2.182770820829754,1.4773670382358588
1022.3363115082011,10.968889121893648,10.968889121893648,10.773763629659774,10.915505777641295,1.8236545830517896,0.9773670382358588
1022.5363381784238,10.96004244262092,10.96004244262092,10.757033568444347,10.886693467561177,1.9569723219090096,0.4773670382358588
1022.7363648486464,10.95120603004705,10.95120603004705,10.74872676126915,10.852771917822057,2.4569723219090096,0.0
1022.9363915188692,10.9423799714071,10.9423799714071,10.744350843843984,10.827523145686778,2.887495163751786,0.5
1023.1364181890918,10.933564353833951,10.933564353833951,10.747615746855473,10.800645695018773,3.387495163751786,1.0
1023.3364448593145,10.924759264357403,10.924759264357403,10.742745399727951,10.784842614461528,2.887495163751786,1.5
1023.5364715295373,10.915964789903297,10.915964789903297,10.747438351995621,10.772523768271641,3.387495163751786,2.0
1023.7364981997599,10.907181017292704,10.907181017292704,10.738588906936153,10.766762169356,2.887495163751786,2.5
1023.9365248699826,10.898408033241045,10.898408033241045,10.740118184926628,10.7689800683555,3.387495163751786,2.781548679742638
1024.1365515402053,10.889645924357207,10.889645924357207,10.73125492615894,10.772455404682445,2.999672083372002,2.899781161324299
1024.3365782104281,10.880894777142743,10.880894777142743,10.73435119133369,10.76591662401746,3.499672083372002,2.399781161324299
1024.5366048806507,10.872154677990988,10.872154677990988,10.72634650569493,10.764431178294453,2.999672083372002,2.627399878648407
1024.7366315508734,10.863425713186171,10.863425713186171,10.712880981212356,10.767455533118541,2.499672083372002,2.8424189454438507
1024.9366582210962,10.854707968902659,10.854707968902659,10.706046741993418,10.774081618388001,2.8000414092221972,3.3424189454438507
1025.1366848913187,10.846001531204013,10.846001531204013,10.707687069966187,10.774488809466453,3.167472854587668,2.8424189454438507
1025.3367115615415,10.837306486042165,10.837306486042165,10.71424404279498,10.767575714223938,3.667472854587668,2.3424189454438507
1025.5367382317643,10.828622919256594,10.828622919256594,10.712788996211073,10.766807673938647,3.167472854587668,2.656938304903473
1025.7367649019868,10.819950916573466,10.819950916573466,10.703745121348884,10.77286122001044,2.667472854587668,3.156938304903473
1025.9367915722096,10.81129056360476,10.81129056360476,10.688673125472723,10.775802792803741,2.167472854587668,2.949219929017831
1026.1368182424324,10.802641945847467,10.802641945847467,10.678415865634458,10.772773408556603,2.667472854587668,2.449219929017831
1026.336844912655,10.794005148682732,10.794005148682732,10.668162773870826,10.769477669396132,2.434161711251145,2.5311658569925086
1026.5368715828777,10.78538025737497,10.78538025737497,10.649014435514717,10.76468536829319,1.934161711251145,2.4464356480491274
1026.7368982531004,10.77676735707109,10.77676735707109,10.638010808534155,10.754043485554842,2.434161711251145,1.9464356480491274
1026.936924923323,10.768166532799626,10.768166532799626,10.635107541139865,10.73846191484814,2.845756755427646,1.566461497894932
1027.1369515935457,10.75957786946986,10.75957786946986,10.638143058852458,10.723611467431287,3.345756755427646,1.8443266971797752
1027.3369782637685,10.751001451871051,10.751001451871051,10.643377989549636,10.706609379491304,3.6629737001105327,1.3443266971797752
1027.537004933991,10.742437364671567,10.742437364671567,10.645199198968209,10.691384644989437,3.1629737001105327,1.6903307566981853
1027.7370316042138,10.733885692418013,10.733885692418013,10.635746790227953,10.672422167018414,2.6629737001105327,1.2834392419245773
1027.9370582744366,10.725346519534465,10.725346519534465,10.618263881037711,10.650984371733175,2.1629737001105327,0.7834392419245773
1028.1370849446591,10.716819930321599,10.716819930321599,10.607599907412162,10.634188037219628,2.6629737001105327,1.2834392419245773
1028.337111614882,10.708306008955836,10.708306008955836,10.609463432771504,10.621456042879514,2.9448128115990877,1.7834392419245773
1028.5371382851047,10.699804839488563,10.699804839488563,10.60565726485318,10.616161523961644,3.015703465977972,2.2834392419245773
1028.7371649553274,10.691316505845268,10.691316505845268,10.591404894302604,10.604284167775281,2.515703465977972,1.7834392419245773
1028.93719162555,10.682841091824734,10.682841091824734,10.57982218890564,10.596603653045955,2.3353710525010563,2.2834392419245773
1029.1372182957728,10.674378681098167,10.674378681098167,10.56318414310381,10.588285760952209,2.28838119157278,1.7834392419245773
1029.3372449659955,10.66592935720843,10.66592935720843,10.556242193386296,10.569505022549622,2.78838119157278,1.2834392419245773
1029.537271636218,10.65749320356919,10.65749320356919,10.544311428668395,10.562401577408307,2.28838119157278,1.7834392419245773
1029.7372983064408,10.649070303464068,10.649070303464068,10.54007476041859,10.558048386572203,2.78838119157278,2.2834392419245773
1029.9373249766636,10.640660740045867,10.640660740045867,10.526164781397277,10.560089860657648,2.5008179296852973,2.7834392419245773
1030.1373516468861,10.632264596335732,10.632264596335732,10.512042685612924,10.554580249273213,2.217815970332208,2.2834392419245773
1030.337378317109,10.623881955222293,10.623881955222293,10.504261008151909,10.540766650175826,2.717815970332208,1.7834392419245773
1030.5374049873317,10.615512899460903,10.615512899460903,10.4853861619208,10.53199254210564,2.217815970332208,2.026880021845049
1030.7374316575542,10.607157511672819,10.607157511672819,10.478872032086787,10.520200255652496,2.717815970332208,1.5959993689216327
1030.937458327777,10.598815874344314,10.598815874344314,10.477529833773728,10.50809883756505,3.217815970332208,1.9650253558633508
1031.1374849979998,10.59048806982595,10.59048806982595,10.488374448765684,10.495687708574891,3.717815970332208,1.4650253558633508
1031.3375116682223,10.582174180331727,10.582174180331727,10.496841111070731,10.488339452920336,3.7082911999575554,1.9650253558633508
1031.537538338445,10.57387428793824,10.57387428793824,10.495562304520869,10.478639130821069,3.2082911999575554,1.4650253558633508
1031.7375650086678,10.56558847458394,10.56558847458394,10.49030900644048,10.470035880590801,2.7082911999575554,1.9650253558633508
1031.9375916788904,10.557316822068278,10.557316822068278,10.491276073391406,10.45632632679355,2.9893280616400593,1.4650253558633508
1032.1376183491132,10.549059412050882,10.549059412050882,10.49475483109299,10.435822565851165,3.404189571377319,0.9650253558633508
1032.337645019336,10.540816326050802,10.540816326050802,10.486722263496445,10.42366901699862,2.904189571377319,1.4650253558633506
1032.5376716895585,10.532587645445673,10.532587645445673,10.473819244858676,10.416712399326325,2.404189571377319,1.9650253558633506
1032.7376983597812,10.5243734514709,10.5243734514709,10.451862909119527,10.412469663163966,1.904189571377319,2.4650253558633506
1032.937725030004,10.516173825218889,10.516173825218889,10.440174039456759,10.40168330634573,2.404189571377319,1.9650253558633506
1033.1377517002265,10.507988847638234,10.507988847638234,10.434054678690135,10.385995219243407,2.904189571377319,1.4995420267699413
1033.3377783704493,10.499818599532892,10.499818599532892,10.423609312722652,10.365587589047273,2.404189571377319,0.9995420267699413
1033.537805040672,10.491663161561426,10.491663161561426,10.418822252558062,10.349400885047649,2.904189571377319,1.4995420267699413
1033.7378317108949,10.483522614236188,10.483522614236188,10.407696269757526,10.342428792373523,2.404189571377319,1.9995420267699413
1033.9378583811174,10.475397037922528,10.475397037922528,10.383991178183216,10.327544692304256,1.904189571377319,1.4995420267699413
1034.1378850513402,10.46728651283798,10.46728651283798,10.370437935518321,10.317831629626266,2.404189571377319,1.9995420267699413
1034.337911721563,10.459191119051507,10.459191119051507,10.367658632587514,10.31503760804137,2.904189571377319,2.4995420267699413
1034.5379383917855,10.451110936482701,10.451110936482701,10.354311306305942,10.309541188302775,2.404189571377319,2.2524038892126717
1034.7379650620082,10.443046044900951,10.443046044900951,10.334640747562036,10.297667709796832,2.216455000725365,1.9487406036003116
1034.937991732231,10.434996523924722,10.434996523924722,10.329385569214173,10.293063490696623,2.716455000725365,2.4487406036003114
1035.1380184024536,10.426962453020735,10.426962453020735,10.330156468226262,10.297299780204451,3.216455000725365,2.9487406036003114
1035.3380450726763,10.418943911503158,10.418943911503158,10.337066922716295,10.293325324877827,3.562844673047189,2.4487406036003114
1035.538071742899,10.410940978532874,10.410940978532874,10.338350352378727,10.283512523203427,3.2446470310334368,1.9954182202313067
1035.7380984131216,10.402953733116677,10.402953733116677,10.331324595702567,10.283322761266934,2.7446470310334368,2.495418220231307
1035.9381250833444,10.394982254106461,10.394982254106461,10.31763615694554,10.279111219020658,2.2446470310334368,2.3959625508652866
1036.1381517535672,10.387026620198503,10.387026620198503,10.309320628166498,10.272110428413033,2.7446470310334368,2.047971741967094
1036.3381784237897,10.379086909932646,10.379086909932646,10.310232842909569,10.27006919173817,3.2446470310334368,2.547971741967094
1036.5382050940125,10.371163201691498,10.371163201691498,10.30542259133998,10.276891301099324,2.7446470310334368,3.047971741967094
1036.7382317642353,10.36325557369975,10.36325557369975,10.308386487895975,10.278747619898752,3.2446470310334368,2.547971741967094
1036.9382584344578,10.35536410402331,10.35536410402331,10.305104984212548,10.271554703087508,2.7446470310334368,2.047971741967094
1037.1382851046806,10.347488870568554,10.347488870568554,10.287980673618828,10.259760954406854,2.2446470310334368,1.547971741967094
1037.3383117749033,10.3396299510816,10.3396299510816,10.268798328085268,10.252348772577376,1.7446470310334368,2.047971741967094
1037.5383384451259,10.331787423147503,10.331787423147503,10.253549719291632,10.238156630729728,2.2446470310334368,1.547971741967094
1037.7383651153486,10.323961364189477,10.323961364189477,10.227472477900376,10.21494845407441,1.7446470310334368,1.047971741967094
1037.9383917855714,10.316151851468176,10.316151851468176,10.197616012287915,10.203874213488225,1.5231484235788189,1.547971741967094
1038.138418455794,10.3083589620809,10.3083589620809,10.181784531915955,10.181557740314837,2.023148423578819,1.047971741967094
1038.3384451260167,10.300582772960823,10.300582772960823,10.172675497057472,10.165929502984445,2.523148423578819,1.547971741967094
1038.5384717962395,10.292823360876266,10.292823360876266,10.166979586350651,10.157349906040718,3.023148423578819,2.047971741967094
1038.7384984664623,10.285080802429924,10.285080802429924,10.157098239358454,10.154006747060674,2.613267494515618,2.3169812791813955
1038.9385251366848,10.27735517405811,10.27735517405811,10.143855771642423,10.145927383377845,2.113267494515618,1.8817450207950532
1039.1385518069076,10.269646552029979,10.269646552029979,10.13921844731616,10.13564910290522,2.613267494515618,1.758420943877753
1039.3385784771303,10.26195501244682,10.26195501244682,10.141456269486419,10.13098810004837,3.113267494515618,2.1641556825594574
1039.5386051473529,10.254280631241278,10.254280631241278,10.131030912837998,10.116959107412113,2.613267494515618,1.6641556825594574
1039.7386318175757,10.246623484176581,10.246623484176581,10.129661970215036,10.111768266666349,3.113267494515618,2.1641556825594574
1039.9386584877984,10.238983646845847,10.238983646845847,10.126518139349898,10.110190477056701,2.613267494515618,2.6641556825594574
1040.138685158021,10.231361194671305,10.231361194671305,10.11061116730128,10.111217145673516,2.113267494515618,2.623215909319309
1040.3387118282437,10.223756202903528,10.223756202903528,10.100436183542003,10.117380601753316,2.613267494515618,3.123215909319309
1040.5387384984665,10.216168746620745,10.216168746620745,10.1007570150003,10.120065235529859,3.113267494515618,2.833001431709583
1040.738765168689,10.208598900728065,10.208598900728065,10.089942180693432,10.117728642431933,2.613267494515618,2.4517211599953264
1040.9387918389118,10.201046739956723,10.201046739956723,10.074188229171282,10.11117692916269,2.113267494515618,2.27859916360392
1041.1388185091346,10.193512338863385,10.193512338863385,10.062348871452492,10.10097099014803,2.2989803964460447,1.77859916360392
1041.3388451793571,10.185995771829392,10.185995771829392,10.042103524276824,10.096845456946694,1.8288045944823543,2.27859916360392
1041.53887184958,10.178497113059993,10.178497113059993,10.030697308423406,10.08996001860882,2.3288045944823543,1.77859916360392
1041.7388985198027,10.171016436583674,10.171016436583674,10.01801383694897,10.08494751037597,2.38849325084235,2.27859916360392
1041.9389251900252,10.163553816251389,10.163553816251389,10.018729620581205,10.087708829254055,2.88849325084235,2.77859916360392
1042.138951860248,10.156109325735816,10.156109325735816,10.020246274807565,10.087387444735485,3.38849325084235,2.609327350670523
1042.3389785304707,10.148683038530681,10.148683038530681,10.035746367605814,10.08231733839509,3.88849325084235,2.109327350670523
1042.5390052006933,10.141275027949984,10.141275027949984,10.040777951305042,10.065094268810562,3.38849325084235,1.6093273506705228
1042.739031870916,10.133885367127302,10.133885367127302,10.03611350218958,10.043865573134534,2.88849325084235,1.1093273506705228
1042.9390585411388,10.126514129015058,10.126514129015058,10.038912875532006,10.029997700579534,3.3407874029617353,1.6093273506705228
1043.1390852113614,10.119161386383807,10.119161386383807,10.0347051977725,10.022272940305115,2.8407874029617353,2.109327350670523
1043.3391118815841,10.11182721182149,10.11182721182149,10.038131699835596,10.022891557857958,3.3407874029617353,2.609327350670523
1043.539138551807,10.104511677732763,10.104511677732763,10.050948145083424,10.01570642389963,3.8407874029617353,2.109327350670523
1043.7391652220297,10.097214856338253,10.097214856338253,10.05218245673173,10.003787510296567,3.3407874029617353,1.6093273506705228
1043.9391918922522,10.089936819673856,10.089936819673856,10.051429258356713,9.986569466044555,2.8407874029617353,1.1093273506705228
1044.139218562475,10.082677639589999,10.082677639589999,10.039989584065472,9.971539036820628,2.405347035508447,1.6093273506705228
1044.3392452326977,10.075437387750977,10.075437387750977,10.019023368634663,9.954229432305993,1.9053470355084472,1.463948675645945
1044.5392719029203,10.06821613563422,10.06821613563422,10.009555061295956,9.949588371287783,2.405347035508447,1.963948675645945
1044.739298573143,10.061013954529562,10.061013954529562,9.994918529299701,9.948465274908482,2.2213796254496083,2.4639486756459448
1044.9393252433658,10.053830915538592,10.053830915538592,9.982559910422315,9.937383248135694,2.2607384569760045,2.06995736379255
1045.1393519135884,10.046667089573921,10.046667089573921,9.975167665135016,9.92398880996893,2.7607384569760045,1.6130874380889786
1045.3393785838111,10.039522547358462,10.039522547358462,9.96552791961796,9.918191701012626,2.2607384569760045,2.1130874380889786
1045.539405254034,10.032397359424778,10.032397359424778,9.945038533444057,9.918416792757315,1.7607384569760045,2.6130874380889786
1045.7394319242565,10.02529159611436,10.02529159611436,9.93437467411754,9.918988186244814,2.2607384569760045,2.768750179552035
1045.9394585944792,10.018205327576915,10.018205327576915,9.929596308144154,9.925503042306271,2.7607384569760045,3.268750179552035
1046.139485264702,10.011138623769712,10.011138623769712,9.932193949317558,9.925492847922202,3.2607384569760045,2.768750179552035
1046.3395119349245,10.004091554456876,10.004091554456876,9.927559269218305,9.923836071532504,2.7607384569760045,2.268750179552035
1046.5395386051473,9.997064189208672,9.997064189208672,9.914071606840878,9.911914896389044,2.2607384569760045,1.7687501795520348
1046.73956527537,9.990056597400866,9.990056597400866,9.911201311558116,9.906813582538325,2.7607384569760045,2.268750179552035
1046.9395919455926,9.98306884821401,9.98306884821401,9.91250847799696,9.897014619627491,3.235044818179835,1.7687501795520348
1047.1396186158154,9.97610101063275,9.97610101063275,9.907646914986442,9.882079922104536,2.735044818179835,1.5725223700854492
1047.3396452860381,9.96915315344518,9.96915315344518,9.896297817160505,9.877396908817047,2.3530534962367753,2.072522370085449
1047.5396719562607,9.962225345242143,9.962225345242143,9.873595994301844,9.880094714664837,1.8530534962367753,2.5419163800858735
1047.7396986264835,9.955317654416529,9.955317654416529,9.86058239659111,9.885256238834987,2.3530534962367753,2.785028938385954
1047.9397252967062,9.94843014916265,9.94843014916265,9.85421943763294,9.881279682619622,2.8530534962367753,2.285028938385954
1048.1397519669288,9.94156289747554,9.94156289747554,9.842255233547103,9.880358307585311,2.3530534962367753,2.365695811524073
1048.3397786371515,9.934715967150265,9.934715967150265,9.842337661720865,9.871062603065079,2.8530534962367753,1.865695811524073
1048.5398053073743,9.927889425781284,9.927889425781284,9.840858713610988,9.855358233191112,3.1390029930485794,1.365695811524073
1048.739831977597,9.921083340761793,9.921083340761793,9.84859830091341,9.847169345797209,3.387406342915664,1.865695811524073
1048.9398586478196,9.91429777928302,9.91429777928302,9.847644324856844,9.841896237274367,2.887406342915664,2.365695811524073
1049.1398853180424,9.907532808333562,9.907532808333562,9.854851156650577,9.844706477902028,3.387406342915664,2.865695811524073
1049.3399119882652,9.900788494698766,9.900788494698766,9.851718166241332,9.841038555439813,2.887406342915664,2.4051321581152876
1049.5399386584877,9.89406490496005,9.89406490496005,9.842389863886714,9.833931833832926,2.5865054485958847,1.9685251094929679
1049.7399653287105,9.887362105494214,9.887362105494214,9.82907604240159,9.831810141172532,2.0865054485958847,2.468525109492968
1049.9399919989332,9.880680162472832,9.880680162472832,9.824309381726895,9.82905846686474,2.5472919572774595,2.4289720326349915
1050.1400186691558,9.874019141861583,9.874019141861583,9.818022215455356,9.821535894897968,2.7288019632960743,2.099242341844254
1050.3400453393785,9.86737910941957,9.86737910941957,9.800254898951955,9.821828521530213,2.2288019632960743,2.599242341844254
1050.5400720096013,9.86076013069872,9.86076013069872,9.794280042669177,9.816056764688794,2.7288019632960743,2.099242341844254
1050.7400986798239,9.854162271043112,9.854162271043112,9.793534538972523,9.81311745375167,3.150733460333079,2.5069657423425022
1050.9401253500466,9.847585595588312,9.847585595588312,9.788397568288477,9.805352406444905,2.650733460333079,2.0069657423425022
1051.1401520202694,9.841030169260769,9.841030169260769,9.780050625962643,9.803441529109376,2.4096331260021473,2.5069657423425022
1051.340178690492,9.834496056777159,9.834496056777159,9.780866728884424,9.793484822899055,2.6344545783387976,2.0069657423425022
1051.5402053607147,9.827983322643721,9.827983322643721,9.779958265050158,9.78089689898795,3.1344545783387976,1.5069657423425022
1051.7402320309375,9.821492031155662,9.821492031155662,9.770982246980086,9.77374845695713,2.6344545783387976,2.0069657423425022
1051.94025870116,9.815022246396506,9.815022246396506,9.77144361964575,9.77401925954956,3.1344545783387976,2.5069657423425022
1052.1402853713828,9.80857403223743,9.80857403223743,9.76597453938,9.775000747997161,2.6344545783387976,2.5760787223220842
1052.3403120416056,9.802147452336689,9.802147452336689,9.757206655889988,9.764969536230684,2.3595784656401215,2.0760787223220842
1052.540338711828,9.795742570138954,9.795742570138954,9.736025205170087,9.762252879551125,1.8595784656401215,2.2269734473310514
1052.7403653820509,9.789359448874674,9.789359448874674,9.721149980692672,9.763967688006225,2.089069156556827,2.7269734473310514
1052.9403920522736,9.78299815155949,9.78299815155949,9.70021120005785,9.75855178552442,1.6600158442724062,2.2269734473310514
1053.1404187224962,9.776658740993588,9.776658740993588,9.687881488799354,9.748960492377373,2.1600158442724062,1.7269734473310514
1053.340445392719,9.770341279761068,9.770341279761068,9.680660866829559,9.729973837510602,2.6600158442724062,1.2269734473310514
1053.5404720629417,9.764045830229357,9.764045830229357,9.683292624756428,9.719755264622009,3.1600158442724062,1.7269734473310514
1053.7404987331645,9.757772454548574,9.757772454548574,9.695639380804057,9.70649891861372,3.6600158442724062,1.2269734473310514
1053.940525403387,9.751521214650925,9.751521214650925,9.697955640291772,9.67964567568054,3.1600158442724062,0.7269734473310514
1054.1405520736098,9.745292172250066,9.745292172250066,9.708154575604315,9.66387783028492,3.6600158442724062,1.2269734473310514
1054.3405787438326,9.739085388840534,9.739085388840534,9.712154553276756,9.649177769153383,3.1600158442724062,1.31677854913033
1054.540605414055,9.732900925697116,9.732900925697116,9.704761263790001,9.637904601238798,2.6600158442724062,1.81677854913033
1054.7406320842779,9.726738843874244,9.726738843874244,9.693607299908624,9.620542999694456,2.1600158442724062,1.31677854913033
1054.9406587545006,9.720599204205403,9.720599204205403,9.671149042448071,9.610007109973171,1.6600158442724062,1.81677854913033
1055.1406854247232,9.714482067302525,9.714482067302525,9.637885435853152,9.601803726926802,1.1600158442724062,1.9805977836466182
1055.340712094946,9.70838749355537,9.70838749355537,9.620842436302711,9.596783301190019,1.6600158442724062,2.156721340820263
1055.5407387651687,9.70231554313097,9.70231554313097,9.592689701565718,9.586014324327957,1.1600158442724062,1.6577033052373897
1055.7407654353913,9.696266275973016,9.696266275973016,9.564255075929106,9.580755142377317,1.6600158442724062,2.1577033052373897
1055.940792105614,9.690239751801244,9.690239751801244,9.547769397973191,9.57321466846251,2.1600158442724062,2.1348660334454306
1056.1408187758368,9.684236030110887,9.684236030110887,9.526404760205729,9.574948620912139,1.7386135336132795,2.6348660334454306
1056.3408454460593,9.678255170172061,9.678255170172061,9.514825427085334,9.573118656141077,2.2386135336132793,2.1348660334454306
1056.5408721162821,9.672297231029173,9.672297231029173,9.510834115892767,9.57435932709013,2.7386135336132793,2.6348660334454306
1056.7408987865049,9.666362271500367,9.666362271500367,9.505088431245571,9.570477388652906,2.9101272086264816,2.1348660334454306
1056.9409254567274,9.660450350176927,9.660450350176927,9.501617330696732,9.568006017404905,2.8063266354495626,2.4128079004600007
1057.1409521269502,9.654561525422679,9.654561525422679,9.504292478927837,9.557344779146906,3.3063266354495626,1.9128079004600007
1057.340978797173,9.648695855373454,9.648695855373454,9.50944282852636,9.55507177088688,3.8063266354495626,2.4128079004600007
1057.5410054673955,9.642853397936495,9.642853397936495,9.532581532451127,9.558098511118292,4.306326635449563,2.9128079004600007
1057.7410321376183,9.637034210789865,9.637034210789865,9.562089338943261,9.556134463267743,4.658393494076247,2.4128079004600007
1057.941058807841,9.631238351381919,9.631238351381919,9.580029681165305,9.549227593088405,4.158393494076247,1.9128079004600007
1058.1410854780636,9.62546587693071,9.62546587693071,9.588926986981582,9.551032220825995,3.658393494076247,2.4128079004600007
1058.3411121482864,9.619716844423413,9.619716844423413,9.59907483929143,9.554667682161218,3.5728792405097898,2.9128079004600007
1058.5411388185091,9.613991310615802,9.613991310615802,9.597528585379138,9.551652849911223,3.0728792405097898,2.4128079004600007
1058.741165488732,9.608289332031653,9.608289332031653,9.600065391690942,9.544063194350972,3.322279789422202,1.93577121764396
1058.9411921589544,9.602610964962206,9.602610964962206,9.595795774472347,9.529968696249359,2.822279789422202,1.43577121764396
1059.1412188291772,9.596956265465595,9.596956265465595,9.586613568263367,9.524436630326155,2.4354360860111424,1.93577121764396
1059.3412454994,9.591325289366306,9.591325289366306,9.56420705704435,9.522283380961868,2.0292290843289207,2.43577121764396
1059.5412721696225,9.58571809225463,9.58571809225463,9.560882979769032,9.527207430414697,2.5292290843289207,2.909556678046241
1059.7412988398453,9.58013472948609,9.58013472948609,9.54918610105293,9.530362051347048,2.0292290843289207,2.776647466198112
1059.941325510068,9.574575256180925,9.574575256180925,9.523237289910867,9.524522472926792,1.5292290843289207,2.276647466198112
1060.1413521802906,9.569039727223531,9.569039727223531,9.490330987992575,9.528062639880531,1.2457743437202686,2.776647466198112
1060.3413788505134,9.563528197261906,9.563528197261906,9.455937049590549,9.53858425503831,0.7757379391519406,3.228278777641986
1060.5414055207361,9.558040720707133,9.558040720707133,9.424783674874778,9.537772894036577,1.2757379391519406,2.728278777641986
1060.7414321909587,9.552577351732854,9.552577351732854,9.407679323445416,9.532868790231916,1.7757379391519406,2.228278777641986
1060.9414588611814,9.54713814427468,9.54713814427468,9.397267246554179,9.525362811019763,2.2757379391519406,1.8992854968804678
1061.1414855314042,9.541723152029714,9.541723152029714,9.39499436923249,9.522637677089948,2.7757379391519406,2.3992854968804678
1061.3415122016268,9.536332428456008,9.536332428456008,9.402264619451435,9.511481129751532,3.2757379391519406,1.8992854968804678
1061.5415388718495,9.530966026772003,9.530966026772003,9.41516970840724,9.502747131370821,3.7757379391519406,1.5508852767393844
1061.7415655420723,9.52562399995605,9.52562399995605,9.420262512152725,9.48165256858941,3.2757379391519406,1.0508852767393844
1061.9415922122948,9.520306400745866,9.520306400745866,9.420669711924498,9.470757951606902,2.7757379391519406,1.5508852767393844
1062.1416188825176,9.515013281637996,9.515013281637996,9.419532200197805,9.464101274736544,2.862849111059183,2.0508852767393844
1062.3416455527404,9.509744694887326,9.509744694887326,9.409868843698085,9.450297135034212,2.362849111059183,1.5508852767393844
1062.541672222963,9.504500692506555,9.504500692506555,9.409160224063104,9.442303554374714,2.862849111059183,2.0508852767393844
1062.7416988931857,9.499281326265665,9.499281326265665,9.409324881264736,9.437802194436916,2.824459702829626,2.344922693007185
1062.9417255634085,9.494086647691436,9.494086647691436,9.417873886153838,9.445998097607768,3.324459702829626,2.844922693007185
1063.141752233631,9.488916708066931,9.488916708066931,9.427347352135271,9.447865324914824,3.824459702829626,2.344922693007185
1063.3417789038538,9.483771558430963,9.483771558430963,9.430854919574529,9.451555965404424,3.324459702829626,2.693680629790593
1063.5418055740765,9.478651249577632,9.478651249577632,9.429374712632619,9.446694317952616,2.824459702829626,2.193680629790593
1063.7418322442993,9.4735558320558,9.4735558320558,9.419555334606327,9.441596163302613,2.324459702829626,1.8326897579645562
1063.9418589145218,9.468485356168598,9.468485356168598,9.39923360489946,9.438069542540381,1.9829008404643846,2.3326897579645562
1064.1418855847446,9.463439871972911,9.463439871972911,9.37345937289452,9.428551439430024,1.4829008404643846,1.8326897579645562
1064.3419122549674,9.458419429278921,9.458419429278921,9.362367080173987,9.413064941045459,1.9829008404643846,1.3326897579645562
1064.54193892519,9.45342407764959,9.45342407764959,9.353706093076106,9.405738161737846,2.4829008404643846,1.8326897579645562
1064.7419655954127,9.448453866400163,9.448453866400163,9.350641618391423,9.400697694494896,2.9829008404643846,2.3326897579645562
1064.9419922656355,9.443508844597705,9.443508844597705,9.352185489000167,9.396280867277234,3.2423961392484735,2.0666392670953115
1065.142018935858,9.438589061060611,9.438589061060611,9.349853252009437,9.384197728742981,2.7423961392484735,1.5666392670953115
1065.3420456060808,9.433694564358095,9.433694564358095,9.358177960427817,9.378849910829189,3.2423961392484735,2.0666392670953115
1065.5420722763035,9.428825402809753,9.428825402809753,9.352258313281656,9.38336187515734,2.7423961392484735,2.550192110565962
1065.742098946526,9.423981624485071,9.423981624485071,9.352806291644608,9.379344138275547,3.2423961392484735,2.2128556170856353
1065.9421256167489,9.419163277202921,9.419163277202921,9.34724444928591,9.374927189360397,2.7423961392484735,2.2008011136992214
1066.1421522869716,9.414370408531138,9.414370408531138,9.336559239033043,9.378330894352727,2.2423961392484735,2.7008011136992214
1066.3421789571942,9.40960306578602,9.40960306578602,9.338961613928502,9.373731238454887,2.7423961392484735,2.351324359873919
1066.542205627417,9.404861296031852,9.404861296031852,9.34661285896688,9.3651318581442,3.2423961392484735,1.851324359873919
1066.7422322976397,9.400145146080483,9.400145146080483,9.343938297763426,9.352489406639869,2.7423961392484735,2.0043923663001753
1066.9422589678622,9.395454662490826,9.395454662490826,9.335539761459778,9.350275200080466,2.4390987858338473,2.386940776103373
1067.142285638085,9.390789891568394,9.390789891568394,9.328863594025698,9.353749782047691,2.579116632063395,2.878287069846807
1067.3423123083078,9.38615087936488,9.38615087936488,9.324743923291628,9.36302576964361,2.5585155275806644,3.378287069846807
1067.5423389785303,9.38153767167768,9.38153767167768,9.31002626860799,9.368566130830642,2.0585155275806644,2.878287069846807
1067.742365648753,9.376950314049422,9.376950314049422,9.306032528088158,9.377207369917084,2.5585155275806644,3.378287069846807
1067.9423923189759,9.372388851767557,9.372388851767557,9.3078572954924,9.380590435986443,3.0585155275806644,2.878287069846807
1068.1424189891984,9.367853329863888,9.367853329863888,9.301053151594877,9.376927650180301,2.5585155275806644,2.378287069846807
1068.3424456594212,9.363343793114112,9.363343793114112,9.288756101256407,9.377223805888665,2.0585155275806644,2.878287069846807
1068.542472329644,9.358860286037416,9.358860286037416,9.268636267649823,9.376593543462347,1.736288195550155,2.3873364297366204
1068.7424989998667,9.354402852896005,9.354402852896005,9.248980358776437,9.370038450071595,1.8075893643936456,1.8873364297366204
1068.9425256700893,9.349971537694685,9.349971537694685,9.23928658546868,9.35180717860368,2.3075893643936456,1.3873364297366204
1069.142552340312,9.345566384180403,9.345566384180403,9.219115310152768,9.331624941727936,1.8075893643936456,0.8873364297366204
1069.3425790105348,9.341187435841844,9.341187435841844,9.1962043991012,9.318051045450018,1.6729846718343149,1.3873364297366204
1069.5426056807573,9.336834735908996,9.336834735908996,9.183234145933632,9.297497990651122,2.172984671834315,0.8873364297366204
1069.74263235098,9.332508327352697,9.332508327352697,9.18205385532589,9.283351151304235,2.672984671834315,1.3873364297366204
1069.9426590212029,9.328208252884245,9.328208252884245,9.189865605729542,9.275555160776818,3.172984671834315,1.8873364297366204
1070.1426856914254,9.323934554954967,9.323934554954967,9.205340819081107,9.275216635010333,3.672984671834315,2.3873364297366204
1070.3427123616482,9.319687275755774,9.319687275755774,9.226230618077974,9.281002244406611,4.045365738633846,2.8873364297366204
1070.542739031871,9.315466457216782,9.315466457216782,9.255993791459014,9.27848415003576,4.545365738633846,2.3873364297366204
1070.7427657020935,9.311272141006885,9.311272141006885,9.278991653184557,9.27263902245639,4.045365738633846,1.8873364297366204
1070.9427923723163,9.307104368533318,9.307104368533318,9.288099071831752,9.259490875574146,3.545365738633846,1.427263013434991
1071.142819042539,9.302963180941292,9.302963180941292,9.293385745151456,9.252640727016804,3.182971453052602,1.927263013434991
1071.3428457127616,9.298848619113562,9.298848619113562,9.293146745767986,9.239120163162168,2.761029834630908,1.4272630134349913
1071.5428723829843,9.294760723670013,9.294760723670013,9.283842310630712,9.23234457988601,2.261029834630908,1.9272630134349913
1071.742899053207,9.290699534967288,9.290699534967288,9.268331426221959,9.220532895070752,1.7610298346309081,1.4272630134349913
1071.9429257234297,9.286665093098378,9.286665093098378,9.23898995720085,9.217241664806233,1.2610298346309081,1.9272630134349913
1072.1429523936524,9.282657437892205,9.282657437892205,9.220716447148362,9.218619264895658,1.7610298346309081,2.4272630134349913
1072.3429790638752,9.278676608913257,9.278676608913257,9.204299112332478,9.223498571278466,1.800114678693322,2.9272630134349913
1072.5430057340977,9.274722645461203,9.274722645461203,9.195752926557326,9.222312856944189,2.3001146786933218,2.4368615141937786
1072.7430324043205,9.27079558657046,9.27079558657046,9.197250222948748,9.216896752640785,2.8001146786933218,1.9368615141937786
1072.9430590745433,9.266895471009855,9.266895471009855,9.20642760103639,9.217667594443284,3.3001146786933218,2.4368615141937786
1073.1430857447658,9.263022337282226,9.263022337282226,9.205678757557028,9.214206974121716,2.8001146786933218,1.9368615141937786
1073.3431124149886,9.25917622362403,9.25917622362403,9.21022215734097,9.216839348062214,3.3001146786933218,2.4368615141937786
1073.5431390852114,9.255357168004979,9.255357168004979,9.20841758843194,9.20842395667996,2.8001146786933218,1.9368615141937786
1073.7431657554341,9.251565208127667,9.251565208127667,9.20436531945699,9.196565736100617,2.899130582993241,1.4493406623592706
1073.9431924256567,9.247800381427194,9.247800381427194,9.195408579683189,9.191597543380338,2.410050616467643,1.9493406623592706
1074.1432190958794,9.244062725070778,9.244062725070778,9.183090908306012,9.193352372742696,1.9100506164676432,2.4384231144345074
1074.3432457661022,9.240352275957424,9.240352275957424,9.173910072488303,9.197821945411928,2.410050616467643,2.9384231144345074
1074.5432724363247,9.23666907071754,9.23666907071754,9.158789363931602,9.207689402882007,1.9100506164676432,3.4384231144345074
1074.7432991065475,9.233013145712558,9.233013145712558,9.15395683910527,9.220461670935943,2.410050616467643,3.4978164326394596
1074.9433257767703,9.229384537034612,9.229384537034612,9.15232678949251,9.237556078401452,2.6876911431206354,3.6982267312380195
1075.1433524469928,9.225783280506164,9.225783280506164,9.160937331818939,9.25275166659578,3.1876911431206354,3.633984215779892
1075.3433791172156,9.222209411679628,9.222209411679628,9.176002856393781,9.263230245826605,3.555447785531819,3.133984215779892
1075.5434057874384,9.218662965837064,9.218662965837064,9.179927649995513,9.26504173676537,3.055447785531819,2.633984215779892
1075.743432457661,9.215143977989797,9.215143977989797,9.193004135852176,9.26072066118871,3.555447785531819,2.133984215779892
1075.9434591278837,9.211652482878073,9.211652482878073,9.21439154209335,9.247964508091238,4.055447785531819,1.633984215779892
1076.1434857981064,9.208188514970733,9.208188514970733,9.222146076507354,9.231298460750223,3.555447785531819,1.133984215779892
1076.343512468329,9.204752108464866,9.204752108464866,9.219767382839107,9.218388996257499,3.055447785531819,1.4673554693929098
1076.5435391385518,9.201343297285455,9.201343297285455,9.216743144806223,9.202526895967972,2.555447785531819,1.052392958199719
1076.7435658087745,9.197962115085065,9.197962115085065,9.217277980384404,9.181353537838863,2.8459815096889947,0.5523929581997189
1076.943592478997,9.194608595243508,9.194608595243508,9.209242090664201,9.162666007248694,2.3459815096889947,1.052392958199719
1077.1436191492198,9.191282770867488,9.191282770867488,9.209192239150605,9.144430472949576,2.6491801825038794,1.267177235414084
1077.3436458194426,9.187984674790307,9.187984674790307,9.19709165650839,9.124922676223012,2.1491801825038794,0.8855076832770638
1077.5436724896651,9.184714339571531,9.184714339571531,9.191198834790402,9.09788825358646,2.6491801825038794,0.38550768327706386
1077.743699159888,9.181471797496648,9.181471797496648,9.195366618877864,9.080091577561408,3.1049876667066405,0.8855076832770638
1077.9437258301107,9.178257080576778,9.178257080576778,9.190293753201514,9.070609756775434,2.6049876667066405,1.3855076832770636
1078.1437525003332,9.175070220548344,9.175070220548344,9.188426221362336,9.064049535841733,2.712902424467237,1.8855076832770634
1078.343779170556,9.17191124887275,9.17191124887275,9.177281677183649,9.0640022825889,2.2343907222845036,2.3855076832770634
1078.5438058407788,9.168780196736094,9.168780196736094,9.171937534622664,9.071457010475774,2.7343907222845036,2.8855076832770634
1078.7438325110015,9.165677095048837,9.165677095048837,9.164376088925987,9.075509525219584,2.2343907222845036,2.7235379023609543
1078.943859181224,9.162601974445511,9.162601974445511,9.145069102638189,9.087579889953057,1.7343907222845036,3.2235379023609543
1079.1438858514468,9.159554865284406,9.159554865284406,9.138086161381798,9.09709136373047,2.2343907222845036,3.0353358789884335
1079.3439125216696,9.15653579764728,9.15653579764728,9.139008223203039,9.10180134199138,2.7343907222845036,2.799702233590011
1079.5439391918922,9.153544801339065,9.153544801339065,9.13102728513472,9.107816898259747,2.2343907222845036,3.0070317091811543
1079.743965862115,9.150581905887552,9.150581905887552,9.133759331838517,9.122600926765013,2.7343907222845036,3.5070317091811543
1079.9439925323377,9.147647140543127,9.147647140543127,9.120861794242053,9.130691090436562,2.2343907222845036,3.0070317091811543
1080.1440192025602,9.144740534278467,9.144740534278467,9.120019176481984,9.141108698003748,2.7343907222845036,3.5070317091811543
1080.344045872783,9.14186211578825,9.14186211578825,9.111358184057169,9.14951279549575,2.2343907222845036,3.0070317091811543
1080.5440725430058,9.139011913488883,9.139011913488883,9.106679759909246,9.147148970737362,2.7343907222845036,2.5070317091811543
1080.7440992132283,9.136189955518216,9.136189955518216,9.100035961457445,9.140766126506646,2.388330537866632,2.0070317091811543
1080.944125883451,9.133396269735261,9.133396269735261,9.1012568464785,9.130448221755644,2.888330537866632,1.5070317091811543
1081.1441525536738,9.130630883719924,9.130630883719924,9.103857889427172,9.122563237955003,2.8498830972854643,2.0070317091811543
1081.3441792238964,9.127893824772732,9.127893824772732,9.099544925360378,9.109985821275753,2.3498830972854643,1.5070317091811543
1081.5442058941192,9.12518511991455,9.12518511991455,9.094240200859762,9.10733272726909,2.527134130853322,2.0070317091811543
1081.744232564342,9.122504795886336,9.122504795886336,9.099417901225655,9.107336331159225,3.019861071842557,2.5070317091811543
1081.9442592345645,9.119852879148862,9.119852879148862,9.09484986199769,9.111027792937017,2.519861071842557,3.0070317091811543
1082.1442859047872,9.117229395882454,9.117229395882454,9.084546660278566,9.11136053154062,2.019861071842557,2.5070317091811543
1082.34431257501,9.11463437198674,9.11463437198674,9.079476497346905,9.104564867281985,2.519861071842557,2.0070317091811543
1082.5443392452325,9.112067833080392,9.112067833080392,9.067262539462101,9.101873668583636,2.2810325395102176,2.5070317091811543
1082.7443659154553,9.109529804500866,9.109529804500866,9.050663358778174,9.092778694087546,1.7810325395102176,2.1094134576070376
1082.944392585678,9.107020311304161,9.107020311304161,9.039698802045914,9.08372500865092,2.2810325395102176,1.6094134576070376
1083.1444192559006,9.104539378264569,9.104539378264569,9.02028011136907,9.06754441015079,1.7810325395102176,1.1094134576070376
1083.3444459261234,9.102087029874427,9.102087029874427,9.01207998972693,9.056462937567312,2.2810325395102176,1.6094134576070376
1083.5444725963462,9.099663290343878,9.099663290343878,9.015619039511758,9.053798886182534,2.7810325395102176,2.1094134576070376
1083.744499266569,9.097268183600637,9.097268183600637,9.015047603567885,9.047172632745532,2.800962460269973,2.0461085123600604
1083.9445259367915,9.094901733289744,9.094901733289744,9.019804674237124,9.04698754020949,3.0932174390544454,2.5461085123600604
1084.1445526070142,9.092563962773333,9.092563962773333,9.031291918576857,9.055092928862107,3.5932174390544454,3.0461085123600604
1084.344579277237,9.090254895130412,9.090254895130412,9.039009291776036,9.054448641523148,3.0932174390544454,2.5461085123600604
1084.5446059474596,9.08797455315663,9.08797455315663,9.047967786717278,9.059687078281378,3.304472675844858,3.0461085123600604
1084.7446326176823,9.085722959364041,9.085722959364041,9.040190043473856,9.070282758170226,2.804472675844858,3.5461085123600604
1084.944659287905,9.083500135980891,9.083500135980891,9.031837921560605,9.079346955762851,2.304472675844858,3.3247814981262604
1085.1446859581276,9.081306104951405,9.081306104951405,9.017439636699022,9.087837515293398,1.804472675844858,2.8247814981262604
1085.3447126283504,9.079140887935555,9.079140887935555,9.009702103352845,9.084026248570142,2.304472675844858,2.3247814981262604
1085.5447392985732,9.077004506308862,9.077004506308862,9.009880456007423,9.081395373049451,2.804472675844858,2.235365364787357
1085.7447659687957,9.074896981162173,9.074896981162173,9.022173598390347,9.074748645267384,3.304472675844858,1.9990166781435117
1085.9447926390185,9.072818333301457,9.072818333301457,9.022878154492165,9.065067238655885,2.804472675844858,1.4990166781435117
1086.1448193092413,9.070768583247602,9.070768583247602,9.027596345578479,9.047545019249936,3.202489646323238,0.9990166781435117
1086.3448459794638,9.068747751236211,9.068747751236211,9.024297758955697,9.035830830673635,2.702489646323238,1.4990166781435117
1086.5448726496866,9.066755857217396,9.066755857217396,9.031162774146203,9.031331984284458,3.202489646323238,1.9990166781435117
1086.7448993199093,9.064792920855593,9.064792920855593,9.04232660912274,9.01957518826483,3.702489646323238,1.4990166781435117
1086.9449259901319,9.06285896152936,9.06285896152936,9.047058958932368,9.01587435573403,3.202489646323238,1.9990166781435117
1087.1449526603546,9.06095399833118,9.06095399833118,9.047948464039669,9.005256352417572,2.702489646323238,1.722842087903774
1087.3449793305774,9.059078050067292,9.059078050067292,9.056477246473957,8.997294213695936,3.202489646323238,1.723298040360382
1087.5450060008,9.057231135257485,9.057231135257485,9.068877018192005,8.991853772119768,3.702489646323238,2.223298040360382
1087.7450326710227,9.05541327213492,9.05541327213492,9.077218390891526,8.996137507201787,3.202489646323238,2.723298040360382
1087.9450593412455,9.053624478645961,9.053624478645961,9.077888766389675,8.99437250351247,2.8487477195753,2.223298040360382
1088.145086011468,9.051864772449987,9.051864772449987,9.0822487381866,8.989422618292652,2.898061968219079,2.3170475202845426
1088.3451126816908,9.050134170919218,9.050134170919218,9.090004836160277,8.994128494920613,3.2962231244669478,2.8170475202845426
1088.5451393519136,9.048432691138547,9.048432691138547,9.087036921033905,9.005387677020883,2.7962231244669478,3.3170475202845426
1088.7451660221363,9.046760349905377,9.046760349905377,9.081040859420497,9.007602585543793,2.2962231244669478,2.8170475202845426
1088.945192692359,9.045117163729438,9.045117163729438,9.086396779100932,9.014385990127082,2.7962231244669478,3.1736648241985606
1089.1452193625817,9.043503148832642,9.043503148832642,9.080559344696557,9.018087678278283,2.2962231244669478,2.6736648241985606
1089.3452460328044,9.04191832114891,9.04191832114891,9.0790159642175,9.01524546228033,2.7962231244669478,2.1736648241985606
1089.545272703027,9.040362696324028,9.040362696324028,9.071431987544075,9.018925310479974,2.363673392008012,2.6736648241985606
1089.7452993732497,9.038836289715476,9.038836289715476,9.055233211670899,9.026542248688212,1.8636733920080122,3.1736648241985606
1089.9453260434725,9.037339116392292,9.037339116392292,9.048099548867864,9.027781830369833,2.363673392008012,2.6736648241985606
1090.145352713695,9.035871191134916,9.035871191134916,9.032660726157745,9.02363135343346,1.8636733920080122,2.1736648241985606
1090.3453793839178,9.034432528435032,9.034432528435032,9.024859857330254,9.02451277892069,2.363673392008012,2.6736648241985606
1090.5454060541406,9.033023142495455,9.033023142495455,9.030344546607173,9.022498925941376,2.793886188067144,2.1736648241985606
1090.7454327243631,9.031643047229968,9.031643047229968,9.02001281474989,9.027969485418371,2.293886188067144,2.6736648241985606
1090.945459394586,9.03029225626318,9.03029225626318,9.02267627957257,9.0205177862288,2.793886188067144,2.1736648241985606
1091.1454860648087,9.028970782930411,9.028970782930411,9.029026382361135,9.024487217651027,3.293886188067144,2.6736648241985606
1091.3455127350312,9.02767864027755,9.02767864027755,9.04476036144449,9.019718157447958,3.793886188067144,2.1736648241985606
1091.545539405254,9.026415841060922,9.026415841060922,9.050912049001253,9.007994342729514,3.293886188067144,1.6736648241985606
1091.7455660754767,9.02518239774717,9.02518239774717,9.070854984984049,9.003133609676636,3.793886188067144,2.1736648241985606
1091.9455927456993,9.02397832251313,9.02397832251313,9.084436548908382,9.007740471122409,3.561689506665854,2.6736648241985606
1092.145619415922,9.022803627245708,9.022803627245708,9.090410973551936,9.005740420339023,3.061689506665854,2.306357883801039
1092.3456460861448,9.021658323541761,9.021658323541761,9.086003180079352,8.996634107689703,2.561689506665854,1.8063578838010388
1092.5456727563674,9.020542422707994,9.020542422707994,9.091537829978007,8.99682450653698,3.061689506665854,2.306357883801039
1092.7456994265901,9.019455935760833,9.019455935760833,9.085860474062457,8.986424337200559,2.561689506665854,1.839876781936642
1092.945726096813,9.018398873426325,9.018398873426325,9.079508605429321,8.982550997144978,2.0768506481771767,2.339876781936642
1093.1457527670354,9.017371246140032,9.017371246140032,9.057310308495039,8.989284409707624,1.5768506481771767,2.839876781936642
1093.3457794372582,9.016373064046924,9.016373064046924,9.044874095317581,9.00306846418147,2.0768506481771767,3.339876781936642
1093.545806107481,9.015404337001284,9.015404337001284,9.027973000803955,9.006488322849215,1.5768506481771767,2.839876781936642
1093.7458327777038,9.014465074566608,9.014465074566608,9.019224238559103,9.018162563889819,2.0768506481771767,3.339876781936642
1093.9458594479263,9.01355528601551,9.01355528601551,9.000750668690761,9.026963503578324,1.5768506481771767,2.839876781936642
1094.145886118149,9.012674980329628,9.012674980329628,8.965257996669767,9.02632099977833,1.0768506481771767,2.494503074288657
1094.3459127883718,9.01182416619954,9.01182416619954,8.944065289354832,9.021788994807972,1.5768506481771767,1.994503074288657
1094.5459394585944,9.011002852024683,9.011002852024683,8.933727049850681,9.026038265852437,2.0768506481771767,2.494503074288657
1094.7459661288171,9.010211045913255,9.010211045913255,8.926886018109583,9.030670292188569,2.548691471071971,2.994503074288657
1094.94599279904,9.009448755682147,9.009448755682147,8.919422414576546,9.033879128082575,2.048691471071971,2.494503074288657
1095.1460194692625,9.008715988856864,9.008715988856864,8.914414631387745,9.03475452986617,2.548691471071971,2.3640813345924614
1095.3460461394852,9.008012752671444,9.008012752671444,8.916774979387935,9.037244269311863,2.832752807003584,2.4731540088009396
1095.546072809708,9.0073390540684,9.0073390540684,8.93026307912703,9.040397212122707,3.332752807003584,2.9731540088009396
1095.7460994799305,9.006694899698637,9.006694899698637,8.947373571304016,9.03926764566868,3.832752807003584,2.587722195075921
1095.9461261501533,9.006080295921393,9.006080295921393,8.956973986298522,9.03750744176023,3.332752807003584,2.6204982760847435
1096.146152820376,9.005495248804179,9.005495248804179,8.963622488279215,9.032230150492524,2.832752807003584,2.1204982760847435
1096.3461794905986,9.004939764122712,9.004939764122712,8.974999328325048,9.036252067002378,3.332752807003584,2.6204982760847435
1096.5462061608214,9.004413847360865,9.004413847360865,8.97848102727912,9.03730748006268,2.986426270857505,2.6136547018653387
1096.7462328310442,9.003917503710609,9.003917503710609,8.97704373196492,9.035549035707682,2.5711213901819487,2.245114319032919
1096.9462595012667,9.003450738071962,9.003450738071962,8.963713727868646,9.037584061006166,2.0711213901819487,2.673563268124805
1097.1462861714895,9.003013555052938,9.003013555052938,8.962819577667867,9.033608318377185,2.5711213901819487,2.173563268124805
1097.3463128417122,9.002605958969513,9.002605958969513,8.965197241470317,9.024946890981886,3.0711213901819487,1.6735632681248052
1097.5463395119348,9.002227953845564,9.002227953845564,8.975809431285212,9.013451697233734,3.5711213901819487,1.752828039157103
1097.7463661821575,9.001879543412848,9.001879543412848,8.982266082528046,9.012283058060842,3.0711213901819487,2.252828039157103
1097.9463928523803,9.00156073111095,9.00156073111095,8.979272112856636,9.015461032960626,2.600859069326273,2.752828039157103
1098.1464195226029,9.001271520087256,9.001271520087256,8.983481247175826,9.024514959084746,3.100859069326273,3.177739875243312
1098.3464461928256,9.001011913196928,9.001011913196928,8.992622732171332,9.026956611749906,3.600859069326273,2.677739875243312
1098.5464728630484,9.000781913002863,9.000781913002863,9.009525443103554,9.022623871298247,3.6717055706196047,2.177739875243312
1098.7464995332712,9.000581521775674,9.000581521775674,9.012420624896812,9.010978452980423,3.1717055706196047,1.677739875243312
1098.9465262034937,9.00041074149367,9.00041074149367,9.027590513745476,9.005373039072005,3.5410516182130327,1.8923607524544774
1099.1465528737165,9.000269573842832,9.000269573842832,9.035461466324458,9.000113904700816,3.0410516182130327,2.1533124891816677
1099.3465795439392,9.000158020216801,9.000158020216801,9.03343695832884,8.99361843954694,2.5410516182130327,1.790771631212531
1099.5466062141618,9.00007608171686,9.00007608171686,9.023180628224095,8.988931733932278,2.0410516182130327,2.290771631212531
1099.7466328843846,9.000023759151924,9.000023759151924,9.003613008793929,8.986291082608103,1.5410516182130327,2.6266889119592585
1099.9466595546073,9.000001053038533,9.000001053038533,8.990465825439353,8.988502418034827,1.9268805363577042,2.4748195336785566
1100.1466862248299,9.000007963600847,9.000007963600847,8.981329992193455,8.991075869175724,2.426880536357704,2.3826246613370663
1100.3467128950526,9.000044490770643,9.000044490770643,8.990933181550444,8.985273453848949,2.926880536357704,1.8826246613370663
1100.5467395652754,9.000110634187317,9.000110634187317,8.998895731980918,8.985299167095686,3.1777897252601677,2.3826246613370663
1100.746766235498,9.000206393197885,9.000206393197885,9.006507277333231,8.9875426180165,3.0960921194986755,2.8826246613370663
1100.9467929057207,9.000331766856995,9.000331766856995,9.001502375652121,8.989164383188045,2.72044289460687,2.58335160261017
1101.1468195759435,9.000486753926927,9.000486753926927,8.989974579605601,8.985683084211397,2.22044289460687,2.08335160261017
1101.346846246166,9.000671352877614,9.000671352877614,8.988735224748941,8.986990106215591,2.72044289460687,2.58335160261017
1101.5468729163888,9.000885561886651,9.000885561886651,8.996641718811599,8.995152237650332,3.22044289460687,3.08335160261017
1101.7468995866116,9.001129378839323,9.001129378839323,9.001294681268124,8.998228606017516,3.1705514610378613,2.58335160261017
1101.946926256834,9.001402801328606,9.001402801328606,8.997918989077593,8.995342147346383,2.6705514610378613,2.3702951984613985
1102.1469529270569,9.001705826655217,9.001705826655217,9.003276048915092,9.00219146721468,2.8484108187079498,2.8702951984613985
1102.3469795972796,9.002038451827618,9.002038451827618,9.000885362410209,9.01243041171083,2.577821531076813,3.3702951984613985
1102.5470062675022,9.002400673562056,9.002400673562056,9.004658920728872,9.026263074819914,3.077821531076813,3.50824663926886
1102.747032937725,9.002792488282598,9.002792488282598,9.019809915842156,9.035333692279723,3.577821531076813,3.00824663926886
1102.9470596079477,9.003213892121156,9.003213892121156,9.028803014785273,9.036497872039522,3.077821531076813,2.50824663926886
1103.1470862781703,9.003664880917537,9.003664880917537,9.030338894798113,9.044434403314035,2.577821531076813,3.00824663926886
1103.347112948393,9.004145450219479,9.004145450219479,9.029248607673152,9.057147001774348,2.64775928984795,3.50824663926886
1103.5471396186158,9.004655595282687,9.004655595282687,9.021620153484863,9.06325156035352,2.14775928984795,3.00824663926886
1103.7471662888386,9.005195311070896,9.005195311070896,9.008459587835443,9.064828471911092,1.6477592898479498,2.50824663926886
1103.947192959061,9.005764592255904,9.005764592255904,9.002435366554788,9.059601175356487,2.14775928984795,2.00824663926886
1104.1472196292839,9.006363433217643,9.006363433217643,9.00468479232206,9.042277405679268,2.64775928984795,1.5082466392688598
1104.3472462995067,9.006991828044214,9.006991828044214,9.012005484971034,9.025440559942977,3.14775928984795,1.2701873254218106
1104.5472729697292,9.00764977053196,9.00764977053196,9.009007569641797,9.017048226595444,2.64775928984795,1.7701873254218106
1104.747299639952,9.008337254185523,9.008337254185523,9.014843340005,9.020206326927152,3.14775928984795,2.2701873254218103
1104.9473263101747,9.009054272217908,9.009054272217908,9.023947343420694,9.011035326821874,3.452984261833146,1.7701873254218103
1105.1473529803973,9.009800817550545,9.009800817550545,9.049035177834451,9.010260434723753,3.952984261833146,2.2701873254218103
1105.34737965062,9.010576882813373,9.010576882813373,9.059502332348645,9.014067658102347,3.452984261833146,2.7701873254218103
1105.5474063208428,9.011382460344898,9.011382460344898,9.072616415402024,9.013969368558708,3.314418578684048,2.2701873254218103
1105.7474329910654,9.012217542192268,9.012217542192268,9.0773471578208,9.007845425549084,2.8305944434579713,1.7840576518451063
1105.9474596612881,9.01308212011137,9.01308212011137,9.067687401736292,9.007960873487791,2.3305944434579713,2.2840576518451066
1106.147486331511,9.013976185566891,9.013976185566891,9.061686594230157,9.014400042818194,2.4363991672478154,2.7840576518451066
1106.3475130017334,9.014899729732413,9.014899729732413,9.067008706142747,9.009371200379032,2.9363991672478154,2.2840576518451066
1106.5475396719562,9.015852743490495,9.015852743490495,9.063558107697652,9.000848590236451,2.4363991672478154,1.7840576518451066
1106.747566342179,9.01683521743277,9.01683521743277,9.069802661110069,8.998217075679978,2.9363991672478154,2.2840576518451066
1106.9475930124015,9.01784714186003,9.01784714186003,9.064937716199353,9.00409685830675,2.4363991672478154,2.7840576518451066
1107.1476196826243,9.018888506782325,9.018888506782325,9.068372100324401,9.015624540444321,2.873931515593139,3.2840576518451066
1107.347646352847,9.01995930191906,9.01995930191906,9.063041253692322,9.027367411198496,2.373931515593139,3.3652821580583367
1107.5476730230696,9.021059516699104,9.021059516699104,9.069987553717304,9.035718085129556,2.873931515593139,2.8652821580583367
1107.7476996932924,9.022189140260885,9.022189140260885,9.070612673584419,9.03653256174363,2.8636128438829,2.3787276574937217
1107.9477263635151,9.023348161452498,9.023348161452498,9.067929215291775,9.041434051345512,2.3636128438829,2.8787276574937217
1108.1477530337377,9.024536568831822,9.024536568831822,9.07261590659068,9.039345124639807,2.8636128438829,2.3787276574937217
1108.3477797039604,9.025754350666631,9.025754350666631,9.080766483693523,9.040675175365235,3.200311969412063,2.539003773943537
1108.5478063741832,9.027001494934698,9.027001494934698,9.081209859669022,9.044443826181856,2.700311969412063,3.039003773943537
1108.747833044406,9.028277989323934,9.028277989323934,9.091804525532096,9.046002298530334,3.200311969412063,2.592153954836675
1108.9478597146285,9.029583821232492,9.029583821232492,9.104983645805621,9.057628672717145,3.5970456271442752,3.092153954836675
1109.1478863848513,9.030918977768904,9.030918977768904,9.11140783720594,9.071200557468577,3.0970456271442752,3.592153954836675
1109.347913055074,9.032283445752196,9.032283445752196,9.125565296606867,9.082153403811697,3.5970456271442752,3.092153954836675
1109.5479397252966,9.033677211712028,9.033677211712028,9.134773515814004,9.086293055892849,3.0970456271442752,2.592153954836675
1109.7479663955194,9.035100261888825,9.035100261888825,9.130641829413907,9.083650358980268,2.5970456271442752,2.092153954836675
1109.9479930657421,9.036552582233913,9.036552582233913,9.126256410843189,9.086659651824863,2.3166344794838984,2.592153954836675
1110.1480197359647,9.038034158409648,9.038034158409648,9.12381700201817,9.089491072747267,2.8166344794838984,2.6483942284657176
1110.3480464061874,9.039544975789575,9.039544975789575,9.120762024282048,9.086862524078995,2.616072168279602,2.1483942284657176
1110.5480730764102,9.041085019458556,9.041085019458556,9.121127856195931,9.086937832274343,2.896621205581676,2.6483942284657176
1110.7480997466328,9.042654274212932,9.042654274212932,9.131750398500737,9.094091553455664,3.396621205581676,3.1483942284657176
1110.9481264168555,9.044252724560657,9.044252724560657,9.134323347737084,9.0976413871785,2.896621205581676,2.6483942284657176
1111.1481530870783,9.045880354721469,9.045880354721469,9.126544373148269,9.09527520501942,2.396621205581676,2.1483942284657176
1111.3481797573008,9.047537148627022,9.047537148627022,9.111066988686368,9.094816693033502,1.8966212055816758,2.4248747197254525
1111.5482064275236,9.049223089921076,9.049223089921076,9.091329776872978,9.086561535546688,1.3966212055816758,1.9248747197254525
1111.7482330977464,9.050938161959632,9.050938161959632,9.079823665651851,9.073634656901646,1.8966212055816758,1.4248747197254525
1111.948259767969,9.0526823478111,9.0526823478111,9.074092432639922,9.068600802686193,2.396621205581676,1.9248747197254525
1112.1482864381917,9.054455630256484,9.054455630256484,9.076619208756302,9.054583878930746,2.896621205581676,1.467999673442844
1112.3483131084145,9.056257991789536,9.056257991789536,9.072851944281924,9.048621829962297,2.396621205581676,1.967999673442844
1112.548339778637,9.058089414616925,9.058089414616925,9.05572058587546,9.050513861860795,1.8966212055816758,2.467999673442844
1112.7483664488598,9.05994988065843,9.05994988065843,9.04459168770268,9.056632040599446,1.8017036583951371,2.967999673442844
1112.9483931190825,9.061839371547103,9.061839371547103,9.034562962985795,9.058183719979903,2.3017036583951374,2.467999673442844
1113.148419789305,9.063757868629457,9.063757868629457,9.034091666999261,9.066654423013008,2.8017036583951374,2.967999673442844
1113.3484464595278,9.065705352965654,9.065705352965654,9.038968893029447,9.06639663516206,3.0654957777367025,2.467999673442844
1113.5484731297506,9.06768180532968,9.06768180532968,9.056359915775854,9.070169254568421,3.5654957777367025,2.967999673442844
1113.7484997999734,9.069687206209545,9.069687206209545,9.064825874132453,9.068360627196768,3.0654957777367025,2.467999673442844
1113.948526470196,9.071721535807473,9.071721535807473,9.077622623893053,9.07369294831252,3.3603926468581147,2.967999673442844
1114.1485531404187,9.0737847740401,9.0737847740401,9.082954740625476,9.07388706120229,2.8603926468581147,2.467999673442844
1114.3485798106415,9.075876900538667,9.075876900538667,9.091220557825409,9.071837368247904,3.3603926468581147,2.3543152350469354
1114.548606480864,9.077997894649213,9.077997894649213,9.091254478707928,9.069392292387304,2.8603926468581147,2.010954989434559
1114.7486331510868,9.08014773543281,9.08014773543281,9.103689246804883,9.072828267012584,3.3603926468581147,2.510954989434559
1114.9486598213095,9.082326401665732,9.082326401665732,9.107247396166152,9.080827492407701,3.0458665282069566,2.9970179216982804
1115.148686491532,9.084533871839689,9.084533871839689,9.122316788069497,9.095559156031154,3.5458665282069566,3.3982625592128057
1115.3487131617549,9.086770124162033,9.086770124162033,9.131971967776181,9.113508025159042,3.0458665282069566,3.740327302023276
1115.5487398319776,9.089035136555967,9.089035136555967,9.133156596914898,9.11917646853196,2.5458665282069566,3.240327302023276
1115.7487665022002,9.09132888666077,9.09132888666077,9.13313424908859,9.123597556872099,2.7439854073845553,2.740327302023276
1115.948793172423,9.09365135183202,9.09365135183202,9.127851210147039,9.134945043889047,2.2439854073845553,3.240327302023276
1116.1488198426457,9.096002509141808,9.096002509141808,9.126429879765814,9.1512200705127,2.7439854073845553,3.740327302023276
1116.3488465128682,9.098382335378968,9.098382335378968,9.138736442625625,9.169995650120264,3.2439854073845553,3.834445797973856
1116.548873183091,9.100790807049318,9.100790807049318,9.155577515428556,9.19403308767698,3.7439854073845553,4.334445797973856
1116.7488998533138,9.10322790037587,9.10322790037587,9.165717293827441,9.21094721361594,3.2439854073845553,3.8344457979738564
1116.9489265235363,9.10569359129908,9.10569359129908,9.167498988743445,9.223041190029813,2.7439854073845553,3.3344457979738564
1117.148953193759,9.108187855477087,9.108187855477087,9.163135915673958,9.230402082323002,2.346128199673074,2.8344457979738564
1117.3489798639819,9.110710668285943,9.110710668285943,9.16805178823145,9.239410403835612,2.846128199673074,3.3344457979738564
1117.5490065342044,9.11326200481986,9.11326200481986,9.176144340564187,9.25223536737977,3.23465869221956,3.4385256096327903
1117.7490332044272,9.115841839891468,9.115841839891468,9.196217764922196,9.25471655267592,3.73465869221956,2.9385256096327903
1117.94905987465,9.11845014803204,9.11845014803204,9.207036495679931,9.251916891462793,3.23465869221956,2.4385256096327903
1118.1490865448727,9.121086903491761,9.121086903491761,9.212250015946461,9.247836833391833,2.73465869221956,2.1074908566321686
1118.3491132150953,9.123752080239976,9.123752080239976,9.20941071175548,9.2364286164678,2.23465869221956,1.6074908566321686
1118.549139885318,9.126445651965458,9.126445651965458,9.209803085832254,9.216212541005671,2.73465869221956,1.1074908566321686
1118.7491665555408,9.129167592076644,9.129167592076644,9.216605177031303,9.203141483792685,3.23465869221956,1.6074908566321686
1118.9491932257633,9.131917873701921,9.131917873701921,9.221303600070796,9.193993188758583,2.73465869221956,1.581794264072587
1119.149219895986,9.134696469689882,9.134696469689882,9.208625999982285,9.17886679656416,2.23465869221956,1.081794264072587
1119.3492465662089,9.13750335260959,9.13750335260959,9.211094147343767,9.165713462314425,2.73465869221956,1.581794264072587
1119.5492732364314,9.140338494750853,9.140338494750853,9.228010858269144,9.162045884521111,3.23465869221956,2.0817942640725873
1119.7492999066542,9.143201868124503,9.143201868124503,9.22726311559248,9.160270679105988,2.73465869221956,2.5817942640725873
1119.949326576877,9.146093444462661,9.146093444462661,9.233617827532859,9.1547366515969,2.817883243413343,2.0817942640725873
1120.1493532470995,9.149013195219023,9.149013195219023,9.226859637513792,9.160883236750905,2.317883243413343,2.5817942640725873
1120.3493799173223,9.151961091569149,9.151961091569149,9.225950949301387,9.172612989136393,2.817883243413343,3.0817942640725873
1120.549406587545,9.154937104410724,9.154937104410724,9.217569835368263,9.18444862619008,2.317883243413343,3.5817942640725873
1120.7494332577676,9.157941204363867,9.157941204363867,9.221748538117152,9.203836837806405,2.817883243413343,4.081794264072587
1120.9494599279903,9.160973361771424,9.160973361771424,9.23406117870545,9.216299499368219,3.317883243413343,3.5817942640725873
1121.1494865982131,9.16403354669924,9.16403354669924,9.23932488598659,9.223663076940461,2.817883243413343,3.0817942640725873
1121.3495132684357,9.167121728936465,9.167121728936465,9.251781701706173,9.222121813422419,3.317883243413343,2.5817942640725873
1121.5495399386584,9.170237877995866,9.170237877995866,9.258203310978244,9.230927137011106,2.817883243413343,3.0817942640725873
1121.7495666088812,9.173381963114103,9.173381963114103,9.253698364612083,9.23130935468965,2.3893527845278433,2.5817942640725873
1121.9495932791037,9.176553953252046,9.176553953252046,9.245609339521515,9.228659601037712,2.2972770786217356,2.4808891168465217
1122.1496199493265,9.179753817095088,9.179753817095088,9.24782231670714,9.235879937735229,2.7972770786217356,2.9808891168465217
1122.3496466195493,9.182981523053439,9.182981523053439,9.245614365867604,9.246846110348251,2.587930309599084,3.3953002806185486
1122.5496732897718,9.186237039262444,9.186237039262444,9.245959665090483,9.254682217078747,2.511810175677206,2.8953002806185486
1122.7496999599946,9.189520333582909,9.189520333582909,9.238740765641355,9.25501289882776,2.011810175677206,2.3953002806185486
1122.9497266302174,9.1928313736014,9.1928313736014,9.235480092227602,9.260874070057842,2.511810175677206,2.8953002806185486
1123.1497533004401,9.19617012663057,9.19617012663057,9.23477424275023,9.271556632621884,2.583852756135326,3.3953002806185486
1123.3497799706627,9.199536559709482,9.199536559709482,9.243419566469347,9.27431426421615,3.083852756135326,2.8953002806185486
1123.5498066408854,9.202930639603949,9.202930639603949,9.257452499012937,9.281102926182882,3.583852756135326,2.917784262227369
1123.7498333111082,9.206352332806832,9.206352332806832,9.270467301883746,9.285953234952633,3.447429471341583,2.93167280519798
1123.9498599813307,9.209801605538388,9.209801605538388,9.272482158141315,9.298877528702292,2.947429471341583,3.3263024313678726
1124.1498866515535,9.213278423746619,9.213278423746619,9.289102497160817,9.301373264433089,3.447429471341583,2.9371927133703895
1124.3499133217763,9.216782753107575,9.216782753107575,9.29356139409759,9.30130750356023,2.947429471341583,2.4371927133703895
1124.5499399919988,9.220314559025711,9.220314559025711,9.295685241466767,9.305128869731421,2.844379650471161,2.9371927133703895
1124.7499666622216,9.223873806634238,9.223873806634238,9.308372161555006,9.314318487358443,3.344379650471161,3.3325269679334966
1124.9499933324444,9.227460460795449,9.227460460795449,9.312513381969731,9.318437801171894,2.844379650471161,2.8325269679334966
1125.150020002667,9.231074486101065,9.231074486101065,9.316543818521467,9.314649314565449,2.858887065578314,2.3325269679334966
1125.3500466728897,9.234715846872614,9.234715846872614,9.323070949873173,9.308015601133521,2.8881302227268826,1.8325269679334966
1125.5500733431124,9.238384507161744,9.238384507161744,9.32033982075079,9.306208201366683,2.419347192268996,2.3325269679334966
1125.750100013335,9.242080430750597,9.242080430750597,9.326419966091178,9.300876475020647,2.919347192268996,1.8325269679334966
1125.9501266835578,9.24580358115218,9.24580358115218,9.324334590292159,9.297666416655487,2.419347192268996,2.120512675086077
1126.1501533537805,9.249553921610698,9.249553921610698,9.32855675233791,9.298803137756419,2.7731827403107254,2.620512675086077
1126.350180024003,9.253331415101922,9.253331415101922,9.334327963593175,9.303244127725064,2.9005554891053213,3.120512675086077
1126.5502066942258,9.257136024333585,9.257136024333585,9.326307947104048,9.306129312090764,2.4005554891053213,2.7226082682233606
1126.7502333644486,9.260967711745709,9.260967711745709,9.3148110831629,9.301084275945177,1.9005554891053213,2.2226082682233606
1126.9502600346711,9.264826439510996,9.264826439510996,9.310912702113038,9.305320248217713,2.4005554891053213,2.7226082682233606
1127.150286704894,9.268712169535211,9.268712169535211,9.31684115270612,9.31721364497575,2.9005554891053213,3.2226082682233606
1127.3503133751167,9.272624863457535,9.272624863457535,9.330648560967337,9.335871038336737,3.4005554891053213,3.7226082682233606
1127.5503400453392,9.276564482650954,9.276564482650954,9.33718223387996,9.344414139294573,2.9005554891053213,3.2226082682233606
1127.750366715562,9.280530988222656,9.280530988222656,9.347977941326553,9.36213237377511,3.4005554891053213,3.7226082682233606
1127.9503933857848,9.284524341014386,9.284524341014386,9.349791949703391,9.373475476983256,2.9005554891053213,3.2226082682233606
1128.1504200560075,9.288544501602852,9.288544501602852,9.34251994967976,9.379715315835153,2.4005554891053213,2.9503043737975996
1128.35044672623,9.292591430300103,9.292591430300103,9.329624900958594,9.37941626417404,1.9005554891053213,2.4503043737975996
1128.5504733964528,9.296665087153944,9.296665087153944,9.323083360883212,9.38625682213749,2.4005554891053213,2.9503043737975996
1128.7505000666756,9.300765431948298,9.300765431948298,9.312685964936573,9.397437824776786,1.9005554891053213,3.4503043737975996
1128.9505267368982,9.304892424203619,9.304892424203619,9.310934414295161,9.402869125650495,2.4005554891053213,2.976577878304041
1129.150553407121,9.309046023177306,9.309046023177306,9.305047453751843,9.405502565088327,2.1412604934327684,2.767048357119442
1129.3505800773437,9.313226187864073,9.313226187864073,9.307734682821007,9.415425564043545,2.6412604934327684,3.267048357119442
1129.5506067475662,9.317432876996374,9.317432876996374,9.319141453608554,9.418481461748568,3.1412604934327684,2.767048357119442
1129.750633417789,9.321666049044824,9.321666049044824,9.340265771760897,9.425273751168369,3.6412604934327684,3.267048357119442
1129.9506600880118,9.325925662218573,9.325925662218573,9.349558934409274,9.427500071389565,3.1412604934327684,2.767048357119442
1130.1506867582343,9.33021167446574,9.33021167446574,9.366217557893739,9.426562331016164,3.6412604934327684,2.267048357119442
1130.350713428457,9.334524043473845,9.334524043473845,9.397590934706244,9.419140935726727,4.141260493432768,1.8937204622729253
1130.5507400986799,9.338862726670188,9.338862726670188,9.418975783948703,9.417627895111863,3.6412604934327684,2.2768541514744833
1130.7507667689024,9.34322768122229,9.34322768122229,9.445262958191869,9.422879729801139,4.141260493432768,2.7768541514744833
1130.9507934391252,9.347618864038333,9.347618864038333,9.47307968335692,9.43572367470311,4.568301825557034,3.2768541514744833
1131.150820109348,9.352036231767551,9.352036231767551,9.49575329359838,9.440608229260922,4.068301825557034,2.7768541514744833
1131.3508467795705,9.356479740800674,9.356479740800674,9.505311833428715,9.433878901464649,3.5683018255570342,2.2768541514744833
1131.5508734497932,9.360949347270374,9.360949347270374,9.509532037152514,9.425088477313192,3.0683018255570342,1.7768541514744833
1131.750900120016,9.36544500705167,9.36544500705167,9.522631180971853,9.425467182743628,3.5683018255570342,2.2768541514744833
1131.9509267902386,9.369966675762376,9.369966675762376,9.5285399778386,9.415455811464286,3.0683018255570342,1.7768541514744833
1132.1509534604613,9.374514308763557,9.374514308763557,9.524213687182577,9.414573075351704,2.5683018255570342,2.2768541514744833
1132.350980130684,9.379087861159928,9.379087861159928,9.527252032337307,9.421029346041411,3.0683018255570342,2.7768541514744833
1132.5510068009066,9.38368728780033,9.38368728780033,9.522782103658653,9.432639533160033,2.5683018255570342,3.2768541514744833
1132.7510334711294,9.388312543278182,9.388312543278182,9.51779010186847,9.43386599919323,2.0683018255570342,2.7768541514744833
1132.9510601413522,9.392963581931904,9.392963581931904,9.49803483377568,9.434928705355839,1.5683018255570342,2.2768541514744833
1133.151086811575,9.397640357845374,9.397640357845374,9.475759183143806,9.439208538829732,1.2744948545261945,2.7768541514744833
1133.3511134817975,9.402342824848386,9.402342824848386,9.461582359676223,9.446567293288718,1.7744948545261945,3.2768541514744833
1133.5511401520203,9.407070936517123,9.407070936517123,9.435614018234697,9.465481719623572,1.2744948545261945,3.7768541514744833
1133.751166822243,9.411824646174576,9.411824646174576,9.426319702967906,9.489671789840893,1.7744948545261945,4.276854151474483
1133.9511934924656,9.416603906891034,9.416603906891034,9.420392471655875,9.507571800303678,2.2744948545261945,3.776854151474483
1134.1512201626883,9.421408671484553,9.421408671484553,9.42309609157053,9.51512097258632,2.7744948545261945,3.276854151474483
1134.351246832911,9.426238892521392,9.426238892521392,9.431266723832083,9.52917618827719,3.2744948545261945,3.776854151474483
1134.5512735031336,9.431094522316497,9.431094522316497,9.448370785841805,9.539210924089689,3.7744948545261945,3.276854151474483
1134.7513001733564,9.435975512933993,9.435975512933993,9.458762829693004,9.543749303933675,3.2744948545261945,2.776854151474483
1134.9513268435792,9.44088181618762,9.44088181618762,9.46961322200045,9.5536665711744,3.123720588598641,3.276854151474483
1135.1513535138017,9.445813383641221,9.445813383641221,9.467878959963953,9.567663657028389,2.859168914407872,3.7740108749495676
1135.3513801840245,9.45077016660925,9.45077016660925,9.462728348250172,9.57743426180303,2.359168914407872,3.2740108749495676
1135.5514068542473,9.455752116157202,9.455752116157202,9.468071156677789,9.588913909357062,2.859168914407872,3.341783638054562
1135.7514335244698,9.460759183102128,9.460759183102128,9.47971214771536,9.594285906183945,3.359168914407872,2.841783638054562
1135.9514601946926,9.46579131801313,9.46579131801313,9.48782938588603,9.59409025877245,3.04229890997752,2.341783638054562
1136.1514868649153,9.470848471211815,9.470848471211815,9.502391946855933,9.599377653204963,3.54229890997752,2.841783638054562
1136.3515135351379,9.475930592772803,9.475930592772803,9.523087051357797,9.596769789484384,4.04229890997752,2.341783638054562
1136.5515402053607,9.481037632524242,9.481037632524242,9.541902500318688,9.598655309766379,3.9021568422069906,2.52367485091722
1136.7515668755834,9.486169540048259,9.486169540048259,9.551385067890326,9.597189503862973,3.4021568422069906,2.37083296767299
1136.951593545806,9.491326264681486,9.491326264681486,9.573758397988533,9.604199837697752,3.7976374232386734,2.87083296767299
1137.1516202160287,9.496507755515566,9.496507755515566,9.581473789471456,9.605608359207896,3.2976374232386734,2.545973973427844
1137.3516468862515,9.501713961397636,9.501713961397636,9.586391532706488,9.610638402961273,2.7976374232386734,2.772850974013081
1137.551673556474,9.50694483093083,9.50694483093083,9.587699684610666,9.60672419337985,2.6117774711058317,2.272850974013081
1137.7517002266968,9.512200312474821,9.512200312474821,9.58113087011441,9.610190235087781,2.1117774711058317,2.603478470173603
1137.9517268969196,9.51748035414629,9.51748035414629,9.563362338047078,9.613184168143457,1.6777463397177774,2.928660035607515
1138.1517535671424,9.52278490381946,9.52278490381946,9.556699599112761,9.622440009005533,2.1777463397177774,3.428660035607515
1138.351780237365,9.528113909126589,9.528113909126589,9.556850531127877,9.62859754191018,2.6777463397177774,2.928660035607515
1138.5518069075877,9.533467317458534,9.533467317458534,9.563664876974206,9.641079375664997,3.1777463397177774,3.428660035607515
1138.7518335778104,9.538845075965217,9.538845075965217,9.5618222193905,9.652107075076419,2.6777463397177774,3.3876000804854804
1138.951860248033,9.54424713155617,9.54424713155617,9.554703285057064,9.65612416043015,2.2125269281635562,2.8876000804854804
1139.1518869182557,9.54967343090108,9.54967343090108,9.554755465065247,9.667492372047002,2.7125269281635562,3.3876000804854804
1139.3519135884785,9.555123920430269,9.555123920430269,9.564619058744205,9.67584201872891,3.2125269281635562,2.8876000804854804
1139.551940258701,9.560598546335253,9.560598546335253,9.570965585373774,9.677382843928745,2.8877101042223607,2.793684453469466
1139.7519669289238,9.566097254569288,9.566097254569288,9.567664783537024,9.679489180541978,2.3877101042223607,2.5931170674898776
1139.9519935991466,9.571619990847859,9.571619990847859,9.565690087380224,9.686195083392143,2.8877101042223607,2.9036235057418254
1140.1520202693691,9.577166700649244,9.577166700649244,9.563978636119874,9.692619767385485,2.3877101042223607,2.785612748988259
1140.352046939592,9.582737329215071,9.582737329215071,9.569594542824591,9.699279487224725,2.8877101042223607,3.285612748988259
1140.5520736098147,9.588331821550812,9.588331821550812,9.581964413584286,9.704344150420322,3.3877101042223607,2.785612748988259
1140.7521002800372,9.593950122426353,9.593950122426353,9.592945291538411,9.712968865026099,3.454139073912412,3.285612748988259
1140.95212695026,9.599592176376557,9.599592176376557,9.61437258060185,9.728167648793761,3.954139073912412,3.785612748988259
1141.1521536204827,9.60525792770177,9.60525792770177,9.633011790043343,9.740314565900617,3.454139073912412,3.285612748988259
1141.3521802907053,9.610947320468393,9.610947320468393,9.654050313219683,9.743935305846888,3.954139073912412,2.785612748988259
1141.552206960928,9.61666029850945,9.61666029850945,9.668448928771559,9.741558236600097,3.454139073912412,2.285612748988259
1141.7522336311508,9.622396805425112,9.622396805425112,9.691866528499535,9.74648731782111,3.723649628231697,2.785612748988259
1141.9522603013734,9.628156784583263,9.628156784583263,9.706526457555597,9.761226732436473,3.5119287074197616,3.285612748988259
1142.1522869715961,9.633940179120083,9.633940179120083,9.71882844824365,9.765504514808253,3.3897193246541195,2.785612748988259
1142.352313641819,9.639746931940575,9.639746931940575,9.729941377103072,9.760247846687857,2.8897193246541195,2.285612748988259
1142.5523403120415,9.645576985719138,9.645576985719138,9.729383700946025,9.762673113486944,2.72321359449541,2.785612748988259
1142.7523669822642,9.651430282900163,9.651430282900163,9.723430569488638,9.760177808190358,2.22321359449541,2.285612748988259
1142.952393652487,9.657306765698554,9.657306765698554,9.726963669355898,9.762360727849162,2.72321359449541,2.6932102191749783
1143.1524203227098,9.663206376100327,9.663206376100327,9.737237890833056,9.765274851522651,3.22321359449541,2.6587964815086456
1143.3524469929323,9.669129055863174,9.669129055863174,9.737094845313926,9.76137839519747,2.72321359449541,2.1587964815086456
1143.552473663155,9.67507474651706,9.67507474651706,9.73044356751495,9.76145087036601,2.22321359449541,2.5825777261172096
1143.7525003333778,9.68104338936476,9.68104338936476,9.729676924824288,9.767838852520486,2.72321359449541,3.0825777261172096
1143.9525270036004,9.687034925482457,9.687034925482457,9.726485121882574,9.766109064434875,2.4667978065865075,2.5825777261172096
1144.1525536738231,9.693049295720362,9.693049295720362,9.729362829852837,9.774684011315331,2.9667978065865075,3.0825777261172096
1144.352580344046,9.699086440703212,9.699086440703212,9.738549228237654,9.788681719545938,3.4667978065865075,3.5825777261172096
1144.5526070142685,9.705146300830933,9.705146300830933,9.747043307350065,9.804107698964293,2.9667978065865075,3.624422171161949
1144.7526336844912,9.711228816279212,9.711228816279212,9.74552464754923,9.813969327841821,2.4667978065865075,3.124422171161949
1144.952660354714,9.717333927000059,9.717333927000059,9.742982316663655,9.828093122785258,2.5799685517017386,3.624422171161949
1145.1526870249365,9.72346157272242,9.72346157272242,9.731638418183461,9.833715625628239,2.0799685517017386,3.124422171161949
1145.3527136951593,9.729611692952785,9.729611692952785,9.72766369070921,9.847031210997478,2.5799685517017386,3.3427057654886827
1145.552740365382,9.735784226975756,9.735784226975756,9.735701301272018,9.849907082114509,3.0799685517017386,2.8427057654886827
1145.7527670356046,9.74197911385466,9.74197911385466,9.753869199317426,9.856972508622107,3.5799685517017386,3.141761981326899
1145.9527937058274,9.748196292432167,9.748196292432167,9.77713102954809,9.866811357583646,3.9766990436501066,3.2299224753665907
1146.1528203760502,9.754435701330864,9.754435701330864,9.808698874702321,9.872051165086642,4.476699043650107,2.7299224753665907
1146.3528470462727,9.760697278953872,9.760697278953872,9.83052167681468,9.870493274451894,3.9766990436501066,2.2299224753665907
1146.5528737164955,9.766980963485478,9.766980963485478,9.86135081626376,9.861878551178114,4.374271424749513,1.7299224753665907
1146.7529003867182,9.773286692891705,9.773286692891705,9.887003944845123,9.857361099097846,4.180967048014413,2.2299224753665907
1146.9529270569408,9.779614404920943,9.779614404920943,9.906271387192783,9.849842114167114,3.6809670480144128,1.8363736219290432
1147.1529537271635,9.785964037104586,9.785964037104586,9.932514371422066,9.848033109038006,4.180967048014413,2.3363736219290434
1147.3529803973863,9.792335526757604,9.792335526757604,9.95236279769941,9.85249956635008,3.6809670480144128,2.8363736219290434
1147.5530070676089,9.798728810979188,9.798728810979188,9.97164292702295,9.85039642863124,3.8864437325477743,2.3363736219290434
1147.7530337378316,9.805143826653392,9.805143826653392,9.98970104802374,9.858278250334001,3.7821813660044263,2.8363736219290434
1147.9530604080544,9.811580510449701,9.811580510449701,9.998851331110696,9.857854276715674,3.2821813660044263,2.3363736219290434
1148.1530870782772,9.818038798823702,9.818038798823702,9.999643829394673,9.862098630390637,2.7821813660044263,2.8363736219290434
1148.3531137484997,9.82451862801769,9.82451862801769,10.004500033956182,9.872688254547185,2.9049267180956475,3.3363736219290434
1148.5531404187225,9.831019934061324,9.831019934061324,10.001228436818073,9.876804297882957,2.405529575295043,2.8363736219290434
1148.7531670889452,9.837542652772214,9.837542652772214,9.987472551870889,9.885950535494558,1.9055295752950432,3.3363736219290434
1148.9531937591678,9.844086719756584,9.844086719756584,9.968175737837127,9.891850222044367,1.4055295752950432,2.8363736219290434
1149.1532204293906,9.850652070409922,9.850652070409922,9.955243934450214,9.902711157125221,1.9055295752950432,3.3363736219290434
1149.3532470996133,9.857238639917576,9.857238639917576,9.94889462053095,9.917113527772031,2.405529575295043,3.8363736219290434
1149.5532737698359,9.863846363255421,9.863846363255421,9.93673029650063,9.940401866052534,1.9055295752950432,4.336373621929043
1149.7533004400586,9.870475175190514,9.870475175190514,9.930022905064437,9.968880594600709,2.405529575295043,4.836373621929043
1149.9533271102814,9.877125010281699,9.877125010281699,9.917067171759856,9.992250934770853,1.9055295752950432,4.336373621929043
1150.153353780504,9.883795802880286,9.883795802880286,9.911306894926115,10.010449511548229,2.405529575295043,3.8363736219290434
1150.3533804507267,9.890487487130684,9.890487487130684,9.915718735670547,10.020462842864685,2.905529575295043,3.3363736219290434
1150.5534071209495,9.897199996971056,9.897199996971056,9.912145962623569,10.032981338342118,2.405529575295043,3.4926463358229154
1150.753433791172,9.90393326613396,9.90393326613396,9.916657598431781,10.038049043428776,2.905529575295043,2.9926463358229154
1150.9534604613948,9.91068722814704,9.91068722814704,9.927606927704144,10.034418680905382,3.405529575295043,2.4926463358229154
1151.1534871316176,9.91746181633363,9.91746181633363,9.934852029738847,10.026789606854257,2.905529575295043,1.9926463358229154
1151.35351380184,9.924256963813438,9.924256963813438,9.951564080535977,10.025385279880355,3.405529575295043,2.4926463358229154
1151.5535404720629,9.93107260350323,9.93107260350323,9.971579343024015,10.027882545813304,3.905529575295043,2.9926463358229154
1151.7535671422856,9.937908668117446,9.937908668117446,9.986405430710384,10.035879969436806,3.405529575295043,2.847630730824709
1151.9535938125082,9.944765090168882,9.944765090168882,10.003404442480857,10.035988972805004,3.905529575295043,2.700112299847346
1152.153620482731,9.951641801969389,9.951641801969389,10.017568995511413,10.032848325868644,3.405529575295043,2.200112299847346
1152.3536471529537,9.958538735630487,9.958538735630487,10.028894268567019,10.025503870672834,3.5904349159617492,2.041742599782696
1152.5536738231763,9.965455823064062,9.965455823064062,10.03438271334667,10.027856175534518,3.0904349159617492,2.541742599782696
1152.753700493399,9.97239299598306,9.97239299598306,10.04684379315902,10.026654364601452,3.5904349159617492,2.635778070447596
1152.9537271636218,9.979350185902117,9.979350185902117,10.051046460254245,10.037022660818522,3.0904349159617492,3.135778070447596
1153.1537538338446,9.986327324138262,9.986327324138262,10.063403305140898,10.039299929518315,3.5904349159617492,2.635778070447596
1153.3537805040671,9.993324341811583,9.993324341811583,10.088637186773882,10.04616656907485,4.090434915961749,3.135778070447596
1153.55380717429,10.000341169845937,10.000341169845937,10.103739037871463,10.059133568432657,3.5904349159617492,3.635778070447596
1153.7538338445127,10.007377738969584,10.007377738969584,10.110025075084792,10.078964923625644,3.1154951422729233,4.135778070447596
1153.9538605147352,10.014433979715896,10.014433979715896,10.129728582171422,10.096538314035366,3.5957963927813728,3.9699543236576647
1154.153887184958,10.02150982242407,10.02150982242407,10.134346408872165,10.122224067621824,3.0957963927813728,4.469954323657665
1154.3539138551807,10.028605197239758,10.028605197239758,10.133782855756927,10.1530360208368,2.5957963927813728,4.969954323657665
1154.5539405254033,10.035720034115789,10.035720034115789,10.126648728234864,10.175533061124877,2.0957963927813728,4.469954323657665
1154.753967195626,10.042854262812883,10.042854262812883,10.127074099394934,10.196473195052455,2.5957963927813728,3.9699543236576647
1154.9539938658488,10.050007812900294,10.050007812900294,10.120487200750171,10.220813882558215,2.0957963927813728,4.469954323657665
1155.1540205360714,10.057180613756532,10.057180613756532,10.122991934558419,10.239346006646606,2.5957963927813728,3.9699543236576647
1155.3540472062941,10.064372594570083,10.064372594570083,10.111876068597912,10.249908638297164,2.0957963927813728,3.4699543236576647
1155.554073876517,10.071583684340059,10.071583684340059,10.089032995670479,10.254804198143486,1.5957963927813728,2.9699543236576647
1155.7541005467394,10.078813811876923,10.078813811876923,10.078249603358246,10.267859102418024,2.0957963927813728,3.4699543236576647
1155.9541272169622,10.086062905803221,10.086062905803221,10.06280491065007,10.27387606175641,1.5957963927813728,2.9699543236576647
1156.154153887185,10.093330894554239,10.093330894554239,10.055515178672502,10.273157015716679,2.0957963927813728,2.4699543236576647
1156.3541805574075,10.100617706378706,10.100617706378706,10.058546920924446,10.267871080913597,2.5957963927813728,1.9699543236576647
1156.5542072276303,10.107923269339572,10.107923269339572,10.06484923031602,10.267075852750523,3.0957963927813728,2.4699543236576647
1156.754233897853,10.115247511314642,10.115247511314642,10.081503094087752,10.271269176100988,3.5957963927813728,2.9560169336172613
1156.9542605680756,10.122590359997318,10.122590359997318,10.106534402882422,10.270001023356967,4.095796392781373,2.6642717883349647
1157.1542872382984,10.12995174289733,10.12995174289733,10.131282557776267,10.267991810713136,3.971503699491265,2.615181706313206
1157.3543139085211,10.137331587341418,10.137331587341418,10.163299726574351,10.26170410569175,4.471503699491265,2.3963199764103016
1157.5543405787437,10.144729820474058,10.144729820474058,10.205053792383895,10.264251476336952,4.971503699491265,2.7560925705595962
1157.7543672489664,10.152146369258222,10.152146369258222,10.23976736689198,10.270582437045592,4.471503699491265,3.2560925705595962
1157.9543939191892,10.159581160476032,10.159581160476032,10.260193950652202,10.27350603853894,3.971503699491265,2.802363819740371
1158.154420589412,10.16703412072953,10.16703412072953,10.270819057843797,10.269941366580213,3.471503699491265,2.302363819740371
1158.3544472596345,10.174505176441382,10.174505176441382,10.27747328369007,10.261499827351528,2.971503699491265,1.8023638197403709
1158.5544739298573,10.18199425385563,10.18199425385563,10.292578930430544,10.25643301548395,3.471503699491265,2.302363819740371
1158.75450060008,10.189501279038382,10.189501279038382,10.295116477110309,10.249338796703064,2.971503699491265,1.9608921879901104
1158.9545272703026,10.197026177878561,10.197026177878561,10.303416514522429,10.248547205138724,3.471503699491265,2.4608921879901104
1159.1545539405254,10.204568876088661,10.204568876088661,10.324945577856123,10.254031325425515,3.971503699491265,2.9608921879901104
1159.3545806107481,10.212129299205433,10.212129299205433,10.338447903082224,10.253694659884083,3.471503699491265,2.4608921879901104
1159.5546072809707,10.21970737259064,10.21970737259064,10.345567783205887,10.256463917881614,2.971503699491265,2.9608921879901104
1159.7546339511935,10.227303021431826,10.227303021431826,10.361306347976802,10.25675344038985,3.471503699491265,2.4608921879901104
1159.9546606214162,10.234916170743004,10.234916170743004,10.365099213496823,10.263154270264415,2.971503699491265,2.9608921879901104
1160.1546872916388,10.242546745365408,10.242546745365408,10.366910956002624,10.276536402927256,2.736017788768073,3.4608921879901104
1160.3547139618615,10.250194669968282,10.250194669968282,10.359282555403578,10.29292761495616,2.2446999798163745,3.9608921879901104
1160.5547406320843,10.257859869049554,10.257859869049554,10.357073432744153,10.313449110616137,2.3596001805608795,4.46089218799011
1160.7547673023068,10.265542266936619,10.265542266936619,10.364805193550252,10.336561360180342,2.8596001805608795,3.96089218799011
1160.9547939725296,10.273241787787104,10.273241787787104,10.376394234580378,10.362413147709649,3.3596001805608795,4.46089218799011
1161.1548206427524,10.28095835558957,10.28095835558957,10.381780904208856,10.380228189849065,2.8596001805608795,3.96089218799011
1161.354847312975,10.288691894164288,10.288691894164288,10.378638448343347,10.389478515825731,2.3596001805608795,3.46089218799011
1161.5548739831977,10.29644232716401,10.29644232716401,10.363796275695867,10.398559723819163,1.8596001805608795,3.2693600638933584
1161.7549006534205,10.304209578074683,10.304209578074683,10.358662972039667,10.413391934128539,2.3596001805608795,3.7693600638933584
1161.954927323643,10.311993570216222,10.311993570216222,10.361651979168363,10.430689469408566,2.8596001805608795,4.269360063893359
1162.1549539938658,10.319794226743298,10.319794226743298,10.353996725275914,10.443238699287612,2.3596001805608795,3.769360063893359
1162.3549806640885,10.327611470646024,10.327611470646024,10.3595119988594,10.45097696015071,2.8596001805608795,3.269360063893359
1162.555007334311,10.33544522475078,10.33544522475078,10.356135506094773,10.46284304977443,2.3596001805608795,3.6222812133810955
1162.7550340045339,10.343295411720968,10.343295411720968,10.360015790300316,10.48095594878295,2.8596001805608795,3.813138500066497
1162.9550606747566,10.351161954057742,10.351161954057742,10.376336300207893,10.499621287826983,3.3596001805608795,4.313138500066497
1163.1550873449794,10.359044774100795,10.359044774100795,10.382610167329396,10.51466314980559,2.8596001805608795,3.813138500066497
1163.355114015202,10.366943794029115,10.366943794029115,10.395483708504178,10.537130359796612,3.3596001805608795,4.313138500066497
1163.5551406854247,10.374858935861791,10.374858935861791,10.415588801900377,10.554245371737553,3.693861396154009,3.813138500066497
1163.7551673556475,10.382790121458722,10.382790121458722,10.427481057757241,10.563749457809104,3.193861396154009,3.313138500066497
1163.95519402587,10.390737272521422,10.390737272521422,10.435398371312047,10.563729386936588,3.1163909846586044,2.813138500066497
1164.1552206960928,10.398700310593815,10.398700310593815,10.45571813788126,10.559263001662579,3.6163909846586044,2.313138500066497
1164.3552473663156,10.40667915706296,10.40667915706296,10.479800268027168,10.548275016346732,4.116390984658604,1.813138500066497
1164.555274036538,10.41467373315985,10.41467373315985,10.510015151525705,10.548646594912924,4.616390984658604,2.313138500066497
1164.7553007067609,10.422683959960219,10.422683959960219,10.552033081729146,10.54889739755188,5.114499716035214,2.813138500066497
1164.9553273769836,10.43070975838527,10.43070975838527,10.580332044385859,10.544993839120322,4.614499716035214,2.313138500066497
1165.1553540472062,10.438751049202473,10.438751049202473,10.60259311887355,10.535926542691934,4.114499716035214,1.813138500066497
1165.355380717429,10.446807753026384,10.446807753026384,10.615964629607834,10.534303885128312,3.6144997160352137,2.313138500066497
1165.5554073876517,10.454879790319376,10.454879790319376,10.638208121438602,10.537085666588387,4.114499716035214,2.813138500066497
1165.7554340578743,10.462967081392437,10.462967081392437,10.654252261494518,10.540379629968989,3.6144997160352137,2.6135138641311157
1165.955460728097,10.471069546406,10.471069546406,10.664604707011375,10.53595041185239,3.1144997160352137,2.3930118210469797
1166.1554873983198,10.479187105370666,10.479187105370666,10.666030499667173,10.539958394051084,2.6144997160352137,2.8930118210469797
1166.3555140685423,10.48731967814803,10.48731967814803,10.673000303806878,10.550030047159263,3.1144997160352137,3.3930118210469797
1166.555540738765,10.49546718445149,10.49546718445149,10.671908098825615,10.556723477805232,2.6144997160352137,2.8930118210469797
1166.7555674089879,10.503629543846994,10.503629543846994,10.67654738972112,10.558121281345711,3.1144997160352137,2.86821830758552
1166.9555940792104,10.511806675753851,10.511806675753851,10.675646202670034,10.567462533969518,2.7351632516686175,3.36821830758552
1167.1556207494332,10.519998499445565,10.519998499445565,10.668854966574937,10.56889010753703,2.2351632516686175,2.86821830758552
1167.355647419656,10.528204934050569,10.528204934050569,10.668839640388757,10.58026882399117,2.7351632516686175,3.36821830758552
1167.5556740898785,10.536425898553055,10.536425898553055,10.659042817763607,10.596133901926436,2.2351632516686175,3.86821830758552
1167.7557007601013,10.5446613117938,10.5446613117938,10.664109388276588,10.619316037851593,2.7351632516686175,4.368218307585519
1167.955727430324,10.552911092470922,10.552911092470922,10.651700033193139,10.63586385097514,2.2351632516686175,3.8682183075855194
1168.1557541005468,10.561175159140676,10.561175159140676,10.636976008855882,10.643451284544783,1.7351632516686175,3.3682183075855194
1168.3557807707693,10.569453430218312,10.569453430218312,10.628080723143018,10.657869467574384,2.2351632516686175,3.8682183075855194
1168.555807440992,10.57774582397886,10.57774582397886,10.627410561744364,10.680088509645337,2.7351632516686175,4.368218307585519
1168.7558341112149,10.586052258557903,10.586052258557903,10.630451882082962,10.697912379906237,3.2351632516686175,3.8682183075855194
1168.9558607814374,10.594372651952412,10.594372651952412,10.650445309699972,10.71155745112555,3.7351632516686175,3.5785057864528715
1169.1558874516602,10.602706922021575,10.602706922021575,10.674713380544414,10.716670210163315,4.2351632516686175,3.1156774040040696
1169.355914121883,10.611054986487568,10.611054986487568,10.709346536840123,10.716347473724028,4.688664471956657,2.6156774040040696
1169.5559407921055,10.619416762936376,10.619416762936376,10.734555877116325,10.724249904079661,4.188664471956657,3.1156774040040696
1169.7559674623283,10.62779216881865,10.62779216881865,10.75875157330071,10.737455049044112,4.225512475922138,3.6156774040040696
1169.955994132551,10.636181121450457,10.636181121450457,10.774597716458587,10.745043672190604,3.7255124759221383,3.2318533781949115
1170.1560208027736,10.64458353801413,10.64458353801413,10.789382166364181,10.74894082041821,3.3077819013692156,2.7318533781949115
1170.3560474729964,10.652999335559109,10.652999335559109,10.790828814848837,10.749040903281982,2.8077819013692156,2.582352556712338
1170.5560741432191,10.661428431002706,10.661428431002706,10.794923193925298,10.752421605921239,3.030655617586949,3.082352556712338
1170.7561008134417,10.669870741130957,10.669870741130957,10.80570992249833,10.749182049230079,3.530655617586949,2.582352556712338
1170.9561274836644,10.67832618259946,10.67832618259946,10.823046643689896,10.757019774314411,3.7882320688708027,3.082352556712338
1171.1561541538872,10.686794671934155,10.686794671934155,10.837332837558296,10.76517543986518,3.582721252742796,3.4168334497134025
1171.3561808241097,10.695276125532171,10.695276125532171,10.85239254448036,10.767620915912545,3.5975206169297658,2.9168334497134025
1171.5562074943325,10.703770459662676,10.703770459662676,10.861610108497585,10.77776192563237,3.0975206169297658,3.4168334497134025
1171.7562341645553,10.71227759046765,10.71227759046765,10.862984032853968,10.788955528529339,2.5975206169297658,3.6701669708794737
1171.9562608347778,10.720797433962746,10.720797433962746,10.849367421713914,10.799041154331556,2.0975206169297658,3.1701669708794737
1172.1562875050006,10.729329906038137,10.729329906038137,10.849057138790283,10.802097453424672,2.5975206169297658,2.8530653262302748
1172.3563141752234,10.737874922459296,10.737874922459296,10.837350318265765,10.814054785650654,2.155320240321165,3.3530653262302748
1172.556340845446,10.746432398867862,10.746432398867862,10.83586077234469,10.827915993995875,2.655320240321165,3.8530653262302748
1172.7563675156687,10.755002250782486,10.755002250782486,10.832877682471324,10.832341725153462,2.3318710796124487,3.3530653262302748
1172.9563941858914,10.763584393599622,10.763584393599622,10.819806672617533,10.847048849717657,2.1587126325217243,3.8530653262302748
1173.1564208561142,10.772178742594393,10.772178742594393,10.818242773209187,10.868523519579846,2.6587126325217243,4.353065326230275
1173.3564475263368,10.78078521292141,10.78078521292141,10.825693870948403,10.883379782868786,3.1587126325217243,3.8530653262302748
1173.5564741965595,10.78940371961565,10.78940371961565,10.840936850401324,10.900726851443805,3.6587126325217243,3.8315138720888875
1173.7565008667823,10.798034177593234,10.798034177593234,10.86312533437676,10.907899662427845,4.158712632521724,3.3315138720888875
1173.9565275370048,10.806676501652307,10.806676501652307,10.895931330625478,10.91587824724079,4.658712632521724,3.319883965218396
1174.1565542072276,10.815330606473868,10.815330606473868,10.940912661325678,10.933160600633894,5.072723089235534,3.819883965218396
1174.3565808774504,10.823996406622616,10.823996406622616,10.97232590766546,10.955114091706928,4.572723089235534,4.319883965218396
1174.556607547673,10.832673816547782,10.832673816547782,10.99957867237966,10.971889042219246,4.072723089235534,3.819883965218396
1174.7566342178957,10.841362750584008,10.841362750584008,11.014144372608284,10.981810831482262,3.5727230892355344,3.319883965218396
1174.9566608881184,10.85006312295214,10.85006312295214,11.018821734306824,10.983594358489679,3.0727230892355344,2.819883965218396
1175.156687558341,10.858774847760104,10.858774847760104,11.018024120782433,10.977727874687153,2.5727230892355344,2.319883965218396
1175.3567142285638,10.86749783900378,10.86749783900378,11.024049872096663,10.981890929593773,3.0727230892355344,2.819883965218396
1175.5567408987865,10.876232010567794,10.876232010567794,11.021264370053862,10.977723437772747,2.5727230892355344,2.319883965218396
1175.756767569009,10.884977276226394,10.884977276226394,11.01053938019988,10.978020022903978,2.0727230892355344,2.819883965218396
1175.9567942392318,10.893733549644338,10.893733549644338,11.010952095494087,10.985588108729825,2.5727230892355344,3.319883965218396
1176.1568209094546,10.902500744377685,10.902500744377685,11.016410717251244,10.99706228122575,3.0727230892355344,3.819883965218396
1176.3568475796772,10.911278773874672,10.911278773874672,11.02673520038835,11.009656995593666,3.5727230892355344,3.681008688375774
1176.5568742499,10.920067551476604,10.920067551476604,11.037720365056028,11.02731382547711,3.0727230892355344,3.9023034881366887
1176.7569009201227,10.928866990418648,10.928866990418648,11.050579813782242,11.037395434657817,3.5727230892355344,3.4023034881366887
1176.9569275903452,10.937677003830721,10.937677003830721,11.06938273653331,11.0504079838571,3.896251431376875,3.9023034881366887
1177.156954260568,10.946497504738378,10.946497504738378,11.095521313682248,11.059507775392253,4.396251431376875,3.4023034881366887
1177.3569809307908,10.955328406063602,10.955328406063602,11.115356539952382,11.05860354112583,3.896251431376875,2.9023034881366887
1177.5570076010133,10.964169620625709,10.964169620625709,11.130974419977715,11.054010478303134,3.396251431376875,2.4023034881366887
1177.757034271236,10.973021061142227,10.973021061142227,11.150403435615768,11.058017570618572,3.896251431376875,2.9023034881366887
1177.9570609414588,10.9818826402297,10.9818826402297,11.16159650748398,11.065901074909782,3.396251431376875,3.4023034881366887
1178.1570876116816,10.99075427040459,10.99075427040459,11.185220942332089,11.072216241935887,3.8705977937785616,3.212494495930888
1178.3571142819042,10.999635864084128,10.999635864084128,11.196763127633202,11.071172801299067,3.3705977937785616,2.712494495930888
1178.557140952127,11.00852733358721,11.00852733358721,11.202613963834896,11.078467788333269,2.9356346453314,3.212494495930888
1178.7571676223497,11.017428591135205,11.017428591135205,11.200625508559437,11.0940934945082,2.4356346453314,3.712494495930888
1178.9571942925722,11.026339548852853,11.026339548852853,11.20000594712434,11.112240870497667,2.9356346453314,4.212494495930888
1179.157220962795,11.03526011876916,11.03526011876916,11.209394714888006,11.125484240065248,3.4356346453314,3.712494495930888
1179.3572476330178,11.044190212818211,11.044190212818211,11.222830328599446,11.145338587932134,3.317757622509759,4.212494495930888
1179.5572743032403,11.053129742840067,11.053129742840067,11.22588428697146,11.160135016051097,2.817757622509759,3.712494495930888
1179.757300973463,11.06207862058166,11.06207862058166,11.217106357920834,11.165235467201729,2.317757622509759,3.212494495930888
1179.9573276436859,11.071036757697623,11.071036757697623,11.219313691467844,11.164909188936267,2.817757622509759,2.712494495930888
1180.1573543139084,11.08000406575115,11.08000406575115,11.218185452907282,11.168997643128774,2.317757622509759,3.212494495930888
1180.3573809841312,11.088980456214951,11.088980456214951,11.220039396349039,11.181047511673011,2.817757622509759,3.712494495930888
1180.557407654354,11.097965840472039,11.097965840472039,11.222716578989735,11.190186656282249,3.0414542826325537,3.212494495930888
1180.7574343245765,11.106960129816636,11.106960129816636,11.218660563444843,11.202220357682343,2.5414542826325537,3.697881314099928
1180.9574609947992,11.11596323545508,11.11596323545508,11.219512289550684,11.214032556086229,3.0414542826325537,3.405648934498417
1181.157487665022,11.124975068506643,11.124975068506643,11.22241022971632,11.230278471672612,3.1032979517593025,3.905648934498417
1181.3575143352446,11.133995540004438,11.133995540004438,11.234896303937788,11.238898606621502,3.4601726555598806,3.4310253264495802
1181.5575410054673,11.143024560896329,11.143024560896329,11.248912163448747,11.253833406404842,3.9601726555598806,3.9310253264495802
1181.75756767569,11.152062042045744,11.152062042045744,11.263794865854875,11.27740990154791,3.4601726555598806,4.43102532644958
1181.9575943459126,11.161107894232593,11.161107894232593,11.282907874534386,11.30454427035176,3.7195589883335485,4.93102532644958
1182.1576210161354,11.170162028154175,11.170162028154175,11.290265461661301,11.325542369346921,3.2195589883335485,4.43102532644958
1182.3576476863582,11.179224354426001,11.179224354426001,11.299585135270313,11.342200360550962,3.1011242771035463,4.018158771727243
1182.5576743565807,11.1882947835827,11.1882947835827,11.296212943642931,11.353711015882306,2.6011242771035463,3.5181587717272427
1182.7577010268035,11.197373226078945,11.197373226078945,11.30310272626918,11.361170573427371,3.1011242771035463,3.0181587717272427
1182.9577276970263,11.20645959229026,11.20645959229026,11.319572490974801,11.373537033931479,3.6011242771035463,3.5181587717272427
1183.157754367249,11.215553792513965,11.215553792513965,11.346519557777679,11.384180949806977,4.101124277103546,3.710123907466733
1183.3577810374716,11.224655736970023,11.224655736970023,11.360025992810737,11.389887752141789,3.601124277103546,3.210123907466733
1183.5578077076943,11.233765335801976,11.233765335801976,11.374255850583033,11.39543664353145,3.101124277103546,3.3281802927581348
1183.757834377917,11.242882499077774,11.242882499077774,11.390221655582442,11.396344962462884,3.601124277103546,2.995865502426317
1183.9578610481396,11.252007136790683,11.252007136790683,11.396277782305349,11.395023782915704,3.101124277103546,2.495865502426317
1184.1578877183624,11.261139158860214,11.261139158860214,11.40813750766085,11.387040816435208,3.601124277103546,1.9958655024263172
1184.3579143885852,11.270278475132947,11.270278475132947,11.415195546748492,11.384234607088263,3.101124277103546,2.495865502426317
1184.5579410588077,11.279424995383451,11.279424995383451,11.41281915047984,11.388033532949123,2.601124277103546,2.995865502426317
1184.7579677290305,11.288578629315206,11.288578629315206,11.399729640808527,11.397508475163479,2.1969572747083457,3.495865502426317
1184.9579943992533,11.297739286561434,11.297739286561434,11.404148661418082,11.412288850623348,2.6969572747083457,3.995865502426317
1185.1580210694758,11.306906876686021,11.306906876686021,11.412163647665587,11.422381406548755,3.1969572747083457,3.495865502426317
1185.3580477396986,11.316081309184444,11.316081309184444,11.423839545249251,11.436265982311554,3.6969572747083457,3.8960679164044887
1185.5580744099213,11.325262493484596,11.325262493484596,11.435431699513193,11.456394781041093,3.1969572747083457,4.2773737202477395
1185.758101080144,11.334450338947713,11.334450338947713,11.437768694327268,11.470257997639374,2.6969572747083457,3.7773737202477395
1185.9581277503667,11.343644754869317,11.343644754869317,11.445491307283831,11.486661696473568,3.1969572747083457,4.2773737202477395
1186.1581544205894,11.352845650479999,11.352845650479999,11.462995905239849,11.4983735032797,3.6969572747083457,3.7773737202477395
1186.358181090812,11.362052934946414,11.362052934946414,11.487462814590655,11.505660638325296,4.196957274708346,3.2773737202477395
1186.5582077610347,11.371266517372163,11.371266517372163,11.503821710302589,11.505529384967732,3.696957274708346,2.7773737202477395
1186.7582344312575,11.380486306798645,11.380486306798645,11.51923962060214,11.503302262059005,3.6415700408816685,2.426639504669991
1186.95826110148,11.389712212205978,11.389712212205978,11.542864226234345,11.504426356183705,4.1415700408816685,2.926639504669991
1187.1582877717028,11.398944142513937,11.398944142513937,11.557538775176411,11.5039202835526,3.6415700408816685,2.67182588068855
1187.3583144419256,11.40818200658278,11.40818200658278,11.56521495199549,11.511528843871268,3.2955244511665978,3.17182588068855
1187.5583411121481,11.417425713214197,11.417425713214197,11.577099999086858,11.521071431521564,3.411845232881234,3.549406421812435
1187.758367782371,11.426675171152215,11.426675171152215,11.591840993997323,11.524473032224918,3.426494678794745,3.049406421812435
1187.9583944525937,11.435930289084064,11.435930289084064,11.591523728938416,11.533770340780839,2.926494678794745,3.4319295361225355
1188.1584211228164,11.445190975641102,11.445190975641102,11.583288563402782,11.54976096157424,2.426494678794745,3.9319295361225355
1188.358447793039,11.454457139399702,11.454457139399702,11.590303994468751,11.563399767624988,2.926494678794745,3.9542809055670536
1188.5584744632617,11.4637286888822,11.4637286888822,11.599767576947217,11.571823901444612,3.379890974937602,3.4542809055670536
1188.7585011334845,11.473005532557726,11.473005532557726,11.604467348848418,11.580442711539046,3.0271089730466865,3.497113428851554
1188.958527803707,11.482287578843147,11.482287578843147,11.614638747229414,11.589736344962404,3.3508544304787025,3.4340392126486106
1189.1585544739298,11.491574736104003,11.491574736104003,11.617388622802494,11.594319704651404,2.8508544304787025,2.9340392126486106
1189.3585811441526,11.50086691265534,11.50086691265534,11.618897854480503,11.588793763695792,2.921284093444932,2.4502504809903605
1189.5586078143751,11.510164016762657,11.510164016762657,11.6128014478624,11.590707119920024,2.421284093444932,2.9502504809903605
1189.758634484598,11.519465956642836,11.519465956642836,11.61768771160476,11.603802580923729,2.921284093444932,3.4502504809903605
1189.9586611548207,11.52877264046499,11.52877264046499,11.63107750346644,11.608074149651504,3.173221914920785,2.9613394013283973
1190.1586878250432,11.538083976351396,11.538083976351396,11.62728740089324,11.614776688041738,2.673221914920785,3.4613394013283973
1190.358714495266,11.547399872378438,11.547399872378438,11.62476711229887,11.625051382203425,2.571085946101691,3.0823153621722437
1190.5587411654888,11.556720236577451,11.556720236577451,11.629317255057128,11.636218183138837,2.984624951111204,3.5823153621722437
1190.7587678357113,11.566044976935656,11.566044976935656,11.642777498588972,11.652201018366313,3.484624951111204,4.082315362172244
1190.958794505934,11.575374001397105,11.575374001397105,11.663521829758507,11.665120780560212,3.984624951111204,3.5823153621722437
1191.1588211761568,11.584707217863524,11.584707217863524,11.676369736949946,11.681788646528199,3.484624951111204,4.082315362172244
1191.3588478463794,11.594044534195255,11.594044534195255,11.69598138981233,11.690271191809774,3.984624951111204,3.5823153621722437
1191.5588745166021,11.603385858212198,11.603385858212198,11.70239800570864,11.695560216610966,3.484624951111204,3.0823153621722437
1191.758901186825,11.612731097694653,11.612731097694653,11.721230955383845,11.696199426123645,3.984624951111204,2.5823153621722437
1191.9589278570475,11.62208016038428,11.62208016038428,11.74641725734574,11.702062483058763,4.300680968733302,3.0823153621722437
1192.1589545272702,11.631432953984996,11.631432953984996,11.781362073252387,11.713586548074876,4.800680968733302,3.5823153621722437
1192.358981197493,11.64078938616388,11.64078938616388,11.80717068407454,11.719065840386786,4.300680968733302,3.0823153621722437
1192.5590078677155,11.650149364552085,11.650149364552085,11.821628421666588,11.72024032404348,3.8006809687333023,3.1039130513402045
1192.7590345379383,11.659512796745785,11.659512796745785,11.848894551797832,11.730652026977834,4.049965632557249,3.6039130513402045
1192.959061208161,11.668879590307025,11.668879590307025,11.866036533303165,11.735470812589526,3.5499656325572486,3.1039130513402045
1193.1590878783838,11.678249652764677,11.678249652764677,11.869424203015067,11.747848887273705,3.0499656325572486,3.6039130513402045
1193.3591145486064,11.687622891615332,11.687622891615332,11.877256676154722,11.768697831267092,3.3722807392667025,4.1039130513402045
1193.5591412188292,11.69699921432425,11.69699921432425,11.880696514922219,11.793160275858996,2.8722807392667025,4.6039130513402045
1193.759167889052,11.706378528326221,11.706378528326221,11.869794894687857,11.809089916376127,2.3722807392667025,4.1039130513402045
1193.9591945592745,11.715760741026502,11.715760741026502,11.856206450862976,11.821767906436655,1.8722807392667025,3.6039130513402045
1194.1592212294972,11.725145759801764,11.725145759801764,11.845963028716495,11.824061882347037,2.3722807392667025,3.1039130513402045
1194.35924789972,11.734533492000944,11.734533492000944,11.851448235321914,11.822231332609375,2.8722807392667025,2.6039130513402045
1194.5592745699425,11.743923844946192,11.743923844946192,11.860482162776563,11.82537910007623,3.3722807392667025,3.1039130513402045
1194.7593012401653,11.75331672593382,11.75331672593382,11.86948752892274,11.838310355191973,3.5425887050070504,3.6039130513402045
1194.959327910388,11.762712042235144,11.762712042235144,11.885331161935857,11.841976350965709,3.498086386487225,3.1039130513402045
1195.1593545806106,11.772109701097444,11.772109701097444,11.902526006825902,11.85190452146511,3.998086386487225,3.6039130513402045
1195.3593812508334,11.781509609744905,11.781509609744905,11.91237964225723,11.853594426166058,3.56320357121764,3.1039130513402045
1195.5594079210562,11.790911675379467,11.790911675379467,11.9360373301422,11.862537476434076,4.06320357121764,3.6039130513402045
1195.7594345912787,11.800315805181778,11.800315805181778,11.948864086398029,11.870953451036042,3.56320357121764,3.1039130513402045
1195.9594612615015,11.80972190631214,11.80972190631214,11.965201399699463,11.88163424545887,4.06320357121764,3.6039130513402045
1196.1594879317242,11.819129885911357,11.819129885911357,11.977083329319104,11.90235805856781,3.56320357121764,4.1039130513402045
1196.3595146019468,11.828539651101696,11.828539651101696,11.978964497650413,11.909940369501477,3.06320357121764,3.6039130513402045
1196.5595412721696,11.837951108987824,11.837951108987824,11.974575569170035,11.921722745244216,2.56320357121764,3.8058492711672574
1196.7595679423923,11.847364166657663,11.847364166657663,11.966485307796846,11.929318367795448,2.16658562070734,3.391542615887398
1196.9595946126149,11.856778731183347,11.856778731183347,11.96476035806698,11.944383209489793,2.66658562070734,3.891542615887398
1197.1596212828376,11.86619470962216,11.86619470962216,11.958754226765935,11.96581382632795,2.434545737570977,4.391542615887397
1197.3596479530604,11.875612009017404,11.875612009017404,11.964825238369828,11.984322736449203,2.934545737570977,3.9910329086623024
1197.559674623283,11.88503053639933,11.88503053639933,11.97570405970374,11.992847827379661,3.434545737570977,3.4910329086623024
1197.7597012935057,11.894450198786105,11.894450198786105,11.990157694555903,12.01052729472282,3.934545737570977,3.9910329086623024
1197.9597279637285,11.903870903184668,11.903870903184668,11.999588766976062,12.031041186134148,3.434545737570977,4.491032908662302
1198.1597546339513,11.91329255659165,11.91329255659165,12.002241383100342,12.045259257049993,2.9822996280353506,3.9910329086623024
1198.3597813041738,11.92271506599433,11.92271506599433,12.013621382861222,12.056514877832004,3.4822996280353506,3.4910329086623024
1198.5598079743966,11.932138338371566,11.932138338371566,12.021362300167278,12.072629734086854,2.9822996280353506,3.9910329086623024
1198.7598346446193,11.941562280694646,11.941562280694646,12.031841278757431,12.091959094032903,3.4822996280353506,4.284316167553825
1198.9598613148419,11.950986799928245,11.950986799928245,12.055176890339029,12.103530831180127,3.9822996280353506,3.7843161675538246
1199.1598879850646,11.960411803031374,11.960411803031374,12.063273916577566,12.112767752288086,3.4822996280353506,3.2843161675538246
1199.3599146552874,11.969837196958236,11.969837196958236,12.071311071947536,12.127261203080428,2.9822996280353506,3.7843161675538246
1199.55994132551,11.97926288865918,11.97926288865918,12.069890402191225,12.133267679689235,2.4822996280353506,3.2843161675538246
1199.7599679957327,11.98868878508164,11.98868878508164,12.07022002027711,12.132421559221479,2.7788909696745296,2.7843161675538246
1199.9599946659555,11.998114793171,11.998114793171,12.08252305752687,12.129965614038483,3.2788909696745296,2.588686778406113
1200.160021336178,12.007540819871542,12.007540819871542,12.101662228994439,12.137221575683725,3.7788909696745296,3.088686778406113
1200.3600480064008,12.016966772127397,12.016966772127397,12.118788295308676,12.143924637552718,3.793059219385642,3.4344677543533377
1200.5600746766236,12.026392556883396,12.026392556883396,12.132849787662838,12.158894062588383,3.460911939674996,3.9344677543533377
1200.760101346846,12.035818081086028,12.035818081086028,12.13476110317105,12.166647689494537,2.960911939674996,3.4344677543533377
1200.9601280170689,12.045243251684381,12.045243251684381,12.130187653892246,12.169217024815705,2.460911939674996,2.9344677543533377
1201.1601546872917,12.054667975631007,12.054667975631007,12.132350757532521,12.173245040079117,2.960911939674996,3.4344677543533377
1201.3601813575142,12.064092159882867,12.064092159882867,12.139932798254844,12.185958558656038,3.153679444850695,3.9344677543533377
1201.560208027737,12.073515711402274,12.073515711402274,12.158526396533809,12.1914370285284,3.653679444850695,3.4344677543533377
1201.7602346979597,12.082938537157766,12.082938537157766,12.176987684036053,12.192497089271827,4.153679444850695,2.9344677543533377
1201.9602613681823,12.092360544125041,12.092360544125041,12.208767334232753,12.200356669276275,4.653679444850695,3.4344677543533377
1202.160288038405,12.10178163928791,12.10178163928791,12.245086802358346,12.200689123090163,5.153679444850695,2.9344677543533377
1202.3603147086278,12.111201729639161,12.111201729639161,12.273511051790495,12.20852574450451,4.653679444850695,3.4344677543533377
1202.5603413788504,12.120620722181494,12.120620722181494,12.291801746683092,12.20703403763854,4.153679444850695,2.9344677543533377
1202.7603680490731,12.130038523928482,12.130038523928482,12.303910742653033,12.216326741506219,3.6536794448506953,3.4344677543533377
1202.960394719296,12.139455041905421,12.139455041905421,12.324591340819683,12.215703267909356,4.153679444850695,2.9405991299416967
1203.1604213895187,12.148870183150294,12.148870183150294,12.341021155071155,12.217211409683095,3.6536794448506953,2.9455665001806732
1203.3604480597412,12.158283854714663,12.158283854714663,12.346426892423159,12.22321931182238,3.1536794448506953,3.4455665001806732
1203.560474729964,12.167695963664627,12.167695963664627,12.3432800386746,12.238410998560077,2.757046773541133,3.9455665001806732
1203.7605014001867,12.177106417081685,12.177106417081685,12.34807356929732,12.26091031931735,3.163180952380895,4.445566500180673
1203.9605280704093,12.18651512206369,12.18651512206369,12.345093405258588,12.276309545613838,2.663180952380895,3.9455665001806732
1204.160554740632,12.195921985725755,12.195921985725755,12.33178660937962,12.284617901788756,2.163180952380895,3.4655080277525214
1204.3605814108548,12.20532691520117,12.20532691520117,12.332137761920647,12.28585314159086,2.663180952380895,2.9655080277525214
1204.5606080810774,12.214729817642308,12.214729817642308,12.338745437671049,12.29448250454249,3.163180952380895,3.4655080277525214
1204.7606347513001,12.224130600221589,12.224130600221589,12.352839108492276,12.309421623192694,3.663180952380895,3.9655080277525214
1204.960661421523,12.233529170132325,12.233529170132325,12.367750123254252,12.318579489818271,3.454247921340952,3.4655080277525214
1205.1606880917454,12.242925434589674,12.242925434589674,12.388337705300703,12.32396607332111,3.9125887042294663,3.1692644117115334
1205.3607147619682,12.252319300831587,12.252319300831587,12.399580698755807,12.324550806266,3.4125887042294663,2.8928539745165702
1205.560741432191,12.261710676119657,12.261710676119657,12.41806301176889,12.328612451572766,3.9125887042294663,3.3928539745165702
1205.7607681024135,12.271099467740068,12.271099467740068,12.428772729377066,12.342215271791378,3.4125887042294663,3.8928539745165702
1205.9607947726363,12.280485583004543,12.280485583004543,12.426510351728426,12.351613759625653,2.9125887042294663,3.3928539745165702
1206.160821442859,12.289868929251197,12.289868929251197,12.418299002800278,12.363622766853334,2.4125887042294663,3.8928539745165702
1206.3608481130816,12.299249413845477,12.299249413845477,12.419461705323315,12.383930351859226,2.9125887042294663,4.39285397451657
1206.5608747833044,12.308626944181114,12.308626944181114,12.419932716089354,12.408608161555629,2.552270840841415,4.89285397451657
1206.7609014535271,12.318001427680977,12.318001427680977,12.412477406013844,12.427854255536252,2.6954500838310143,4.39285397451657
1206.9609281237497,12.327372771798007,12.327372771798007,12.416696140226646,12.444373365486268,3.1954500838310143,4.1756926821599025
1207.1609547939725,12.336740884016175,12.336740884016175,12.430898259672293,12.454501903994739,3.4760693840894072,3.6756926821599025
1207.3609814641952,12.346105671851324,12.346105671851324,12.449076620155829,12.457018647701913,3.9760693840894072,3.1756926821599025
1207.5610081344178,12.355467042852114,12.355467042852114,12.469424705960279,12.462735153128001,4.006142881554296,3.6756926821599025
1207.7610348046405,12.364824904600972,12.364824904600972,12.498435719562984,12.481466190600635,4.506142881554296,4.1756926821599025
1207.9610614748633,12.374179164714938,12.374179164714938,12.516570813425849,12.491206180515743,4.006142881554296,3.6756926821599025
1208.161088145086,12.383529730846613,12.383529730846613,12.53085124472336,12.496143569799546,3.506142881554296,3.1756926821599025
1208.3611148153086,12.392876510685063,12.392876510685063,12.535288815584348,12.493493975611061,3.006142881554296,2.6756926821599025
1208.5611414855314,12.402219411956757,12.402219411956757,12.53219961312785,12.485734880569465,2.6318967749970477,2.365881557332867
1208.7611681557541,12.41155834242643,12.41155834242643,12.53109068270339,12.485073079216585,3.1318967749970477,2.865881557332867
1208.9611948259767,12.420893209898013,12.420893209898013,12.54156345367734,12.49061535761733,3.6318967749970477,3.305860389951529
1209.1612214961995,12.430223922215578,12.430223922215578,12.555972132547913,12.507067714451235,3.7294726732769536,3.805860389951529
1209.3612481664222,12.439550387264193,12.439550387264193,12.57419923740423,12.526782860546595,3.9192570875244312,4.305860389951529
1209.5612748366448,12.448872512970848,12.448872512970848,12.595212515682295,12.5531042167964,4.127278099688508,4.805860389951529
1209.7613015068675,12.458190207305417,12.458190207305417,12.606089218414686,12.577728360069894,3.6272780996885077,4.939097784557405
1209.9613281770903,12.467503378281462,12.467503378281462,12.61044942577981,12.594662071247702,3.1272780996885077,4.439097784557405
1210.1613548473129,12.47681193395723,12.47681193395723,12.616364495736951,12.609876965921895,3.354996996399638,3.939097784557405
1210.3613815175356,12.486115782436546,12.486115782436546,12.613674278115822,12.615998527685642,2.854996996399638,3.439097784557405
1210.5614081877584,12.495414831869684,12.495414831869684,12.62162528260332,12.615179694032047,3.354996996399638,2.939097784557405
1210.761434857981,12.50470899045429,12.50470899045429,12.621130078116355,12.614196067675627,2.854996996399638,2.6501970647598507
1210.9614615282037,12.513998166436327,12.513998166436327,12.62275751646387,12.618477654232208,2.9578366046613125,3.1501970647598507
1211.1614881984265,12.523282268110911,12.523282268110911,12.613959084214095,12.617247556714988,2.4578366046613125,2.6501970647598507
1211.361514868649,12.532561203823262,12.532561203823262,12.616856100330214,12.62079830506077,2.9578366046613125,3.1501970647598507
1211.5615415388718,12.54183488196962,12.54183488196962,12.60968492664186,12.619662310324125,2.4578366046613125,2.6501970647598507
1211.7615682090945,12.551103210998106,12.551103210998106,12.613623061536014,12.609627453679689,2.9578366046613125,2.1501970647598507
1211.961594879317,12.560366099409645,12.560366099409645,12.623765312457078,12.606021614049148,3.4578366046613125,2.6501970647598507
1212.1616215495399,12.569623455758904,12.569623455758904,12.642879773754654,12.609413327849841,3.9578366046613125,3.1501970647598507
1212.3616482197626,12.578875188655138,12.578875188655138,12.64949050037293,12.619255103692465,3.4578366046613125,3.6501970647598507
1212.5616748899852,12.588121206763107,12.588121206763107,12.669732463430641,12.633033664858235,3.9578366046613125,4.003488412174521
1212.761701560208,12.59736141880403,12.59736141880403,12.688387913751567,12.639007681922577,3.9442153239123776,3.503488412174521
1212.9617282304307,12.606595733556412,12.606595733556412,12.701973995837998,12.653366572792445,3.530377404966248,4.003488412174521
1213.1617549006535,12.615824059856982,12.615824059856982,12.7046079597342,12.663850261946171,3.030377404966248,3.503488412174521
1213.361781570876,12.625046306601584,12.625046306601584,12.719075025829685,12.66470692510621,3.530377404966248,3.003488412174521
1213.5618082410988,12.63426238274611,12.63426238274611,12.73716110315391,12.670133181806513,4.030377404966249,3.503488412174521
1213.7618349113216,12.643472197307336,12.643472197307336,12.753172867132482,12.672609361812832,3.7993070532492417,3.003488412174521
1213.961861581544,12.652675659363858,12.652675659363858,12.771087842973033,12.679883816994215,3.983244180618999,3.503488412174521
1214.1618882517669,12.661872678057016,12.661872678057016,12.78054571547078,12.684083348168578,3.483244180618999,3.533141158152779
1214.3619149219896,12.671063162591723,12.671063162591723,12.805090891268051,12.69755109201919,3.983244180618999,4.0331411581527785
1214.5619415922122,12.680247022237408,12.680247022237408,12.825517855112011,12.721209739083134,4.1799400987833675,4.4711228664488125
1214.761968262435,12.689424166328926,12.689424166328926,12.860324022424242,12.744198306787196,4.6799400987833675,4.753130332999622
1214.9619949326577,12.698594504267403,12.698594504267403,12.883270532226732,12.773171678833219,4.1799400987833675,5.253130332999622
1215.1620216028803,12.707757945521154,12.707757945521154,12.895915905674899,12.800245949342035,3.6799400987833675,4.753130332999622
1215.362048273103,12.716914399626614,12.716914399626614,12.922206965915745,12.814809940947423,4.1799400987833675,4.253130332999622
1215.5620749433258,12.72606377618916,12.72606377618916,12.932623382149435,12.840218257920219,3.6799400987833675,4.753130332999622
1215.7621016135483,12.73520598488406,12.73520598488406,12.9423309625416,12.867864910275486,3.1799400987833675,4.736810013275086
1215.962128283771,12.744340935457332,12.744340935457332,12.938339554883951,12.886945532341512,2.6799400987833675,4.236810013275086
1216.1621549539939,12.75346853772666,12.75346853772666,12.926963672774377,12.902133279988414,2.1799400987833675,4.222128605012763
1216.3621816242164,12.762588701582255,12.762588701582255,12.922455745865154,12.911866644877744,2.6799400987833675,3.722128605012763
1216.5622082944392,12.771701336987793,12.771701336987793,12.931582787028246,12.918062298125617,3.1799400987833675,3.222128605012763
1216.762234964662,12.780806353981244,12.780806353981244,12.95083795858555,12.91637315032573,3.6799400987833675,2.722128605012763
1216.9622616348845,12.789903662675787,12.789903662675787,12.954261584888899,12.905481321939728,3.1799400987833675,2.222128605012763
1217.1622883051073,12.798993173260733,12.798993173260733,12.95272901338585,12.891984656604127,2.6799400987833675,1.722128605012763
1217.36231497533,12.808074796002341,12.808074796002341,12.95867114192189,12.888018799828043,3.1799400987833675,2.222128605012763
1217.5623416455526,12.817148441244747,12.817148441244747,12.95909923974578,12.884282851570825,2.6799400987833675,2.722128605012763
1217.7623683157753,12.826214019410868,12.826214019410868,12.96651945618828,12.890233783258088,3.1799400987833675,3.222128605012763
1217.9623949859981,12.835271441003233,12.835271441003233,12.980273633820394,12.901578485082116,3.6799400987833675,3.722128605012763
1218.1624216562209,12.844320616604907,12.844320616604907,13.000001937470657,12.907093259481496,4.1799400987833675,3.2648972898399147
1218.3624483264434,12.853361456880348,12.853361456880348,13.029571148893288,12.91546164054754,4.6799400987833675,3.7648972898399147
1218.5624749966662,12.862393872576332,12.862393872576332,13.053010597378956,12.933743835111747,4.1799400987833675,4.264897289839915
1218.762501666889,12.871417774522776,12.871417774522776,13.06740078010109,12.945245659818285,3.6799400987833675,3.764897289839915
1218.9625283371115,12.880433073633647,12.880433073633647,13.087516755942023,12.957461836087996,3.8264424673151267,3.9197576484588215
1219.1625550073343,12.889439680907868,12.889439680907868,13.096738678912311,12.95947184018842,3.3264424673151267,3.4197576484588215
1219.362581677557,12.898437507430145,12.898437507430145,13.09486852428244,12.962037946424298,2.8264424673151267,2.9197576484588215
1219.5626083477796,12.907426464371866,12.907426464371866,13.08693007245332,12.9633284299824,2.3264424673151267,3.0430038214835236
1219.7626350180024,12.916406462992013,12.916406462992013,13.08430426839744,12.970989846005962,2.8264424673151267,3.5430038214835236
1219.9626616882251,12.925377414637973,12.925377414637973,13.091473847191326,12.983518018590038,3.3264424673151267,4.0430038214835236
1220.1626883584477,12.934339230746453,12.934339230746453,13.0924836587913,12.993000835476028,2.8970816396390284,3.5430038214835236
1220.3627150286704,12.943291822844373,12.943291822844373,13.10110029365831,13.007086970485448,3.3970816396390284,4.0430038214835236
1220.5627416988932,12.952235102549686,12.952235102549686,13.118948833556088,13.019329632155735,3.8970816396390284,3.8390103150704595
1220.7627683691157,12.96116898157228,12.96116898157228,13.123965136085973,13.036769431520293,3.3970816396390284,4.243945964690384
1220.9627950393385,12.97009337171488,12.97009337171488,13.122367779025248,13.057960989331118,2.8970816396390284,4.743945964690384
1221.1628217095613,12.979008184873852,12.979008184873852,13.129592790784965,13.077505569689535,3.3970816396390284,4.243945964690384
1221.3628483797838,12.987913333040114,12.987913333040114,13.148685765742176,13.093366217933408,3.8970816396390284,4.364151366634381
1221.5628750500066,12.996808728300026,12.996808728300026,13.178312574553864,13.10673228494742,4.397081639639028,3.864151366634381
1221.7629017202294,13.005694282836213,13.005694282836213,13.214636379089278,13.111569294946822,4.897081639639028,3.364151366634381
1221.962928390452,13.014569908928415,13.014569908928415,13.25826978948575,13.121325682489623,5.397081639639028,3.864151366634381
1222.1629550606747,13.023435518954456,13.023435518954456,13.29336164935657,13.126254260167396,4.897081639639028,3.364151366634381
1222.3629817308974,13.032291025390993,13.032291025390993,13.31868930919722,13.139428314286906,4.397081639639028,3.864151366634381
1222.56300840112,13.04113634081443,13.04113634081443,13.334999001373033,13.160965452192922,3.897081639639028,4.364151366634381
1222.7630350713428,13.049971377901816,13.049971377901816,13.344774419785825,13.17489261634288,3.397081639639028,3.864151366634381
1222.9630617415655,13.058796049431628,13.058796049431628,13.346572727040535,13.194164321216132,2.897081639639028,4.364151366634381
1223.1630884117883,13.067610268284694,13.067610268284694,13.338903769213424,13.21753689359851,2.397081639639028,4.864151366634381
1223.3631150820108,13.076413947445019,13.076413947445019,13.315430293598842,13.23717795776967,1.897081639639028,4.364151366634381
1223.5631417522336,13.085207000000686,13.085207000000686,13.308059592237095,13.245960665970784,2.397081639639028,3.864151366634381
1223.7631684224564,13.093989339144665,13.093989339144665,13.28926314268435,13.25353978178499,1.897081639639028,3.364151366634381
1223.963195092679,13.102760878175681,13.102760878175681,13.2789702912611,13.267736547729914,2.1563641807146063,3.864151366634381
1224.1632217629017,13.111521530499116,13.111521530499116,13.278913161036392,13.270261853098164,2.6563641807146063,3.364151366634381
1224.3632484331245,13.120271209627797,13.120271209627797,13.267242877855718,13.270712143790764,2.1563641807146063,2.864151366634381
1224.563275103347,13.129009829182879,13.129009829182879,13.248292183118636,13.261476780807293,1.6563641807146063,2.364151366634381
1224.7633017735698,13.137737302894733,13.137737302894733,13.229054123805968,13.260719781804196,1.6572272846029867,2.864151366634381
1224.9633284437925,13.146453544603732,13.146453544603732,13.218574255521341,13.252976549281556,2.1572272846029867,2.364151366634381
1225.163355114015,13.155158468261135,13.155158468261135,13.214301857232547,13.247926410614605,2.6572272846029867,2.864151366634381
1225.3633817842378,13.163851987929963,13.163851987929963,13.219030448394971,13.253005009187612,3.1572272846029867,3.364151366634381
1225.5634084544606,13.172534017785793,13.172534017785793,13.233923509160883,13.254613126615185,3.6572272846029867,2.864151366634381
1225.7634351246832,13.181204472117631,13.181204472117631,13.258148785813352,13.258806621997632,4.157227284602987,3.364151366634381
1225.963461794906,13.189863265328789,13.189863265328789,13.271214746429836,13.25779071238685,3.657227284602987,2.864151366634381
1226.1634884651287,13.19851031193767,13.19851031193767,13.288522908162182,13.262837525213248,4.157227284602987,3.364151366634381
1226.3635151353512,13.207145526578639,13.207145526578639,13.298591484170364,13.26677986914587,3.657227284602987,3.2079144694306985
1226.563541805574,13.215768824002907,13.215768824002907,13.311357272828326,13.275777535136317,3.712695747534648,3.7079144694306985
1226.7635684757968,13.224380119079298,13.224380119079298,13.331890679113398,13.288562395377944,4.212695747534648,4.058037648459481
1226.9635951460193,13.232979326795128,13.232979326795128,13.34611043666842,13.298746684943334,3.7126957475346476,3.5580376484594813
1227.163621816242,13.24156636225707,13.24156636225707,13.349300991287112,13.312350911545252,3.2126957475346476,3.8171296138245934
1227.3636484864649,13.250141140691937,13.250141140691937,13.348597085577328,13.328273088044014,2.8862569235671733,4.2596444528338715
1227.5636751566874,13.258703577447545,13.258703577447545,13.354949180549452,13.349977293518709,3.3862569235671733,4.7596444528338715
1227.7637018269102,13.26725358799359,13.26725358799359,13.373254655067898,13.366525015476476,3.8862569235671733,4.2596444528338715
1227.963728497133,13.275791087922386,13.275791087922386,13.396428781515784,13.376275911011339,4.386256923567173,3.7596444528338715
1228.1637551673557,13.284315992949786,13.284315992949786,13.430774853542303,13.392359573460853,4.886256923567173,3.9740305493634667
1228.3637818375782,13.29282821891597,13.29282821891597,13.452139124136242,13.409389235227565,4.386256923567173,4.204023652785611
1228.563808507801,13.301327681786317,13.301327681786317,13.467771944131048,13.419836784929114,3.8862569235671733,3.7040236527856107
1228.7638351780238,13.309814297652176,13.309814297652176,13.4807324697127,13.43828094595851,3.7392897820181368,4.204023652785611
1228.9638618482463,13.318287982731723,13.318287982731723,13.496698970880754,13.447007779462963,3.837984281392602,3.7040236527856107
1229.163888518469,13.32674865337082,13.32674865337082,13.502988292385256,13.463467197840941,3.337984281392602,4.204023652785611
1229.3639151886919,13.335196226043786,13.335196226043786,13.503913840159354,13.486712946005477,2.837984281392602,4.704023652785611
1229.5639418589144,13.343630617354238,13.343630617354238,13.508608567809565,13.500450391931878,3.2013980810739833,4.204023652785611
1229.7639685291372,13.352051744035956,13.352051744035956,13.50958927342266,13.510201599348484,2.9122455637525326,3.7040236527856107
1229.96399519936,13.360459522953642,13.360459522953642,13.518868425777427,13.515956867877682,3.4122455637525326,3.2040236527856107
1230.1640218695825,13.368853871103772,13.368853871103772,13.534300720354615,13.524307806880092,3.9122455637525326,3.7040236527856107
1230.3640485398053,13.377234705615436,13.377234705615436,13.539508191847842,13.526240938026872,3.4122455637525326,3.2040236527856107
1230.564075210028,13.385601943751114,13.385601943751114,13.537843102902023,13.523247799739705,2.9122455637525326,2.7040236527856107
1230.7641018802506,13.393955502907506,13.393955502907506,13.547043162783394,13.519656717782011,3.2413825519603527,2.9713425584567217
1230.9641285504733,13.402295300616384,13.402295300616384,13.559632248244563,13.528395057304982,3.7413825519603527,3.4713425584567217
1231.164155220696,13.41062125454535,13.41062125454535,13.565738414248356,13.535769018929775,3.2413825519603527,3.4085025858404614
1231.3641818909186,13.41893328249867,13.41893328249867,13.565976985652675,13.545702067518437,2.7413825519603527,3.685422375792289
1231.5642085611414,13.427231302418127,13.427231302418127,13.571506973823723,13.553985835249064,3.2413825519603527,3.629368157647369
1231.7642352313642,13.435515232383757,13.435515232383757,13.5676333977223,13.5570370108845,2.7413825519603527,3.129368157647369
1231.9642619015867,13.4437849906147,13.4437849906147,13.564613653812058,13.550960643879037,2.560770570495117,2.629368157647369
1232.1642885718095,13.452040495470031,13.452040495470031,13.561734174796673,13.551353103971776,3.060770570495117,3.129368157647369
1232.3643152420323,13.46028166544951,13.46028166544951,13.566535379165288,13.556787055328693,3.273236252306204,3.629368157647369
1232.5643419122548,13.46850841919441,13.46850841919441,13.563051735858169,13.57143395372712,2.773236252306204,4.129368157647368
1232.7643685824776,13.476720675488359,13.476720675488359,13.57066084282065,13.58319464212349,3.273236252306204,3.6293681576473684
1232.9643952527003,13.48491835325807,13.48491835325807,13.570585889764853,13.597147741903317,2.773236252306204,4.129368157647368
1233.164421922923,13.493101371574198,13.493101371574198,13.572066404550625,13.605964189268072,2.738725395724492,3.6293681576473684
1233.3644485931457,13.501269649652103,13.501269649652103,13.577847698220543,13.60745348115367,3.238725395724492,3.1293681576473684
1233.5644752633684,13.509423106852697,13.509423106852697,13.589561159562338,13.614367518693244,3.738725395724492,3.4157598178873343
1233.7645019335912,13.517561662683182,13.517561662683182,13.59312014315412,13.62725669811477,3.238725395724492,3.9157598178873343
1233.9645286038137,13.525685236797848,13.525685236797848,13.607115804652993,13.631035637037645,3.738725395724492,3.4157598178873343
1234.1645552740365,13.53379374899894,13.53379374899894,13.614895523094686,13.641605656199403,3.238725395724492,3.9157598178873343
1234.3645819442593,13.541887119237364,13.541887119237364,13.625696320028528,13.66100621110398,3.738725395724492,4.415759817887334
1234.5646086144818,13.549965267613509,13.549965267613509,13.65164477889449,13.680726842892609,4.238725395724492,4.670709145596209
1234.7646352847046,13.558028114378061,13.558028114378061,13.681889481452911,13.699772980443194,4.738725395724492,4.689911092260212
1234.9646619549274,13.566075579932747,13.566075579932747,13.702564778674057,13.713231597190463,4.238725395724492,4.189911092260212
1235.16468862515,13.574107584831138,13.574107584831138,13.713439880516137,13.722405933198662,3.738725395724492,3.6899110922602123
1235.3647152953727,13.58212404977946,13.58212404977946,13.719062697819457,13.725105654127438,3.238725395724492,3.1899110922602123
1235.5647419655954,13.590124895637333,13.590124895637333,13.733558398537022,13.720360833272755,3.738725395724492,2.6899110922602123
1235.764768635818,13.598110043418563,13.598110043418563,13.733791425982298,13.725680460265506,3.238725395724492,3.1899110922602123
1235.9647953060407,13.606079414291965,13.606079414291965,13.734538679064158,13.726225035429238,2.738725395724492,2.991292618254077
1236.1648219762635,13.614032929582079,13.614032929582079,13.729602541731857,13.718601364778735,2.5465869081323933,2.491292618254077
1236.364848646486,13.621970510769973,13.621970510769973,13.73181453682749,13.717095412349664,3.0465869081323933,2.991292618254077
1236.5648753167088,13.629892079494049,13.629892079494049,13.72240881113916,13.724683720451559,2.5465869081323933,3.491292618254077
1236.7649019869316,13.637797557550758,13.637797557550758,13.72048102185146,13.72906433677625,3.0465869081323933,3.4687880092265644
1236.9649286571541,13.645686866895407,13.645686866895407,13.732195657098977,13.739598290903643,3.5465869081323933,3.9687880092265644
1237.164955327377,13.653559929642945,13.653559929642945,13.75121424190338,13.747339115730583,4.046586908132394,3.4687880092265644
1237.3649819975997,13.661416668068687,13.661416668068687,13.774297381541688,13.759172167705692,4.546586908132394,3.9687880092265644
1237.5650086678222,13.669257004609108,13.669257004609108,13.791581561848055,13.76758642070968,4.046586908132394,3.4687880092265644
1237.765035338045,13.677080861862628,13.677080861862628,13.808619122199156,13.776261864251175,4.001365803802044,3.9687880092265644
1237.9650620082678,13.684888162590331,13.684888162590331,13.81691919627419,13.795495241694251,3.5013658038020443,4.317568169354069
1238.1650886784905,13.692678829716758,13.692678829716758,13.833348460730349,13.804963754797143,4.001365803802044,3.817568169354069
1238.365115348713,13.700452786330654,13.700452786330654,13.845043155257365,13.8092316943943,3.5013658038020443,3.317568169354069
1238.5651420189358,13.708209955685756,13.708209955685756,13.862565284020402,13.81556821201989,4.001365803802044,3.817568169354069
1238.7651686891586,13.71595026120151,13.71595026120151,13.872558529844515,13.824053304683398,3.5013658038020443,3.53285020393523
1238.9651953593811,13.723673626463837,13.723673626463837,13.874535454683373,13.82404256175002,3.0013658038020443,3.03285020393523
1239.165222029604,13.731379975225927,13.731379975225927,13.865614927684526,13.82726502675715,2.5013658038020443,3.53285020393523
1239.3652486998267,13.739069231408935,13.739069231408935,13.858752281277388,13.830729891076563,2.6163779879388045,3.142609609952972
1239.5652753700492,13.746741319102757,13.746741319102757,13.843795267943158,13.833562867412075,2.1163779879388045,3.1476918415342907
1239.765302040272,13.754396162566813,13.754396162566813,13.83475916468015,13.843823288659062,2.6163779879388045,3.6476918415342907
1239.9653287104948,13.762033686230712,13.762033686230712,13.838221137934115,13.842893572099177,3.1163779879388045,3.1476918415342907
1240.1653553807173,13.769653814695076,13.769653814695076,13.83256665687754,13.851286192036174,2.6163779879388045,3.6476918415342907
1240.36538205094,13.777256472732267,13.777256472732267,13.834590406621121,13.865023733661108,3.1163779879388045,4.147691841534291
1240.5654087211628,13.7848415852871,13.7848415852871,13.843898793259598,13.873617167187577,3.6163779879388045,3.647691841534291
1240.7654353913854,13.792409077477604,13.792409077477604,13.86635661419578,13.887015255734632,4.1163779879388045,4.124652379002209
1240.9654620616082,13.799958874595777,13.799958874595777,13.892487306168395,13.89485702242438,4.573450626367639,3.6246523790022094
1241.165488731831,13.807490902108288,13.807490902108288,13.915179787846037,13.896676498804215,4.105920399319574,3.1246523790022094
1241.3655154020535,13.815005085657234,13.815005085657234,13.93379971526778,13.902096535432934,4.1192781606584825,3.6246523790022094
1241.5655420722762,13.822501351060888,13.822501351060888,13.961820331493545,13.905353576720866,4.6192781606584825,3.1246523790022094
1241.765568742499,13.829979624314397,13.829979624314397,13.984193819967249,13.90391587897849,4.1192781606584825,2.6246523790022094
1241.9655954127215,13.837439831590531,13.837439831590531,13.993430831740037,13.904464056444182,3.6192781606584825,3.1246523790022094
1242.1656220829443,13.844881899240434,13.844881899240434,13.995412007438349,13.911950135975186,3.1192781606584825,3.6246523790022094
1242.365648753167,13.852305753794301,13.852305753794301,14.005195568702279,13.917805896211574,3.6192781606584825,3.462366333362222
1242.5656754233896,13.859711321962136,13.859711321962136,14.0077249527851,13.931496897527994,3.1192781606584825,3.962366333362222
1242.7657020936124,13.867098530634491,13.867098530634491,14.002909943844594,13.938728275829881,2.6192781606584825,3.462366333362222
1242.9657287638352,13.874467306883147,13.874467306883147,14.001204001778868,13.939130798559809,3.1192781606584825,3.0591113129185836
1243.165755434058,13.881817577961858,13.881817577961858,13.994009473839416,13.949004606151062,2.6192781606584825,3.5591113129185836
1243.3657821042805,13.889149271307058,13.889149271307058,13.981329500631054,13.961055359669428,2.1192781606584825,4.059111312918583
1243.5658087745032,13.896462314538612,13.896462314538612,13.973322908816812,13.966938491017977,2.6192781606584825,3.559111312918583
1243.765835444726,13.903756635460475,13.903756635460475,13.958630056654455,13.976921762931937,2.1192781606584825,4.0447305843232355
1243.9658621149485,13.911032162061435,13.911032162061435,13.951921529530445,13.994363992692975,2.6192781606584825,4.5447305843232355
1244.1658887851713,13.918288822515844,13.918288822515844,13.943512179923028,14.011327262197819,2.5331337397773925,4.249711726670298
1244.365915455394,13.925526545184287,13.925526545184287,13.944380703272717,14.020321625872903,3.0331337397773925,3.7497117266702977
1244.5659421256166,13.932745258614297,13.932745258614297,13.938568724235987,14.032302672762592,2.5331337397773925,3.9676325729938617
1244.7659687958394,13.939944891541103,13.939944891541103,13.937761098640332,14.049240995623041,3.0331337397773925,4.166877036664304
1244.9659954660622,13.947125372888273,13.947125372888273,13.94753139686075,14.069823621354494,3.5331337397773925,4.666877036664304
1245.1660221362847,13.954286631768447,13.954286631768447,13.963472184464118,14.083572069638967,4.0331337397773925,4.166877036664304
1245.3660488065075,13.961428597484053,13.961428597484053,13.988594943283207,14.093169821978387,4.5331337397773925,3.666877036664304
1245.5660754767302,13.968551199527965,13.968551199527965,14.005363876786319,14.094398998100054,4.0331337397773925,3.166877036664304
1245.7661021469528,13.975654367584228,13.975654367584228,14.029302274119935,14.100160170596926,4.5331337397773925,3.666877036664304
1245.9661288171756,13.982738031528742,13.982738031528742,14.061147453260405,14.102512050791821,5.0331337397773925,3.2847162425264234
1246.1661554873983,13.989802121429955,13.989802121429955,14.088679276687756,14.114521484966446,4.5331337397773925,3.7847162425264234
1246.3661821576209,13.996846567549548,13.996846567549548,14.105487365342215,14.114636445704122,4.0331337397773925,3.2847162425264234
1246.5662088278436,14.003871300343157,14.003871300343157,14.11296428256526,14.122921025368019,3.5331337397773925,3.344705617300482
1246.7662354980664,14.010876250461001,14.010876250461001,14.118460284448236,14.121533659896896,3.1801356841369044,2.844705617300482
1246.966262168289,14.017861348748607,14.017861348748607,14.126499384623799,14.122936239107826,3.6709293688748104,3.344705617300482
1247.1662888385117,14.024826526247498,14.024826526247498,14.131152659322273,14.13331056878891,3.1709293688748104,3.844705617300482
1247.3663155087345,14.031771714195843,14.031771714195843,14.12128386638097,14.136619479925645,2.6709293688748104,3.344705617300482
1247.566342178957,14.038696844029152,14.038696844029152,14.12576857978956,14.141251011280092,3.1709293688748104,3.3815211150409623
1247.7663688491798,14.045601847380974,14.045601847380974,14.142030588457034,14.15614450074098,3.6709293688748104,3.8815211150409623
1247.9663955194026,14.052486656083529,14.052486656083529,14.164247144044404,14.163138047491692,4.170929368874811,3.3815211150409623
1248.1664221896253,14.059351202168411,14.059351202168411,14.176151139662297,14.161300789496893,3.670929368874811,2.8815211150409623
1248.3664488598479,14.066195417867242,14.066195417867242,14.195005197427264,14.165702018183783,4.170929368874811,3.3815211150409623
1248.5664755300706,14.073019235612378,14.073019235612378,14.207279403421696,14.173417195791552,3.765973567655973,3.8815211150409623
1248.7665022002934,14.079822588037517,14.079822588037517,14.21701900657103,14.179257834624705,3.265973567655973,3.6467881599992378
1248.966528870516,14.086605407978405,14.086605407978405,14.227495092866809,14.192777878019452,3.765973567655973,4.146788159999238
1249.1665555407387,14.093367628473507,14.093367628473507,14.23317093522612,14.20375527645498,3.265973567655973,3.6467881599992378
1249.3665822109615,14.100109182764625,14.100109182764625,14.243023999110775,14.217845846049434,3.765973567655973,4.146788159999238
1249.566608881184,14.106830004297587,14.106830004297587,14.250867521637232,14.223817136137342,3.265973567655973,3.6467881599992378
1249.7666355514068,14.113530026722923,14.113530026722923,14.26494747594593,14.224762226624774,3.765973567655973,3.1594017356833803
1249.9666622216296,14.120209183896469,14.120209183896469,14.270520333257096,14.224137182172619,3.265973567655973,2.6594017356833803
1250.1666888918521,14.126867409880052,14.126867409880052,14.280623469431866,14.227999296509891,3.765973567655973,3.1594017356833803
1250.366715562075,14.133504638942158,14.133504638942158,14.283911826028518,14.224016180528471,3.265973567655973,2.6594017356833803
1250.5667422322977,14.140120805558533,14.140120805558533,14.296462098147252,14.220753864541395,3.765973567655973,2.864577495218911
1250.7667689025202,14.146715844412864,14.146715844412864,14.310700754432087,14.22089684367882,4.177453586745655,3.364577495218911
1250.966795572743,14.15328969039743,14.15328969039743,14.32003908344457,14.23205993361637,3.6774535867456546,3.864577495218911
1251.1668222429657,14.159842278613716,14.159842278613716,14.320533522557222,14.246884191133885,3.1774535867456546,4.364577495218911
1251.3668489131883,14.166373544373062,14.166373544373062,14.319728252941548,14.264714112356696,2.6774535867456546,4.628073255830076
1251.566875583411,14.172883423197336,14.172883423197336,14.323762407909062,14.278694869761122,3.1774535867456546,4.189474914753567
1251.7669022536338,14.179371850819525,14.179371850819525,14.315583075089398,14.287149101603745,2.6774535867456546,3.689474914753567
1251.9669289238564,14.185838763184364,14.185838763184364,14.298785996467641,14.288205198093578,2.1774535867456546,3.189474914753567
1252.1669555940791,14.192284096449036,14.192284096449036,14.280263625703576,14.284384235140404,1.9868654276681554,2.689474914753567
1252.366982264302,14.198707786983736,14.198707786983736,14.272245184114189,14.284127939861655,2.4868654276681554,3.189474914753567
1252.5670089345244,14.205109771372308,14.205109771372308,14.268286354417759,14.293742818734307,2.9868654276681554,3.689474914753567
1252.7670356047472,14.211489986412914,14.211489986412914,14.27995580810015,14.293681474117172,3.4868654276681554,3.189474914753567
1252.96706227497,14.217848369118608,14.217848369118608,14.279783739276732,14.301383032627472,3.2316306237634853,3.689474914753567
1253.1670889451927,14.22418485671798,14.22418485671798,14.28836604672914,14.30974908983175,3.7316306237634853,3.9300014078302086
1253.3671156154153,14.230499386655765,14.230499386655765,14.290072194423932,14.32680159241552,3.2316306237634853,4.320283670895964
1253.567142285638,14.236791896593497,14.236791896593497,14.302106772831097,14.3335813565985,3.7316306237634853,3.8641371171230396
1253.7671689558608,14.24306232441007,14.24306232441007,14.307147138901872,14.334755910641643,3.360781602108011,3.3641371171230396
1253.9671956260834,14.249310608202382,14.249310608202382,14.303172692116895,14.340485614497371,2.860781602108011,3.8641371171230396
1254.1672222963061,14.255536686285959,14.255536686285959,14.308017892751643,14.346941616717777,3.360781602108011,3.3641371171230396
1254.367248966529,14.261740497195525,14.261740497195525,14.304446307819031,14.358378152832486,2.860781602108011,3.8641371171230396
1254.5672756367514,14.267921979685637,14.267921979685637,14.306480774018228,14.359380571367904,3.152821267211941,3.3641371171230396
1254.7673023069742,14.274081072731297,14.274081072731297,14.301859423556397,14.360933027675157,2.652821267211941,3.168437234319182
1254.967328977197,14.280217715528524,14.280217715528524,14.285697755062625,14.362279371583945,2.152821267211941,3.1629330430028517
1255.1673556474195,14.28633184749497,14.28633184749497,14.278914549974541,14.36756789094512,2.652821267211941,3.395607118570123
1255.3673823176423,14.29242340827054,14.29242340827054,14.28129710402339,14.366301454730023,3.152821267211941,2.895607118570123
1255.567408987865,14.298492337717946,14.298492337717946,14.29462011477223,14.357704611899319,3.652821267211941,2.395607118570123
1255.7674356580876,14.304538575923319,14.304538575923319,14.297780985528204,14.344371661658254,3.4136437111034796,1.895607118570123
1255.9674623283104,14.31056206319683,14.31056206319683,14.299363247761885,14.33385772771154,2.9136437111034796,2.395607118570123
1256.1674889985331,14.316562740073227,14.316562740073227,14.305883341000802,14.318289723253983,3.4136437111034796,1.895607118570123
1256.3675156687557,14.32254054731245,14.32254054731245,14.317640830448994,14.30932457439538,3.9136437111034796,2.395607118570123
1256.5675423389785,14.328495425900229,14.328495425900229,14.325508568539401,14.305420868586557,3.4136437111034796,2.895607118570123
1256.7675690092012,14.334427317048636,14.334427317048636,14.336266143919403,14.306728152157916,3.9136437111034796,3.015253057135407
1256.9675956794238,14.340336162196678,14.340336162196678,14.361524573250712,14.295723450369323,4.41364371110348,2.515253057135407
1257.1676223496465,14.346221903010898,14.346221903010898,14.395739954906391,14.292719534752596,4.91364371110348,3.015253057135407
1257.3676490198693,14.35208448138591,14.35208448138591,14.421798703534193,14.296468737488128,4.41364371110348,3.515253057135407
1257.5676756900918,14.357923839445,14.357923839445,14.432347334001555,14.30769885762992,3.9136437111034796,4.015253057135407
1257.7677023603146,14.363739919540688,14.363739919540688,14.436285742529034,14.329291627127322,3.4136437111034796,4.515253057135407
1257.9677290305374,14.369532664255303,14.369532664255303,14.446996818823642,14.344605503164063,3.9136437111034796,4.015253057135407
1258.1677557007602,14.375302016401543,14.375302016401543,14.454875241072456,14.35662605625593,3.4136437111034796,3.9038907773967964
1258.3677823709827,14.381047919023038,14.381047919023038,14.457892311844045,14.373430529825864,3.2851272068257997,4.403890777396796
1258.5678090412055,14.386770315394937,14.386770315394937,14.469516596987255,14.391957534525114,3.7851272068257997,4.416584982502385
1258.7678357114282,14.392469149024427,14.392469149024427,14.472236101160377,14.414888237280746,3.2851272068257997,4.916584982502385
1258.9678623816508,14.398144363651314,14.398144363651314,14.46764259263952,14.442780670734011,2.7851272068257997,5.416584982502385
1259.1678890518735,14.403795903248591,14.403795903248591,14.472962949004508,14.461376313683706,3.2851272068257997,4.916584982502385
1259.3679157220963,14.409423712022964,14.409423712022964,14.46619107994818,14.479554714846708,2.7851272068257997,4.416584982502385
1259.5679423923189,14.415027734415409,14.415027734415409,14.467566589522475,14.489613231473621,3.2851272068257997,3.9165849825023846
1259.7679690625416,14.420607915101748,14.420607915101748,14.462570153129167,14.496291071104949,2.7851272068257997,3.4165849825023846
1259.9679957327644,14.426164198993156,14.426164198993156,14.469600327499217,14.495912216859626,3.2851272068257997,2.9165849825023846
1260.168022402987,14.431696531236721,14.431696531236721,14.462851862397253,14.502345080193445,2.7851272068257997,3.4165849825023846
1260.3680490732097,14.437204857216006,14.437204857216006,14.457285788733424,14.500478425885047,2.9833797778837265,2.9165849825023846
1260.5680757434325,14.44268912255155,14.44268912255155,14.46137857520345,14.50290487791292,3.4833797778837265,3.4165849825023846
1260.768102413655,14.448149273101428,14.448149273101428,14.462286981381341,14.509249192739864,2.9833797778837265,3.9165849825023846
1260.9681290838778,14.453585254961794,14.453585254961794,14.468449452680781,14.51887527579606,3.4833797778837265,3.9866372553664857
1261.1681557541006,14.45899701446739,14.45899701446739,14.478563746266456,14.53422857614726,3.9833797778837265,4.486637255366485
1261.368182424323,14.464384498192077,14.464384498192077,14.497162371407596,14.552899441366952,4.4833797778837265,4.58034709927749
1261.5682090945459,14.469747652949398,14.469747652949398,14.513383671077206,14.569704364775356,3.9833797778837265,4.08034709927749
1261.7682357647686,14.475086425793059,14.475086425793059,14.535949756486403,14.575209071379128,4.4833797778837265,3.58034709927749
1261.9682624349912,14.480400764017464,14.480400764017464,14.56784557616702,14.5799156755425,4.86373174644515,3.691097053177323
1262.168289105214,14.485690615158266,14.485690615158266,14.604905176482669,14.58119508150783,5.3479472284730845,3.191097053177323
1262.3683157754367,14.490955926992834,14.490955926992834,14.632570340716317,14.586268033639918,4.8479472284730845,3.691097053177323
1262.5683424456593,14.496196647540804,14.496196647540804,14.65744591924894,14.599638167887022,4.3479472284730845,4.191097053177323
1262.768369115882,14.501412725064595,14.501412725064595,14.671709572322607,14.608173342138087,3.8479472284730845,3.691097053177323
1262.9683957861048,14.50660410806989,14.50660410806989,14.677384057556681,14.608130986958427,3.3479472284730845,3.191097053177323
1263.1684224563276,14.511770745306169,14.511770745306169,14.673614755702145,14.604528873683584,2.8479472284730845,2.691097053177323
1263.36844912655,14.516912585767201,14.516912585767201,14.665575128149994,14.591141319870722,2.563166300967929,2.191097053177323
1263.5684757967729,14.52202957869158,14.52202957869158,14.648675912881,14.573153403847419,2.063166300967929,1.827789720148317
1263.7685024669956,14.527121673563162,14.527121673563162,14.637223035798932,14.563893111736295,2.563166300967929,2.327789720148317
1263.9685291372182,14.532188820111624,14.532188820111624,14.63553845784184,14.559850057925555,3.063166300967929,2.827789720148317
1264.168555807441,14.537230968312949,14.537230968312949,14.632673679779609,14.558816529708974,2.563166300967929,3.0019769277962283
1264.3685824776637,14.542248068389888,14.542248068389888,14.631054416401405,14.564387520082311,3.063166300967929,3.5019769277962283
1264.5686091478863,14.547240070812478,14.547240070812478,14.619720118412037,14.572054697174144,2.563166300967929,3.8510145518674843
1264.768635818109,14.552206926298538,14.552206926298538,14.61176355207317,14.578087244628765,2.3653317524353117,3.3510145518674843
1264.9686624883318,14.557148585814133,14.557148585814133,14.605928474130556,14.58178335860318,2.8653317524353117,3.263882950423052
1265.1686891585543,14.56206500057406,14.56206500057406,14.612800276724217,14.587812515813852,3.343435170416585,3.763882950423052
1265.368715828777,14.566956122042365,14.566956122042365,14.608889215237609,14.588026036829183,2.8434351704165843,3.263882950423052
1265.5687424989999,14.571821901932768,14.571821901932768,14.599246064753583,14.598554452902302,2.6671944889888235,3.763882950423052
1265.7687691692224,14.576662292209173,14.576662292209173,14.579496945913313,14.598841366229998,2.1671944889888235,3.5083738324011167
1265.9687958394452,14.581477245086152,14.581477245086152,14.56746540096886,14.597676750380217,2.6671944889888235,3.1800733616908667
1266.168822509668,14.586266713029381,14.586266713029381,14.56798450800353,14.604810195525202,3.1671944889888235,3.6800733616908667
1266.3688491798905,14.591030648756135,14.591030648756135,14.576596546239822,14.603543059135346,3.6671944889888235,3.1800733616908667
1266.5688758501133,14.595769005235761,14.595769005235761,14.584947007337357,14.615906873470008,3.582707755968773,3.6800733616908667
1266.768902520336,14.600481735690114,14.600481735690114,14.600699547154528,14.61714520726627,4.082707755968773,3.1800733616908667
1266.9689291905586,14.605168793594034,14.605168793594034,14.622136473751446,14.624688101367592,4.582707755968773,3.6800733616908667
1267.1689558607814,14.609830132675828,14.609830132675828,14.644659043827277,14.639034126421947,4.573086031091135,4.180073361690867
1267.3689825310041,14.614465706917683,14.614465706917683,14.678666323388416,14.647309071556155,5.073086031091135,3.6800733616908667
1267.569009201227,14.61907547055615,14.61907547055615,14.7051388085152,14.645461320941818,4.573086031091135,3.1800733616908667
1267.7690358714494,14.623659378082582,14.623659378082582,14.742413856337212,14.653667143757076,5.073086031091135,3.6800733616908667
1267.9690625416722,14.628217384243609,14.628217384243609,14.76311136713669,14.668038528155634,4.573086031091135,4.180073361690867
1268.169089211895,14.632749444041542,14.632749444041542,14.77978599585934,14.684437116765006,4.073086031091135,4.680073361690867
1268.3691158821175,14.63725551273485,14.63725551273485,14.79076722321014,14.69644965789323,3.573086031091135,4.180073361690867
1268.5691425523403,14.641735545838598,14.641735545838598,14.7881538541547,14.715749057765183,3.073086031091135,4.680073361690867
1268.769169222563,14.646189499124873,14.646189499124873,14.786419674877664,14.730993696803905,2.7852843797252502,4.327839710408365
1268.9691958927856,14.650617328623223,14.650617328623223,14.77360242976408,14.73572640295893,2.2852843797252502,3.827839710408365
1269.1692225630084,14.655018990621114,14.655018990621114,14.750955192379624,14.744088336832245,1.7852843797252502,3.814494198875196
1269.3692492332311,14.659394441664325,14.659394441664325,14.738126453714454,14.75062062613083,2.2852843797252502,3.6276642745106504
1269.5692759034537,14.663743638557403,14.663743638557403,14.731277202511718,14.75305329647751,2.7852843797252502,3.1276642745106504
1269.7693025736764,14.668066538364084,14.668066538364084,14.720028765773488,14.746754351463352,2.2852843797252502,2.6276642745106504
1269.9693292438992,14.672363098407708,14.672363098407708,14.709602453058162,14.746526232609776,2.713647797943018,3.1276642745106504
1270.1693559141218,14.676633276271652,14.676633276271652,14.709167720389713,14.741122786943297,3.213647797943018,2.6276642745106504
1270.3693825843445,14.680877029799749,14.680877029799749,14.708182900740498,14.736990200226243,3.2189094900253163,3.064713883263179
1270.5694092545673,14.68509431709669,14.68509431709669,14.721444708131388,14.74189451016324,3.7189094900253163,3.564713883263179
1270.7694359247898,14.689285096528446,14.689285096528446,14.721090271364131,14.751935118991236,3.2189094900253163,4.064713883263179
1270.9694625950126,14.693449326722694,14.693449326722694,14.731994160779557,14.754871088102208,3.7189094900253163,3.5647138832631793
1271.1694892652354,14.697586966569196,14.697586966569196,14.745127659464888,14.752828415550146,3.910931580447935,3.0647138832631793
1271.369515935458,14.70169797522022,14.70169797522022,14.75075269349358,14.756695781741772,3.456829262728751,3.5647138832631793
1271.5695426056807,14.705782312090959,14.705782312090959,14.74954175994477,14.770588419699635,3.2124140224868656,4.064713883263179
1271.7695692759035,14.709839936859899,14.709839936859899,14.738211135891966,14.777265186450128,2.7124140224868656,3.5647138832631793
1271.969595946126,14.713870809469237,14.713870809469237,14.721863777216114,14.784852108891377,2.2124140224868656,3.8058757681445217
1272.1696226163488,14.717874890125284,14.717874890125284,14.692684935651469,14.788822018075606,1.7124140224868656,3.3058757681445217
1272.3696492865715,14.721852139298838,14.721852139298838,14.67690273169514,14.784311891809354,2.2124140224868656,2.8830835344259427
1272.5696759567943,14.725802517725583,14.725802517725583,14.670055544074733,14.786510670805383,2.7124140224868656,3.3830835344259427
1272.7697026270168,14.729725986406478,14.729725986406478,14.671690195279167,14.795251172252291,3.2124140224868656,3.8830835344259427
1272.9697292972396,14.733622506608151,14.733622506608151,14.678680199892511,14.798149342431174,3.7124140224868656,3.3830835344259427
1273.1697559674624,14.737492039863259,14.737492039863259,14.697579795089418,14.793611872501353,4.212414022486866,2.8830835344259427
1273.369782637685,14.741334547970878,14.741334547970878,14.726798591138353,14.784705289208885,4.712414022486866,2.3830835344259427
1273.5698093079077,14.7451499929969,14.7451499929969,14.741990757364697,14.78063186011897,4.212414022486866,2.8830835344259427
1273.7698359781305,14.748938337274375,14.748938337274375,14.753629380449578,14.780509762779916,3.7124140224868656,3.3830835344259427
1273.969862648353,14.752699543403896,14.752699543403896,14.769947332390066,14.774722895247338,4.212414022486866,2.8830835344259427
1274.1698893185758,14.756433574253986,14.756433574253986,14.79103067998571,14.77865566055947,4.53189133515474,3.3830835344259427
1274.3699159887985,14.760140392961434,14.760140392961434,14.821586705222296,14.781189683814107,5.03189133515474,3.4868706524786663
1274.569942659021,14.763819962931674,14.763819962931674,14.850129255969787,14.781269607453588,4.53189133515474,2.9868706524786663
1274.7699693292438,14.767472247839157,14.767472247839157,14.863204600326592,14.78519595853064,4.03189133515474,3.4868706524786663
1274.9699959994666,14.771097211627687,14.771097211627687,14.876472512695562,14.793930873101182,4.031261255061345,3.9868706524786663
1275.1700226696892,14.77469481851079,14.77469481851079,14.88333723718278,14.811122594461342,3.531261255061345,4.486870652478666
1275.370049339912,14.778265032972074,14.778265032972074,14.88424391079298,14.821990573881381,3.031261255061345,3.9868706524786663
1275.5700760101347,14.781807819765568,14.781807819765568,14.874520569992521,14.825171871897044,2.531261255061345,3.4868706524786663
1275.7701026803572,14.785323143916056,14.785323143916056,14.854711816929534,14.837253376826668,2.031261255061345,3.9868706524786663
1275.97012935058,14.788810970719467,14.788810970719467,14.82535311407879,14.84032610571983,1.5312612550613451,3.4868706524786663
1276.1701560208028,14.792271265743173,14.792271265743173,14.811484974952005,14.839651482339516,2.031261255061345,2.9868706524786663
1276.3701826910253,14.795703994826347,14.795703994826347,14.795431485493792,14.827877306165426,2.531261255061345,2.4868706524786663
1276.570209361248,14.799109124080308,14.799109124080308,14.787830096382777,14.825673074366499,3.031261255061345,2.9868706524786663
1276.7702360314709,14.80248661988884,14.80248661988884,14.79402047398095,14.829244756535191,3.531261255061345,3.4868706524786663
1276.9702627016934,14.805836448908527,14.805836448908527,14.809360931972188,14.826624268178904,4.031261255061345,3.0777850982637203
1277.1702893719162,14.809158578069098,14.809158578069098,14.830107065303396,14.819983507280398,4.531261255061345,2.5777850982637203
1277.370316042139,14.812452974573732,14.812452974573732,14.84503408792275,14.806212699009423,4.031261255061345,2.0777850982637203
1277.5703427123617,14.815719605899393,14.815719605899393,14.848850882095013,14.797424694119176,3.531261255061345,2.5777850982637203
1277.7703693825842,14.818958439797143,14.818958439797143,14.860097423522403,14.7954966871961,4.031261255061345,3.0777850982637203
1277.970396052807,14.82216944429248,14.82216944429248,14.88141395300961,14.800675377556205,4.531261255061345,3.5777850982637203
1278.1704227230298,14.825352587685636,14.825352587685636,14.900021343604463,14.803479884315776,4.031261255061345,3.0777850982637203
1278.3704493932523,14.828507838551882,14.828507838551882,14.904988315363232,14.795769962628992,3.531261255061345,2.7718719895833566
1278.570476063475,14.831635165741869,14.831635165741869,14.917283816810153,14.798555790179536,3.817743846069612,3.2718719895833566
1278.7705027336979,14.834734538381905,14.834734538381905,14.920731156786488,14.795238959877103,3.317743846069612,2.7718719895833566
1278.9705294039204,14.837805925874267,14.837805925874267,14.91390398504935,14.797601722109862,2.817743846069612,3.2718719895833566
1279.1705560741432,14.84084929789753,14.84084929789753,14.903168600020798,14.806615153151776,2.647134228115612,3.7718719895833566
1279.370582744366,14.843864624406816,14.843864624406816,14.89707333206625,14.821119826591154,2.8363913184950476,4.271871989583357
1279.5706094145885,14.846851875634137,14.846851875634137,14.899642493309864,14.828593423517272,3.3363913184950476,3.7718719895833566
1279.7706360848113,14.849811022088668,14.849811022088668,14.892847146386732,14.842275420732602,2.8363913184950476,4.271871989583357
1279.970662755034,14.852742034557036,14.852742034557036,14.876875042148031,14.862042575990454,2.3363913184950476,4.736394872187714
1280.1706894252566,14.855644884103612,14.855644884103612,14.871065350739777,14.8753060309362,2.8363913184950476,4.236394872187714
1280.3707160954793,14.858519542070809,14.858519542070809,14.871821893640588,14.897337814180927,3.2749790297236365,4.736394872187714
1280.570742765702,14.861365980079343,14.861365980079343,14.86469127937367,14.912260687311854,2.7749790297236365,4.236394872187714
1280.7707694359246,14.864184170028523,14.864184170028523,14.868459590177173,14.925930823582645,3.2749790297236365,4.327484102552894
1280.9707961061474,14.86697408409654,14.86697408409654,14.876004507620006,14.932473842361293,3.7749790297236365,3.8274841025528943
1281.1708227763702,14.86973569474072,14.86973569474072,14.885348921780377,14.932606600922282,3.80564929987397,3.3274841025528943
1281.3708494465927,14.87246897469781,14.87246897469781,14.886187257614843,14.93010140821406,3.30564929987397,2.8274841025528943
1281.5708761168155,14.875173896984252,14.875173896984252,14.879487612604294,14.929037572692172,2.80564929987397,3.3274841025528943
1281.7709027870383,14.877850434896429,14.877850434896429,14.8686589151751,14.922552284921101,2.30564929987397,2.8274841025528943
1281.9709294572608,14.880498562010942,14.880498562010942,14.865250555647986,14.914486448242457,2.80564929987397,2.3274841025528943
1282.1709561274836,14.883118252184884,14.883118252184884,14.872574059933811,14.908372986572909,3.30564929987397,2.6538316980944763
1282.3709827977063,14.88570947955607,14.88570947955607,14.866488429952417,14.894218260634883,2.80564929987397,2.1538316980944763
1282.5710094679291,14.888272218543312,14.888272218543312,14.866321505457279,14.885450890009695,3.30564929987397,2.6538316980944763
1282.7710361381517,14.89080644384666,14.89080644384666,14.867082239889221,14.88892474070182,3.401524471005902,3.1538316980944763
1282.9710628083744,14.893312130447669,14.893312130447669,14.880495782670163,14.893906572649723,3.901524471005902,3.6538316980944763
1283.1710894785972,14.895789253609625,14.895789253609625,14.905268111884217,14.907156887593292,4.401524471005902,4.153831698094477
1283.3711161488197,14.898237788877799,14.898237788877799,14.912284013793139,14.915606119093582,3.901524471005902,3.6538316980944767
1283.5711428190425,14.900657712079695,14.900657712079695,14.916370997665194,14.928344995814976,3.401524471005902,4.153831698094477
1283.7711694892653,14.903048999325277,14.903048999325277,14.924907411514887,14.934537994610796,3.901524471005902,3.6538316980944767
1283.9711961594878,14.905411627007206,14.905411627007206,14.94206226293013,14.940773693155025,4.120086342509161,4.153831698094477
1284.1712228297106,14.907745571801087,14.907745571801087,14.950580148790323,14.94562845949778,3.620086342509161,3.6538316980944767
1284.3712494999334,14.910050810665682,14.910050810665682,14.949352068584542,14.94285501507524,3.120086342509161,3.1538316980944767
1284.571276170156,14.912327320843142,14.912327320843142,14.956734394715742,14.94323844058389,3.620086342509161,3.433160665331386
1284.7713028403787,14.914575079859242,14.914575079859242,14.96432049280994,14.951941119554427,3.5927281259639745,3.8094225388929535
1284.9713295106014,14.91679406552359,14.91679406552359,14.962763490811563,14.964328742882334,3.0927281259639745,4.309422538892953
1285.171356180824,14.91898425592985,14.91898425592985,14.967832545684923,14.974677083117506,3.5927281259639745,3.809422538892953
1285.3713828510467,14.921145629455964,14.921145629455964,14.9645434648348,14.97898595973743,3.0927281259639745,3.5067034594538833
1285.5714095212695,14.923278164764357,14.923278164764357,14.955077574595089,14.9764935934236,2.5927281259639745,3.0067034594538833
1285.771436191492,14.92538184080215,14.92538184080215,14.95502680891028,14.978418566188733,3.0927281259639745,3.5067034594538833
1285.9714628617148,14.927456636801377,14.927456636801377,14.966591289679778,14.981198293966052,3.5927281259639745,3.0849815596891528
1286.1714895319376,14.929502532279177,14.929502532279177,14.969125424155314,14.97272589329433,3.7345779982134917,2.5849815596891528
1286.3715162021601,14.931519507037997,14.931519507037997,14.968133961268983,14.972619047546617,3.2345779982134917,3.0849815596891528
1286.571542872383,14.933507541165806,14.933507541165806,14.96885094056568,14.97288588956011,3.4555949108302624,3.2714474544611187
1286.7715695426057,14.935466615036276,14.935466615036276,14.961212118407337,14.969240925391347,3.03807013864458,3.0267927767185596
1286.9715962128282,14.937396709308976,14.937396709308976,14.95074253159172,14.976258954242327,2.53807013864458,3.5267927767185596
1287.171622883051,14.93929780492958,14.93929780492958,14.94662837137281,14.98532777966798,3.03807013864458,4.02679277671856
1287.3716495532738,14.941169883130037,14.941169883130037,14.94836369738156,15.001619518007255,3.4097250561113146,4.424145385756844
1287.5716762234965,14.943012925428764,14.943012925428764,14.954920308974359,15.023267167020085,3.4209991296243403,4.924145385756844
1287.771702893719,14.944826913630816,14.944826913630816,14.953382604368548,15.04708288425499,2.9209991296243403,5.168061673777052
1287.9717295639418,14.946611829828099,14.946611829828099,14.944213475328382,15.064645082910232,2.4209991296243403,4.668061673777052
1288.1717562341646,14.948367656399505,14.948367656399505,14.926394157444212,15.076971996988236,1.9209991296243403,4.168061673777052
1288.3717829043871,14.950094376011114,14.950094376011114,14.918384659909286,15.081853069075791,2.4209991296243403,3.6680616737770517
1288.57180957461,14.951791971616355,14.951791971616355,14.912030244398089,15.082505532828813,2.9209991296243403,3.1680616737770517
1288.7718362448327,14.953460426456179,14.953460426456179,14.899102376008914,15.073640945514367,2.4209991296243403,2.6680616737770517
1288.9718629150552,14.955099724059213,14.955099724059213,14.895745486217175,15.06291987698534,2.9209991296243403,2.337638594731063
1289.171889585278,14.95670984824194,14.95670984824194,14.898657101667673,15.050963085724113,3.4209991296243403,2.2409648984628947
1289.3719162555008,14.958290783108845,14.958290783108845,14.911243745122324,15.04906904384743,3.9209991296243403,2.7409648984628947
1289.5719429257233,14.959842513052577,14.959842513052577,14.919233011996049,15.038373092172337,3.9364192844172488,2.2409648984628947
1289.771969595946,14.961365022754102,14.961365022754102,14.921616131032918,15.0216626867735,3.4364192844172488,2.000854265818447
1289.9719962661688,14.962858297182859,14.962858297182859,14.929252899918254,15.000775306882064,3.9364192844172488,1.5008542658184472
1290.1720229363914,14.964322321596898,14.964322321596898,14.93097283641453,14.976125257835772,3.4364192844172488,1.0008542658184472
1290.3720496066142,14.965757081543037,14.965757081543037,14.938129676586865,14.95542741623554,3.9364192844172488,1.5008542658184472
1290.572076276837,14.967162562856998,14.967162562856998,14.959555684877014,14.943486846804815,4.436419284417249,2.000854265818447
1290.7721029470595,14.968538751663548,14.968538751663548,14.968544450019033,14.935529160274104,3.9364192844172488,2.500854265818447
1290.9721296172822,14.969885634376634,14.969885634376634,14.9879309364423,14.932612493797164,4.436419284417249,3.000854265818447
1291.172156287505,14.971203197699527,14.971203197699527,14.996193566700509,14.936636973270817,4.087785201264637,3.500854265818447
1291.3721829577275,14.972491428624934,14.972491428624934,15.018849734639073,14.936996033350876,4.587785201264637,3.1555822700309784
1291.5722096279503,14.973750314435149,14.973750314435149,15.030863644739332,14.94509565105062,4.087785201264637,3.6555822700309784
1291.772236298173,14.974979842702162,14.974979842702162,15.034182315831169,14.954692766728177,3.587785201264637,3.9315194742118993
1291.9722629683956,14.976180001287789,14.976180001287789,15.049164065482058,14.957794255980357,4.087785201264637,3.4315194742118993
1292.1722896386184,14.97735077834379,14.97735077834379,15.05676667094268,14.963416020057837,3.587785201264637,3.9315194742118993
1292.3723163088412,14.978492162311987,14.978492162311987,15.055847957552707,14.977390071867564,3.087785201264637,4.4315194742119
1292.572342979064,14.979604141924376,14.979604141924376,15.043856241493653,14.989159089684529,2.587785201264637,4.220551787697421
1292.7723696492865,14.980686706203237,14.980686706203237,15.024641746550401,14.993292727917439,2.4761127296816836,3.7205517876974206
1292.9723963195092,14.981739844461252,14.981739844461252,15.018364811340213,14.995457062798163,2.9761127296816836,3.2205517876974206
1293.172422989732,14.982763546301598,14.982763546301598,15.00631559811907,14.989087412140194,2.4761127296816836,2.7205517876974206
1293.3724496599546,14.983757801618054,14.983757801618054,14.985182154421464,14.977070106747973,1.9761127296816836,2.2205517876974206
1293.5724763301773,14.98472260059511,14.98472260059511,14.972617700955363,14.960135829504338,2.4761127296816836,1.7205517876974206
1293.7725030004,14.985657933708042,14.985657933708042,14.967648281611217,14.95015510601491,2.9761127296816836,2.2205517876974206
1293.9725296706226,14.986563791723032,14.986563791723032,14.951131644058417,14.944086344653638,2.4761127296816836,2.7205517876974206
1294.1725563408454,14.987440165697244,14.987440165697244,14.945946547674154,14.94022365712885,2.9761127296816836,2.7951928935935415
1294.3725830110682,14.988287046978911,14.988287046978911,14.949102020589955,14.943269393582733,3.4761127296816836,3.2951928935935415
1294.5726096812907,14.989104427207426,14.989104427207426,14.960897657465647,14.951025663712535,3.9761127296816836,3.7923732957926455
1294.7726363515135,14.989892298313428,14.989892298313428,14.9670953511658,14.962124711230178,3.4761127296816836,4.259206681549123
1294.9726630217363,14.990650652518873,14.990650652518873,14.963192788269247,14.980652681658768,2.9761127296816836,4.759206681549123
1295.1726896919588,14.991379482337113,14.991379482337113,14.967239679083189,14.99303156138992,3.4761127296816836,4.259206681549123
1295.3727163621816,14.992078780572973,14.992078780572973,14.980850125607267,14.999379980553925,3.9761127296816836,3.7592066815491227
1295.5727430324043,14.992748540322822,14.992748540322822,14.981380557947732,15.009219239591292,3.4761127296816836,4.259206681549123
1295.7727697026269,14.993388754974639,14.993388754974639,14.993937543741827,15.016375762708568,3.9761127296816836,3.7592066815491227
1295.9727963728496,14.993999418208077,14.993999418208077,15.006406432672291,15.029769038984773,4.0479588957172785,4.259206681549123
1296.1728230430724,14.99458052399453,14.99458052399453,15.010010686364737,15.036232090015792,3.5479588957172785,3.7592066815491227
1296.372849713295,14.99513206659719,14.99513206659719,15.002515806629743,15.034727749703407,3.0479588957172785,3.2592066815491227
1296.5728763835177,14.9956540405711,14.9956540405711,15.00438958987994,15.03048350812958,3.5479588957172785,2.7592066815491227
1296.7729030537405,14.996146440763214,14.996146440763214,15.002540929655753,15.022004978472939,3.0479588957172785,2.2592066815491227
1296.972929723963,14.996609262312445,14.996609262312445,15.004787129548045,15.002980257028717,3.5479588957172785,1.7592066815491227
1297.1729563941858,14.997042500649714,14.997042500649714,15.002116735973358,14.994254532503888,3.204482277513095,2.2592066815491227
1297.3729830644086,14.997446151497991,14.997446151497991,14.993066692414173,14.974289453188932,2.704482277513095,1.7592066815491227
1297.5730097346313,14.997820210872344,14.997820210872344,14.986662830335758,14.964794357967842,3.204482277513095,2.2592066815491227
1297.7730364048539,14.998164675079973,14.998164675079973,14.979376982181892,14.959187045282562,2.704482277513095,2.7592066815491227
1297.9730630750767,14.998479540720249,14.998479540720249,14.959796954864451,14.958163476286407,2.204482277513095,3.2592066815491227
1298.1730897452994,14.998764804684743,14.998764804684743,14.933033637459847,14.966674966608268,1.7044822775130948,3.7592066815491227
1298.373116415522,14.999020464157269,14.999020464157269,14.91477737608297,14.977772579114317,2.204482277513095,4.0268203337037445
1298.5731430857447,14.999246516613896,14.999246516613896,14.906355274948071,14.988260513211182,2.704482277513095,3.9504924820713763
1298.7731697559675,14.999442959822982,14.999442959822982,14.901936595756233,14.990152749364784,3.204482277513095,3.4504924820713763
1298.97319642619,14.999609791845195,14.999609791845195,14.90109219967952,14.989110688623741,3.1652172829192,2.9504924820713763
1299.1732230964128,14.99974701103353,14.99974701103353,14.907142204642318,14.978974076753198,3.6652172829192,2.4504924820713763
1299.3732497666356,14.999854616033332,14.999854616033332,14.911710425456214,14.97940451585165,3.6595099572658945,2.9504924820713763
1299.5732764368581,14.999932605782295,14.999932605782295,14.926093498184114,14.98373824783268,4.159509957265895,3.4504924820713763
1299.773303107081,14.999980979510488,14.999980979510488,14.933779000401168,14.99483120035171,3.659509957265895,3.9504924820713763
1299.9733297773037,14.999999736740355,14.999999736740355,14.930964269699162,15.001469071103744,3.159509957265895,3.7226230313990847
1300.1733564475262,14.99998887728672,14.99998887728672,14.935570187989388,15.008449232016288,3.659509957265895,3.8470367976618287
1300.373383117749,14.999948401256791,14.999948401256791,14.955897488425418,15.011871820323314,4.091835060765416,3.3470367976618287
1300.5734097879717,14.999878309050153,14.999878309050153,14.980269401397877,15.007699957463513,4.591835060765416,2.8470367976618287
1300.7734364581943,14.999778601358777,14.999778601358777,14.99186479826999,14.99907150294572,4.091835060765416,2.5776396256949274
1300.973463128417,14.999649279166999,14.999649279166999,15.011516174576094,14.997200307375417,4.591835060765416,2.9779520648498754
1301.1734897986398,14.999490343751514,14.999490343751514,15.025894365032874,14.986761382326831,4.091835060765416,2.4779520648498754
1301.3735164688624,14.999301796681372,14.999301796681372,15.031679973267075,14.977161263538813,3.5918350607654164,2.4374827131211956
1301.5735431390851,14.999083639817952,14.999083639817952,15.028179677101132,14.971517974886643,3.0918350607654164,2.9374827131211956
1301.773569809308,14.998835875314947,14.998835875314947,15.020278685192418,14.975511811611613,2.5918350607654164,3.4374827131211956
1301.9735964795304,14.998558505618348,14.998558505618348,15.015020899833774,14.97131189722753,3.0918350607654164,2.9374827131211956
1302.1736231497532,14.99825153346641,14.99825153346641,15.017198478122674,14.968958134953777,3.235175423620666,3.098253380611416
1302.373649819976,14.997914961889633,14.997914961889633,15.00282665414216,14.97546869020142,2.735175423620666,3.598253380611416
1302.5736764901987,14.997548794210726,14.997548794210726,14.9836477733595,14.98792145560558,2.235175423620666,4.098253380611416
1302.7737031604213,14.997153034044583,14.997153034044583,14.974221425759607,14.989334549955249,2.735175423620666,3.598253380611416
1302.973729830644,14.99672768529824,14.99672768529824,14.952836971448157,14.989364377509423,2.235175423620666,3.098253380611416
1303.1737565008668,14.996272752170833,14.996272752170833,14.94491754012525,14.985987794254838,2.735175423620666,2.7985647423477644
1303.3737831710894,14.995788239153569,14.995788239153569,14.934311997507981,14.985017214691938,2.599702251715631,3.2985647423477644
1303.5738098413121,14.99527415102967,14.99527415102967,14.932550934633536,14.981703749970341,3.099702251715631,2.7985647423477644
1303.773836511535,14.994730492874332,14.994730492874332,14.938323636570878,14.979898685960668,3.599702251715631,3.2985647423477644
1303.9738631817575,14.994157270054673,14.994157270054673,14.941816893232462,14.972994661146565,3.3370119034940906,2.7985647423477644
1304.1738898519802,14.99355448822968,14.99355448822968,14.94964181787926,14.973364725182984,3.8370119034940906,3.2985647423477644
1304.373916522203,14.99292215335015,14.99292215335015,14.968942262282372,14.981745555869773,4.337011903494091,3.7985647423477644
1304.5739431924255,14.992260271658642,14.992260271658642,14.979092609465598,14.982689201801938,3.994093327638025,3.3923505799965072
1304.7739698626483,14.9915688496894,14.9915688496894,14.997098374505631,14.97675862181372,4.494093327638025,2.8923505799965072
1304.973996532871,14.9908478942683,14.9908478942683,15.007886624506426,14.96608820773386,3.9940933276380246,2.3923505799965072
1305.1740232030936,14.990097412512783,14.990097412512783,15.010441487056601,14.960423551665308,3.4940933276380246,2.8923505799965072
1305.3740498733164,14.98931741183177,14.98931741183177,15.00380552189029,14.96374824573326,2.9940933276380246,3.3923505799965072
1305.5740765435391,14.988507899925612,14.988507899925612,15.009140356485203,14.96066842767583,3.445923548337062,2.8923505799965072
1305.7741032137617,14.987668884785993,14.987668884785993,15.00338769277921,14.959165979933251,2.945923548337062,3.2818734904542324
1305.9741298839845,14.986800374695862,14.986800374695862,14.985483569328718,14.96639666611326,2.445923548337062,3.7818734904542324
1306.1741565542072,14.985902378229351,14.985902378229351,14.96693327873626,14.980166006147066,2.0281180770941885,4.281873490454233
1306.3741832244298,14.984974904251684,14.984974904251684,14.951133108856602,14.990500834853407,2.5281180770941885,4.139642867391462
1306.5742098946525,14.984017961919099,14.984017961919099,14.942704128459438,14.995426807712127,3.0281180770941885,3.639642867391462
1306.7742365648753,14.983031560678747,14.983031560678747,14.945438542903553,14.995692803963932,3.5281180770941885,3.139642867391462
1306.9742632350979,14.982015710268607,14.982015710268607,14.940548799192253,14.984709041538078,3.0281180770941885,2.639642867391462
1307.1742899053206,14.980970420717389,14.980970420717389,14.926948684980626,14.986283057476086,2.5281180770941885,3.139642867391462
1307.3743165755434,14.979895702344427,14.979895702344427,14.925008279393282,14.97965380585927,3.0281180770941885,2.639642867391462
1307.5743432457662,14.97879156575959,14.97879156575959,14.929061379740274,14.977020339481161,3.5281180770941885,2.690247770415565
1307.7743699159887,14.977658021863164,14.977658021863164,14.928130428778134,14.97875363292213,3.4158503441705323,3.190247770415565
1307.9743965862115,14.976495081845755,14.976495081845755,14.937267126576007,14.973941571118688,3.9158503441705323,2.8517589138924087
1308.1744232564342,14.975302757188173,14.975302757188173,14.9456325735954,14.962663305008146,3.4158503441705323,2.3517589138924087
1308.3744499266568,14.97408105966132,14.97408105966132,14.952478289121947,14.948478827131275,3.9158503441705323,2.439206265318679
1308.5744765968795,14.972830001326072,14.972830001326072,14.956627368778369,14.950065959713383,3.4158503441705323,2.939206265318679
1308.7745032671023,14.971549594533162,14.971549594533162,14.950153467305066,14.94178624606598,2.9158503441705323,2.439206265318679
1308.9745299373249,14.970239851923065,14.970239851923065,14.949766137226062,14.929928224169918,3.4158503441705323,2.3925079300491356
1309.1745566075476,14.96890078642585,14.96890078642585,14.943331899594785,14.924043942096366,2.9158503441705323,2.8925079300491356
1309.3745832777704,14.967532411261086,14.967532411261086,14.930994771624945,14.911831168371075,2.4158503441705323,2.3925079300491356
1309.574609947993,14.966134739937683,14.966134739937683,14.912349165989426,14.907808979404393,2.430752503853263,2.8925079300491356
1309.7746366182157,14.964707786253769,14.964707786253769,14.908882885857263,14.909881169598297,2.930752503853263,3.3925079300491356
1309.9746632884385,14.96325156429656,14.96325156429656,14.8948085898297,14.911871582984118,2.430752503853263,3.480147303388199
1310.174689958661,14.961766088442213,14.961766088442213,14.890821752644005,14.921389730525794,2.930752503853263,3.980147303388199
1310.3747166288838,14.960251373355682,14.960251373355682,14.889860904538326,14.926376330053486,3.246161653115209,3.49605510358179
1310.5747432991066,14.958707433990583,14.958707433990583,14.881422095075878,14.93539081093038,2.746161653115209,3.99531790796435
1310.774769969329,14.957134285589042,14.957134285589042,14.877571698297361,14.938518104577545,2.7248008682872875,3.49531790796435
1310.9747966395519,14.955531943681532,14.955531943681532,14.85944785998785,14.937499681653756,2.2248008682872875,2.99531790796435
1311.1748233097746,14.953900424086743,14.953900424086743,14.831958109606115,14.927990620488785,1.7248008682872875,2.49531790796435
1311.3748499799972,14.952239742911411,14.952239742911411,14.812950945163532,14.925550476702172,2.2248008682872875,2.9134157053378464
1311.57487665022,14.950549916550159,14.950549916550159,14.808723593078668,14.914101687370733,2.7248008682872875,2.4134157053378464
1311.7749033204427,14.948830961685337,14.948830961685337,14.807847468220714,14.909309003707298,3.2248008682872875,2.9134157053378464
1311.9749299906653,14.947082895286865,14.947082895286865,14.812340381740428,14.911133085634477,3.7248008682872875,3.4134157053378464
1312.174956660888,14.945305734612052,14.945305734612052,14.825596096750948,14.909859256306802,4.2248008682872875,2.9134157053378464
1312.3749833311108,14.943499497205433,14.943499497205433,14.847763027185914,14.898566541378171,4.7248008682872875,2.4134157053378464
1312.5750100013336,14.941664200898598,14.941664200898598,14.879046919176984,14.888888915177427,5.2248008682872875,2.6779235201630107
1312.775036671556,14.939799863810014,14.939799863810014,14.90016244081686,14.890635902344268,4.7248008682872875,3.1779235201630107
1312.9750633417789,14.937906504344841,14.937906504344841,14.915026628001659,14.887600370136074,4.2248008682872875,2.6779235201630107
1313.1750900120016,14.935984141194755,14.935984141194755,14.923889431841607,14.87263394676758,4.245590786960917,2.1779235201630107
1313.3751166822242,14.93403279333777,14.93403279333777,14.927816512699946,14.8676840469401,3.745590786960917,2.6779235201630107
1313.575143352447,14.932052480038033,14.932052480038033,14.924718084323251,14.86616153436601,3.245590786960917,3.1779235201630107
1313.7751700226697,14.93004322084565,14.93004322084565,14.926545649343153,14.876507939356589,3.745590786960917,3.6779235201630107
1313.9751966928923,14.928005035596493,14.928005035596493,14.927051592064034,14.877011758672161,3.245590786960917,3.1779235201630107
1314.175223363115,14.925937944411988,14.925937944411988,14.9182256398143,14.879182607651998,2.745590786960917,3.471300670648977
1314.3752500333378,14.92384196769893,14.92384196769893,14.915226433997233,14.881301967736507,3.245590786960917,3.396377752947923
1314.5752767035603,14.921717126149286,14.921717126149286,14.904742321644404,14.877287973283137,2.745590786960917,2.896377752947923
1314.7753033737831,14.919563440739974,14.919563440739974,14.900116620243402,14.870645157643407,3.245590786960917,2.749074801348683
1314.975330044006,14.91738093273267,14.91738093273267,14.886468334068661,14.860726223611422,2.745590786960917,2.249074801348683
1315.1753567142284,14.915169623673593,14.915169623673593,14.87007692082396,14.841877831373901,2.245590786960917,1.7490748013486832
1315.3753833844512,14.912929535393289,14.912929535393289,14.861175886964977,14.831081343428181,2.745590786960917,2.249074801348683
1315.575410054674,14.910660690006424,14.910660690006424,14.861076144133863,14.824119522167216,3.245590786960917,2.749074801348683
1315.7754367248965,14.90836310991156,14.90836310991156,14.84648476131572,14.813850030609816,2.745590786960917,2.249074801348683
1315.9754633951193,14.90603681779093,14.90603681779093,14.838588235470793,14.7953172430828,2.975510432998244,1.9153144491384833
1316.175490065342,14.903681836610222,14.903681836610222,14.84035252739295,14.783572509459018,3.475510432998244,2.4153144491384833
1316.3755167355646,14.901298189618354,14.901298189618354,14.835736559524754,14.778103926783436,3.1732009996604065,2.9153144491384833
1316.5755434057874,14.898885900347228,14.898885900347228,14.84038657186787,14.780254692524897,3.6732009996604065,3.4153144491384833
1316.7755700760101,14.896444992611515,14.896444992611515,14.845074057409166,14.789201264485248,3.7935007698301413,3.9153144491384833
1316.9755967462327,14.893975490508423,14.893975490508423,14.844419870720166,14.800130444286483,3.299048043953457,3.963746414527015
1317.1756234164554,14.89147741841743,14.89147741841743,14.834058037284668,14.80425642482624,2.938261724306685,3.463746414527015
1317.3756500866782,14.888950801000078,14.888950801000078,14.816159410585742,14.803301832883868,2.438261724306685,2.963746414527015
1317.575676756901,14.88639566319972,14.88639566319972,14.797740438263252,14.803265191874916,2.207446229452141,3.161651832537239
1317.7757034271235,14.883812030241256,14.883812030241256,14.788788413179597,14.807262049004732,2.707446229452141,3.661651832537239
1317.9757300973463,14.881199927630899,14.881199927630899,14.784893902333717,14.810592112525278,3.207446229452141,3.440900646437557
1318.175756767569,14.878559381155924,14.878559381155924,14.794633071347308,14.821268702169936,3.707446229452141,3.940900646437557
1318.3757834377916,14.875890416884413,14.875890416884413,14.79393069062488,14.835644560904125,3.207446229452141,4.440900646437557
1318.5758101080144,14.873193061164988,14.873193061164988,14.782297982087997,14.84250565854761,2.707446229452141,3.940900646437557
1318.7758367782371,14.870467340626563,14.870467340626563,14.764096286623111,14.84368036785969,2.207446229452141,3.440900646437557
1318.9758634484597,14.867713282178077,14.867713282178077,14.73610594873967,14.838549584877892,1.7074462294521409,2.9555529864669334
1319.1758901186824,14.86493091300822,14.86493091300822,14.715947252150002,14.839904000107893,2.207446229452141,3.4555529864669334
1319.3759167889052,14.86212026058518,14.86212026058518,14.709304693246649,14.849210550363969,2.707446229452141,3.9555529864669334
1319.5759434591278,14.85928135265636,14.85928135265636,14.706736768648275,14.8516917656973,3.207446229452141,3.4555529864669334
1319.7759701293505,14.856414217248108,14.856414217248108,14.712432131485867,14.849164382149617,3.707446229452141,2.9555529864669334
1319.9759967995733,14.853518882665437,14.853518882665437,14.727911724512474,14.83972187231061,4.207446229452141,2.5449837191550864
1320.1760234697958,14.850595377491763,14.850595377491763,14.747399190179728,14.82618377117753,4.707446229452141,2.1154126882436635
1320.3760501400186,14.847643730588583,14.847643730588583,14.775046494617596,14.815286012707347,4.81168322773252,2.6154126882436635
1320.5760768102414,14.84466397109524,14.84466397109524,14.806721251913295,14.80962421129304,5.31168322773252,3.1154126882436635
1320.776103480464,14.841656128428601,14.841656128428601,14.83054976538759,14.807968090243607,4.81168322773252,2.8620512856872993
1320.9761301506867,14.838620232282773,14.838620232282773,14.848291749594548,14.808625469607751,4.31168322773252,3.3620512856872993
1321.1761568209095,14.835556312628817,14.835556312628817,14.854838166924162,14.807221827283964,3.8116832277325203,2.8620512856872993
1321.376183491132,14.832464399714453,14.832464399714453,14.857798606874152,14.811172636969435,3.5066315361458646,3.3620512856872993
1321.5762101613548,14.829344524063748,14.829344524063748,14.857094498598912,14.80528850361897,3.0066315361458646,2.8620512856872993
1321.7762368315775,14.82619671647683,14.82619671647683,14.85057449156996,14.80716559894345,3.1711298453439234,3.133088560597648
1321.9762635018,14.823021008029576,14.823021008029576,14.84113962428958,14.812516953027309,2.6711298453439234,3.633088560597648
1322.1762901720228,14.819817430073302,14.819817430073302,14.823407609548216,14.80837479469175,2.1711298453439234,3.133088560597648
1322.3763168422456,14.816586014234465,14.816586014234465,14.79529517101251,14.81205509651139,1.861929737992434,3.633088560597648
1322.5763435124684,14.813326792414342,14.813326792414342,14.778393383235748,14.812190118020334,2.361929737992434,3.133088560597648
1322.776370182691,14.810039796788718,14.810039796788718,14.751857836729696,14.807047418618314,1.8619297379924342,2.633088560597648
1322.9763968529137,14.806725059807562,14.806725059807562,14.736413486566773,14.798828170744343,2.361929737992434,2.8476113667977803
1323.1764235231365,14.803382614194714,14.803382614194714,14.734747462300188,14.802259457212433,2.861929737992434,3.3476113667977803
1323.376450193359,14.800012492947566,14.800012492947566,14.734612387657359,14.796929417842861,3.361929737992434,2.8476113667977803
1323.5764768635818,14.796614729336723,14.796614729336723,14.729602647231568,14.797742953146434,3.057511275347661,3.3476113667977803
1323.7765035338045,14.793189356905685,14.793189356905685,14.730671632373108,14.796096375755996,3.557511275347661,2.8476113667977803
1323.976530204027,14.789736409470516,14.789736409470516,14.735040679221013,14.783276813225772,3.595503739938933,2.3476113667977803
1324.1765568742499,14.786255921119496,14.786255921119496,14.74819340034467,14.778758285122915,4.095503739938933,2.8476113667977803
1324.3765835444726,14.782747926212805,14.782747926212805,14.751463454224119,14.769835161462217,3.595503739938933,2.3476113667977803
1324.5766102146952,14.779212459382174,14.779212459382174,14.745802192755885,14.752662926200237,3.095503739938933,1.8476113667977803
1324.776636884918,14.775649555530535,14.775649555530535,14.737417801101543,14.743724860325196,2.595503739938933,2.3476113667977803
1324.9766635551407,14.772059249831692,14.772059249831692,14.727554381940092,14.739280481008871,2.833321453279348,2.8476113667977803
1325.1766902253632,14.768441577729966,14.768441577729966,14.708868723750474,14.72751779375957,2.333321453279348,2.4818614669003707
1325.376716895586,14.764796574939837,14.764796574939837,14.69794163279963,14.717131682879595,2.833321453279348,2.305702749736275
1325.5767435658088,14.761124277445612,14.761124277445612,14.70093317593802,14.703275203482363,3.333321453279348,2.067013356042975
1325.7767702360313,14.757424721501053,14.757424721501053,14.689830397654463,14.693901128262162,2.833321453279348,2.567013356042975
1325.976796906254,14.753697943629017,14.753697943629017,14.68855553340327,14.678944339481536,3.333321453279348,2.067013356042975
1326.1768235764769,14.749943980621108,14.749943980621108,14.682146613024505,14.65803204754704,2.833321453279348,1.5670133560429749
1326.3768502466994,14.746162869537315,14.746162869537315,14.675837388701508,14.644526874499295,2.852402957256546,2.067013356042975
1326.5768769169222,14.74235464770562,14.74235464770562,14.667557801631073,14.639045910670067,2.7219887988817035,2.567013356042975
1326.776903587145,14.738519352721667,14.738519352721667,14.64802406525926,14.635308911215816,2.3039357352693597,3.067013356042975
1326.9769302573675,14.734657022448367,14.734657022448367,14.63985810392004,14.628312141357329,2.8039357352693597,2.567013356042975
1327.1769569275903,14.730767695015519,14.730767695015519,14.622338039920729,14.611481167736567,2.3039357352693597,2.067013356042975
1327.376983597813,14.72685140881946,14.72685140881946,14.611735864141545,14.602087350827926,2.8039357352693597,2.567013356042975
1327.5770102680358,14.72290820252266,14.72290820252266,14.601628713597936,14.602257402214114,2.7554372757887196,3.067013356042975
1327.7770369382583,14.71893811505336,14.71893811505336,14.60077629226226,14.606138342930512,3.2554372757887196,3.5068086804065706
1327.977063608481,14.714941185605163,14.714941185605163,14.6050790269672,14.601546657288601,3.53491145689049,3.0068086804065706
1328.1770902787039,14.710917453636672,14.710917453636672,14.620626894455224,14.606201325580367,4.03491145689049,3.5068086804065706
1328.3771169489264,14.706866958871096,14.706866958871096,14.640637590657496,14.618630656786054,4.53491145689049,3.7964799231962534
1328.5771436191492,14.702789741295836,14.702789741295836,14.652954321769222,14.63123501228938,4.03491145689049,4.296479923196253
1328.777170289372,14.69868584116212,14.69868584116212,14.659611424345476,14.638648349168783,3.852880507269061,3.7964799231962534
1328.9771969595945,14.694555298984596,14.694555298984596,14.674283650796392,14.640685204776608,4.352880507269061,3.2964799231962534
1329.1772236298173,14.690398155540912,14.690398155540912,14.681452990660661,14.634231647029134,3.8528805072690613,2.7964799231962534
1329.37725030004,14.686214451871333,14.686214451871333,14.681405935891773,14.624666818472418,3.3528805072690613,2.376492816978682
1329.5772769702626,14.682004229278359,14.682004229278359,14.68982385290517,14.615459180583766,3.8528805072690613,2.494717150432498
1329.7773036404853,14.677767529326253,14.677767529326253,14.688118208335936,14.605555738829342,3.3528805072690613,2.4919235527123487
1329.977330310708,14.673504393840691,14.673504393840691,14.678367650030006,14.605456655649375,2.8528805072690613,2.9919235527123487
1330.1773569809307,14.669214864908326,14.669214864908326,14.676083368730524,14.592560607758523,3.3528805072690613,2.4919235527123487
1330.3773836511534,14.66489898487636,14.66489898487636,14.671058942711428,14.584831883979593,2.8528805072690613,2.1546344721717707
1330.5774103213762,14.660556796352152,14.660556796352152,14.669815770323316,14.581374662985363,3.3528805072690613,2.6546344721717707
1330.7774369915987,14.656188342202785,14.656188342202785,14.663932870207141,14.570117844124967,2.8528805072690613,2.1546344721717707
1330.9774636618215,14.651793665554628,14.651793665554628,14.664435232717036,14.561802850158836,3.3528805072690613,2.6546344721717707
1331.1774903320443,14.64737280979294,14.64737280979294,14.655165684419083,14.562110208052808,2.8528805072690613,3.1546344721717707
1331.3775170022668,14.642925818561421,14.642925818561421,14.655901298410967,14.559117671999587,3.3528805072690613,2.6546344721717707
1331.5775436724896,14.63845273576178,14.63845273576178,14.646453461751738,14.561223985109907,2.8528805072690613,3.1546344721717707
1331.7775703427124,14.633953605553316,14.633953605553316,14.62831029688226,14.566453627340378,2.3528805072690613,3.6546344721717707
1331.977597012935,14.629428472352476,14.629428472352476,14.604783052944622,14.568494443090389,1.8528805072690613,3.1546344721717707
1332.1776236831577,14.624877380832402,14.624877380832402,14.576539842342417,14.564902217435273,1.8582462446782961,3.0424274996331793
1332.3776503533804,14.620300375922515,14.620300375922515,14.557168321195546,14.556688207057222,2.358246244678296,2.5424274996331793
1332.5776770236032,14.61569750280805,14.61569750280805,14.551059455250744,14.544429295476425,2.8500662270358434,2.2749090253601687
1332.7777036938257,14.611068806929634,14.611068806929634,14.544303122769291,14.526556942727396,2.8606469680738034,1.7749090253601687
1332.9777303640485,14.6064143339828,14.6064143339828,14.54535726434431,14.518934266120029,3.3606469680738034,2.2749090253601687
1333.1777570342713,14.60173412991757,14.60173412991757,14.538195461333803,14.509219424332066,2.8606469680738034,2.7749090253601687
1333.3777837044938,14.597028240938,14.597028240938,14.53836993447577,14.495547117298385,3.076843404302574,2.2749090253601687
1333.5778103747166,14.592296713501687,14.592296713501687,14.523933000956461,14.477420721096104,2.576843404302574,1.7749090253601687
1333.7778370449394,14.58753959431936,14.58753959431936,14.502577368111004,14.465823149357433,2.076843404302574,2.2749090253601687
1333.977863715162,14.582756930354392,14.582756930354392,14.48541560877634,14.459804548623431,2.39577364174711,2.7749090253601687
1334.1778903853847,14.577948768822326,14.577948768822326,14.475444829944413,14.458902879009736,2.89577364174711,3.2749090253601687
1334.3779170556074,14.573115157190434,14.573115157190434,14.479993287760998,14.45418424369498,3.39577364174711,2.867022950127715
1334.57794372583,14.568256143177246,14.568256143177246,14.481804758670112,14.459754195183866,3.89577364174711,3.367022950127715
1334.7779703960528,14.563371774752046,14.563371774752046,14.478649525103286,14.463197461230768,3.39577364174711,3.6637287883043057
1334.9779970662755,14.558462100134438,14.558462100134438,14.47488202450406,14.45934198942762,3.2449708152981946,3.1637287883043057
1335.178023736498,14.553527167793867,14.553527167793867,14.482276527489514,14.459521733047836,3.7449708152981946,3.3214163238773873
1335.3780504067208,14.548567026449089,14.548567026449089,14.483187249397972,14.46292134391202,3.2449708152981946,3.507295825848379
1335.5780770769436,14.543581725067773,14.543581725067773,14.476234743916358,14.461487987314719,2.7449708152981946,3.2272472138946324
1335.7781037471661,14.538571312865956,14.538571312865956,14.459321056023471,14.453361786482214,2.2449708152981946,2.7272472138946324
1335.978130417389,14.53353583930756,14.53353583930756,14.441977811709195,14.453028251340145,2.7449708152981946,3.2272472138946324
1336.1781570876117,14.52847535410394,14.52847535410394,14.420272841922996,14.447788990701593,2.2449708152981946,2.7272472138946324
1336.3781837578342,14.523389907213364,14.523389907213364,14.404116085862231,14.436159571098536,2.5237062720271988,2.2272472138946324
1336.578210428057,14.51827954884052,14.51827954884052,14.39948809789609,14.432255033933453,3.0237062720271988,2.7272472138946324
1336.7782370982798,14.513144329436036,14.513144329436036,14.385937053596091,14.430493714375437,2.5237062720271988,3.2272472138946324
1336.9782637685023,14.507984299695984,14.507984299695984,14.36736231385131,14.43640531075058,2.2900603872497305,3.7272472138946324
1337.178290438725,14.50279951056134,14.50279951056134,14.354597938217264,14.436549338602623,2.7900603872497305,3.2272472138946324
1337.3783171089478,14.49759001321754,14.49759001321754,14.352519324548503,14.444443295685582,3.1314004475719153,3.7272472138946324
1337.5783437791706,14.492355859093927,14.492355859093927,14.342742651305453,14.44466039449321,2.772989609208536,3.2272472138946324
1337.7783704493932,14.487097099863277,14.487097099863277,14.337001869992806,14.438340351368248,3.272989609208536,2.7272472138946324
1337.978397119616,14.48181378744125,14.48181378744125,14.344613308005961,14.439237321834453,3.772989609208536,3.2272472138946324
1338.1784237898387,14.476505973985924,14.476505973985924,14.360741284691082,14.433112096791806,4.176415995160196,2.7272472138946324
1338.3784504600612,14.47117371189725,14.47117371189725,14.368743231621862,14.418982131519131,3.937675150668962,2.2272472138946324
1338.578477130284,14.46581705381653,14.46581705381653,14.372211798783486,14.411085180721615,3.437675150668962,2.624595704726058
1338.7785038005068,14.46043605262592,14.46043605262592,14.373617443956599,14.398363084396978,3.2954424285718686,2.124595704726058
1338.9785304707293,14.455030761447901,14.455030761447901,14.382257889658682,14.395554794553647,3.7954424285718686,2.624595704726058
1339.178557140952,14.449601233644735,14.449601233644735,14.377642578126062,14.386309212396432,3.2954424285718686,2.4701998217197936
1339.3785838111748,14.444147522817964,14.444147522817964,14.370095643134045,14.384274746698194,2.8514956631852533,2.9701998217197936
1339.5786104813974,14.438669682807877,14.438669682807877,14.353361370118401,14.378339297000515,2.3514956631852533,2.4701998217197936
1339.7786371516202,14.43316776769295,14.43316776769295,14.343942820764482,14.380770404231988,2.8514956631852533,2.9701998217197936
1339.978663821843,14.427641831789355,14.427641831789355,14.324254816842311,14.369165489004248,2.3514956631852533,2.4701998217197936
1340.1786904920655,14.4220919296504,14.4220919296504,14.3057447728715,14.367967417909911,2.395893163104916,2.9701998217197936
1340.3787171622882,14.416518116065976,14.416518116065976,14.279979194876638,14.372535077033396,1.8958931631049158,3.4701998217197936
1340.578743832511,14.410920446062052,14.410920446062052,14.261481234084773,14.370978171254416,2.395893163104916,2.9701998217197936
1340.7787705027336,14.405298974900113,14.405298974900113,14.256010276072137,14.362127512760122,2.895893163104916,2.4701998217197936
1340.9787971729563,14.399653758076594,14.399653758076594,14.256785537410742,14.356899270910745,3.395893163104916,2.7689533133213153
1341.178823843179,14.393984851322369,14.393984851322369,14.248574580838342,14.344646540777067,2.895893163104916,2.2689533133213153
1341.3788505134016,14.388292310602196,14.388292310602196,14.25076726837121,14.339407962464785,3.395893163104916,2.7689533133213153
1341.5788771836244,14.382576192114126,14.382576192114126,14.245805450855718,14.330916608070723,3.227554271395882,2.5126866317594043
1341.7789038538472,14.37683655228899,14.37683655228899,14.253969948223899,14.317140171909195,3.727554271395882,2.0126866317594043
1341.9789305240697,14.371073447789835,14.371073447789835,14.26586884239758,14.308570065552782,4.227554271395881,2.5126866317594043
1342.1789571942925,14.36528693551133,14.36528693551133,14.274980410726192,14.29901369429154,3.7275542713958814,2.370893390248762
1342.3789838645152,14.359477072579256,14.359477072579256,14.272395344198747,14.294307589744527,3.2275542713958814,2.870893390248762
1342.579010534738,14.353643916349908,14.353643916349908,14.278778853655496,14.29311158218813,3.7275542713958814,2.8641910071555827
1342.7790372049606,14.347787524409545,14.347787524409545,14.276041146740994,14.296804599404863,3.3641044725429787,3.3641910071555827
1342.9790638751833,14.341907954573795,14.341907954573795,14.272328001871402,14.296097153736213,2.8641044725429787,2.8641910071555827
1343.179090545406,14.336005264887124,14.336005264887124,14.25652913324796,14.282365199201168,2.3641044725429787,2.3641910071555827
1343.3791172156286,14.330079513622238,14.330079513622238,14.248961109573083,14.279144391535203,2.8641044725429787,2.8641910071555827
1343.5791438858514,14.324130759279496,14.324130759279496,14.232409155038654,14.285178134717077,2.3641044725429787,3.3641910071555827
1343.7791705560742,14.318159060586371,14.318159060586371,14.220654126616731,14.294602827280029,2.8641044725429787,3.8641910071555827
1343.9791972262967,14.312164476496843,14.312164476496843,14.221190854724707,14.2958214953612,3.3641044725429787,3.3641910071555827
1344.1792238965195,14.306147066190801,14.306147066190801,14.228236494035206,14.293044756503313,3.6800304745534342,2.8641910071555827
1344.3792505667423,14.300106889073508,14.300106889073508,14.223417246900636,14.29627135246184,3.1800304745534342,3.3641910071555827
1344.5792772369648,14.294044004774975,14.294044004774975,14.207863077848819,14.291339603635565,2.6800304745534342,2.8641910071555827
1344.7793039071876,14.287958473149374,14.287958473149374,14.18798039935922,14.279238615553979,2.1800304745534342,2.3641910071555827
1344.9793305774103,14.281850354274468,14.281850354274468,14.176629201689323,14.272923914207235,2.6800304745534342,2.587950947923199
1345.1793572476329,14.27571970845101,14.27571970845101,14.17578431014156,14.263093708686155,3.1800304745534342,2.411230568944689
1345.3793839178556,14.269566596202129,14.269566596202129,14.174372211178305,14.248837763359482,3.1795362895003456,1.911230568944689
1345.5794105880784,14.263391078272756,14.263391078272756,14.168882223974926,14.224087165836723,3.1104783394823463,1.411230568944689
1345.779437258301,14.25719321562903,14.25719321562903,14.154196772961395,14.196991229341243,2.6104783394823463,0.9112305689446889
1345.9794639285237,14.25097306945765,14.25097306945765,14.147052584712295,14.173541069453726,3.1104783394823463,1.411230568944689
1346.1794905987465,14.244730701165329,14.244730701165329,14.13719774290979,14.157522526342193,2.6104783394823463,1.911230568944689
1346.379517268969,14.238466172378164,14.238466172378164,14.11731894350883,14.150665631791087,2.1104783394823463,2.411230568944689
1346.5795439391918,14.232179544941001,14.232179544941001,14.103705629773685,14.143628203785306,2.51186897384499,2.6192422648340243
1346.7795706094146,14.225870880916869,14.225870880916869,14.096344923396991,14.129313197910706,3.01186897384499,2.1192422648340243
1346.9795972796371,14.219540242586351,14.219540242586351,14.097056066047193,14.108535800885864,3.51186897384499,1.6192422648340243
1347.17962394986,14.213187692446933,14.213187692446933,14.107198971319898,14.094474239831364,4.01186897384499,2.1192422648340243
1347.3796506200827,14.206813293212466,14.206813293212466,14.108287875943292,14.087797598669932,3.51186897384499,2.6192422648340243
1347.5796772903054,14.20041710781247,14.20041710781247,14.100613929523666,14.088181984229644,3.01186897384499,2.9781524031726794
1347.779703960528,14.193999199391557,14.193999199391557,14.093174404692148,14.089576964784262,2.999418124761375,3.4781524031726794
1347.9797306307507,14.187559631308773,14.187559631308773,14.094603644284232,14.099268929033315,3.499418124761375,3.9781524031726794
1348.1797573009735,14.181098467137012,14.181098467137012,14.091510212036454,14.102664114717737,3.319080606000418,3.4781524031726794
1348.379783971196,14.174615770662372,14.174615770662372,14.081275927555629,14.099232948471734,2.819080606000418,2.9781524031726794
1348.5798106414188,14.168111605883503,14.168111605883503,14.065079422889989,14.097900400402576,2.319080606000418,2.8258668242207676
1348.7798373116416,14.161586037011011,14.161586037011011,14.039360484919204,14.089752366657477,1.8190806060004179,2.3258668242207676
1348.9798639818641,14.155039128466814,14.155039128466814,14.019525251057313,14.073514544009768,2.3084422104554747,1.8258668242207676
1349.179890652087,14.148470944883478,14.148470944883478,14.0105573917881,14.051433300992867,2.8084422104554747,1.7411013631977548
1349.3799173223097,14.141881551103616,14.141881551103616,14.006705530233745,14.029707904119721,3.3084422104554747,1.2411013631977548
1349.5799439925322,14.135271012179238,14.135271012179238,13.99489194849779,14.014308552457384,2.8084422104554747,1.7411013631977548
1349.779970662755,14.128639393371087,14.128639393371087,13.995278893135634,14.002737987157207,3.3084422104554747,2.241101363197755
1349.9799973329777,14.121986760148022,14.121986760148022,13.984940994840416,13.98934680911749,2.8084422104554747,1.9700862142287838
1350.1800240032003,14.11531317818637,14.11531317818637,13.978332325311166,13.968393751066936,2.832845435229293,1.5762035899999005
1350.380050673423,14.108618713369241,14.108618713369241,13.961694166381873,13.955587022302355,2.332845435229293,2.0762035899999005
1350.5800773436458,14.101903431785933,14.101903431785933,13.947510072117153,13.936012359855741,2.832845435229293,1.5762035899999005
1350.7801040138684,14.095167399731249,14.095167399731249,13.94554504792443,13.926265436453628,3.332845435229293,2.0762035899999005
1350.9801306840911,14.08841068370482,14.08841068370482,13.945525238815602,13.91506575951404,3.516827432318303,2.2550793933089777
1351.180157354314,14.081633350410502,14.081633350410502,13.957171440120812,13.89720809872975,4.016827432318303,1.7550793933089777
1351.3801840245364,14.074835466755687,14.074835466755687,13.978301243522765,13.88433765797382,4.516827432318303,2.2550793933089777
1351.5802106947592,14.068017099850621,14.068017099850621,13.98662180319599,13.879740015843597,4.016827432318303,2.7550793933089777
1351.780237364982,14.061178317007787,14.061178317007787,13.984963325784774,13.87789319579203,3.516827432318303,2.85249071585366
1351.9802640352045,14.054319185741225,14.054319185741225,13.983591725052094,13.878063218739356,3.193568635863367,3.35249071585366
1352.1802907054273,14.04743977376583,14.04743977376583,13.972787317498028,13.888640853507916,2.8823240510501242,3.85249071585366
1352.38031737565,14.040540148996739,14.040540148996739,13.973919771360235,13.900340638607172,3.3823240510501242,4.116827299639663
1352.5803440458728,14.033620379548623,14.033620379548623,13.972303983138335,13.911961794287565,3.3361305436724145,4.190719555625249
1352.7803707160954,14.026680533735039,14.026680533735039,13.964362324310109,13.929914556523968,3.0508385067834194,4.38354406453719
1352.9803973863181,14.019720680067715,14.019720680067715,13.95799170298494,13.940494855593279,3.116253297689859,3.8835440645371904
1353.180424056541,14.01274088725592,14.01274088725592,13.945217859257216,13.94178635182681,2.616253297689859,3.3835440645371904
1353.3804507267635,14.005741224205787,14.005741224205787,13.945295800494065,13.945921867415272,3.116253297689859,3.5371219513854855
1353.5804773969862,13.998721760019567,13.998721760019567,13.93498019319049,13.944664688468945,2.616253297689859,3.0371219513854855
1353.780504067209,13.991682563995024,13.991682563995024,13.914461516881207,13.938261423290543,2.116253297689859,2.5371219513854855
1353.9805307374315,13.984623705624719,13.984623705624719,13.899346713250507,13.92761041472845,2.616253297689859,2.0371219513854855
1354.1805574076543,13.977545254595299,13.977545254595299,13.876025630381877,13.916049617918622,2.116253297689859,2.5371219513854855
1354.380584077877,13.97044728078686,13.97044728078686,13.845072764661705,13.902656989769545,1.616253297689859,2.0371219513854855
1354.5806107480996,13.963329854272233,13.963329854272233,13.822972703412095,13.881837821376346,2.016836634964176,1.5371219513854855
1354.7806374183224,13.956193045316262,13.956193045316262,13.784864329231116,13.861082958633267,1.61593656013661,1.5252825547847664
1354.9806640885452,13.949036924375164,13.949036924375164,13.767543445211086,13.845653166683604,2.096041037116273,2.0252825547847664
1355.1806907587677,13.941861562095813,13.941861562095813,13.74030141356666,13.829390257135294,1.5960410371162732,1.8860957247139876
1355.3807174289905,13.934667029315008,13.934667029315008,13.71950723659915,13.818490405745623,2.096041037116273,2.3860957247139876
1355.5807440992132,13.92745339705883,13.92745339705883,13.70813243353495,13.805911260877293,2.596041037116273,1.8860957247139876
1355.7807707694358,13.920220736541918,13.920220736541918,13.705594680176867,13.797246884904228,3.096041037116273,2.3281889244649214
1355.9807974396585,13.912969119166728,13.912969119166728,13.70655921275728,13.78340825654501,3.4945042169001237,1.8281889244649214
1356.1808241098813,13.905698616522898,13.905698616522898,13.716895689569203,13.760135395185685,3.9945042169001237,1.3281889244649214
1356.3808507801039,13.8984093003865,13.8984093003865,13.716780201230563,13.742961397359865,3.4945042169001237,1.8281889244649214
1356.5808774503266,13.891101242719316,13.891101242719316,13.715490773234789,13.720671925754298,3.3249204571180875,1.3281889244649214
1356.7809041205494,13.883774515668165,13.883774515668165,13.708948915035746,13.703153146437202,3.2099468817737966,1.8281889244649214
1356.980930790772,13.876429191564185,13.876429191564185,13.714662271071676,13.694194636775999,3.7099468817737966,2.3281889244649214
1357.1809574609947,13.86906534292208,13.86906534292208,13.726156908793872,13.687092133432314,4.209946881773797,2.557128827585979
1357.3809841312175,13.86168304243945,13.86168304243945,13.743523405576816,13.685632413462173,4.243511886915395,3.057128827585979
1357.5810108014402,13.85428236299606,13.85428236299606,13.750705084519334,13.691422949560181,3.743511886915395,3.557128827585979
1357.7810374716628,13.846863377653115,13.846863377653115,13.748731426142573,13.700206169725083,3.243511886915395,4.038826955656005
1357.9810641418856,13.839426159652518,13.839426159652518,13.743305822519932,13.704141819623214,3.165859324330519,3.5388269556560052
1358.1810908121083,13.831970782416198,13.831970782416198,13.73061254928531,13.70352388489682,2.665859324330519,3.0388269556560052
1358.3811174823309,13.82449731954535,13.82449731954535,13.72604172242921,13.694404403419277,3.165859324330519,2.5388269556560052
1358.5811441525536,13.81700584481969,13.81700584481969,13.729091255478185,13.695601233006775,3.665859324330519,3.0388269556560052
1358.7811708227764,13.80949643219678,13.80949643219678,13.743531453841772,13.698085447289568,4.165859324330519,3.2915744886953884
1358.981197492999,13.801969155811268,13.801969155811268,13.749316165766043,13.697823194098318,3.665859324330519,2.973155378645647
1359.1812241632217,13.794424089974124,13.794424089974124,13.744381397704348,13.68885962502176,3.165859324330519,2.473155378645647
1359.3812508334445,13.786861309171984,13.786861309171984,13.733518973459937,13.689707137409874,2.665859324330519,2.973155378645647
1359.581277503667,13.779280888066355,13.779280888066355,13.73237420953026,13.680910769907294,3.165859324330519,2.473155378645647
1359.7813041738898,13.771682901492866,13.771682901492866,13.739834920369022,13.664686697722159,3.522609544202155,1.973155378645647
1359.9813308441126,13.76406742446059,13.76406742446059,13.742844211645961,13.657293144191858,3.5662759863649716,2.473155378645647
1360.181357514335,13.756434532151266,13.756434532151266,13.739778259700682,13.658581583457556,3.0662759863649716,2.973155378645647
1360.3813841845579,13.748784299918535,13.748784299918535,13.721651009185273,13.652242197963425,2.5662759863649716,2.5320563107660994
1360.5814108547806,13.741116803287248,13.741116803287248,13.700000893010241,13.636723907964338,2.1310178429783186,2.0320563107660994
1360.7814375250032,13.733432117952692,13.733432117952692,13.67174163821633,13.630662274868364,1.6310178429783186,2.5320563107660994
1360.981464195226,13.725730319779824,13.725730319779824,13.654552714984655,13.627994779064931,2.1310178429783186,3.0320563107660994
1361.1814908654487,13.718011484802563,13.718011484802563,13.633253783599114,13.632659318718824,2.274468577659366,3.5320563107660994
1361.3815175356713,13.710275689223025,13.710275689223025,13.621069302899414,13.63080367695074,2.774468577659366,3.0320563107660994
1361.581544205894,13.702523009410731,13.702523009410731,13.60677667971324,13.623857427243161,2.7671496524080768,2.5320563107660994
1361.7815708761168,13.694753521901921,13.694753521901921,13.58634865650435,13.605092668876551,2.2671496524080768,2.0714703521938183
1361.9815975463393,13.686967303398761,13.686967303398761,13.57530615197972,13.596366489983756,2.7671496524080768,2.5714703521938183
1362.181624216562,13.679164430768564,13.679164430768564,13.575406534817855,13.596217601999262,3.2671496524080768,3.0714703521938183
1362.3816508867849,13.671344981043081,13.671344981043081,13.561863868098765,13.58749148771925,2.7671496524080768,2.5714703521938183
1362.5816775570077,13.663509031417707,13.663509031417707,13.556472949390596,13.575444412050308,3.2671496524080768,2.0714703521938183
1362.7817042272302,13.65565665925074,13.65565665925074,13.55325742194395,13.569647621495418,3.2263274327377243,2.5714703521938183
1362.981730897453,13.647787942062575,13.647787942062575,13.542883488920573,13.569384580161001,2.7263274327377243,3.0714703521938183
1363.1817575676757,13.639902957534995,13.639902957534995,13.536331176832581,13.57357076520054,3.1346877715756114,3.3979042853272032
1363.3817842378983,13.63200178351038,13.63200178351038,13.522211832808024,13.571126437651253,2.6346877715756114,2.8979042853272032
1363.581810908121,13.624084497990912,13.624084497990912,13.517863853539499,13.561885264865074,3.1346877715756114,2.3979042853272032
1363.7818375783438,13.616151179137852,13.616151179137852,13.519316124305545,13.543543718159674,3.6346877715756114,1.8979042853272032
1363.9818642485664,13.608201905270743,13.608201905270743,13.515691539865752,13.532525535096712,3.1346877715756114,2.3979042853272032
1364.1818909187891,13.600236754866621,13.600236754866621,13.501151788665425,13.53090344693568,2.6346877715756114,2.8979042853272032
1364.381917589012,13.592255806559281,13.592255806559281,13.502585436473556,13.525478977667117,3.1346877715756114,2.3979042853272032
1364.5819442592344,13.584259139138478,13.584259139138478,13.504588131722008,13.520859247649936,3.6346877715756114,2.8979042853272032
1364.7819709294572,13.576246831549124,13.576246831549124,13.508526397839374,13.5116636433921,3.5862539120802692,2.3979042853272032
1364.98199759968,13.568218962890562,13.568218962890562,13.503983746685691,13.49760377543673,3.0862539120802692,1.8979042853272032
1365.1820242699025,13.560175612415744,13.560175612415744,13.487594021790754,13.483820199660633,2.5862539120802692,2.0279866597923384
1365.3820509401253,13.552116859530468,13.552116859530468,13.462914818395996,13.4638508566995,2.0862539120802692,1.5279866597923384
1365.582077610348,13.544042783792586,13.544042783792586,13.431826747888984,13.451026240441358,1.685897322302051,2.0279866597923384
1365.7821042805706,13.535953464911227,13.535953464911227,13.412056342647361,13.430371779342428,2.185897322302051,1.5279866597923384
1365.9821309507934,13.527848982745983,13.527848982745983,13.400126177569797,13.405577439165436,2.685897322302051,1.0730097960698473
1366.1821576210161,13.51972941730616,13.51972941730616,13.394649488841424,13.388609048785316,3.185897322302051,1.5730097960698473
1366.3821842912387,13.511594848749976,13.511594848749976,13.387276875364083,13.373330007526642,2.8496814733604237,2.0730097960698473
1366.5822109614614,13.503445357383733,13.503445357383733,13.370250802267778,13.366284029582719,2.3496814733604237,2.5730097960698473
1366.7822376316842,13.495281023661084,13.495281023661084,13.355890564809553,13.36587734150053,2.373528557614879,3.0730097960698473
1366.9822643019068,13.487101928182208,13.487101928182208,13.331490513200954,13.369247081638978,2.1830364943944343,3.5730097960698473
1367.1822909721295,13.478908151692986,13.478908151692986,13.303187846933163,13.368465553023878,1.6830364943944343,3.0730097960698473
1367.3823176423523,13.470699775084263,13.470699775084263,13.26667052413829,13.374713544649168,1.2747694413079975,3.5730097960698473
1367.582344312575,13.462476879391012,13.462476879391012,13.240516864177364,13.374694099820754,1.7747694413079975,3.0730097960698473
1367.7823709827976,13.45423954579155,13.45423954579155,13.225409901755441,13.368628396562588,2.2747694413079973,2.5730097960698473
1367.9823976530204,13.445987855606695,13.445987855606695,13.216719544157849,13.356637273417645,2.7747694413079973,2.0730097960698473
1368.1824243232431,13.437721890299033,13.437721890299033,13.21423294370279,13.344300207379685,3.2747694413079973,1.989118353128168
1368.3824509934657,13.429441731472071,13.429441731472071,13.213371999366194,13.337715036104848,3.39106927664136,2.489118353128168
1368.5824776636885,13.421147460869413,13.421147460869413,13.207316593966135,13.323625152143972,2.89106927664136,1.989118353128168
1368.7825043339112,13.412839160374004,13.412839160374004,13.206623462997362,13.316709811960793,3.39106927664136,2.489118353128168
1368.9825310041338,13.404516912007297,13.404516912007297,13.212914839090816,13.303760803088672,3.89106927664136,1.989118353128168
1369.1825576743565,13.396180797928412,13.396180797928412,13.225935934828321,13.295645179748266,4.386679885932802,2.489118353128168
1369.3825843445793,13.387830900433382,13.387830900433382,13.238763405047512,13.281666455825704,4.455620719694964,2.0214370871368392
1369.5826110148018,13.379467301954316,13.379467301954316,13.247633954040628,13.261055883720694,3.9556207196949638,1.5214370871368392
1369.7826376850246,13.371090085058551,13.371090085058551,13.250098308667791,13.249081375012471,3.4556207196949638,2.0214370871368392
1369.9826643552474,13.362699332447896,13.362699332447896,13.252073431244023,13.225975356633993,3.49063099591381,1.5214370871368392
1370.18269102547,13.354295126957792,13.354295126957792,13.240788534050719,13.214689116477459,2.99063099591381,2.0214370871368392
1370.3827176956927,13.345877551556457,13.345877551556457,13.23475150797689,13.21126863107357,3.1593544210407454,2.5214370871368392
1370.5827443659155,13.33744668934413,13.33744668934413,13.22647911283571,13.209314924244948,2.750842305135043,3.0214370871368392
1370.782771036138,13.329002623552222,13.329002623552222,13.221395451244513,13.205908741152523,3.0331572469722388,2.788993293464944
1370.9827977063608,13.320545437542462,13.320545437542462,13.215911253528906,13.193937398380633,2.709674672449992,2.288993293464944
1371.1828243765835,13.312075214806123,13.312075214806123,13.215740391851254,13.175437014077858,3.209674672449992,1.788993293464944
1371.382851046806,13.30359203896321,13.30359203896321,13.226394157042211,13.168014482330934,3.709674672449992,2.288993293464944
1371.5828777170289,13.295095993761548,13.295095993761548,13.221096515003095,13.161903156312599,3.209674672449992,2.597882810281483
1371.7829043872516,13.286587163076046,13.286587163076046,13.207722322382935,13.153343027228562,2.709674672449992,2.2634666193433253
1371.9829310574742,13.278065630907836,13.278065630907836,13.190384408830763,13.136425801753287,2.209674672449992,1.9358824717438545
1372.182957727697,13.269531481383416,13.269531481383416,13.182756938193057,13.128533807767873,2.709674672449992,2.4358824717438545
1372.3829843979197,13.260984798753867,13.260984798753867,13.161545517202551,13.126026643531775,2.209674672449992,2.9358824717438545
1372.5830110681425,13.252425667393998,13.252425667393998,13.149976156667169,13.119015061950543,2.709674672449992,2.4358824717438545
1372.783037738365,13.243854171801521,13.243854171801521,13.125788851220253,13.118032274781621,2.209674672449992,2.9358824717438545
1372.9830644085878,13.23527039659618,13.23527039659618,13.114837810219932,13.1110420265947,2.709674672449992,2.4358824717438545
1373.1830910788105,13.226674426518978,13.226674426518978,13.096853545632394,13.096854797434279,2.209674672449992,1.9358824717438545
1373.383117749033,13.218066346431305,13.218066346431305,13.07154178061873,13.087405099925057,1.7096746724499918,2.4358824717438545
1373.5831444192559,13.209446241314078,13.209446241314078,13.047781078443338,13.073003473717264,2.209674672449992,1.9358824717438545
1373.7831710894786,13.200814196266956,13.200814196266956,13.026589921916019,13.062563542472626,1.8755920765335166,2.4358824717438545
1373.9831977597012,13.192170296507472,13.192170296507472,13.005384082223648,13.055797566993052,2.3755920765335166,2.466449277526854
1374.183224429924,13.183514627370162,13.183514627370162,12.997702138957566,13.056259730252872,2.8755920765335166,2.966449277526854
1374.3832511001467,13.17484727430578,13.17484727430578,12.995274860524935,13.054449967990223,3.3755920765335166,2.6186197028145504
1374.5832777703692,13.166168322880427,13.166168322880427,13.00101263231482,13.041651938908402,3.8755920765335166,2.1186197028145504
1374.783304440592,13.15747785877468,13.15747785877468,13.000098408822444,13.023948766980848,3.3755920765335166,1.6186197028145504
1374.9833311108148,13.148775967782793,13.148775967782793,13.010682070565455,13.01200906566775,3.8755920765335166,2.1186197028145504
1375.1833577810373,13.140062735811838,13.140062735811838,13.007525008287406,13.007576005426966,3.3755920765335166,2.6186197028145504
1375.38338445126,13.131338248880812,13.131338248880812,12.999149498887252,13.005697059889457,2.8755920765335166,3.1186197028145504
1375.5834111214829,13.122602593119856,13.122602593119856,13.000354935062953,13.001689250271335,3.3755920765335166,2.8323562213384053
1375.7834377917054,13.11385585476937,13.11385585476937,13.008162256784756,13.008408794239623,3.832350903480649,3.3323562213384053
1375.9834644619282,13.105098120179138,13.105098120179138,13.006641872531558,13.007613998590905,3.332350903480649,2.8323562213384053
1376.183491132151,13.096329475807526,13.096329475807526,12.99782066919328,13.002522681634085,2.832350903480649,2.6923258221281974
1376.3835178023735,13.087550008220608,13.087550008220608,12.982520884479726,13.0065114036603,2.332350903480649,2.979471647594606
1376.5835444725963,13.078759804091277,13.078759804091277,12.974333086760453,13.00077644548647,2.832350903480649,2.479471647594606
1376.783571142819,13.069958950198448,13.069958950198448,12.955473914055117,12.990599911535758,2.332350903480649,2.300790171160206
1376.9835978130416,13.06114753342617,13.06114753342617,12.930603898277997,12.97919617804156,1.8323509034806489,1.8007901711602061
1377.1836244832643,13.052325640762739,13.052325640762739,12.911396115027753,12.973922663817682,2.152098968364505,2.300790171160206
1377.383651153487,13.043493359299925,13.043493359299925,12.884050074944057,12.961285681116857,1.652098968364505,2.004336298910322
1377.5836778237099,13.03465077623202,13.03465077623202,12.859587031494314,12.94382298924926,2.152098968364505,1.5043362989103222
1377.7837044939324,13.025797978855039,13.025797978855039,12.854348065187887,12.926139906988048,2.652098968364505,1.5242803695615141
1377.9837311641552,13.016935054565797,13.016935054565797,12.833246522593058,12.909661973578771,2.152098968364505,2.024280369561514
1378.183757834378,13.008062090861126,13.008062090861126,12.82303744122029,12.893023370562167,2.652098968364505,1.524280369561514
1378.3837845046005,12.999179175336959,12.999179175336959,12.82075750740401,12.878464260438552,3.152098968364505,2.024280369561514
1378.5838111748233,12.99028639568745,12.99028639568745,12.8245335821537,12.86821974790568,3.652098968364505,2.2058367389268647
1378.783837845046,12.981383839704165,12.981383839704165,12.823756843343787,12.853073673510146,3.152098968364505,1.9448714819222326
1378.9838645152686,12.97247159527518,12.97247159527518,12.81508474708313,12.832194763700887,2.8846606110752773,1.4921438738196593
1379.1838911854913,12.963549750384193,12.963549750384193,12.820538161073337,12.817299505398825,3.3846606110752773,1.9921438738196593
1379.3839178557141,12.954618393109707,12.954618393109707,12.82960134402859,12.8029815161331,3.8846606110752773,1.4921438738196593
1379.5839445259367,12.94567761162413,12.94567761162413,12.841641026576655,12.791040128479294,4.12261807258738,1.9921438738196593
1379.7839711961594,12.936727494192887,12.936727494192887,12.84970257472587,12.78170465857975,3.62261807258738,2.4921438738196593
1379.9839978663822,12.92776812917359,12.92776812917359,12.847985786734018,12.782654042068753,3.12261807258738,2.9921438738196593
1380.1840245366047,12.91879960501515,12.91879960501515,12.846531124760384,12.790208771842632,3.62261807258738,3.4921438738196593
1380.3840512068275,12.909822010256871,12.909822010256871,12.845691814978105,12.799488287442053,3.3566727551842264,3.809195839033811
1380.5840778770503,12.90083543352763,12.90083543352763,12.834778278459417,12.801699516054002,2.8566727551842264,3.309195839033811
1380.7841045472728,12.891839963544978,12.891839963544978,12.818722582259715,12.801366967197877,2.3566727551842264,2.809195839033811
1380.9841312174956,12.882835689114232,12.882835689114232,12.792488109633215,12.790934860649344,1.8566727551842264,2.309195839033811
1381.1841578877184,12.873822699127658,12.873822699127658,12.776180092642404,12.778524130629393,2.350952642095307,2.2633047180220682
1381.384184557941,12.864801082563565,12.864801082563565,12.77035292768002,12.763121425823885,2.850952642095307,1.7633047180220682
1381.5842112281637,12.855770928485395,12.855770928485395,12.753304546711405,12.754126436906915,2.350952642095307,2.2633047180220682
1381.7842378983864,12.846732326040902,12.846732326040902,12.72597841845683,12.752588772841513,1.850952642095307,2.7633047180220682
1381.984264568609,12.83768536446125,12.83768536446125,12.71133238545869,12.742702936451284,2.350952642095307,2.2633047180220682
1382.1842912388317,12.828630133060091,12.828630133060091,12.679358244361026,12.727653101885469,1.850952642095307,1.7633047180220682
1382.3843179090545,12.81956672123275,12.81956672123275,12.65900452066936,12.705806990854146,2.350952642095307,1.2633047180220682
1382.5843445792773,12.810495218455301,12.810495218455301,12.654050335149792,12.687481410148402,2.850952642095307,1.47921928034018
1382.7843712494998,12.801415714283706,12.801415714283706,12.649208216707569,12.673820294304166,3.350952642095307,1.97921928034018
1382.9843979197226,12.792328298352885,12.792328298352885,12.641454057870357,12.666782551995203,2.850952642095307,2.47921928034018
1383.1844245899454,12.783233060375888,12.783233060375888,12.622463200273964,12.660473036173068,2.350952642095307,2.422157198818321
1383.384451260168,12.774130090143013,12.774130090143013,12.59411416874463,12.657301385281045,1.850952642095307,2.922157198818321
1383.5844779303907,12.765019477520834,12.765019477520834,12.574089582316363,12.650209809244304,2.350952642095307,2.422157198818321
1383.7845046006134,12.755901312451412,12.755901312451412,12.56644157174202,12.636374366069681,2.850952642095307,1.9221571988183208
1383.984531270836,12.74677568495137,12.74677568495137,12.567653772714118,12.623468146294536,3.350952642095307,1.7406283696430984
1384.1845579410588,12.737642685110966,12.737642685110966,12.567890387398542,12.614119938697883,3.3021666757492114,2.2406283696430984
1384.3845846112815,12.728502403093279,12.728502403093279,12.570218709541006,12.597105374736262,3.4623856635145693,1.7406283696430984
1384.584611281504,12.719354929133267,12.719354929133267,12.567539435318793,12.588742007070294,2.9623856635145693,2.2406283696430984
1384.7846379517268,12.71020035353687,12.71020035353687,12.564938956176121,12.572895353169297,3.4623856635145693,1.8607158274355333
1384.9846646219496,12.701038766680158,12.701038766680158,12.561310822316054,12.56586073853487,3.3690514101190048,2.3607158274355333
1385.1846912921721,12.691870259008423,12.691870259008423,12.554183528454356,12.562614282415952,2.8734075406455535,2.8607158274355333
1385.384717962395,12.682694921035253,12.682694921035253,12.553670297005976,12.557143565200429,3.3734075406455535,2.3607158274355333
1385.5847446326177,12.673512843341687,12.673512843341687,12.550372829130716,12.55397245564007,2.8734075406455535,2.8607158274355333
1385.7847713028402,12.664324116575312,12.664324116575312,12.533543560042816,12.546843157671825,2.3734075406455535,2.3607158274355333
1385.984797973063,12.655128831449314,12.655128831449314,12.518433696618382,12.539621824477504,2.4113789579248692,2.6060772732140847
1386.1848246432858,12.645927078741666,12.645927078741666,12.496272787524909,12.525164073986984,1.9113789579248692,2.1060772732140847
1386.3848513135083,12.636718949294181,12.636718949294181,12.482956527622436,12.524185532380983,2.4113789579248692,2.6060772732140847
1386.584877983731,12.627504534011603,12.627504534011603,12.474444976269295,12.523956488713473,2.9113789579248692,2.8154501143926227
1386.7849046539538,12.618283923860753,12.618283923860753,12.47325471765011,12.523644669452459,3.4113789579248692,3.0060204932470196
1386.9849313241764,12.609057209869615,12.609057209869615,12.474884096761373,12.519744092999524,3.4911421352668244,2.523790512611005
1387.1849579943992,12.599824483126401,12.599824483126401,12.484138676444708,12.504703905875381,3.702923170234241,2.023790512611005
1387.384984664622,12.590585834778707,12.590585834778707,12.485912439191903,12.485669702600877,3.4344623087321127,1.5237905126110052
1387.5850113348447,12.581341356032587,12.581341356032587,12.483676659934574,12.463855622991604,3.3614840917773927,1.0237905126110052
1387.7850380050672,12.572091138151658,12.572091138151658,12.472310428021371,12.441916564379909,2.8614840917773927,1.5237905126110052
1387.98506467529,12.562835272456164,12.562835272456164,12.463022903189275,12.426779234219259,2.7896265856485214,2.023790512611005
1388.1850913455128,12.55357385032214,12.55357385032214,12.442380606957359,12.421042391212676,2.2896265856485214,2.523790512611005
1388.3851180157353,12.544306963180473,12.544306963180473,12.41788219591058,12.414675241131157,1.7896265856485214,2.4457742535849416
1388.585144685958,12.535034702515974,12.535034702515974,12.40115854575669,12.401485210391852,2.2896265856485214,1.9457742535849416
1388.7851713561809,12.525757159866528,12.525757159866528,12.381282680126596,12.392734600149888,2.316391699012703,2.4457742535849416
1388.9851980264034,12.516474426822157,12.516474426822157,12.355229288808822,12.380047486469877,1.8163916990127031,1.9457742535849416
1389.1852246966262,12.507186595024129,12.507186595024129,12.340852798453177,12.371411085915188,2.316391699012703,2.1870604380993335
1389.385251366849,12.49789375616404,12.49789375616404,12.32972398913883,12.356309687822485,2.816391699012703,1.7140920769471517
1389.5852780370715,12.488596001982932,12.488596001982932,12.311273648727543,12.349168545588586,2.316391699012703,2.2140920769471517
1389.7853047072942,12.479293424270342,12.479293424270342,12.30032253384996,12.335504588789053,2.7613934844516126,1.7361813792799152
1389.985331377517,12.46998611486345,12.46998611486345,12.298257476543055,12.325814792527634,3.2613934844516126,2.2361813792799152
1390.1853580477396,12.460674165646159,12.460674165646159,12.300049190434274,12.316430573596303,3.6672933454675904,2.3016192300974367
1390.3853847179623,12.451357668548136,12.451357668548136,12.313901164882408,12.31648786095257,4.108195382178351,2.8016192300974367
1390.585411388185,12.442036715543985,12.442036715543985,12.329027016426666,12.316612129482808,4.608195382178351,2.784407472363797
1390.7854380584076,12.432711398652295,12.432711398652295,12.344928769928837,12.320684441458159,4.108195382178351,3.284407472363797
1390.9854647286304,12.423381809934703,12.423381809934703,12.348289124812414,12.319582406098439,3.6081953821783506,2.784407472363797
1391.1854913988532,12.41404804149506,12.41404804149506,12.342876779536576,12.316802879680628,3.1081953821783506,2.8951983693695427
1391.3855180690757,12.404710185478464,12.404710185478464,12.349616415284384,12.311967688819065,3.6081953821783506,2.3951983693695427
1391.5855447392985,12.395368334070353,12.395368334070353,12.342893485362698,12.308190414530634,3.1081953821783506,2.8951983693695427
1391.7855714095213,12.386022579495625,12.386022579495625,12.328584161773827,12.303175961780573,2.6081953821783506,2.3951983693695427
1391.9855980797438,12.37667301401772,12.37667301401772,12.322974898000878,12.304158763346827,3.1081953821783506,2.8951983693695427
1392.1856247499666,12.367319729937666,12.367319729937666,12.315448427250534,12.298123794651767,2.6081953821783506,2.3951983693695427
1392.3856514201893,12.357962819593231,12.357962819593231,12.299465270735107,12.284770386847061,2.486307458365982,1.8951983693695427
1392.585678090412,12.348602375357974,12.348602375357974,12.277667234302497,12.26415163339929,1.986307458365982,1.3951983693695427
1392.7857047606346,12.339238489640353,12.339238489640353,12.261879587130238,12.248658362182937,2.486307458365982,1.6238115256055063
1392.9857314308574,12.329871254882768,12.329871254882768,12.247402390810883,12.227091054809442,2.5987609194861707,1.1797072394003147
1393.1857581010802,12.320500763560714,12.320500763560714,12.244467828848082,12.21393598492888,3.0987609194861707,1.6797072394003147
1393.3857847713027,12.311127108181832,12.311127108181832,12.246261867715528,12.19054785111504,3.5987609194861707,1.179707239400315
1393.5858114415255,12.301750381284975,12.301750381284975,12.242600452979184,12.175913044195141,3.0987609194861707,1.679707239400315
1393.7858381117483,12.292370675439342,12.292370675439342,12.247176009607285,12.165160287307138,3.5987609194861707,2.1797072394003147
1393.9858647819708,12.282988083243547,12.282988083243547,12.240872710609388,12.154570899918685,3.0987609194861707,2.046488454870383
1394.1858914521936,12.273602697324664,12.273602697324664,12.22344651038738,12.150015169913262,2.5987609194861707,2.308773572683816
1394.3859181224163,12.26421461033738,12.26421461033738,12.200439142054384,12.143222357220324,2.0987609194861707,2.47173346030895
1394.5859447926389,12.254823914963048,12.254823914963048,12.172012436015173,12.142579290254279,1.5987609194861707,2.97173346030895
1394.7859714628617,12.245430703908736,12.245430703908736,12.134911427504512,12.13640023706698,1.146431754696921,2.47173346030895
1394.9859981330844,12.236035069906377,12.236035069906377,12.095975516013501,12.122108954121648,1.134657548733931,1.97173346030895
1395.186024803307,12.226637105711847,12.226637105711847,12.06802788521229,12.103613525153088,1.634657548733931,1.47173346030895
1395.3860514735297,12.217236904103967,12.217236904103967,12.045582915644559,12.096370790682997,2.134657548733931,1.97173346030895
1395.5860781437525,12.207834557883688,12.207834557883688,12.024140278997931,12.077014729939886,1.9707233756356144,1.47173346030895
1395.786104813975,12.19843015987313,12.19843015987313,12.008238120802346,12.065457214677709,2.4707233756356146,1.97173346030895
1395.9861314841978,12.189023802914644,12.189023802914644,12.000927357440146,12.05983882996662,2.9707233756356146,2.47173346030895
1396.1861581544206,12.179615579869946,12.179615579869946,12.007109896841868,12.058293329060893,3.4707233756356146,2.9420265754662522
1396.3861848246431,12.170205583619175,12.170205583619175,12.00272134284775,12.055049793402242,2.9707233756356146,2.4420265754662522
1396.586211494866,12.160793907059947,12.160793907059947,12.006719667941127,12.047258315650918,3.4707233756356146,2.3003289465868355
1396.7862381650887,12.151380643106494,12.151380643106494,11.99692313574993,12.035708616859905,2.9707233756356146,1.8003289465868355
1396.9862648353112,12.141965884688723,12.141965884688723,11.984161750130792,12.028170942474453,2.4707233756356146,2.3003289465868355
1397.186291505534,12.132549724751259,12.132549724751259,11.978555335792059,12.027442849502377,2.9707233756356146,2.8003289465868355
1397.3863181757567,12.1231322562526,12.1231322562526,11.979107399996206,12.021141812563267,3.4707233756356146,2.3003289465868355
1397.5863448459795,12.113713572164144,12.113713572164144,11.989576550434636,12.007579454465837,3.9707233756356146,2.0285291653783633
1397.786371516202,12.10429376546931,12.10429376546931,11.990419961374169,11.992030031943145,3.4707233756356146,1.5285291653783633
1397.9863981864248,12.094872929162559,12.094872929162559,11.98573462858135,11.96773912268286,2.9707233756356146,1.0285291653783633
1398.1864248566476,12.085451156248554,12.085451156248554,11.971371457704723,11.9376445363384,2.4707233756356146,0.5285291653783633
1398.3864515268701,12.076028539741205,12.076028539741205,11.951710810078994,11.910362489368662,2.495194452055309,1.0285291653783633
1398.586478197093,12.066605172662712,12.066605172662712,11.941528989225997,11.892228470050746,2.5788838870542343,1.5285291653783633
1398.7865048673157,12.057181148042721,12.057181148042721,11.935732272862065,11.882665584858728,3.0788838870542343,2.0285291653783633
1398.9865315375382,12.047756558917369,12.047756558917369,11.934075059675349,11.878112454787676,3.3238724695853934,2.5285291653783633
1399.186558207761,12.038331498328336,12.038331498328336,11.927359651969551,11.868859007518813,2.8606439740403955,2.0285291653783633
1399.3865848779838,12.028906059321987,12.028906059321987,11.91206053778729,11.863925417735206,2.3606439740403955,2.5285291653783633
1399.5866115482063,12.019480334948417,12.019480334948417,11.900385808869299,11.867280024783682,2.5780444123384383,3.0285291653783633
1399.786638218429,12.010054418260516,12.010054418260516,11.899408390956632,11.877143097530475,3.0780444123384383,3.5285291653783633
1399.9866648886518,12.000628402313097,12.000628402313097,11.900177115655302,11.879203238411616,3.5780444123384383,3.0285291653783633
1400.1866915588744,11.99120238016196,11.99120238016196,11.896017036832715,11.887363780477484,3.0780444123384383,3.5285291653783633
1400.3867182290971,11.981776444862925,11.981776444862925,11.882472366690765,11.888809549732361,2.5780444123384383,3.0285291653783633
1400.58674489932,11.972350689470996,11.972350689470996,11.878323479268554,11.882898283708608,3.0780444123384383,2.6758351639795417
1400.7867715695425,11.962925207039394,11.962925207039394,11.862904134490496,11.881545203302275,2.5780444123384383,2.705297366122521
1400.9867982397652,11.953500090618606,11.953500090618606,11.848757210211835,11.883331802194455,2.367772503806556,2.995570860744185
1401.186824909988,11.944075433255568,11.944075433255568,11.836892494842038,11.880265011737363,2.867772503806556,2.8338138980382466
1401.3868515802105,11.934651327992652,11.934651327992652,11.826986089974335,11.874662058236131,2.7175474744114827,2.372948397711757
1401.5868782504333,11.925227867866763,11.925227867866763,11.825483876661881,11.86382662764663,3.2175474744114827,1.872948397711757
1401.786904920656,11.915805145908463,11.915805145908463,11.819602948751283,11.843193753940602,2.7175474744114827,1.372948397711757
1401.9869315908786,11.906383255141026,11.906383255141026,11.79769149543497,11.82135408768136,2.2175474744114827,0.8729483977117569
1402.1869582611014,11.896962288579497,11.896962288579497,11.788187866414585,11.805608426712622,2.7175474744114827,1.372948397711757
1402.3869849313242,11.887542339229817,11.887542339229817,11.784151284863242,11.791965709524955,3.2175474744114827,1.872948397711757
1402.587011601547,11.878123500087886,11.878123500087886,11.777811317935829,11.782164321791551,2.861281772410176,2.372948397711757
1402.7870382717695,11.868705864138644,11.868705864138644,11.761143669533313,11.771252178572187,2.361281772410176,1.977854116403443
1402.9870649419922,11.859289524355129,11.859289524355129,11.757183403945726,11.75349734055396,2.861281772410176,1.477854116403443
1403.187091612215,11.849874573697608,11.849874573697608,11.756479337369518,11.729414161250766,3.361281772410176,0.9778541164034431
1403.3871182824375,11.840461105112642,11.840461105112642,11.748104635220017,11.710274449987976,2.861281772410176,1.477854116403443
1403.5871449526603,11.831049211532122,11.831049211532122,11.7307193121668,11.689500363233828,2.361281772410176,1.2321657177815628
1403.787171622883,11.821638985872424,11.821638985872424,11.708893320839392,11.67790773274033,2.1591270846946227,1.7321657177815628
1403.9871982931056,11.81223052103346,11.81223052103346,11.694727988267688,11.655892319779467,2.6591270846946227,1.2321657177815628
1404.1872249633284,11.802823909897723,11.802823909897723,11.689748805461585,11.642926731106924,3.1591270846946227,1.7321657177815628
1404.3872516335512,11.793419245329444,11.793419245329444,11.686041291169978,11.63818281378487,3.111326498512665,2.232165717781563
1404.5872783037737,11.78401662017363,11.78401662017363,11.679502206786562,11.63829207660631,2.9058626159285965,2.732165717781563
1404.7873049739965,11.774616127255126,11.774616127255126,11.670816323764395,11.645194999619392,3.026334268812816,3.232165717781563
1404.9873316442192,11.76521785937776,11.76521785937776,11.65509398559824,11.641923332276043,2.526334268812816,2.732165717781563
1405.1873583144418,11.75582190932339,11.75582190932339,11.65134004558579,11.641969091792875,3.026334268812816,2.8723233556264502
1405.3873849846645,11.746428369850966,11.746428369850966,11.636793574986234,11.648690230476769,2.526334268812816,3.3723233556264502
1405.5874116548873,11.737037333695666,11.737037333695666,11.618202389977773,11.65293325741461,2.1806089648320945,3.2305994659358435
1405.7874383251099,11.727648893567958,11.727648893567958,11.606943729210986,11.662694777162972,2.6806089648320945,3.4704579014534196
1405.9874649953326,11.718263142152647,11.718263142152647,11.587978876950434,11.66392305184759,2.1806089648320945,2.9704579014534196
1406.1874916655554,11.708880172108033,11.708880172108033,11.579975244768267,11.658749974197049,2.6806089648320945,2.4704579014534196
1406.387518335778,11.699500076064949,11.699500076064949,11.559580178472597,11.64886267328673,2.1806089648320945,2.027082493624354
1406.5875450060007,11.690122946625827,11.690122946625827,11.548111106817563,11.637315155168416,2.4641353620250137,2.11701058663296
1406.7875716762235,11.680748876363845,11.680748876363845,11.542244436186769,11.618244906423358,2.9641353620250137,1.61701058663296
1406.987598346446,11.671377957821969,11.671377957821969,11.527411959467281,11.597179506830054,2.4641353620250137,1.11701058663296
1407.1876250166688,11.662010283512048,11.662010283512048,11.52037592289949,11.582179027126502,2.9641353620250137,1.61701058663296
1407.3876516868916,11.652645945913909,11.652645945913909,11.504950064224975,11.569585274311754,2.4641353620250137,2.11701058663296
1407.5876783571143,11.64328503747443,11.64328503747443,11.502727061597145,11.568248698887036,2.9641353620250137,2.61701058663296
1407.7877050273369,11.633927650606653,11.633927650606653,11.491980304110621,11.562788953080195,2.7059299362826215,2.419710739875601
1407.9877316975596,11.62457387768882,11.62457387768882,11.476696148495737,11.56130640617057,2.6580832184484566,2.919710739875601
1408.1877583677824,11.615223811063524,11.615223811063524,11.47835244467506,11.557580365239195,3.1580832184484566,2.5680788124807146
1408.387785038005,11.605877543036778,11.605877543036778,11.47780899988151,11.547792994610015,3.514522479951202,2.0680788124807146
1408.5878117082277,11.59653516587705,11.59653516587705,11.488518441169209,11.53427809966498,4.014522479951202,1.5680788124807146
1408.7878383784505,11.587196771814437,11.587196771814437,11.495251544362976,11.512172482680798,3.514522479951202,1.0680788124807146
1408.987865048673,11.577862453039712,11.577862453039712,11.493573272109074,11.496927339335445,3.014522479951202,1.4325083430971404
1409.1878917188958,11.568532301703383,11.568532301703383,11.480426788963484,11.470835707235205,2.514522479951202,0.9325083430971404
1409.3879183891186,11.559206409914848,11.559206409914848,11.453104714958558,11.441002294930094,2.014522479951202,0.5259748947707998
1409.587945059341,11.549884869741456,11.549884869741456,11.438554206069218,11.41997223502867,2.514522479951202,1.0259748947707998
1409.7879717295639,11.54056777320756,11.54056777320756,11.422035710981959,11.40038052396866,2.202706537742431,1.5259748947707998
1409.9879983997866,11.53125521229368,11.53125521229368,11.40656998512092,11.37857647276458,2.514137520448103,1.0259748947707998
1410.1880250700092,11.521947278935555,11.521947278935555,11.386981720605972,11.361781308658475,2.295849526603153,1.5259748947707998
1410.388051740232,11.512644065023213,11.512644065023213,11.378462417725707,11.34768591422244,2.795849526603153,2.0259748947708
1410.5880784104547,11.50334566240012,11.50334566240012,11.375986645167497,11.341678469293212,3.295849526603153,2.5259748947708
1410.7881050806773,11.494052162862243,11.494052162862243,11.367972504452675,11.335114676403983,2.795849526603153,2.0259748947708
1410.9881317509,11.484763658157116,11.484763658157116,11.370230748151426,11.333439507999174,3.295849526603153,2.5259748947708
1411.1881584211228,11.475480239982987,11.475480239982987,11.36106571658631,11.323932156133823,2.795849526603153,2.0259748947708
1411.3881850913453,11.4662019999879,11.4662019999879,11.346081589675705,11.318539988464147,2.6967945873259036,2.451376858307129
1411.5882117615681,11.456929029768737,11.456929029768737,11.34098949054894,11.319308247865493,3.1967945873259036,2.951376858307129
1411.788238431791,11.447661420870393,11.447661420870393,11.335464444958399,11.314503998739252,2.9791907421501884,2.451376858307129
1411.9882651020134,11.438399264784834,11.438399264784834,11.325868966866947,11.315711819788435,2.9675280783694453,2.951376858307129
1412.1882917722362,11.429142652950159,11.429142652950159,11.308931074632332,11.324107071549633,2.4675280783694453,3.451376858307129
1412.388318442459,11.41989167674977,11.41989167674977,11.303006265773769,11.326794980119095,2.9675280783694453,2.951376858307129
1412.5883451126817,11.41064642751142,11.41064642751142,11.309096397390418,11.33317524194741,3.4675280783694453,3.451376858307129
1412.7883717829043,11.401406996506331,11.401406996506331,11.318041462477176,11.335107065196837,3.7908256508787384,2.951376858307129
1412.988398453127,11.392173474948253,11.392173474948253,11.321660665382648,11.331173623307015,3.2908256508787384,2.451376858307129
1413.1884251233498,11.382945953992648,11.382945953992648,11.316802808170658,11.328087379301847,2.7908256508787384,2.3544764727526655
1413.3884517935724,11.373724524735717,11.373724524735717,11.299565293386992,11.313026056481323,2.2908256508787384,1.8544764727526655
1413.5884784637951,11.364509278213498,11.364509278213498,11.277515180226793,11.306258809263252,1.7908256508787384,2.3544764727526655
1413.788505134018,11.35530030540102,11.35530030540102,11.261925657077928,11.308531255684485,2.2908256508787384,2.8544764727526655
1413.9885318042404,11.346097697211382,11.346097697211382,11.243403786709075,11.303642980145094,1.9140552352138098,2.3544764727526655
1414.1885584744632,11.336901544494813,11.336901544494813,11.228031898391418,11.3090815844367,2.4140552352138096,2.8544764727526655
1414.388585144686,11.327711938037849,11.327711938037849,11.222187153094225,11.301931410036103,2.9140552352138096,2.3544764727526655
1414.5886118149085,11.318528968562394,11.318528968562394,11.210169602155101,11.29598278651399,2.4140552352138096,2.534651997613085
1414.7886384851313,11.309352726724804,11.309352726724804,11.203180197018035,11.283552851922757,2.9140552352138096,2.034651997613085
1414.988665155354,11.300183303115048,11.300183303115048,11.18960241945262,11.279077453700133,2.4140552352138096,2.534651997613085
1415.1886918255766,11.29102078825578,11.29102078825578,11.169970335225475,11.281048985450896,1.9303386517308763,2.8267743984319718
1415.3887184957994,11.281865272601426,11.281865272601426,11.13626176869678,11.289139330845497,1.4303386517308763,3.3267743984319718
1415.5887451660221,11.272716846537339,11.272716846537339,11.115007061794726,11.290042788102694,1.9303386517308763,2.8267743984319718
1415.7887718362447,11.263575600378882,11.263575600378882,11.090164189130267,11.287654020936099,1.4303386517308763,2.7441305498444906
1415.9887985064674,11.254441624370507,11.254441624370507,11.066636099749484,11.277683676000757,1.9303386517308763,2.2441305498444906
1416.1888251766902,11.245315008684928,11.245315008684928,11.057018943492334,11.265121348174276,2.4303386517308763,1.7441305498444906
1416.3888518469128,11.23619584342219,11.23619584342219,11.051183463687828,11.257774953935503,2.9303386517308763,2.130821874614369
1416.5888785171355,11.227084218608756,11.227084218608756,11.05169367490491,11.244648184334823,3.290028412825505,1.630821874614369
1416.7889051873583,11.217980224196683,11.217980224196683,11.065454467465933,11.224464832717477,3.790028412825505,1.130821874614369
1416.988931857581,11.208883950062685,11.208883950062685,11.063650201352175,11.197304545888704,3.290028412825505,0.630821874614369
1417.1889585278036,11.19979548600727,11.19979548600727,11.067111303153574,11.16209522816577,3.3983369495332876,0.130821874614369
1417.3889851980264,11.190714921753814,11.190714921753814,11.061657740777804,11.133210133670884,2.8983369495332876,0.630821874614369
1417.5890118682491,11.181642346947735,11.181642346947735,11.064018991364593,11.105331651865862,3.3983369495332876,0.5886170147166946
1417.7890385384717,11.172577851155575,11.172577851155575,11.075523684788452,11.081575726579652,3.8983369495332876,1.0886170147166947
1417.9890652086945,11.163521523864091,11.163521523864091,11.0790908168531,11.067027802521949,3.3983369495332876,1.5886170147166947
1418.1890918789172,11.154473454479426,11.154473454479426,11.090112028122538,11.062973322735846,3.745699874086002,2.0886170147166947
1418.3891185491398,11.1454337323262,11.1454337323262,11.093564141339632,11.058098657851215,3.245699874086002,2.417094666866401
1418.5891452193625,11.136402446646597,11.136402446646597,11.077713590923029,11.043524500877162,2.745699874086002,1.9170946668664008
1418.7891718895853,11.127379686599548,11.127379686599548,11.063241652136579,11.02783175266485,2.245699874086002,1.4582527388784734
1418.9891985598078,11.1183655412598,11.1183655412598,11.033257882377466,11.015785346168549,1.7514981383399255,1.7561704667145528
1419.1892252300306,11.10936009961706,11.10936009961706,11.019589889904347,10.998602594031658,2.2514981383399255,1.2561704667145528
1419.3892519002534,11.100363450575104,11.100363450575104,10.999415752152364,10.972316248740212,1.7514981383399255,0.7561704667145528
1419.589278570476,11.091375682950924,11.091375682950924,10.972160517925662,10.954619582366869,1.476289239724995,1.2561704667145528
1419.7893052406987,11.082396885473793,11.082396885473793,10.948902959216129,10.944045243145514,1.976289239724995,1.7561704667145528
1419.9893319109215,11.073427146784464,11.073427146784464,10.921387466972927,10.937723200349483,1.476289239724995,2.256170466714553
1420.189358581144,11.06446655543426,11.06446655543426,10.89999299261677,10.940198842283008,1.976289239724995,2.756170466714553
1420.3893852513668,11.055515199884168,11.055515199884168,10.889836163833248,10.93365512962608,2.476289239724995,2.256170466714553
1420.5894119215895,11.046573168504027,11.046573168504027,10.873346983914184,10.928244724956173,2.3580089169164946,2.3836228761469322
1420.789438591812,11.037640549571625,11.037640549571625,10.852203467182422,10.912495876855166,1.9868742561200348,1.8836228761469322
1420.9894652620349,11.028717431271799,11.028717431271799,10.841117929896953,10.893256238530334,2.4868742561200348,1.3836228761469322
1421.1894919322576,11.019803901695626,11.019803901695626,10.83279350097672,10.879866958051947,2.9868742561200348,1.8836228761469322
1421.3895186024802,11.010900048839515,11.010900048839515,10.820521500032246,10.873944016886574,2.4868742561200348,2.3836228761469322
1421.589545272703,11.00200596060432,11.00200596060432,10.81804331021163,10.87186167713283,2.9868742561200348,2.836737837146873
1421.7895719429257,10.993121724794523,10.993121724794523,10.825373152596057,10.867949227686895,3.4868742561200348,2.336737837146873
1421.9895986131485,10.984247429117332,10.984247429117332,10.822458677821329,10.866281723026475,2.9868742561200348,2.836737837146873
1422.189625283371,10.975383161181835,10.975383161181835,10.817469773452128,10.87555029746446,2.6993213805656815,3.336737837146873
1422.3896519535938,10.966529008498089,10.966529008498089,10.806877387540364,10.876438424149043,2.213280897192319,2.836737837146873
1422.5896786238166,10.957685058476327,10.957685058476327,10.80226151881233,10.868851883299346,2.713280897192319,2.336737837146873
1422.789705294039,10.948851398426056,10.948851398426056,10.788308646692174,10.856311118489083,2.3639783257973246,1.836737837146873
1422.9897319642619,10.940028115555169,10.940028115555169,10.782342490450935,10.851376918684718,2.8639783257973246,2.336737837146873
1423.1897586344846,10.931215296969139,10.931215296969139,10.785846018105916,10.845613773431564,3.3639783257973246,1.9602450305998707
1423.3897853047072,10.922413029670139,10.922413029670139,10.782581263868222,10.829373366816977,2.8639783257973246,1.4602450305998707
1423.58981197493,10.913621400556146,10.913621400556146,10.776036909730612,10.821829460220055,2.921978653213245,1.9602450305998707
1423.7898386451527,10.904840496420139,10.904840496420139,10.776306800987477,10.820362158060671,2.9945024607462014,2.4602450305998707
1423.9898653153753,10.896070403949228,10.896070403949228,10.770182151006786,10.810129539684016,2.4945024607462014,1.9602450305998707
1424.189891985598,10.887311209723746,10.887311209723746,10.763518734036852,10.802663356432666,2.9945024607462014,2.1553069805149083
1424.3899186558208,10.878563000216474,10.878563000216474,10.760921580186404,10.793607226059455,3.0261682457096795,1.8963085920224274
1424.5899453260433,10.869825861791748,10.869825861791748,10.765231990881828,10.79001837603499,3.5261682457096795,2.3963085920224274
1424.789971996266,10.861099880704575,10.861099880704575,10.757858550998607,10.781669717121684,3.0261682457096795,1.8963085920224274
1424.9899986664889,10.852385143099838,10.852385143099838,10.75393235052646,10.766892114594564,2.7720706094163328,1.3963085920224274
1425.1900253367114,10.843681735011446,10.843681735011446,10.73862095406826,10.74594788400753,2.2720706094163328,0.8963085920224274
1425.3900520069342,10.834989742361406,10.834989742361406,10.713006708813099,10.726766438806496,1.7720706094163328,1.3963085920224274
1425.590078677157,10.826309250959069,10.826309250959069,10.683677665795416,10.704491023595544,1.2720706094163328,0.8963085920224274
1425.7901053473795,10.81764034650024,10.81764034650024,10.658721328676684,10.686316418086271,1.7720706094163328,1.3963085920224274
1425.9901320176023,10.808983114566306,10.808983114566306,10.638529782910767,10.6754682004801,2.2720706094163328,1.8963085920224274
1426.190158687825,10.800337640623452,10.800337640623452,10.628300078893323,10.66678897117106,2.7720706094163328,1.7516388097111935
1426.3901853580476,10.791704010021782,10.791704010021782,10.626792222400589,10.661182758448776,3.2720706094163328,2.2516388097111935
1426.5902120282703,10.783082307994452,10.783082307994452,10.622493833042746,10.651542649410235,2.981379835904448,1.7516388097111935
1426.790238698493,10.774472619656887,10.774472619656887,10.626899823845239,10.645287350329257,3.481379835904448,2.2516388097111935
1426.9902653687159,10.765875030005901,10.765875030005901,10.644182516368666,10.639735103831583,3.981379835904448,2.4407541575941876
1427.1902920389384,10.757289623918872,10.757289623918872,10.665585802486428,10.633511022238897,4.481379835904448,1.9407541575941876
1427.3903187091612,10.748716486152874,10.748716486152874,10.674506734468583,10.628570569510465,3.9813798359044483,2.4407541575941876
1427.590345379384,10.740155701343895,10.740155701343895,10.679611622111139,10.63223485006369,3.4813798359044483,2.9407541575941876
1427.7903720496065,10.731607354005966,10.731607354005966,10.674008717349242,10.635153506382792,2.9813798359044483,3.0068437736031717
1427.9903987198293,10.723071528530314,10.723071528530314,10.659599731278362,10.636715021774185,2.4813798359044483,3.1613220060899345
1428.190425390052,10.714548309184565,10.714548309184565,10.641288350899393,10.638251987606802,1.9813798359044483,2.6613220060899345
1428.3904520602746,10.706037780111899,10.706037780111899,10.615587378339546,10.640754588941064,1.4813798359044483,3.019847619674991
1428.5904787304974,10.69754002533019,10.69754002533019,10.578648121892964,10.63820612452441,0.9813798359044483,2.7973490515595887
1428.7905054007201,10.689055128731221,10.689055128731221,10.547518800847296,10.633057752870071,1.4813798359044483,2.2973490515595887
1428.9905320709427,10.680583174079846,10.680583174079846,10.523950876228366,10.618338296761195,1.9813798359044483,1.7973490515595887
1429.1905587411654,10.67212424501312,10.67212424501312,10.513014899794962,10.609769338819216,2.4813798359044483,2.0711654739788603
1429.3905854113882,10.66367842503953,10.66367842503953,10.512969406395028,10.591967309103573,2.9813798359044483,1.5711654739788603
1429.5906120816107,10.655245797538155,10.655245797538155,10.511418232894638,10.584446921502536,3.2283929713785353,2.0711654739788603
1429.7906387518335,10.646826445757803,10.646826445757803,10.505615921426486,10.570559971627457,2.93294078505484,1.623897293681036
1429.9906654220563,10.63842045281625,10.63842045281625,10.504864594442587,10.550212428500785,2.8832705932356664,1.123897293681036
1430.1906920922788,10.63002790169939,10.63002790169939,10.493569847621439,10.535679135827044,2.6678300562764137,1.623897293681036
1430.3907187625016,10.621648875260389,10.621648875260389,10.493359987316015,10.528699269161608,3.1678300562764137,2.1238972936810363
1430.5907454327244,10.61328345621892,10.61328345621892,10.50095096328405,10.528675426260117,3.6678300562764137,2.6238972936810363
1430.790772102947,10.604931727160322,10.604931727160322,10.505986941695468,10.518740073652387,3.3552787748755506,2.1500961231753175
1430.9907987731697,10.59659377053475,10.59659377053475,10.50493495460113,10.505433488769649,2.9954560219696114,1.6500961231753175
1431.1908254433924,10.58826966865644,10.58826966865644,10.495727452439214,10.493436596437286,2.4954560219696114,1.6347362771211595
1431.390852113615,10.579959503702836,10.579959503702836,10.476727220952178,10.472395106621391,1.9954560219696114,1.1347362771211595
1431.5908787838378,10.571663357713767,10.571663357713767,10.454326434719155,10.461996774625957,1.8830199777588739,1.6347362771211595
1431.7909054540605,10.563381312590689,10.563381312590689,10.439364561217738,10.455725529949358,2.383019977758874,2.1347362771211595
1431.9909321242833,10.55511345009585,10.55511345009585,10.434614931494357,10.451845289128567,2.883019977758874,2.4093887543264536
1432.1909587945058,10.546859851851487,10.546859851851487,10.43644817266311,10.455431757927395,3.383019977758874,2.9093887543264536
1432.3909854647286,10.53862059933899,10.53862059933899,10.429343073923146,10.467308221479245,2.883019977758874,3.4093887543264536
1432.5910121349514,10.530395773898155,10.530395773898155,10.433495698342632,10.46676683412873,3.2313006810762204,2.9093887543264536
1432.791038805174,10.522185456726348,10.522185456726348,10.440981678435575,10.477481382059304,3.7313006810762204,3.4093887543264536
1432.9910654753967,10.51398972887768,10.51398972887768,10.443719297144467,10.479007488019313,3.2313006810762204,2.9093887543264536
1433.1910921456195,10.50580867126226,10.50580867126226,10.457701126307324,10.485079231733913,3.7313006810762204,3.228916504094567
1433.391118815842,10.497642364645367,10.497642364645367,10.469795869071469,10.482472907514524,3.894767210370278,2.728916504094567
1433.5911454860648,10.489490889646632,10.489490889646632,10.472433647151709,10.487567339696426,3.394767210370278,3.228916504094567
1433.7911721562875,10.481354326739288,10.481354326739288,10.465221091563732,10.488841656769717,2.894767210370278,2.728916504094567
1433.99119882651,10.473232756249352,10.473232756249352,10.452715765281386,10.487315220289387,2.394767210370278,2.228916504094567
1434.1912254967328,10.465126258354813,10.465126258354813,10.431966546076564,10.476062116940327,1.894767210370278,1.7289165040945669
1434.3912521669556,10.457034913084875,10.457034913084875,10.416939454533363,10.456662602851043,2.394767210370278,1.2289165040945669
1434.5912788371782,10.448958800319161,10.448958800319161,10.400459090560318,10.433475068931372,1.9771112014983774,0.728916504094567
1434.791305507401,10.440897999786888,10.440897999786888,10.376091848163261,10.408668820040617,1.4771112014983774,0.4898320732966547
1434.9913321776237,10.432852591066125,10.432852591066125,10.356005418231177,10.386398463099985,1.85907289379483,0.9898320732966547
1435.1913588478462,10.424822653583,10.424822653583,10.34690475482672,10.35771345520556,2.35907289379483,0.4898320732966547
1435.391385518069,10.416808266610872,10.416808266610872,10.328592268149837,10.334778864942193,1.8753875819281478,0.9898320732966547
1435.5914121882918,10.408809509269615,10.408809509269615,10.315463990004172,10.319449461994513,2.375387581928148,1.4898320732966548
1435.7914388585143,10.400826460524796,10.400826460524796,10.312959800626793,10.297291329338725,2.875387581928148,0.9898320732966548
1435.991465528737,10.39285919918688,10.39285919918688,10.31578609082613,10.282288778878536,3.375387581928148,1.4898320732966548
1436.1914921989598,10.384907803910504,10.384907803910504,10.309733940924499,10.261832997108428,2.875387581928148,0.9898320732966548
1436.3915188691824,10.37697235319367,10.37697235319367,10.311280792878497,10.24800196653242,3.375387581928148,1.452694572371587
1436.5915455394052,10.369052925376943,10.369052925376943,10.311320208035676,10.227453733483552,2.875387581928148,1.0157540972746495
1436.791572209628,10.361149598642726,10.361149598642726,10.30156591505835,10.212389724723472,2.375387581928148,1.5157540972746495
1436.9915988798507,10.353262451014484,10.353262451014484,10.296400447101723,10.204987131721763,2.718240072846033,2.0157540972746495
1437.1916255500732,10.345391560355946,10.345391560355946,10.282838209122517,10.202243650466313,2.218240072846033,2.5157540972746495
1437.391652220296,10.337537004370322,10.337537004370322,10.260584225270705,10.208001909407761,1.718240072846033,3.0157540972746495
1437.5916788905188,10.3296988605996,10.3296988605996,10.247338593940347,10.20476513153588,2.218240072846033,2.5157540972746495
1437.7917055607413,10.321877206423732,10.321877206423732,10.23969814871539,10.206384076280743,2.718240072846033,3.0157540972746495
1437.991732230964,10.31407211905986,10.31407211905986,10.22668818888088,10.20367364413927,2.218240072846033,2.5157540972746495
1438.1917589011869,10.306283675561602,10.306283675561602,10.207752334948683,10.207672173997814,1.718240072846033,2.958807678143623
1438.3917855714094,10.29851195281826,10.29851195281826,10.195643328192586,10.209126921554768,2.218240072846033,2.796075161058683
1438.5918122416322,10.290757027554042,10.290757027554042,10.167450674892002,10.20392844118541,1.718240072846033,2.296075161058683
1438.791838911855,10.283018976327352,10.283018976327352,10.154528254364898,10.206910118488505,2.218240072846033,2.796075161058683
1438.9918655820775,10.275297875530011,10.275297875530011,10.144380634808766,10.202969963266517,2.718240072846033,2.296075161058683
1439.1918922523002,10.267593801386475,10.267593801386475,10.138372665423926,10.19382112082445,2.6764716819602903,1.796075161058683
1439.391918922523,10.259906829953133,10.259906829953133,10.130098602150714,10.18627493610152,2.3628712037225847,2.296075161058683
1439.5919455927456,10.252237037117533,10.252237037117533,10.121743171962633,10.174829641885868,2.8628712037225847,1.796075161058683
1439.7919722629683,10.24458449859761,10.24458449859761,10.110002011957054,10.160076591278395,2.3628712037225847,1.296075161058683
1439.991998933191,10.236949289940979,10.236949289940979,10.08580900566397,10.142277625594701,1.8628712037225847,1.137451280345731
1440.1920256034136,10.229331486524178,10.229331486524178,10.075328139482787,10.130909183529969,2.3628712037225847,1.637451280345731
1440.3920522736364,10.221731163551885,10.221731163551885,10.069680571467494,10.122720570386736,2.8628712037225847,2.137451280345731
1440.5920789438592,10.214148396056235,10.214148396056235,10.061215573103334,10.117167266588508,2.3628712037225847,2.139069009342
1440.7921056140817,10.206583258896053,10.206583258896053,10.055351224064802,10.1188443620504,2.7398241851747196,2.639069009342
1440.9921322843045,10.199035826756088,10.199035826756088,10.054002736789782,10.11696400729976,3.2398241851747196,2.6627769148550358
1441.1921589545273,10.19150617414632,10.19150617414632,10.04707319650398,10.121811661511009,2.7398241851747196,3.1627769148550358
1441.3921856247498,10.183994375401213,10.183994375401213,10.038012051890982,10.119986611282897,2.373753668696629,2.6627769148550358
1441.5922122949726,10.176500504678945,10.176500504678945,10.03484144476449,10.111882656078128,2.873753668696629,2.1627769148550358
1441.7922389651953,10.16902463596073,10.16902463596073,10.038979229151199,10.111533221155112,3.373753668696629,2.6627769148550358
1441.992265635418,10.161566843050053,10.161566843050053,10.041915278529553,10.114884525529204,3.354236362437333,3.1627769148550358
1442.1922923056406,10.15412719957196,10.15412719957196,10.037982752144035,10.11205653539504,2.854236362437333,2.6627769148550358
1442.3923189758634,10.146705778972295,10.146705778972295,10.024449669373432,10.114415052449447,2.571735188051453,2.8440498542701
1442.5923456460862,10.139302654517031,10.139302654517031,10.021783237520117,10.117475728869243,2.8920369677941613,3.0649883728562806
1442.7923723163087,10.131917899291503,10.131917899291503,10.030823747135857,10.118785829563931,3.3920369677941613,3.024738051434198
1442.9923989865315,10.124551586199704,10.124551586199704,10.032399429913406,10.120867497432386,2.8920369677941613,2.524738051434198
1443.1924256567543,10.117203787963561,10.117203787963561,10.021866679729012,10.111951395604347,2.3920369677941613,2.024738051434198
1443.3924523269768,10.109874577122229,10.109874577122229,10.019885795901985,10.09634286232051,2.8920369677941613,1.524738051434198
1443.5924789971996,10.102564026031335,10.102564026031335,10.00906172772349,10.085285479031718,2.4321558340748446,1.5642128381450537
1443.7925056674223,10.095272206862319,10.095272206862319,10.00802238178656,10.062649097802817,2.9321558340748446,1.0642128381450537
1443.992532337645,10.0879991916017,10.0879991916017,9.997774300363446,10.039759456623054,2.4321558340748446,0.7278287458638972
1444.1925590078677,10.080745052050325,10.080745052050325,9.995288651671265,10.020813794172197,2.9321558340748446,1.2278287458638972
1444.3925856780904,10.073509859822732,10.073509859822732,9.981461494592322,9.997104271758543,2.4321558340748446,0.7278287458638972
1444.592612348313,10.0662936863464,10.0662936863464,9.97768966618737,9.979694091557961,2.9321558340748446,1.2278287458638972
1444.7926390185357,10.059096602861027,10.059096602861027,9.983951274388394,9.967796130308276,3.276170198847088,1.7278287458638972
1444.9926656887585,10.051918680417877,10.051918680417877,9.996237003868545,9.957084509088329,3.776170198847088,1.6942870523097406
1445.192692358981,10.044759989879047,10.044759989879047,10.00610177582106,9.949517705423595,3.6281502002959902,1.71861895607279
1445.3927190292038,10.037620601916753,10.037620601916753,10.003957540201789,9.93622213493523,3.1281502002959902,1.4970780213341572
1445.5927456994266,10.030500587012675,10.030500587012675,9.995456539556619,9.930151314330239,2.6281502002959902,1.9970780213341572
1445.7927723696491,10.023400015457234,10.023400015457234,9.980471160470472,9.916940926624486,2.1281502002959902,1.4970780213341572
1445.992799039872,10.016318957348883,10.016318957348883,9.972939557794266,9.91096041867366,2.6281502002959902,1.9970780213341572
1446.1928257100947,10.009257482593453,10.009257482593453,9.971910473550295,9.91149700508373,2.8213368711203555,2.4970780213341572
1446.3928523803172,10.002215660903445,10.002215660903445,9.954666717349172,9.90285594231435,2.3213368711203555,1.9970780213341572
1446.59287905054,9.99519356179732,9.99519356179732,9.948052090924602,9.890190472453813,2.798366048360868,1.4970780213341572
1446.7929057207627,9.988191254598853,9.988191254598853,9.949404603939158,9.883239556313058,3.1119234244542833,1.9970780213341572
1446.9929323909855,9.98120880843642,9.98120880843642,9.943638130784972,9.884265902578084,2.6119234244542833,2.4970780213341572
1447.192959061208,9.974246292242338,9.974246292242338,9.927825622375375,9.879857303847954,2.1119234244542833,1.9970780213341572
1447.3929857314308,9.96730377475214,9.96730377475214,9.908289860345734,9.876240789243461,1.6119234244542833,2.4970780213341572
1447.5930124016536,9.960381324503956,9.960381324503956,9.888178224698901,9.867951531821637,2.1119234244542833,2.0384883967967915
1447.7930390718761,9.953479009837807,9.953479009837807,9.859245415760668,9.859084476400174,1.6119234244542833,1.9265813905065647
1447.993065742099,9.946596898894905,9.946596898894905,9.84369763159661,9.845331919712937,2.1119234244542833,1.4265813905065647
1448.1930924123217,9.93973505961703,9.93973505961703,9.829878769322892,9.828473514697954,2.6119234244542833,0.9265813905065647
1448.3931190825442,9.932893559745839,9.932893559745839,9.811712691259027,9.814180451695105,2.1119234244542833,1.4265813905065645
1448.593145752767,9.926072466822166,9.926072466822166,9.801219843020888,9.80613354464084,2.6119234244542833,1.9265813905065645
1448.7931724229898,9.9192718481854,9.9192718481854,9.78678394145948,9.80485990482408,2.1340220185598326,2.4265813905065645
1448.9931990932123,9.912491770972826,9.912491770972826,9.77822628578874,9.809622157920096,2.523499781761818,2.9265813905065645
1449.193225763435,9.905732302118897,9.905732302118897,9.76529689348114,9.808473801522272,2.275871574654815,2.66646718037778
1449.3932524336578,9.898993508354641,9.898993508354641,9.760850685564757,9.813113187649716,2.6592939928680703,3.16646718037778
1449.5932791038804,9.89227545620698,9.89227545620698,9.746472029196367,9.817145510542355,2.1592939928680703,2.66646718037778
1449.7933057741031,9.885578211998043,9.885578211998043,9.734894903904229,9.826011727972292,2.4469652113168836,3.16646718037778
1449.993332444326,9.878901841844566,9.878901841844566,9.729868630131802,9.827999697127936,2.9469652113168836,2.66646718037778
1450.1933591145485,9.872246411657212,9.872246411657212,9.72277091171977,9.828438336338744,2.4469652113168836,2.686748559441164
1450.3933857847712,9.86561198713989,9.86561198713989,9.722295907126078,9.820291179536179,2.9469652113168836,2.186748559441164
1450.593412454994,9.858998633789167,9.858998633789167,9.717697210130526,9.817985606328241,2.9862608483291204,2.651706912333633
1450.7934391252165,9.852406416893587,9.852406416893587,9.724365091952574,9.812929044350646,3.4862608483291204,2.151706912333633
1450.9934657954393,9.845835401533007,9.845835401533007,9.725618523687217,9.811500183012257,2.9862608483291204,2.581740028815907
1451.193492465662,9.839285652578,9.839285652578,9.715717473753706,9.80515106486918,2.4862608483291204,2.081740028815907
1451.3935191358846,9.832757234689197,9.832757234689197,9.704215908852115,9.793595798973863,2.5214170694101354,1.581740028815907
1451.5935458061074,9.826250212316612,9.826250212316612,9.702389467214074,9.773416929658916,3.0123763995313753,1.081740028815907
1451.7935724763302,9.819764649699069,9.819764649699069,9.703162555313739,9.765327609146427,3.2244513330438918,1.581740028815907
1451.993599146553,9.813300610863525,9.813300610863525,9.70425369303842,9.7508406591759,3.1575454039246034,1.3662487326203374
1452.1936258167755,9.806858159624458,9.806858159624458,9.714160140504914,9.73313275747413,3.6575454039246034,1.032317026384912
1452.3936524869982,9.800437359583203,9.800437359583203,9.721877209494714,9.71561416398497,3.5004766098266145,1.532317026384912
1452.593679157221,9.794038274127374,9.794038274127374,9.724636411037542,9.711083364121402,3.0004766098266145,2.032317026384912
1452.7937058274435,9.787660966430215,9.787660966430215,9.709755751439536,9.695867217547935,2.5004766098266145,1.532317026384912
1452.9937324976663,9.781305499449951,9.781305499449951,9.704023988465261,9.68775819006391,2.760532990654028,2.032317026384912
1453.193759167889,9.774971935929212,9.774971935929212,9.70664135190432,9.689102587960141,3.0319585545590604,2.532317026384912
1453.3937858381116,9.768660338394394,9.768660338394394,9.700518836336292,9.682733887273466,2.5319585545590604,2.032317026384912
1453.5938125083344,9.762370769155016,9.762370769155016,9.692231217963014,9.68229754811144,2.1756486025409885,2.532317026384912
1453.7938391785572,9.756103290303152,9.756103290303152,9.673947558229765,9.677543797559881,1.6756486025409885,2.032317026384912
1453.9938658487797,9.749857963712792,9.749857963712792,9.662165263279912,9.665711666800185,2.1756486025409885,1.532317026384912
1454.1938925190025,9.743634851039216,9.743634851039216,9.654776521743008,9.6455063501895,2.6756486025409885,1.032317026384912
1454.3939191892252,9.73743401371842,9.73743401371842,9.641714734622372,9.628326575900884,2.502129230700885,1.532317026384912
1454.5939458594478,9.7312555129665,9.7312555129665,9.641980843331934,9.608961713675951,3.002129230700885,1.032317026384912
1454.7939725296706,9.725099409779004,9.725099409779004,9.648953567410018,9.59364721641785,3.502129230700885,1.532317026384912
1454.9939991998933,9.718965764930411,9.718965764930411,9.646314097201921,9.586426942094247,3.002129230700885,2.032317026384912
1455.1940258701159,9.712854638973468,9.712854638973468,9.639418741627303,9.58223270820293,2.5605895111572208,2.532317026384912
1455.3940525403386,9.706766092238592,9.706766092238592,9.636257905211682,9.575287769347627,3.0605895111572208,2.0717548783056845
1455.5940792105614,9.700700184833318,9.700700184833318,9.630772371058798,9.561132770185496,2.5605895111572208,1.5717548783056845
1455.794105880784,9.694656976641676,9.694656976641676,9.632036995895222,9.552574373554421,3.0605895111572208,2.0717548783056845
1455.9941325510067,9.688636527323586,9.688636527323586,9.632008905305748,9.552170871813392,3.2373700095269964,2.304805612268918
1456.1941592212295,9.682638896314309,9.682638896314309,9.624645563223117,9.55372150569241,2.7373700095269964,2.713217459211223
1456.394185891452,9.676664142823835,9.676664142823835,9.624392817004779,9.56012260992877,2.6728453866184565,3.213217459211223
1456.5942125616748,9.670712325836284,9.670712325836284,9.625408040564377,9.562704113918027,3.1728453866184565,2.713217459211223
1456.7942392318976,9.66478350410936,9.66478350410936,9.619350672405908,9.570353022451881,2.6728453866184565,3.213217459211223
1456.9942659021203,9.65887773617375,9.65887773617375,9.60455596574427,9.584369169698162,2.1728453866184565,3.4823353482632973
1457.1942925723429,9.65299508033255,9.65299508033255,9.595984606232204,9.588853109962766,2.6728453866184565,2.9823353482632973
1457.3943192425656,9.647135594660671,9.647135594660671,9.589798820066799,9.591396728852958,2.7072577618445965,2.65737499089274
1457.5943459127884,9.641299337004302,9.641299337004302,9.586179808511202,9.599928964179473,2.643871465448474,3.15737499089274
1457.794372583011,9.63548636498032,9.63548636498032,9.56865657939431,9.602039042064144,2.143871465448474,2.65737499089274
1457.9943992532337,9.629696735975703,9.629696735975703,9.547472914723217,9.597863877579218,1.6438714654484738,2.15737499089274
1458.1944259234565,9.623930507146994,9.623930507146994,9.515690773814942,9.588915927797228,1.1438714654484738,1.6573749908927402
1458.394452593679,9.618187735419736,9.618187735419736,9.483542700033535,9.571062217504334,1.2915970356988784,1.1573749908927402
1458.5944792639018,9.612468477487868,9.612468477487868,9.462876478503686,9.562120443576308,1.7915970356988784,1.6573749908927402
1458.7945059341246,9.60677278981322,9.60677278981322,9.449473237453224,9.549930638649217,2.2915970356988784,1.6939075222951887
1458.9945326043471,9.601100728624928,9.601100728624928,9.447514472660052,9.53256544315033,2.7915970356988784,1.1939075222951887
1459.1945592745699,9.595452349918865,9.595452349918865,9.43334729628902,9.523753565944176,2.2915970356988784,1.6939075222951887
1459.3945859447927,9.589827709457126,9.589827709457126,9.416581135597104,9.521364873198982,1.7915970356988784,2.1939075222951887
1459.5946126150152,9.584226862767453,9.584226862767453,9.405727457418363,9.5187381209479,2.2915970356988784,2.3757541749630895
1459.794639285238,9.578649865142673,9.578649865142673,9.404119354386603,9.524946987506123,2.7915970356988784,2.8757541749630895
1459.9946659554607,9.573096771640184,9.573096771640184,9.407342456051573,9.525230209789125,3.2915970356988784,2.537728041496859
1460.1946926256833,9.567567637081408,9.567567637081408,9.409781802440474,9.52993141614,3.3275237463360634,3.027767126038147
1460.394719295906,9.562062516051212,9.562062516051212,9.406700457853363,9.541124402775539,2.8275237463360634,3.503323785451042
1460.5947459661288,9.556581462897412,9.556581462897412,9.41243557570285,9.544067624868003,3.064820737078124,3.003323785451042
1460.7947726363514,9.551124531730222,9.551124531730222,9.421901512772724,9.544518002986145,3.564820737078124,2.503323785451042
1460.9947993065741,9.545691776421712,9.545691776421712,9.425772561793739,9.541371917316454,3.064820737078124,2.2435048911683615
1461.194825976797,9.540283250605288,9.540283250605288,9.425681194429522,9.53288118682699,2.97949628950314,1.7435048911683615
1461.3948526470194,9.534899007675158,9.534899007675158,9.419674048351629,9.522852551596763,2.47949628950314,1.5518391868471766
1461.5948793172422,9.529539100785787,9.529539100785787,9.412708161906272,9.517992371749198,2.501187919163089,2.0518391868471766
1461.794905987465,9.52420358285141,9.52420358285141,9.414789064836059,9.507149348037565,3.001187919163089,1.5518391868471766
1461.9949326576877,9.518892506545475,9.518892506545475,9.425552891099656,9.487902459048062,3.4927673999077937,1.0518391868471766
1462.1949593279103,9.513605924300155,9.513605924300155,9.429225923940182,9.474581691541916,2.9927673999077937,1.5518391868471766
1462.394985998133,9.508343888305781,9.508343888305781,9.4367753652033,9.458572802865719,3.4927673999077937,1.0518391868471766
1462.5950126683558,9.503106450510385,9.503106450510385,9.436060055604516,9.44705727721219,2.9927673999077937,1.5518391868471766
1462.7950393385784,9.497893662619155,9.497893662619155,9.44703922430333,9.43803121803331,3.4927673999077937,2.0518391868471766
1462.9950660088011,9.492705576093915,9.492705576093915,9.44375221171934,9.427787167990523,2.9927673999077937,1.5518391868471766
1463.195092679024,9.487542242152648,9.487542242152648,9.44497970329409,9.420200524619121,3.0915937179064623,2.0518391868471766
1463.3951193492464,9.48240371176897,9.48240371176897,9.438551298864844,9.418792521947703,2.5915937179064623,2.5394423149221477
1463.5951460194692,9.47729003567162,9.47729003567162,9.42315684964047,9.413327576199459,2.0915937179064623,2.274594094039333
1463.795172689692,9.472201264343983,9.472201264343983,9.416932960207628,9.412650622082044,2.5915937179064623,2.255837783809061
1463.9951993599145,9.467137448023577,9.467137448023577,9.419746331256322,9.416535451401453,3.0915937179064623,2.7426087168254414
1464.1952260301373,9.462098636701546,9.462098636701546,9.415179192880471,9.42378455566141,2.5915937179064623,3.2426087168254414
1464.39525270036,9.457084880122192,9.457084880122192,9.416647657254952,9.428370034967388,3.0915937179064623,2.780435968506457
1464.5952793705826,9.452096227782471,9.452096227782471,9.425094986727835,9.428517063912478,3.4343778975225057,2.280435968506457
1464.7953060408054,9.447132728931493,9.447132728931493,9.43949957500105,9.420270350792258,3.9343778975225057,1.780435968506457
1464.9953327110281,9.442194432570055,9.442194432570055,9.4480854692842,9.414854114666399,3.4343778975225057,2.1116823132880453
1465.1953593812507,9.437281387450154,9.437281387450154,9.45929702391176,9.419679844211148,3.445348278610483,2.6116823132880453
1465.3953860514735,9.432393642074487,9.432393642074487,9.457590330864399,9.41487276957139,2.945348278610483,2.1116823132880453
1465.5954127216962,9.427531244695997,9.427531244695997,9.44803015662176,9.401681801507486,2.445348278610483,1.6116823132880453
1465.7954393919188,9.42269424331739,9.42269424331739,9.44939881502925,9.388510075123163,2.945348278610483,1.5508047162155452
1465.9954660621415,9.417882685690637,9.417882685690637,9.441426468239216,9.382045037248409,2.445348278610483,2.050804716215545
1466.1954927323643,9.413096619316542,9.413096619316542,9.4254123898353,9.372158896071396,1.9453482786104834,1.550804716215545
1466.3955194025868,9.408336091444253,9.408336091444253,9.4016135725421,9.361445675412359,1.4453482786104836,1.7473454780108197
1466.5955460728096,9.403601149070777,9.403601149070777,9.36843540305552,9.346109393249952,0.9453482786104839,1.2473454780108197
1466.7955727430324,9.39889183894055,9.39889183894055,9.339735241970827,9.339314538454097,1.4453482786104836,1.7473454780108197
1466.9955994132551,9.39420820754497,9.39420820754497,9.323389859467612,9.337453746978985,1.9453482786104836,2.091933394288519
1467.1956260834777,9.389550301121915,9.389550301121915,9.302801192166838,9.325929056547732,1.4453482786104836,1.5919333942885192
1467.3956527537005,9.384918165655291,9.384918165655291,9.284670064649273,9.311892303365635,1.9453482786104836,1.0919333942885192
1467.5956794239232,9.380311846874609,9.380311846874609,9.276211214355051,9.289249232727105,2.4453482786104836,0.7363370894136217
1467.7957060941458,9.3757313902545,9.3757313902545,9.279107735622786,9.274382176386247,2.9453482786104836,1.2363370894136216
1467.9957327643685,9.371176841014274,9.371176841014274,9.273882128990047,9.264427756976211,2.5813465447248127,1.7363370894136216
1468.1957594345913,9.366648244117485,9.366648244117485,9.274491529343525,9.263280126904531,3.0813465447248127,2.2363370894136216
1468.3957861048139,9.362145644271484,9.362145644271484,9.276352154985657,9.266686676175798,2.9683290878421262,2.7363370894136216
1468.5958127750366,9.357669085926958,9.357669085926958,9.26593319275701,9.273041736045403,2.4683290878421262,3.1558895779080185
1468.7958394452594,9.353218613277514,9.353218613277514,9.257381613108569,9.275957766394251,2.4046955834908945,2.6558895779080185
1468.995866115482,9.348794270259248,9.348794270259248,9.254296196415888,9.272285977442438,2.9046955834908945,2.1558895779080185
1469.1958927857047,9.34439610055027,9.34439610055027,9.261873451478378,9.264214518305618,3.4046955834908945,1.6558895779080185
1469.3959194559275,9.340024147570325,9.340024147570325,9.279757636823957,9.262781618915813,3.9046955834908945,2.1558895779080185
1469.59594612615,9.335678454480338,9.335678454480338,9.289038051145347,9.267058467783592,3.4046955834908945,2.6558895779080185
1469.7959727963728,9.331359064181974,9.331359064181974,9.291628595482049,9.277383027586819,2.9046955834908945,3.1558895779080185
1469.9959994665955,9.32706601931725,9.32706601931725,9.286211658134183,9.291067299140881,2.837486100495694,3.6558895779080185
1470.196026136818,9.322799362268086,9.322799362268086,9.283518849531777,9.300899704607778,2.571348157229684,3.1558895779080185
1470.3960528070409,9.31855913515589,9.31855913515589,9.272942949683213,9.30821109172913,2.071348157229684,2.758341371567208
1470.5960794772636,9.31434537984116,9.31434537984116,9.264813209285698,9.305472914644579,2.571348157229684,2.258341371567208
1470.7961061474862,9.310158137923054,9.310158137923054,9.269292102764268,9.310614836465996,3.071348157229684,2.758341371567208
1470.996132817709,9.305997450738973,9.305997450738973,9.279733828797903,9.308962181207294,3.5522933626970716,2.258341371567208
1471.1961594879317,9.301863359364178,9.301863359364178,9.282430538339367,9.301645612088778,3.0522933626970716,2.0470362570211678
1471.3961861581543,9.297755904611368,9.297755904611368,9.2907211084647,9.296569507953162,3.3068127790075676,2.024919605253728
1471.596212828377,9.293675127030268,9.293675127030268,9.282914375636121,9.295386980331202,2.8068127790075676,2.524919605253728
1471.7962394985998,9.289621066907252,9.289621066907252,9.273396767819596,9.28907966075453,2.3068127790075676,2.024919605253728
1471.9962661688226,9.285593764264926,9.285593764264926,9.261929433470701,9.274500019806,1.8068127790075676,1.6239440457554317
1472.196292839045,9.28159325886175,9.28159325886175,9.242410186490279,9.26896994941948,1.370717879539301,2.123944045755432
1472.3963195092679,9.27761959019162,9.27761959019162,9.207068852007993,9.25786729851023,0.8707178795393009,1.6239440457554322
1472.5963461794906,9.273672797483503,9.273672797483503,9.181218744838246,9.25554876164562,1.370717879539301,2.123944045755432
1472.7963728497132,9.269752919701041,9.269752919701041,9.161387264080291,9.24548972108746,1.870717879539301,1.6239440457554322
1472.996399519936,9.265859995542165,9.265859995542165,9.152004735700345,9.242935347788825,2.370717879539301,2.123944045755432
1473.1964261901587,9.261994063438712,9.261994063438712,9.133275339406262,9.231822645195216,1.870717879539301,1.6239440457554322
1473.3964528603813,9.25815516155605,9.25815516155605,9.125255098701743,9.231178695074359,2.3083998741732703,2.123944045755432
1473.596479530604,9.254343327792693,9.254343327792693,9.107766926252777,9.22062326011891,1.8083998741732703,1.6239440457554322
1473.7965062008268,9.250558599779934,9.250558599779934,9.097639504253495,9.20584209026465,2.3083998741732703,1.1239440457554322
1473.9965328710493,9.24680101488148,9.24680101488148,9.090786920041575,9.18469400688806,2.623880194331649,0.6239440457554322
1474.196559541272,9.243070610193062,9.243070610193062,9.094397616004827,9.170946239866293,3.123880194331649,1.1239440457554322
1474.3965862114949,9.23936742254209,9.23936742254209,9.111751435409133,9.160309170077808,3.623880194331649,1.6239440457554322
1474.5966128817174,9.235691488487284,9.235691488487284,9.135187160756075,9.160303868021353,4.123880194331649,2.123944045755432
1474.7966395519402,9.232042844318299,9.232042844318299,9.159186870128794,9.161183900394901,4.623880194331649,2.623944045755432
1474.996666222163,9.228421526055387,9.228421526055387,9.18186200953226,9.161012692110825,4.123880194331649,2.457636439347913
1475.1966928923855,9.224827569449033,9.224827569449033,9.195725162501347,9.154186637733854,3.623880194331649,1.9701963049025666
1475.3967195626083,9.221261009979594,9.221261009979594,9.202592023239848,9.142383164110655,3.123880194331649,1.573169732921069
1475.596746232831,9.217721882856964,9.217721882856964,9.199884693429084,9.13589336256437,2.623880194331649,2.073169732921069
1475.7967729030536,9.214210223020217,9.214210223020217,9.191139867524829,9.136845628879508,2.243876717602632,2.573169732921069
1475.9967995732763,9.210726065137255,9.210726065137255,9.191452228142962,9.138316805693544,2.743876717602632,2.452944622864587
1476.1968262434991,9.207269443604485,9.207269443604485,9.18072116167466,9.144790442242622,2.243876717602632,2.952944622864587
1476.3968529137217,9.203840392546471,9.203840392546471,9.171374626955897,9.141633212397945,2.225484489172983,2.452944622864587
1476.5968795839444,9.20043894581558,9.20043894581558,9.171385532405079,9.133610761569358,2.725484489172983,1.9529446228645873
1476.7969062541672,9.197065136991679,9.197065136991679,9.168919705995156,9.13305050179472,2.6125654502028737,2.330573873769527
1476.99693292439,9.193718999381776,9.193718999381776,9.172200442899827,9.137519482836112,3.1125654502028737,2.830573873769527
1477.1969595946125,9.190400566019711,9.190400566019711,9.16901855223432,9.137054154850675,2.6125654502028737,2.330573873769527
1477.3969862648353,9.187109869665811,9.187109869665811,9.16223975982093,9.134163421401142,2.1125654502028737,2.2460870313627246
1477.597012935058,9.18384694280659,9.18384694280659,9.149693066060207,9.122954022389619,2.1036531294139,1.7460870313627246
1477.7970396052806,9.180611817654404,9.180611817654404,9.149284390580169,9.121568212672468,2.6036531294139,2.2460870313627246
1477.9970662755034,9.177404526147146,9.177404526147146,9.145348937388956,9.113725526230786,2.493042080109469,1.7460870313627246
1478.1970929457261,9.174225099947936,9.174225099947936,9.134688702312182,9.111933112890874,2.00530118518211,2.2460870313627246
1478.3971196159487,9.171073570444799,9.171073570444799,9.115119282215952,9.115193319448712,1.5053011851821099,2.7460870313627246
1478.5971462861714,9.167949968750342,9.167949968750342,9.0968994200242,9.117893749796677,1.9248289912517755,2.5793541409279634
1478.7971729563942,9.164854325701489,9.164854325701489,9.091706265267751,9.118128235401615,2.4248289912517755,2.614782414352073
1478.9971996266167,9.161786671859135,9.161786671859135,9.090377845858054,9.12529639602445,2.9248289912517755,3.0018142529860476
1479.1972262968395,9.158747037507851,9.158747037507851,9.10221544057775,9.125050265759825,3.4248289912517755,2.5018142529860476
1479.3972529670623,9.15573545265561,9.15573545265561,9.103953284876692,9.132076890862976,2.9248289912517755,3.0018142529860476
1479.5972796372848,9.152751947033469,9.152751947033469,9.10958631330505,9.140412883641625,3.4248289912517755,2.8987860885790635
1479.7973063075076,9.14979655009527,9.14979655009527,9.114378811352424,9.13873871514036,2.9248289912517755,2.3987860885790635
1479.9973329777304,9.146869291017367,9.146869291017367,9.107400013157623,9.129692242421013,2.4248289912517755,1.8987860885790635
1480.197359647953,9.143970198698343,9.143970198698343,9.106217455305572,9.12780340595552,2.9248289912517755,2.3987860885790635
1480.3973863181757,9.141099301758686,9.141099301758686,9.096239440544329,9.133863275487393,2.4248289912517755,2.8987860885790635
1480.5974129883984,9.138256628540555,9.138256628540555,9.075444532371284,9.135573137388464,1.9248289912517755,2.3987860885790635
1480.797439658621,9.135442207107472,9.135442207107472,9.069558026414942,9.127906304854099,2.4248289912517755,1.8987860885790635
1480.9974663288438,9.132656065244042,9.132656065244042,9.0597662851918,9.1136904158189,1.9248289912517755,1.3987860885790635
1481.1974929990665,9.129898230455698,9.129898230455698,9.0540097339753,9.105278790150258,2.4248289912517755,1.8987860885790635
1481.397519669289,9.127168729968421,9.127168729968421,9.040102278589547,9.105401931731139,1.9248289912517755,2.3987860885790635
1481.5975463395118,9.124467590728454,9.124467590728454,9.016078312115438,9.097799190333568,1.5682860915456986,1.8987860885790635
1481.7975730097346,9.121794839402067,9.121794839402067,9.0097493875881,9.097463885214259,2.0682860915456986,2.3987860885790635
1481.9975996799574,9.119150502375273,9.119150502375273,9.006484792052344,9.089510355502783,2.5682860915456986,1.8987860885790635
1482.19762635018,9.116534605753571,9.116534605753571,9.010706628786563,9.087176966938015,3.0682860915456986,2.3987860885790635
1482.3976530204027,9.113947175361691,9.113947175361691,9.027002289099267,9.082290810077238,3.5682860915456986,2.1052310471298927
1482.5976796906255,9.111388236743334,9.111388236743334,9.039392045734587,9.082633383567742,3.540147061408414,2.6052310471298927
1482.797706360848,9.108857815160935,9.108857815160935,9.051665426663245,9.083060408832873,3.5449532018122287,2.5274618437101495
1482.9977330310708,9.106355935595387,9.106355935595387,9.069454151279546,9.091470037385669,4.044953201812229,3.0274618437101495
1483.1977597012935,9.10388262274582,9.10388262274582,9.080140998195516,9.09163544874376,3.5449532018122287,2.5274618437101495
1483.397786371516,9.101437901029346,9.101437901029346,9.087824774509505,9.099401937391544,3.0449532018122287,3.0274618437101495
1483.5978130417388,9.099021794580814,9.099021794580814,9.096300699967475,9.09847323482253,3.5449532018122287,2.5274618437101495
1483.7978397119616,9.096634327252579,9.096634327252579,9.10643960887056,9.09357591720742,3.531515667883772,2.0274618437101495
1483.9978663821842,9.09427552261427,9.09427552261427,9.105241977599125,9.094811278715794,3.031515667883772,2.5274618437101495
1484.197893052407,9.091945403952538,9.091945403952538,9.107643530974142,9.089700250986594,3.0276659140492335,2.0274618437101495
1484.3979197226297,9.089643994270851,9.089643994270851,9.1005261472386,9.088527877908975,2.6115637701500285,2.5274618437101495
1484.5979463928522,9.087371316289254,9.087371316289254,9.089111051370866,9.083791230382296,2.1115637701500285,2.145414738941102
1484.797973063075,9.08512739244414,9.08512739244414,9.06840857691905,9.085936724588585,1.6115637701500285,2.645414738941102
1484.9979997332978,9.082912244888039,9.082912244888039,9.060290310872377,9.086258648809395,2.1115637701500285,2.3128905770116397
1485.1980264035203,9.080725895489401,9.080725895489401,9.042932986033112,9.091143406190614,2.05726444603283,2.8128905770116397
1485.398053073743,9.078568365832357,9.078568365832357,9.036547491538359,9.092216043327912,2.55726444603283,2.3174748473870297
1485.5980797439659,9.076439677216538,9.076439677216538,9.023930309663776,9.082843513186315,2.05726444603283,1.8174748473870297
1485.7981064141884,9.074339850656848,9.074339850656848,9.015051354894409,9.069975867477842,2.55726444603283,1.419988232102005
1485.9981330844112,9.072268906883249,9.072268906883249,9.018067438063103,9.052382384057603,3.05726444603283,1.090679320245956
1486.198159754634,9.070226866340573,9.070226866340573,9.028738813226276,9.042323815647116,3.55726444603283,1.590679320245956
1486.3981864248565,9.068213749188315,9.068213749188315,9.035344658671631,9.031809354015001,3.05726444603283,1.5784985131613762
1486.5982130950792,9.066229575300424,9.066229575300424,9.046338700627595,9.026916464785895,3.476778990074382,2.0784985131613762
1486.798239765302,9.06427436426512,9.06427436426512,9.045109422498465,9.030029931671958,2.976778990074382,2.5784985131613762
1486.9982664355248,9.062348135384694,9.062348135384694,9.040242433836914,9.038044464775759,2.476778990074382,3.0784985131613762
1487.1982931057473,9.060450907675317,9.060450907675317,9.02562218844651,9.040283168044171,1.976778990074382,2.692677099265247
1487.39831977597,9.058582699866857,9.058582699866857,9.01807749711817,9.048299970046786,2.476778990074382,3.192677099265247
1487.5983464461929,9.056743530402684,9.056743530402684,9.000846550588657,9.053157271693054,1.976778990074382,2.692677099265247
1487.7983731164154,9.054933417439505,9.054933417439505,8.996163262799566,9.04977350905267,2.476778990074382,2.192677099265247
1487.9983997866382,9.053152378847166,9.053152378847166,8.997913254171994,9.053986668597364,2.976778990074382,2.692677099265247
1488.198426456861,9.051400432208487,9.051400432208487,9.010063676381424,9.0515119523448,3.476778990074382,2.192677099265247
1488.3984531270835,9.049677594819089,9.049677594819089,9.01706655816871,9.04366625861677,3.2874279245427305,1.692677099265247
1488.5984797973063,9.047983883687213,9.047983883687213,9.038859004163456,9.041174137826369,3.7874279245427305,2.192677099265247
1488.798506467529,9.046319315533562,9.046319315533562,9.048282464741714,9.044504997712743,3.2874279245427305,2.692677099265247
1488.9985331377516,9.04468390679114,9.04468390679114,9.06637689355739,9.049611692870707,3.7874279245427305,3.192677099265247
1489.1985598079743,9.04307767360507,9.04307767360507,9.075040787196494,9.055396616880875,3.2874279245427305,2.692677099265247
1489.398586478197,9.041500631832456,9.041500631832456,9.074009184031723,9.062301230932626,2.7874279245427305,3.192677099265247
1489.5986131484196,9.039952797042215,9.039952797042215,9.068851722782105,9.077745033513311,2.2874279245427305,3.692677099265247
1489.7986398186424,9.038434184514923,9.038434184514923,9.053434038061868,9.089539392082404,1.7874279245427305,3.490646566107344
1489.9986664888652,9.036944809242673,9.036944809242673,9.030822438269425,9.096538319249962,1.2874279245427305,2.990646566107344
1490.1986931590877,9.03548468592892,9.03548468592892,9.014067914292205,9.095451405742308,1.7874279245427305,2.490646566107344
1490.3987198293105,9.03405382898833,9.03405382898833,8.999855202384817,9.092409596615038,1.8687821708291026,2.161050942791667
1490.5987464995333,9.03265225254665,9.03265225254665,8.987990976455375,9.082165855954763,2.0554706026897165,1.6610509427916669
1490.7987731697558,9.031279970440574,9.031279970440574,8.985379511206245,9.075409169139437,2.5554706026897165,2.161050942791667
1490.9987998399786,9.029936996217574,9.029936996217574,8.985173926770091,9.067392895951647,2.7517292339082866,1.784632381028172
1491.1988265102013,9.0286233431358,9.0286233431358,8.99444754351488,9.052143833507165,3.0374878177204963,1.284632381028172
1491.3988531804239,9.02733902416394,9.02733902416394,8.994521071062168,9.041381985345481,2.5374878177204963,1.784632381028172
1491.5988798506467,9.02608405198108,9.02608405198108,8.99250978160339,9.027502818543317,2.5814003204379947,1.284632381028172
1491.7989065208694,9.024858438976594,9.024858438976594,8.998326933630603,9.018671595547941,3.0814003204379947,1.784632381028172
1491.9989331910922,9.023662197250015,9.023662197250015,9.006950675267516,9.016810457095703,3.3891462800495065,2.284632381028172
1492.1989598613147,9.022495338610916,9.022495338610916,9.009246623500069,9.008829187651632,2.8891462800495065,1.8156671334515473
1492.3989865315375,9.021357874578788,9.021357874578788,9.017551056449452,9.006126193215158,3.3891462800495065,2.3156671334515475
1492.5990132017603,9.02024981638294,9.02024981638294,9.01934462112779,8.999356889278642,2.8891462800495065,1.959516050574529
1492.7990398719828,9.019171174962374,9.019171174962374,9.029838513442465,8.99808552763175,3.290733713357281,2.405810134242936
1492.9990665422056,9.018121960965686,9.018121960965686,9.048376528218812,9.002464621319179,3.781307112977121,2.905810134242936
1493.1990932124284,9.017102184750954,9.017102184750954,9.058770407419885,9.008255544620233,3.4003144386460846,2.691016440664785
1493.399119882651,9.016111856385645,9.016111856385645,9.062140320628268,9.017092463998841,2.9003144386460846,3.191016440664785
1493.5991465528737,9.015150985646507,9.015150985646507,9.055451206767023,9.021473192928081,2.4003144386460846,2.691016440664785
1493.7991732230964,9.014219582019471,9.014219582019471,9.040090743542876,9.025917838927915,1.9003144386460846,2.9325902084279054
1493.999199893319,9.013317654699573,9.013317654699573,9.01644061578249,9.027902510806609,1.5718630387658545,2.4325902084279054
1494.1992265635417,9.012445212590844,9.012445212590844,8.992380193416523,9.022214750603686,1.2765431433263803,1.9325902084279054
1494.3992532337645,9.01160226430623,9.01160226430623,8.960640768481422,9.022064836094003,0.7765431433263803,2.4325902084279054
1494.599279903987,9.01078881816751,9.01078881816751,8.940909751278024,9.023804308221543,1.2765431433263803,2.9325902084279054
1494.7993065742098,9.01000488220521,9.01000488220521,8.923230040207304,9.03635897910865,1.7765431433263803,3.4325902084279054
1494.9993332444326,9.009250464158526,9.009250464158526,8.913022702354608,9.043839175993602,2.2765431433263803,2.9325902084279054
1495.1993599146551,9.008525571475246,9.008525571475246,8.909880578001511,9.042801994049368,2.7765431433263803,2.5367876513819256
1495.399386584878,9.007830211311674,9.007830211311674,8.919187589249693,9.047909836577528,3.2765431433263803,3.0367876513819256
1495.5994132551007,9.007164390532568,9.007164390532568,8.925225851192263,9.051169380999259,3.2306478755762926,2.5367876513819256
1495.7994399253232,9.00652811571106,9.00652811571106,8.94301198882823,9.05455118779527,3.7306478755762926,2.786415290771525
1495.999466595546,9.005921393128602,9.005921393128602,8.950453861517827,9.066555442008609,3.2389491343336823,3.286415290771525
1496.1994932657688,9.005344228774897,9.005344228774897,8.951790488109413,9.070340006344937,2.7389491343336823,2.786415290771525
1496.3995199359913,9.004796628347846,9.004796628347846,8.960233045984907,9.082399228206901,3.2389491343336823,3.286415290771525
1496.599546606214,9.004278597253482,9.004278597253482,8.978503633941944,9.093228808342964,3.675483079677903,3.122667807880532
1496.7995732764368,9.003790140605929,9.003790140605929,8.984718772843426,9.09651062873858,3.175483079677903,2.622667807880532
1496.9995999466596,9.003331263227341,9.003331263227341,8.998301256190597,9.091705076588154,3.253384047886496,2.122667807880532
1497.1996266168821,9.002901969647864,9.002901969647864,9.021180138301377,9.079982512562873,3.753384047886496,1.622667807880532
1497.399653287105,9.002502264105578,9.002502264105578,9.030204145044367,9.073197480492903,3.253384047886496,1.966103325290741
1497.5996799573277,9.002132150546469,9.002132150546469,9.032575506174734,9.072963580814479,2.773920823878007,2.466103325290741
1497.7997066275502,9.001791632624386,9.001791632624386,9.028088890756994,9.078569366332957,2.8320178060514825,2.966103325290741
1497.999733297773,9.001480713700994,9.001480713700994,9.023470764658335,9.08233189057257,2.3320178060514825,2.466103325290741
1498.1997599679958,9.00119939684576,9.00119939684576,9.011537493825726,9.074040675195162,1.8320178060514825,1.966103325290741
1498.3997866382183,9.000947684835907,9.000947684835907,9.00815353575704,9.066287113601378,2.3320178060514825,1.773499231562935
1498.599813308441,9.000725580156393,9.000725580156393,9.011552534820861,9.054038071793903,2.8320178060514825,1.273499231562935
1498.7998399786638,9.000533084999887,9.000533084999887,9.014338347578533,9.036459321357889,3.3320178060514825,0.9971634062659311
1498.9998666488864,9.000370201266744,9.000370201266744,9.013612493855417,9.023706037478615,2.9412055354346966,1.4971634062659311
1499.1998933191092,9.000236930564991,9.000236930564991,9.028118360418448,9.018481366280735,3.4412055354346966,1.9971634062659311
1499.399919989332,9.000133274210308,9.000133274210308,9.031938323618032,9.005494134606755,2.9412055354346966,1.4971634062659311
1499.5999466595545,9.000059233226011,9.000059233226011,9.024280834141784,9.001605417912012,2.4412055354346966,1.9971634062659311
1499.7999733297772,9.00001480834305,9.00001480834305,9.028879222487205,8.991309758582803,2.9412055354346966,2.018374013140891
1500.0,9.0,9.0,9.020405524028995,8.978047914141973,2.4412055354346966,1.5183740131408912
